full_name,role,user_id,department,location,status,hire_date,termination_date,username,hostname,device_id,manager_username,device_id_conflict,device_user_count
Omkaar Chana,Administrator,EMP12741,Supply Chain,Branch Office,Active,2025-01-11 06:52:43,,omkaar.chana52,LPT-12741,,manager780,False,0
Ethan Narasimhan,Manager,EMP11307,Legal,Head Office,Active,2026-05-18 23:12:00,,ethan.narasimhan97,VDR-11307,DEV42831,manager881,False,1
Ethan Choudhry,Director,EMP11601,Marketing,,Active,2023-01-14 09:22:00,,ethan.choudhry47,WS-11601,DEV40763,manager809,False,1
Vedant Panchal,Analyst,EMP12621,Customer Support,Head Office,Active,2022-06-29 19:36:39,,vedant_panchal60,LPT-12621,DEV95371,manager886,False,1
Gayathri Mohanty,Executive,EMP12029,R&D,Work From Home,Active,2021-09-01 00:00:00,,gayathri.mohanty65,LPT-12029,DEV51958,manager867,False,1
Garima Chaudhary,Executive,EMP11950,Customer Support,,Active,2023-12-30 17:13:00,,garima.chaudhary44,LPT-11950,DEV13049,manager521,False,1
Vrishti Dewan,Officer,EMP12718,Compliance,Warehouse,Active,2021-06-21 08:34:45,,vrishti.dewan18,LPT-12718,DEV46814,manager544,False,1
Varsha Mall,Director,EMP10184,IT,Remote,Active,2020-07-28 21:36:00,,,WS-10184,DEV12128,manager850,False,1
Peter Sama,Specialist,EMP12400,IT,Work From Home,Active,2026-06-13 19:10:36,,peter.sama77,VDR-12400,,manager829,False,0
Ayush Dua,Analyst,EMP10194,R&D,Branch Office,Active,2023-02-12 03:25:50,,ayush.dua87,LPT-10194,DEV40932,manager680,False,1
Abhimanyu Trivedi,Specialist,EMP12798,Sales,Data Center,Active,2026-04-13 04:15:33,,abhimanyu.trivedi4,WS-12798,DEV31013,manager344,False,1
Christopher Toor,Director,EMP11195,Legal,Work From Home,Active,2023-02-13 09:32:23,,christopher.toor37,VDR-11195,DEV99205,manager739,False,1
Urishilla Bhatt,Specialist,EMP11406,Sales,Regional Office,Active,2024-01-06 19:04:32,,urishilla.bhatt88,WS-11406,DEV78076,manager438,False,1
Girindra Dhaliwal,Specialist,EMP10314,R&D,Branch Office,Inactive,2025-01-07 14:08:35,2025-04-21 15:06:37,girindra.dhaliwal46,VDR-10314,DEV48986,manager344,False,1
Gaurangi Samra,Manager,EMP10102,Finance,Remote,Inactive,2024-04-26 11:39:00,2024-04-30 11:18:18,gaurangi.samra66,WS-10102,DEV54548,manager405,False,1
Waida Anand,Administrator,EMP11437,Operations,Branch Office,Active,2026-04-27 19:55:00,,waida.anand56,WS-11437,DEV76029,,False,1
Libni Lala,Engineer,EMP12959,Sales,Work From Home,Active,2022-03-28 23:25:36,,libni.lala75,VDR-12959,DEV19450,manager860,False,1
Qabil Lanka,Executive,EMP11221,Legal,Regional Office,Active,2022-09-15 09:06:54,,qabil.lanka74,WS-11221,DEV32769,manager547,False,1
Abha Naik,Executive,EMP12935,Procurement,Warehouse,Active,2022-01-19 00:00:00,,abha.naik17,WS-12935,DEV47829,,False,1
Bimala Raval,Specialist,EMP10705,Marketing,Remote,Active,,,bimala.raval96,LPT-10705,DEV92483,manager772,False,1
Tristan Ravi,Executive,EMP12234,Operations,Warehouse,Inactive,2026-07-07 20:26:00,,tristan.ravi53,WS-12234,DEV46572,,False,1
Edhitha Pathak,Director,EMP11973,R&D,Work From Home,Inactive,,,edhitha.pathak81,VDR-11973,DEV94430,,False,1
Anita Dutt,Engineer,EMP11517,Human Resources,Branch Office,Active,2026-07-09 04:27:00,,anita.dutt25,WS-11517,DEV75769,manager205,False,1
Aayush Koshy,Engineer,EMP12976,Sales,Data Center,Active,2023-10-03 18:58:14,,aayush.koshy48,VDR-12976,,,False,0
Idika Sani,Analyst,EMP12232,Operations,,Inactive,2025-07-23 00:00:00,2026-08-19 09:57:38,,WS-12232,DEV43610,manager419,False,1
Tanveer Ghose,Engineer,EMP10178,Operations,Head Office,Disabled,2025-07-12 08:34:52,2025-11-02 19:08:00,tanveer.ghose11,WS-10178,DEV22987,manager393,False,1
Urishilla Dugar,Consultant,EMP12030,Customer Support,Regional Office,Active,2021-08-01 14:51:03,,urishilla.dugar5,VDR-12030,DEV10085,manager911,False,1
Ronith Bhatti,Analyst,EMP12926,Sales,Branch Office,Active,2023-02-18 05:36:00,,ronith.bhatti96,VDR-12926,DEV21629,,False,1
Dhruv Cherian,Administrator,EMP10611,Procurement,Head Office,Active,,,,VDR-10611,DEV85534,,True,2
Ira Khanna,Trainee,EMP10679,IT,Regional Office,Active,2020-09-24 13:32:29,,ira.khanna17,LPT-10679,,manager283,False,0
Finn Vig,Engineer,EMP10152,Customer Support,Warehouse,Disabled,2020-08-11 00:00:00,,finn.vig49,VDR-10152,DEV97562,manager570,False,1
Aahana Seth,Engineer,EMP12484,Sales,Head Office,Active,,,aahana.seth4,VDR-12484,DEV38543,manager345,False,1
Darsh Patla,Manager,EMP11025,Finance,Regional Office,Active,2023-10-01 01:50:28,,darsh.patla51,LPT-11025,DEV98785,manager321,False,1
Sneha Loke,Executive,EMP10907,Finance,Work From Home,Disabled,2022-11-15 07:19:43,,sneha.loke46,VDR-10907,DEV14190,manager675,False,1
Wriddhish Arora,Consultant,EMP10254,Finance,Head Office,Active,2021-01-30 15:41:12,,wriddhish_arora70,LPT-10254,DEV80419,manager328,False,1
Harish Bhatia,Engineer,EMP12416,Legal,Head Office,Active,2026-06-11 00:00:00,,harish.bhatia99,,DEV87517,manager695,False,1
Shravya Mand,Consultant,EMP12332,People,Regional Office,Inactive,2024-09-30 12:03:44,2026-02-03 11:37:59,shravya.mand51,,DEV39132,unknown,False,1
Dipta Oza,Officer,EMP10346,Legal,Remote,Active,2023-08-09 00:03:30,,dipta_oza8,VDR-10346,DEV75673,manager184,False,1
Anmol Bhatt,Officer,EMP10299,Procurement,Branch Office,Active,2026-03-09 00:00:00,,anmol.bhatt26,VDR-10299,DEV82102,manager825,False,1
Girik Gaba,Officer,EMP12045,Innovation,Head Office,Active,2022-09-12 21:06:42,,girik.gaba54,LPT-12045,,manager735,False,0
Utkarsh Bakshi,Analyst,EMP11295,Legal,Head Office,Active,2021-07-25 19:18:38,,utkarsh.bakshi57,WS-11295,DEV63026,,False,1
Nandini Buch,Director,EMP11357,Compliance,Warehouse,Active,2026-07-28 12:35:07,,nandini.buch11,LPT-11357,,manager284,False,0
Rishi Contractor,Analyst,EMP11422,Customer Support,Warehouse,Active,2025-06-16 14:41:08,,rishi.contractor33,WS-11422,DEV14394,manager144,False,1
Chakrika Nagar,Manager,EMP12482,Marketing,Work From Home,Active,2022-07-21 22:31:07,,chakrika.nagar94,WS-12482,DEV25608,manager684,True,2
Isaac Dugar,Trainee,EMP10139,Legal,,Disabled,2023-05-23 19:28:38,2023-10-18 12:32:00,isaac.dugar28,,DEV54424,manager420,False,1
Gautam Dass,Trainee,EMP12603,Finance,Branch Office,Active,2022-08-10 22:55:29,,gautam.dass68,LPT-12603,DEV97646,manager793,False,1
Rohan Dash,Officer,EMP10246,Legal,Data Center,Disabled,2026-06-25 00:22:00,,rohan.dash48,VDR-10246,DEV97044,,False,1
Lohit Reddy,Trainee,EMP10900,Procurement,Branch Office,Active,2023-08-04 02:56:00,,lohit.reddy93,VDR-10900,DEV17956,manager666,False,1
Krishna Kata,Specialist,EMP12130,Customer Support,,Inactive,2020-12-13 20:05:49,2024-09-24 00:00:00,krishna.kata74,VDR-12130,DEV68796,unknown,False,1
Ayushman Varty,Executive,EMP11681,Sales,,Active,2023-07-04 21:58:23,,ayushman.varty42,VDR-11681,DEV87635,manager392,False,1
Bahadurjit Sridhar,Consultant,EMP12334,Sales,,Active,2021-11-04 05:38:50,,bahadurjit.sridhar62,WS-12334,DEV27173,unknown,False,1
Chanchal Tank,Specialist,EMP10889,Marketing,Head Office,Active,,,chanchal.tank46,VDR-10889,,manager905,False,0
Krishna Babu,Executive,EMP11268,Innovation,Head Office,Active,2020-03-05 16:57:44,,krishna.babu43,VDR-11268,DEV72206,manager370,False,1
Chatresh Varty,Analyst,EMP11926,Finance,Warehouse,Inactive,2021-01-27 19:05:07,2021-07-04 11:53:00,chatresh.varty75,,DEV80651,manager721,False,1
Ira Choudhury,Officer,EMP11620,R&D,Work From Home,Inactive,2025-09-08 00:00:00,2026-01-17 23:51:00,ira.choudhury44,WS-11620,DEV68711,manager244,False,1
Charles Brar,Administrator,EMP10700,Customer Support,,Active,2020-04-27 15:25:17,,charles.brar31,VDR-10700,DEV85543,manager821,False,1
Ekansh Ahuja,Director,EMP11061,Marketing,Data Center,Active,2025-05-31 07:55:55,,ekansh.ahuja25,VDR-11061,DEV91844,manager400,False,1
Hardik Kuruvilla,Manager,EMP10485,Customer Support,Work From Home,Active,,,hardik.kuruvilla24,VDR-10485,DEV30889,manager457,False,1
Jeet Tara,Specialist,EMP11356,Legal,Regional Office,Active,2022-06-10 00:00:00,,jeet.tara32,LPT-11356,,manager220,False,0
Zashil Chaudhari,Specialist,EMP12310,Operations,,Disabled,2021-07-29 21:47:57,2026-08-24 00:00:00,zashil.chaudhari74,VDR-12310,DEV21473,manager905,False,1
Hemal Kohli,Officer,EMP12181,Marketing,Warehouse,Active,2025-04-12 00:00:00,,hemal.kohli58,VDR-12181,DEV74389,manager186,False,1
Dayita Dasgupta,Analyst,EMP10761,R&D,Work From Home,Active,2025-11-16 00:00:00,,dayita.dasgupta48,,DEV19266,manager133,False,1
Oviya Acharya,Executive,EMP10746,People,,Active,2025-09-13 01:27:00,,oviya.acharya25,WS-10746,,unknown,False,0
Kalpit Mody,Officer,EMP10321,R&D,,Active,2024-08-14 08:55:54,,kalpit.mody99,LPT-10321,DEV85066,,False,1
Indira Pant,Engineer,EMP12707,Marketing,Regional Office,Active,2024-11-13 12:26:12,,indira.pant51,VDR-12707,DEV56397,manager574,False,1
Wakeeta Srivastava,Administrator,EMP10188,Sales,,Active,2021-01-21 17:31:44,,wakeeta.srivastava97,LPT-10188,DEV95948,,False,1
Gagan Bhandari,Consultant,EMP10772,Operations,Data Center,Active,2024-08-31 00:47:00,,gagan_bhandari75,VDR-10772,DEV97274,manager411,False,1
Anusha Bawa,Trainee,EMP12496,Supply Chain,Warehouse,Active,2023-02-26 10:56:13,,anusha.bawa86,WS-12496,DEV67414,,False,1
Arunima Dube,Trainee,EMP11451,Operations,Regional Office,Active,2025-03-05 14:42:50,,arunima.dube10,VDR-11451,DEV86864,manager340,False,1
Gagan Raman,Administrator,EMP12354,Operations,Branch Office,Active,2024-12-01 00:00:00,,gagan.raman49,LPT-12354,,manager286,False,0
Onveer Om,Specialist,EMP10410,Supply Chain,Data Center,Active,2021-03-22 22:25:57,,onveer.om63,LPT-10410,DEV32570,manager797,False,1
Bhavya Sem,Consultant,EMP11727,IT,Branch Office,On Leave,2026-04-23 20:04:58,,bhavya.sem13,VDR-11727,DEV35006,unknown,False,1
Warinder Wali,Administrator,EMP12852,R&D,,Inactive,2022-04-19 15:11:56,2025-12-29 01:06:14,warinder.wali82,LPT-12852,DEV27337,manager876,False,1
Urvashi Handa,Analyst,EMP12216,Customer Support,Work From Home,Inactive,2020-08-14 07:19:06,2023-09-10 00:00:00,urvashi.handa11,VDR-12216,DEV58305,manager421,False,1
Yauvani Chacko,Manager,EMP11398,Human Resources,,Inactive,2024-03-01 00:00:00,2024-07-10 02:35:24,yauvani_chacko81,LPT-11398,DEV37221,manager731,False,1
Inaya Sridhar,Consultant,EMP11361,Human Resources,Work From Home,Active,2020-11-30 20:02:48,,inaya.sridhar38,WS-11361,DEV87526,unknown,False,1
Yadavi Balay,Executive,EMP11657,Sales,,Active,2026-06-29 18:40:46,,yadavi.balay60,WS-11657,DEV51446,manager852,False,1
Ekbal Malhotra,Manager,EMP10051,Finance,,Active,2022-11-07 09:26:00,,ekbal.malhotra95,VDR-10051,DEV97012,manager869,False,1
Bishakha Ghose,Administrator,EMP11624,Sales,,Active,2020-09-12 00:00:00,,bishakha_ghose98,,DEV62984,manager603,False,1
Ira Tara,Director,EMP10063,People,Branch Office,Active,,,ira.tara4,,DEV33819,manager565,False,1
Tamanna Kala,Analyst,EMP12789,Legal,Data Center,Active,2021-02-03 00:00:00,,tamanna.kala64,VDR-12789,DEV80063,,False,1
Tanish Kurian,Specialist,EMP12553,IT,Remote,Disabled,2024-01-14 02:19:39,,tanish.kurian86,WS-12553,DEV68468,manager123,False,1
Wazir Das,Officer,EMP12530,Human Resources,,Active,2025-07-18 00:00:00,,wazir.das67,LPT-12530,DEV81876,manager624,False,1
Pahal Bajwa,Trainee,EMP11090,Legal,Remote,On Leave,2025-07-21 04:04:10,,pahal.bajwa31,VDR-11090,,manager894,False,0
Brinda Chauhan,Specialist,EMP11465,Customer Support,Data Center,Active,2020-04-28 22:54:00,,brinda.chauhan94,LPT-11465,DEV20031,manager841,False,1
Urmi Pall,Engineer,EMP11896,Finance,Data Center,Inactive,2025-08-19 16:55:56,2026-02-25 13:56:11,urmi.pall82,WS-11896,,unknown,False,0
Anirudh Ramanathan,Engineer,EMP10052,Marketing,,Active,2022-01-30 16:46:59,,anirudh.ramanathan31,LPT-10052,DEV29313,unknown,False,1
Damyanti Wali,Executive,EMP12807,Sales,Regional Office,Active,2023-06-06 22:34:43,,damyanti.wali52,LPT-12807,DEV24606,manager565,False,1
Sanaya Kale,Officer,EMP12763,Marketing,Warehouse,Active,2026-02-05 04:10:52,,sanaya.kale52,LPT-12763,DEV25578,manager610,False,1
Warinder Jaggi,Administrator,EMP12551,Sales,Remote,Active,2020-10-15 00:00:00,,warinder.jaggi19,LPT-12551,DEV34073,manager115,False,1
Pooja Choudhary,Trainee,EMP12864,Marketing,Remote,Active,,,pooja.choudhary68,LPT-12864,DEV93489,manager864,False,1
Harita Sura,Administrator,EMP10544,Human Resources,Head Office,Disabled,2021-11-15 16:53:49,2023-10-31 01:43:49,harita.sura62,WS-10544,DEV93055,,False,1
Aadi Mohan,Consultant,EMP12948,Operations,Head Office,Disabled,2022-04-22 00:00:00,2024-06-25 00:00:00,aadi.mohan96,VDR-12948,DEV37300,unknown,False,1
Charles Mohanty,Executive,EMP10450,Finance,Remote,On Leave,,,charles.mohanty2,WS-10450,,,False,0
Onveer Wason,Manager,EMP12515,Sales,,Disabled,2022-01-13 19:36:00,2023-08-14 12:06:35,onveer.wason58,WS-12515,DEV60572,manager908,False,1
Gopal Lala,Administrator,EMP10044,Human Resources,,Active,2024-07-23 23:08:34,,gopal.lala36,VDR-10044,DEV76768,manager128,False,1
Aarush Prashad,Executive,EMP11001,Procurement,Work From Home,Inactive,2020-01-27 12:19:55,2022-06-21 04:14:18,aarush.prashad25,VDR-11001,DEV81188,,False,1
Chaaya Vasa,Engineer,EMP11831,Supply Chain,Branch Office,Active,2022-10-16 12:54:27,,,LPT-11831,DEV66868,unknown,False,1
Chaman Goda,Specialist,EMP10829,Legal,Warehouse,Active,2023-12-30 07:21:46,,chaman.goda59,WS-10829,DEV44946,manager424,False,1
Ekalinga Walla,Consultant,EMP10598,IT,Branch Office,Active,2021-10-10 00:00:00,,ekalinga.walla33,VDR-10598,,manager952,False,0
Akshay Sarraf,Specialist,EMP10408,Procurement,Warehouse,Active,2021-04-05 10:34:24,,akshay.sarraf2,WS-10408,DEV24748,manager696,False,1
Charita Mannan,Officer,EMP12917,Sales,Remote,Active,,,charita.mannan95,VDR-12917,DEV46720,manager621,False,1
Naveen Bhagat,Consultant,EMP10256,R&D,Branch Office,Inactive,,2026-03-08 19:50:49,naveen.bhagat32,WS-10256,,unknown,False,0
Neha Devan,Officer,EMP12028,Supply Chain,Data Center,Active,2025-04-21 14:03:42,,neha_devan64,WS-12028,DEV81037,manager546,False,1
Lila Srinivasan,Administrator,EMP12303,Finance,,Active,,,lila_srinivasan31,LPT-12303,DEV57924,manager330,False,1
Qabil Parikh,Specialist,EMP11837,Sales,Work From Home,Active,,,qabil.parikh37,LPT-11837,DEV54054,,False,1
Hemang Bakshi,Engineer,EMP11702,Customer Support,Work From Home,On Leave,2025-01-30 15:19:49,,hemang.bakshi78,VDR-11702,,manager402,False,0
Laban Sridhar,Trainee,EMP12490,Human Resources,Data Center,Inactive,2025-01-14 19:14:46,2026-04-17 04:12:42,laban.sridhar64,VDR-12490,,unknown,False,0
Aishani Dugal,Manager,EMP11662,Sales,Regional Office,Active,2020-05-02 08:15:44,,aishani.dugal36,,DEV68314,manager490,False,1
Yashica Rao,Administrator,EMP10144,Human Resources,Warehouse,Disabled,,2026-07-14 21:05:34,yashica_rao48,LPT-10144,,manager773,False,0
Vasatika Saha,Engineer,EMP12090,R&D,Branch Office,Active,2024-11-11 18:45:00,,vasatika.saha98,VDR-12090,DEV38061,manager489,False,1
Harsh Sem,Officer,EMP11292,Sales,Branch Office,Active,2025-09-30 06:24:33,,harsh.sem7,VDR-11292,DEV74920,manager258,True,2
Ekansh Soni,Director,EMP12155,Marketing,,Disabled,,2026-02-18 14:53:11,ekansh.soni57,,DEV39684,manager371,False,1
Arunima Tata,Engineer,EMP10416,Finance,Work From Home,Active,2023-11-19 03:16:47,,arunima.tata4,LPT-10416,DEV17553,manager469,False,1
Aarini Bora,Specialist,EMP10929,Marketing,Data Center,On Leave,2025-11-10 16:53:42,,aarini.bora51,VDR-10929,DEV65498,,False,1
Zayyan Dayal,Analyst,EMP12022,Operations,Warehouse,Active,2024-08-11 00:00:00,,,VDR-12022,DEV40120,manager836,False,1
Nathaniel Prakash,Officer,EMP10170,Customer Support,Work From Home,Active,2022-11-12 06:58:17,,nathaniel_prakash13,VDR-10170,DEV79013,unknown,False,1
Indali Aggarwal,Consultant,EMP11125,Marketing,Data Center,Disabled,2020-12-03 16:53:08,,indali.aggarwal48,LPT-11125,DEV80310,manager549,False,1
Upadhriti Krishnan,Officer,EMP10567,Legal,Work From Home,Active,2021-04-27 10:05:44,,upadhriti.krishnan99,LPT-10567,DEV23622,manager499,False,1
Mahika Som,Director,EMP11590,Operations,Work From Home,Disabled,2020-10-03 02:35:12,2025-12-31 04:54:19,mahika.som71,WS-11590,DEV32551,manager924,False,1
Victor Nagar,Consultant,EMP12673,Finance,Regional Office,Disabled,,2022-06-06 09:29:39,victor.nagar6,WS-12673,,unknown,False,0
Sai Bedi,Trainee,EMP10134,Human Resources,Data Center,Active,2023-11-05 07:58:01,,sai.bedi96,WS-10134,DEV77271,manager729,False,1
Jatin Saha,Consultant,EMP11717,IT,Regional Office,Inactive,,,jatin.saha63,LPT-11717,DEV86229,manager317,False,1
Umang Dhaliwal,Director,EMP10642,Operations,Warehouse,Active,2024-06-19 20:01:00,,umang.dhaliwal49,VDR-10642,DEV84964,manager821,False,1
Vaishnavi Kant,Director,EMP11689,Finance,Remote,Disabled,2025-08-18 01:18:07,,vaishnavi.kant81,LPT-11689,DEV66935,manager288,False,1
Prisha Sarkar,Officer,EMP12745,Customer Support,Regional Office,Disabled,2020-06-17 17:09:43,2026-05-13 00:00:00,prisha.sarkar30,,,manager858,False,0
Shaurya Talwar,Executive,EMP10554,Operations,Data Center,Active,2026-05-25 23:46:53,,shaurya.talwar44,WS-10554,DEV37594,manager974,False,1
Onveer Bansal,Manager,EMP12174,Sales,,Inactive,2023-01-18 09:37:31,2026-05-22 18:40:00,onveer.bansal17,VDR-12174,DEV88056,,False,1
Jai Chanda,Specialist,EMP11538,Sales,,Active,2025-08-29 07:57:34,,jai.chanda34,WS-11538,DEV79778,manager941,False,1
Yoshita Raval,Manager,EMP10999,Customer Support,,Active,2020-08-09 00:00:00,,yoshita.raval66,,DEV39850,manager659,False,1
Upasna Krishnamurthy,Director,EMP10291,Finance,Data Center,Active,2020-11-16 00:00:00,,upasna_krishnamurthy12,VDR-10291,DEV82710,manager462,False,1
Vansha Virk,Manager,EMP11338,Marketing,Branch Office,Active,2023-05-10 23:35:55,,vansha_virk36,VDR-11338,,manager380,False,0
Tanish Dasgupta,Director,EMP12247,IT,,Inactive,,2026-08-24 03:17:58,tanish.dasgupta22,VDR-12247,DEV58621,manager185,False,1
Rohan Wali,Consultant,EMP10781,Innovation,Head Office,Active,2021-08-29 00:00:00,,,WS-10781,DEV17213,manager327,False,1
Tejas Raghavan,Administrator,EMP10443,IT,Data Center,Active,2022-04-18 00:00:00,,tejas.raghavan27,VDR-10443,DEV23235,manager817,False,1
Dominic Bawa,Executive,EMP12601,Operations,,Disabled,2020-02-23 00:00:00,,dominic.bawa78,WS-12601,DEV85344,manager383,False,1
Teerth Chowdhury,Analyst,EMP12149,Legal,,Active,2022-03-01 17:49:47,,teerth.chowdhury93,LPT-12149,DEV42587,manager623,False,1
Jagvi Sengupta,Consultant,EMP10449,Operations,Data Center,Active,,,jagvi.sengupta38,VDR-10449,,,False,0
Gaurangi Kibe,Executive,EMP11029,Human Resources,Regional Office,Active,2020-11-30 13:29:17,,,LPT-11029,,,False,0
Raksha Saini,Director,EMP11992,Marketing,Warehouse,Active,2026-07-30 01:51:31,,raksha.saini25,LPT-11992,DEV41536,manager621,False,1
Andrew Vasa,Consultant,EMP12403,Sales,Regional Office,Disabled,2026-04-26 00:00:00,2026-05-10 23:48:30,andrew.vasa6,,DEV64516,manager150,False,1
Darika Parekh,Officer,EMP12750,IT,,Active,2020-07-22 18:44:38,,darika.parekh27,VDR-12750,DEV14121,manager511,False,1
Vrinda Dua,Analyst,EMP10000,Human Resources,Regional Office,Active,2026-04-07 00:00:00,,vrinda.dua82,WS-10000,DEV42098,manager858,False,1
Quincy Lata,Engineer,EMP11048,Finance,Head Office,Active,2023-03-08 18:41:06,,quincy.lata26,LPT-11048,,manager525,False,0
Upkaar Doshi,Director,EMP10270,Operations,Head Office,Active,2020-02-20 09:26:36,,upkaar.doshi48,VDR-10270,DEV39002,manager698,False,1
Jackson Cherian,Specialist,EMP10736,R&D,Branch Office,Disabled,2020-11-26 08:37:44,,jackson.cherian13,VDR-10736,DEV18383,,False,1
Aradhana Yogi,Trainee,EMP10298,Marketing,Warehouse,Active,2023-05-05 19:22:01,,aradhana.yogi41,LPT-10298,,manager677,False,0
Lila Nadkarni,Engineer,EMP10032,Operations,Remote,Active,2022-07-21 01:24:12,,lila.nadkarni27,WS-10032,DEV27154,manager869,False,1
Lekha Kapoor,Specialist,EMP12498,Innovation,Data Center,Active,2025-08-20 13:08:32,,lekha.kapoor10,VDR-12498,DEV80623,,False,1
Ridhi Saini,Officer,EMP10014,People,Work From Home,Active,2022-06-30 00:00:00,,ridhi.saini2,WS-10014,DEV94012,manager564,False,1
Pahal Roy,Analyst,EMP10093,Procurement,Work From Home,Active,2026-06-28 21:31:52,,pahal.roy74,VDR-10093,DEV45325,,False,1
Shivani Pillay,Analyst,EMP10411,Legal,Data Center,Active,2024-01-16 10:50:11,,shivani.pillay89,WS-10411,DEV41139,,False,1
Adya Shetty,Officer,EMP11159,People,Regional Office,Active,,,adya.shetty2,WS-11159,,unknown,False,0
Kamala Nazareth,Consultant,EMP12362,Procurement,Branch Office,Active,2021-10-01 16:10:14,,kamala.nazareth82,VDR-12362,DEV59827,manager479,False,1
Chakradhar Nagi,Consultant,EMP12819,R&D,Warehouse,Active,2020-12-14 07:49:07,,chakradhar.nagi26,WS-12819,DEV88309,manager944,False,1
Girik Bhatia,Manager,EMP10149,Customer Support,Remote,Active,2025-10-08 23:36:07,,girik.bhatia28,WS-10149,DEV24534,manager639,False,1
Gagan Mitter,Director,EMP11600,Procurement,Regional Office,Active,2026-01-04 18:47:00,,gagan.mitter67,VDR-11600,DEV60738,,False,1
Mugdha Khare,Administrator,EMP11044,Sales,Work From Home,On Leave,2023-01-22 04:22:20,,mugdha.khare82,WS-11044,DEV20487,manager271,False,1
Abdul Deep,Officer,EMP12153,Human Resources,Branch Office,Active,2024-11-15 23:28:00,,abdul.deep62,VDR-12153,,,False,0
Tanmayi Thaman,Manager,EMP10495,Procurement,Work From Home,Active,2020-08-13 12:39:41,,tanmayi.thaman1,VDR-10495,DEV86756,manager614,False,1
Ijaya Palla,Trainee,EMP10332,Procurement,Work From Home,Active,2020-05-22 17:45:11,,,WS-10332,DEV99463,manager902,False,1
Utkarsh Vora,Administrator,EMP12788,Marketing,Work From Home,Active,2020-01-01 00:00:00,,utkarsh.vora38,WS-12788,DEV47566,,False,1
David Sampath,Engineer,EMP12066,Customer Support,Regional Office,Active,2021-07-18 08:59:32,,david.sampath85,LPT-12066,DEV61445,manager223,False,1
Dayita Rout,Engineer,EMP11874,R&D,,Active,,,dayita.rout5,VDR-11874,DEV56585,,False,1
Mugdha Shah,Specialist,EMP10756,Sales,,Active,2020-05-17 09:35:43,,mugdha.shah75,VDR-10756,DEV10665,manager581,False,1
Udarsh Korpal,Executive,EMP10798,Operations,,Active,2021-08-08 09:22:24,,udarsh.korpal53,LPT-10798,DEV30257,,False,1
Praneel Sastry,Executive,EMP12274,Supply Chain,Head Office,Disabled,2024-06-10 14:04:00,2026-07-09 23:05:36,praneel.sastry13,WS-12274,DEV78738,manager802,False,1
Samaksh Subramanian,Consultant,EMP10203,Customer Support,Branch Office,Active,2026-07-13 09:56:00,,samaksh.subramanian60,VDR-10203,,,False,0
Isha Padmanabhan,Consultant,EMP10463,Innovation,,Disabled,2022-10-28 09:40:22,2025-06-17 03:55:28,isha.padmanabhan86,LPT-10463,DEV39218,manager833,False,1
Kamala Raman,Officer,EMP12851,Supply Chain,Work From Home,Active,2020-09-20 12:12:57,,kamala.raman22,WS-12851,DEV27730,manager138,False,1
Darika Mandal,Trainee,EMP12749,Human Resources,,Active,2022-07-15 22:07:37,,darika.mandal6,VDR-12749,DEV30457,manager149,False,1
Hemang Bansal,Trainee,EMP11583,Human Resources,Warehouse,Active,2024-05-31 08:58:00,,hemang.bansal35,VDR-11583,DEV84136,,False,1
Vrishti Lala,Trainee,EMP10555,Marketing,Branch Office,Inactive,2025-11-01 00:00:00,,vrishti.lala52,VDR-10555,DEV27188,manager202,False,1
Ridhi Iyer,Specialist,EMP10174,Operations,Data Center,Active,2024-04-11 00:00:00,,ridhi.iyer25,WS-10174,,manager265,False,0
Jonathan Narayanan,Manager,EMP10289,Human Resources,Remote,Active,2025-05-23 11:04:33,,jonathan.narayanan92,LPT-10289,DEV59807,manager498,False,1
Lakshit Mand,Executive,EMP10120,Compliance,Branch Office,Inactive,2023-02-10 16:18:00,2024-04-09 00:52:14,lakshit.mand42,LPT-10120,DEV80701,,False,1
Lipika Parsa,Specialist,EMP12839,Finance,Regional Office,Disabled,,2024-07-29 22:10:00,lipika.parsa25,WS-12839,DEV37879,manager140,False,1
Vidhi Krishna,Director,EMP10847,Customer Support,Data Center,On Leave,,,vidhi.krishna41,VDR-10847,,manager832,False,0
Edhitha Balasubramanian,Analyst,EMP12699,Finance,Head Office,Active,2022-04-29 19:38:57,,edhitha.balasubramanian33,LPT-12699,DEV31302,manager683,False,1
Omya Gole,Executive,EMP10432,Finance,Branch Office,Inactive,2023-11-22 14:59:56,,omya.gole7,WS-10432,DEV63633,manager983,False,1
Ekanta Deshmukh,Consultant,EMP12969,Marketing,Branch Office,Active,2023-05-26 21:51:57,,ekanta.deshmukh53,LPT-12969,DEV49882,manager923,False,1
Ganga Goswami,Specialist,EMP11317,Human Resources,Data Center,Active,2022-11-16 06:28:48,,ganga.goswami90,WS-11317,DEV95620,manager305,False,1
Xiti Sem,Specialist,EMP11200,Operations,Data Center,Active,2023-11-13 07:50:27,,xiti.sem41,LPT-11200,DEV72419,manager259,False,1
Aarini Deep,Administrator,EMP10393,IT,Head Office,On Leave,2020-08-18 00:00:00,,aarini.deep10,WS-10393,DEV44226,manager484,False,1
Rohan Biswas,Analyst,EMP12031,Operations,Regional Office,Active,2023-01-24 14:11:06,,,WS-12031,DEV13918,,False,1
Farhan Sastry,Executive,EMP11800,R&D,Branch Office,Active,2025-02-04 08:31:23,,farhan.sastry34,LPT-11800,DEV86741,manager300,False,1
Frederick Vasa,Director,EMP11721,IT,Work From Home,Active,2024-11-06 13:42:48,,frederick.vasa15,LPT-11721,DEV36946,manager405,False,1
Ridhi Bala,Trainee,EMP10192,Operations,Head Office,Active,2023-09-13 07:30:52,,ridhi.bala57,,,manager910,False,0
Abhimanyu Gade,Officer,EMP10266,Procurement,Branch Office,Inactive,2022-10-31 11:37:06,2022-11-24 07:18:01,abhimanyu.gade25,WS-10266,DEV37379,manager294,False,1
Dalaja Sura,Manager,EMP12692,Operations,Remote,Active,2023-12-22 18:10:21,,dalaja.sura56,VDR-12692,DEV17492,manager781,False,1
Udarsh Kannan,Specialist,EMP10805,People,Branch Office,Active,2022-12-28 00:00:00,,udarsh.kannan13,VDR-10805,DEV36217,manager249,False,1
Janaki Hegde,Officer,EMP10331,Human Resources,Data Center,Disabled,2024-03-17 00:37:00,2025-05-31 13:44:10,janaki.hegde46,LPT-10331,DEV66314,manager691,False,1
Luke Nagi,Administrator,EMP10528,Human Resources,Warehouse,Active,2020-01-17 23:49:00,,,VDR-10528,DEV63562,manager908,False,1
Tanay Viswanathan,Executive,EMP11225,Operations,,Active,,,tanay.viswanathan59,VDR-11225,DEV39065,,False,1
Ansh Brahmbhatt,Consultant,EMP10801,Customer Support,Branch Office,Active,2021-01-03 11:13:30,,ansh.brahmbhatt77,VDR-10801,DEV49935,manager977,False,1
Pahal Lata,Consultant,EMP11089,Customer Support,Warehouse,Active,2023-06-09 03:58:33,,,WS-11089,DEV29473,manager221,False,1
Rachana Madan,Analyst,EMP10764,Procurement,Remote,Active,2025-12-29 23:11:23,,rachana.madan60,WS-10764,,,False,0
Jagat Dasgupta,Administrator,EMP10218,Customer Support,,Active,2021-02-03 17:50:14,,jagat_dasgupta98,VDR-10218,DEV99181,,False,1
Ayushman Nagy,Consultant,EMP10479,Legal,,Active,2021-09-22 23:16:50,,ayushman.nagy50,LPT-10479,DEV11699,manager899,False,1
Janani Barad,Administrator,EMP10790,Finance,Remote,Active,2025-07-24 07:49:43,,janani.barad1,VDR-10790,DEV93435,manager394,False,1
Aachal Mani,Officer,EMP10478,Sales,Work From Home,Active,,,aachal.mani50,VDR-10478,DEV47701,,False,1
Hemani Bhagat,Specialist,EMP12645,Operations,,Active,2024-04-14 17:12:46,,hemani.bhagat18,LPT-12645,DEV79338,unknown,False,1
Kabir Sampath,Engineer,EMP10727,Customer Support,,Active,2024-07-21 00:00:00,,kabir.sampath9,WS-10727,,,False,0
Nidra Agate,Consultant,EMP10581,IT,Head Office,Active,2023-05-04 05:05:18,,nidra.agate60,LPT-10581,DEV17345,manager581,False,1
Jyoti Brar,Officer,EMP11157,People,Branch Office,Active,2023-03-20 00:24:43,,jyoti.brar52,VDR-11157,DEV11545,manager212,False,1
Hemani Oza,Executive,EMP12547,R&D,Branch Office,Active,2023-03-28 17:09:59,,hemani.oza5,LPT-12547,,manager861,False,0
Pranav Master,Executive,EMP11688,Finance,Regional Office,Inactive,2021-03-09 04:48:18,2024-06-06 00:00:00,pranav.master58,WS-11688,DEV64997,,False,1
Aishani Sem,Manager,EMP12633,Legal,Remote,Active,2022-09-24 03:53:00,,aishani.sem75,WS-12633,DEV42346,,True,2
Kiaan Sen,Executive,EMP10045,Marketing,Warehouse,Active,2023-09-12 03:25:20,,kiaan.sen15,WS-10045,,manager905,False,0
Eiravati Agrawal,Analyst,EMP12849,Customer Support,Data Center,Active,2020-03-28 20:29:48,,eiravati.agrawal54,WS-12849,DEV49156,,False,1
Jalsa Bhatti,Executive,EMP10240,Marketing,,Disabled,2024-10-30 00:50:11,,jalsa.bhatti59,VDR-10240,DEV54185,manager976,False,1
Aarini Memon,Director,EMP10251,IT,Remote,Active,2020-07-06 04:59:07,,aarini.memon10,VDR-10251,DEV18357,unknown,False,1
Dalbir Reddy,Analyst,EMP10990,Sales,Work From Home,Active,,,dalbir.reddy82,VDR-10990,DEV86981,manager252,False,1
Darsh Sura,Trainee,EMP10457,Sales,Remote,Active,2021-04-06 20:28:44,,darsh.sura85,VDR-10457,DEV98643,,False,1
Umang Loke,Officer,EMP11272,Operations,Remote,Active,2023-11-26 06:56:00,,umang.loke95,VDR-11272,,manager461,False,0
Yauvani Mannan,Manager,EMP10676,R&D,Remote,Active,2020-02-17 09:37:22,,yauvani_mannan99,LPT-10676,DEV30643,,False,1
Dipta Agate,Director,EMP11814,Procurement,Data Center,Active,2022-09-04 00:00:00,,dipta_agate15,WS-11814,DEV49258,manager868,False,1
Abdul Mitra,Officer,EMP11533,Operations,Data Center,Active,2020-07-27 12:02:42,,abdul_mitra65,WS-11533,DEV85342,manager678,False,1
Vasatika Dhar,Director,EMP12356,R&D,,Active,2022-06-01 15:27:54,,vasatika.dhar45,WS-12356,DEV83798,manager828,False,1
Yadavi Pandit,Consultant,EMP11084,Innovation,Work From Home,Active,2026-03-07 22:45:02,,yadavi.pandit87,WS-11084,DEV61257,manager813,False,1
Sudiksha Raman,Manager,EMP11511,R&D,Data Center,Active,2021-10-29 23:06:37,,sudiksha.raman15,LPT-11511,DEV23090,manager407,True,2
Ekiya Chakraborty,Analyst,EMP12404,Marketing,Work From Home,Active,,,ekiya.chakraborty63,VDR-12404,,manager734,False,0
Frederick Kaur,Analyst,EMP10257,Procurement,,Active,2020-04-14 07:37:42,,frederick.kaur54,LPT-10257,DEV18819,manager788,False,1
Ekta Lal,Trainee,EMP12272,R&D,Head Office,Active,2023-10-14 00:00:00,,ekta.lal33,VDR-12272,DEV88097,manager920,False,1
Turvi Sarkar,Analyst,EMP10368,Supply Chain,Branch Office,Active,2022-02-10 04:32:03,,turvi.sarkar90,WS-10368,DEV29441,,False,1
Aditya Nayar,Officer,EMP12050,Procurement,Data Center,Active,2022-07-16 20:58:15,,aditya.nayar99,WS-12050,DEV80636,unknown,False,1
Manya Chakrabarti,Director,EMP12973,Operations,Work From Home,Active,2023-04-06 22:53:35,,manya_chakrabarti30,LPT-12973,DEV53857,,True,2
Omaja Mangat,Administrator,EMP12844,Sales,Data Center,Active,2024-06-19 23:03:44,,omaja.mangat18,VDR-12844,DEV19253,manager722,False,1
Nidra Mall,Specialist,EMP10354,Human Resources,Regional Office,Active,2024-04-29 00:00:00,,nidra.mall33,VDR-10354,,manager979,False,0
Ojasvi Vohra,Director,EMP11299,Compliance,Branch Office,Active,2024-10-18 00:00:00,,ojasvi_vohra60,LPT-11299,DEV47148,manager694,False,1
Isaac Bir,Executive,EMP11864,Marketing,Regional Office,Active,2021-05-17 21:15:57,,isaac.bir96,WS-11864,DEV98055,,False,1
Dalaja Lata,Executive,EMP12219,Compliance,Data Center,Active,2025-02-16 00:00:00,,dalaja.lata76,WS-12219,DEV33203,,False,1
Odika Rajagopal,Manager,EMP11196,Operations,Regional Office,Active,2025-10-21 15:02:01,,odika.rajagopal41,WS-11196,,manager759,False,0
Atharv Peri,Consultant,EMP11830,Operations,Warehouse,Active,2026-02-04 06:53:30,,atharv.peri95,LPT-11830,DEV97523,manager798,False,1
Upma Kohli,Analyst,EMP12202,Marketing,Regional Office,Active,2022-09-19 00:00:00,,upma.kohli12,LPT-12202,DEV82487,manager756,False,1
Ubika Bhakta,Consultant,EMP11302,Finance,Regional Office,Active,2026-01-30 00:00:00,,,VDR-11302,,unknown,False,0
Dhruv Sami,Trainee,EMP10682,R&D,Branch Office,Inactive,,2026-01-08 01:43:23,dhruv.sami40,LPT-10682,DEV28837,manager816,False,1
Jairaj Acharya,Consultant,EMP11381,Human Resources,Regional Office,Active,2024-02-11 22:10:00,,jairaj_acharya41,WS-11381,DEV26784,unknown,False,1
Dipta Narayan,Officer,EMP10507,Finance,Branch Office,Active,2020-08-22 06:13:41,,dipta.narayan36,WS-10507,DEV92132,,False,1
Krishna Seth,Director,EMP10211,Operations,,Active,2022-09-18 00:00:00,,krishna_seth41,WS-10211,DEV77499,manager225,False,1
Meera Kaur,Director,EMP11454,Finance,,Active,2024-02-02 08:00:54,,meera.kaur84,WS-11454,,manager531,False,0
Oni Wable,Consultant,EMP10819,Procurement,Branch Office,Active,2026-06-19 18:29:28,,oni.wable49,WS-10819,DEV91522,manager869,False,1
Charita Rattan,Trainee,EMP11650,IT,Data Center,Disabled,2023-06-03 16:30:48,2026-01-31 22:07:00,charita.rattan19,VDR-11650,DEV80975,manager515,False,1
Varsha Swamy,Officer,EMP12909,Customer Support,Regional Office,Disabled,2020-11-01 09:08:30,2021-12-22 03:07:06,varsha_swamy83,WS-12909,DEV95939,,False,1
Charan Deshmukh,Administrator,EMP10582,Sales,Work From Home,Active,2026-07-14 13:05:32,,charan.deshmukh24,WS-10582,DEV11653,manager494,False,1
Benjamin Rau,Executive,EMP10175,Procurement,Work From Home,Active,2023-02-27 07:34:50,,benjamin.rau26,WS-10175,DEV16839,manager205,False,1
Vasatika Kunda,Officer,EMP11712,IT,Data Center,Active,2024-08-29 21:06:46,,vasatika.kunda70,VDR-11712,DEV61903,,False,1
Dhruv Bose,Consultant,EMP10430,Compliance,Remote,Active,2020-12-31 22:25:23,,dhruv.bose40,WS-10430,DEV86751,manager987,False,1
Owen Badal,Administrator,EMP11507,Human Resources,,Inactive,,2024-12-03 15:40:19,owen.badal65,VDR-11507,,manager362,False,0
Dayamai Din,Director,EMP10744,Operations,Head Office,Active,2024-07-05 00:00:00,,dayamai.din39,VDR-10744,DEV40885,,False,1
Meghana Jaggi,Consultant,EMP11362,Human Resources,Data Center,Active,2023-09-15 15:24:43,,meghana.jaggi6,WS-11362,DEV92684,manager588,False,1
Nirja Jani,Executive,EMP11097,IT,Warehouse,Active,2024-10-13 14:45:26,,nirja.jani16,LPT-11097,DEV95542,manager871,False,1
Ekanta Ravel,Consultant,EMP10506,Innovation,,Active,2021-06-30 02:22:00,,ekanta.ravel60,WS-10506,DEV73828,manager183,False,1
Sachi Shetty,Analyst,EMP10945,Finance,Warehouse,Active,2020-06-30 00:00:00,,sachi.shetty87,WS-10945,DEV33784,manager201,False,1
Nandini Pai,Consultant,EMP11135,Sales,Data Center,Active,2025-06-23 10:39:45,,nandini.pai30,WS-11135,DEV18041,manager212,False,1
Aashi Raju,Trainee,EMP11023,R&D,Head Office,Active,2026-01-26 00:29:44,,aashi.raju60,LPT-11023,DEV81883,,False,1
Omaja Soman,Director,EMP10196,Operations,Remote,Active,2020-12-18 11:20:00,,omaja.soman68,VDR-10196,DEV46528,manager290,False,1
Nihal Lanka,Trainee,EMP12512,Customer Support,Branch Office,Active,2023-09-28 00:00:00,,,WS-12512,DEV62698,manager806,False,1
Hema Yadav,Administrator,EMP10088,Sales,Regional Office,Active,2021-12-26 05:20:24,,hema.yadav5,WS-10088,DEV69510,unknown,False,1
Riya Trivedi,Administrator,EMP11047,R&D,,Active,,,riya.trivedi40,VDR-11047,,manager580,False,0
Zayyan Contractor,Engineer,EMP12878,Customer Support,Work From Home,Inactive,2026-03-18 14:53:00,2026-03-22 11:32:31,zayyan.contractor3,WS-12878,DEV71597,unknown,False,1
Oliver Devan,Analyst,EMP12025,R&D,Regional Office,Active,2021-07-10 06:21:00,,oliver.devan65,VDR-12025,DEV67855,manager657,False,1
Jatin Garde,Executive,EMP12943,Supply Chain,Branch Office,Active,2022-08-02 15:16:19,,jatin.garde4,LPT-12943,,,False,0
Avi Kalla,Engineer,EMP10678,Procurement,Branch Office,Active,2022-11-18 10:12:09,,avi.kalla37,LPT-10678,DEV50812,manager151,False,1
Anamika Gala,Executive,EMP11034,Legal,,Active,2025-11-06 09:02:37,,anamika.gala90,LPT-11034,DEV93277,manager971,False,1
Rayaan Aggarwal,Director,EMP10564,Procurement,Remote,Active,2024-06-06 11:46:49,,rayaan.aggarwal35,WS-10564,,,False,0
Ayaan Kala,Director,EMP10343,Sales,Remote,Disabled,2022-01-13 00:00:00,2022-12-29 21:20:26,ayaan.kala66,,DEV17152,manager753,False,1
Upasna Vig,Engineer,EMP12346,Procurement,Warehouse,Active,2023-01-16 11:58:29,,upasna.vig49,WS-12346,,,False,0
Naveen Johal,Administrator,EMP10025,Finance,Data Center,Active,2024-09-05 19:13:00,,naveen.johal55,LPT-10025,DEV19880,manager767,False,1
Mekhala Talwar,Analyst,EMP10940,Supply Chain,Warehouse,Active,2024-04-10 15:27:55,,,VDR-10940,DEV34824,,False,1
Aachal Sarraf,Specialist,EMP11859,Sales,,Active,,,aachal.sarraf5,,DEV44782,manager941,True,2
Nirja Bhakta,Officer,EMP12892,IT,Warehouse,Disabled,2022-09-21 00:00:00,2024-12-06 23:55:26,nirja.bhakta26,VDR-12892,DEV26926,,False,1
Zehaan Naik,Manager,EMP12795,Procurement,Data Center,Active,2024-01-08 00:00:00,,zehaan.naik32,LPT-12795,DEV94752,manager391,False,1
Gaurangi Viswanathan,Consultant,EMP11488,R&D,Regional Office,Active,2026-01-23 13:39:45,,gaurangi.viswanathan21,LPT-11488,DEV32965,,False,1
Yamini Cherian,Trainee,EMP11525,Procurement,Head Office,Active,2026-01-03 00:00:00,,yamini.cherian93,VDR-11525,DEV61126,manager386,False,1
Madhav Grover,Officer,EMP12422,Operations,Branch Office,Active,2024-03-31 21:40:58,,madhav.grover92,WS-12422,DEV81229,unknown,False,1
Vanya Rana,Trainee,EMP12574,Sales,Head Office,Inactive,2022-09-16 00:00:00,2025-04-11 12:46:00,vanya.rana13,LPT-12574,DEV78601,manager478,False,1
Darika Sha,Executive,EMP10650,Finance,Work From Home,Active,2020-06-08 09:59:00,,darika.sha73,LPT-10650,DEV33444,manager416,False,1
Nathan Madan,Analyst,EMP10867,IT,Remote,Active,2023-05-11 06:43:38,,nathan.madan77,VDR-10867,DEV91219,manager235,False,1
Utkarsh Nadig,Engineer,EMP11350,Operations,Data Center,Active,2021-04-11 06:22:46,,utkarsh.nadig92,VDR-11350,DEV14272,manager764,False,1
Wyatt Bora,Executive,EMP10067,People,Remote,Active,2022-08-27 05:13:05,,wyatt.bora78,LPT-10067,DEV85849,manager484,False,1
Hemal Naik,Analyst,EMP12249,Operations,Head Office,Active,2025-12-13 16:38:39,,hemal.naik73,LPT-12249,DEV64746,,False,1
Bhanumati Ratta,Consultant,EMP10621,Sales,,Active,2020-06-18 10:38:57,,bhanumati_ratta30,VDR-10621,DEV21247,manager735,False,1
Pranit Srinivas,Administrator,EMP10651,R&D,,Inactive,,2023-11-17 15:02:30,pranit.srinivas94,LPT-10651,,manager609,False,0
Balendra Jha,Officer,EMP12195,Procurement,Regional Office,Active,,,balendra.jha12,WS-12195,DEV43113,,False,1
Sai Goda,Consultant,EMP10602,Procurement,Regional Office,Active,2020-11-19 00:00:00,,sai_goda99,WS-10602,DEV97194,manager284,False,1
Charan Dhawan,Trainee,EMP12911,Sales,Work From Home,Active,2023-04-19 00:00:00,,charan.dhawan17,LPT-12911,DEV87264,manager336,False,1
Bahadurjit Dyal,Specialist,EMP10423,Legal,Head Office,On Leave,2023-03-08 16:35:37,,bahadurjit.dyal80,LPT-10423,DEV77045,manager708,False,1
Bishakha Bajaj,Director,EMP12171,Human Resources,Head Office,Active,,,bishakha.bajaj79,LPT-12171,,,False,0
Anamika Hayer,Engineer,EMP12805,Marketing,Head Office,Active,,,anamika.hayer81,LPT-12805,DEV36174,unknown,False,1
Jonathan Lalla,Officer,EMP11910,Human Resources,Data Center,Active,2021-10-28 12:47:43,,jonathan.lalla10,VDR-11910,DEV27789,manager199,False,1
Lakshmi Gill,Manager,EMP12861,Finance,Branch Office,Active,2024-07-16 01:07:45,,lakshmi.gill13,VDR-12861,DEV81834,,False,1
Rachana Jani,Administrator,EMP11113,Customer Support,Remote,Inactive,2021-12-11 17:53:16,2022-09-07 20:46:26,rachana.jani60,WS-11113,DEV78235,,False,1
Odika Mann,Trainee,EMP11477,Operations,,Active,2024-12-22 08:03:20,,odika.mann97,WS-11477,DEV13875,manager460,False,1
Zaid Chad,Analyst,EMP11553,Legal,Warehouse,Active,2021-06-11 08:44:57,,zaid_chad19,WS-11553,DEV88447,manager115,False,1
Sathvik Kadakia,Specialist,EMP10124,Operations,Branch Office,Active,2023-12-13 00:00:00,,sathvik.kadakia72,VDR-10124,DEV18285,,False,1
Saumya Contractor,Specialist,EMP12541,Customer Support,Head Office,Active,2024-06-21 17:30:24,,saumya.contractor14,LPT-12541,DEV35220,manager804,False,1
Farhan Pathak,Specialist,EMP12903,Sales,Warehouse,Active,2025-10-30 00:00:00,,farhan.pathak41,,DEV81387,manager563,False,1
Leena Sankaran,Manager,EMP11866,Finance,Work From Home,Active,2026-07-21 08:40:00,,leena.sankaran10,LPT-11866,DEV41398,,False,1
Janani Narula,Executive,EMP11872,Sales,Branch Office,Active,2024-12-26 17:45:30,,janani.narula52,VDR-11872,,manager168,False,0
Jack Mallick,Executive,EMP10532,R&D,Remote,Active,2022-08-10 17:42:40,,jack.mallick72,VDR-10532,DEV82733,manager892,False,1
Gautam Bala,Manager,EMP12009,Marketing,Data Center,Active,2021-03-16 11:22:45,,gautam.bala88,WS-12009,DEV80016,,False,1
Turvi Devan,Consultant,EMP11057,Procurement,Work From Home,Active,2026-05-13 20:33:55,,turvi.devan14,LPT-11057,DEV45261,manager415,False,1
Ekani Kalita,Trainee,EMP12907,IT,Data Center,Active,2023-05-25 02:38:26,,ekani.kalita20,LPT-12907,DEV29783,manager284,False,1
Madhav Handa,Analyst,EMP11690,People,Data Center,Active,,,madhav.handa28,WS-11690,DEV29647,manager501,False,1
Manya Sridhar,Analyst,EMP11487,Operations,Regional Office,Active,2024-05-07 15:56:04,,manya.sridhar12,VDR-11487,DEV95736,,False,1
Watika Sami,Director,EMP10557,Finance,Data Center,Active,2026-02-16 16:52:21,,watika.sami2,LPT-10557,DEV92660,manager598,False,1
Oviya Pradhan,Specialist,EMP12561,Human Resources,Head Office,Active,2024-10-28 09:30:27,,oviya.pradhan73,WS-12561,DEV48217,manager547,False,1
Adya Mutti,Engineer,EMP11173,Legal,,Active,2020-12-30 05:44:06,,,LPT-11173,DEV17322,,False,1
Lajita Choudhury,Manager,EMP10176,Customer Support,,Active,2024-05-13 22:21:16,,lajita.choudhury92,LPT-10176,DEV31012,manager547,False,1
Bakhshi Dora,Analyst,EMP10322,Customer Support,Work From Home,Active,2023-08-13 21:49:53,,bakhshi.dora47,VDR-10322,DEV67850,manager949,False,1
Pranav Dara,Executive,EMP11188,Marketing,Branch Office,Active,2025-04-28 18:25:04,,pranav.dara5,VDR-11188,DEV70700,manager835,False,1
Laksh Luthra,Administrator,EMP11461,Operations,Data Center,Active,,,,WS-11461,DEV98473,manager283,False,1
Tanay Khosla,Executive,EMP12478,Marketing,Regional Office,Active,2022-08-29 07:13:10,,tanay.khosla86,WS-12478,DEV28342,manager218,False,1
Hritik Shan,Consultant,EMP11545,Procurement,Regional Office,Active,2020-10-09 01:51:57,,hritik.shan95,WS-11545,DEV64411,,False,1
Charita Dhingra,Director,EMP10695,Legal,Data Center,Active,2021-06-22 00:00:00,,charita_dhingra41,WS-10695,DEV81449,manager292,False,1
Gautami Chaudhry,Director,EMP11628,IT,Regional Office,Disabled,,2024-07-08 02:07:44,gautami.chaudhry69,VDR-11628,DEV78679,,False,1
Ubika Anne,Administrator,EMP10080,Supply Chain,Head Office,Active,2021-07-11 12:07:00,,ubika.anne68,LPT-10080,DEV48829,manager825,False,1
Oeshi Gara,Director,EMP12525,R&D,Remote,Inactive,2025-05-01 00:00:00,,oeshi.gara54,VDR-12525,DEV96412,,True,2
Ekaraj Kaur,Analyst,EMP11149,Marketing,Regional Office,Active,2020-01-05 08:23:19,,ekaraj.kaur18,LPT-11149,DEV37521,manager747,False,1
Aadhya Saini,Analyst,EMP11151,Operations,Regional Office,Active,2022-05-18 23:11:00,,aadhya.saini38,LPT-11151,DEV56593,manager116,False,1
Gauri Nagi,Director,EMP10862,Finance,Work From Home,Active,2022-05-29 00:00:00,,gauri.nagi49,,DEV88654,manager293,False,1
Alexander Gaba,Trainee,EMP11260,Customer Support,Remote,Inactive,2020-09-18 04:28:21,,alexander.gaba61,,DEV25509,manager614,False,1
William Sankaran,Trainee,EMP10439,Operations,,Inactive,2023-06-07 07:03:41,,william.sankaran18,,DEV31611,manager234,False,1
Ekaraj Sharaf,Consultant,EMP10471,Legal,Remote,Active,2025-02-14 23:28:45,,ekaraj_sharaf36,WS-10471,DEV27481,manager866,False,1
Chakradev Loyal,Consultant,EMP12230,Human Resources,,Active,2020-05-15 00:00:00,,chakradev.loyal14,WS-12230,DEV20599,manager332,False,1
Wishi Ganesh,Officer,EMP12011,Procurement,Work From Home,Active,2022-03-22 04:54:18,,wishi.ganesh63,LPT-12011,DEV23413,manager529,False,1
Jyoti Saraf,Manager,EMP11706,Operations,Remote,Active,2025-02-27 11:05:04,,jyoti.saraf98,WS-11706,,manager266,False,0
Advika Mani,Officer,EMP10812,Sales,Data Center,Active,2020-08-04 06:26:05,,advika.mani57,WS-10812,,,False,0
Gaurika Chopra,Trainee,EMP11234,Brand,Branch Office,Active,2025-07-18 11:00:59,,gaurika.chopra35,LPT-11234,DEV55685,manager863,False,1
Unni Hayer,Consultant,EMP12246,Finance,Work From Home,Active,2020-06-16 17:17:41,,unni.hayer3,WS-12246,DEV68351,manager281,False,1
Mekhala Nadig,Engineer,EMP10568,Sales,Regional Office,Active,2021-02-11 20:43:50,,mekhala.nadig40,WS-10568,DEV68085,manager274,False,1
Jeet Rajagopalan,Officer,EMP12425,R&D,Data Center,Active,,,jeet.rajagopalan64,LPT-12425,DEV51114,unknown,False,1
Balhaar Bhakta,Consultant,EMP11653,Procurement,,Active,2022-08-11 12:02:48,,balhaar.bhakta94,VDR-11653,DEV63504,manager244,False,1
Nidhi Murty,Executive,EMP10141,Operations,,On Leave,2024-10-11 02:08:00,,,LPT-10141,,manager225,False,0
Samaksh Dutt,Trainee,EMP10511,Finance,Branch Office,Inactive,2025-08-10 17:25:10,,samaksh.dutt66,LPT-10511,,manager849,False,0
Aarush Vasa,Executive,EMP11612,Operations,,Active,2023-08-30 00:00:00,,aarush.vasa18,WS-11612,DEV56551,,False,1
Tripti Chander,Analyst,EMP12605,Customer Support,Data Center,Inactive,,,tripti.chander54,,DEV44035,,False,1
Girish Atwal,Trainee,EMP11809,Brand,,Active,2026-01-25 00:00:00,,girish.atwal74,WS-11809,,manager755,False,0
Abhiram Bahri,Trainee,EMP12866,Customer Support,,Active,2022-06-20 09:08:47,,abhiram.bahri83,WS-12866,,manager634,False,0
Timothy Gopal,Director,EMP11684,Supply Chain,Head Office,Active,2026-05-01 08:41:00,,timothy.gopal8,VDR-11684,DEV68449,manager426,False,1
Ojasvi Gour,Consultant,EMP10610,Human Resources,Work From Home,Active,,,ojasvi.gour94,WS-10610,,manager939,False,0
Garima Kant,Executive,EMP12810,Customer Support,Regional Office,Active,2020-07-16 08:39:00,,garima.kant8,LPT-12810,DEV20476,manager863,False,1
Varsha Bhakta,Engineer,EMP11966,Finance,,Active,2022-01-16 02:18:51,,varsha.bhakta93,VDR-11966,DEV76303,manager443,False,1
Nilima Bahri,Executive,EMP10831,Operations,Warehouse,Inactive,,,nilima.bahri98,WS-10831,DEV57622,manager967,False,1
Jason Rege,Trainee,EMP10177,Sales,Remote,Active,2024-04-08 16:21:48,,jason.rege12,LPT-10177,DEV64381,manager495,False,1
Manbir Subramaniam,Administrator,EMP10857,Finance,,Disabled,2022-05-25 00:00:00,2025-12-03 07:25:32,manbir_subramaniam95,VDR-10857,DEV87728,manager502,False,1
Wriddhish Babu,Analyst,EMP10693,Supply Chain,Warehouse,Disabled,2022-07-02 00:00:00,2026-05-02 18:32:06,wriddhish.babu12,VDR-10693,DEV62978,manager154,False,1
Vanya Desai,Officer,EMP11736,Operations,,Active,2022-12-13 10:22:07,,vanya.desai85,LPT-11736,DEV52036,manager694,False,1
Yashoda Kannan,Officer,EMP11072,R&D,Branch Office,Active,2025-08-11 18:09:36,,yashoda.kannan15,LPT-11072,DEV37740,manager208,False,1
Niharika Lad,Consultant,EMP11278,Procurement,,Active,2025-10-30 20:34:33,,niharika.lad59,LPT-11278,DEV11092,manager797,False,1
Turvi Pillay,Consultant,EMP11503,Customer Support,,Active,2024-06-19 20:29:59,,turvi.pillay41,WS-11503,DEV94984,manager595,False,1
Arjun Dara,Officer,EMP10183,Human Resources,Remote,Active,2024-04-26 03:05:01,,arjun.dara86,LPT-10183,DEV78951,manager499,False,1
Neelima Varty,Engineer,EMP11468,People,Warehouse,Active,2024-08-02 02:30:23,,neelima_varty56,WS-11468,DEV49741,,False,1
Sanaya Korpal,Engineer,EMP12227,R&D,Head Office,Active,2024-08-11 16:42:44,,sanaya.korpal34,LPT-12227,DEV65008,unknown,False,1
Unni Borra,Analyst,EMP12727,Operations,,Disabled,2024-10-12 09:10:19,,unni.borra40,WS-12727,,,False,0
Vidhi Balan,Executive,EMP10565,Finance,Work From Home,Active,2025-08-18 19:58:00,,vidhi.balan53,LPT-10565,DEV26389,manager861,False,1
Advay Jayaraman,Consultant,EMP12901,Legal,Work From Home,Active,2023-10-23 22:52:00,,advay.jayaraman98,WS-12901,DEV81061,manager665,False,1
Gautami Contractor,Trainee,EMP12340,IT,Regional Office,Disabled,2022-08-05 06:16:54,2025-05-15 23:23:09,gautami.contractor31,WS-12340,DEV40030,manager252,False,1
Yochana Shere,Analyst,EMP11985,Compliance,Regional Office,Active,2022-08-19 14:07:25,,yochana.shere98,WS-11985,,manager841,False,0
Azad Dewan,Consultant,EMP11829,Procurement,Work From Home,Active,2024-08-29 00:00:00,,azad.dewan44,,DEV43827,,False,1
Jatin Nigam,Engineer,EMP12850,IT,Warehouse,Active,2020-04-17 08:28:24,,jatin.nigam57,WS-12850,DEV16862,manager420,False,1
Thomas Kaul,Consultant,EMP10486,Sales,Remote,Active,2026-05-27 10:04:33,,thomas.kaul29,WS-10486,DEV48479,manager586,False,1
Aryan Prabhu,Specialist,EMP12940,Marketing,Warehouse,Active,2021-10-10 14:01:58,,aryan.prabhu29,VDR-12940,DEV15192,manager533,False,1
Karan Zachariah,Administrator,EMP11204,Sales,Branch Office,Inactive,2023-08-24 09:49:59,2024-11-27 15:15:11,karan.zachariah68,,DEV22116,manager457,False,1
Tejas Dhaliwal,Engineer,EMP10370,Customer Support,Head Office,Disabled,2021-03-10 07:43:29,2021-09-17 22:06:43,tejas.dhaliwal72,WS-10370,DEV23357,,False,1
Jason Dayal,Trainee,EMP10162,IT,Work From Home,Active,2025-02-22 16:30:00,,jason.dayal95,VDR-10162,DEV95437,manager254,False,1
Lavanya Grover,Director,EMP12646,IT,Regional Office,Disabled,2024-05-25 00:00:00,,lavanya.grover78,VDR-12646,DEV13959,manager502,False,1
Hemal Sarin,Trainee,EMP12650,IT,,Active,2022-11-19 05:44:28,,hemal.sarin58,VDR-12650,DEV70735,manager262,False,1
Janya Bora,Director,EMP12931,Human Resources,,Active,2021-05-16 22:55:58,,janya.bora79,WS-12931,DEV10385,unknown,False,1
Joshua Ahluwalia,Analyst,EMP11911,Marketing,Warehouse,Inactive,2025-06-20 18:59:19,,joshua.ahluwalia5,WS-11911,DEV25765,,True,3
Inaya Chaudhuri,Trainee,EMP10729,Human Resources,Work From Home,Active,2024-09-18 16:41:17,,inaya.chaudhuri44,,DEV94907,manager493,False,1
Urvashi Upadhyay,Manager,EMP10969,Human Resources,Head Office,Disabled,,2025-10-01 00:00:00,urvashi.upadhyay40,,DEV66616,,False,1
Lekha Prabhu,Administrator,EMP10670,IT,Data Center,Inactive,2023-02-28 11:16:46,2024-06-12 14:05:00,,LPT-10670,DEV75149,manager409,False,1
Ekapad Agarwal,Executive,EMP10887,Marketing,Branch Office,Disabled,2024-06-13 04:34:14,2024-08-26 08:00:34,ekapad.agarwal62,VDR-10887,DEV49375,manager146,True,2
Karan Hari,Manager,EMP10030,Procurement,Regional Office,Active,2024-11-04 22:04:00,,karan.hari9,LPT-10030,DEV62923,manager708,False,1
Urmi Sunder,Engineer,EMP11055,Customer Support,Data Center,Active,2022-07-27 23:07:26,,urmi.sunder11,LPT-11055,DEV65950,manager645,False,1
Upasna Choudhary,Officer,EMP12079,Customer Support,Warehouse,Active,2021-10-16 00:00:00,,upasna.choudhary60,VDR-12079,DEV67458,manager839,False,1
Dalaja Tak,Administrator,EMP11591,Operations,Head Office,Active,2022-08-30 05:19:00,,dalaja.tak30,VDR-11591,DEV21853,manager754,False,1
Dalbir Sem,Engineer,EMP10173,R&D,Warehouse,On Leave,,,dalbir.sem96,LPT-10173,DEV50562,,False,1
Abhimanyu Krishnamurthy,Administrator,EMP11962,Marketing,Work From Home,Inactive,2023-07-14 22:44:18,,abhimanyu.krishnamurthy64,VDR-11962,,,False,0
Osha Kapur,Director,EMP10296,IT,Remote,Disabled,,2024-08-19 18:56:50,osha.kapur39,VDR-10296,DEV59792,,False,1
Liam Tandon,Analyst,EMP10325,Sales,Warehouse,Active,2024-07-31 21:29:41,,liam.tandon27,WS-10325,DEV79767,manager820,False,1
Jagdish Chaudhry,Director,EMP11236,Marketing,Head Office,Active,2021-10-01 11:55:52,,jagdish.chaudhry92,VDR-11236,,unknown,False,0
Hemal Gokhale,Specialist,EMP11988,Supply Chain,Data Center,Active,2021-04-02 00:00:00,,hemal.gokhale89,WS-11988,,,False,0
Yamini Bala,Manager,EMP11738,Legal,Warehouse,Active,2023-01-19 00:00:00,,yamini.bala47,WS-11738,DEV28040,manager561,False,1
Ekanta Gola,Trainee,EMP12759,Sales,Remote,Active,2022-04-07 05:47:00,,ekanta.gola20,LPT-12759,,manager514,False,0
Anamika Singh,Manager,EMP11472,Operations,Branch Office,Active,2021-11-17 19:15:29,,anamika_singh82,LPT-11472,DEV12368,manager394,False,1
Triya Narasimhan,Executive,EMP11925,Human Resources,,Inactive,,2024-04-26 14:13:10,triya.narasimhan75,LPT-11925,DEV79932,unknown,False,1
Inaya Kapadia,Specialist,EMP12714,Procurement,Warehouse,Active,2021-07-21 18:59:08,,inaya.kapadia64,LPT-12714,DEV32601,manager272,False,1
Owen Kashyap,Engineer,EMP10605,Procurement,Warehouse,Active,2024-09-05 00:00:00,,owen.kashyap42,VDR-10605,,,False,0
Ranbir Kalita,Engineer,EMP11283,Operations,Work From Home,Active,2023-05-25 00:04:00,,ranbir.kalita61,VDR-11283,DEV93498,,False,1
Victor Kumer,Specialist,EMP12671,Sales,Head Office,Active,2020-04-17 11:34:26,,victor.kumer39,WS-12671,DEV43953,manager277,False,1
Nimrat Rattan,Engineer,EMP12626,Sales,Remote,Active,2022-03-12 00:00:00,,nimrat.rattan2,LPT-12626,DEV95036,,False,1
Nirja Virk,Specialist,EMP12881,IT,Work From Home,Active,2025-09-06 07:42:30,,nirja.virk29,WS-12881,DEV19065,manager697,False,1
Vyanjana Jayaraman,Trainee,EMP12669,Legal,,Active,2024-08-22 05:53:21,,vyanjana.jayaraman1,WS-12669,DEV12844,manager832,False,1
Eta Saini,Trainee,EMP10073,Marketing,Branch Office,Active,2023-03-23 11:29:26,,eta.saini12,WS-10073,,manager606,False,0
George Dayal,Director,EMP10048,Brand,Remote,Active,,,george_dayal65,WS-10048,DEV48752,manager488,False,1
Megha Bal,Consultant,EMP12258,Procurement,Branch Office,Active,2020-04-13 07:52:17,,megha_bal48,LPT-12258,,manager598,False,0
Chandran Batta,Specialist,EMP11916,Human Resources,Head Office,Active,2021-05-02 15:21:02,,chandran.batta95,VDR-11916,DEV46078,manager146,False,1
Yatin Sodhi,Director,EMP11815,Sales,Work From Home,Active,2025-01-08 09:38:42,,yatin.sodhi3,VDR-11815,DEV29289,unknown,False,1
Vansha Dar,Executive,EMP10535,People,Data Center,Active,2022-03-28 09:33:40,,vansha.dar1,VDR-10535,,manager181,False,0
Pallavi Prashad,Analyst,EMP11270,Human Resources,Work From Home,Active,2022-06-22 01:04:00,,pallavi.prashad61,LPT-11270,DEV84352,unknown,False,1
Daksha Ratti,Administrator,EMP12132,Marketing,,Active,2023-11-03 02:43:17,,daksha.ratti52,LPT-12132,DEV31065,,False,1
Oni Goda,Executive,EMP11665,Human Resources,Branch Office,Active,2021-04-09 10:29:03,,oni_goda48,VDR-11665,DEV49335,manager909,False,1
Faqid Dani,Administrator,EMP11071,Human Resources,Work From Home,Inactive,2023-12-21 07:21:00,,faqid.dani64,VDR-11071,DEV81925,manager556,False,1
Ekani Panchal,Manager,EMP11566,Human Resources,Warehouse,Active,2022-12-16 00:44:32,,ekani.panchal59,VDR-11566,DEV48759,manager546,False,1
Nisha Babu,Executive,EMP12748,Procurement,Work From Home,Active,2020-01-05 13:48:45,,nisha.babu33,VDR-12748,,manager559,False,0
Utkarsh Mittal,Specialist,EMP12206,Operations,,Active,2025-11-10 17:55:15,,utkarsh.mittal36,WS-12206,DEV19769,manager543,False,1
Michael Zacharia,Specialist,EMP12780,Legal,Work From Home,Inactive,2024-10-01 19:38:24,,michael.zacharia55,LPT-12780,DEV91577,manager682,False,1
Damyanti Dasgupta,Engineer,EMP10838,Finance,Branch Office,Active,2023-09-14 16:56:00,,,VDR-10838,DEV99824,manager980,False,1
Bimala Narasimhan,Manager,EMP11094,Operations,Regional Office,Active,2025-12-17 03:06:00,,bimala.narasimhan13,VDR-11094,DEV34233,manager669,False,1
Lipika Gupta,Consultant,EMP11345,IT,,Active,2022-12-22 13:43:58,,lipika.gupta33,VDR-11345,,manager619,False,0
Hiral Sheth,Engineer,EMP12304,Marketing,Work From Home,Active,2026-01-03 00:00:00,,hiral.sheth32,LPT-12304,DEV41573,,False,1
Shivansh Karan,Engineer,EMP11233,Human Resources,Head Office,Active,2026-03-11 00:31:04,,shivansh_karan47,WS-11233,DEV28161,manager229,False,1
Oni Dhar,Trainee,EMP12597,Innovation,,Active,2020-07-05 16:35:59,,oni.dhar38,LPT-12597,DEV96820,manager470,False,1
Chakrika Mohanty,Manager,EMP11846,IT,Head Office,Active,2023-10-26 17:54:56,,,VDR-11846,DEV25429,manager840,True,2
Wridesh Varkey,Manager,EMP12829,IT,,Active,2020-10-07 00:00:00,,wridesh_varkey26,LPT-12829,DEV99049,manager928,False,1
Hemal Menon,Specialist,EMP10324,Sales,Regional Office,Active,2021-05-30 16:29:11,,hemal.menon31,WS-10324,,manager903,False,0
Rohan Samra,Administrator,EMP10759,Operations,Branch Office,Active,2025-09-09 14:54:39,,rohan.samra17,VDR-10759,DEV21892,manager820,False,1
Deepa Keer,Manager,EMP11509,Sales,Branch Office,Active,2021-12-08 02:03:38,,deepa.keer12,VDR-11509,DEV49683,manager879,False,1
Mahika Bhargava,Manager,EMP11731,Sales,Data Center,Active,2024-03-25 00:00:00,,,VDR-11731,,manager576,False,0
Chanchal Bobal,Engineer,EMP12349,Human Resources,,Inactive,2025-04-11 00:00:00,2026-05-29 10:03:53,chanchal.bobal40,LPT-12349,DEV66360,manager564,False,1
Falak Handa,Manager,EMP11883,Customer Support,Work From Home,Inactive,2025-11-15 06:05:09,2026-06-17 18:31:00,falak_handa71,VDR-11883,DEV81950,manager202,False,1
Anmol Sawhney,Analyst,EMP10599,R&D,Remote,Disabled,2026-01-10 00:39:06,2026-04-23 00:00:00,anmol.sawhney11,VDR-10599,DEV64519,manager851,False,1
Ethan Dhillon,Administrator,EMP12163,Finance,Warehouse,Active,2022-06-30 07:19:38,,ethan.dhillon39,VDR-12163,DEV42796,unknown,False,1
Nandini Ravel,Manager,EMP10433,Finance,Data Center,Inactive,2022-08-31 00:00:00,,nandini.ravel92,,DEV92710,manager104,False,1
Joshua Dyal,Engineer,EMP12379,Brand,Remote,Active,2021-11-18 12:22:28,,joshua.dyal71,,DEV52894,manager328,False,1
Ryan Rau,Consultant,EMP11547,People,Remote,Active,2025-07-18 16:46:50,,ryan.rau52,WS-11547,DEV18559,manager818,False,1
Avi Basak,Engineer,EMP11744,Finance,Regional Office,Disabled,2024-03-18 00:00:00,2024-07-08 17:03:00,avi.basak59,LPT-11744,DEV76127,,False,1
Jatin Chada,Officer,EMP10239,R&D,Warehouse,Disabled,2023-12-25 02:09:29,2024-06-17 00:00:00,jatin.chada37,WS-10239,DEV27589,manager848,False,1
Geetika Ganesh,Administrator,EMP10817,Customer Support,Branch Office,Active,2024-02-29 07:56:16,,geetika.ganesh63,WS-10817,DEV24160,manager743,False,1
Deepa Jha,Executive,EMP12661,R&D,Warehouse,Active,2022-01-20 00:00:00,,deepa.jha15,WS-12661,DEV68143,,False,1
Lekha Jhaveri,Consultant,EMP11177,Legal,,Active,2021-04-29 07:48:08,,lekha.jhaveri61,VDR-11177,DEV11731,manager757,False,1
Balendra Rao,Consultant,EMP12963,Brand,Regional Office,Active,2020-10-23 00:00:00,,balendra_rao10,VDR-12963,,,False,0
Wridesh Rajan,Officer,EMP11730,Procurement,Remote,Active,2024-01-30 10:53:00,,wridesh.rajan59,WS-11730,DEV12956,,False,1
Qarin Hayer,Officer,EMP12533,Finance,Branch Office,Active,,,qarin.hayer3,WS-12533,,,False,0
Pavani Memon,Officer,EMP12225,Finance,Branch Office,Active,2026-02-18 10:34:01,,pavani.memon61,VDR-12225,DEV90088,unknown,False,1
Lohit Bhasin,Administrator,EMP12523,Human Resources,Regional Office,Active,2020-12-26 14:00:15,,lohit.bhasin66,WS-12523,DEV98661,manager692,False,1
Mekhala Choudhary,Executive,EMP11483,R&D,Work From Home,Active,2024-07-12 22:26:01,,mekhala.choudhary37,LPT-11483,DEV62435,,False,1
Mohammed Devan,Consultant,EMP10912,Operations,Work From Home,Disabled,2023-09-26 00:00:00,,mohammed.devan20,LPT-10912,DEV26119,,False,1
Bhavini Mutti,Executive,EMP12096,Operations,Work From Home,Active,2020-02-23 02:12:48,,bhavini.mutti77,VDR-12096,DEV86475,,False,1
Damyanti Madan,Consultant,EMP11965,Innovation,Work From Home,Active,2023-06-19 08:55:31,,damyanti.madan68,LPT-11965,DEV86881,,False,1
Ishaan Narang,Executive,EMP10926,Procurement,Regional Office,Active,2020-11-22 22:17:17,,ishaan.narang92,WS-10926,DEV78113,manager696,False,1
Matthew Bath,Officer,EMP12212,Customer Support,Warehouse,Active,2024-07-01 23:26:07,,matthew.bath56,VDR-12212,DEV84154,unknown,False,1
Bina Kar,Trainee,EMP11421,Sales,Remote,Active,2022-08-22 08:24:29,,bina.kar2,VDR-11421,DEV35544,manager477,False,1
Balveer Nair,Executive,EMP12579,IT,Regional Office,Active,2021-04-17 21:25:00,,balveer.nair93,VDR-12579,DEV22006,unknown,False,1
Gabriel Mistry,Specialist,EMP10594,Operations,,Active,2024-08-01 00:00:00,,gabriel.mistry80,WS-10594,DEV18302,,False,1
Urmi Borra,Engineer,EMP10601,Customer Support,Warehouse,Active,2024-09-30 02:03:17,,urmi.borra25,VDR-10601,DEV33448,manager208,False,1
Hitesh Shroff,Engineer,EMP10637,Procurement,Warehouse,Active,2023-01-21 04:28:01,,hitesh.shroff73,,DEV40266,manager898,False,1
Nidhi Dayal,Executive,EMP12899,Legal,Branch Office,Active,2021-11-14 17:07:51,,nidhi.dayal3,LPT-12899,DEV70315,manager221,False,1
Agastya Kala,Consultant,EMP11795,Operations,,Active,2023-10-05 20:02:12,,agastya.kala68,WS-11795,DEV76526,manager481,False,1
Kiaan Issac,Manager,EMP11010,Marketing,,Active,2020-04-09 00:00:00,,kiaan.issac82,LPT-11010,DEV98458,,False,1
Chanchal Srivastava,Specialist,EMP10680,Procurement,,Active,2022-08-28 17:15:49,,chanchal.srivastava91,VDR-10680,DEV68436,manager302,False,1
Lohit Raja,Administrator,EMP12431,Supply Chain,Warehouse,Active,2021-05-14 20:21:14,,lohit.raja77,,DEV79054,manager303,False,1
Viraj Wadhwa,Specialist,EMP11778,Marketing,Data Center,Active,2025-03-19 16:35:57,,viraj.wadhwa36,VDR-11778,DEV96391,,False,1
Garima Bedi,Engineer,EMP10414,People,Data Center,Active,,,garima.bedi78,LPT-10414,DEV63368,manager482,False,1
Dominic Shenoy,Executive,EMP10874,Human Resources,Head Office,Active,2022-06-01 17:15:29,,dominic.shenoy64,WS-10874,DEV22265,manager272,False,1
William Modi,Consultant,EMP10527,Legal,Warehouse,Active,,,william.modi62,,,manager884,False,0
Samesh Sangha,Specialist,EMP11512,IT,Data Center,Active,2021-08-28 05:14:55,,samesh_sangha73,LPT-11512,DEV68017,manager750,False,1
Nachiket Singh,Manager,EMP12548,Innovation,Regional Office,Active,,,nachiket.singh66,WS-12548,,manager943,False,0
Aahana Samra,Administrator,EMP10108,R&D,Remote,Active,2022-10-17 19:37:32,,aahana.samra10,VDR-10108,DEV62098,unknown,False,1
Guneet Lalla,Analyst,EMP11206,Legal,,Active,2025-09-06 06:53:35,,guneet.lalla74,VDR-11206,DEV36025,manager248,False,1
Ishani Bava,Analyst,EMP12414,Finance,Data Center,Active,2020-09-17 00:00:00,,ishani.bava73,,,manager719,False,0
Zinal Agarwal,Executive,EMP12439,Legal,Data Center,Active,2024-09-11 11:17:10,,zinal.agarwal70,WS-12439,DEV23730,manager895,False,1
Sneha Devi,Manager,EMP11116,Customer Support,Data Center,Active,2026-05-06 11:37:20,,sneha.devi66,LPT-11116,DEV90777,manager535,False,1
Saumya Mody,Trainee,EMP10318,IT,Branch Office,Inactive,2024-04-19 08:11:24,,saumya.mody46,LPT-10318,DEV60324,manager518,False,1
Harsh Dugar,Officer,EMP11951,Marketing,Warehouse,Inactive,2020-03-10 21:07:00,2026-05-29 08:02:08,harsh.dugar36,VDR-11951,DEV76219,manager347,False,1
Neel Venkataraman,Analyst,EMP11161,Human Resources,,Active,2020-11-14 15:52:55,,neel.venkataraman70,LPT-11161,DEV23476,manager956,False,1
Zilmil Sur,Specialist,EMP12700,Finance,,Active,2023-07-21 03:27:00,,zilmil.sur74,LPT-12700,DEV89362,manager951,False,1
Neelima Divan,Specialist,EMP11558,Brand,Head Office,Active,,,neelima.divan52,LPT-11558,DEV39651,manager436,False,1
Lakshit Yohannan,Officer,EMP12920,Legal,Warehouse,Active,2023-09-22 12:58:00,,lakshit.yohannan97,LPT-12920,DEV14911,unknown,True,2
Bhavini Gaba,Director,EMP10402,Customer Support,Work From Home,Active,2023-04-17 16:43:21,,bhavini.gaba45,VDR-10402,DEV39820,,False,1
Wyatt Jani,Officer,EMP11502,Customer Support,Data Center,Inactive,,2025-06-04 12:25:00,wyatt.jani93,WS-11502,DEV91062,unknown,False,1
Ridhi Kumer,Manager,EMP10937,Operations,Work From Home,Active,2023-04-18 02:20:37,,ridhi.kumer20,VDR-10937,DEV97097,manager504,False,1
Daksha Mangal,Analyst,EMP12004,R&D,Branch Office,Active,2025-02-16 05:30:30,,daksha.mangal11,LPT-12004,DEV98871,manager488,False,1
Krishna Nayar,Consultant,EMP11261,Customer Support,Head Office,Active,2020-06-01 15:43:34,,krishna.nayar56,WS-11261,DEV45728,manager849,False,1
Falak Lanka,Director,EMP12722,Innovation,Regional Office,Active,2024-04-18 00:00:00,,falak.lanka40,LPT-12722,DEV48482,,False,1
Rajata Lalla,Manager,EMP12806,Human Resources,Remote,Active,2024-10-08 14:02:10,,rajata.lalla49,VDR-12806,,manager266,False,0
Abhimanyu Atwal,Consultant,EMP10387,Supply Chain,Branch Office,Disabled,2023-03-21 00:00:00,2026-02-23 03:26:47,abhimanyu.atwal89,VDR-10387,DEV87194,manager281,False,1
Finn Mall,Engineer,EMP11960,Finance,Work From Home,Active,2022-11-05 12:43:31,,finn.mall2,LPT-11960,DEV13853,,False,1
Eshana Nigam,Trainee,EMP11850,Operations,Branch Office,Active,2026-05-23 20:57:13,,,WS-11850,DEV65358,manager816,False,1
Anika Acharya,Manager,EMP10810,R&D,Warehouse,Active,2025-12-29 12:32:44,,anika.acharya16,LPT-10810,DEV74987,manager839,False,1
Bhavini Acharya,Trainee,EMP10755,Innovation,Remote,Active,2022-02-05 00:00:00,,bhavini.acharya76,LPT-10755,DEV66113,manager544,False,1
Max Ganguly,Director,EMP11174,Finance,Regional Office,Active,2025-12-19 04:18:23,,max.ganguly91,LPT-11174,DEV65667,manager695,False,1
Isaac Bora,Executive,EMP11587,Procurement,Head Office,Active,2023-07-04 11:40:38,,isaac.bora28,VDR-11587,DEV53117,,False,1
Hritik Shukla,Manager,EMP12713,Legal,Data Center,Active,2024-09-06 06:41:24,,hritik_shukla36,WS-12713,,manager188,False,0
Hritik Dar,Officer,EMP11235,Legal,Data Center,Active,2025-11-04 14:43:01,,hritik.dar64,LPT-11235,,unknown,False,0
Charita Shenoy,Director,EMP11891,People,Warehouse,Active,,,,LPT-11891,DEV43152,manager756,False,1
Mekhala Bajwa,Analyst,EMP10070,Operations,Work From Home,Active,2023-01-30 06:41:50,,mekhala.bajwa65,WS-10070,DEV74251,manager948,False,1
Vrishti Mall,Engineer,EMP12760,IT,Warehouse,Active,2020-01-03 09:21:00,,vrishti.mall91,WS-12760,DEV95069,manager872,False,1
Lohit Doctor,Engineer,EMP12342,Compliance,Warehouse,Active,2023-04-14 14:55:10,,lohit.doctor85,VDR-12342,DEV72066,manager848,False,1
Vamakshi Raval,Consultant,EMP12263,Finance,Work From Home,Active,2023-03-25 00:00:00,,vamakshi.raval28,LPT-12263,DEV19552,manager233,False,1
Wazir Sheth,Director,EMP10839,Sales,Remote,Active,,,wazir_sheth9,WS-10839,,manager515,False,0
Anvi Parmar,Officer,EMP10056,Supply Chain,,Inactive,2026-04-29 10:58:07,,anvi.parmar57,VDR-10056,DEV68446,manager869,False,1
Manan Mittal,Director,EMP12468,IT,Data Center,Active,2023-08-03 00:00:00,,manan.mittal77,WS-12468,DEV97197,manager510,False,1
Brinda Iyer,Director,EMP11817,R&D,,Active,2021-09-27 22:58:00,,brinda.iyer33,VDR-11817,DEV70975,manager525,False,1
Tejas Sami,Administrator,EMP11395,Customer Support,Data Center,Active,2023-04-03 02:25:00,,tejas.sami53,WS-11395,DEV79888,manager608,False,1
Bishakha Mangat,Officer,EMP11556,Operations,,Active,2024-01-24 10:35:34,,bishakha_mangat17,VDR-11556,DEV97612,,False,1
Vincent Dube,Manager,EMP12086,R&D,Warehouse,Active,2025-05-21 13:34:35,,vincent.dube76,LPT-12086,DEV29029,manager255,False,1
Yashawini Comar,Officer,EMP11904,Innovation,Head Office,Active,2025-11-12 00:00:00,,yashawini.comar81,LPT-11904,DEV12565,,False,1
Damyanti Misra,Engineer,EMP12501,Marketing,Data Center,Active,2023-04-30 00:00:00,,damyanti.misra13,WS-12501,DEV30955,,False,1
Omya Sahota,Consultant,EMP12161,Legal,,Active,,,omya.sahota27,WS-12161,DEV94884,manager435,False,1
Hardik Dani,Officer,EMP10309,Sales,Branch Office,Active,2023-08-17 16:24:00,,hardik.dani22,,,,False,0
Benjamin Srinivasan,Executive,EMP11961,Customer Support,Work From Home,Inactive,2022-01-29 06:43:42,,benjamin_srinivasan15,VDR-11961,DEV78664,manager819,False,1
Bachittar Sathe,Administrator,EMP11253,R&D,Remote,Active,2022-03-30 15:15:02,,bachittar.sathe85,VDR-11253,DEV73269,,False,1
Tanmayi Dhar,Trainee,EMP11228,People,Work From Home,Active,2024-03-05 14:22:00,,tanmayi.dhar12,,DEV37259,,False,1
Banjeet Savant,Director,EMP12769,Procurement,Branch Office,Active,2025-01-07 02:13:31,,banjeet.savant73,LPT-12769,,,False,0
Nachiket Subramaniam,Administrator,EMP11537,Procurement,Head Office,Active,2021-11-30 18:21:41,,nachiket.subramaniam52,VDR-11537,DEV61111,manager254,False,1
Warda Rajagopal,Analyst,EMP11741,Customer Support,Warehouse,Active,2024-09-06 04:25:11,,warda.rajagopal65,LPT-11741,DEV85427,manager268,False,1
Raksha De,Engineer,EMP11351,People,Warehouse,Active,2026-03-30 07:22:18,,raksha.de11,VDR-11351,DEV85292,manager850,False,1
Matthew Dalal,Administrator,EMP11376,R&D,Branch Office,Inactive,2024-05-23 02:34:00,,matthew.dalal24,LPT-11376,,manager103,False,0
Megha Garg,Analyst,EMP12162,Procurement,Data Center,Active,2025-01-19 20:36:12,,megha.garg48,WS-12162,DEV11006,,False,1
Damyanti Palan,Consultant,EMP12813,IT,Branch Office,Active,2020-08-16 21:24:55,,damyanti.palan49,LPT-12813,,manager408,False,0
Wazir Khatri,Officer,EMP11861,IT,,Disabled,2026-07-16 00:00:00,,wazir.khatri54,VDR-11861,DEV93888,,False,1
Lakshmi Sen,Administrator,EMP12716,Sales,Remote,Disabled,2024-04-05 12:00:42,2025-05-07 10:48:06,lakshmi.sen22,WS-12716,DEV53940,manager879,False,1
Manan Jhaveri,Manager,EMP12709,Legal,Head Office,Active,2026-01-22 19:40:32,,manan.jhaveri26,VDR-12709,DEV90900,manager545,False,1
Vritti Sundaram,Engineer,EMP11659,Operations,Regional Office,Active,2020-07-24 03:02:16,,vritti.sundaram41,LPT-11659,,manager423,False,0
Omkaar Pau,Consultant,EMP10436,Sales,Head Office,Active,2025-10-03 13:59:57,,omkaar_pau69,WS-10436,DEV79603,manager851,False,1
Omya Comar,Executive,EMP12078,Sales,Head Office,Active,2024-02-28 02:24:49,,omya.comar71,LPT-12078,DEV44774,manager802,True,2
Vasatika Saraf,Executive,EMP11222,Human Resources,Warehouse,Active,2023-05-02 00:00:00,,vasatika.saraf30,LPT-11222,DEV92764,unknown,False,1
Zarna Mandal,Trainee,EMP11491,Sales,,Active,2025-10-19 23:21:55,,zarna.mandal21,LPT-11491,DEV10902,manager987,False,1
Vinaya Ravi,Consultant,EMP11912,Human Resources,Branch Office,Active,2022-02-16 16:57:51,,vinaya.ravi27,VDR-11912,DEV25568,unknown,False,1
Nathaniel Seshadri,Officer,EMP10313,R&D,Regional Office,Active,2023-05-04 14:12:09,,nathaniel.seshadri86,WS-10313,DEV88246,manager456,False,1
Onveer Borah,Engineer,EMP10233,Sales,Work From Home,Inactive,,2026-01-14 08:21:00,onveer.borah62,VDR-10233,DEV45537,manager700,False,1
Christopher Sarna,Executive,EMP11436,Innovation,Head Office,Active,2024-11-01 22:11:19,,christopher.sarna67,VDR-11436,DEV60551,manager819,False,1
Anamika Sundaram,Officer,EMP10685,Operations,Regional Office,Active,2023-05-30 07:02:00,,anamika.sundaram14,LPT-10685,,manager344,False,0
Nitara Gulati,Manager,EMP12918,Sales,Head Office,Active,2024-02-10 20:42:46,,nitara.gulati69,WS-12918,DEV18374,,False,1
Jai Memon,Analyst,EMP10111,Operations,Remote,Active,2022-01-28 16:40:49,,jai.memon6,WS-10111,DEV59131,manager679,False,1
Divya Gupta,Director,EMP11213,Compliance,Remote,Active,2022-05-30 00:31:00,,divya.gupta70,VDR-11213,,manager977,False,0
Tejas Vora,Specialist,EMP11413,Operations,Work From Home,Active,2026-04-09 14:30:00,,tejas.vora50,VDR-11413,DEV89269,unknown,True,2
Kritika Gole,Executive,EMP11127,IT,Data Center,Inactive,2021-05-13 01:45:00,2025-06-10 04:35:00,kritika.gole37,WS-11127,DEV53412,unknown,False,1
Kashvi Toor,Analyst,EMP12916,R&D,Remote,Active,2024-01-26 00:00:00,,kashvi.toor41,LPT-12916,DEV94372,manager791,False,1
Aachal Cheema,Director,EMP11971,IT,Branch Office,Active,2026-05-04 03:15:00,,aachal.cheema98,VDR-11971,,manager279,False,0
Aryan Gour,Officer,EMP10472,Brand,Work From Home,Active,2021-09-16 03:22:00,,aryan.gour66,WS-10472,DEV82559,manager831,False,1
Reva Pal,Engineer,EMP12835,Sales,Remote,Active,2025-05-02 00:00:00,,reva.pal71,VDR-12835,DEV89596,manager571,False,1
Isaac Rajagopal,Trainee,EMP12251,Marketing,,Active,2022-05-27 18:11:04,,isaac.rajagopal76,VDR-12251,DEV54536,manager954,False,1
Unni Guha,Specialist,EMP10903,Operations,Work From Home,Active,2022-06-30 13:02:43,,unni.guha76,VDR-10903,DEV96108,manager499,False,1
Tanvi Singh,Trainee,EMP10897,R&D,,Active,2021-09-17 12:52:50,,tanvi.singh95,,DEV68918,manager949,False,1
Aarna Magar,Consultant,EMP12448,Procurement,,Active,2021-09-26 00:00:00,,aarna.magar22,LPT-12448,,manager619,False,0
Ekbal Walia,Director,EMP11939,Sales,Branch Office,Active,2022-09-26 00:00:00,,ekbal.walia16,WS-11939,,manager150,False,0
Nidhi Pillai,Analyst,EMP12293,Innovation,Warehouse,Active,2023-02-19 02:53:56,,nidhi.pillai54,,DEV58089,,False,1
Pahal Shere,Executive,EMP12896,Legal,Work From Home,Active,2025-06-18 09:00:01,,pahal.shere50,VDR-12896,DEV38001,unknown,False,1
Omaja Venkatesh,Analyst,EMP12684,Sales,Head Office,Active,2026-04-23 18:36:26,,omaja.venkatesh99,VDR-12684,,,False,0
Onkar Butala,Consultant,EMP10361,IT,Head Office,Disabled,2026-03-09 09:05:00,2026-04-18 00:00:00,onkar.butala89,VDR-10361,DEV59319,manager343,False,1
Jagdish Comar,Administrator,EMP10135,Customer Support,Data Center,Active,2024-01-28 00:00:00,,jagdish.comar6,VDR-10135,,,False,0
Sachi Venkatesh,Engineer,EMP11309,Customer Support,Branch Office,Active,2022-06-07 20:22:01,,sachi.venkatesh74,WS-11309,DEV74369,manager859,False,1
Harrison Mangal,Analyst,EMP12995,Procurement,Work From Home,Active,2022-04-25 00:00:00,,harrison.mangal35,LPT-12995,DEV35518,,False,1
Eesha Nigam,Engineer,EMP12328,R&D,Regional Office,Inactive,2025-02-17 16:00:01,2025-02-18 18:32:55,eesha.nigam82,VDR-12328,DEV34917,manager973,False,1
Zinal Saha,Executive,EMP10366,Human Resources,Head Office,Active,2023-06-16 23:46:22,,zinal.saha75,LPT-10366,,manager466,False,0
Kalpit Mannan,Director,EMP11017,Marketing,Warehouse,Active,2025-04-03 05:46:00,,kalpit.mannan92,LPT-11017,DEV64401,manager568,False,1
Victor Guha,Trainee,EMP10029,Procurement,Warehouse,Active,2024-04-26 00:00:00,,victor.guha7,VDR-10029,DEV30635,manager290,False,1
Krisha Bansal,Director,EMP12578,Legal,Data Center,Active,2024-09-06 10:58:23,,krisha.bansal35,LPT-12578,DEV17034,manager759,False,1
Zarna Chawla,Executive,EMP10022,Customer Support,Regional Office,Active,2024-01-09 11:25:06,,zarna.chawla28,VDR-10022,DEV85525,unknown,False,1
Chandani Palan,Engineer,EMP11924,IT,Data Center,Active,2023-12-15 00:00:00,,chandani.palan99,WS-11924,DEV59220,,False,1
Vasatika Buch,Officer,EMP11100,Operations,Remote,Active,2025-11-07 07:48:07,,vasatika.buch89,VDR-11100,,manager939,False,0
Yauvani Narasimhan,Engineer,EMP10420,Sales,Regional Office,Active,2024-05-13 17:01:23,,yauvani_narasimhan28,LPT-10420,DEV45269,manager899,False,1
Hemani Mohanty,Director,EMP12390,Marketing,Data Center,Active,2021-01-16 16:47:15,,hemani.mohanty26,WS-12390,DEV18876,manager538,False,1
Jatin Mangal,Director,EMP10460,Legal,,Active,2024-11-15 08:34:52,,jatin.mangal83,LPT-10460,,manager977,False,0
Deepa Wagle,Trainee,EMP10043,Sales,Remote,Active,2025-08-12 15:38:29,,deepa.wagle29,WS-10043,DEV39831,manager436,False,1
Janani Dyal,Officer,EMP10087,Finance,,Active,2025-11-11 19:14:14,,janani.dyal31,LPT-10087,DEV10350,manager398,False,1
Gautami Kibe,Administrator,EMP10859,Sales,Regional Office,Active,2023-08-25 13:21:10,,gautami.kibe60,LPT-10859,,manager252,False,0
Baljiwan Yadav,Administrator,EMP10572,R&D,,Active,2020-02-02 00:00:00,,baljiwan.yadav12,WS-10572,DEV44053,manager934,False,1
Quincy Goda,Administrator,EMP10944,Finance,Branch Office,Active,2021-04-24 04:01:34,,quincy.goda70,LPT-10944,DEV43496,manager517,False,1
Theodore Bajaj,Engineer,EMP10282,IT,Branch Office,Active,2020-05-24 15:54:43,,theodore_bajaj68,VDR-10282,DEV84289,unknown,False,1
Nathaniel Mody,Officer,EMP12658,Legal,,Active,2026-06-17 14:25:39,,nathaniel.mody8,LPT-12658,,manager321,False,0
Ojasvi Natt,Officer,EMP12466,Human Resources,Data Center,Inactive,2020-04-18 00:00:00,2025-08-31 00:17:54,ojasvi.natt3,LPT-12466,DEV64322,unknown,False,1
Dalbir Ahuja,Manager,EMP12932,Customer Support,Data Center,Active,2022-06-09 16:21:00,,dalbir.ahuja10,VDR-12932,DEV82327,unknown,False,1
Laksh Kakar,Trainee,EMP12476,Finance,Data Center,Active,2024-07-23 00:00:00,,laksh.kakar31,LPT-12476,DEV65784,manager849,False,1
Ayaan Kalita,Executive,EMP10533,Legal,Work From Home,Active,2023-10-19 12:31:39,,ayaan.kalita91,VDR-10533,DEV25608,,True,2
Ijaya Goda,Executive,EMP10776,Operations,Branch Office,Active,2022-12-04 07:05:30,,ijaya.goda34,VDR-10776,DEV14546,manager559,False,1
Joshua Dash,Manager,EMP12527,Operations,Work From Home,Disabled,,2026-08-23 18:46:51,joshua.dash97,VDR-12527,,,False,0
Mekhala Loyal,Manager,EMP12430,People,Data Center,Active,,,mekhala.loyal73,VDR-12430,,manager724,False,0
Zaitra Nori,Administrator,EMP12464,Legal,Head Office,Active,2021-08-18 05:22:53,,,,DEV44217,unknown,False,1
Bhavika Naidu,Officer,EMP12179,Sales,,Disabled,2022-04-13 00:00:00,2025-12-07 00:00:00,bhavika_naidu97,WS-12179,,,False,0
Advaith Tiwari,Consultant,EMP10809,Finance,Data Center,Active,2023-06-20 00:00:00,,,WS-10809,DEV38085,manager421,False,1
Bahadurjit Ramanathan,Officer,EMP10964,Sales,Regional Office,Disabled,2020-03-12 19:45:56,,bahadurjit.ramanathan73,WS-10964,,manager645,False,0
Girish Tata,Administrator,EMP10978,Finance,,On Leave,,,girish.tata8,WS-10978,DEV77256,manager697,False,1
Joshua Viswanathan,Executive,EMP10691,IT,,Active,,,,LPT-10691,DEV69372,manager557,False,1
Ayush Zacharia,Specialist,EMP10932,Human Resources,Work From Home,Active,2024-11-11 09:52:12,,ayush.zacharia48,WS-10932,,manager635,False,0
Bhavani Shetty,Consultant,EMP11241,IT,Branch Office,Disabled,2021-12-23 00:00:00,2025-04-04 00:00:00,bhavani.shetty89,WS-11241,,manager317,False,0
Yashasvi Mammen,Analyst,EMP12259,Procurement,Regional Office,Active,2024-08-28 00:00:00,,yashasvi.mammen73,LPT-12259,DEV62138,manager659,False,1
Ishwar Ganesan,Officer,EMP11672,Marketing,Branch Office,Active,,,ishwar.ganesan93,WS-11672,DEV46915,,False,1
Qasim Gade,Consultant,EMP11426,IT,Head Office,On Leave,2021-08-26 07:17:00,,qasim.gade91,VDR-11426,DEV46369,manager855,False,1
Wakeeta Sur,Specialist,EMP10221,Operations,Remote,Inactive,,,wakeeta.sur18,LPT-10221,DEV61505,,False,1
Bhavna Ramesh,Engineer,EMP10543,R&D,Work From Home,Active,2024-12-28 04:57:23,,bhavna.ramesh73,WS-10543,DEV70142,,False,1
Quincy Saran,Officer,EMP11286,R&D,Branch Office,Active,2024-06-24 00:00:00,,quincy.saran73,WS-11286,DEV67264,manager420,True,2
Gaurang Pathak,Specialist,EMP12209,Supply Chain,Remote,Active,2025-03-26 00:00:00,,gaurang.pathak52,VDR-12209,DEV71529,manager891,False,1
Jasmit Bose,Officer,EMP10789,Marketing,Data Center,Disabled,2022-08-02 00:00:00,2025-09-24 13:19:49,jasmit.bose49,LPT-10789,,manager127,False,0
Zashil Mistry,Executive,EMP10794,Operations,,Active,2023-01-11 00:00:00,,zashil.mistry18,WS-10794,DEV57338,manager398,False,1
Faqid Dixit,Analyst,EMP11720,R&D,Data Center,Active,,,faqid.dixit37,VDR-11720,DEV95381,manager289,False,1
Xavier Date,Director,EMP12005,Sales,,Active,2023-12-24 04:18:21,,xavier.date15,VDR-12005,,manager687,False,0
Jeet Raju,Administrator,EMP11563,Procurement,Warehouse,Active,2025-07-29 10:40:39,,jeet.raju59,WS-11563,,unknown,False,0
Omya Ram,Director,EMP10612,Operations,Data Center,Active,2025-02-14 06:51:53,,omya.ram43,LPT-10612,DEV39716,,False,1
Dev Kata,Analyst,EMP11456,Legal,,Active,2023-04-08 00:23:27,,dev.kata13,WS-11456,DEV26874,manager111,False,1
Ishaan Ratta,Analyst,EMP11718,Customer Support,Regional Office,Active,2024-09-24 00:00:00,,ishaan.ratta20,VDR-11718,DEV91630,manager497,False,1
Chandani Sane,Consultant,EMP10272,Customer Support,Remote,Active,2023-12-02 17:54:02,,chandani.sane64,WS-10272,,manager914,False,0
Damyanti Nayak,Administrator,EMP10521,IT,Head Office,Active,2024-01-04 15:08:05,,damyanti.nayak82,LPT-10521,DEV68877,unknown,False,1
Yashasvi Nayar,Engineer,EMP11003,Legal,Branch Office,Active,2024-05-21 14:43:32,,yashasvi.nayar20,VDR-11003,DEV37508,manager665,False,1
Vanya Barman,Manager,EMP11373,Sales,Remote,Active,2023-11-09 20:43:00,,vanya.barman11,LPT-11373,DEV76461,manager625,False,1
Kabir Thakur,Analyst,EMP12522,Sales,Remote,Active,2023-08-04 19:03:20,,kabir.thakur63,LPT-12522,DEV73780,manager977,False,1
Omya Choudhury,Consultant,EMP11938,Operations,Head Office,Active,2021-04-10 00:00:00,,omya.choudhury49,WS-11938,DEV77618,manager676,False,1
Ansh Majumdar,Manager,EMP10350,Finance,Head Office,Active,2021-05-24 00:14:47,,ansh.majumdar95,VDR-10350,DEV27984,manager455,False,1
Rachita Gala,Executive,EMP10949,Customer Support,,Active,,,,VDR-10949,DEV63313,manager901,False,1
Ekiya Kota,Specialist,EMP12126,Procurement,Remote,Inactive,2025-03-11 21:37:00,2025-03-23 06:54:47,ekiya.kota86,VDR-12126,DEV84509,manager942,False,1
Advik Sura,Consultant,EMP12387,Legal,Branch Office,Active,2026-05-31 06:14:20,,advik.sura55,WS-12387,DEV54141,,False,1
Mahika Borra,Consultant,EMP12862,Human Resources,Warehouse,Inactive,2021-12-09 07:18:14,2021-12-21 23:48:00,mahika.borra10,WS-12862,DEV83712,manager286,False,1
Meera Kulkarni,Engineer,EMP12672,Operations,,Active,2021-06-05 06:02:25,,meera.kulkarni21,LPT-12672,DEV32716,manager168,False,1
Ishani Tak,Administrator,EMP11179,Customer Support,Warehouse,Active,2023-08-09 07:08:00,,ishani.tak59,VDR-11179,DEV50112,unknown,False,1
Sanaya Chaudhuri,Engineer,EMP11036,IT,Head Office,Active,2026-04-11 14:48:09,,sanaya.chaudhuri76,VDR-11036,,manager349,False,0
Lohit Muni,Officer,EMP12580,Sales,Data Center,Inactive,2021-04-08 20:00:14,,lohit.muni84,VDR-12580,DEV47877,,False,1
Kamala Chakrabarti,Manager,EMP10168,Customer Support,Regional Office,Active,2020-02-26 15:22:03,,kamala.chakrabarti17,VDR-10168,,manager284,False,0
Yashvi Jayaraman,Consultant,EMP12582,Sales,,Active,2021-11-21 13:35:29,,yashvi.jayaraman60,LPT-12582,DEV63947,manager565,False,1
Leena Sama,Analyst,EMP12266,Procurement,,Active,2022-01-28 23:13:55,,leena.sama5,WS-12266,,manager882,False,0
Krishna Mukherjee,Engineer,EMP11954,Operations,Work From Home,Active,,,krishna.mukherjee27,VDR-11954,DEV43779,manager845,False,1
Yashvi Biswas,Trainee,EMP12073,Supply Chain,,Active,,,yashvi.biswas33,VDR-12073,DEV25267,manager968,False,1
Omkaar Peri,Specialist,EMP12377,Customer Support,Data Center,Active,2025-05-05 03:24:19,,omkaar.peri46,LPT-12377,,manager582,False,0
Fiyaz Narayanan,Consultant,EMP10765,Finance,Branch Office,Active,2026-04-09 23:02:32,,fiyaz.narayanan27,VDR-10765,DEV24884,unknown,False,1
Amrita Bhagat,Engineer,EMP12190,Procurement,Data Center,Active,2025-06-16 23:06:21,,amrita.bhagat78,VDR-12190,DEV82413,manager873,False,1
Advika Barman,Analyst,EMP12166,Customer Support,Warehouse,Active,2021-11-16 19:01:00,,advika.barman44,WS-12166,DEV50438,manager618,False,1
Jeremiah Barman,Specialist,EMP12302,Human Resources,Warehouse,Active,2021-09-16 12:37:49,,jeremiah.barman92,VDR-12302,DEV59842,manager924,False,1
Ira Barad,Consultant,EMP10219,Operations,Warehouse,Active,2024-04-30 18:55:34,,ira.barad51,WS-10219,DEV28909,manager141,False,1
Abeer Nori,Trainee,EMP10367,Sales,Remote,Disabled,,2026-08-09 10:13:37,abeer.nori99,WS-10367,DEV44735,,False,1
Odika Gara,Trainee,EMP12545,R&D,Warehouse,Active,2024-03-17 16:51:00,,odika.gara44,WS-12545,DEV13935,manager441,False,1
Indali Ramakrishnan,Trainee,EMP10879,Supply Chain,Remote,Active,2020-05-31 06:00:41,,indali.ramakrishnan84,VDR-10879,DEV84600,,False,1
Bahadurjit Zachariah,Analyst,EMP12347,R&D,Work From Home,Active,2023-09-12 05:53:06,,bahadurjit.zachariah8,LPT-12347,DEV12380,unknown,False,1
Frederick Shetty,Executive,EMP11323,Customer Support,Head Office,Inactive,,2024-08-02 10:59:48,frederick.shetty55,WS-11323,DEV25465,manager159,False,1
Qadim Zacharia,Analyst,EMP11392,Compliance,Head Office,Active,2021-04-16 18:34:29,,qadim.zacharia93,VDR-11392,DEV81001,manager702,False,1
Rudra Chakraborty,Administrator,EMP10351,Customer Support,,Active,,,rudra.chakraborty67,WS-10351,DEV26637,manager220,False,1
Rajata Sandhu,Administrator,EMP11053,Finance,,Active,2022-02-07 16:35:04,,rajata.sandhu83,,DEV99268,manager778,False,1
Gagan Sunder,Trainee,EMP11211,Human Resources,Regional Office,Active,2022-12-30 00:00:00,,gagan.sunder65,WS-11211,DEV64270,,False,1
Geetika Ratti,Manager,EMP11967,Legal,Head Office,Active,2026-03-20 06:58:19,,geetika.ratti44,WS-11967,,manager632,False,0
Garima Sinha,Director,EMP12771,R&D,,Active,2023-11-02 00:00:00,,garima.sinha95,VDR-12771,DEV70816,manager481,False,1
Darpan Singhal,Manager,EMP12442,Procurement,,Active,2026-07-02 10:53:48,,,WS-12442,,manager817,False,0
Janaki Pathak,Executive,EMP10498,Marketing,Remote,Active,2020-02-04 15:25:00,,janaki.pathak70,VDR-10498,DEV94926,manager668,False,1
Dayamai Dora,Administrator,EMP11735,IT,Remote,Active,2024-01-07 00:00:00,,dayamai.dora92,LPT-11735,,manager482,False,0
Yahvi Modi,Trainee,EMP10210,Legal,,Active,2022-08-29 03:50:24,,yahvi.modi57,LPT-10210,DEV54589,,False,1
Keya Khanna,Executive,EMP12487,Legal,Remote,Active,2021-01-14 17:54:56,,keya.khanna72,VDR-12487,DEV18204,manager413,False,1
Samesh Parmer,Specialist,EMP12838,Human Resources,Branch Office,Active,2023-09-05 16:32:00,,samesh.parmer83,LPT-12838,DEV13346,manager322,False,1
Oscar Dubey,Executive,EMP10227,IT,Warehouse,Active,2025-08-19 11:12:33,,oscar.dubey95,LPT-10227,DEV83516,manager485,False,1
Qushi Patla,Consultant,EMP10365,Legal,Remote,Active,2021-09-21 19:20:56,,qushi.patla41,WS-10365,DEV45645,manager888,False,1
Nisha Walla,Officer,EMP10965,Marketing,Data Center,Active,2025-07-12 13:45:12,,nisha.walla79,LPT-10965,DEV65982,manager430,False,1
Manthan Bansal,Trainee,EMP10276,Procurement,Regional Office,Active,,,manthan.bansal82,WS-10276,,manager117,False,0
Arunima Dube,Director,EMP12299,Sales,Regional Office,Inactive,2024-09-19 00:00:00,2025-04-14 18:13:29,arunima.dube33,LPT-12299,,manager203,False,0
Osha Mani,Analyst,EMP11877,Supply Chain,Work From Home,Active,2024-07-26 15:42:06,,osha.mani16,VDR-11877,DEV51558,unknown,False,1
Maanas Tata,Executive,EMP12670,Procurement,Warehouse,Active,2020-08-29 13:46:56,,maanas.tata14,LPT-12670,DEV31745,,False,1
Naksh Khalsa,Director,EMP11103,Finance,Data Center,Active,2025-11-27 18:49:10,,naksh.khalsa84,LPT-11103,DEV43315,manager308,False,1
Abha Agrawal,Director,EMP10407,Human Resources,Warehouse,Active,2022-05-08 03:01:33,,abha_agrawal9,WS-10407,DEV82358,manager994,False,1
Daksh Swamy,Consultant,EMP12044,Operations,Branch Office,Active,,,daksh.swamy14,LPT-12044,DEV38389,manager319,False,1
Hamsini D’Alia,Manager,EMP11124,Legal,Data Center,Active,2022-02-16 03:23:00,,hamsini.d’alia20,LPT-11124,DEV30398,manager504,False,1
Aahana Bandi,Executive,EMP12406,Finance,Data Center,Active,2024-09-28 00:00:00,,aahana.bandi23,WS-12406,DEV43361,manager267,False,1
Jackson Balasubramanian,Officer,EMP10785,R&D,Head Office,Active,2023-07-15 00:00:00,,jackson.balasubramanian40,LPT-10785,,,False,0
Rishi Krishna,Trainee,EMP12564,Brand,Head Office,Active,2024-11-18 14:49:28,,rishi.krishna56,VDR-12564,,,False,0
Brijesh Chaudry,Engineer,EMP12627,Marketing,,Active,2021-11-21 03:19:01,,brijesh.chaudry21,,DEV24746,manager395,False,1
Ryan Arya,Consultant,EMP12380,Customer Support,Head Office,Inactive,2021-08-14 00:00:00,,ryan.arya70,LPT-12380,DEV48879,unknown,False,1
Janya Bhatia,Consultant,EMP10007,Operations,Branch Office,Active,2025-10-24 17:00:29,,janya.bhatia21,VDR-10007,DEV44993,manager723,False,1
Qasim Bahl,Manager,EMP11244,Human Resources,Data Center,Active,2023-04-04 00:00:00,,qasim.bahl54,LPT-11244,DEV88830,manager121,False,1
Alka Mody,Analyst,EMP11289,Brand,,Active,2020-01-19 11:52:34,,alka.mody73,WS-11289,DEV26506,manager881,False,1
Nidra Bora,Specialist,EMP10864,Operations,Regional Office,Active,2023-12-27 18:20:48,,nidra.bora32,VDR-10864,,manager431,False,0
Hredhaan Dave,Executive,EMP10415,Customer Support,Head Office,Active,2024-06-16 21:36:48,,hredhaan.dave8,WS-10415,DEV76426,,False,1
Zansi Sha,Consultant,EMP11742,Sales,Data Center,Active,2023-03-05 20:54:00,,zansi.sha95,LPT-11742,DEV52662,manager504,False,1
Gabriel Pal,Executive,EMP11713,R&D,Head Office,Active,2025-06-26 04:41:02,,gabriel_pal27,WS-11713,DEV39805,manager124,False,1
Warjas Bedi,Officer,EMP11691,Marketing,Remote,Active,2026-02-26 13:09:39,,warjas.bedi21,LPT-11691,DEV34896,manager545,False,1
Nathan Sampath,Consultant,EMP10199,Operations,Regional Office,Active,2022-07-20 22:23:27,,nathan.sampath88,LPT-10199,DEV82089,,False,1
Eshana Sahni,Officer,EMP10283,Brand,Warehouse,Active,2022-09-04 01:40:42,,eshana.sahni88,VDR-10283,DEV14312,manager312,False,1
Gopal Prabhakar,Administrator,EMP10231,Marketing,Head Office,Active,2023-05-10 18:28:18,,gopal.prabhakar93,VDR-10231,DEV98686,,False,1
Anamika Radhakrishnan,Engineer,EMP10718,Procurement,Warehouse,Active,2021-01-07 18:08:31,,anamika.radhakrishnan8,VDR-10718,DEV25963,manager719,False,1
Yash Sur,Administrator,EMP12947,Human Resources,,Active,2024-08-28 00:00:00,,yash.sur34,LPT-12947,DEV13450,manager283,False,1
Lopa Sethi,Director,EMP10096,Marketing,Work From Home,Active,2022-09-04 00:00:00,,,VDR-10096,DEV14809,manager218,False,1
David Sha,Director,EMP12826,Legal,Head Office,Active,2023-07-28 21:24:02,,david.sha41,LPT-12826,DEV63528,,False,1
Theodore Ratti,Specialist,EMP12648,Customer Support,Work From Home,Active,2023-07-23 01:17:24,,theodore.ratti88,LPT-12648,,manager435,False,0
Ishwar Sha,Consultant,EMP11474,Operations,,Active,2026-04-26 02:07:06,,ishwar.sha2,,DEV68246,manager645,False,1
Umang Datta,Director,EMP10881,Sales,Head Office,Active,2023-06-04 04:50:16,,umang.datta23,LPT-10881,DEV37292,manager870,False,1
Daksha Sabharwal,Officer,EMP11419,Human Resources,Data Center,Active,2023-02-10 03:36:43,,daksha.sabharwal88,VDR-11419,,unknown,False,0
Karan Bala,Analyst,EMP12542,Sales,Data Center,Active,2023-10-25 21:49:45,,karan.bala49,LPT-12542,DEV29570,manager273,False,1
Chandresh Samra,Executive,EMP12949,R&D,Branch Office,Active,2020-01-03 00:00:00,,chandresh.samra52,VDR-12949,DEV80247,manager873,False,1
Harish Sampath,Director,EMP12666,Finance,Regional Office,Active,2022-10-25 18:40:11,,harish.sampath8,WS-12666,DEV69318,unknown,False,1
Harini Ram,Engineer,EMP12254,Procurement,Remote,Active,2024-12-03 19:44:41,,harini.ram37,VDR-12254,DEV11599,manager384,False,1
Tejas Dugar,Director,EMP11462,Operations,Head Office,Active,2020-04-20 15:39:00,,tejas.dugar38,WS-11462,DEV52550,manager465,False,1
Leena Kalla,Trainee,EMP10104,Legal,Remote,Active,2021-12-26 15:40:00,,leena.kalla70,LPT-10104,,unknown,False,0
Siya Bhandari,Executive,EMP12298,Compliance,,Disabled,,,siya.bhandari78,LPT-12298,DEV26970,manager250,False,1
Divya Chakrabarti,Officer,EMP12872,R&D,,Active,2024-06-12 02:12:31,,divya.chakrabarti94,WS-12872,DEV53325,,False,1
Advik Wagle,Officer,EMP11725,R&D,Warehouse,Disabled,2022-02-11 02:52:43,2023-01-10 08:52:56,advik.wagle63,WS-11725,DEV97428,unknown,False,1
Gagan Sankar,Analyst,EMP12609,Compliance,,Active,2025-12-11 07:19:39,,gagan.sankar65,LPT-12609,,manager708,False,0
Nidra Sengupta,Administrator,EMP11102,Operations,Branch Office,Active,2024-09-04 07:41:03,,nidra.sengupta76,VDR-11102,,manager490,False,0
Chandran Ganesan,Analyst,EMP12820,Legal,Head Office,Active,2021-02-17 08:46:00,,chandran.ganesan24,VDR-12820,DEV79919,,False,1
Vidhi Kuruvilla,Officer,EMP10807,IT,Branch Office,On Leave,2021-06-17 16:21:26,,vidhi.kuruvilla75,VDR-10807,,unknown,False,0
Watika Muni,Executive,EMP10226,Legal,Data Center,Active,2025-03-14 19:06:31,,watika_muni41,VDR-10226,,,False,0
Azad Hora,Executive,EMP10840,Human Resources,Branch Office,Disabled,2022-08-22 00:00:00,2025-01-08 11:22:19,azad.hora31,LPT-10840,DEV42189,,False,1
Chaaya Cherian,Officer,EMP12369,IT,,Active,2021-06-16 07:50:21,,chaaya.cherian34,VDR-12369,DEV96164,manager148,False,1
Wriddhish Chaudhari,Engineer,EMP11621,R&D,Work From Home,Active,,,wriddhish.chaudhari31,WS-11621,DEV15451,,False,1
Chakrika Shankar,Officer,EMP12639,R&D,Regional Office,Active,2020-07-09 03:30:35,,chakrika.shankar97,LPT-12639,DEV73065,manager598,False,1
Qabil Bose,Administrator,EMP12528,R&D,Branch Office,On Leave,2024-09-13 11:26:31,,,LPT-12528,DEV94122,,False,1
Chaaya Gokhale,Trainee,EMP11093,Procurement,Remote,Disabled,2021-07-16 15:32:00,2025-03-24 23:18:41,chaaya.gokhale74,VDR-11093,,manager228,False,0
Sarthak Kohli,Manager,EMP12897,Operations,Work From Home,Active,,,sarthak.kohli12,VDR-12897,DEV21839,manager897,False,1
Nitesh Naik,Analyst,EMP12783,Marketing,Remote,Active,2021-01-09 00:00:00,,nitesh.naik20,LPT-12783,DEV50285,manager425,False,1
Rachita Baria,Administrator,EMP11763,Customer Support,Data Center,Active,2023-07-07 22:35:00,,rachita.baria48,LPT-11763,DEV96017,manager140,False,1
Mohammed Modi,Analyst,EMP12510,Compliance,Warehouse,Active,2024-07-20 05:20:53,,mohammed.modi93,LPT-12510,DEV79614,,False,1
Alka Sastry,Executive,EMP10979,Finance,Data Center,Active,2023-02-19 00:00:00,,alka.sastry70,WS-10979,DEV89079,unknown,False,1
Mitali Bains,Consultant,EMP11953,IT,Head Office,Active,,,mitali.bains90,WS-11953,DEV93765,manager321,False,1
Kalpit Mane,Trainee,EMP10464,Operations,Head Office,Active,2022-11-26 13:25:53,,kalpit.mane85,LPT-10464,DEV96364,,False,1
Jairaj Jayaraman,Executive,EMP11940,Brand,Work From Home,Active,2024-09-12 16:36:58,,jairaj.jayaraman47,VDR-11940,DEV59194,manager740,False,1
Tara Thakur,Director,EMP12595,Legal,Regional Office,Inactive,2023-05-28 08:16:53,,tara.thakur66,WS-12595,DEV56017,,False,1
Ekta Batra,Trainee,EMP10927,Operations,Head Office,Disabled,2020-09-11 14:25:25,2024-04-23 16:16:28,ekta.batra25,LPT-10927,DEV65796,,False,1
Gaurika Patla,Executive,EMP11359,Human Resources,Work From Home,Active,2021-06-02 15:37:00,,gaurika.patla96,LPT-11359,DEV66547,,False,1
Kamya Pandya,Engineer,EMP11216,Sales,Work From Home,Active,2021-08-30 14:01:40,,kamya_pandya54,WS-11216,DEV82297,,False,1
Hiral Kibe,Administrator,EMP11032,People,Regional Office,Active,2021-11-10 01:04:42,,hiral.kibe29,VDR-11032,DEV58362,manager885,False,1
Sara Borah,Analyst,EMP12567,IT,Head Office,Active,2022-06-25 06:02:35,,sara.borah1,,DEV78025,manager512,False,1
Darsh Mishra,Executive,EMP11936,Finance,,Active,2020-05-11 22:02:05,,darsh.mishra10,WS-11936,DEV75721,,False,1
Advaith Agate,Engineer,EMP10212,R&D,Branch Office,Active,2023-04-08 12:17:14,,advaith.agate35,LPT-10212,DEV16632,,False,1
Netra Vasa,Engineer,EMP10012,Operations,Branch Office,Active,2020-05-26 09:15:05,,netra.vasa52,VDR-10012,DEV74686,,False,1
Vyanjana Prabhu,Manager,EMP12990,Procurement,Data Center,Inactive,2025-01-02 19:31:17,2025-08-24 00:00:00,vyanjana.prabhu25,LPT-12990,DEV86687,manager504,False,1
Yuvraj Bahl,Director,EMP10422,Brand,Data Center,Active,2023-12-20 23:31:35,,yuvraj.bahl40,WS-10422,,manager633,False,0
Om Bawa,Trainee,EMP12436,IT,Data Center,Active,2023-11-22 01:22:07,,om.bawa8,VDR-12436,DEV66648,,False,1
Oscar Lad,Administrator,EMP12366,Brand,Regional Office,Active,2020-08-14 18:49:18,,oscar.lad97,LPT-12366,DEV50290,unknown,False,1
Hamsini Lala,Consultant,EMP11749,Operations,Head Office,Inactive,2023-04-07 06:52:00,,hamsini.lala64,WS-11749,DEV72075,manager805,False,1
Gunbir Dubey,Director,EMP11391,Human Resources,Regional Office,Disabled,2022-04-18 20:33:33,,gunbir.dubey35,WS-11391,DEV27195,manager616,False,1
Advika Pai,Analyst,EMP12721,Procurement,Work From Home,Disabled,2024-01-21 00:00:00,2025-03-03 14:52:15,advika.pai76,LPT-12721,DEV86225,manager151,False,1
Yuvraj Mani,Administrator,EMP11745,Legal,Work From Home,Active,2021-08-16 10:28:57,,yuvraj.mani31,LPT-11745,DEV81036,manager131,False,1
Libni Bhatnagar,Analyst,EMP10741,IT,Branch Office,Active,2022-05-31 12:33:00,,libni.bhatnagar11,LPT-10741,DEV95426,manager926,False,1
Charita Hari,Officer,EMP11626,IT,Work From Home,Inactive,2022-08-12 04:30:50,,charita_hari90,LPT-11626,DEV34651,manager684,False,1
Peter Bumb,Director,EMP12358,R&D,Remote,Active,2022-08-19 14:42:00,,peter.bumb56,VDR-12358,DEV68697,,False,1
Ishanvi Dugar,Executive,EMP10509,R&D,Remote,Inactive,2025-01-05 19:49:00,,ishanvi.dugar70,WS-10509,,manager613,False,0
Janani Rajagopalan,Director,EMP10644,Customer Support,Warehouse,Active,2023-09-27 15:30:44,,janani.rajagopalan6,VDR-10644,DEV16461,manager411,False,1
Gaurangi Chaudry,Analyst,EMP10597,People,Warehouse,Active,2024-06-21 16:04:56,,gaurangi.chaudry25,VDR-10597,,manager704,False,0
Xalak Gill,Analyst,EMP11005,Customer Support,Remote,Inactive,2022-08-07 09:05:41,,xalak.gill58,LPT-11005,DEV85695,manager929,False,1
Warhi Sarraf,Trainee,EMP12015,R&D,,Inactive,2024-03-22 11:04:08,,warhi.sarraf16,LPT-12015,DEV62777,manager926,False,1
Meera Srinivasan,Trainee,EMP11237,Legal,,Disabled,2025-04-19 00:00:00,2026-02-10 00:00:00,meera.srinivasan63,VDR-11237,DEV45608,manager680,False,1
Gunbir Viswanathan,Manager,EMP12725,Customer Support,Remote,Inactive,2020-09-27 16:43:42,2025-02-21 14:30:00,gunbir.viswanathan52,VDR-12725,DEV48919,manager684,False,1
Liam Ahluwalia,Trainee,EMP10518,Human Resources,Regional Office,Active,2021-05-15 23:23:33,,liam.ahluwalia43,WS-10518,DEV72786,manager520,False,1
Ucchal Choudhary,Officer,EMP12240,Marketing,Warehouse,Active,2021-07-03 12:53:09,,ucchal.choudhary33,LPT-12240,DEV81717,manager333,False,1
Alexander Bumb,Consultant,EMP10573,Finance,Remote,Active,2024-03-08 09:04:56,,alexander.bumb98,WS-10573,DEV80136,,False,1
Rachit Shanker,Executive,EMP11073,IT,Remote,Active,2022-03-11 10:10:35,,rachit.shanker56,WS-11073,DEV46747,manager786,False,1
Zinal Karnik,Executive,EMP12808,Finance,Head Office,Active,2024-01-01 10:21:13,,zinal_karnik88,WS-12808,DEV39607,manager587,False,1
Urvi Kala,Trainee,EMP12063,Finance,Data Center,Active,2021-07-03 17:41:21,,urvi.kala69,VDR-12063,,,False,0
Dalaja Sankar,Manager,EMP11316,Brand,Warehouse,Disabled,2025-03-14 01:54:00,2026-01-18 03:53:59,dalaja.sankar21,VDR-11316,,manager659,False,0
Pranit Chadha,Officer,EMP11220,Sales,Data Center,Active,2020-06-09 00:00:00,,pranit.chadha56,LPT-11220,DEV90775,,False,1
Kevin Ahuja,Executive,EMP11613,Human Resources,Remote,Active,2025-07-03 20:36:50,,kevin.ahuja64,WS-11613,DEV36293,manager447,False,1
Raksha Verma,Specialist,EMP10123,Marketing,,Active,2021-12-27 11:01:29,,raksha.verma87,VDR-10123,,manager734,False,0
Amrita Balakrishnan,Director,EMP11251,Procurement,,Inactive,,2025-03-25 19:36:58,amrita.balakrishnan89,VDR-11251,,manager251,False,0
Priya Rajagopalan,Executive,EMP10220,IT,Regional Office,Active,2021-04-07 17:49:14,,,WS-10220,DEV72094,manager627,False,1
Zansi Dhar,Consultant,EMP12994,Finance,Work From Home,Active,2026-02-10 00:55:41,,zansi.dhar14,VDR-12994,,manager716,False,0
Anirudh Kapoor,Consultant,EMP10358,Marketing,Head Office,Active,2021-09-15 11:07:33,,anirudh.kapoor37,VDR-10358,DEV69866,manager903,False,1
Lakshmi Nigam,Manager,EMP12218,Finance,Head Office,Disabled,2025-06-26 21:16:00,2026-01-30 15:01:00,lakshmi.nigam78,VDR-12218,DEV98208,manager829,False,1
Chavvi Naidu,Specialist,EMP12123,R&D,Data Center,Disabled,2023-04-02 12:28:55,2026-06-10 00:00:00,chavvi.naidu26,VDR-12123,DEV25765,manager520,True,3
Damini Prabhakar,Officer,EMP12295,Procurement,Work From Home,Active,2022-07-30 23:59:00,,damini.prabhakar11,WS-12295,DEV57454,manager897,False,1
Hemal Palla,Officer,EMP10259,Finance,Remote,Active,2025-01-31 00:00:00,,hemal.palla8,LPT-10259,DEV85511,,False,1
Yahvi Sinha,Director,EMP12855,Operations,Work From Home,Active,2022-05-28 00:00:00,,yahvi.sinha85,WS-12855,DEV63952,manager373,False,1
Jairaj Ben,Director,EMP12830,Operations,Head Office,Active,,,jairaj.ben13,WS-12830,DEV79017,manager283,False,1
Thomas Majumdar,Director,EMP12465,Marketing,Data Center,Active,2024-01-30 20:23:09,,thomas.majumdar70,VDR-12465,DEV16787,,False,1
Aishani Dayal,Officer,EMP12906,Sales,Remote,Active,2021-09-30 00:58:36,,aishani.dayal71,VDR-12906,,manager981,False,0
Jatin Narasimhan,Executive,EMP11675,People,,Active,2022-10-25 01:44:23,,jatin.narasimhan80,VDR-11675,DEV70393,unknown,False,1
Harita Dutta,Consultant,EMP12480,IT,Remote,Active,2023-11-11 20:44:53,,harita.dutta68,,DEV22156,manager582,False,1
Rajeshri Shetty,Engineer,EMP11845,Legal,,Active,2022-01-17 18:29:49,,rajeshri.shetty52,WS-11845,DEV97327,manager820,False,1
Lila Rege,Specialist,EMP11536,Finance,Remote,Disabled,2026-04-16 10:01:48,2026-07-09 09:08:00,lila.rege10,WS-11536,DEV79168,unknown,False,1
Edhitha Loyal,Trainee,EMP12857,Procurement,Regional Office,Active,2025-02-01 09:48:00,,edhitha.loyal90,VDR-12857,DEV80999,,False,1
Manan Jayaraman,Consultant,EMP12397,R&D,Work From Home,Active,2025-02-09 08:56:42,,manan.jayaraman61,WS-12397,DEV64253,,False,1
Daksh Kari,Engineer,EMP10456,Supply Chain,Regional Office,Active,,,daksh.kari74,WS-10456,,manager543,False,0
Damyanti Barad,Manager,EMP10462,IT,Work From Home,Active,2024-04-28 00:00:00,,damyanti.barad71,VDR-10462,DEV91142,manager770,False,1
Keya Johal,Director,EMP12292,Procurement,Data Center,Active,2021-09-22 18:34:14,,keya.johal9,LPT-12292,DEV29770,,False,1
Yadavi Kaur,Administrator,EMP11788,Marketing,Data Center,Active,2025-02-18 12:14:54,,yadavi.kaur93,LPT-11788,DEV40210,manager373,False,1
Harita Kakar,Manager,EMP11767,Customer Support,Branch Office,Disabled,2021-03-27 00:00:00,,harita.kakar82,VDR-11767,DEV26640,,False,1
Tanveer Sankar,Executive,EMP10381,Operations,Branch Office,Active,2026-04-12 05:06:18,,tanveer.sankar50,LPT-10381,,manager705,False,0
Nitesh Dugar,Director,EMP11444,Human Resources,Data Center,Active,2020-03-29 17:13:41,,nitesh.dugar65,WS-11444,,manager270,False,0
Aarav Chakraborty,Manager,EMP11187,Customer Support,Warehouse,Active,2023-04-02 04:18:57,,aarav_chakraborty53,LPT-11187,DEV13104,manager989,False,1
Alka Ranganathan,Engineer,EMP12607,Finance,Work From Home,Active,2020-06-07 07:40:54,,alka.ranganathan93,,DEV25527,manager861,False,1
Vasana Singhal,Executive,EMP12357,IT,Data Center,Active,2022-08-18 14:38:00,,vasana.singhal7,VDR-12357,DEV70852,manager880,False,1
Harita Parekh,Administrator,EMP11842,Procurement,Branch Office,Active,2022-03-18 17:40:46,,harita.parekh10,LPT-11842,DEV70599,manager894,False,1
Charles Shah,Manager,EMP11554,Sales,Data Center,Inactive,,,charles.shah45,LPT-11554,DEV24733,,False,1
Warjas Sachar,Director,EMP10059,Human Resources,Data Center,Active,,,warjas.sachar28,WS-10059,DEV81121,manager530,False,1
Ati Chana,Specialist,EMP11608,Sales,Work From Home,Active,2024-08-03 12:25:57,,ati.chana43,VDR-11608,DEV63364,,False,1
Rachana Tank,Engineer,EMP12638,R&D,,Active,2023-04-08 21:33:00,,rachana.tank4,VDR-12638,DEV70797,unknown,False,1
Vrinda Ratta,Director,EMP11364,R&D,Remote,Active,2025-01-01 02:29:19,,vrinda.ratta87,WS-11364,DEV33163,manager891,False,1
Caleb Khurana,Engineer,EMP11505,Human Resources,Remote,Active,2025-06-07 04:11:00,,caleb.khurana94,WS-11505,DEV70204,,False,1
Faqid Gaba,Executive,EMP12876,Human Resources,Branch Office,Active,,,faqid.gaba42,WS-12876,DEV49654,manager726,False,1
Rachana Sibal,Engineer,EMP12359,Legal,Data Center,Active,2020-04-14 22:25:32,,rachana.sibal12,WS-12359,DEV65919,manager438,False,1
Waida Raju,Officer,EMP12928,Human Resources,Remote,Active,,,waida.raju48,VDR-12928,DEV43330,manager498,False,1
Indali Saraf,Executive,EMP11480,Marketing,Work From Home,Active,2022-12-29 16:51:28,,,LPT-11480,DEV62575,,False,1
Jhalak Toor,Consultant,EMP10542,Marketing,Head Office,Inactive,,2025-10-31 01:00:00,jhalak.toor65,VDR-10542,DEV43776,,False,1
Brijesh Hegde,Engineer,EMP11133,Finance,Head Office,Active,2021-08-20 01:47:05,,brijesh.hegde76,,DEV62596,,False,1
Charles Subramaniam,Executive,EMP11764,Sales,Remote,Active,2020-07-05 09:28:00,,charles.subramaniam30,LPT-11764,DEV61211,manager112,False,1
Vasudha Raj,Specialist,EMP12610,Customer Support,Warehouse,Active,2022-05-07 13:43:40,,vasudha.raj58,VDR-12610,,manager113,False,0
Yashvi Din,Director,EMP11880,Marketing,Head Office,Active,2026-01-20 11:40:41,,yashvi.din95,LPT-11880,DEV47375,manager240,False,1
Abeer Kashyap,Specialist,EMP10845,Operations,Regional Office,Inactive,2021-11-08 07:53:00,,abeer.kashyap41,WS-10845,DEV40924,manager381,False,1
Dayita Bhatia,Consultant,EMP12494,Sales,Branch Office,Active,2023-06-26 13:53:47,,dayita.bhatia69,LPT-12494,DEV21139,manager397,False,1
Agastya Sarraf,Director,EMP12655,Customer Support,Warehouse,Active,2021-06-29 22:44:18,,agastya.sarraf35,VDR-12655,DEV40499,,False,1
Aarush Din,Director,EMP11475,Finance,Remote,Active,2024-11-10 00:12:23,,aarush_din90,WS-11475,DEV14229,unknown,False,1
Owen Rau,Analyst,EMP11839,Finance,Head Office,Active,,,owen.rau90,WS-11839,,,False,0
Girik Pingle,Director,EMP12980,Innovation,Branch Office,Active,2021-11-28 19:48:13,,girik_pingle83,VDR-12980,DEV91958,manager317,False,1
Ekiya Jaggi,Consultant,EMP11801,Legal,Head Office,Active,2021-05-08 05:31:54,,ekiya.jaggi5,LPT-11801,DEV21792,manager812,False,1
Indali Pandey,Engineer,EMP11766,Sales,Regional Office,Active,,,indali.pandey62,WS-11766,,manager666,False,0
Ojasvi Vohra,Manager,EMP12493,IT,Head Office,Active,2024-01-30 00:00:00,,ojasvi.vohra89,VDR-12493,DEV88063,manager117,False,1
Garima Arora,Manager,EMP11786,IT,Remote,Active,2021-01-30 21:16:00,,garima.arora7,LPT-11786,DEV81891,,False,1
Edhitha Saini,Specialist,EMP11018,Finance,Head Office,Active,2021-05-05 16:16:48,,edhitha.saini50,WS-11018,DEV15723,manager743,False,1
Triveni Palla,Specialist,EMP10435,Finance,Data Center,Active,2024-01-23 05:32:40,,triveni.palla12,VDR-10435,DEV66283,manager138,False,1
Anamika Iyengar,Manager,EMP11114,Operations,Regional Office,Active,2020-10-17 21:49:41,,anamika.iyengar53,LPT-11114,DEV20052,manager158,False,1
Naksh Anand,Engineer,EMP10237,Procurement,Warehouse,Inactive,,2022-12-26 01:31:53,naksh.anand12,VDR-10237,DEV14888,,False,1
Gopal Uppal,Manager,EMP11075,Procurement,Regional Office,Inactive,,,gopal.uppal74,WS-11075,DEV59415,manager903,False,1
Warda Raju,Consultant,EMP10109,Legal,Regional Office,Inactive,2020-04-21 12:49:00,2022-04-20 00:00:00,warda.raju69,VDR-10109,DEV73956,manager394,False,1
Niharika Bal,Specialist,EMP12119,Marketing,,Active,,,niharika.bal84,VDR-12119,DEV82356,manager816,False,1
Ojasvi Bansal,Manager,EMP10163,R&D,Work From Home,Active,2021-06-20 02:55:30,,ojasvi.bansal8,WS-10163,,manager824,False,0
Jyoti Guha,Specialist,EMP10288,Finance,Regional Office,Active,2022-07-06 17:05:25,,jyoti_guha56,WS-10288,DEV21232,unknown,False,1
Darsh Bal,Analyst,EMP10252,R&D,Remote,Active,,,darsh.bal9,,DEV33590,manager846,False,1
Raksha Gokhale,Executive,EMP12588,Sales,Warehouse,Active,2022-12-26 00:00:00,,,VDR-12588,,,False,0
Chatura Chowdhury,Specialist,EMP12350,IT,Warehouse,Active,,,chatura.chowdhury52,WS-12350,DEV38261,manager595,False,1
Pallavi Kunda,Trainee,EMP10767,Operations,Data Center,Disabled,2023-12-31 00:00:00,2026-04-07 12:14:56,pallavi.kunda48,VDR-10767,DEV79033,,False,1
Lipika Kumer,Manager,EMP10787,Operations,,Active,,,lipika.kumer68,WS-10787,DEV21593,,False,1
Chasmum Sachdeva,Specialist,EMP11378,Compliance,,Active,2025-08-03 01:04:07,,chasmum.sachdeva79,VDR-11378,DEV55705,unknown,False,1
Abha Manda,Specialist,EMP11027,IT,Head Office,Active,2022-02-14 18:57:00,,abha.manda57,LPT-11027,DEV59465,manager344,False,1
Abdul Baral,Analyst,EMP11037,People,Branch Office,Active,2021-04-16 05:22:42,,abdul.baral80,WS-11037,DEV75369,manager757,False,1
Krishna Chaudry,Consultant,EMP10869,Human Resources,Regional Office,Active,2020-12-29 00:22:31,,krishna.chaudry17,VDR-10869,DEV66744,manager230,False,1
Liam Saran,Specialist,EMP12957,IT,Regional Office,Active,2023-08-07 23:24:00,,liam.saran13,WS-12957,,manager438,False,0
Netra Madan,Consultant,EMP12405,Marketing,Branch Office,Active,2026-07-02 15:41:18,,netra.madan80,VDR-12405,DEV51725,manager204,False,1
Eta Saran,Officer,EMP11980,Marketing,Regional Office,Active,,,eta.saran85,VDR-11980,,manager974,False,0
Mitesh Chaudhry,Consultant,EMP12159,R&D,Branch Office,Inactive,2020-05-18 05:17:53,2020-12-22 21:29:02,mitesh_chaudhry88,VDR-12159,DEV60002,manager532,False,1
Ishwar Bose,Director,EMP12801,Marketing,Regional Office,Inactive,,2026-07-12 07:30:08,ishwar.bose49,VDR-12801,DEV37085,manager304,False,1
Yahvi Mangal,Analyst,EMP12908,Supply Chain,Regional Office,Active,2024-08-25 22:03:50,,yahvi.mangal15,,,,False,0
Joshua Setty,Director,EMP12053,Human Resources,Remote,Inactive,2020-01-20 00:00:00,,joshua.setty16,LPT-12053,DEV27842,manager920,False,1
Qadim Lalla,Administrator,EMP12472,Customer Support,Regional Office,Active,2025-02-09 13:34:22,,qadim.lalla39,WS-12472,DEV58806,manager274,False,1
Nidra Mahal,Consultant,EMP10461,R&D,Head Office,Active,2023-06-07 10:38:28,,nidra.mahal64,,DEV95638,manager670,False,1
Unnati Krishnan,Executive,EMP10911,Operations,Regional Office,Active,2024-03-28 00:00:00,,unnati.krishnan27,WS-10911,DEV67870,manager201,False,1
Gauri Sabharwal,Administrator,EMP12772,IT,Head Office,Active,2020-05-31 18:56:00,,gauri.sabharwal56,LPT-12772,DEV43398,manager987,True,2
Raghav Dutt,Executive,EMP10157,Human Resources,Remote,Active,2026-06-19 21:45:00,,raghav.dutt31,LPT-10157,DEV32740,unknown,False,1
Janani Dasgupta,Executive,EMP10930,Legal,Branch Office,Active,2023-11-23 01:32:25,,,VDR-10930,,,False,0
Anita Varughese,Manager,EMP12138,Sales,Remote,Active,2023-01-06 17:38:00,,anita.varughese46,LPT-12138,DEV86149,manager606,False,1
Ekansh Mangal,Officer,EMP12164,Marketing,Warehouse,Active,2020-06-04 00:00:00,,ekansh.mangal49,WS-12164,DEV66536,manager546,False,1
Aashi Nadig,Manager,EMP10677,Customer Support,Branch Office,Active,2022-04-22 00:00:00,,aashi.nadig72,VDR-10677,,manager821,False,0
Oscar Chhabra,Director,EMP12827,Customer Support,Head Office,Active,2025-06-12 11:43:53,,oscar.chhabra40,WS-12827,DEV11374,manager531,False,1
Yochana Choudhary,Engineer,EMP11255,IT,Head Office,Active,2023-04-11 00:00:00,,yochana.choudhary64,VDR-11255,DEV38329,manager207,False,1
Sanya Narang,Trainee,EMP10238,Legal,,Inactive,2020-01-29 19:00:36,2025-03-16 13:45:56,sanya_narang5,VDR-10238,DEV47941,manager443,False,1
Lajita Dhingra,Engineer,EMP11052,Sales,Data Center,Active,2025-10-02 13:56:55,,lajita.dhingra55,LPT-11052,,,False,0
Anmol Dugar,Officer,EMP11532,IT,Head Office,Active,2023-09-20 00:00:00,,anmol.dugar63,VDR-11532,DEV58952,,False,1
Fariq Atwal,Specialist,EMP10243,Procurement,Head Office,Active,2022-01-04 03:59:50,,fariq_atwal39,WS-10243,,manager221,False,0
Turvi Nigam,Manager,EMP10100,Sales,Data Center,Disabled,2024-03-28 09:34:00,,turvi.nigam12,LPT-10100,DEV94896,manager822,False,1
Girindra Pathak,Executive,EMP10315,Human Resources,Remote,Active,2023-07-23 10:10:04,,girindra.pathak40,VDR-10315,DEV28528,manager688,False,1
Omya Mukherjee,Administrator,EMP12409,Sales,Remote,Inactive,2020-02-27 13:04:36,2024-07-26 16:04:00,omya.mukherjee26,WS-12409,DEV68041,manager713,False,1
Chakradev Chakraborty,Specialist,EMP12513,Customer Support,Data Center,Active,2022-01-21 20:25:01,,chakradev.chakraborty45,VDR-12513,DEV42157,,False,1
Sara Raj,Manager,EMP11041,IT,,On Leave,2020-06-10 21:22:08,,sara.raj57,WS-11041,DEV19173,manager244,False,1
Yadavi Seshadri,Specialist,EMP11064,Compliance,,Active,2022-11-13 02:46:32,,yadavi_seshadri1,WS-11064,DEV73691,manager444,False,1
Pavani Atwal,Director,EMP10261,Finance,Warehouse,On Leave,2025-06-21 00:00:00,,pavani.atwal76,WS-10261,DEV16145,manager904,False,1
Gautam Sama,Officer,EMP11655,Legal,Data Center,Active,,,gautam.sama21,LPT-11655,DEV68062,manager783,False,1
Veer Lal,Analyst,EMP12966,Finance,Head Office,Active,2020-08-22 15:36:02,,veer.lal49,VDR-12966,,manager312,False,0
Tanay Karnik,Executive,EMP10195,Supply Chain,Regional Office,Active,,,tanay.karnik5,WS-10195,DEV58623,manager240,False,1
Yatan Chander,Director,EMP11941,IT,Branch Office,Active,,,yatan.chander61,LPT-11941,,manager732,False,0
Dayita Apte,Director,EMP11078,Sales,Data Center,Disabled,2021-01-27 00:00:00,2026-03-11 14:01:18,dayita.apte69,WS-11078,DEV57844,manager209,False,1
Vinaya Lal,Consultant,EMP11847,Marketing,Regional Office,Active,2024-02-05 06:27:27,,vinaya.lal10,WS-11847,DEV85926,manager225,False,1
Ridhi Kadakia,Trainee,EMP10179,Finance,Data Center,Inactive,2020-02-29 01:01:57,2021-06-07 00:00:00,ridhi.kadakia61,VDR-10179,DEV10688,manager844,False,1
Praneel Panchal,Executive,EMP11412,Marketing,Remote,Active,2024-06-10 18:50:17,,praneel.panchal28,VDR-11412,DEV23411,manager884,False,1
Mason Garg,Trainee,EMP10842,IT,Work From Home,Disabled,2020-09-17 18:14:25,2023-04-01 13:10:00,mason.garg83,LPT-10842,DEV17251,,False,1
Ryan Borah,Director,EMP12389,Operations,Warehouse,Active,2020-01-31 22:43:58,,ryan.borah18,LPT-12389,,manager324,False,0
Yashoda Kapur,Trainee,EMP11510,R&D,Head Office,Active,2025-05-23 11:26:07,,yashoda.kapur75,VDR-11510,DEV16695,manager589,False,1
Dhriti Sami,Officer,EMP11995,Compliance,Branch Office,Active,2025-03-16 00:00:00,,dhriti.sami98,LPT-11995,DEV20644,manager943,False,1
Prisha Venkataraman,Director,EMP10340,Finance,Warehouse,Disabled,,,prisha.venkataraman28,VDR-10340,DEV67984,,False,1
Ganga Yogi,Specialist,EMP11134,IT,Branch Office,Active,,,ganga.yogi55,LPT-11134,DEV16678,manager748,False,1
Ria Yadav,Director,EMP12364,Sales,Remote,Disabled,2025-03-22 00:00:00,2026-05-04 00:00:00,ria.yadav87,LPT-12364,DEV20271,manager673,False,1
Faqid Kuruvilla,Officer,EMP10748,IT,Branch Office,Active,2020-12-26 14:26:24,,faqid.kuruvilla95,LPT-10748,DEV13809,manager340,False,1
Orinder Karpe,Executive,EMP12936,IT,Data Center,On Leave,2026-05-16 00:00:00,,orinder.karpe99,VDR-12936,DEV55597,manager843,False,1
Watika Sant,Engineer,EMP10662,Human Resources,Work From Home,Active,2022-11-03 01:21:16,,watika.sant81,,DEV64346,manager925,False,1
Kamya Taneja,Consultant,EMP10480,Sales,Work From Home,Active,2021-09-02 09:47:47,,kamya.taneja57,VDR-10480,,unknown,False,0
Aarna Menon,Analyst,EMP10803,Human Resources,Work From Home,Active,2020-11-30 23:26:48,,aarna.menon15,WS-10803,DEV66524,manager775,False,1
Upasna Batra,Engineer,EMP12204,Finance,Remote,Inactive,2025-01-03 00:46:20,2026-06-12 07:34:00,upasna_batra71,WS-12204,DEV63564,,False,1
Lopa Sarin,Trainee,EMP10998,Finance,,Active,2020-09-13 01:34:11,,lopa.sarin4,WS-10998,DEV94587,manager613,False,1
Diya Dutt,Trainee,EMP11431,Procurement,Head Office,Active,2020-09-25 11:46:00,,diya.dutt12,LPT-11431,DEV21870,manager705,False,1
Zarna Pall,Specialist,EMP12509,Finance,Data Center,Active,2022-09-06 00:00:00,,zarna.pall69,WS-12509,DEV27616,manager349,False,1
Inaya Garg,Analyst,EMP10549,Customer Support,Work From Home,Active,2024-03-09 15:33:32,,inaya.garg98,WS-10549,DEV58653,,False,1
Warda Bora,Engineer,EMP11210,Sales,Regional Office,Active,2023-02-04 00:00:00,,warda.bora45,VDR-11210,DEV11883,manager414,False,1
Bahadurjit Ramaswamy,Trainee,EMP10783,Sales,Remote,Active,,,bahadurjit.ramaswamy51,VDR-10783,DEV89308,unknown,False,1
Rehaan Kothari,Officer,EMP12791,IT,,Active,2022-01-12 05:05:56,,rehaan.kothari61,WS-12791,DEV21773,,False,1
Rajata Sem,Analyst,EMP12007,Procurement,Regional Office,Active,2021-03-13 14:37:17,,rajata.sem34,LPT-12007,DEV85865,unknown,False,1
Bhanumati Tella,Executive,EMP10742,Innovation,,Active,2023-10-31 00:00:00,,bhanumati.tella99,LPT-10742,DEV93863,manager278,False,1
Jhalak Ben,Engineer,EMP12488,Operations,,Active,,,jhalak.ben53,VDR-12488,DEV39678,manager624,False,1
Nilima Basak,Director,EMP12733,Procurement,Branch Office,Disabled,2025-12-03 13:31:37,2026-07-31 12:56:02,nilima.basak27,WS-12733,DEV99094,,False,1
Noah Ray,Analyst,EMP12910,R&D,,Active,2021-01-02 22:09:42,,noah.ray4,WS-12910,DEV88117,manager700,False,1
Samesh Tandon,Engineer,EMP11642,People,Branch Office,Active,2026-02-18 15:09:33,,samesh_tandon65,VDR-11642,DEV35472,manager992,False,1
Jason Lanka,Executive,EMP12033,Customer Support,Work From Home,Disabled,2022-04-13 15:34:17,2025-08-17 04:42:08,jason.lanka36,VDR-12033,DEV54909,manager503,False,1
Benjamin Bhatia,Consultant,EMP11239,Customer Support,Data Center,Active,,,benjamin.bhatia78,,DEV25027,manager290,False,1
Sarthak Zacharia,Manager,EMP12208,Human Resources,Regional Office,Active,2023-10-20 20:17:51,,sarthak_zacharia39,LPT-12208,DEV46987,manager202,False,1
Zilmil Sankaran,Administrator,EMP12967,Customer Support,,Active,2021-12-08 19:51:00,,zilmil.sankaran33,LPT-12967,DEV85481,manager472,False,1
Aadhya Shan,Trainee,EMP10247,Customer Support,Warehouse,Active,2024-10-18 19:28:08,,aadhya.shan11,VDR-10247,DEV57419,manager948,False,1
Aahana Chaudhary,Director,EMP10871,Operations,Branch Office,Active,2021-04-14 23:07:01,,,,DEV74392,manager773,False,1
Januja Yadav,Consultant,EMP10952,Legal,Work From Home,Active,2024-05-04 12:50:42,,januja.yadav88,VDR-10952,DEV37886,manager265,False,1
Damyanti Lal,Director,EMP12262,IT,,Active,2021-05-03 07:51:26,,damyanti_lal3,WS-12262,DEV59411,manager108,True,2
Yuvraj Sachar,Trainee,EMP12803,Legal,Head Office,Active,2020-05-12 05:30:44,,,VDR-12803,,manager142,False,0
Sara Bhattacharyya,Analyst,EMP10626,Human Resources,Remote,Active,2023-03-28 19:08:21,,sara.bhattacharyya47,VDR-10626,DEV60662,manager826,False,1
Jacob Chadha,Officer,EMP10347,Customer Support,,Active,2020-09-02 12:16:28,,jacob.chadha82,LPT-10347,DEV46368,manager308,False,1
David Lad,Engineer,EMP10278,Finance,Branch Office,Active,2023-01-06 05:02:00,,david.lad68,VDR-10278,,manager506,False,0
Chameli Deol,Officer,EMP12689,Human Resources,Warehouse,Active,2025-09-29 00:00:00,,,,DEV43341,manager652,False,1
Eshana Bala,Director,EMP10655,Human Resources,,Active,2025-08-15 10:06:38,,eshana.bala7,LPT-10655,DEV98092,manager709,False,1
Harrison Varughese,Trainee,EMP11298,Procurement,Remote,Active,2025-12-07 12:45:21,,harrison.varughese13,VDR-11298,DEV46068,,False,1
Aarav Sankaran,Manager,EMP10962,Legal,Work From Home,Active,2021-06-13 00:00:00,,aarav.sankaran82,WS-10962,DEV84593,manager775,False,1
Inaya Rastogi,Manager,EMP12706,Legal,Regional Office,Disabled,2020-06-19 13:06:40,2024-03-04 22:08:32,inaya.rastogi36,VDR-12706,DEV64786,unknown,False,1
Ansh Bose,Officer,EMP12667,Finance,Regional Office,On Leave,2025-01-01 04:49:00,,ansh.bose59,WS-12667,DEV56648,manager738,False,1
Nathaniel Wadhwa,Trainee,EMP11091,Human Resources,Work From Home,Active,2025-07-22 09:47:00,,nathaniel.wadhwa89,VDR-11091,,manager111,False,0
Lipika Ramaswamy,Consultant,EMP11820,Operations,Branch Office,Active,2020-11-10 00:00:00,,lipika.ramaswamy9,WS-11820,,manager828,False,0
Dayita Malhotra,Specialist,EMP10632,Brand,Remote,Active,2025-07-20 03:53:12,,dayita.malhotra55,WS-10632,DEV81071,manager654,False,1
Mason Goyal,Executive,EMP11178,Procurement,,Active,2023-08-09 00:00:00,,mason.goyal5,LPT-11178,DEV11424,manager996,False,1
Charvi Mann,Specialist,EMP10445,Sales,Branch Office,On Leave,2023-01-17 00:35:10,,charvi.mann64,WS-10445,DEV78569,manager402,False,1
Gaurav Rajagopal,Engineer,EMP10617,Customer Support,Data Center,Active,2024-10-09 11:41:23,,gaurav.rajagopal62,WS-10617,,manager853,False,0
Jasmit Panchal,Director,EMP11915,IT,Regional Office,Active,2024-09-24 00:00:00,,jasmit.panchal36,WS-11915,DEV56779,manager127,False,1
Brijesh Karpe,Consultant,EMP12922,Marketing,Data Center,Active,2024-01-09 15:34:00,,brijesh.karpe81,VDR-12922,DEV48262,manager400,False,1
Hemal Anne,Specialist,EMP12792,Customer Support,Remote,Active,2021-08-21 08:13:40,,hemal.anne22,,DEV45125,,False,1
Dhriti Choudhary,Analyst,EMP11207,Operations,,Active,2022-09-10 00:00:00,,dhriti.choudhary42,WS-11207,DEV29331,manager790,False,1
Yadavi Karan,Trainee,EMP12014,Procurement,Regional Office,Disabled,,,yadavi.karan30,LPT-12014,DEV74595,manager797,False,1
Saksham Vohra,Officer,EMP10844,Supply Chain,Remote,Active,,,saksham.vohra67,WS-10844,DEV21829,,False,1
Shivani Madan,Specialist,EMP12631,Sales,Work From Home,Active,2020-10-08 20:13:00,,shivani.madan32,WS-12631,,manager433,False,0
Tristan Mukherjee,Trainee,EMP10547,Sales,Regional Office,Active,2022-04-04 14:03:33,,tristan.mukherjee88,,DEV40783,,False,1
Atharv Shukla,Engineer,EMP11889,Legal,Work From Home,Active,2023-06-10 19:14:29,,atharv.shukla79,VDR-11889,DEV48365,,False,1
Udarsh Chokshi,Manager,EMP10942,R&D,Work From Home,Active,2025-01-03 15:02:48,,,VDR-10942,DEV89541,manager982,False,1
Adya Divan,Analyst,EMP11011,R&D,Branch Office,Inactive,2023-04-13 22:21:03,,adya.divan78,LPT-11011,DEV19108,manager636,False,1
Tanish Issac,Executive,EMP10263,Brand,Work From Home,Active,2023-07-18 01:04:38,,tanish.issac29,,DEV17552,manager237,False,1
Rishi Iyengar,Specialist,EMP11393,Sales,Work From Home,Active,2026-04-28 22:08:14,,rishi.iyengar51,WS-11393,DEV52431,manager380,False,1
Balendra Madan,Analyst,EMP11933,Operations,Work From Home,Active,2021-04-10 00:00:00,,balendra.madan83,VDR-11933,DEV89281,,False,1
Lajita Rao,Trainee,EMP10353,People,Data Center,Active,2024-10-27 06:05:36,,lajita.rao81,VDR-10353,DEV57202,manager261,False,1
Lohit Kulkarni,Director,EMP12923,Sales,Regional Office,Disabled,,2021-09-16 19:33:57,,WS-12923,DEV49080,manager591,False,1
Liam Agate,Specialist,EMP10208,Sales,Data Center,Active,,,liam.agate34,VDR-10208,,manager757,False,0
Pavani Bansal,Analyst,EMP10613,Legal,Remote,Active,2024-10-21 00:00:00,,pavani.bansal82,,DEV15397,manager614,False,1
Advaith Barman,Trainee,EMP11710,Finance,Head Office,Active,2024-06-12 05:20:44,,advaith.barman92,LPT-11710,DEV28338,manager830,False,1
Radha Gour,Officer,EMP11780,Procurement,,Active,2021-10-01 04:37:33,,radha.gour60,,DEV48202,manager748,False,1
Anamika Ben,Trainee,EMP11844,Finance,Work From Home,On Leave,2022-08-09 22:44:51,,anamika.ben86,WS-11844,DEV57022,manager822,False,1
Peter Chowdhury,Specialist,EMP11572,Sales,Warehouse,Active,2021-03-11 21:46:00,,peter.chowdhury40,LPT-11572,,manager942,False,0
Samuel Dubey,Consultant,EMP12702,Supply Chain,Data Center,Active,2022-06-04 00:00:00,,samuel.dubey7,LPT-12702,,manager119,False,0
Akshay Dugal,Consultant,EMP12113,Finance,,Active,,,akshay.dugal56,VDR-12113,DEV98652,manager710,True,2
Saksham Rege,Consultant,EMP12307,Brand,,Active,2024-10-19 06:34:31,,saksham.rege93,WS-12307,DEV41447,manager977,False,1
Nimrat Nair,Officer,EMP10057,Marketing,Data Center,Active,2020-08-28 17:34:00,,nimrat.nair32,VDR-10057,DEV41358,manager340,False,1
Ranbir Kumar,Engineer,EMP12312,Finance,Remote,Inactive,,,ranbir.kumar36,VDR-12312,DEV87136,manager225,False,1
Diya Ratta,Consultant,EMP10811,Human Resources,,Active,2025-02-08 08:17:11,,diya.ratta6,LPT-10811,DEV60434,manager803,False,1
Patrick Salvi,Trainee,EMP12260,R&D,Remote,Inactive,2024-04-05 09:49:33,,patrick.salvi50,LPT-12260,DEV41671,manager796,False,1
Raghav Nanda,Consultant,EMP10561,Marketing,Remote,Active,2026-04-07 07:22:00,,raghav.nanda23,VDR-10561,,manager180,False,0
Forum Palla,Engineer,EMP12112,Marketing,Work From Home,Active,2021-09-02 16:05:53,,,WS-12112,DEV32935,manager678,False,1
Bhavna Dass,Specialist,EMP10229,Brand,,Active,2022-07-16 09:42:39,,bhavna.dass88,,DEV42311,manager404,False,1
Sai Mitra,Specialist,EMP12586,Innovation,Branch Office,Active,2023-06-22 20:24:01,,sai.mitra8,LPT-12586,DEV17258,manager187,False,1
Janya Wagle,Trainee,EMP11833,Sales,Branch Office,Active,2023-07-06 00:00:00,,janya.wagle29,LPT-11833,DEV81068,manager529,False,1
Pavani Rout,Executive,EMP11080,R&D,Warehouse,Active,2025-12-24 00:00:00,,pavani.rout64,WS-11080,DEV29119,manager427,False,1
Indali Dora,Engineer,EMP10538,Customer Support,,Active,2022-01-13 08:16:00,,indali.dora66,LPT-10538,DEV98345,manager261,False,1
Qasim Munshi,Trainee,EMP11320,Customer Support,,Active,2024-03-22 20:56:06,,qasim.munshi11,WS-11320,,manager765,False,0
Sudiksha Shenoy,Manager,EMP11674,Sales,Work From Home,Active,2026-04-07 05:40:59,,sudiksha.shenoy74,LPT-11674,DEV11264,,False,1
Meera Banik,Officer,EMP11110,Customer Support,Warehouse,Active,2022-03-15 20:59:27,,meera.banik95,WS-11110,DEV72503,manager625,False,1
Pratyush Deshpande,Director,EMP11128,Human Resources,,Disabled,2026-01-28 07:37:53,2026-07-02 14:44:45,pratyush.deshpande35,VDR-11128,DEV74955,manager859,False,1
Raksha Mahal,Executive,EMP10707,Marketing,,Disabled,2020-02-14 03:03:10,2025-04-04 03:15:00,raksha.mahal36,WS-10707,,manager705,False,0
Eesha Basu,Administrator,EMP10424,Brand,Regional Office,Active,2022-05-09 00:05:00,,eesha.basu78,LPT-10424,DEV73142,manager982,False,1
Brijesh Arora,Manager,EMP10069,Procurement,Work From Home,Active,2023-08-23 22:10:46,,brijesh.arora88,VDR-10069,DEV15383,,False,1
Suhani Dhar,Officer,EMP12817,Procurement,,Disabled,2024-12-27 15:10:23,2025-03-29 11:48:14,suhani.dhar2,LPT-12817,DEV11435,unknown,False,1
Qushi Sandhu,Executive,EMP12059,IT,Remote,Inactive,2022-06-13 12:22:00,2026-07-11 18:58:56,qushi.sandhu96,VDR-12059,,manager323,False,0
Vedant Kumer,Trainee,EMP10647,Finance,Warehouse,Inactive,2020-10-07 04:16:59,2026-08-26 06:28:00,vedant.kumer4,VDR-10647,DEV36467,manager828,False,1
Warjas Barman,Officer,EMP12975,Sales,Head Office,Active,2020-11-22 22:14:53,,warjas.barman48,VDR-12975,DEV64598,manager901,False,1
Warda Dey,Consultant,EMP12051,R&D,Warehouse,Active,2025-05-18 02:11:00,,warda.dey18,WS-12051,,manager702,False,0
Girik Shere,Analyst,EMP12382,People,Remote,Active,2024-12-05 06:35:35,,girik.shere27,LPT-12382,DEV96938,manager859,False,1
Warhi Dugar,Engineer,EMP11743,Legal,Warehouse,Active,2020-11-26 15:44:40,,,WS-11743,DEV63477,manager759,False,1
Meghana Grewal,Administrator,EMP12683,Legal,Data Center,Active,2025-04-12 19:00:38,,meghana.grewal81,LPT-12683,DEV28594,manager559,False,1
Aadi Sharma,Executive,EMP11453,Sales,,Active,2023-09-14 17:49:00,,aadi.sharma83,LPT-11453,,manager493,False,0
Chaaya Mody,Manager,EMP12519,Marketing,Work From Home,Active,2020-04-18 14:56:58,,chaaya.mody33,VDR-12519,DEV99516,,False,1
Udyati Basu,Specialist,EMP10620,Operations,Work From Home,Active,2020-05-19 10:18:45,,udyati.basu22,WS-10620,DEV91681,,False,1
Yuvraj Talwar,Engineer,EMP12682,Operations,Regional Office,Inactive,2022-05-01 12:06:00,2023-08-14 02:16:20,yuvraj.talwar62,WS-12682,DEV26791,manager620,False,1
Zashil Menon,Executive,EMP11407,Finance,Warehouse,Active,2023-07-17 09:47:00,,zashil.menon96,VDR-11407,DEV72111,manager581,False,1
Rudra Gokhale,Specialist,EMP11977,IT,Work From Home,Active,2024-10-19 17:19:14,,rudra.gokhale89,LPT-11977,DEV76505,manager166,False,1
Neel Soman,Director,EMP11105,Operations,Data Center,Active,2022-04-19 05:59:00,,neel.soman20,LPT-11105,,manager212,False,0
Hemangini Sathe,Specialist,EMP11618,IT,Head Office,Disabled,2022-08-26 07:27:09,,,VDR-11618,DEV25765,manager799,True,3
Hemangini Goda,Trainee,EMP11580,Sales,Work From Home,Active,2025-06-05 09:11:42,,hemangini.goda47,VDR-11580,DEV66685,manager888,False,1
Bhavani Khare,Consultant,EMP12321,IT,Work From Home,Inactive,2020-07-14 08:48:00,,bhavani.khare8,LPT-12321,DEV67583,manager631,False,1
Neha Pal,Officer,EMP12746,R&D,Head Office,Active,2020-01-18 08:06:13,,neha.pal10,,DEV71797,manager485,False,1
Warinder Pai,Director,EMP12320,Legal,Regional Office,Active,,,warinder.pai74,WS-12320,DEV63311,manager385,False,1
Rayaan Kari,Director,EMP10279,Operations,,On Leave,2021-12-02 00:00:00,,rayaan.kari11,VDR-10279,DEV41877,manager947,False,1
Jyoti Rajagopal,Manager,EMP12250,Operations,Remote,Inactive,2022-12-14 04:01:00,,jyoti.rajagopal11,LPT-12250,DEV33998,manager802,False,1
Adya Deep,Director,EMP12242,IT,,Active,2020-09-05 00:00:00,,adya_deep36,WS-12242,DEV91248,manager506,False,1
Manya Kale,Consultant,EMP11606,People,Head Office,Active,2026-03-11 01:45:22,,manya.kale19,VDR-11606,,manager712,False,0
Omkaar Balan,Administrator,EMP10166,Marketing,Regional Office,Inactive,2022-11-01 17:16:31,2025-08-28 00:00:00,omkaar.balan50,,DEV88997,manager458,False,1
Reva Cherian,Manager,EMP11242,Sales,Warehouse,Inactive,2025-09-16 19:06:33,2026-08-29 11:20:00,reva.cherian68,WS-11242,,manager798,False,0
Zaid Goel,Specialist,EMP11756,Marketing,Remote,Active,2020-08-26 16:09:47,,zaid.goel6,WS-11756,DEV24375,manager597,False,1
Nirja Kar,Specialist,EMP10553,Operations,Work From Home,Active,2022-01-06 18:22:37,,nirja.kar42,WS-10553,DEV34530,manager727,True,2
Warda Rege,Engineer,EMP10834,Compliance,,Disabled,2024-04-16 00:00:00,2026-02-18 08:43:23,warda_rege61,LPT-10834,DEV95398,manager420,False,1
Kala Contractor,Director,EMP10657,Operations,,Disabled,2020-07-20 17:13:24,2021-09-11 00:00:00,,LPT-10657,DEV66010,manager980,False,1
Wishi Dixit,Officer,EMP10596,Human Resources,Regional Office,Disabled,2021-02-07 04:40:14,2021-05-15 00:00:00,wishi.dixit15,,DEV15737,,False,1
Siddharth Cheema,Executive,EMP12828,IT,Branch Office,Active,2023-02-08 12:44:43,,siddharth.cheema52,WS-12828,DEV18242,manager483,False,1
Panini Gokhale,Engineer,EMP10802,Finance,Remote,Active,,,panini.gokhale89,LPT-10802,,manager881,False,0
Yashodhara De,Officer,EMP12203,Procurement,Work From Home,Active,2026-05-22 00:00:00,,yashodhara.de11,LPT-12203,DEV73253,,False,1
Ishani Bhardwaj,Officer,EMP11811,Legal,Warehouse,Inactive,2023-12-20 17:43:28,,ishani.bhardwaj87,VDR-11811,DEV62939,unknown,False,1
Fariq Sanghvi,Specialist,EMP12802,Sales,Data Center,Disabled,2024-04-12 04:39:17,,fariq.sanghvi8,WS-12802,DEV44556,,False,1
Laksh Kari,Specialist,EMP10440,IT,Warehouse,Active,2025-07-14 00:00:00,,laksh.kari28,,,,False,0
Nandini Kade,Specialist,EMP10508,IT,Warehouse,Active,,,nandini.kade65,WS-10508,,manager656,False,0
Yamini Tata,Trainee,EMP10076,R&D,,Active,,,yamini.tata89,LPT-10076,DEV22196,manager413,False,1
Ekaja Dugar,Manager,EMP12986,IT,Remote,Active,2024-02-06 10:33:00,,ekaja.dugar99,VDR-12986,DEV90418,,False,1
Kamya Ram,Manager,EMP11948,Sales,Remote,Active,2020-05-06 00:00:00,,kamya.ram56,WS-11948,DEV20769,,False,1
Tejas Narula,Specialist,EMP10649,Customer Support,Branch Office,Active,2026-07-14 21:38:31,,tejas.narula94,WS-10649,,manager443,False,0
Widisha Seshadri,Director,EMP10522,Sales,Warehouse,Disabled,2021-07-19 00:00:00,2025-11-22 00:00:00,widisha.seshadri22,LPT-10522,,manager841,False,0
Gunbir Goda,Trainee,EMP11586,R&D,Warehouse,Inactive,2025-05-05 11:53:55,,gunbir.goda45,VDR-11586,DEV14885,,False,1
Yagnesh Bhardwaj,Consultant,EMP11117,Customer Support,Branch Office,On Leave,,,yagnesh.bhardwaj90,VDR-11117,,manager143,False,0
Gaurangi Natarajan,Officer,EMP12383,Legal,Work From Home,Active,2025-07-15 23:24:25,,gaurangi.natarajan89,LPT-12383,DEV14282,manager824,False,1
Kiaan Palan,Executive,EMP11593,Finance,Remote,Active,2022-08-22 18:36:53,,,LPT-11593,DEV24611,,False,1
Vamakshi Ravel,Analyst,EMP10654,Operations,,Active,2025-02-17 08:13:28,,vamakshi.ravel8,LPT-10654,DEV97424,manager189,False,1
Ijaya Sachar,Engineer,EMP11375,IT,Branch Office,Inactive,2021-11-15 04:00:00,2024-02-17 09:10:31,ijaya.sachar81,,DEV59310,manager596,False,1
Ayushman Dara,Manager,EMP11644,Human Resources,Data Center,Active,2026-02-16 00:00:00,,ayushman.dara8,VDR-11644,DEV80028,manager429,False,1
Chaaya Sodhi,Officer,EMP12131,Customer Support,Regional Office,Inactive,2024-04-27 23:26:36,2024-08-15 15:57:07,chaaya_sodhi94,VDR-12131,DEV47980,,False,1
Michael Dhillon,Specialist,EMP10976,IT,Regional Office,Disabled,2021-08-24 12:56:47,,michael.dhillon14,LPT-10976,DEV87710,manager621,False,1
Kashvi Shere,Manager,EMP11760,Customer Support,Data Center,Active,2024-09-27 09:55:29,,kashvi.shere48,WS-11760,DEV14395,,False,1
Banjeet Vyas,Director,EMP10630,Marketing,Work From Home,Inactive,2021-12-01 20:39:55,2025-04-05 00:00:00,,LPT-10630,DEV82737,manager189,False,1
Ranbir Tak,Trainee,EMP11340,Finance,,Active,2020-04-24 23:12:00,,ranbir.tak34,LPT-11340,DEV67659,unknown,False,1
Kavya Rout,Analyst,EMP11609,Operations,Warehouse,Active,2020-08-08 15:08:00,,,LPT-11609,DEV56969,manager642,False,1
Ekaraj Jaggi,Director,EMP12728,Legal,Head Office,Active,2022-02-09 10:37:00,,ekaraj.jaggi47,WS-12728,DEV14784,manager535,False,1
Zayyan Pal,Director,EMP10482,IT,Remote,Active,2024-12-19 09:09:23,,zayyan.pal49,VDR-10482,,,False,0
Jasmit Ramaswamy,Analyst,EMP10560,Operations,,Inactive,2025-02-24 11:01:00,2026-05-17 18:28:20,jasmit_ramaswamy33,LPT-10560,DEV56018,manager651,False,1
Vamakshi Divan,Executive,EMP11192,IT,Work From Home,Inactive,2020-09-27 19:41:37,2024-08-10 20:37:31,vamakshi.divan13,WS-11192,DEV81714,manager402,False,1
Jalsa Nagy,Director,EMP12642,Customer Support,,Active,2022-07-21 00:00:00,,jalsa.nagy51,WS-12642,DEV34371,unknown,False,1
Alka Jayaraman,Specialist,EMP12032,Legal,Remote,Active,2020-04-05 04:14:49,,alka.jayaraman50,VDR-12032,DEV69852,manager271,False,1
Urmi Gulati,Administrator,EMP10438,Marketing,,Active,2022-11-15 00:00:00,,urmi.gulati6,VDR-10438,,manager803,False,0
Manya Mohanty,Administrator,EMP12151,Finance,Head Office,Active,,,manya.mohanty64,VDR-12151,DEV22761,manager297,False,1
Xalak Handa,Engineer,EMP11947,IT,Data Center,Active,2026-03-03 04:57:35,,xalak.handa21,VDR-11947,DEV27106,,False,1
Samarth Brar,Officer,EMP12634,Finance,Work From Home,Inactive,2022-10-20 18:28:43,2023-05-16 21:51:14,samarth.brar15,LPT-12634,,manager481,False,0
Odika Shanker,Executive,EMP10856,Customer Support,Work From Home,Active,2022-09-19 08:07:00,,odika.shanker32,VDR-10856,DEV99883,manager994,False,1
Indali Toor,Manager,EMP10530,Operations,Branch Office,Active,2022-03-22 20:09:20,,indali.toor53,WS-10530,DEV95403,,False,1
Triveni Ranganathan,Executive,EMP11818,Sales,,Active,2022-12-25 03:17:00,,triveni.ranganathan7,LPT-11818,DEV48721,manager495,False,1
Luke Walia,Specialist,EMP10049,Finance,Warehouse,Active,2020-01-02 06:16:00,,luke.walia87,WS-10049,DEV63225,manager315,False,1
Aditya Bhakta,Engineer,EMP10858,Supply Chain,Head Office,Active,2025-04-30 20:43:20,,aditya.bhakta49,LPT-10858,DEV83207,manager191,False,1
Chanakya Taneja,Specialist,EMP10719,Legal,Work From Home,Active,,,chanakya.taneja17,LPT-10719,DEV24528,manager776,False,1
Charvi Mannan,Manager,EMP12256,Human Resources,Warehouse,Active,2020-10-18 09:52:00,,charvi.mannan37,WS-12256,DEV92163,,False,1
Jagat Mohanty,Consultant,EMP11366,Marketing,Data Center,Inactive,2020-05-10 06:51:00,,jagat.mohanty55,WS-11366,,,False,0
Jacob Karnik,Administrator,EMP12318,Marketing,Work From Home,Inactive,2024-03-27 00:00:00,2026-05-08 19:24:17,jacob.karnik59,VDR-12318,DEV95260,manager267,False,1
Azad Ahluwalia,Specialist,EMP12770,Finance,Regional Office,Active,2022-09-23 02:52:00,,azad.ahluwalia77,VDR-12770,DEV81848,unknown,False,1
Girish Jayaraman,Specialist,EMP11559,R&D,Warehouse,Inactive,2022-04-08 16:31:21,,girish.jayaraman91,VDR-11559,DEV85650,,False,1
Waida Dyal,Manager,EMP12194,R&D,,Active,2023-03-16 19:23:18,,waida.dyal18,WS-12194,DEV99263,manager929,False,1
Vyanjana Ahuja,Consultant,EMP11374,Human Resources,Head Office,Inactive,2024-06-07 14:42:25,2024-08-01 23:19:12,vyanjana.ahuja87,WS-11374,DEV23164,unknown,False,1
Rudra Madan,Engineer,EMP12593,Marketing,Remote,Active,2023-06-27 07:18:43,,rudra.madan20,VDR-12593,DEV65293,manager267,False,1
Arin Rattan,Trainee,EMP11321,Legal,Remote,Inactive,2020-03-22 00:00:00,2021-11-22 08:53:52,arin.rattan45,LPT-11321,DEV12810,manager980,False,1
Yasti Swamy,Consultant,EMP11068,IT,Head Office,Inactive,2026-04-05 02:11:46,2026-06-30 08:48:46,yasti.swamy25,VDR-11068,DEV57212,manager596,False,1
Kai Chatterjee,Consultant,EMP11711,Human Resources,Remote,Active,2026-05-21 19:29:09,,kai.chatterjee31,WS-11711,DEV20637,manager510,False,1
Ishani Mitra,Manager,EMP12606,Finance,Branch Office,Active,2026-05-18 09:33:07,,ishani.mitra6,WS-12606,,manager921,False,0
Chanchal Tiwari,Executive,EMP12711,Innovation,Data Center,Inactive,,2026-03-28 00:00:00,,WS-12711,DEV96309,,False,1
Yashodhara Sen,Specialist,EMP11577,Customer Support,,Inactive,2026-06-01 08:58:31,,yashodhara_sen16,LPT-11577,DEV19227,manager378,False,1
Simon Dara,Executive,EMP10297,Supply Chain,Remote,Inactive,,2023-03-21 22:10:00,simon.dara84,WS-10297,DEV89064,,False,1
Ekavir Kalita,Analyst,EMP11269,Finance,Warehouse,Active,2024-02-26 02:50:00,,ekavir.kalita10,WS-11269,DEV72105,,False,1
Chatresh Krish,Consultant,EMP12111,Sales,Head Office,Active,2024-07-06 19:25:21,,chatresh.krish60,LPT-12111,DEV47712,,False,1
Azaan Sampath,Manager,EMP10958,R&D,Remote,Active,2021-07-04 11:59:00,,azaan.sampath86,WS-10958,DEV88815,unknown,False,1
Anirudh Warrior,Analyst,EMP11263,Human Resources,Regional Office,Active,2020-06-14 02:14:20,,anirudh.warrior56,LPT-11263,DEV24559,unknown,False,1
Urvashi Rege,Manager,EMP11288,Compliance,Work From Home,Inactive,2022-01-23 20:58:17,2025-03-28 02:09:19,urvashi.rege4,LPT-11288,DEV90636,manager656,False,1
Vedant Kashyap,Engineer,EMP10349,Legal,Head Office,Inactive,2020-12-26 08:35:11,2026-03-01 22:25:16,vedant.kashyap40,LPT-10349,DEV21300,manager782,False,1
Aarini Rajan,Specialist,EMP11326,Operations,Regional Office,Active,2023-05-20 23:30:00,,aarini.rajan41,LPT-11326,DEV48327,manager225,False,1
Abeer Lad,Manager,EMP10643,Customer Support,Data Center,Inactive,2022-02-02 10:20:03,2025-06-15 13:14:33,abeer.lad5,WS-10643,DEV15559,unknown,False,1
Vyanjana Chawla,Administrator,EMP11330,Sales,Regional Office,Active,2026-03-02 05:15:48,,vyanjana.chawla67,VDR-11330,,unknown,False,0
Yadavi Taneja,Administrator,EMP12972,Sales,Regional Office,Active,2023-01-25 02:33:29,,yadavi.taneja61,VDR-12972,,manager583,False,0
Agastya Subramanian,Officer,EMP11322,IT,Data Center,Active,2025-11-30 15:48:17,,agastya.subramanian49,LPT-11322,DEV60741,manager818,False,1
Veer Batra,Director,EMP11106,Customer Support,Head Office,Active,2022-11-02 00:00:00,,veer.batra88,WS-11106,,,False,0
Vidhi Sabharwal,Specialist,EMP12213,R&D,Head Office,Active,2025-01-11 07:08:22,,vidhi.sabharwal85,WS-12213,DEV14015,manager471,False,1
Samesh Tak,Director,EMP11123,Finance,Remote,Active,2021-09-05 17:58:51,,samesh.tak93,LPT-11123,DEV23282,manager626,False,1
Umang Sharma,Executive,EMP12447,IT,Regional Office,Active,2023-05-25 10:31:09,,umang.sharma23,,DEV59397,manager882,False,1
Samar Tank,Analyst,EMP12410,Operations,Remote,Disabled,2020-02-02 01:50:33,,samar.tank75,WS-12410,DEV12727,manager486,False,1
Daniel Raj,Manager,EMP11637,People,Data Center,Active,2024-03-27 03:07:36,,daniel.raj34,LPT-11637,DEV21338,manager630,False,1
Gavin Samra,Director,EMP10786,Finance,Regional Office,Disabled,2025-01-31 17:19:05,2025-07-12 02:41:00,gavin.samra37,WS-10786,DEV28293,manager988,True,2
Abeer Bhatt,Administrator,EMP12776,IT,Regional Office,Active,2021-01-02 00:00:00,,abeer.bhatt30,VDR-12776,DEV19269,manager628,False,1
Finn Gupta,Consultant,EMP10140,Marketing,Branch Office,Active,2020-09-22 05:13:00,,finn.gupta86,VDR-10140,DEV72163,manager198,False,1
Tarak Som,Officer,EMP10788,Finance,Data Center,Active,2021-03-01 10:01:00,,tarak.som54,VDR-10788,,manager952,False,0
Nirja Munshi,Executive,EMP11949,Compliance,Remote,Inactive,2020-05-11 11:32:53,2022-04-23 04:55:14,nirja_munshi38,WS-11949,DEV48091,manager477,False,1
Rachit Balan,Manager,EMP12097,R&D,Branch Office,Active,2023-01-20 10:10:00,,rachit.balan30,WS-12097,DEV35002,manager652,False,1
Matthew Prabhu,Consultant,EMP10714,Customer Support,Work From Home,Inactive,2022-04-26 21:49:40,,matthew.prabhu13,WS-10714,DEV90017,,False,1
Oni Varkey,Director,EMP11869,Finance,Work From Home,Inactive,2026-03-03 11:25:29,2026-08-27 22:24:48,oni_varkey46,LPT-11869,DEV81474,manager912,False,1
Meghana Chana,Engineer,EMP11640,Customer Support,Work From Home,Active,2020-02-14 03:39:32,,meghana.chana6,LPT-11640,DEV51670,,False,1
Lekha Dhawan,Executive,EMP11918,Procurement,Head Office,Active,2026-06-08 15:23:37,,lekha.dhawan29,LPT-11918,,unknown,False,0
Owen Vala,Officer,EMP12987,IT,Branch Office,Active,2021-01-01 01:38:00,,owen_vala92,WS-12987,,manager225,False,0
Yuvraj Ganesan,Engineer,EMP10618,Sales,,Active,,,yuvraj.ganesan68,WS-10618,DEV66369,manager787,False,1
Vedhika Goda,Executive,EMP10406,Sales,Work From Home,Active,2026-03-09 00:43:00,,vedhika.goda56,VDR-10406,DEV43801,,False,1
Zehaan Comar,Manager,EMP11791,Human Resources,Branch Office,Active,2025-03-08 23:36:29,,zehaan.comar63,WS-11791,,manager277,False,0
Tanveer Dugar,Administrator,EMP11226,Legal,Regional Office,Active,2021-03-22 00:00:00,,tanveer.dugar93,LPT-11226,DEV46040,manager753,False,1
Tanay Halder,Specialist,EMP11146,Legal,,Active,2024-11-11 00:00:00,,tanay.halder50,LPT-11146,,manager813,False,0
Indrajit Chander,Manager,EMP12275,Procurement,Data Center,Active,2021-10-18 21:48:39,,indrajit.chander47,,DEV24688,manager440,False,1
Chavvi Prashad,Analyst,EMP12462,IT,Branch Office,Active,2023-04-27 20:38:37,,chavvi.prashad2,,,,False,0
Viraj Saha,Trainee,EMP10497,IT,Branch Office,Active,2023-04-29 18:31:00,,viraj.saha85,VDR-10497,DEV38818,unknown,False,1
Harita Bhasin,Specialist,EMP10342,Supply Chain,Remote,Disabled,2025-08-07 14:15:44,,harita.bhasin77,VDR-10342,DEV13515,manager721,False,1
Noah Tailor,Director,EMP11957,Finance,Regional Office,Active,2023-06-17 09:47:33,,noah.tailor28,,DEV39585,unknown,False,1
Geetika Biswas,Engineer,EMP12338,Operations,Remote,Inactive,2022-01-22 14:57:34,2026-02-18 04:00:50,geetika.biswas80,VDR-12338,DEV16463,,False,1
Benjamin Sahota,Engineer,EMP10782,Marketing,Head Office,Disabled,2025-10-04 13:30:19,2025-11-07 11:55:02,benjamin.sahota99,LPT-10782,DEV80570,unknown,False,1
Oscar Kari,Executive,EMP11557,Sales,Branch Office,Disabled,2021-03-19 00:41:37,2021-11-29 00:00:00,oscar.kari74,VDR-11557,DEV27014,manager834,False,1
Yashvi More,Consultant,EMP10303,Sales,Branch Office,Active,,,yashvi.more14,VDR-10303,DEV90304,,False,1
Anirudh Shukla,Administrator,EMP11765,Customer Support,Warehouse,Active,2021-03-01 20:04:05,,anirudh.shukla15,VDR-11765,DEV11160,manager349,False,1
Yauvani Bajwa,Analyst,EMP10664,Operations,,Active,2026-02-28 14:55:42,,yauvani.bajwa71,VDR-10664,DEV53684,manager129,False,1
Pratyush Thaman,Specialist,EMP12243,Sales,Branch Office,Active,2024-08-07 08:06:49,,pratyush.thaman21,,DEV11275,,False,1
Pavani Choudhary,Consultant,EMP11551,Finance,Head Office,Active,2022-08-08 21:50:00,,pavani.choudhary20,LPT-11551,DEV13929,manager482,False,1
Chatura Rajagopalan,Administrator,EMP11797,Legal,Branch Office,Inactive,2023-03-24 21:23:00,2025-03-23 13:34:12,chatura.rajagopalan46,VDR-11797,DEV48099,,False,1
Devansh Sen,Officer,EMP12858,Procurement,Data Center,Active,2022-09-05 15:39:34,,devansh.sen33,LPT-12858,DEV87237,,False,1
Pavani Mitter,Specialist,EMP10084,Finance,,Active,,,pavani.mitter20,LPT-10084,,manager710,False,0
Omkaar Mital,Officer,EMP12281,Marketing,Branch Office,Active,2021-04-28 01:57:00,,omkaar.mital79,VDR-12281,DEV39968,manager190,True,2
Tanveer Murty,Executive,EMP10941,Customer Support,Head Office,Active,2026-01-01 06:40:09,,tanveer.murty16,WS-10941,DEV36975,,False,1
Samar Deep,Administrator,EMP10961,IT,Data Center,Active,,,samar.deep47,VDR-10961,DEV89433,,False,1
Luke Mohan,Engineer,EMP10841,IT,,Active,2022-05-13 00:10:50,,luke.mohan55,WS-10841,DEV27882,manager280,False,1
Upkaar Chaudhary,Trainee,EMP11562,Procurement,Data Center,Active,2024-11-28 00:00:00,,upkaar.chaudhary2,WS-11562,DEV34608,manager319,False,1
Faraj Shanker,Analyst,EMP12847,Human Resources,,Disabled,2022-02-02 20:16:00,2023-05-29 00:00:00,faraj.shanker29,VDR-12847,DEV61556,manager876,False,1
Kala Arora,Director,EMP12529,Human Resources,,Active,2021-10-09 01:19:59,,kala.arora16,WS-12529,DEV14602,manager878,False,1
Umang Chaudry,Analyst,EMP11352,Customer Support,Warehouse,Active,2023-10-02 00:00:00,,umang.chaudry16,WS-11352,DEV96402,manager299,False,1
Lakshit Sule,Manager,EMP10290,Operations,Head Office,Active,2026-06-23 10:06:33,,lakshit.sule41,LPT-10290,,manager235,False,0
Wridesh Wable,Trainee,EMP11907,Legal,Warehouse,Active,,,wridesh.wable13,LPT-11907,DEV42097,manager877,False,1
Yuvraj Mistry,Consultant,EMP11190,Customer Support,Data Center,Active,2025-04-21 01:20:59,,yuvraj.mistry78,LPT-11190,,,False,0
Brinda Wali,Consultant,EMP10604,Customer Support,Work From Home,Active,2023-08-30 18:58:24,,,WS-10604,DEV64046,,False,1
Azad Bal,Trainee,EMP12471,Marketing,,Active,2024-02-01 00:00:00,,azad_bal82,LPT-12471,DEV43897,,False,1
Chavvi Thaman,Consultant,EMP10916,Human Resources,Remote,Active,2023-05-06 20:03:28,,chavvi.thaman9,WS-10916,DEV31538,unknown,False,1
Lakshit Dutt,Consultant,EMP11569,Finance,Branch Office,Active,2025-05-24 17:46:37,,lakshit_dutt68,LPT-11569,DEV99180,,False,1
Faris Chowdhury,Specialist,EMP11740,Finance,Branch Office,Active,2023-07-25 17:07:00,,faris.chowdhury96,LPT-11740,,,False,0
Aashi Kapadia,Administrator,EMP11099,Sales,Head Office,Active,2023-10-14 07:39:40,,aashi.kapadia1,VDR-11099,DEV48456,manager602,False,1
Mohini Kalla,Director,EMP11088,Legal,,Active,2024-01-12 06:44:14,,mohini_kalla19,LPT-11088,,manager153,False,0
Rachita Narayan,Director,EMP12378,Customer Support,Work From Home,Active,2020-08-01 16:55:53,,rachita.narayan1,LPT-12378,DEV85191,manager469,False,1
Yutika Sheth,Trainee,EMP11377,Human Resources,Warehouse,Active,,,yutika.sheth56,VDR-11377,,manager369,False,0
Libni Aurora,Analyst,EMP10821,Customer Support,,Inactive,2021-01-05 03:16:58,2023-09-09 00:00:00,libni.aurora70,LPT-10821,DEV66414,,False,1
Zayan Gole,Analyst,EMP12543,Finance,Head Office,Active,2022-01-04 14:40:09,,zayan.gole8,VDR-12543,DEV53938,manager921,False,1
Chanakya Bali,Engineer,EMP11000,Operations,,Active,2026-07-15 14:14:04,,chanakya.bali26,WS-11000,DEV42771,manager381,False,1
Niharika Murty,Consultant,EMP11427,Operations,Regional Office,Active,2023-02-11 22:04:09,,niharika.murty3,LPT-11427,DEV86919,manager780,False,1
Orinder Bera,Executive,EMP10018,Customer Support,Branch Office,Inactive,,2026-07-25 15:40:44,orinder.bera98,VDR-10018,DEV72296,manager316,False,1
Nandini Kothari,Consultant,EMP12575,Marketing,Warehouse,Inactive,2022-08-18 04:08:03,,nandini.kothari89,LPT-12575,DEV85147,manager118,False,1
Radha Bera,Director,EMP11450,Finance,Work From Home,Disabled,2026-03-19 00:00:00,,radha.bera98,WS-11450,DEV47118,,False,1
Nimrat Chhabra,Engineer,EMP11746,Human Resources,,Active,2023-11-07 04:15:15,,nimrat.chhabra38,VDR-11746,DEV19350,,False,1
Osha Dutta,Officer,EMP11360,Customer Support,,Active,2025-12-05 06:46:12,,osha.dutta17,WS-11360,DEV56447,manager829,False,1
Chakrika Garde,Executive,EMP11641,Marketing,Remote,Inactive,2020-06-24 07:35:18,2021-10-12 23:21:58,chakrika.garde44,WS-11641,DEV36299,unknown,False,1
Yauvani Bal,Trainee,EMP12785,R&D,Branch Office,Active,2022-12-22 04:56:59,,,VDR-12785,DEV32224,manager529,False,1
Anvi Biswas,Manager,EMP11729,Sales,Regional Office,Disabled,2024-01-20 10:46:27,,anvi.biswas59,VDR-11729,DEV99368,manager340,False,1
Aadi Bhasin,Manager,EMP11582,IT,Regional Office,Active,2021-11-18 00:00:00,,aadi.bhasin11,WS-11582,DEV41816,manager781,False,1
Mohini Minhas,Manager,EMP12083,Procurement,Head Office,Active,2026-03-17 07:21:00,,mohini.minhas94,LPT-12083,DEV94267,unknown,False,1
Kamya Rana,Executive,EMP12726,IT,Data Center,Active,2020-12-07 00:00:00,,kamya.rana5,WS-12726,,manager629,False,0
Imaran Narasimhan,Officer,EMP12024,Customer Support,,Active,2022-12-13 09:44:00,,imaran.narasimhan79,LPT-12024,DEV94839,manager658,False,1
Nitara Bedi,Engineer,EMP10360,Customer Support,Branch Office,Active,2024-08-09 12:32:12,,nitara.bedi94,LPT-10360,DEV63744,manager959,False,1
Chandani Pant,Trainee,EMP12636,Procurement,Branch Office,Active,,,chandani.pant6,LPT-12636,DEV60246,unknown,True,2
William Rajan,Trainee,EMP11922,Operations,Branch Office,Active,2021-10-31 19:22:00,,william.rajan75,VDR-11922,DEV79841,unknown,False,1
Sathvik Agrawal,Administrator,EMP12992,Compliance,Warehouse,Active,2023-11-03 18:07:05,,sathvik.agrawal90,WS-12992,DEV21590,,False,1
Varsha Ramanathan,Analyst,EMP11334,Marketing,Warehouse,Inactive,2026-06-02 01:57:44,,varsha.ramanathan85,WS-11334,DEV13406,,False,1
Vritti Badal,Specialist,EMP11670,IT,,Active,,,vritti.badal80,,DEV59895,manager136,False,1
Frado Sheth,Officer,EMP10344,Human Resources,Head Office,Active,2024-10-31 21:30:49,,frado.sheth77,WS-10344,DEV51480,manager659,False,1
Raksha Sethi,Administrator,EMP10986,Sales,Branch Office,Active,2022-11-21 18:37:00,,raksha.sethi26,LPT-10986,,,False,0
Faris Shukla,Consultant,EMP12221,Customer Support,Regional Office,Active,2020-05-20 23:08:21,,faris.shukla14,,DEV58869,manager898,False,1
Manan Savant,Executive,EMP12421,Finance,Head Office,Active,2022-07-08 20:46:00,,manan.savant11,LPT-12421,DEV19996,manager215,False,1
Yagnesh Jayaraman,Engineer,EMP11410,IT,Remote,Active,2022-08-07 22:23:00,,yagnesh.jayaraman45,WS-11410,DEV65858,manager885,False,1
Fariq Mammen,Executive,EMP12019,Customer Support,Head Office,Active,2023-05-21 07:50:38,,fariq.mammen10,VDR-12019,DEV28185,,False,1
Vyanjana Gour,Officer,EMP12983,Supply Chain,Work From Home,Active,2023-01-06 00:00:00,,vyanjana.gour79,VDR-12983,DEV20114,unknown,False,1
Vritti Rajagopalan,Analyst,EMP12287,Operations,Data Center,Active,2025-10-20 11:10:16,,vritti.rajagopalan54,WS-12287,,,False,0
Reyansh Chana,Consultant,EMP12460,IT,Data Center,Disabled,2024-09-08 00:00:00,,reyansh.chana86,WS-12460,DEV97393,,False,1
Maya Gola,Officer,EMP10085,Sales,Data Center,Active,2025-01-02 11:36:52,,maya.gola80,WS-10085,,unknown,False,0
Praneel Raju,Manager,EMP12129,Marketing,Work From Home,Active,2025-10-27 04:32:52,,praneel.raju81,VDR-12129,DEV20969,manager729,False,1
Oliver Suresh,Consultant,EMP10668,Operations,Head Office,Disabled,2022-11-19 17:02:00,,,LPT-10668,DEV46760,manager962,False,1
Farhan Khanna,Trainee,EMP11014,Compliance,,Inactive,,2026-07-10 00:10:28,farhan.khanna40,VDR-11014,DEV85378,manager382,False,1
Adweta Bhagat,Trainee,EMP10128,R&D,Branch Office,On Leave,2023-02-15 00:00:00,,adweta.bhagat28,WS-10128,DEV23022,manager760,False,1
Yashodhara Baria,Analyst,EMP11993,IT,Work From Home,Active,,,yashodhara.baria35,LPT-11993,DEV72707,manager972,False,1
Aahana Rao,Trainee,EMP11229,People,,Active,2023-03-11 20:59:00,,aahana.rao53,LPT-11229,,,False,0
Eiravati Mahal,Administrator,EMP10891,Procurement,Remote,Active,2026-05-09 22:32:34,,eiravati.mahal58,LPT-10891,DEV37665,,False,1
Omya Arya,Director,EMP11937,Customer Support,Data Center,Active,2020-01-09 16:27:15,,omya.arya6,LPT-11937,DEV15786,manager351,False,1
Gavin Rama,Administrator,EMP10307,Operations,Remote,Active,2022-12-18 03:09:08,,gavin.rama19,WS-10307,DEV37114,manager548,False,1
Krishna Oak,Specialist,EMP10383,Sales,Branch Office,Active,,,krishna.oak8,LPT-10383,,,False,0
Kavya Char,Officer,EMP11952,Customer Support,,Active,2021-02-21 00:00:00,,kavya.char72,WS-11952,,manager951,False,0
Utkarsh Tata,Officer,EMP11208,Marketing,Regional Office,Inactive,,2026-07-03 15:12:47,utkarsh.tata53,LPT-11208,DEV69055,unknown,False,1
Banjeet Mishra,Consultant,EMP10426,Legal,Regional Office,Active,2022-07-07 09:52:00,,banjeet.mishra77,LPT-10426,DEV13336,manager528,False,1
Anvi Chakrabarti,Trainee,EMP10494,Legal,,Active,2023-04-25 00:00:00,,anvi_chakrabarti53,WS-10494,,manager647,False,0
Viraj Chaudhuri,Director,EMP11671,Marketing,,Disabled,,,viraj.chaudhuri89,WS-11671,DEV77185,manager454,False,1
Tanveer Sachdev,Director,EMP12506,Legal,Warehouse,Disabled,2023-03-06 22:46:00,,tanveer.sachdev72,LPT-12506,DEV38968,manager616,False,1
Wahab Gupta,Consultant,EMP12629,IT,Work From Home,Active,2023-02-18 06:30:35,,wahab.gupta10,LPT-12629,DEV16140,,False,1
Siddharth Brahmbhatt,Officer,EMP11337,Supply Chain,Remote,Active,2022-01-10 03:29:09,,siddharth.brahmbhatt93,LPT-11337,,manager115,False,0
Dalaja Bakshi,Director,EMP11385,R&D,Branch Office,Active,2025-04-26 16:44:28,,dalaja.bakshi40,VDR-11385,DEV31828,manager728,False,1
Ira Ravi,Manager,EMP10275,Sales,Regional Office,Active,2023-11-17 18:32:41,,ira.ravi81,,,manager732,False,0
Henry Ganesan,Officer,EMP10489,Operations,Work From Home,Active,2022-07-09 23:43:06,,henry.ganesan99,,DEV68400,,False,1
Henry Sami,Administrator,EMP11578,Legal,,Active,2021-06-07 08:59:24,,henry.sami6,VDR-11578,DEV71148,,False,1
Umang Sahni,Trainee,EMP10690,Operations,,Active,2021-03-07 14:22:00,,umang.sahni49,VDR-10690,,,False,0
Gagan Devan,Officer,EMP11402,Customer Support,Work From Home,Inactive,2023-08-15 14:38:36,2025-03-21 05:14:04,gagan.devan62,VDR-11402,DEV20673,manager113,False,1
Darpan Kadakia,Consultant,EMP12630,R&D,,On Leave,2025-12-09 11:58:11,,darpan.kadakia49,VDR-12630,DEV82096,manager830,False,1
Krisha Natarajan,Officer,EMP11273,Operations,Work From Home,Active,2022-04-18 15:59:00,,krisha.natarajan39,VDR-11273,DEV88085,manager845,False,1
Ekaraj Kumar,Engineer,EMP12273,Finance,Regional Office,Active,2023-09-02 11:10:31,,ekaraj.kumar45,VDR-12273,DEV10802,manager272,False,1
Meera Hora,Specialist,EMP12691,Legal,Branch Office,Active,2025-01-03 16:26:00,,meera.hora64,,DEV40733,manager671,False,1
Udyati Sankar,Trainee,EMP11058,Finance,Head Office,Active,2023-07-22 04:22:45,,,LPT-11058,DEV19154,manager770,False,1
Sneha Prakash,Specialist,EMP10118,Sales,Remote,Active,2021-02-28 00:00:00,,sneha.prakash29,VDR-10118,DEV96400,manager742,False,1
Ubika Koshy,Administrator,EMP11024,Innovation,Work From Home,Disabled,2025-02-28 20:20:51,2025-10-15 07:36:04,ubika.koshy18,LPT-11024,DEV32359,,False,1
Krishna Sama,Administrator,EMP11423,Marketing,Regional Office,Disabled,2026-02-08 20:09:38,,krishna.sama90,LPT-11423,DEV84996,unknown,False,1
Wazir Tak,Trainee,EMP10281,People,Work From Home,Disabled,2024-10-24 01:19:41,,wazir.tak22,WS-10281,DEV94529,,False,1
Abha Borah,Manager,EMP12681,Procurement,Warehouse,Active,,,abha.borah44,LPT-12681,DEV33699,manager202,False,1
Chavvi Chakrabarti,Administrator,EMP12407,Operations,,Active,2023-03-16 22:31:14,,chavvi_chakrabarti3,,DEV24809,manager801,False,1
Raksha Johal,Analyst,EMP10968,Supply Chain,,Inactive,2022-02-15 16:10:13,,raksha.johal11,LPT-10968,,manager437,False,0
Raagini Bail,Consultant,EMP11231,Operations,,Active,2021-05-07 02:17:06,,raagini.bail16,VDR-11231,DEV88642,manager360,False,1
Naksh Ramachandran,Trainee,EMP11660,Innovation,Remote,Active,2020-11-11 08:21:01,,naksh.ramachandran75,VDR-11660,,,False,0
Bhavna Patel,Administrator,EMP11709,IT,Remote,Active,2024-05-08 00:00:00,,bhavna.patel98,VDR-11709,DEV84518,manager834,False,1
Qabil Chanda,Manager,EMP10155,Customer Support,Data Center,Active,2021-06-06 08:53:01,,qabil.chanda52,WS-10155,,manager748,False,0
Tanay Bandi,Director,EMP10304,Operations,Head Office,Active,2024-05-05 14:46:00,,tanay.bandi97,LPT-10304,DEV22924,manager671,False,1
Sanya Ram,Director,EMP11963,Sales,Remote,Active,2020-06-29 00:41:00,,sanya.ram80,VDR-11963,DEV55323,manager718,False,1
Aishani Mandal,Officer,EMP11448,Finance,Work From Home,Active,2022-12-06 00:00:00,,aishani.mandal32,WS-11448,DEV10648,manager663,False,1
Daksh Dhar,Engineer,EMP11610,Finance,Branch Office,Disabled,2020-04-01 14:45:05,2024-06-17 10:45:00,daksh.dhar53,VDR-11610,DEV33506,manager439,False,1
Omaja Bhalla,Director,EMP12308,Legal,Regional Office,Active,2020-07-16 13:01:40,,omaja.bhalla35,VDR-12308,DEV75901,manager387,False,1
Noah Sood,Director,EMP11457,Legal,Work From Home,Active,2026-04-24 00:00:00,,noah.sood63,LPT-11457,,manager718,False,0
Mahika Choudhary,Director,EMP10575,Customer Support,,Active,2025-06-30 00:33:54,,mahika_choudhary53,LPT-10575,DEV31400,manager487,False,1
Harsh Talwar,Engineer,EMP11991,Finance,Work From Home,Active,2026-05-20 11:30:13,,harsh.talwar88,VDR-11991,DEV51116,manager963,False,1
Aishani Pillai,Specialist,EMP12651,Human Resources,Regional Office,Disabled,2024-06-25 00:00:00,2025-04-02 07:06:35,aishani.pillai56,LPT-12651,DEV41619,manager980,False,1
Vedhika Khatri,Executive,EMP12704,Procurement,Branch Office,Disabled,2020-10-17 00:00:00,2025-10-30 21:00:00,vedhika.khatri69,LPT-12704,DEV49043,manager972,False,1
Sai Puri,Trainee,EMP12188,R&D,,Inactive,2023-08-13 00:00:00,2024-05-06 23:05:00,sai.puri51,WS-12188,DEV77395,manager360,False,1
Nitesh Dugar,Engineer,EMP11264,Marketing,Head Office,Active,,,nitesh.dugar74,VDR-11264,DEV23242,manager514,False,1
Amol Dayal,Manager,EMP10843,Operations,Data Center,Active,,,amol.dayal53,VDR-10843,DEV28423,manager223,False,1
Zayyan Krishnan,Analyst,EMP11344,Operations,Warehouse,Active,2026-01-29 00:40:36,,zayyan.krishnan75,VDR-11344,DEV39878,,True,2
Alexander Sachar,Manager,EMP10269,R&D,Work From Home,Active,2022-09-21 22:19:27,,alexander.sachar64,VDR-10269,DEV71537,unknown,False,1
Ojasvi Majumdar,Consultant,EMP10629,Operations,Regional Office,On Leave,2024-04-06 08:01:00,,ojasvi.majumdar45,WS-10629,,manager163,False,0
Ayushman Andra,Manager,EMP11033,R&D,,Active,2020-10-21 00:00:00,,ayushman.andra77,VDR-11033,DEV84606,manager746,True,2
Hamsini Bandi,Director,EMP10286,Human Resources,Branch Office,Active,2025-03-22 05:06:33,,hamsini.bandi7,LPT-10286,,,False,0
Fiyaz Talwar,Trainee,EMP12279,Supply Chain,Branch Office,Active,2022-08-24 05:13:00,,fiyaz.talwar66,VDR-12279,DEV46190,,False,1
Adweta Kaur,Administrator,EMP10300,R&D,,Disabled,2023-06-25 03:48:29,2024-01-27 08:46:54,adweta.kaur27,VDR-10300,DEV19064,manager347,False,1
Darsh Choudhry,Analyst,EMP12248,Finance,Head Office,Active,,,darsh.choudhry88,VDR-12248,DEV27725,,False,1
Jagat Gulati,Officer,EMP11929,People,,Active,2026-02-17 19:40:00,,jagat_gulati29,VDR-11929,DEV67979,manager182,False,1
Noah Dhar,Specialist,EMP11979,Procurement,Warehouse,Active,2024-11-14 08:44:40,,noah_dhar52,VDR-11979,DEV65146,,False,1
Chandresh Prashad,Analyst,EMP10065,Human Resources,,Active,2020-03-04 07:38:39,,chandresh_prashad29,LPT-10065,DEV42411,manager344,False,1
Vasatika Ravi,Specialist,EMP12288,Operations,Branch Office,Active,2023-05-21 04:21:20,,vasatika.ravi8,WS-12288,DEV69889,unknown,False,1
Utkarsh Mand,Analyst,EMP10890,Legal,Head Office,Active,2026-02-27 16:24:46,,utkarsh.mand24,WS-10890,DEV49013,manager786,False,1
Sai Garde,Executive,EMP11882,Human Resources,Warehouse,Disabled,2021-12-20 07:20:00,2024-08-14 01:36:13,sai.garde41,LPT-11882,,,False,0
Ekavir Menon,Trainee,EMP12841,R&D,Branch Office,Active,2024-07-19 22:20:00,,ekavir.menon22,VDR-12841,DEV30899,,False,1
Hemani Dada,Director,EMP11898,Sales,Head Office,Active,2021-07-04 02:33:23,,hemani.dada38,WS-11898,DEV28441,manager114,False,1
Sarthak Rajagopalan,Engineer,EMP10230,Brand,,Active,2022-12-19 00:00:00,,sarthak.rajagopalan99,VDR-10230,DEV74094,manager914,False,1
Girish Dyal,Manager,EMP10503,Sales,Remote,Inactive,2022-09-14 07:50:12,2024-02-06 09:27:56,girish.dyal84,VDR-10503,DEV19149,manager413,False,1
Rehaan Trivedi,Specialist,EMP11399,Customer Support,Work From Home,Active,2022-02-22 00:15:37,,rehaan.trivedi61,LPT-11399,DEV17724,manager858,False,1
Reyansh Keer,Specialist,EMP11442,Procurement,Regional Office,Active,2022-01-26 19:17:30,,reyansh.keer59,WS-11442,DEV62341,manager482,False,1
Ekavir Nigam,Engineer,EMP11602,Operations,Work From Home,Active,,,ekavir_nigam18,VDR-11602,DEV85885,manager648,False,1
Gautami Sodhi,Officer,EMP11313,R&D,Remote,Inactive,2021-03-04 08:35:44,2024-11-26 21:42:57,gautami.sodhi74,WS-11313,DEV91065,manager485,False,1
Yamini Baral,Trainee,EMP11004,R&D,Remote,Disabled,2023-08-25 05:07:16,2026-08-13 10:15:00,yamini.baral97,LPT-11004,DEV51035,manager549,False,1
Mahika Dube,Executive,EMP10836,Customer Support,Warehouse,Active,2026-04-24 23:02:24,,mahika.dube81,WS-10836,DEV37912,,False,1
Aadhya Bahri,Officer,EMP12093,Legal,,Active,2022-10-11 00:00:00,,aadhya.bahri88,WS-12093,DEV11145,,False,1
Hemani Venkataraman,Executive,EMP10374,Legal,Remote,Active,2023-10-17 17:01:21,,hemani_venkataraman88,LPT-10374,DEV34530,,True,2
Darpan Batra,Manager,EMP11336,IT,Warehouse,Active,2024-07-19 00:00:00,,darpan.batra94,WS-11336,DEV98862,manager686,False,1
Tanish Jaggi,Director,EMP12177,Procurement,Work From Home,Active,2022-12-24 00:00:00,,,VDR-12177,,unknown,False,0
Forum Bala,Administrator,EMP11902,Customer Support,Regional Office,Inactive,2024-05-23 00:00:00,2026-02-09 00:00:00,,LPT-11902,DEV45626,manager680,False,1
Warda Bhatt,Administrator,EMP11921,Finance,Regional Office,Inactive,2024-07-07 08:13:23,,warda.bhatt30,VDR-11921,DEV82744,,False,1
Wriddhish Barad,Engineer,EMP12755,IT,Warehouse,Active,,,wriddhish_barad18,LPT-12755,DEV69806,,False,1
Robert Cherian,Specialist,EMP10751,R&D,,Active,2025-03-08 00:00:00,,robert.cherian10,LPT-10751,DEV67129,manager496,False,1
Dev Kanda,Manager,EMP10099,R&D,Head Office,Disabled,2026-01-14 05:14:36,2026-08-16 00:00:00,dev.kanda57,VDR-10099,,manager517,False,0
Yashoda Nair,Director,EMP11835,Legal,Work From Home,Active,2020-04-05 01:22:01,,yashoda.nair8,,DEV30191,manager479,False,1
Ayush Sami,Consultant,EMP10866,IT,Branch Office,On Leave,,,ayush.sami8,WS-10866,,,False,0
Arya Srivastava,Manager,EMP10910,Procurement,Work From Home,Active,2021-06-02 00:00:00,,arya.srivastava79,,DEV15501,manager991,False,1
Zaid Raval,Officer,EMP11411,Brand,Warehouse,Active,2025-01-15 06:22:35,,zaid.raval52,VDR-11411,DEV96424,manager848,True,2
Gagan Dyal,Officer,EMP10529,Procurement,Head Office,Active,,,gagan.dyal1,VDR-10529,DEV10942,,False,1
Udyati Dubey,Engineer,EMP10636,Finance,Head Office,Active,2025-03-16 08:39:19,,udyati.dubey36,LPT-10636,DEV34215,manager720,False,1
Ojasvi Char,Specialist,EMP10185,People,Regional Office,Active,2024-08-23 09:44:08,,ojasvi.char85,WS-10185,DEV27486,manager758,False,1
Krishna Hayre,Executive,EMP11271,Customer Support,,Active,2026-04-06 06:02:29,,krishna.hayre68,LPT-11271,DEV22308,manager602,False,1
Lakshmi Biswas,Analyst,EMP11498,Procurement,Work From Home,Active,,,lakshmi.biswas36,LPT-11498,DEV29401,manager479,False,1
Sanaya Chaudhary,Manager,EMP10931,Customer Support,Regional Office,Active,2026-05-08 06:47:57,,sanaya.chaudhary66,LPT-10931,,manager672,False,0
Omaja Peri,Director,EMP12115,Procurement,Branch Office,Disabled,2023-05-07 22:44:16,2023-12-25 06:38:15,omaja.peri26,WS-12115,DEV43321,manager699,False,1
Rushil Contractor,Manager,EMP12367,Procurement,Data Center,Active,,,rushil_contractor40,VDR-12367,DEV89099,manager953,False,1
Qasim Balasubramanian,Executive,EMP11808,Finance,Head Office,Disabled,2022-01-21 00:00:00,,qasim.balasubramanian51,WS-11808,DEV30435,,False,1
Anmol Bajwa,Officer,EMP12473,Sales,Branch Office,Active,2020-09-11 06:06:33,,anmol.bajwa13,WS-12473,DEV10800,unknown,False,1
Ayush Mital,Analyst,EMP12134,Finance,Work From Home,Active,2023-07-25 03:03:55,,ayush.mital70,LPT-12134,DEV44013,manager584,False,1
Atharv Saran,Analyst,EMP10607,Marketing,Remote,Disabled,2020-03-08 10:10:17,2026-01-19 00:00:00,atharv.saran18,LPT-10607,DEV38157,,False,1
Jai Bora,Officer,EMP12900,Supply Chain,Warehouse,Inactive,2021-12-09 08:50:12,2022-06-03 06:17:03,jai.bora58,LPT-12900,DEV29857,manager932,False,1
Anmol Shroff,Administrator,EMP10151,Finance,Remote,Active,,,anmol.shroff99,WS-10151,DEV25726,manager232,False,1
Abhiram Badal,Specialist,EMP11694,Marketing,Data Center,Active,2024-07-03 12:34:35,,abhiram.badal81,VDR-11694,DEV25970,manager842,False,1
Sarthak Dhillon,Director,EMP12210,Sales,,Active,2021-03-13 12:48:03,,sarthak.dhillon72,VDR-12210,DEV36516,manager843,False,1
Charles Dash,Executive,EMP10731,Sales,,Active,2025-01-16 05:12:00,,charles.dash57,LPT-10731,,manager498,False,0
Peter Agarwal,Specialist,EMP11429,Marketing,Branch Office,Active,2025-05-27 19:22:47,,peter_agarwal6,VDR-11429,DEV76252,manager957,False,1
Hamsini Dhar,Manager,EMP12719,Marketing,Regional Office,Active,2021-12-06 16:31:00,,hamsini.dhar94,LPT-12719,DEV10421,manager445,False,1
Abdul Shankar,Director,EMP12812,Legal,Branch Office,Active,2025-12-24 12:39:05,,abdul.shankar63,WS-12812,DEV33567,unknown,False,1
Tara Talwar,Manager,EMP10023,Human Resources,Regional Office,Active,2023-12-21 23:52:59,,tara.talwar25,WS-10023,,,False,0
Pranit Goel,Specialist,EMP11770,R&D,Work From Home,Active,2024-05-02 02:35:57,,pranit.goel51,,DEV26688,,False,1
Tristan Subramaniam,Trainee,EMP10158,Finance,Data Center,Active,2024-10-19 19:33:00,,tristan.subramaniam10,VDR-10158,DEV85952,manager739,False,1
Gagan Gandhi,Manager,EMP10861,Innovation,Branch Office,Active,2022-04-07 00:00:00,,gagan.gandhi59,VDR-10861,DEV36626,manager606,False,1
Meghana Wali,Executive,EMP10902,IT,Remote,Active,2023-09-23 03:54:02,,meghana.wali56,VDR-10902,DEV35192,manager324,False,1
Charvi Khare,Director,EMP12241,Marketing,,Active,2020-06-13 21:24:27,,charvi.khare49,VDR-12241,DEV16217,manager554,False,1
Urishilla Dewan,Executive,EMP11230,R&D,,Inactive,2025-08-11 00:00:00,,urishilla.dewan82,WS-11230,DEV11329,,False,1
Laban Sankar,Engineer,EMP12325,Human Resources,Data Center,Active,2021-04-24 00:05:00,,,VDR-12325,,manager500,False,0
Vedika Krishnamurthy,Manager,EMP10444,Legal,Warehouse,Active,2020-12-20 05:23:30,,vedika.krishnamurthy18,VDR-10444,DEV90962,,False,1
Ekalinga Keer,Specialist,EMP10754,Finance,Branch Office,Disabled,2020-09-25 15:59:36,2025-03-04 17:53:36,ekalinga.keer78,VDR-10754,DEV82450,manager321,False,1
Aryan Pillay,Consultant,EMP10923,IT,,Active,2020-05-28 07:13:14,,aryan_pillay15,VDR-10923,DEV76518,,False,1
Naksh Virk,Trainee,EMP12001,R&D,Data Center,Active,2025-02-12 17:19:32,,naksh.virk96,LPT-12001,,manager896,False,0
Lakshmi Golla,Director,EMP10311,Procurement,Data Center,Active,2026-05-26 09:27:17,,lakshmi.golla58,LPT-10311,DEV38153,manager915,False,1
Prisha Bhattacharyya,Consultant,EMP10548,Procurement,,Inactive,2025-09-30 16:12:15,,prisha.bhattacharyya32,LPT-10548,,manager106,False,0
Dalbir Sharaf,Consultant,EMP11552,Supply Chain,Head Office,Active,2024-01-01 19:11:47,,dalbir.sharaf34,LPT-11552,DEV53461,manager992,False,1
Saanvi Loke,Analyst,EMP10306,Operations,Data Center,Active,,,saanvi.loke20,LPT-10306,DEV48722,manager847,False,1
Edhitha Muni,Analyst,EMP10287,Operations,Regional Office,Active,2023-01-10 11:12:21,,edhitha.muni51,WS-10287,DEV69054,manager484,False,1
Ekaja Bhagat,Consultant,EMP10694,Customer Support,Head Office,Active,2025-12-21 17:27:31,,,WS-10694,DEV14087,manager740,False,1
Teerth Seshadri,Consultant,EMP10308,R&D,Head Office,Disabled,2020-12-23 13:22:46,2023-11-24 11:07:31,teerth.seshadri93,WS-10308,,manager793,False,0
Jagvi Baral,Analyst,EMP12392,Sales,Branch Office,Active,2020-06-23 03:23:38,,jagvi.baral41,WS-12392,DEV94116,manager277,False,1
Madhav Khosla,Specialist,EMP10749,Innovation,Warehouse,Active,2025-10-03 00:00:00,,madhav.khosla93,WS-10749,DEV64927,unknown,False,1
Yashawini Salvi,Engineer,EMP11803,Finance,Data Center,Active,2021-12-21 05:25:35,,yashawini.salvi36,WS-11803,DEV31840,unknown,False,1
Krishna Prashad,Specialist,EMP11978,Marketing,Branch Office,On Leave,2024-12-16 00:00:00,,krishna.prashad38,LPT-11978,DEV69389,,False,1
Lucky Goda,Officer,EMP11614,Human Resources,Remote,Active,2024-09-26 22:30:12,,lucky.goda58,LPT-11614,,,False,0
Bhavya Shah,Administrator,EMP10908,R&D,Remote,Active,2024-09-26 00:00:00,,bhavya.shah29,WS-10908,DEV16117,manager254,False,1
Oni Mander,Executive,EMP12402,People,,Active,2023-11-23 14:43:25,,oni.mander24,LPT-12402,DEV16179,,False,1
Hritik Raman,Officer,EMP12452,IT,Head Office,Active,2025-11-01 07:59:27,,hritik.raman63,VDR-12452,DEV88025,manager361,False,1
Eiravati Devi,Engineer,EMP11370,Customer Support,Head Office,Active,2022-05-25 15:19:43,,eiravati.devi70,WS-11370,DEV13378,,False,1
Ekiya Dube,Engineer,EMP12570,Finance,Branch Office,Active,2023-11-20 00:00:00,,ekiya.dube95,VDR-12570,DEV74811,manager695,False,1
Geetika Palla,Trainee,EMP10970,Human Resources,,Disabled,2024-06-02 13:46:47,2024-09-23 20:05:33,geetika.palla32,WS-10970,DEV17134,,False,1
Azaan Bhagat,Director,EMP10013,Finance,,Active,2023-12-25 04:19:44,,azaan.bhagat20,LPT-10013,DEV60432,,False,1
Jack Kamdar,Director,EMP10873,R&D,Head Office,Active,,,jack.kamdar91,WS-10873,,,False,0
Chakrika Wable,Manager,EMP10808,IT,,Active,2025-01-05 03:24:00,,chakrika.wable69,VDR-10808,DEV72221,manager789,False,1
Gagan Boase,Manager,EMP12657,IT,,Active,2024-03-19 00:00:00,,gagan.boase71,LPT-12657,DEV98946,,False,1
Abhiram Rajagopal,Administrator,EMP10514,Marketing,Warehouse,Active,2025-07-23 21:33:51,,,VDR-10514,,manager701,False,0
Charvi Om,Consultant,EMP12486,Human Resources,Work From Home,Active,2021-09-01 21:08:01,,charvi_om72,LPT-12486,,manager947,False,0
Nihal Balasubramanian,Manager,EMP10409,People,Warehouse,Inactive,2022-12-04 00:00:00,,nihal.balasubramanian98,LPT-10409,DEV47498,manager770,False,1
Leena Hayer,Director,EMP11455,Finance,,Active,2020-09-13 18:07:12,,leena_hayer23,VDR-11455,DEV23950,manager850,False,1
Zayyan Chatterjee,Analyst,EMP12765,Legal,Data Center,Active,2025-04-25 14:06:00,,zayyan.chatterjee30,WS-12765,DEV70764,,False,1
Kalpit Palla,Trainee,EMP11397,Sales,,Active,2022-08-23 00:00:00,,kalpit.palla51,,,manager929,False,0
Falguni Parikh,Officer,EMP11862,Customer Support,Remote,Inactive,2023-04-23 00:00:00,2024-09-15 02:32:42,,LPT-11862,DEV40780,manager771,False,1
Osha Butala,Consultant,EMP12215,Compliance,Data Center,Active,2021-08-03 06:43:00,,osha.butala17,VDR-12215,,manager409,False,0
Liam Sarma,Analyst,EMP11805,Sales,Work From Home,Active,2020-07-28 00:00:00,,liam.sarma22,LPT-11805,DEV88988,,False,1
Janani Deep,Specialist,EMP10382,Operations,Warehouse,Inactive,2024-03-09 07:05:05,,janani.deep4,LPT-10382,DEV83807,manager192,False,1
Sachi Bains,Manager,EMP11677,People,Head Office,Active,2020-06-04 08:10:04,,sachi.bains24,WS-11677,DEV99863,manager496,False,1
Qadim Saxena,Engineer,EMP12953,Brand,Data Center,Active,2020-10-21 09:42:00,,qadim.saxena42,WS-12953,DEV95279,manager153,False,1
Charvi Bera,Engineer,EMP11506,Customer Support,Regional Office,Active,2023-05-23 01:39:32,,charvi.bera96,LPT-11506,DEV57652,manager437,True,2
Eesha Pant,Specialist,EMP12269,Operations,,Active,2024-10-23 05:43:10,,eesha_pant59,VDR-12269,DEV69132,unknown,False,1
Mekhala Varughese,Administrator,EMP11446,Human Resources,Work From Home,Active,2021-05-28 16:47:57,,mekhala.varughese7,LPT-11446,DEV55364,manager774,False,1
Xalak Tiwari,Officer,EMP10552,Human Resources,,Active,2021-10-16 00:00:00,,xalak.tiwari59,WS-10552,DEV11103,manager203,False,1
Sachi Bhargava,Officer,EMP10222,Operations,Work From Home,Active,2024-10-14 22:40:30,,sachi.bhargava76,VDR-10222,DEV79774,manager935,False,1
Aishani Madan,Executive,EMP11096,People,Work From Home,Active,2023-10-21 12:06:00,,aishani.madan27,VDR-11096,,,False,0
Vincent Hayre,Executive,EMP12677,Human Resources,Work From Home,Active,2024-12-06 08:05:31,,vincent.hayre30,WS-12677,DEV45418,manager898,False,1
Wakeeta Joshi,Officer,EMP10008,Finance,Regional Office,Active,2022-04-18 16:46:07,,wakeeta.joshi82,LPT-10008,DEV31417,,False,1
Suhani Gupta,Trainee,EMP11575,Sales,,Active,2020-02-03 00:00:00,,suhani.gupta20,VDR-11575,DEV46106,manager633,False,1
Keya Basu,Executive,EMP10316,Legal,Data Center,Active,2025-06-27 18:04:46,,keya.basu50,VDR-10316,DEV80435,,False,1
Mahika Sura,Analyst,EMP10427,Legal,Warehouse,Disabled,2022-12-02 04:23:23,2023-11-12 14:41:25,mahika.sura52,VDR-10427,DEV84978,manager753,False,1
Isaiah Salvi,Director,EMP12167,IT,Branch Office,Active,2023-06-10 12:58:32,,isaiah.salvi78,LPT-12167,,,False,0
Quincy Kunda,Consultant,EMP10105,IT,Regional Office,Active,2025-08-24 00:00:00,,quincy.kunda53,WS-10105,DEV59968,,False,1
Chameli Bajwa,Officer,EMP11476,R&D,,Active,2024-07-03 00:00:00,,chameli.bajwa81,LPT-11476,DEV37204,manager398,False,1
Wishi Balay,Director,EMP10142,Operations,Work From Home,Inactive,2025-02-08 00:00:00,,wishi.balay53,VDR-10142,DEV16743,manager206,False,1
Mason Sarna,Administrator,EMP10121,R&D,Regional Office,Active,2020-08-21 00:00:00,,mason.sarna33,WS-10121,DEV25095,manager331,False,1
Chanakya Raj,Trainee,EMP12443,Legal,Data Center,Active,2023-08-05 15:16:54,,chanakya.raj3,WS-12443,,,False,0
Urvi Golla,Administrator,EMP12951,Innovation,Warehouse,Active,2020-12-21 14:30:38,,urvi.golla88,LPT-12951,DEV29505,,False,1
Kai Chhabra,Executive,EMP11189,Sales,Work From Home,On Leave,2024-04-07 11:29:00,,kai.chhabra30,VDR-11189,DEV31108,manager846,False,1
Balveer Babu,Officer,EMP12023,Brand,Remote,Active,2025-02-24 12:37:00,,balveer.babu77,,DEV27037,manager853,False,1
Eiravati Venkatesh,Engineer,EMP12679,Legal,Head Office,Active,2023-02-28 19:36:00,,eiravati.venkatesh64,WS-12679,DEV70265,manager167,False,1
Yagnesh Solanki,Manager,EMP11459,Legal,Branch Office,Inactive,,2026-03-25 01:44:00,yagnesh.solanki69,LPT-11459,,manager729,False,0
Anay Prabhu,Director,EMP10115,Sales,Work From Home,Active,2024-11-11 21:38:49,,anay.prabhu39,WS-10115,DEV23979,manager402,False,1
Gaurang Cheema,Administrator,EMP12102,Operations,Work From Home,Active,2020-01-24 13:01:03,,gaurang.cheema44,LPT-12102,DEV99712,manager827,False,1
Sara Ganesh,Director,EMP11611,Human Resources,Warehouse,Active,2023-06-20 06:56:02,,sara.ganesh12,VDR-11611,DEV99830,manager585,False,1
Samar Bal,Specialist,EMP12211,Procurement,Data Center,Active,2020-02-17 22:17:34,,samar.bal73,LPT-12211,DEV60910,manager652,False,1
Hemangini Dhaliwal,Manager,EMP12882,Legal,Work From Home,Active,2024-11-24 02:57:54,,hemangini.dhaliwal99,VDR-12882,DEV72341,,False,1
Krishna Gala,Officer,EMP12144,Marketing,Warehouse,Active,,,krishna_gala53,LPT-12144,DEV10044,,False,1
Jagdish Mammen,Engineer,EMP11703,IT,Warehouse,Active,2023-03-14 00:00:00,,jagdish.mammen94,VDR-11703,,manager938,False,0
Darpan Randhawa,Analyst,EMP11913,Sales,Data Center,Active,2025-08-04 03:37:00,,darpan.randhawa69,VDR-11913,,,False,0
Leena Kale,Consultant,EMP10672,Sales,Data Center,Active,2022-10-14 00:05:00,,leena.kale20,VDR-10672,DEV78632,manager992,False,1
Lucky Chand,Executive,EMP12786,Procurement,,Disabled,2026-05-01 00:00:00,,,LPT-12786,DEV53715,manager704,False,1
Fitan Rana,Trainee,EMP11737,Operations,Remote,Disabled,2026-05-24 07:46:27,,fitan.rana52,WS-11737,DEV29350,manager517,False,1
Arunima Sampath,Manager,EMP11616,Operations,Branch Office,Active,2021-07-18 18:59:56,,arunima.sampath73,LPT-11616,DEV93424,manager453,False,1
Fariq Chhabra,Trainee,EMP10591,R&D,,Active,2021-08-12 14:42:42,,fariq.chhabra6,WS-10591,DEV81137,manager656,False,1
Pooja Sani,Officer,EMP12800,Customer Support,Head Office,Active,2025-03-04 05:46:04,,pooja.sani57,LPT-12800,DEV61346,manager192,False,1
Vedant Parmer,Officer,EMP10888,Human Resources,Data Center,Active,2026-02-15 22:12:23,,vedant.parmer66,WS-10888,DEV22384,manager359,False,1
Jagvi Acharya,Officer,EMP11868,R&D,Head Office,Active,2020-09-15 00:00:00,,jagvi.acharya69,WS-11868,DEV97555,manager194,False,1
Hardik Pathak,Engineer,EMP11779,Marketing,Regional Office,Active,2024-09-13 00:00:00,,hardik.pathak18,VDR-11779,,manager917,False,0
Yochana Vyas,Administrator,EMP11972,Sales,Remote,Disabled,2024-04-30 15:26:39,,yochana.vyas99,WS-11972,DEV16822,manager597,False,1
Darpan Tripathi,Executive,EMP10213,Sales,Work From Home,Active,2021-08-12 19:03:23,,darpan.tripathi54,WS-10213,DEV85718,,False,1
Gaurang De,Executive,EMP10778,Operations,Head Office,Inactive,2022-10-26 06:04:30,,gaurang.de59,VDR-10778,DEV81584,manager402,False,1
Anusha Contractor,Specialist,EMP11777,Sales,Branch Office,Active,2022-11-06 19:17:50,,anusha.contractor42,WS-11777,,manager521,False,0
Naveen Bains,Analyst,EMP10800,Finance,Data Center,Active,2021-03-07 21:38:00,,naveen.bains15,WS-10800,,unknown,False,0
Andrew Tiwari,Analyst,EMP11732,Finance,Warehouse,Active,2026-07-18 20:32:35,,andrew.tiwari53,LPT-11732,DEV96063,unknown,False,1
Jai Sehgal,Executive,EMP12355,Human Resources,Head Office,Active,2022-12-29 00:00:00,,jai.sehgal30,LPT-12355,DEV25866,,False,1
Wakeeta Dubey,Engineer,EMP12744,R&D,Head Office,On Leave,2024-07-06 05:05:30,,wakeeta.dubey69,WS-12744,DEV43877,manager378,False,1
Madhav Char,Consultant,EMP12794,People,Work From Home,Active,2025-04-07 15:30:35,,,WS-12794,DEV44153,manager474,False,1
Sanaya Dara,Engineer,EMP11343,IT,Head Office,Active,2024-04-23 07:43:15,,sanaya.dara84,VDR-11343,DEV15046,,False,1
Reva Parsa,Executive,EMP10273,Finance,Regional Office,Active,2024-08-11 00:00:00,,reva.parsa46,VDR-10273,DEV74004,unknown,False,1
Ronith Varkey,Director,EMP10071,Finance,Branch Office,Inactive,2022-04-19 02:48:00,,ronith.varkey59,VDR-10071,,manager651,False,0
Dev Munshi,Manager,EMP12276,Customer Support,Regional Office,Active,2023-12-11 19:42:22,,dev.munshi71,VDR-12276,DEV51018,manager581,False,1
Andrew Date,Engineer,EMP11087,Sales,Regional Office,Active,2024-11-23 13:58:00,,,VDR-11087,DEV11197,manager904,False,1
Kiaan Suri,Officer,EMP10394,Human Resources,Head Office,Inactive,,,kiaan.suri21,WS-10394,DEV87860,manager541,False,1
Peter Johal,Engineer,EMP10583,R&D,,Active,2026-07-23 09:37:34,,peter.johal99,LPT-10583,DEV36106,manager781,False,1
Ojas Bala,Officer,EMP12080,Operations,Remote,Active,2023-05-10 04:33:04,,ojas.bala91,LPT-12080,DEV41037,,False,1
Chatura Char,Consultant,EMP12961,Operations,Regional Office,Active,2021-03-05 00:00:00,,chatura.char56,LPT-12961,DEV98510,manager858,False,1
Irya Prakash,Consultant,EMP10500,Sales,Branch Office,Disabled,2021-03-18 14:13:24,,irya.prakash40,WS-10500,DEV94663,manager358,False,1
Caleb Pandit,Administrator,EMP12098,Compliance,Work From Home,Disabled,,,caleb.pandit47,LPT-12098,DEV37788,unknown,False,1
Bina Sem,Manager,EMP12291,Sales,Work From Home,Active,2026-04-23 22:08:18,,bina.sem68,LPT-12291,DEV44559,manager382,False,1
Harinakshi Badami,Manager,EMP12823,Customer Support,Head Office,Active,2021-01-10 05:40:57,,harinakshi.badami29,VDR-12823,DEV12135,manager709,False,1
Hardik Kata,Officer,EMP11567,Human Resources,Branch Office,Active,2025-10-15 00:00:00,,hardik.kata71,WS-11567,,manager117,False,0
Kashish Chaudhari,Executive,EMP11259,Human Resources,Data Center,Active,2023-12-02 19:13:47,,kashish.chaudhari74,,,manager129,False,0
Ekaraj Nagar,Trainee,EMP11714,Sales,Head Office,Active,2021-04-19 04:58:23,,ekaraj.nagar7,LPT-11714,,,False,0
Chakrika Mittal,Officer,EMP12091,Sales,Head Office,Active,2025-08-28 12:42:58,,chakrika.mittal44,,DEV33440,,False,1
Ekapad Chacko,Officer,EMP10205,Operations,Remote,Active,2024-09-07 09:42:47,,ekapad.chacko29,LPT-10205,DEV42847,,False,1
Vivaan Choudhry,Director,EMP10733,IT,Head Office,Active,2023-11-25 02:34:16,,vivaan.choudhry44,LPT-10733,DEV95701,unknown,False,1
Balveer Bandi,Manager,EMP11867,Finance,Work From Home,Active,2026-07-07 21:05:02,,balveer.bandi35,WS-11867,,,False,0
Tanveer Reddy,Director,EMP10526,IT,Warehouse,Inactive,2025-12-07 00:00:00,2026-03-06 14:59:00,tanveer.reddy70,WS-10526,,unknown,False,0
Balhaar Chahal,Executive,EMP11467,IT,,Active,,,balhaar.chahal52,WS-11467,DEV95576,,False,1
Udyati Sagar,Consultant,EMP10898,IT,Head Office,Disabled,2023-09-03 12:26:00,,udyati.sagar51,LPT-10898,DEV92629,,False,1
Balvan Sodhi,Officer,EMP10377,Sales,,Disabled,,2026-05-18 15:21:07,,LPT-10377,DEV60134,manager679,False,1
Mekhala Devan,Manager,EMP12428,Finance,Branch Office,Active,2020-07-17 00:00:00,,mekhala.devan19,LPT-12428,DEV12242,manager267,False,1
Urmi Dey,Consultant,EMP12764,Customer Support,Remote,Active,2021-09-05 21:02:00,,urmi.dey32,VDR-12764,DEV62437,unknown,False,1
Yochana Goda,Executive,EMP12870,R&D,Branch Office,Active,,,yochana_goda80,WS-12870,DEV25640,manager244,False,1
Ikshita Bains,Director,EMP10386,Finance,Work From Home,Active,2021-06-25 05:29:32,,ikshita.bains18,VDR-10386,,manager675,False,0
Ansh Barad,Engineer,EMP10198,Innovation,Head Office,Active,,,ansh.barad37,LPT-10198,DEV19706,manager189,False,1
Radhika Uppal,Specialist,EMP11050,Legal,Branch Office,Inactive,2026-07-24 06:05:14,,radhika.uppal16,,,unknown,False,0
Aarav Rajagopalan,Trainee,EMP10590,Operations,Regional Office,Active,2023-01-17 18:54:15,,aarav.rajagopalan83,LPT-10590,DEV12798,manager356,False,1
Joshua Modi,Analyst,EMP10519,Sales,Branch Office,Active,2025-05-09 21:56:10,,joshua.modi3,VDR-10519,DEV87640,manager686,False,1
Faqid Shukla,Executive,EMP12087,Sales,Head Office,Active,2026-05-27 10:23:11,,faqid.shukla15,VDR-12087,DEV70338,manager154,False,1
Dalbir Kale,Analyst,EMP12107,Human Resources,,Active,2020-11-07 20:39:00,,dalbir_kale66,LPT-12107,DEV64076,manager382,False,1
Dominic Sood,Executive,EMP10429,Customer Support,Regional Office,Active,2023-01-08 19:51:01,,dominic.sood93,WS-10429,DEV95778,manager992,False,1
Dipta Muni,Director,EMP11083,R&D,,On Leave,2024-08-29 09:35:05,,dipta.muni23,VDR-11083,DEV30865,manager532,False,1
Tanveer Dutt,Consultant,EMP10207,Procurement,Work From Home,Disabled,2020-03-29 03:40:00,2025-09-12 00:00:00,tanveer.dutt80,VDR-10207,DEV15399,,False,1
Lekha Wadhwa,Engineer,EMP10491,Human Resources,Regional Office,Inactive,,2024-06-25 07:54:00,lekha.wadhwa81,VDR-10491,DEV37941,manager819,False,1
Hemang Desai,Executive,EMP11425,Finance,Work From Home,Active,,,hemang.desai79,LPT-11425,DEV20855,manager752,False,1
Aryan Talwar,Administrator,EMP12998,Human Resources,Warehouse,Active,2022-05-29 00:28:00,,aryan.talwar5,LPT-12998,DEV23596,manager827,False,1
Zayan Khanna,Specialist,EMP10792,Operations,,Inactive,2025-05-05 02:46:00,2025-08-05 23:58:49,zayan.khanna77,VDR-10792,DEV67156,manager850,False,1
Mohini Kaul,Executive,EMP12618,Finance,Branch Office,Inactive,2025-01-01 00:00:00,2025-10-26 00:00:00,mohini.kaul61,VDR-12618,DEV88082,manager602,False,1
Christopher Chaudhary,Engineer,EMP11186,Customer Support,,Inactive,2025-12-23 01:53:21,,christopher.chaudhary51,WS-11186,DEV56640,manager439,False,1
Abhiram Iyengar,Analyst,EMP11185,IT,Remote,Active,2023-01-13 01:41:15,,abhiram.iyengar62,LPT-11185,DEV50449,unknown,False,1
Keya Khatri,Consultant,EMP12344,Human Resources,Head Office,Active,,,keya.khatri85,WS-12344,DEV45083,,False,1
Vasudha Dass,Executive,EMP11432,IT,Work From Home,Active,2023-12-01 06:07:00,,vasudha.dass81,LPT-11432,DEV38511,manager841,False,1
Manan Choudhary,Manager,EMP12739,R&D,Warehouse,Active,2026-07-18 15:25:25,,manan.choudhary21,LPT-12739,,manager923,False,0
Hemang Pingle,Manager,EMP10083,R&D,,Active,2024-11-27 00:00:00,,hemang.pingle33,,DEV62521,manager154,False,1
Varenya Gala,Executive,EMP12441,Supply Chain,,Disabled,2026-03-21 00:00:00,,varenya.gala92,VDR-12441,DEV80852,,False,1
Christopher Sandhu,Executive,EMP12641,Innovation,Data Center,Active,,,christopher.sandhu42,LPT-12641,,manager869,False,0
Pranit Raja,Consultant,EMP10020,Human Resources,Head Office,Active,2021-11-15 00:00:00,,pranit.raja29,VDR-10020,DEV82603,manager824,False,1
Yash Madan,Director,EMP12643,Legal,,Active,2023-03-18 01:34:16,,yash.madan58,LPT-12643,,manager247,False,0
Nicholas Thakur,Trainee,EMP12821,Operations,Remote,Active,2022-04-29 06:46:35,,nicholas.thakur60,VDR-12821,DEV52163,,False,1
Yug Modi,Officer,EMP11405,Brand,Remote,Active,2021-05-30 00:00:00,,yug.modi93,VDR-11405,DEV58710,manager635,False,1
Girindra Goyal,Director,EMP12058,Sales,Data Center,Active,2022-06-28 06:55:18,,girindra.goyal89,VDR-12058,DEV67811,manager253,False,1
Azad Dara,Director,EMP12775,R&D,,On Leave,2022-08-05 11:26:00,,azad.dara84,VDR-12775,DEV18826,manager777,False,1
Orinder Sachdev,Director,EMP12057,Procurement,,Inactive,2024-03-04 00:00:00,,orinder.sachdev68,VDR-12057,DEV91259,manager970,False,1
Varenya Wali,Officer,EMP10973,IT,Head Office,Active,2025-04-01 21:22:17,,varenya.wali14,WS-10973,,,False,0
Dayita Kannan,Analyst,EMP12874,IT,Head Office,Active,2024-06-06 00:00:00,,dayita.kannan36,WS-12874,DEV78652,,False,1
Daniel Rattan,Consultant,EMP10883,Finance,Regional Office,Active,2024-03-01 04:56:22,,daniel.rattan78,LPT-10883,,manager497,False,0
Rajeshri Uppal,Manager,EMP11098,Human Resources,Warehouse,Inactive,2021-06-17 03:39:43,,rajeshri_uppal5,WS-11098,DEV57652,manager773,True,2
Laban Muni,Officer,EMP10156,Customer Support,Branch Office,Active,2025-06-28 07:42:58,,laban.muni15,WS-10156,DEV56019,,False,1
Indrajit Sangha,Manager,EMP12348,IT,,Active,2026-03-14 19:30:21,,indrajit.sangha86,VDR-12348,DEV75028,manager253,False,1
Veda Dani,Trainee,EMP10886,Finance,Warehouse,Active,2022-06-22 04:23:18,,veda_dani92,VDR-10886,,manager181,False,0
Mitali Madan,Consultant,EMP12477,Procurement,Warehouse,Active,,,mitali.madan32,WS-12477,DEV98487,,False,1
Megha Sant,Director,EMP12979,Sales,Data Center,Active,2022-11-18 11:23:00,,megha.sant38,,DEV29757,manager260,False,1
Shivansh Bail,Director,EMP12554,Finance,,Active,2021-11-28 23:03:57,,shivansh.bail27,VDR-12554,DEV56284,unknown,False,1
Avi Kant,Manager,EMP11596,Legal,Work From Home,Active,2020-09-12 10:08:00,,avi.kant18,VDR-11596,DEV48523,,False,1
Ira Shukla,Director,EMP11945,Human Resources,,Active,2021-03-15 15:04:00,,ira.shukla68,LPT-11945,DEV30297,manager733,False,1
Neel Kade,Manager,EMP12339,Human Resources,Warehouse,Active,2024-03-07 21:29:56,,neel.kade32,LPT-12339,DEV45593,manager947,False,1
Maya Bava,Manager,EMP12730,R&D,Warehouse,Active,2023-07-30 20:25:24,,maya.bava52,LPT-12730,DEV33990,manager978,False,1
Christopher Khanna,Analyst,EMP10458,Supply Chain,,Active,2023-12-29 00:43:09,,christopher.khanna72,VDR-10458,DEV30568,,False,1
Darsh Deshpande,Consultant,EMP12016,IT,Work From Home,Active,2020-09-19 01:46:43,,darsh.deshpande19,LPT-12016,DEV59298,manager275,False,1
Dakshesh Joshi,Administrator,EMP10078,R&D,Remote,Active,2021-08-21 08:07:32,,dakshesh_joshi90,WS-10078,DEV40217,manager860,False,1
Yashoda Chada,Specialist,EMP11056,Legal,Remote,Active,2026-03-10 17:40:16,,yashoda_chada85,VDR-11056,DEV63950,,False,1
Libni Dave,Engineer,EMP10906,Marketing,Branch Office,On Leave,2023-01-19 00:00:00,,libni.dave64,VDR-10906,DEV16166,unknown,False,1
Chaitaly Prashad,Trainee,EMP12282,Marketing,Remote,Active,2026-05-17 00:18:37,,chaitaly.prashad36,VDR-12282,DEV37711,,False,1
Ethan Babu,Director,EMP12778,Operations,Remote,Inactive,2021-02-24 00:00:00,2021-04-01 01:22:10,,LPT-12778,DEV97441,manager826,False,1
Thomas Barad,Officer,EMP10380,Marketing,Work From Home,Active,2021-11-12 16:30:48,,thomas.barad31,VDR-10380,,manager916,False,0
Vansha Choudhury,Trainee,EMP10947,Sales,Warehouse,Inactive,,2026-03-30 19:17:00,vansha.choudhury76,VDR-10947,DEV60469,manager167,False,1
Ridhi Kota,Consultant,EMP12148,Sales,Regional Office,Disabled,2021-09-27 00:00:00,2022-08-29 00:02:25,ridhi.kota93,VDR-12148,DEV93898,manager586,False,1
Harita Divan,Specialist,EMP12768,Procurement,Branch Office,Active,2020-08-13 00:00:00,,harita.divan53,LPT-12768,DEV60309,unknown,False,1
Forum Vyas,Director,EMP10715,Procurement,Data Center,Active,2025-01-03 02:27:52,,forum.vyas33,VDR-10715,DEV41692,unknown,False,1
Aayush Sha,Executive,EMP12037,R&D,Remote,On Leave,2021-06-17 22:36:00,,aayush.sha44,WS-12037,,manager703,False,0
Rajeshri Shah,Officer,EMP10686,Sales,,Active,2021-10-08 23:21:40,,rajeshri.shah80,,DEV60307,unknown,False,1
Yashvi Chatterjee,Engineer,EMP12644,Human Resources,Remote,On Leave,2023-05-30 12:16:53,,yashvi.chatterjee62,LPT-12644,,manager808,False,0
Upasna Gade,Analyst,EMP11293,Marketing,Work From Home,Active,2020-12-22 09:18:46,,upasna.gade39,WS-11293,DEV91744,manager256,False,1
Raagini Naidu,Engineer,EMP10305,Procurement,Data Center,Active,2025-10-12 07:19:46,,raagini.naidu75,WS-10305,,manager612,False,0
Anirudh Kaul,Engineer,EMP10209,R&D,Work From Home,Active,2020-08-14 17:15:00,,anirudh.kaul39,VDR-10209,DEV63227,manager261,False,1
Indali Walla,Analyst,EMP11584,Compliance,Warehouse,Disabled,2025-06-19 17:31:41,,indali.walla86,LPT-11584,DEV87377,manager220,False,1
Ryan Warrior,Officer,EMP12289,Procurement,Branch Office,Active,2025-07-17 22:50:37,,ryan.warrior13,LPT-12289,DEV19311,manager712,False,1
Tara Dash,Manager,EMP10885,Legal,Head Office,On Leave,2025-10-02 15:01:28,,tara.dash81,VDR-10885,DEV54793,manager802,False,1
Edhitha Bala,Executive,EMP11739,Customer Support,Head Office,Inactive,,2026-01-16 00:00:00,edhitha.bala97,WS-11739,DEV76368,manager951,False,1
Abha Chaudhary,Specialist,EMP10917,Finance,Head Office,Inactive,2022-07-07 00:00:00,2026-04-13 19:11:21,abha.chaudhary85,VDR-10917,DEV96554,manager666,False,1
Harita Padmanabhan,Trainee,EMP11775,Finance,Remote,Inactive,2024-07-13 03:54:26,,harita.padmanabhan74,LPT-11775,DEV74182,manager746,False,1
Jeremiah Sastry,Director,EMP11769,IT,Head Office,Active,,,jeremiah.sastry53,WS-11769,,manager482,False,0
Banjeet Baral,Consultant,EMP10191,Human Resources,,Active,2026-02-07 00:00:00,,banjeet.baral14,WS-10191,DEV50173,manager806,False,1
Gautami Johal,Director,EMP11860,Sales,,On Leave,2022-04-30 03:40:56,,gautami.johal58,WS-11860,DEV16260,manager659,False,1
Turvi Chada,Engineer,EMP12103,IT,Head Office,Active,2023-06-13 23:15:15,,,LPT-12103,DEV12209,unknown,False,1
Gayathri Mangal,Manager,EMP11265,Legal,Branch Office,Active,2021-06-15 08:51:18,,gayathri.mangal51,VDR-11265,DEV45162,,False,1
Theodore Oommen,Trainee,EMP10483,Operations,,Active,2022-09-29 00:00:00,,theodore.oommen1,LPT-10483,DEV15235,manager892,False,1
Daksh Chaudhry,Consultant,EMP10915,Customer Support,Head Office,Active,2026-02-07 14:03:10,,daksh.chaudhry59,WS-10915,DEV29082,unknown,False,1
Aadhya Saraf,Director,EMP12678,Procurement,Remote,Active,2020-06-24 08:36:29,,aadhya.saraf43,VDR-12678,DEV88793,manager348,False,1
Januja Gera,Officer,EMP10277,Marketing,Remote,Disabled,2025-09-25 03:32:00,2025-12-03 18:25:40,januja.gera68,LPT-10277,DEV75826,manager198,False,1
Kalpit Savant,Engineer,EMP10988,Operations,Remote,Active,2023-03-02 20:26:50,,kalpit_savant15,WS-10988,,manager639,False,0
Gautami Batra,Executive,EMP11697,Sales,Remote,On Leave,2021-12-12 06:00:43,,gautami.batra90,VDR-11697,DEV85009,manager724,False,1
Darpan Koshy,Consultant,EMP12018,IT,Warehouse,Active,2023-06-12 02:07:06,,darpan.koshy47,WS-12018,DEV23749,manager850,False,1
Idika Dhawan,Manager,EMP12950,Sales,Remote,Active,2026-04-14 19:08:41,,idika.dhawan31,WS-12950,,manager482,False,0
Amol Saran,Officer,EMP10571,Legal,Regional Office,Active,2022-12-14 14:44:40,,amol.saran73,,DEV79964,manager332,False,1
Kalpit Das,Administrator,EMP11435,Innovation,,Active,,,kalpit.das34,,DEV56550,unknown,False,1
Bhanumati Raja,Officer,EMP10993,R&D,,Active,2024-06-20 14:18:21,,bhanumati.raja48,LPT-10993,DEV52182,manager832,False,1
Naveen Dubey,Administrator,EMP11497,Sales,,Active,2023-10-31 00:00:00,,naveen.dubey63,WS-11497,,manager681,False,0
Zayan Kakar,Consultant,EMP11494,IT,Data Center,Active,2023-09-29 04:11:36,,zayan.kakar93,VDR-11494,DEV77051,manager227,False,1
Jagdish Reddy,Administrator,EMP10585,Human Resources,Data Center,Active,2020-06-10 19:55:34,,jagdish.reddy67,VDR-10585,,,False,0
Nicholas Aggarwal,Specialist,EMP11748,Procurement,Data Center,Active,2025-10-10 22:39:00,,nicholas.aggarwal55,VDR-11748,DEV90583,manager132,False,1
Widisha Basak,Manager,EMP11349,IT,Warehouse,Active,2026-04-24 10:46:03,,widisha.basak76,LPT-11349,,manager695,False,0
Pushti Bhatia,Administrator,EMP11007,Customer Support,Remote,Active,2020-04-10 01:40:34,,pushti.bhatia89,VDR-11007,DEV13046,,False,1
Tripti Iyengar,Administrator,EMP10674,IT,,Inactive,2022-11-01 11:53:00,2023-01-12 00:00:00,tripti.iyengar15,VDR-10674,DEV87894,manager884,False,1
Chakradev Vyas,Director,EMP11832,R&D,Head Office,Disabled,2022-03-11 11:12:03,2023-06-14 00:00:00,chakradev.vyas39,VDR-11832,DEV49366,manager964,True,2
Manthan Peri,Analyst,EMP10855,Finance,Data Center,Active,2024-11-23 23:27:00,,manthan.peri83,LPT-10855,DEV92352,manager261,False,1
Tristan Nazareth,Trainee,EMP10447,Procurement,Branch Office,Active,2026-02-26 00:00:00,,tristan_nazareth15,LPT-10447,DEV77070,manager362,False,1
Amrita Hayer,Administrator,EMP11776,Brand,Remote,Active,2022-08-30 14:49:16,,amrita.hayer9,WS-11776,DEV87913,,False,1
Yashica Pandey,Officer,EMP11723,Sales,Head Office,Active,2021-07-16 02:18:32,,yashica.pandey33,WS-11723,DEV11620,unknown,False,1
Yochana Pai,Manager,EMP12330,Legal,,Active,2021-08-05 08:21:25,,yochana.pai61,VDR-12330,DEV70177,manager609,False,1
Ishita Bhatt,Consultant,EMP12757,Marketing,Warehouse,Inactive,2020-09-09 00:00:00,,ishita_bhatt24,VDR-12757,,,False,0
Yashawini Chawla,Analyst,EMP12457,Compliance,,Disabled,2020-04-07 00:00:00,2021-06-15 02:12:00,yashawini.chawla66,LPT-12457,DEV25501,,False,1
Gautam Sastry,Manager,EMP12503,Customer Support,Work From Home,Active,2024-03-07 14:37:27,,gautam.sastry56,LPT-12503,DEV85775,unknown,False,1
Tejas Swamy,Trainee,EMP12753,Finance,Regional Office,Active,2024-08-04 05:09:25,,tejas.swamy73,,DEV21641,manager706,False,1
Riya Khare,Director,EMP11247,Operations,Head Office,Active,2020-05-26 06:00:01,,riya.khare41,VDR-11247,DEV51048,manager813,False,1
Ekavir Natarajan,Executive,EMP10294,R&D,Head Office,Active,2022-07-20 07:08:00,,ekavir.natarajan35,LPT-10294,,manager178,False,0
Gaurav Kibe,Trainee,EMP10588,Finance,Head Office,Active,2026-06-17 20:54:38,,gaurav.kibe32,VDR-10588,DEV91087,manager161,False,1
Amol Talwar,Analyst,EMP11281,IT,Remote,Inactive,,2026-08-27 17:34:00,amol.talwar85,LPT-11281,DEV55903,manager188,False,1
Vyanjana Chopra,Specialist,EMP11518,Marketing,,Active,2021-04-30 21:06:50,,vyanjana.chopra88,VDR-11518,,manager505,False,0
Faris Rama,Executive,EMP12183,R&D,,Active,2025-10-29 11:29:00,,faris.rama22,LPT-12183,DEV82756,manager174,False,1
Ekiya Andra,Manager,EMP12244,Operations,,Active,2026-03-19 22:57:58,,ekiya_andra99,WS-12244,DEV92436,manager714,False,1
Ekavir Karan,Director,EMP12982,Human Resources,,Active,,,ekavir.karan53,VDR-12982,DEV29282,manager342,False,1
Faris Agarwal,Consultant,EMP11417,R&D,Remote,Active,2025-02-23 20:28:43,,faris.agarwal50,VDR-11417,DEV51546,,False,1
Shivani Bajaj,Administrator,EMP10425,Marketing,Branch Office,Active,2020-06-25 00:00:00,,shivani.bajaj36,LPT-10425,DEV77802,unknown,False,1
Liam Sidhu,Engineer,EMP10534,People,Warehouse,Disabled,2025-03-22 17:02:00,2025-05-02 03:23:02,liam.sidhu21,WS-10534,DEV54359,manager751,False,1
Leela Gill,Manager,EMP11054,IT,Work From Home,Active,2023-04-09 03:02:38,,leela.gill21,LPT-11054,DEV94462,manager700,False,1
Benjamin Sama,Administrator,EMP12375,Legal,,Active,2021-11-25 05:20:00,,benjamin.sama73,LPT-12375,DEV29448,manager942,False,1
Sai Sani,Analyst,EMP12581,Finance,Warehouse,Inactive,2024-03-23 00:00:00,2025-08-10 06:05:00,sai.sani51,WS-12581,,,False,0
Triya Singh,Specialist,EMP11840,Operations,Head Office,Inactive,,2025-04-15 03:52:43,triya.singh47,LPT-11840,DEV31655,manager140,False,1
Eiravati Prabhu,Executive,EMP10132,Marketing,,Active,2023-01-18 00:28:00,,eiravati.prabhu70,VDR-10132,DEV13379,,False,1
Damini Loke,Analyst,EMP11956,Customer Support,Warehouse,Active,2025-05-14 01:20:41,,damini.loke16,LPT-11956,DEV41600,manager604,False,1
Anmol Solanki,Manager,EMP12602,Human Resources,Head Office,Active,2021-08-30 00:00:00,,anmol.solanki37,VDR-12602,DEV90276,manager182,False,1
Omya Tailor,Trainee,EMP10421,IT,Branch Office,Active,2020-01-27 07:06:00,,omya.tailor99,,DEV32701,manager722,False,1
Jasmit Madan,Manager,EMP12740,R&D,,Active,2022-08-14 19:14:05,,jasmit_madan30,VDR-12740,DEV10796,manager275,False,1
Ikbal Dewan,Consultant,EMP12104,R&D,Data Center,Active,,,ikbal.dewan73,WS-12104,DEV91645,manager897,False,1
Yashica Kumer,Manager,EMP12508,Human Resources,Warehouse,Active,2022-02-11 10:26:05,,yashica.kumer96,LPT-12508,DEV86610,unknown,False,1
Hardik Sundaram,Trainee,EMP11368,R&D,Branch Office,Inactive,2022-03-17 00:00:00,,hardik.sundaram36,LPT-11368,,unknown,False,0
Laksh Bala,Engineer,EMP10556,Marketing,,Active,2026-04-13 00:00:00,,laksh.bala93,WS-10556,DEV59923,manager925,False,1
Yug Rajan,Trainee,EMP12108,Human Resources,Branch Office,Active,2020-02-10 18:58:12,,yug.rajan98,WS-12108,DEV77669,manager931,False,1
Yagnesh Agrawal,Director,EMP12761,Sales,Remote,Active,2023-01-07 12:15:55,,yagnesh.agrawal38,,DEV50414,manager882,False,1
Lila Rajagopalan,Executive,EMP10570,R&D,Regional Office,Active,2023-11-19 10:20:41,,lila.rajagopalan71,VDR-10570,DEV33204,manager751,False,1
Anya Bahl,Consultant,EMP10352,IT,Work From Home,Active,2022-03-27 22:56:48,,anya.bahl99,WS-10352,DEV45649,manager690,False,1
Aishani Parmer,Trainee,EMP10091,Human Resources,,Inactive,,2026-02-12 22:44:37,aishani.parmer57,WS-10091,DEV62757,manager140,False,1
Neel Shankar,Administrator,EMP12189,Operations,Remote,Disabled,2021-10-15 06:34:13,2024-11-11 19:47:19,,WS-12189,,manager586,False,0
Zaid Mangat,Trainee,EMP12611,Marketing,Work From Home,Active,2025-11-13 00:00:00,,zaid.mangat27,LPT-12611,DEV41549,manager201,False,1
Upasna Kuruvilla,Officer,EMP11170,Customer Support,Work From Home,Active,2026-01-30 04:22:39,,upasna.kuruvilla64,LPT-11170,,manager691,False,0
Ati Choudhury,Administrator,EMP11588,R&D,Remote,Active,,,ati.choudhury94,VDR-11588,DEV55095,manager902,False,1
Azad Joshi,Engineer,EMP11285,Finance,Remote,Active,2022-07-24 08:49:00,,azad.joshi75,,DEV64566,manager404,False,1
Aarush Krishna,Trainee,EMP11813,Customer Support,Branch Office,Active,2023-02-15 18:52:49,,aarush.krishna22,LPT-11813,,,False,0
Aadi Arya,Administrator,EMP11565,Customer Support,Head Office,Active,2024-08-15 00:00:00,,aadi.arya44,WS-11565,DEV65904,manager332,False,1
Aarini Chandran,Analyst,EMP11543,Legal,Data Center,Active,2026-07-23 08:42:50,,aarini.chandran27,WS-11543,DEV62321,manager934,False,1
Timothy Maharaj,Manager,EMP11576,Customer Support,,Active,2025-08-13 20:35:28,,timothy.maharaj40,VDR-11576,DEV88439,manager941,False,1
Omisha Suri,Executive,EMP10697,IT,Regional Office,Active,2021-02-25 20:10:24,,omisha.suri10,WS-10697,DEV96235,manager757,False,1
Pallavi Dhingra,Administrator,EMP12583,IT,Head Office,Active,2026-07-25 05:53:07,,pallavi_dhingra3,LPT-12583,,,False,0
Nirja Wable,Consultant,EMP10348,Customer Support,Data Center,Active,2025-07-11 23:32:50,,nirja.wable20,VDR-10348,DEV93138,manager167,False,1
Neel Balay,Analyst,EMP12008,Customer Support,Work From Home,Active,2020-06-13 08:31:08,,neel.balay38,LPT-12008,DEV66512,manager309,False,1
Warda Dua,Executive,EMP12418,Marketing,Head Office,Active,2025-08-22 15:09:00,,warda.dua80,WS-12418,DEV59411,manager626,True,2
Radhika Bath,Executive,EMP12505,Procurement,Work From Home,Active,2020-05-26 00:07:56,,radhika.bath93,LPT-12505,DEV68365,manager251,False,1
Faris Garde,Manager,EMP12236,Sales,Head Office,Active,2022-12-28 23:44:00,,faris.garde11,WS-12236,DEV53553,,False,1
Shivani Deol,Engineer,EMP11137,Operations,Remote,Inactive,2020-11-09 01:20:12,2023-01-01 19:25:00,shivani.deol7,WS-11137,DEV46721,,False,1
Wakeeta Nigam,Engineer,EMP12043,Procurement,Remote,Disabled,2021-10-15 00:35:38,2022-07-16 01:48:12,wakeeta.nigam43,LPT-12043,DEV21273,manager564,False,1
Balendra Chander,Analyst,EMP12752,Operations,Regional Office,Active,,,balendra.chander68,LPT-12752,,manager447,False,0
Kashvi Vala,Trainee,EMP12921,Procurement,Warehouse,Active,2022-07-28 23:59:54,,kashvi.vala58,LPT-12921,DEV28628,,False,1
Zayan Narayan,Administrator,EMP12905,Procurement,Remote,Active,2025-05-02 14:29:26,,zayan.narayan72,VDR-12905,DEV89760,manager514,False,1
Mitesh Koshy,Administrator,EMP11339,Marketing,Work From Home,Active,2022-08-11 11:45:40,,mitesh.koshy47,VDR-11339,DEV89691,manager428,False,1
Upadhriti Wason,Executive,EMP12566,Innovation,Work From Home,Inactive,2020-01-05 15:06:00,,,LPT-12566,DEV57091,unknown,False,1
Pranit Sastry,Director,EMP10453,People,Warehouse,Active,2021-07-17 03:46:00,,pranit.sastry21,WS-10453,DEV84572,manager897,False,1
Tanay Bains,Trainee,EMP10913,Sales,Remote,Active,2022-04-06 11:33:47,,tanay.bains1,WS-10913,,manager872,False,0
Ikshita Mital,Manager,EMP11199,People,,Inactive,2023-05-18 00:00:00,2024-03-23 00:00:00,ikshita.mital60,VDR-11199,DEV24201,manager166,False,1
Balhaar Vaidya,Executive,EMP11274,IT,Data Center,On Leave,2023-01-14 18:20:43,,,LPT-11274,DEV96424,manager350,True,2
Gaurika Tandon,Consultant,EMP12845,R&D,Work From Home,Active,2022-04-14 21:53:12,,gaurika.tandon2,WS-12845,DEV21023,manager229,False,1
Bhavani Karan,Trainee,EMP10037,Customer Support,,Active,2022-05-09 14:46:23,,bhavani.karan34,LPT-10037,DEV22097,manager441,False,1
Laksh Dani,Specialist,EMP10974,Procurement,Head Office,Active,2023-08-23 01:52:39,,laksh.dani30,,DEV60321,,False,1
Vaishnavi Wali,Analyst,EMP12854,Finance,,Active,2021-08-16 03:18:00,,vaishnavi.wali56,LPT-12854,DEV42127,unknown,False,1
Meghana Mani,Engineer,EMP10983,R&D,Head Office,Active,2023-12-20 11:30:06,,meghana.mani6,VDR-10983,DEV39232,manager344,False,1
Ojasvi Gade,Specialist,EMP12938,People,,Active,2020-08-30 00:00:00,,ojasvi_gade59,WS-12938,DEV64458,manager420,False,1
Dakshesh Agate,Director,EMP12516,Human Resources,Remote,Inactive,2025-03-20 00:00:00,,dakshesh.agate15,LPT-12516,DEV61496,manager237,False,1
Yutika Doctor,Executive,EMP11418,Marketing,Work From Home,Active,2025-11-29 14:23:39,,,WS-11418,DEV83464,,False,1
Charvi Dyal,Administrator,EMP11284,Marketing,Warehouse,Active,,,charvi.dyal13,WS-11284,DEV32715,,False,1
Nachiket Singh,Consultant,EMP11752,Legal,Branch Office,Active,2022-08-20 13:22:28,,nachiket.singh59,VDR-11752,DEV71509,manager820,False,1
Janya Tella,Officer,EMP10039,Finance,Head Office,Active,2023-08-28 00:00:00,,janya.tella10,WS-10039,DEV86350,manager415,False,1
Ethan Mukherjee,Director,EMP11486,Procurement,Head Office,Active,2024-11-03 00:00:00,,ethan.mukherjee77,,DEV89929,manager800,False,1
Nitara Bhargava,Executive,EMP12003,Human Resources,Remote,Active,,,nitara.bhargava30,WS-12003,,manager657,False,0
Anirudh Rai,Trainee,EMP10169,Operations,Branch Office,Active,2022-07-07 23:51:26,,anirudh.rai28,LPT-10169,DEV28030,,False,1
Finn Bahl,Specialist,EMP11355,R&D,Branch Office,Active,2021-01-24 05:38:51,,finn.bahl84,WS-11355,DEV64899,,False,1
Ayaan Mangat,Engineer,EMP10737,Human Resources,Data Center,Active,2021-01-10 07:40:00,,ayaan.mangat29,WS-10737,DEV98918,,False,1
Qabil Sastry,Specialist,EMP11656,Marketing,Work From Home,Active,2021-09-06 13:45:51,,qabil.sastry23,LPT-11656,DEV94048,manager424,False,1
Harsh Patla,Director,EMP12782,Procurement,Data Center,Active,2022-11-01 05:36:00,,harsh.patla58,LPT-12782,DEV78969,unknown,False,1
Ikbal Bumb,Executive,EMP11564,Operations,Remote,Active,2023-11-18 17:23:14,,ikbal.bumb44,,DEV73878,manager784,False,1
Nidra Bhagat,Analyst,EMP12223,Procurement,Regional Office,Active,2021-11-13 03:22:40,,nidra.bhagat91,LPT-12223,DEV18305,,False,1
Utkarsh Murty,Executive,EMP10634,Procurement,Remote,Active,,,utkarsh.murty19,LPT-10634,DEV83051,manager425,False,1
Isha Gokhale,Executive,EMP12925,Procurement,Regional Office,Active,2023-05-07 13:41:00,,isha.gokhale21,WS-12925,,unknown,False,0
Nikita Gala,Manager,EMP12042,Human Resources,Data Center,Active,2021-09-10 17:32:15,,nikita.gala74,VDR-12042,,manager821,False,0
Ati Patla,Analyst,EMP11290,Innovation,Head Office,Disabled,2025-07-12 02:33:39,2025-09-25 18:12:39,ati.patla67,,DEV45412,,False,1
Chakrika Sehgal,Administrator,EMP11380,Human Resources,Data Center,Active,2023-08-13 00:15:06,,chakrika.sehgal29,WS-11380,DEV52650,manager575,False,1
Ekta Edwin,Executive,EMP10579,IT,Head Office,Active,2023-09-24 02:42:48,,ekta.edwin69,WS-10579,DEV45283,manager338,False,1
Radha Sidhu,Trainee,EMP10328,Legal,Branch Office,Active,2023-07-10 22:51:00,,radha.sidhu98,VDR-10328,DEV92890,manager177,False,1
Zehaan Dar,Consultant,EMP12732,Compliance,Branch Office,Active,2020-05-25 01:31:15,,zehaan.dar65,,DEV53186,manager869,False,1
Vasana Behl,Director,EMP10892,Human Resources,Warehouse,Active,2020-02-11 08:03:46,,,LPT-10892,DEV10766,manager588,False,1
Orinder Gera,Consultant,EMP12178,Finance,Remote,Active,2021-01-18 09:48:00,,orinder.gera82,,DEV32915,manager811,False,1
Vrinda Guha,Analyst,EMP10780,Innovation,,Active,2020-03-18 00:53:36,,vrinda.guha94,VDR-10780,DEV82215,manager961,False,1
Dayita Kant,Executive,EMP10159,Operations,Data Center,Active,2022-07-29 19:55:41,,dayita_kant42,LPT-10159,DEV71462,unknown,False,1
Ethan Bhattacharyya,Trainee,EMP11651,Legal,Regional Office,Inactive,,,ethan.bhattacharyya54,WS-11651,DEV68181,manager433,False,1
Waida Rai,Analyst,EMP11807,Sales,,Active,2020-03-05 08:50:34,,waida.rai24,LPT-11807,,manager158,False,0
Tanay Dani,Consultant,EMP12396,IT,Head Office,Inactive,2022-03-15 12:13:37,2026-02-19 15:56:31,tanay.dani38,WS-12396,DEV64209,manager204,False,1
Bahadurjit Mishra,Officer,EMP10061,Customer Support,Work From Home,Active,2022-04-27 23:31:55,,bahadurjit.mishra54,VDR-10061,DEV38906,manager129,False,1
Widisha Konda,Administrator,EMP10849,Sales,,Active,2025-12-16 17:46:00,,widisha.konda86,WS-10849,DEV50536,manager931,False,1
Vedika Loke,Specialist,EMP12196,Sales,Data Center,Active,2024-10-30 18:07:55,,vedika_loke72,LPT-12196,DEV78349,,False,1
Ria Thakkar,Executive,EMP12978,Legal,Work From Home,Active,2022-11-19 11:55:37,,ria.thakkar89,VDR-12978,DEV85574,manager257,False,1
Samaksh Buch,Director,EMP11716,IT,Warehouse,Active,2020-04-21 20:46:16,,samaksh.buch64,,DEV15259,manager696,False,1
Tripti Johal,Engineer,EMP11043,Finance,Branch Office,Active,2022-07-30 16:49:36,,tripti.johal40,,DEV33125,manager559,False,1
Harsh Lall,Consultant,EMP12930,Procurement,Warehouse,Active,2025-05-02 08:49:36,,harsh.lall96,WS-12930,DEV95236,manager858,False,1
Gautam Thakur,Executive,EMP11544,Human Resources,,Active,2026-06-08 16:39:32,,gautam.thakur16,VDR-11544,DEV77698,manager600,False,1
Umang Sidhu,Executive,EMP12816,IT,Regional Office,Active,2025-05-21 13:19:46,,umang.sidhu48,VDR-12816,DEV94026,manager957,False,1
Leena Virk,Analyst,EMP11726,Procurement,Work From Home,Inactive,2022-07-31 18:36:53,2025-09-05 00:00:00,leena.virk4,LPT-11726,DEV45944,manager263,False,1
Megha Arya,Administrator,EMP11070,Legal,,Inactive,2024-11-11 00:00:00,2026-05-22 11:01:13,megha.arya94,LPT-11070,DEV28764,manager230,False,1
Yashodhara Arora,Trainee,EMP10053,People,Data Center,Active,,,yashodhara.arora79,VDR-10053,,manager509,False,0
Nakul Dave,Trainee,EMP12517,Sales,Data Center,Active,2021-05-07 03:45:10,,nakul.dave66,,DEV69891,manager531,False,1
Qasim Mittal,Engineer,EMP10258,IT,,Active,2024-08-03 23:24:30,,qasim.mittal91,LPT-10258,DEV62725,manager984,False,1
Agastya Pai,Administrator,EMP10505,Legal,,Active,2022-10-27 00:00:00,,agastya.pai92,WS-10505,,,False,0
Samuel Sarkar,Trainee,EMP10752,Finance,Regional Office,Active,2022-04-17 21:52:54,,samuel.sarkar48,LPT-10752,DEV92840,manager230,False,1
Vasudha Tata,Analyst,EMP12084,Operations,Head Office,Active,2025-07-24 03:29:00,,vasudha.tata96,WS-12084,DEV36062,,False,1
Balvan Shere,Specialist,EMP10217,IT,Warehouse,Active,,,balvan.shere52,LPT-10217,,manager561,False,0
Atharv Keer,Officer,EMP10824,Customer Support,,Active,2021-04-30 15:23:00,,atharv.keer85,,DEV72378,manager500,False,1
Edhitha Khatri,Officer,EMP11623,Procurement,Warehouse,Active,2022-05-27 00:00:00,,edhitha.khatri73,WS-11623,DEV81615,manager558,False,1
Edhitha Dugal,Consultant,EMP12345,Operations,Data Center,Active,,,edhitha.dugal87,WS-12345,,manager838,False,0
Aadhya Uppal,Engineer,EMP11389,Legal,Warehouse,Inactive,2020-04-22 01:56:00,2024-10-14 00:45:00,aadhya.uppal43,VDR-11389,DEV42598,manager507,False,1
Barkha Sahota,Specialist,EMP11266,Brand,,Active,2024-04-12 12:18:19,,barkha.sahota45,VDR-11266,DEV10407,,False,1
Kashvi Gulati,Executive,EMP12540,Finance,Remote,Disabled,2025-11-25 00:00:00,2026-02-16 23:12:36,kashvi_gulati39,LPT-12540,DEV44736,manager202,False,1
Chatresh Cheema,Trainee,EMP11822,Procurement,Remote,Active,2020-06-07 04:35:53,,chatresh.cheema43,VDR-11822,,,False,0
Megha Shetty,Engineer,EMP11598,Sales,Branch Office,Disabled,2021-03-27 16:04:21,2023-04-23 18:11:06,megha_shetty89,WS-11598,,unknown,False,0
Shivansh Chaudhry,Executive,EMP11607,Legal,,Active,,,shivansh.chaudhry63,LPT-11607,DEV96743,manager411,False,1
Darpan Sibal,Director,EMP11747,Operations,Head Office,Active,2023-04-19 00:00:00,,darpan.sibal55,VDR-11747,DEV88323,manager411,False,1
Wriddhish Sachar,Administrator,EMP10771,IT,Branch Office,Inactive,2021-12-22 19:38:09,2026-05-25 05:20:50,wriddhish.sachar57,LPT-10771,DEV12888,manager521,False,1
Gautam Ganguly,Specialist,EMP12887,Finance,Remote,Active,2020-05-17 14:52:00,,gautam.ganguly1,WS-12887,DEV29285,,False,1
Vedant Kar,Analyst,EMP11871,Operations,Remote,Active,2024-05-11 00:47:00,,vedant.kar97,WS-11871,DEV66675,,False,1
Finn Kurian,Director,EMP11085,Customer Support,Head Office,Active,2024-12-08 04:32:37,,finn.kurian25,LPT-11085,DEV52391,,False,1
Vaishnavi Barad,Analyst,EMP11325,Procurement,Work From Home,Disabled,2020-08-26 00:34:51,2024-05-19 13:40:40,vaishnavi.barad69,LPT-11325,DEV42757,manager144,False,1
Yashvi Vasa,Officer,EMP12186,Operations,,Active,2021-12-13 20:04:54,,yashvi.vasa30,,DEV44965,manager335,False,1
Darika Wali,Executive,EMP12875,Customer Support,Remote,Active,2023-07-12 12:00:00,,darika_wali54,,,manager361,False,0
Dipta Bala,Executive,EMP11825,Brand,Branch Office,Active,2022-05-06 00:00:00,,dipta.bala82,LPT-11825,DEV22214,manager142,True,2
Girindra Uppal,Trainee,EMP11754,Customer Support,Head Office,Active,2025-12-05 21:51:31,,girindra.uppal4,VDR-11754,DEV33754,manager920,False,1
Hiral Devi,Engineer,EMP11789,Operations,Branch Office,Active,2026-06-26 13:01:38,,,LPT-11789,DEV82575,manager925,False,1
Madhav Samra,Analyst,EMP11987,Customer Support,Work From Home,Inactive,2023-06-19 23:19:39,,madhav.samra18,WS-11987,,,False,0
Charles Padmanabhan,Engineer,EMP12662,Customer Support,Warehouse,Active,2022-10-07 00:56:00,,charles.padmanabhan1,LPT-12662,DEV62127,manager260,False,1
Chameli Srinivas,Manager,EMP11163,Compliance,,Active,,,chameli.srinivas29,LPT-11163,DEV24435,manager730,False,1
Yash Boase,Specialist,EMP10963,Supply Chain,Warehouse,Active,2026-05-06 00:00:00,,yash_boase95,LPT-10963,DEV18566,manager365,False,1
Zinal Munshi,Engineer,EMP12988,Legal,Warehouse,Active,2022-10-01 12:05:36,,zinal.munshi37,WS-12988,DEV67936,manager958,False,1
Gopal Walia,Engineer,EMP11771,Finance,Warehouse,Active,2020-08-21 04:32:13,,gopal.walia83,VDR-11771,DEV47699,manager131,False,1
Lila Mall,Trainee,EMP10398,Procurement,Branch Office,Active,2025-06-05 00:00:00,,lila.mall81,LPT-10398,,manager183,False,0
Rishi Suresh,Director,EMP10584,Innovation,Regional Office,Active,2026-03-12 13:17:00,,rishi.suresh27,WS-10584,DEV52344,manager662,False,1
Yamini Dubey,Director,EMP10948,IT,Regional Office,Active,2024-12-26 04:12:00,,yamini.dubey62,LPT-10948,DEV12440,manager352,False,1
Pavani Wali,Director,EMP10704,Operations,Remote,Active,,,pavani.wali74,WS-10704,DEV47907,,False,1
Girik Salvi,Specialist,EMP10431,Procurement,Warehouse,Inactive,2024-04-03 22:17:52,2025-11-17 00:00:00,girik.salvi82,LPT-10431,DEV71894,,False,1
Falguni Rajan,Specialist,EMP10292,Human Resources,Warehouse,Active,2023-07-09 15:54:00,,falguni.rajan71,WS-10292,DEV60493,manager186,False,1
Abhimanyu Dass,Analyst,EMP10145,Marketing,Branch Office,Inactive,2022-12-26 14:12:00,2023-08-06 03:00:22,abhimanyu.dass89,WS-10145,DEV50499,manager510,False,1
Mohini Dani,Administrator,EMP10323,Sales,Work From Home,Active,2020-09-27 05:55:22,,mohini.dani84,LPT-10323,DEV68947,,False,1
Ira Kaul,Executive,EMP12175,Innovation,,Disabled,2025-06-07 01:01:25,2025-08-05 04:22:13,ira.kaul35,WS-12175,DEV44487,manager213,False,1
Balhaar Thakkar,Executive,EMP11165,Legal,Regional Office,Active,,,balhaar.thakkar24,VDR-11165,,manager206,False,0
Bhanumati Anand,Consultant,EMP11452,Operations,,Active,2023-05-22 00:00:00,,bhanumati.anand48,LPT-11452,DEV90028,,False,1
Xalak Tiwari,Officer,EMP10002,Sales,Data Center,Active,,,xalak.tiwari72,LPT-10002,DEV68878,,False,1
Nicholas Gola,Manager,EMP10576,Marketing,Data Center,Active,2025-03-20 04:42:54,,nicholas.gola29,VDR-10576,DEV41399,unknown,False,1
Chavvi Dey,Trainee,EMP12372,Procurement,,Active,2024-01-27 00:00:00,,chavvi.dey98,LPT-12372,,unknown,False,0
Amara Mitter,Manager,EMP10339,Finance,Warehouse,Active,2021-05-24 21:25:01,,amara.mitter83,VDR-10339,DEV11110,manager839,False,1
Bimala Khosla,Administrator,EMP11897,IT,Head Office,Active,2020-07-04 03:31:31,,bimala.khosla56,WS-11897,DEV70762,manager636,False,1
Neelima Koshy,Trainee,EMP12140,Human Resources,,Active,2021-07-18 14:25:00,,neelima.koshy46,VDR-12140,DEV97821,manager146,False,1
Ranveer Kapadia,Officer,EMP10925,Procurement,Work From Home,Active,2022-06-03 00:30:14,,ranveer.kapadia75,VDR-10925,DEV40649,manager934,False,1
Netra Wali,Engineer,EMP10265,Customer Support,,Active,2025-02-16 05:07:35,,netra.wali12,WS-10265,DEV59436,manager174,True,2
Bhanumati Chandran,Manager,EMP10376,IT,Remote,Active,2025-06-19 15:38:43,,bhanumati.chandran62,WS-10376,DEV27987,,False,1
Timothy Korpal,Executive,EMP11983,Human Resources,Work From Home,Disabled,2023-08-28 13:46:00,2026-01-14 06:26:50,timothy.korpal25,LPT-11983,DEV48591,unknown,False,1
Widisha Hari,Officer,EMP11463,IT,Regional Office,Active,2024-07-20 03:23:17,,widisha.hari94,WS-11463,DEV42588,manager844,False,1
Widisha Nagy,Administrator,EMP10271,Legal,Branch Office,Active,2024-11-05 06:35:07,,,LPT-10271,DEV53236,,False,1
George Krishnamurthy,Consultant,EMP10696,Legal,Work From Home,Active,2025-09-12 00:00:00,,george_krishnamurthy72,WS-10696,,,False,0
Bishakha Chopra,Executive,EMP10244,Marketing,Data Center,Inactive,2025-12-25 21:00:52,,bishakha.chopra60,VDR-10244,,manager402,False,0
Unnati Kaur,Consultant,EMP12898,Legal,Work From Home,Active,2025-04-19 03:37:00,,unnati.kaur19,WS-12898,DEV83810,manager956,False,1
Jason Parmar,Administrator,EMP10476,Finance,Regional Office,Disabled,2025-11-15 14:29:02,2026-02-02 19:54:36,jason.parmar97,WS-10476,DEV29192,,False,1
Tarak Hegde,Specialist,EMP11804,IT,Regional Office,Active,2024-01-01 00:15:33,,tarak.hegde80,VDR-11804,DEV33061,unknown,False,1
Saanvi Konda,Engineer,EMP12116,Customer Support,Work From Home,Active,2020-06-27 21:32:30,,saanvi.konda9,LPT-12116,,,False,0
Urmi Gandhi,Consultant,EMP12314,Brand,Remote,Active,,,urmi.gandhi15,LPT-12314,DEV17318,manager888,False,1
Zinal Varty,Specialist,EMP11812,Procurement,,Active,2024-06-14 08:46:59,,zinal.varty46,VDR-11812,DEV63110,unknown,False,1
Omkaar Upadhyay,Consultant,EMP12615,Sales,Warehouse,Active,2021-06-01 04:44:15,,omkaar.upadhyay44,LPT-12615,DEV25647,manager792,False,1
Jason Goda,Specialist,EMP12868,Procurement,Warehouse,Active,2025-10-11 00:00:00,,jason.goda96,WS-12868,DEV61303,manager538,False,1
Rishi Thaker,Director,EMP12069,Sales,Branch Office,Disabled,2025-08-03 23:53:44,,rishi.thaker79,LPT-12069,DEV65980,manager410,False,1
Vritti Bhalla,Administrator,EMP10250,R&D,Regional Office,Active,2020-01-10 08:50:59,,vritti_bhalla72,LPT-10250,,manager692,False,0
Rushil Sunder,Engineer,EMP10413,People,,Active,2022-09-23 00:00:00,,rushil.sunder88,WS-10413,,manager526,False,0
Zayyan Mohan,Officer,EMP10545,Operations,Warehouse,Active,2020-10-15 23:17:09,,,LPT-10545,DEV44517,manager866,False,1
Nikita Rao,Administrator,EMP11193,Human Resources,Warehouse,Active,2021-07-10 17:05:43,,nikita.rao21,WS-11193,DEV56316,manager571,False,1
Wazir Parsa,Executive,EMP10738,Customer Support,Remote,Active,2022-11-08 08:58:00,,wazir.parsa74,LPT-10738,DEV15975,manager380,False,1
Gabriel Trivedi,Executive,EMP10310,Legal,Branch Office,Active,2020-03-31 16:44:00,,gabriel.trivedi30,VDR-10310,DEV96154,manager302,False,1
Jack Madan,Engineer,EMP11798,Procurement,,Active,2020-03-08 23:26:23,,jack.madan88,VDR-11798,DEV18479,manager453,False,1
Yash Sawhney,Specialist,EMP10893,Compliance,Regional Office,Active,2025-03-31 00:00:00,,yash.sawhney59,WS-10893,DEV49688,manager789,False,1
Nilima Gour,Engineer,EMP11131,Legal,Warehouse,Active,,,nilima.gour98,,DEV77009,,False,1
Geetika Gaba,Engineer,EMP11449,Compliance,Data Center,Disabled,2026-01-03 03:53:08,2026-02-09 09:02:16,geetika.gaba88,VDR-11449,DEV59321,manager425,False,1
Omaja Mann,Officer,EMP12993,Legal,Branch Office,Active,2020-12-10 16:06:12,,omaja.mann4,LPT-12993,,manager498,False,0
Isaiah Swaminathan,Officer,EMP10015,Marketing,Work From Home,Inactive,2025-04-26 17:45:42,,isaiah.swaminathan1,LPT-10015,DEV76542,manager256,False,1
Chameli Rama,Analyst,EMP10721,Marketing,,Inactive,2022-03-13 07:39:56,,chameli.rama10,WS-10721,DEV53601,,False,1
Ayush Yogi,Director,EMP11420,Operations,Branch Office,Inactive,2021-08-16 08:48:01,2023-02-23 00:00:00,ayush.yogi99,VDR-11420,DEV83373,,False,1
Arin Sant,Engineer,EMP12715,Customer Support,Data Center,Active,2020-08-29 14:54:26,,arin.sant37,WS-12715,DEV44944,unknown,False,1
Jasmit Apte,Manager,EMP10981,Sales,Remote,Active,2025-11-19 00:00:00,,jasmit.apte26,LPT-10981,,unknown,False,0
Manan Sharaf,Analyst,EMP12184,Operations,Regional Office,Disabled,,2023-11-12 10:47:44,manan_sharaf61,VDR-12184,DEV17966,,False,1
Aradhana Korpal,Specialist,EMP11539,Operations,Branch Office,Active,2021-07-18 04:05:15,,aradhana.korpal74,,DEV29435,manager646,False,1
Nimrat Natt,Analyst,EMP12608,Compliance,Work From Home,Active,2026-01-25 20:39:00,,nimrat.natt68,LPT-12608,DEV75099,manager993,False,1
Gabriel Mukhopadhyay,Consultant,EMP11550,Marketing,Warehouse,Active,2021-06-26 13:54:51,,,WS-11550,DEV30641,,False,1
Chandani Jain,Administrator,EMP12495,Finance,Data Center,Active,2022-07-13 10:15:00,,chandani.jain37,WS-12495,DEV77449,manager959,False,1
Chatura Krishnan,Consultant,EMP10363,Legal,,Active,2024-04-19 07:25:32,,chatura.krishnan67,VDR-10363,DEV21128,manager939,False,1
Eta Aurora,Specialist,EMP10982,Operations,,Active,2022-10-17 23:36:00,,eta.aurora77,WS-10982,DEV90753,manager565,False,1
Gagan Edwin,Administrator,EMP10182,Finance,Data Center,Active,2024-11-07 23:46:00,,gagan.edwin92,LPT-10182,,manager780,False,0
Maanas Nori,Administrator,EMP10985,Finance,Data Center,Active,2026-07-06 00:00:00,,maanas.nori15,LPT-10985,DEV92750,,False,1
Yahvi Raghavan,Specialist,EMP12089,Human Resources,Regional Office,Active,2022-12-01 11:22:48,,,LPT-12089,,manager641,False,0
Shivani Pal,Administrator,EMP11194,R&D,Work From Home,Inactive,2021-01-20 03:35:28,,shivani.pal34,WS-11194,DEV95235,manager472,False,1
Idika Badal,Specialist,EMP12797,Sales,Work From Home,Active,2020-09-10 00:13:34,,idika.badal3,VDR-12797,DEV81556,,False,1
Nandini Rajan,Specialist,EMP11784,Customer Support,Data Center,Active,2023-08-21 20:10:00,,nandini.rajan36,LPT-11784,DEV44825,,False,1
Divya Narain,Engineer,EMP11121,Compliance,,Disabled,2020-04-20 01:47:13,,divya.narain73,VDR-11121,DEV77571,,False,1
Samar Khare,Analyst,EMP10187,Sales,Remote,Active,2024-08-14 00:00:00,,samar.khare6,WS-10187,DEV77552,manager137,False,1
Qabil Dhaliwal,Consultant,EMP10619,Legal,Remote,Active,2025-07-29 00:00:00,,qabil.dhaliwal53,LPT-10619,DEV52039,manager412,False,1
Sara Puri,Consultant,EMP12329,Sales,Branch Office,Active,2020-09-27 00:00:00,,sara.puri61,LPT-12329,DEV39705,manager135,False,1
David Jayaraman,Specialist,EMP11175,R&D,,Active,2021-03-14 22:24:48,,david.jayaraman10,LPT-11175,DEV13956,manager178,False,1
Ethan Madan,Analyst,EMP11182,Finance,Work From Home,Active,2022-04-18 14:39:40,,ethan.madan49,WS-11182,,manager179,False,0
Ira Shroff,Officer,EMP12456,Procurement,,Active,2025-02-22 10:42:06,,ira.shroff38,WS-12456,,manager755,False,0
Krishna Parsa,Executive,EMP12268,Sales,,Inactive,2022-11-05 07:00:09,,,LPT-12268,,,False,0
Radha Dash,Executive,EMP10614,Sales,Head Office,On Leave,2026-05-27 00:00:00,,radha.dash90,VDR-10614,DEV61495,manager616,False,1
Vedika Mandal,Analyst,EMP11513,R&D,Remote,Active,2025-05-14 00:00:00,,vedika.mandal79,WS-11513,DEV88820,manager619,False,1
Eta Bajwa,Director,EMP11466,Human Resources,Warehouse,Active,2025-06-01 06:51:19,,eta.bajwa82,,DEV20323,manager532,False,1
Bhavna Sandal,Administrator,EMP10401,Sales,Warehouse,Active,,,bhavna.sandal34,LPT-10401,,manager784,False,0
Gaurav Konda,Administrator,EMP10994,R&D,Warehouse,Inactive,2024-12-19 00:00:00,2025-05-29 07:22:50,gaurav.konda64,WS-10994,DEV93637,manager307,False,1
Triveni Kohli,Director,EMP10934,Procurement,Head Office,Active,2026-04-17 01:04:17,,triveni.kohli19,WS-10934,DEV47156,manager225,False,1
Oviya Wason,Engineer,EMP10371,Finance,Work From Home,Active,2025-06-25 23:11:57,,oviya.wason29,WS-10371,DEV58790,manager700,False,1
Pushti Misra,Manager,EMP12046,Finance,Remote,Active,2021-07-04 22:17:30,,pushti.misra35,LPT-12046,DEV14612,manager730,False,1
Manan Apte,Administrator,EMP12233,Operations,Branch Office,Disabled,2024-06-09 00:00:00,,manan.apte72,VDR-12233,DEV28461,unknown,False,1
Christopher Mital,Consultant,EMP10593,Customer Support,Data Center,Active,2026-03-29 09:29:10,,christopher.mital34,LPT-10593,DEV93627,manager119,False,1
Lohit Toor,Consultant,EMP12034,Finance,,Active,2022-02-05 05:40:39,,lohit.toor26,VDR-12034,DEV48556,manager236,False,1
Orinder Sanghvi,Officer,EMP10726,IT,Regional Office,Active,,,orinder.sanghvi74,WS-10726,,unknown,False,0
Nihal Garde,Executive,EMP10826,IT,Work From Home,Disabled,2024-12-19 07:44:00,2026-04-18 21:25:50,nihal.garde76,WS-10826,,manager199,False,0
Suhani Lanka,Analyst,EMP11783,Legal,Head Office,Inactive,,,suhani.lanka71,LPT-11783,DEV43398,manager940,True,2
Vaishnavi Dora,Director,EMP10687,Legal,Warehouse,Active,2021-06-21 18:11:13,,vaishnavi.dora76,WS-10687,,,False,0
Veer Ramanathan,Manager,EMP12283,Human Resources,Data Center,Active,2021-09-01 19:55:39,,veer.ramanathan96,WS-12283,,manager789,False,0
Aishani Chanda,Trainee,EMP10136,People,Regional Office,Inactive,2022-09-27 18:23:00,2023-01-07 19:12:33,aishani.chanda55,WS-10136,DEV19632,manager739,False,1
Brijesh Dube,Specialist,EMP12754,Human Resources,Data Center,Disabled,2023-06-15 00:00:00,,brijesh.dube88,LPT-12754,DEV32477,manager643,False,1
Nathan Taneja,Analyst,EMP10628,IT,Branch Office,Active,2023-05-07 06:00:00,,nathan_taneja72,VDR-10628,DEV49967,manager118,False,1
Waida Arora,Executive,EMP10334,Marketing,Work From Home,Active,2022-02-16 00:00:00,,waida.arora17,WS-10334,,manager780,False,0
Girish Balakrishnan,Consultant,EMP10390,People,,Active,2025-11-23 14:57:17,,girish.balakrishnan22,LPT-10390,DEV44761,manager362,False,1
Lucky Sarkar,Analyst,EMP12381,Finance,Work From Home,Active,2022-06-28 13:24:00,,lucky_sarkar95,LPT-12381,,manager516,False,0
Ekapad Murthy,Administrator,EMP11109,Customer Support,Warehouse,Active,2026-05-24 23:42:28,,ekapad.murthy37,LPT-11109,DEV16286,manager453,False,1
Yochana Talwar,Analyst,EMP11849,IT,Work From Home,Active,2024-03-26 01:00:00,,yochana.talwar9,WS-11849,DEV61060,manager507,False,1
Rachit Dugal,Consultant,EMP12781,IT,Data Center,Inactive,2020-09-21 15:06:47,2023-10-29 01:51:21,,VDR-12781,DEV27263,manager102,False,1
Hamsini Bassi,Executive,EMP10710,R&D,Branch Office,Active,2022-04-01 10:45:24,,hamsini.bassi31,VDR-10710,DEV55229,,False,1
Vritti Khalsa,Director,EMP11039,Customer Support,,Active,2026-03-26 22:58:52,,vritti.khalsa6,WS-11039,DEV13105,manager348,False,1
Kashish Raman,Manager,EMP12737,IT,Data Center,Inactive,2025-10-01 18:35:36,,kashish.raman24,LPT-12737,DEV85743,manager296,False,1
William Narang,Executive,EMP12751,Customer Support,Warehouse,Active,2026-07-21 12:45:22,,william.narang20,,DEV82124,manager406,False,1
Geetika Khurana,Analyst,EMP12674,Operations,Branch Office,Active,2024-09-18 09:52:01,,geetika.khurana37,WS-12674,DEV86139,,False,1
Aradhana Sarraf,Engineer,EMP11561,IT,Branch Office,Active,2022-01-08 21:50:25,,aradhana.sarraf50,,DEV28737,manager430,False,1
Anmol Jaggi,Executive,EMP12840,Customer Support,Remote,Disabled,2023-11-30 18:12:00,2026-06-10 00:00:00,anmol.jaggi24,LPT-12840,DEV31478,,False,1
Vrinda Ganesan,Administrator,EMP11594,Customer Support,Work From Home,Active,2025-04-05 12:32:19,,vrinda.ganesan90,VDR-11594,DEV80550,manager303,False,1
Aarav Ben,Administrator,EMP12933,Sales,,Active,2025-12-11 20:58:53,,aarav.ben13,WS-12933,DEV97509,,False,1
Amara Kade,Trainee,EMP12837,Innovation,Work From Home,Active,2022-01-29 04:51:02,,amara.kade96,VDR-12837,DEV21626,unknown,False,1
Umang Raval,Engineer,EMP11112,Operations,Regional Office,Active,2021-07-22 21:15:46,,umang.raval82,VDR-11112,DEV64820,manager462,False,1
Chakradev Krishnan,Officer,EMP10465,Customer Support,Remote,Active,2021-05-25 00:18:40,,chakradev.krishnan38,VDR-10465,,manager941,False,0
Osha Nadig,Director,EMP11560,Operations,Remote,Active,2020-04-16 08:01:26,,osha.nadig17,VDR-11560,DEV29034,manager918,False,1
Gauri Kannan,Officer,EMP11223,Marketing,Branch Office,Active,2020-03-20 00:00:00,,gauri.kannan81,WS-11223,DEV36707,manager743,False,1
Qarin Bhagat,Executive,EMP12067,R&D,Head Office,Active,2026-02-06 00:00:00,,qarin.bhagat83,WS-12067,DEV38189,manager678,False,1
Fitan Natarajan,Administrator,EMP12420,IT,,Active,2021-05-02 21:17:52,,fitan.natarajan6,VDR-12420,,,False,0
Qarin Prabhu,Engineer,EMP11508,Finance,Branch Office,Active,2025-03-07 12:35:58,,qarin.prabhu95,VDR-11508,DEV69777,manager384,False,1
Bhavika Kalla,Analyst,EMP11885,Procurement,Head Office,Active,2023-01-26 23:40:00,,bhavika.kalla13,WS-11885,DEV15573,manager209,False,1
Jack Chacko,Engineer,EMP11104,Marketing,Regional Office,Active,2024-05-07 22:47:38,,jack.chacko10,WS-11104,DEV83877,manager529,False,1
Maanav Oak,Specialist,EMP10660,Customer Support,,Active,,,maanav.oak34,WS-10660,,manager747,False,0
Kamya Chopra,Manager,EMP10338,Human Resources,Remote,Active,2026-05-28 00:00:00,,kamya.chopra12,WS-10338,DEV49223,,False,1
Anirudh Das,Consultant,EMP10215,Procurement,Head Office,Active,2025-07-25 17:09:51,,anirudh.das28,LPT-10215,DEV46877,manager392,False,1
Akshay Maharaj,Analyst,EMP11615,Finance,Warehouse,Active,2022-08-09 12:41:27,,akshay.maharaj13,LPT-11615,DEV10610,manager681,False,1
Warjas Ratta,Consultant,EMP12040,Customer Support,Head Office,Active,2026-07-29 15:17:56,,warjas.ratta50,,DEV52000,manager944,False,1
Saanvi Kalita,Analyst,EMP12592,Sales,Remote,Inactive,2026-03-23 21:35:56,,saanvi_kalita43,WS-12592,DEV92040,manager965,False,1
Ekaja D’Alia,Engineer,EMP12889,R&D,Work From Home,Active,2020-10-26 09:47:47,,ekaja.d’alia3,,,manager550,False,0
Manthan Badal,Engineer,EMP11592,Legal,Remote,Active,2023-09-22 02:25:00,,manthan.badal24,VDR-11592,DEV73627,,False,1
Diya Sidhu,Trainee,EMP12118,IT,Warehouse,Active,2022-02-22 22:05:29,,diya.sidhu15,WS-12118,DEV97364,manager866,False,1
Nathan Mall,Engineer,EMP11793,Innovation,Branch Office,Active,2023-10-11 20:57:00,,nathan.mall50,LPT-11793,DEV20747,manager856,False,1
Aarnav Kaul,Officer,EMP12600,Legal,Branch Office,Active,2025-06-02 16:56:32,,aarnav.kaul95,LPT-12600,,manager358,False,0
Panini Sachdev,Specialist,EMP10816,Supply Chain,,Active,2025-09-02 00:00:00,,panini.sachdev98,VDR-10816,DEV62459,manager514,False,1
Ekta Ray,Engineer,EMP11067,Brand,Remote,Active,2024-01-16 09:26:15,,ekta.ray68,WS-11067,DEV91048,manager776,False,1
Aishani Raja,Administrator,EMP12121,IT,Warehouse,Active,2025-01-05 23:10:21,,aishani.raja23,VDR-12121,,manager950,False,0
Liam Brar,Analyst,EMP10274,Customer Support,Work From Home,Active,,,liam.brar8,LPT-10274,DEV97584,manager962,False,1
Laksh Sama,Manager,EMP12315,Sales,Regional Office,Active,2025-11-02 03:08:17,,laksh.sama59,LPT-12315,DEV13930,manager607,False,1
Sanya Kala,Engineer,EMP10865,Legal,,Active,,,sanya.kala89,WS-10865,,manager670,False,0
Karan Gill,Trainee,EMP10101,Legal,Data Center,Active,2023-04-06 18:14:47,,karan.gill35,LPT-10101,,manager713,False,0
Bakhshi Swamy,Analyst,EMP11501,Sales,Work From Home,Active,2024-12-20 03:42:08,,bakhshi.swamy33,LPT-11501,DEV86445,manager472,False,1
Ubika Dora,Specialist,EMP12833,R&D,,Active,2026-04-03 14:54:00,,ubika.dora89,WS-12833,DEV70323,manager758,False,1
Bimala Nayar,Specialist,EMP10171,Finance,Data Center,Active,2025-11-22 14:18:55,,bimala.nayar80,LPT-10171,DEV31266,unknown,False,1
Mekhala Gade,Officer,EMP10107,Human Resources,Data Center,Active,,,mekhala.gade57,LPT-10107,DEV28894,,False,1
Damini Dara,Officer,EMP12697,Finance,Branch Office,Inactive,2020-01-27 18:57:56,2024-08-10 00:00:00,damini.dara51,LPT-12697,DEV34060,manager846,False,1
Mohini Hegde,Trainee,EMP11521,Operations,Remote,Active,,,mohini.hegde96,WS-11521,DEV83831,manager513,False,1
Max Wali,Director,EMP12724,Operations,Remote,Active,2023-04-19 00:00:00,,max.wali58,WS-12724,DEV71257,unknown,False,1
Isaiah Bhatti,Specialist,EMP12270,Finance,Regional Office,Active,2023-05-12 00:00:00,,isaiah.bhatti12,VDR-12270,DEV65508,manager963,False,1
Qadim Puri,Manager,EMP11878,IT,Head Office,Inactive,2021-03-01 09:27:23,,qadim.puri38,WS-11878,,manager935,False,0
Rachana Gokhale,Director,EMP12106,R&D,Head Office,Active,2026-07-17 16:29:36,,rachana.gokhale33,LPT-12106,DEV15783,manager902,False,1
Jai Dube,Executive,EMP12077,Human Resources,,Active,2026-03-05 00:00:00,,jai.dube97,WS-12077,DEV62052,,False,1
Ekavir Seshadri,Analyst,EMP12322,IT,Head Office,Disabled,2021-07-07 14:10:05,2022-01-27 18:03:12,ekavir_seshadri85,LPT-12322,DEV73418,manager427,False,1
William Swamy,Director,EMP12412,Finance,Data Center,Active,2025-01-31 02:10:39,,william.swamy80,VDR-12412,,manager524,False,0
Charvi Tella,Director,EMP12654,Human Resources,Branch Office,Active,2024-08-14 15:34:47,,charvi.tella63,LPT-12654,DEV48604,manager395,False,1
Jasmit Badal,Trainee,EMP11873,Sales,Warehouse,Active,2023-02-20 01:00:02,,jasmit.badal96,WS-11873,DEV60760,manager142,False,1
Eesha Parikh,Engineer,EMP10295,Marketing,Regional Office,Active,2021-08-30 13:07:56,,eesha.parikh47,VDR-10295,,manager238,False,0
Manya Bhatti,Director,EMP10712,Sales,Regional Office,Active,2021-03-26 23:09:21,,manya.bhatti69,VDR-10712,DEV61127,manager545,False,1
Bhavika Wagle,Director,EMP10072,R&D,Work From Home,Active,2022-02-01 00:00:00,,bhavika.wagle62,VDR-10072,DEV87656,,False,1
Veda Srinivasan,Engineer,EMP11524,Sales,Warehouse,Disabled,2020-11-27 22:09:49,2022-04-10 07:47:00,veda.srinivasan95,VDR-11524,DEV67685,manager591,False,1
Vedhika Raj,Engineer,EMP12341,Human Resources,Work From Home,Active,2020-06-27 02:58:40,,vedhika.raj2,WS-12341,,manager393,False,0
Ekaraj Biswas,Director,EMP12981,Marketing,Warehouse,Active,2022-02-04 09:15:00,,ekaraj.biswas85,WS-12981,DEV75563,manager126,False,1
Ekansh Bhardwaj,Analyst,EMP12971,Finance,Regional Office,Active,,,ekansh.bhardwaj35,VDR-12971,DEV56741,manager786,False,1
Charles Majumdar,Trainee,EMP10481,Marketing,Branch Office,Active,2021-06-23 23:06:14,,charles.majumdar25,VDR-10481,DEV19760,manager222,False,1
Maanas Borde,Specialist,EMP12306,Legal,Regional Office,Active,2023-11-10 01:45:10,,maanas.borde94,WS-12306,DEV75454,manager829,False,1
Parth Pandey,Consultant,EMP11530,Operations,Work From Home,Active,2023-12-26 00:56:51,,parth.pandey90,WS-11530,,manager470,False,0
Rachita Mall,Administrator,EMP12632,People,Data Center,Active,2021-04-28 00:32:29,,rachita.mall3,WS-12632,DEV44023,manager939,False,1
Dakshesh Chaudhari,Administrator,EMP11514,Customer Support,Regional Office,Inactive,2022-02-12 16:25:34,2026-05-25 15:28:00,dakshesh.chaudhari62,WS-11514,DEV44629,manager550,False,1
Bhavya Khanna,Analyst,EMP11762,Human Resources,,Active,2021-09-02 13:22:23,,bhavya.khanna18,LPT-11762,,manager659,False,0
Advaith Shroff,Executive,EMP11490,Sales,Data Center,Active,,,advaith.shroff57,VDR-11490,DEV94066,,False,1
Shravya Khalsa,Manager,EMP11171,Sales,Branch Office,Active,2020-02-23 07:08:37,,shravya.khalsa89,WS-11171,,manager585,False,0
Max Bassi,Executive,EMP12526,Finance,Warehouse,Inactive,2024-04-30 20:47:25,,max.bassi73,VDR-12526,DEV46466,,False,1
Panini Randhawa,Director,EMP12438,R&D,Regional Office,Active,2020-12-20 07:47:25,,panini.randhawa28,LPT-12438,DEV76277,unknown,False,1
Upadhriti Kannan,Engineer,EMP12619,Customer Support,Data Center,Active,2023-07-26 11:42:21,,upadhriti.kannan16,WS-12619,DEV39712,manager208,False,1
Naksh Kala,Executive,EMP12284,IT,,Inactive,2022-05-10 14:29:02,,naksh.kala17,VDR-12284,DEV37244,unknown,False,1
Nidhi Sankar,Executive,EMP10405,Finance,Branch Office,Active,2020-08-31 11:34:00,,nidhi.sankar58,LPT-10405,,,False,0
Gaurika Bains,Analyst,EMP10757,Customer Support,Data Center,Active,2025-12-04 10:15:01,,gaurika.bains94,VDR-10757,DEV61684,,False,1
Bhavna Deshpande,Engineer,EMP12071,Customer Support,Remote,Active,2021-01-14 12:39:00,,bhavna.deshpande74,VDR-12071,DEV50378,manager760,False,1
Advay Ray,Trainee,EMP12252,Human Resources,Regional Office,Active,2024-09-07 00:00:00,,advay.ray64,LPT-12252,,,False,0
Udant Dyal,Trainee,EMP11999,Innovation,Data Center,Active,2020-06-29 18:21:50,,udant.dyal3,VDR-11999,DEV46896,manager559,False,1
Advik Raj,Officer,EMP10097,Legal,,Inactive,2023-12-06 07:27:00,2024-09-22 00:00:00,advik.raj99,LPT-10097,DEV96200,manager737,False,1
Meera Sule,Trainee,EMP11333,Legal,Head Office,Active,2025-08-12 07:37:34,,meera.sule49,,DEV36965,manager153,False,1
Nachiket Ganguly,Officer,EMP12461,Human Resources,,Active,2023-10-21 00:33:56,,nachiket.ganguly96,WS-12461,DEV41006,,False,1
Yashodhara Dugar,Specialist,EMP10743,IT,Branch Office,Active,2020-09-30 11:20:08,,yashodhara.dugar79,VDR-10743,DEV75521,manager901,False,1
Daniel Nadkarni,Specialist,EMP10806,Marketing,Remote,Disabled,2026-03-13 00:00:00,2026-06-19 13:58:39,daniel.nadkarni96,WS-10806,DEV31044,,False,1
Wyatt Sharaf,Analyst,EMP12020,Procurement,Warehouse,Active,2022-04-14 06:06:52,,wyatt.sharaf97,VDR-12020,,manager738,False,0
Gavin Devi,Analyst,EMP12576,Brand,Head Office,Active,2022-01-13 02:04:10,,gavin.devi25,WS-12576,DEV36667,manager520,False,1
Dhriti Shere,Director,EMP11535,Human Resources,Work From Home,Active,2026-04-14 19:06:00,,dhriti.shere97,WS-11535,DEV71042,manager438,False,1
Omkaar Srinivasan,Analyst,EMP12114,R&D,Branch Office,Active,2021-09-10 03:53:00,,omkaar.srinivasan33,LPT-12114,DEV83565,,False,1
Dominic Bose,Officer,EMP12172,Operations,Work From Home,Disabled,2025-06-09 14:27:00,2025-07-26 00:00:00,dominic.bose12,WS-12172,DEV79914,manager649,False,1
Naveen Tara,Consultant,EMP12415,IT,Warehouse,Active,2022-06-07 01:35:00,,naveen_tara18,VDR-12415,DEV30665,manager430,False,1
Ria Ramakrishnan,Manager,EMP10148,IT,Remote,Active,2025-03-01 02:52:04,,ria.ramakrishnan80,WS-10148,DEV96761,manager379,False,1
Aadi Sidhu,Officer,EMP12154,IT,Warehouse,Inactive,2023-12-05 12:42:57,2024-07-18 11:51:53,aadi.sidhu81,VDR-12154,,manager181,False,0
Timothy Yadav,Director,EMP12117,Legal,Head Office,Active,2020-03-18 11:10:00,,timothy.yadav52,WS-12117,DEV53297,unknown,False,1
Chatresh Nagi,Manager,EMP12831,Marketing,,Active,2023-10-06 00:00:00,,chatresh_nagi33,LPT-12831,DEV87428,manager157,False,1
Yash Choudhary,Analyst,EMP11315,Operations,Branch Office,Active,,,yash.choudhary70,WS-11315,DEV42949,manager992,True,2
Nitara Shukla,Consultant,EMP10692,Sales,Remote,Active,,,nitara_shukla26,VDR-10692,DEV99071,manager452,False,1
Rayaan Tiwari,Manager,EMP10818,IT,Regional Office,Active,2020-03-24 02:32:28,,rayaan_tiwari18,LPT-10818,DEV18942,unknown,False,1
Rushil Bassi,Director,EMP11728,Marketing,Regional Office,Active,2021-01-08 01:33:15,,rushil.bassi10,LPT-11728,DEV48989,manager369,False,1
Manthan Rajagopal,Executive,EMP11386,Operations,Warehouse,On Leave,2020-03-06 14:38:57,,manthan.rajagopal79,VDR-11386,DEV12610,,False,1
Veda Sidhu,Specialist,EMP12353,Sales,,Active,2025-02-15 06:26:52,,,VDR-12353,DEV50470,manager888,False,1
Sachi Brar,Specialist,EMP12120,Brand,Head Office,Active,2026-01-07 20:05:32,,sachi.brar91,WS-12120,DEV42675,manager903,False,1
Hardik Krishnan,Trainee,EMP11599,R&D,Data Center,Inactive,2021-08-20 06:23:13,,hardik.krishnan79,VDR-11599,DEV82250,,False,1
Zansi Master,Specialist,EMP12663,Procurement,Work From Home,Active,2025-02-18 09:24:15,,zansi.master45,VDR-12663,DEV52604,manager719,False,1
Vincent Bora,Engineer,EMP12531,Sales,,Active,2022-02-19 01:03:12,,vincent.bora29,WS-12531,,manager834,False,0
Keya Apte,Specialist,EMP10701,Human Resources,Data Center,Active,2026-03-22 00:00:00,,keya.apte48,VDR-10701,DEV20494,manager979,False,1
Yashawini Saran,Analyst,EMP12894,Legal,,Active,2023-03-16 12:03:33,,yashawini.saran22,VDR-12894,DEV57263,manager874,False,1
Devika Bhargava,Executive,EMP12738,Procurement,Work From Home,Active,2024-10-26 00:00:00,,devika.bhargava75,VDR-12738,DEV90702,unknown,False,1
Arunima Dhingra,Officer,EMP10921,Customer Support,Remote,Active,,,arunima.dhingra17,LPT-10921,DEV22166,,False,1
Parth Maharaj,Trainee,EMP11424,R&D,Branch Office,Active,2020-11-18 00:00:00,,parth.maharaj81,WS-11424,DEV94875,manager129,False,1
Rachita Nath,Analyst,EMP11708,Customer Support,Regional Office,Active,2021-07-07 00:31:30,,rachita_nath49,WS-11708,,manager956,False,0
Widisha Garg,Executive,EMP10905,Finance,Branch Office,Active,2023-07-16 10:02:31,,,LPT-10905,DEV89396,,False,1
Udyati Rastogi,Analyst,EMP10454,Procurement,Work From Home,Active,2024-02-25 13:04:21,,udyati.rastogi46,VDR-10454,DEV27125,manager521,False,1
Odika Mistry,Manager,EMP12147,Human Resources,Remote,Inactive,2020-12-16 21:52:00,,odika.mistry80,LPT-12147,DEV38108,manager874,False,1
Anvi Khosla,Consultant,EMP12883,Marketing,Branch Office,Active,2023-01-31 00:00:00,,anvi.khosla18,VDR-12883,DEV45222,manager376,False,1
Max Agate,Consultant,EMP12376,Finance,Head Office,Active,2023-12-04 17:46:01,,max.agate4,LPT-12376,DEV25046,manager502,False,1
Bhavya Sura,Specialist,EMP11886,Finance,Warehouse,Active,2021-07-29 04:14:02,,bhavya.sura34,LPT-11886,DEV20749,manager682,False,1
Kamala Babu,Executive,EMP10167,Legal,Warehouse,Active,2023-03-16 07:14:41,,kamala.babu40,VDR-10167,DEV21104,manager436,False,1
Omkaar Balakrishnan,Administrator,EMP10730,Sales,Regional Office,Active,2023-01-21 04:27:02,,omkaar.balakrishnan85,WS-10730,DEV23994,manager747,False,1
Udant Palla,Analyst,EMP12226,IT,Head Office,Active,2024-05-24 08:42:07,,udant.palla36,WS-12226,,manager805,False,0
Ganga Joshi,Officer,EMP11310,Legal,Work From Home,Active,2025-05-08 14:15:49,,ganga.joshi21,LPT-11310,DEV21274,,False,1
Robert De,Officer,EMP12370,Operations,Data Center,Active,2026-02-25 23:30:10,,robert.de76,LPT-12370,DEV89356,,False,1
Hemang Pandya,Manager,EMP10026,IT,Work From Home,Active,2024-02-04 12:41:00,,hemang.pandya70,LPT-10026,DEV31798,manager510,False,1
Amara Sur,Engineer,EMP12054,Operations,Warehouse,Active,,,amara.sur40,VDR-12054,DEV40420,manager998,False,1
Omaja Gala,Executive,EMP11652,Legal,,Active,2026-01-22 22:33:04,,,VDR-11652,DEV36989,manager299,False,1
Abhiram Issac,Manager,EMP11622,Procurement,Work From Home,Active,2022-09-22 22:10:06,,abhiram.issac85,VDR-11622,,,False,0
Janani Padmanabhan,Analyst,EMP10587,IT,,Active,2021-04-26 13:02:00,,janani.padmanabhan32,VDR-10587,DEV72294,manager191,False,1
Oviya Bahl,Trainee,EMP11401,Customer Support,Warehouse,Inactive,2022-01-02 00:00:00,,oviya.bahl97,WS-11401,DEV51027,manager825,False,1
Vrishti Bhandari,Director,EMP10997,Operations,Data Center,Active,2024-03-25 19:29:58,,vrishti_bhandari80,WS-10997,DEV66689,manager491,False,1
Saanvi Dass,Director,EMP11176,Procurement,Branch Office,Active,2026-05-13 06:54:37,,saanvi.dass2,LPT-11176,DEV71573,manager406,False,1
Bahadurjit Ratta,Administrator,EMP11700,Sales,Regional Office,Disabled,2020-07-02 00:00:00,2022-05-27 05:52:57,bahadurjit.ratta50,LPT-11700,DEV57681,manager435,False,1
Aarav Suri,Analyst,EMP11040,Customer Support,,Active,2023-03-31 05:39:07,,aarav.suri27,LPT-11040,DEV39156,manager287,False,1
Ekanta Chadha,Trainee,EMP10033,IT,,Active,2021-10-24 05:56:00,,ekanta.chadha10,VDR-10033,DEV23104,manager235,False,1
Laban Verma,Engineer,EMP11927,Human Resources,Warehouse,Active,2024-07-28 03:51:41,,laban.verma70,VDR-11927,DEV20953,manager367,False,1
Nisha Kari,Manager,EMP12440,IT,,Active,2021-05-02 07:40:44,,nisha.kari14,LPT-12440,DEV97008,manager331,False,1
Victor Manne,Administrator,EMP11379,Sales,Regional Office,Disabled,,2025-08-24 17:13:04,victor.manne39,WS-11379,DEV74254,manager198,False,1
Faris Randhawa,Executive,EMP10041,Procurement,Branch Office,Inactive,2020-03-18 00:12:19,2023-01-14 01:44:55,,LPT-10041,DEV33206,unknown,False,1
Yochana Sinha,Specialist,EMP11876,Human Resources,,Active,,,yochana.sinha99,WS-11876,DEV74794,manager448,False,1
Theodore Chander,Engineer,EMP12176,IT,Warehouse,Active,2024-01-27 00:00:00,,theodore.chander22,,DEV39990,manager540,False,1
Hritik Deo,Specialist,EMP12257,Operations,Warehouse,Active,2026-06-19 00:00:00,,hritik.deo84,LPT-12257,DEV81492,unknown,False,1
Tara Muni,Consultant,EMP12686,Operations,,Active,2026-02-14 07:49:50,,tara.muni30,WS-12686,DEV22332,unknown,False,1
Kritika Chakraborty,Specialist,EMP12229,People,Remote,Active,2023-12-12 01:03:00,,kritika.chakraborty12,LPT-12229,DEV90008,,False,1
Omaja Kapur,Executive,EMP12099,IT,,Active,2025-03-23 09:53:08,,omaja.kapur20,LPT-12099,,manager336,False,0
Kashvi Bhagat,Engineer,EMP11909,Finance,Data Center,Active,2024-07-20 00:00:00,,kashvi.bhagat73,LPT-11909,DEV36864,,False,1
Bhavya Oza,Specialist,EMP10609,Operations,Branch Office,Disabled,2020-10-12 12:56:33,2025-08-15 13:29:57,bhavya.oza34,LPT-10609,,,False,0
Yug Om,Director,EMP11132,Sales,Branch Office,Active,,,yug.om34,WS-11132,DEV23508,manager293,False,1
Siddharth Patil,Administrator,EMP10028,Sales,Branch Office,Active,2020-07-08 09:19:32,,siddharth.patil20,LPT-10028,DEV85914,manager158,False,1
Utkarsh Dass,Officer,EMP10441,Marketing,Warehouse,Inactive,2025-08-18 00:00:00,,utkarsh.dass49,LPT-10441,DEV87846,manager956,False,1
Daksh Kalita,Consultant,EMP10665,Sales,,Active,2024-01-14 05:19:04,,daksh.kalita23,WS-10665,,,False,0
Falguni Thaman,Analyst,EMP12228,Operations,Data Center,Disabled,2024-10-13 11:55:40,2026-05-21 09:56:54,falguni.thaman99,LPT-12228,DEV17722,,False,1
Radha Rana,Executive,EMP10493,IT,,Active,2021-12-08 06:29:18,,radha.rana10,WS-10493,DEV83149,,False,1
Vinaya Barad,Director,EMP11258,Sales,,Active,2025-11-02 00:00:00,,vinaya.barad66,LPT-11258,DEV46416,manager990,False,1
Kabir Tandon,Analyst,EMP11301,Brand,Branch Office,Disabled,2024-04-12 09:43:51,2026-07-07 01:13:27,kabir.tandon59,WS-11301,,manager164,False,0
Chanchal Sandal,Director,EMP12956,Customer Support,Branch Office,Inactive,2020-02-15 22:14:10,2024-10-16 01:36:34,chanchal_sandal62,VDR-12956,DEV23616,manager567,False,1
Reva Nanda,Executive,EMP12437,Sales,Work From Home,Inactive,2024-04-07 10:07:50,2025-11-27 01:33:41,reva.nanda32,VDR-12437,DEV37106,manager308,False,1
Ishanvi Ravel,Director,EMP11382,Procurement,Regional Office,Active,,,ishanvi.ravel63,LPT-11382,DEV13796,manager971,False,1
Amruta Parsa,Officer,EMP11304,Customer Support,Remote,Active,2024-12-09 05:58:24,,amruta.parsa74,LPT-11304,,manager732,False,0
Hiral Yadav,Engineer,EMP10236,R&D,Work From Home,Active,2020-07-02 19:28:55,,,WS-10236,,,False,0
Azad Swamy,Trainee,EMP10551,Compliance,Warehouse,Active,2025-11-02 09:07:06,,azad.swamy68,LPT-10551,DEV75860,unknown,False,1
Diya Tandon,Executive,EMP10520,IT,Remote,On Leave,2025-02-05 03:20:08,,diya.tandon19,LPT-10520,,,False,0
Fariq Koshy,Engineer,EMP12285,Finance,,Active,2024-03-27 07:35:00,,fariq.koshy90,LPT-12285,DEV27115,manager230,False,1
Gaurangi Mistry,Specialist,EMP11232,Sales,Head Office,Active,2026-06-22 05:21:47,,gaurangi.mistry16,VDR-11232,DEV13019,manager987,False,1
Pooja Bassi,Administrator,EMP11138,Operations,Head Office,Active,,,pooja.bassi47,LPT-11138,,unknown,False,0
Mahika Srinivas,Consultant,EMP11905,Procurement,Head Office,Active,,,mahika.srinivas54,,DEV35351,manager882,False,1
Victor Chaudhuri,Administrator,EMP10720,R&D,Work From Home,Active,2022-10-01 18:45:34,,victor.chaudhuri10,WS-10720,DEV97500,manager899,False,1
Chatresh Murthy,Engineer,EMP10735,IT,,Active,2025-05-19 14:39:26,,chatresh.murthy80,VDR-10735,DEV27109,manager414,False,1
Tanveer Bahri,Analyst,EMP12779,Finance,Warehouse,Active,2021-12-22 04:40:53,,tanveer_bahri84,LPT-12779,,manager596,False,0
Gaurika Sachdev,Consultant,EMP11750,Procurement,Regional Office,Active,2024-02-23 10:47:13,,gaurika.sachdev76,WS-11750,DEV13581,,False,1
Ishanvi Chakraborty,Consultant,EMP10058,Operations,Warehouse,Active,,,ishanvi.chakraborty35,LPT-10058,,manager823,False,0
Wishi Handa,Officer,EMP10631,Legal,Regional Office,Active,2023-07-20 14:37:00,,wishi.handa94,VDR-10631,DEV91988,manager256,False,1
Ira Korpal,Specialist,EMP11181,Customer Support,Work From Home,Active,2025-07-20 20:50:08,,ira.korpal96,LPT-11181,DEV71398,manager947,False,1
Unnati Hegde,Executive,EMP12271,Legal,Work From Home,Active,2023-01-03 23:30:27,,unnati.hegde31,LPT-12271,DEV28542,manager179,False,1
Upma Oommen,Trainee,EMP10592,Operations,Remote,Active,,,upma.oommen45,VDR-10592,DEV82682,manager402,False,1
Vaishnavi Khanna,Administrator,EMP11303,Brand,Data Center,Active,2024-01-05 00:00:00,,vaishnavi.khanna18,LPT-11303,,manager284,False,0
Ethan Shanker,Consultant,EMP11387,Operations,Work From Home,Active,2024-05-30 09:16:00,,ethan.shanker12,VDR-11387,,manager648,False,0
Gaurang Rao,Engineer,EMP12696,Marketing,Work From Home,Active,2020-09-06 00:38:53,,gaurang.rao47,VDR-12696,DEV51796,,False,1
Dayita Char,Director,EMP12712,IT,Work From Home,Disabled,2025-02-20 19:42:56,2026-06-20 05:52:00,dayita.char97,VDR-12712,DEV37319,,False,1
Priya Lad,Officer,EMP11964,Human Resources,Regional Office,Active,2022-06-26 23:15:00,,priya.lad10,VDR-11964,DEV47596,manager506,False,1
Bhanumati Anand,Specialist,EMP12297,Marketing,Work From Home,Active,2022-12-04 00:00:00,,bhanumati.anand88,LPT-12297,DEV39454,manager762,False,1
Karan Mutti,Officer,EMP10939,Marketing,Regional Office,Active,2021-08-20 20:22:36,,karan.mutti81,LPT-10939,DEV94399,,False,1
Anusha Sengupta,Consultant,EMP12873,Operations,Data Center,Inactive,2021-06-18 00:00:00,,anusha.sengupta42,WS-12873,DEV23090,manager541,True,2
Abhiram Date,Consultant,EMP11249,Human Resources,,Active,2020-09-30 00:00:00,,abhiram.date18,VDR-11249,DEV67105,manager931,False,1
Timothy Sur,Trainee,EMP10904,Operations,Work From Home,Active,2025-11-15 22:08:31,,timothy.sur54,LPT-10904,DEV91506,manager783,False,1
Bimala Kuruvilla,Director,EMP12622,Sales,,Active,,,bimala.kuruvilla18,,,,False,0
Balhaar Dhar,Administrator,EMP11279,Customer Support,Warehouse,Active,2024-02-21 00:00:00,,balhaar.dhar20,VDR-11279,DEV97073,manager918,False,1
Yutika Borde,Consultant,EMP12474,Operations,Branch Office,Active,2025-01-25 11:54:50,,yutika.borde37,LPT-12474,DEV31787,manager858,False,1
Ijaya Narasimhan,Analyst,EMP12965,IT,Remote,Active,2025-08-27 14:00:22,,ijaya_narasimhan36,LPT-12965,DEV86953,manager481,False,1
Ekta Bath,Consultant,EMP12419,Customer Support,Head Office,Active,2021-11-23 00:00:00,,ekta.bath4,LPT-12419,,manager878,False,0
Amaira Dani,Officer,EMP12459,Operations,Head Office,Active,2024-08-03 13:16:46,,amaira.dani33,LPT-12459,DEV10071,manager294,True,2
Udarsh Kannan,Specialist,EMP12539,Marketing,Data Center,Active,2020-08-30 17:41:31,,udarsh.kannan50,LPT-12539,DEV34029,,False,1
Vasatika Sidhu,Engineer,EMP11142,R&D,Warehouse,Active,2021-08-18 14:41:23,,vasatika.sidhu93,VDR-11142,DEV30142,manager828,False,1
Joshua Mohanty,Specialist,EMP12453,Operations,Work From Home,Active,2020-08-21 00:00:00,,joshua.mohanty72,VDR-12453,DEV47254,,False,1
Aditya Bail,Analyst,EMP10706,Procurement,Remote,Active,2020-08-26 19:15:54,,aditya.bail38,WS-10706,DEV20814,,False,1
Tripti Datta,Administrator,EMP12723,Marketing,Branch Office,Active,,,tripti.datta67,WS-12723,DEV16714,manager870,False,1
Faris Mander,Analyst,EMP11022,Legal,Head Office,Active,2021-02-28 00:43:00,,faris.mander25,WS-11022,,manager866,False,0
Lopa Bali,Officer,EMP10745,Operations,Warehouse,Active,,,lopa.bali80,LPT-10745,DEV70845,manager154,False,1
Aachal Chand,Administrator,EMP11546,Innovation,Warehouse,Active,2023-03-26 17:01:33,,aachal.chand47,LPT-11546,DEV69893,,False,1
Meera Bains,Officer,EMP12429,Marketing,Branch Office,Active,2024-05-06 20:52:45,,meera.bains79,LPT-12429,DEV46884,,False,1
Sai Srinivas,Trainee,EMP12110,IT,,Active,2023-11-08 07:22:45,,sai.srinivas91,,,manager155,False,0
Faris Bhandari,Engineer,EMP12013,Customer Support,Head Office,Active,2022-09-16 08:43:45,,faris.bhandari30,VDR-12013,DEV33228,manager446,False,1
Ekanta Sengupta,Consultant,EMP10513,Customer Support,Data Center,Inactive,2020-05-03 23:30:34,,ekanta.sengupta27,WS-10513,DEV69591,,False,1
Yamini Solanki,Administrator,EMP10081,Finance,,Active,2021-01-27 00:00:00,,yamini.solanki69,LPT-10081,DEV82529,manager870,False,1
Nidra Nanda,Director,EMP12743,Procurement,Data Center,Active,2020-07-16 07:36:15,,nidra.nanda73,LPT-12743,,manager939,False,0
Turvi Yohannan,Analyst,EMP11308,Procurement,Branch Office,Active,2023-03-19 00:00:00,,,WS-11308,DEV24111,manager752,False,1
Gaurika Thakkar,Specialist,EMP12571,Customer Support,Regional Office,Active,,,gaurika.thakkar87,WS-12571,DEV90973,manager850,False,1
Ayushman Parsa,Engineer,EMP10914,Operations,,Disabled,2021-03-04 00:00:00,2024-09-09 00:00:00,ayushman.parsa54,VDR-10914,,,False,0
Siya Baria,Executive,EMP11404,R&D,Regional Office,Active,2022-07-10 00:00:00,,siya.baria68,VDR-11404,DEV64807,manager401,False,1
Simon Kapoor,Director,EMP11647,Supply Chain,Remote,Active,2026-05-13 00:00:00,,simon.kapoor61,VDR-11647,DEV90746,manager602,False,1
Shivani Bhattacharyya,Director,EMP12843,Human Resources,Warehouse,Active,,,shivani.bhattacharyya1,LPT-12843,DEV39878,manager400,True,2
Urvashi Palan,Officer,EMP11108,Finance,,Disabled,2024-03-01 04:36:33,2025-08-25 04:33:06,urvashi.palan16,WS-11108,DEV87178,manager986,False,1
Matthew Chatterjee,Analyst,EMP10150,Marketing,Branch Office,Active,2021-09-27 02:53:35,,matthew.chatterjee86,WS-10150,DEV88554,manager316,False,1
Saanvi Prabhu,Consultant,EMP12809,Marketing,Regional Office,Active,2025-12-09 00:00:00,,saanvi.prabhu62,WS-12809,DEV48832,,False,1
Raagini Khanna,Consultant,EMP10774,Finance,Remote,Active,2021-05-14 00:00:00,,raagini.khanna7,WS-10774,DEV31805,manager392,False,1
Ucchal Dey,Director,EMP10329,Human Resources,Warehouse,Active,2023-02-20 15:56:00,,ucchal_dey82,VDR-10329,,manager599,False,0
Ekta Kuruvilla,Manager,EMP10006,Marketing,Work From Home,Active,2023-11-09 16:43:21,,ekta.kuruvilla30,LPT-10006,DEV23238,manager473,False,1
Vasudha Mital,Director,EMP10943,Operations,Branch Office,Disabled,2022-09-13 01:44:00,2023-02-01 11:24:00,vasudha.mital3,WS-10943,DEV13153,manager201,False,1
Jackson Kapur,Analyst,EMP10822,R&D,Head Office,Active,2022-07-30 12:38:27,,jackson.kapur57,LPT-10822,,,False,0
Jason Sangha,Specialist,EMP10734,Finance,,Active,2024-02-27 00:00:00,,jason.sangha69,LPT-10734,,manager582,False,0
Yahvi Gokhale,Specialist,EMP10909,Customer Support,Regional Office,Inactive,2023-09-22 06:43:00,2024-03-12 14:31:36,yahvi.gokhale89,LPT-10909,DEV16608,unknown,False,1
Inaya Vala,Officer,EMP10468,Supply Chain,Branch Office,Active,,,inaya.vala59,,DEV10568,manager543,False,1
Tamanna Banik,Manager,EMP10181,R&D,Head Office,Active,2025-05-17 09:58:32,,tamanna.banik80,WS-10181,,manager347,False,0
Kiaan Sharma,Officer,EMP10164,Innovation,Warehouse,Active,,,kiaan.sharma57,VDR-10164,,manager893,False,0
Urvi D’Alia,Administrator,EMP11523,Sales,Remote,Active,2023-04-03 02:16:59,,urvi.d’alia26,WS-11523,DEV13103,manager673,False,1
Ishanvi Karpe,Consultant,EMP10451,Operations,Branch Office,Active,2023-11-19 09:59:31,,ishanvi.karpe12,LPT-10451,DEV62530,manager494,False,1
Rajata Wason,Officer,EMP10490,Operations,,On Leave,2026-07-30 14:48:28,,rajata.wason25,LPT-10490,DEV31940,manager107,False,1
Ekaraj Anand,Executive,EMP10813,Operations,Head Office,Active,2023-05-16 00:00:00,,ekaraj.anand61,VDR-10813,DEV74441,manager774,False,1
Vidhi Zacharia,Consultant,EMP11143,Customer Support,Remote,Active,2023-09-16 00:00:00,,vidhi.zacharia33,WS-11143,DEV92557,manager529,False,1
Balvan Jani,Analyst,EMP11311,Sales,,Active,2023-06-21 16:43:00,,balvan.jani13,LPT-11311,,manager985,False,0
Advay Zacharia,Administrator,EMP12313,IT,Regional Office,Active,2021-05-04 01:34:35,,advay.zacharia37,VDR-12313,DEV86483,,False,1
Anamika Nagarajan,Executive,EMP11111,Finance,Branch Office,Active,2020-06-13 05:52:19,,anamika.nagarajan92,WS-11111,DEV84391,unknown,False,1
Rohan Dasgupta,Analyst,EMP11826,Marketing,,Active,2023-07-21 00:00:00,,rohan.dasgupta6,LPT-11826,DEV64837,,False,1
Qabil Kumar,Administrator,EMP11441,Operations,Branch Office,Active,2020-03-08 13:47:42,,qabil.kumar24,WS-11441,DEV81667,manager731,False,1
Chakradhar Koshy,Officer,EMP12012,Procurement,,Disabled,2025-11-03 17:58:17,2026-02-02 00:00:00,chakradhar.koshy22,VDR-12012,,unknown,False,0
Raksha Khanna,Consultant,EMP11006,Operations,Branch Office,Active,2023-06-07 05:21:04,,raksha.khanna85,WS-11006,DEV65799,unknown,False,1
Anthony Chadha,Consultant,EMP11627,Finance,Regional Office,Active,,,anthony.chadha70,LPT-11627,DEV80030,manager460,False,1
Wridesh Thakur,Director,EMP11632,Brand,,Active,2025-07-22 20:17:22,,wridesh.thakur86,VDR-11632,DEV92076,manager379,False,1
Guneet Uppal,Officer,EMP11074,Finance,Regional Office,Active,2025-11-19 07:11:41,,guneet.uppal16,VDR-11074,DEV74482,manager329,False,1
Janaki Halder,Specialist,EMP10578,R&D,Data Center,Active,2022-09-23 04:55:44,,janaki.halder15,WS-10578,DEV91625,manager150,False,1
Balendra Taneja,Director,EMP12168,Finance,Remote,Active,2023-05-16 20:27:57,,balendra.taneja17,,DEV47904,manager718,False,1
Harinakshi Loyal,Director,EMP12417,Sales,Branch Office,Active,2021-04-23 23:41:52,,harinakshi.loyal52,WS-12417,DEV97605,manager276,False,1
Ijaya Pandey,Executive,EMP12335,Finance,Regional Office,Active,2026-06-01 18:44:52,,ijaya.pandey20,,DEV12213,manager359,False,1
Indali Hari,Trainee,EMP12374,Operations,,Disabled,2021-01-25 09:57:33,2021-02-25 23:35:30,indali.hari48,,DEV27289,manager384,False,1
Tanish Setty,Executive,EMP10327,Marketing,Regional Office,Active,2022-09-27 00:00:00,,tanish.setty8,LPT-10327,DEV42725,,False,1
Amrita Shah,Officer,EMP11790,Sales,,Active,2026-04-19 12:24:32,,amrita.shah50,LPT-11790,DEV31023,manager376,False,1
Darpan Kapur,Manager,EMP10442,IT,Data Center,Active,2022-02-24 05:31:59,,darpan.kapur3,WS-10442,DEV59840,manager256,True,2
Robert Raj,Engineer,EMP11858,Procurement,Remote,Active,2022-07-21 22:41:10,,robert.raj78,VDR-11858,DEV39215,unknown,True,2
Chatura Sahni,Trainee,EMP12238,Operations,Remote,Active,2021-04-15 08:00:15,,chatura.sahni94,VDR-12238,,manager161,False,0
Urmi Bansal,Manager,EMP10312,Supply Chain,Work From Home,Active,2021-09-04 06:55:23,,urmi.bansal9,VDR-10312,DEV34505,manager368,False,1
Irya Memon,Engineer,EMP10832,Customer Support,Remote,Active,2024-11-16 00:00:00,,irya.memon10,WS-10832,DEV16230,manager331,False,1
Aradhana Saha,Consultant,EMP12446,Human Resources,Warehouse,Disabled,2025-06-21 12:18:31,2026-02-08 00:00:00,aradhana.saha89,WS-12446,DEV85963,manager609,False,1
Rachana Chana,Trainee,EMP12170,Finance,Data Center,Active,2023-05-31 14:19:00,,rachana.chana38,WS-12170,,manager423,False,0
Maanav Grover,Engineer,EMP11414,R&D,Branch Office,Inactive,,,maanav.grover86,LPT-11414,DEV40386,,False,1
Pooja Bava,Engineer,EMP11201,Finance,,On Leave,2023-03-27 12:05:00,,pooja.bava61,VDR-11201,DEV14105,manager927,False,1
Krisha Iyengar,Consultant,EMP12514,IT,Warehouse,Active,2025-05-20 06:08:28,,krisha.iyengar8,,DEV66387,,False,1
Mekhala Oommen,Administrator,EMP11499,Operations,Remote,Active,2022-08-04 19:09:00,,mekhala.oommen73,VDR-11499,DEV30749,manager550,False,1
Rudra Pal,Officer,EMP12010,R&D,Branch Office,Active,2021-05-16 16:35:35,,rudra.pal95,LPT-12010,DEV19853,manager999,False,1
Qarin Gulati,Specialist,EMP10086,Procurement,Head Office,Inactive,,2024-01-07 19:14:00,qarin.gulati40,VDR-10086,DEV23006,manager260,False,1
Raksha Saxena,Manager,EMP11403,Customer Support,Branch Office,Inactive,2020-12-19 03:26:00,2024-07-29 00:45:54,raksha.saxena21,LPT-11403,DEV67357,manager741,False,1
Samaksh Dey,Engineer,EMP12481,Operations,Remote,Active,2024-07-01 00:00:00,,samaksh.dey30,LPT-12481,DEV49002,manager973,False,1
Ria Jain,Director,EMP12002,IT,Warehouse,Active,2021-08-29 16:16:00,,ria.jain34,VDR-12002,,manager564,False,0
Ikshita Roy,Administrator,EMP11481,Procurement,Remote,Active,2025-11-03 22:47:29,,ikshita.roy54,WS-11481,DEV92611,unknown,False,1
Ekanta Bumb,Officer,EMP10777,Finance,Remote,Active,2024-03-31 15:13:26,,ekanta.bumb70,LPT-10777,DEV13266,unknown,False,1
Baljiwan Raju,Officer,EMP10799,Procurement,Work From Home,Active,2020-12-20 01:58:32,,baljiwan.raju72,VDR-10799,DEV82235,manager178,False,1
Jai Purohit,Consultant,EMP11666,Sales,Remote,Active,2024-03-17 03:13:00,,jai.purohit86,VDR-11666,DEV20888,manager704,False,1
Hema Grover,Director,EMP11894,IT,,Active,2021-04-01 16:11:10,,hema.grover90,WS-11894,DEV37044,manager904,False,1
Aradhana Bahl,Analyst,EMP10054,Finance,Work From Home,Active,2025-12-02 00:00:00,,aradhana.bahl32,LPT-10054,DEV65724,manager151,False,1
Aarna Virk,Administrator,EMP12483,Sales,Remote,Active,2021-12-19 20:02:56,,aarna.virk59,VDR-12483,DEV36630,manager647,False,1
Zansi Boase,Trainee,EMP11287,Operations,Remote,Active,2023-06-28 15:06:00,,zansi.boase65,WS-11287,DEV71151,manager672,False,1
Gautam Keer,Director,EMP11920,Finance,Head Office,Active,2021-04-22 00:00:00,,gautam.keer69,LPT-11920,DEV30648,manager545,False,1
Inaya Nagy,Consultant,EMP11667,Finance,,Active,2024-06-04 22:11:35,,inaya.nagy54,WS-11667,DEV35168,,False,1
Urvi Dua,Engineer,EMP12665,Legal,Remote,Active,2026-07-27 18:37:00,,urvi.dua16,VDR-12665,,manager539,False,0
Nidra Garde,Analyst,EMP12222,Finance,Work From Home,Active,2023-02-14 18:05:43,,nidra.garde65,VDR-12222,DEV28551,manager100,False,1
Aarav Malhotra,Trainee,EMP11701,Procurement,Warehouse,On Leave,2024-02-14 21:40:50,,aarav.malhotra46,LPT-11701,DEV45750,unknown,False,1
Vaishnavi Loyal,Specialist,EMP11245,IT,Head Office,Active,2023-06-05 00:00:00,,vaishnavi.loyal37,WS-11245,,manager646,False,0
Mitesh Rajagopalan,Trainee,EMP10113,Sales,,Active,2020-01-30 04:43:23,,mitesh_rajagopalan19,WS-10113,DEV70236,,False,1
Balhaar Desai,Manager,EMP12891,Marketing,Warehouse,Inactive,2025-11-03 00:00:00,,balhaar.desai85,WS-12891,DEV45036,manager262,False,1
Irya Raval,Engineer,EMP10987,Finance,Head Office,Inactive,2020-03-06 05:24:00,2021-05-06 00:00:00,irya.raval32,LPT-10987,DEV44313,manager906,False,1
Dominic Mand,Executive,EMP10501,Human Resources,Regional Office,Disabled,2024-09-01 05:18:19,2025-11-02 03:47:46,dominic.mand25,VDR-10501,DEV17128,,False,1
Quincy Bhandari,Administrator,EMP12469,Finance,Head Office,Disabled,2021-01-26 14:40:20,2023-12-31 23:33:42,quincy.bhandari48,WS-12469,DEV28581,manager546,False,1
Lekha Anne,Manager,EMP11009,Legal,Warehouse,Active,2022-10-18 16:11:21,,lekha.anne27,WS-11009,DEV34685,manager562,False,1
Girish D’Alia,Director,EMP11198,Sales,,Active,2023-12-18 00:00:00,,girish.d’alia10,,DEV97706,manager647,False,1
Anamika Deshpande,Manager,EMP11394,Sales,Remote,Active,2022-06-23 20:19:41,,anamika.deshpande59,VDR-11394,DEV85523,manager327,False,1
Yochana Patil,Officer,EMP10589,Finance,Work From Home,Active,,,yochana.patil46,LPT-10589,DEV26492,unknown,False,1
Idika Rao,Consultant,EMP10768,Procurement,Work From Home,Active,2023-11-23 13:34:09,,idika.rao58,VDR-10768,DEV18601,manager500,False,1
Vritti Sengupta,Analyst,EMP10017,Sales,Branch Office,Active,2024-02-18 22:04:30,,vritti.sengupta40,VDR-10017,DEV20322,,False,1
Chaman Memon,Manager,EMP11042,Finance,Branch Office,Disabled,2021-09-26 23:10:00,2022-05-27 19:32:55,chaman.memon27,,DEV81938,manager578,False,1
Ranbir Shanker,Executive,EMP11447,Sales,Remote,Active,2021-09-23 16:47:08,,ranbir.shanker19,WS-11447,DEV20534,manager841,False,1
Varenya Nagar,Consultant,EMP10285,Customer Support,,Disabled,2025-11-11 14:43:00,2026-05-25 02:26:00,varenya.nagar50,VDR-10285,DEV28343,manager454,False,1
Veda Balasubramanian,Trainee,EMP12720,Operations,Regional Office,Active,2026-03-05 22:54:35,,veda.balasubramanian81,WS-12720,DEV32856,manager428,False,1
Chaitanya Pingle,Officer,EMP10428,Operations,Remote,Inactive,2021-07-16 18:28:00,,chaitanya.pingle61,LPT-10428,DEV96194,manager364,False,1
Krish Gill,Administrator,EMP11328,Innovation,Remote,Inactive,2022-01-28 17:18:13,,krish.gill29,VDR-11328,,manager654,False,0
Nathaniel Deep,Trainee,EMP12064,R&D,Remote,Active,2022-04-05 06:49:00,,nathaniel.deep45,WS-12064,DEV57603,,False,1
Mohini Thakkar,Specialist,EMP10669,Procurement,Data Center,Active,2026-05-23 22:53:59,,mohini.thakkar22,LPT-10669,DEV88012,,False,1
Jyoti Rau,Manager,EMP10031,Procurement,Data Center,Active,2022-09-09 22:14:00,,jyoti.rau6,VDR-10031,,unknown,False,0
Chaman Andra,Engineer,EMP11341,Customer Support,Data Center,Inactive,,,chaman.andra62,LPT-11341,DEV85965,manager165,False,1
Anirudh Dube,Trainee,EMP10722,Finance,Head Office,Active,2021-07-08 00:00:00,,anirudh.dube34,WS-10722,DEV36302,manager211,False,1
Leena Batra,Administrator,EMP10951,Procurement,,Active,2024-02-07 02:24:00,,leena.batra60,LPT-10951,DEV10071,manager356,True,2
Krishna Nayak,Trainee,EMP11914,IT,Work From Home,Inactive,2020-11-06 23:30:57,2025-10-22 22:08:24,krishna.nayak94,LPT-11914,DEV63976,manager689,False,1
Ranveer Mahajan,Specialist,EMP12365,Operations,Data Center,Active,2023-09-12 00:00:00,,ranveer.mahajan73,WS-12365,,manager438,False,0
Kiaan Sur,Trainee,EMP10214,Customer Support,Data Center,Active,2023-05-06 18:15:45,,kiaan.sur64,WS-10214,DEV75191,manager346,False,1
Samaksh Arya,Manager,EMP10989,Legal,,Disabled,2021-08-18 12:47:35,2024-10-24 07:17:28,samaksh.arya80,LPT-10989,DEV27143,manager539,False,1
Laksh Swamy,Consultant,EMP11164,People,Head Office,Active,,,laksh.swamy43,LPT-11164,DEV89233,manager714,False,1
Quincy Setty,Analyst,EMP12877,Marketing,,Active,,,quincy.setty61,LPT-12877,DEV36422,unknown,False,1
Ira Mannan,Manager,EMP12095,Compliance,Work From Home,Active,2021-10-28 00:00:00,,,VDR-12095,DEV95872,manager682,False,1
Zarna Rao,Specialist,EMP10326,Marketing,Remote,Disabled,2021-02-25 06:14:00,,zarna.rao38,VDR-10326,DEV99037,,False,1
Nilima Goda,Officer,EMP11383,IT,,Active,2023-07-01 00:00:00,,nilima.goda53,WS-11383,DEV44289,,False,1
Indrajit Palla,Director,EMP11724,R&D,Regional Office,Inactive,2025-02-12 18:25:41,,indrajit_palla27,WS-11724,DEV70015,,False,1
Chaman Krish,Trainee,EMP11086,Marketing,Regional Office,Active,2025-12-02 06:12:18,,chaman.krish7,LPT-11086,DEV85649,manager248,False,1
Yashawini Warrior,Consultant,EMP10341,Legal,Data Center,Active,2025-06-25 18:23:37,,yashawini.warrior76,WS-10341,DEV28327,manager666,False,1
Damyanti Ganguly,Consultant,EMP10147,Marketing,Work From Home,Active,2020-06-12 00:00:00,,damyanti.ganguly48,VDR-10147,DEV88148,manager872,False,1
Ekalinga Sanghvi,Consultant,EMP12411,Customer Support,Head Office,Active,,,ekalinga.sanghvi99,VDR-12411,DEV51054,manager363,False,1
Warhi Grewal,Administrator,EMP11107,Sales,Head Office,On Leave,2021-11-21 10:20:23,,warhi.grewal19,LPT-11107,DEV59434,manager207,False,1
Vrishti Vala,Analyst,EMP10848,Brand,,Disabled,2025-08-19 10:57:29,2025-09-09 16:32:28,vrishti.vala48,VDR-10848,DEV14562,manager907,False,1
Abhimanyu Dhar,Administrator,EMP10966,Legal,Head Office,Active,2023-01-28 01:17:38,,abhimanyu.dhar56,VDR-10966,,manager144,False,0
Ekapad Nayar,Officer,EMP12538,Marketing,,Active,2024-09-29 17:03:00,,ekapad.nayar19,LPT-12538,,manager862,False,0
Yug Lalla,Executive,EMP10661,R&D,Warehouse,On Leave,2020-01-05 00:00:00,,yug.lalla64,LPT-10661,,manager576,False,0
Radha Kibe,Specialist,EMP11002,Legal,,Active,2024-05-11 17:43:00,,radha.kibe52,VDR-11002,DEV11558,,False,1
Lopa Dhawan,Executive,EMP12413,Marketing,Data Center,Active,2021-06-13 17:07:47,,lopa.dhawan30,WS-12413,DEV72149,,False,1
Yahvi Ramanathan,Executive,EMP12594,Human Resources,Work From Home,Inactive,2023-05-09 20:44:46,,yahvi.ramanathan41,WS-12594,,manager103,False,0
Nimrat Parmer,Manager,EMP12736,Legal,Warehouse,Active,2020-04-02 09:32:29,,nimrat.parmer72,WS-12736,,manager310,False,0
Ethan Sekhon,Administrator,EMP11879,Finance,Remote,On Leave,2023-02-04 00:00:00,,ethan.sekhon49,WS-11879,DEV19751,manager415,False,1
Kalpit Salvi,Trainee,EMP12902,R&D,Warehouse,Active,2023-10-15 02:16:59,,kalpit_salvi36,WS-12902,DEV44011,manager421,False,1
Upkaar Padmanabhan,Manager,EMP11203,Finance,Remote,Active,2026-01-21 17:58:51,,upkaar.padmanabhan11,WS-11203,DEV20709,manager529,False,1
Neel Bhalla,Manager,EMP11990,Legal,Work From Home,Active,,,neel.bhalla45,,DEV11957,manager950,False,1
Krishna Narang,Analyst,EMP10024,Human Resources,Data Center,Disabled,2020-12-05 00:00:00,2022-07-19 10:41:36,krishna.narang7,VDR-10024,,manager243,False,0
Max Kant,Trainee,EMP12895,Finance,Data Center,Inactive,2021-10-13 18:51:00,2025-07-22 13:04:12,max.kant36,WS-12895,,manager102,False,0
Vedant Muni,Executive,EMP12092,People,Work From Home,Active,,,vedant.muni67,WS-12092,DEV33086,manager671,False,1
Rayaan Gulati,Executive,EMP12989,Procurement,Data Center,Active,2023-06-13 00:00:00,,rayaan.gulati19,VDR-12989,DEV48867,,False,1
Keya Basak,Officer,EMP12371,Customer Support,Warehouse,Active,2020-11-17 21:49:00,,keya.basak74,WS-12371,DEV23075,,False,1
Xalak Kota,Administrator,EMP10875,Customer Support,Warehouse,Active,2020-01-13 19:38:00,,xalak.kota96,VDR-10875,DEV86765,manager684,False,1
Anya Nadkarni,Director,EMP12871,Human Resources,Data Center,Active,2022-09-29 10:38:28,,anya.nadkarni54,LPT-12871,DEV10971,manager426,False,1
Alka Memon,Analyst,EMP10938,Customer Support,Regional Office,Active,2021-05-29 13:07:00,,alka.memon44,WS-10938,DEV46356,manager685,False,1
Falguni Mammen,Manager,EMP12584,Operations,,Active,2020-08-03 00:00:00,,falguni.mammen71,LPT-12584,DEV99996,manager905,False,1
Max Varghese,Consultant,EMP10385,Customer Support,,Active,2020-11-09 21:30:16,,max.varghese15,WS-10385,,manager430,False,0
Lakshmi Narula,Consultant,EMP12585,Operations,Warehouse,Active,2023-05-20 00:00:00,,lakshmi.narula81,LPT-12585,DEV47599,manager132,False,1
Anthony Mallick,Executive,EMP12563,Supply Chain,Work From Home,On Leave,,,anthony.mallick51,LPT-12563,DEV52734,manager622,False,1
Laban Dewan,Director,EMP12408,Supply Chain,Work From Home,Active,2020-01-05 00:00:00,,laban.dewan34,LPT-12408,DEV35598,manager936,False,1
Chatura Sengupta,Specialist,EMP10936,R&D,Branch Office,Active,2026-06-24 00:00:00,,chatura.sengupta49,LPT-10936,DEV76160,manager559,False,1
Chatura Swaminathan,Engineer,EMP12659,Compliance,Data Center,Active,2020-04-12 05:03:00,,chatura.swaminathan11,LPT-12659,DEV54883,manager303,True,2
Shivansh Parmer,Administrator,EMP11332,Marketing,,Disabled,,2025-11-26 00:00:00,shivansh.parmer5,WS-11332,DEV49375,manager119,True,2
Nicholas Varma,Manager,EMP11934,Legal,Work From Home,Active,2022-06-26 15:22:58,,nicholas.varma41,VDR-11934,DEV94621,manager187,False,1
Ojas Barad,Manager,EMP10935,Operations,Work From Home,Active,,,ojas.barad71,,DEV64732,manager445,False,1
Niharika Gulati,Engineer,EMP10566,Human Resources,Branch Office,Active,2024-01-10 00:00:00,,niharika.gulati90,WS-10566,DEV23501,manager126,False,1
Rayaan Sani,Engineer,EMP11854,Sales,Branch Office,Active,2026-04-07 08:48:37,,rayaan.sani65,WS-11854,DEV99175,,False,1
Shivansh Taneja,Consultant,EMP12500,IT,Work From Home,Active,2022-03-27 00:00:00,,shivansh.taneja60,VDR-12500,DEV79352,,False,1
Falak Chhabra,Executive,EMP11645,IT,Head Office,Active,2020-01-11 15:05:00,,falak.chhabra48,VDR-11645,DEV40626,manager933,False,1
Anmol Bali,Consultant,EMP12185,Brand,Regional Office,Active,2025-03-06 00:00:00,,anmol.bali6,VDR-12185,DEV35475,unknown,False,1
Ladli Shan,Manager,EMP11792,Marketing,,Active,2024-12-05 20:54:35,,ladli.shan29,LPT-11792,,,False,0
Chasmum Nadkarni,Administrator,EMP11430,Marketing,Warehouse,Active,2024-10-31 00:00:00,,chasmum.nadkarni1,WS-11430,DEV25429,,True,2
Indali Goswami,Specialist,EMP12825,Finance,Work From Home,Active,2024-03-12 16:51:45,,indali.goswami21,VDR-12825,DEV58627,manager153,False,1
Brijesh Ganesh,Director,EMP11013,Customer Support,,Active,2021-10-03 12:14:00,,brijesh.ganesh17,VDR-11013,DEV19012,manager310,False,1
Riya Chadha,Executive,EMP11928,Customer Support,,Active,2021-09-29 20:18:18,,riya.chadha43,LPT-11928,DEV15769,,False,1
Chanchal Choudhry,Officer,EMP12319,IT,Data Center,Active,2023-10-13 15:56:00,,chanchal.choudhry83,WS-12319,DEV29344,manager235,False,1
Unnati Dass,Director,EMP10126,Finance,,Inactive,,,unnati.dass69,,DEV97881,manager860,False,1
Vansha Chadha,Officer,EMP12157,Brand,,Active,2020-10-07 12:56:52,,vansha.chadha57,VDR-12157,DEV50940,manager702,False,1
Shravya Chopra,Manager,EMP11347,Legal,Regional Office,Active,2022-10-11 12:37:00,,shravya.chopra88,WS-11347,DEV47104,manager468,False,1
Kavya Bajwa,Analyst,EMP10355,Sales,Data Center,Inactive,2021-07-10 00:17:38,,kavya.bajwa2,WS-10355,DEV60197,unknown,False,1
Henry Raman,Consultant,EMP10827,Operations,Data Center,Active,2022-02-08 07:25:58,,henry.raman55,WS-10827,DEV17398,manager419,False,1
Farhan Bedi,Engineer,EMP11639,Human Resources,Data Center,Active,2021-03-19 00:00:00,,farhan.bedi89,VDR-11639,DEV58614,manager887,False,1
Gaurav Borde,Director,EMP10984,Operations,,Disabled,2020-01-21 21:28:52,2020-09-06 00:00:00,gaurav.borde62,WS-10984,DEV34149,manager668,False,1
Libni Rau,Analyst,EMP10362,Innovation,Branch Office,Active,2021-12-20 03:50:44,,libni.rau54,VDR-10362,DEV46677,,False,1
Samar Setty,Trainee,EMP10345,Finance,Work From Home,Active,2020-02-12 20:30:44,,samar.setty88,LPT-10345,,manager140,False,0
Azaan Dora,Executive,EMP12124,Human Resources,,Inactive,2024-02-15 00:00:00,,azaan.dora49,WS-12124,DEV47572,manager372,False,1
Onkar Khalsa,Administrator,EMP12620,Finance,Warehouse,Active,2024-09-01 00:00:00,,onkar.khalsa1,LPT-12620,DEV98307,manager460,False,1
Ayushman Chowdhury,Executive,EMP10711,IT,Data Center,Active,2026-05-07 05:01:00,,ayushman.chowdhury15,WS-10711,DEV72420,unknown,False,1
Oscar Gopal,Director,EMP12127,Finance,Work From Home,Active,2023-12-22 18:03:00,,oscar.gopal34,VDR-12127,DEV28293,manager571,True,2
Jagvi Seth,Manager,EMP10010,Marketing,Branch Office,Active,2024-03-31 01:22:51,,jagvi.seth52,VDR-10010,DEV51245,manager758,False,1
Widisha Maharaj,Analyst,EMP12616,Customer Support,Data Center,Active,2020-06-23 17:24:59,,widisha.maharaj57,,DEV71339,manager579,False,1
Aryan Shankar,Administrator,EMP11834,Operations,Head Office,Active,2025-08-21 12:05:23,,aryan.shankar73,LPT-11834,DEV31292,manager421,True,2
Widisha Chhabra,Administrator,EMP10793,IT,Branch Office,Active,2023-12-03 00:00:00,,widisha.chhabra74,VDR-10793,DEV17669,,False,1
Mekhala Singhal,Executive,EMP12848,Finance,Data Center,Active,2021-09-25 00:51:09,,mekhala.singhal56,WS-12848,DEV71268,,False,1
Abha Varkey,Trainee,EMP10094,Customer Support,,Active,2024-03-07 00:00:00,,abha.varkey61,LPT-10094,DEV86720,unknown,False,1
Harsh Shukla,Director,EMP10129,IT,Remote,Inactive,2023-11-13 18:11:00,2024-10-08 06:03:45,harsh.shukla46,LPT-10129,DEV26011,manager711,False,1
Ira Ahuja,Executive,EMP12309,Human Resources,Remote,Active,2025-12-07 19:21:58,,ira.ahuja17,WS-12309,DEV58488,unknown,False,1
Vasatika Kapoor,Officer,EMP12991,Marketing,Work From Home,On Leave,2020-12-07 06:03:45,,vasatika.kapoor74,VDR-12991,DEV20475,manager523,False,1
Chanakya Bora,Director,EMP11900,R&D,,Active,2021-02-18 17:29:00,,chanakya.bora36,LPT-11900,,manager340,False,0
Chaitaly Char,Manager,EMP12467,Operations,Head Office,Inactive,2022-07-30 10:31:03,,chaitaly.char55,LPT-12467,DEV45570,manager715,False,1
Mahika Chakraborty,Manager,EMP11932,Procurement,Head Office,Active,2020-11-01 06:50:28,,mahika.chakraborty82,VDR-11932,DEV34958,manager651,False,1
Naveen Borah,Administrator,EMP12499,Finance,Warehouse,Active,2023-11-04 20:37:02,,naveen.borah10,VDR-12499,DEV34580,,False,1
Rehaan Gola,Consultant,EMP11865,Finance,,On Leave,2025-11-18 00:00:00,,rehaan.gola27,WS-11865,DEV50565,,False,1
Abha Baria,Manager,EMP11658,IT,Work From Home,Active,2020-06-12 00:00:00,,abha.baria81,LPT-11658,DEV21239,manager192,False,1
Wakeeta Rattan,Trainee,EMP10516,R&D,,Inactive,2023-09-28 17:13:28,2024-01-26 11:16:54,wakeeta.rattan45,LPT-10516,DEV75776,manager387,False,1
Yashawini Bajaj,Specialist,EMP11857,Compliance,Regional Office,Disabled,2023-07-20 00:00:00,,yashawini.bajaj3,LPT-11857,DEV72195,,False,1
Ansh Bandi,Engineer,EMP11277,Marketing,Head Office,Active,2025-03-17 13:25:30,,ansh.bandi36,VDR-11277,,manager914,False,0
Girik Pai,Officer,EMP10950,Operations,Branch Office,Inactive,2024-09-20 19:09:00,,girik.pai19,LPT-10950,DEV80455,manager101,False,1
Siya Naik,Manager,EMP11120,Customer Support,,Active,2021-10-23 23:20:54,,siya.naik32,WS-11120,DEV73324,manager746,False,1
Upkaar Dave,Administrator,EMP10419,Human Resources,Head Office,Active,2024-11-12 22:39:12,,upkaar.dave34,WS-10419,DEV16507,unknown,False,1
Aahana Kaur,Analyst,EMP10922,Finance,Head Office,Active,,,aahana.kaur82,VDR-10922,,manager617,False,0
Panini Rau,Analyst,EMP12880,Finance,Work From Home,Active,2024-08-06 10:52:00,,panini.rau8,VDR-12880,DEV53618,manager647,False,1
Yamini Subramanian,Trainee,EMP10477,Operations,Head Office,Active,2021-11-27 21:34:15,,yamini.subramanian5,VDR-10477,DEV98542,,False,1
Omya Seshadri,Specialist,EMP12035,Customer Support,Work From Home,Disabled,2021-11-21 08:13:13,,omya.seshadri88,WS-12035,DEV61299,manager686,False,1
Hitesh Kadakia,Manager,EMP12245,Sales,,Active,2023-04-20 03:56:16,,hitesh.kadakia14,LPT-12245,DEV70646,manager803,False,1
Qarin Rau,Analyst,EMP11692,R&D,Remote,On Leave,2026-01-02 00:00:00,,qarin.rau21,LPT-11692,DEV18769,manager396,False,1
Libni Boase,Executive,EMP12316,Operations,Branch Office,Active,2024-09-01 00:00:00,,libni.boase68,LPT-12316,DEV20407,manager670,False,1
Meera Bath,Engineer,EMP11471,Legal,Head Office,Active,2022-04-09 00:00:00,,meera.bath1,WS-11471,,manager909,False,0
Isaiah Dave,Trainee,EMP11202,Compliance,Branch Office,Inactive,2026-06-14 22:32:16,2026-07-11 03:19:46,isaiah.dave47,LPT-11202,DEV37720,manager280,False,1
Hitesh Patil,Administrator,EMP11669,IT,,Active,2022-10-31 08:13:46,,hitesh.patil44,VDR-11669,DEV70042,manager233,False,1
Udant Barman,Specialist,EMP12859,Marketing,Regional Office,Active,2023-07-19 00:00:00,,udant.barman2,VDR-12859,DEV37202,,False,1
Devansh Sule,Engineer,EMP11970,IT,Work From Home,Inactive,,2025-08-28 00:00:00,devansh.sule3,LPT-11970,DEV78191,manager992,False,1
Gauri Deep,Trainee,EMP10820,R&D,Branch Office,Active,2024-04-17 08:13:00,,,WS-10820,DEV96781,manager451,False,1
Zayan Sidhu,Consultant,EMP11997,Human Resources,,Active,2025-05-09 21:41:55,,zayan.sidhu78,WS-11997,DEV63449,manager992,False,1
Jagat Agate,Consultant,EMP12954,Customer Support,,Active,,,jagat.agate90,LPT-12954,DEV17834,manager349,False,1
Noah Kata,Manager,EMP11248,R&D,Work From Home,Active,2021-11-26 00:00:00,,noah.kata59,WS-11248,DEV90999,manager110,False,1
Upasna Sha,Engineer,EMP12742,People,Remote,Active,2020-02-29 21:26:55,,,WS-12742,,manager467,False,0
Chaitaly Dugal,Executive,EMP12694,Customer Support,Work From Home,Active,2024-01-24 13:17:05,,chaitaly.dugal25,WS-12694,,manager907,False,0
Falan Gandhi,Administrator,EMP11046,Human Resources,Warehouse,Active,2021-06-29 00:00:00,,falan.gandhi55,VDR-11046,DEV30027,,False,1
Saanvi Puri,Administrator,EMP11888,Customer Support,Warehouse,Active,2022-01-09 03:58:00,,saanvi.puri1,VDR-11888,,manager316,False,0
Nikita Majumdar,Director,EMP10615,Sales,Remote,Active,2020-09-13 11:00:35,,nikita.majumdar12,WS-10615,DEV29400,manager863,False,1
Kritika Nori,Executive,EMP11318,IT,,Inactive,2025-08-22 21:55:00,,kritika.nori43,VDR-11318,DEV53202,manager605,False,1
Ethan Peri,Trainee,EMP12970,Procurement,Data Center,Active,2024-05-09 17:23:59,,,LPT-12970,DEV32709,manager297,False,1
Raksha Bhalla,Executive,EMP12136,Human Resources,Warehouse,Disabled,2022-04-20 00:00:00,2025-11-25 20:14:07,raksha.bhalla98,WS-12136,DEV98387,manager616,False,1
Anvi Soni,Executive,EMP12534,Human Resources,,Active,2026-02-27 21:22:00,,anvi.soni34,LPT-12534,,manager561,False,0
Mohini Munshi,Officer,EMP11772,Human Resources,,Active,2020-05-04 00:00:00,,mohini.munshi54,VDR-11772,DEV29079,manager502,False,1
Arya Ratta,Consultant,EMP10131,Sales,Work From Home,Active,2021-03-25 12:43:03,,,LPT-10131,DEV88116,unknown,False,1
Tejas Panchal,Consultant,EMP10077,Procurement,Data Center,Active,2026-05-06 12:58:00,,tejas.panchal85,VDR-10077,DEV79588,manager460,False,1
Caleb Lal,Consultant,EMP12052,Operations,Work From Home,Active,2024-04-08 18:09:25,,caleb.lal55,VDR-12052,DEV90432,manager729,False,1
Yashica Chokshi,Manager,EMP10724,Human Resources,Warehouse,Active,,,yashica.chokshi5,VDR-10724,DEV42846,unknown,False,1
Amaira Sengupta,Manager,EMP11314,Procurement,,Active,2024-03-29 10:40:48,,amaira.sengupta10,VDR-11314,DEV49089,manager715,False,1
Faqid Choudhry,Executive,EMP11851,IT,Remote,Active,2022-11-05 10:19:00,,faqid.choudhry24,WS-11851,DEV22218,manager243,False,1
Pooja Kunda,Administrator,EMP12708,Sales,,Disabled,2025-08-09 13:11:43,2025-11-04 03:03:59,pooja.kunda23,LPT-12708,DEV68286,manager310,False,1
Xiti Murty,Analyst,EMP12562,IT,Data Center,Inactive,2026-07-15 18:07:04,,xiti.murty39,VDR-12562,DEV79348,,False,1
Nikita D’Alia,Director,EMP11372,R&D,,Inactive,2022-05-15 02:58:31,2023-05-11 23:03:31,nikita.d’alia16,WS-11372,DEV21385,,False,1
Neel Majumdar,Officer,EMP11855,Legal,Warehouse,Active,2026-07-19 09:52:27,,neel.majumdar68,VDR-11855,DEV90245,,False,1
Yuvraj Ram,Specialist,EMP11319,Supply Chain,,On Leave,2023-07-17 05:07:01,,yuvraj.ram10,LPT-11319,DEV55330,manager727,False,1
Ekansh Bedi,Director,EMP12960,IT,Head Office,Active,2021-07-28 20:03:09,,ekansh.bedi26,LPT-12960,DEV34207,,False,1
Udant Mukherjee,Specialist,EMP12573,IT,Work From Home,Active,2021-11-11 18:37:43,,udant.mukherjee7,VDR-12573,,manager221,False,0
Daniel Bhat,Specialist,EMP10375,Supply Chain,,Active,2023-07-04 00:21:54,,daniel.bhat5,LPT-10375,DEV94840,,False,1
Hitesh Keer,Consultant,EMP11908,Customer Support,,On Leave,2020-02-21 01:12:00,,hitesh.keer31,LPT-11908,,manager205,False,0
Hitesh Khanna,Manager,EMP10333,IT,Work From Home,Active,,,hitesh.khanna59,LPT-10333,DEV67840,manager805,False,1
Tanvi Bal,Manager,EMP12323,Sales,Data Center,Active,2024-11-17 07:30:29,,tanvi.bal60,LPT-12323,DEV89195,manager226,False,1
Mitali Goel,Administrator,EMP12373,Operations,Work From Home,Active,2025-05-12 06:22:11,,mitali.goel62,VDR-12373,,manager522,False,0
Aashi Bajaj,Administrator,EMP11604,R&D,Warehouse,Active,2024-03-24 12:55:09,,aashi.bajaj29,LPT-11604,DEV70324,manager166,False,1
Bimala Yohannan,Executive,EMP11118,R&D,,Active,2023-02-14 09:18:00,,bimala.yohannan78,VDR-11118,DEV39500,,False,1
Reyansh Cheema,Analyst,EMP12913,Operations,Data Center,Active,2025-03-23 00:00:00,,reyansh_cheema32,WS-12913,DEV52978,manager631,False,1
Zilmil Warrior,Director,EMP11943,Human Resources,,Inactive,2024-07-02 00:00:00,2025-08-12 20:08:30,zilmil.warrior7,VDR-11943,DEV26287,manager364,False,1
Quincy Samra,Trainee,EMP12333,Human Resources,,Inactive,2026-06-25 00:00:00,2026-07-20 15:59:35,quincy.samra91,VDR-12333,DEV66982,unknown,False,1
Zayan Bhagat,Engineer,EMP12599,Finance,Remote,Active,2022-08-12 13:22:00,,zayan.bhagat19,WS-12599,DEV37456,manager999,False,1
Devansh Hora,Administrator,EMP11342,Finance,Work From Home,Inactive,2021-01-30 06:23:44,2022-07-26 09:42:34,devansh.hora57,WS-11342,,manager732,False,0
Hredhaan Tank,Analyst,EMP10320,Marketing,Remote,Active,2023-11-21 20:21:15,,hredhaan.tank29,LPT-10320,DEV80465,manager891,False,1
Ekiya Banik,Officer,EMP11619,Supply Chain,Branch Office,Active,,,ekiya_banik24,LPT-11619,DEV75228,,False,1
Kiaan Ramesh,Officer,EMP12628,Marketing,,Active,,,kiaan.ramesh70,LPT-12628,DEV13091,manager715,False,1
Vrishti Chadha,Manager,EMP12060,Customer Support,Regional Office,Disabled,2021-01-27 09:16:09,2022-04-17 07:58:30,vrishti.chadha23,LPT-12060,,,False,0
Arya Dhillon,Officer,EMP11673,Operations,Head Office,Disabled,2020-11-28 14:11:50,2022-06-01 20:16:07,arya_dhillon11,LPT-11673,DEV26846,manager257,False,1
Hemangini Mand,Specialist,EMP11942,IT,Work From Home,Active,2020-07-19 10:33:05,,,VDR-11942,DEV78920,manager921,False,1
Aashi Bal,Administrator,EMP10260,Sales,Branch Office,Active,2022-07-22 14:58:30,,aashi.bal42,VDR-10260,DEV78321,manager670,False,1
Raksha Date,Administrator,EMP12426,Compliance,Work From Home,Active,2021-01-03 22:47:15,,raksha.date82,WS-12426,DEV50736,manager841,False,1
Arunima Sridhar,Officer,EMP12039,Human Resources,Regional Office,Active,2025-06-29 11:53:29,,arunima_sridhar65,WS-12039,DEV58395,manager369,False,1
Sai Pathak,Director,EMP10689,Marketing,Head Office,Active,2025-01-26 23:12:38,,sai_pathak23,VDR-10689,DEV24253,,False,1
Gaurika Babu,Director,EMP10901,Marketing,,Active,2025-06-30 00:00:00,,gaurika.babu9,LPT-10901,DEV74852,manager814,False,1
Bhavna Patla,Director,EMP12026,R&D,Data Center,Active,2025-08-02 09:05:00,,bhavna_patla52,LPT-12026,DEV80683,manager730,False,1
Samuel Choudhury,Manager,EMP10138,Legal,Work From Home,Disabled,2025-07-15 07:51:50,,samuel.choudhury78,VDR-10138,DEV24996,manager986,False,1
Naksh Sanghvi,Engineer,EMP11917,Finance,Work From Home,Active,2023-12-02 19:50:55,,naksh.sanghvi94,LPT-11917,DEV35905,manager560,False,1
Maanas Madan,Manager,EMP11828,R&D,,Inactive,2024-03-13 04:42:09,2026-02-25 00:00:00,maanas.madan34,WS-11828,DEV31706,,False,1
Jagrati Dutt,Director,EMP11573,Sales,Work From Home,Active,2025-01-11 11:12:13,,jagrati.dutt21,,DEV94683,manager954,False,1
Hredhaan Nagi,Director,EMP10319,R&D,Regional Office,Active,2024-10-22 15:06:56,,hredhaan.nagi88,WS-10319,DEV74054,,False,1
Qasim Gole,Specialist,EMP10653,Human Resources,Warehouse,Inactive,2022-05-14 01:36:00,,qasim.gole57,LPT-10653,DEV42075,manager251,False,1
Logan Ramakrishnan,Director,EMP12137,Innovation,Warehouse,Active,2020-06-04 00:00:00,,logan.ramakrishnan20,VDR-12137,DEV72539,manager702,False,1
Udarsh Kadakia,Executive,EMP12394,IT,Warehouse,Active,2024-12-11 17:50:47,,udarsh.kadakia17,WS-12394,DEV70090,,False,1
Amaira Sood,Officer,EMP10558,Marketing,,Active,2025-11-15 00:00:00,,amaira.sood39,VDR-10558,DEV16253,manager320,False,1
Frado Nigam,Analyst,EMP12187,IT,Work From Home,Active,2024-05-18 02:58:00,,frado.nigam40,VDR-12187,DEV93148,manager993,False,1
Frederick Behl,Executive,EMP10112,Finance,Branch Office,Inactive,2025-04-09 08:57:14,2026-04-30 22:08:37,frederick.behl88,LPT-10112,DEV89887,,False,1
Omkaar Kalita,Consultant,EMP10531,Supply Chain,,Active,2021-09-24 20:30:01,,omkaar.kalita55,WS-10531,DEV99208,manager902,False,1
Ronith Shroff,Specialist,EMP10224,IT,,Disabled,2024-12-02 06:10:21,,ronith.shroff81,WS-10224,,manager591,False,0
Ekaraj Nath,Director,EMP10723,Customer Support,,Active,,,ekaraj.nath19,VDR-10723,DEV94323,manager205,False,1
Zansi Khosla,Administrator,EMP12590,Brand,Data Center,Inactive,2022-08-07 00:51:37,,zansi_khosla29,VDR-12590,DEV16029,manager247,False,1
Aadhya Hayer,Director,EMP12649,R&D,Remote,Active,2025-07-31 20:37:00,,aadhya.hayer77,LPT-12649,DEV51192,manager521,False,1
Urvashi Kata,Engineer,EMP11433,Marketing,Regional Office,Active,,,urvashi.kata32,,DEV27397,manager282,False,1
Manya Kala,Executive,EMP12401,Customer Support,Branch Office,Active,2023-11-03 08:33:01,,manya.kala33,,DEV42650,manager178,False,1
Agastya Wali,Consultant,EMP11458,Customer Support,,Disabled,2023-02-07 14:04:01,2023-11-12 09:41:00,agastya_wali58,WS-11458,DEV53917,unknown,False,1
Urmi Vala,Engineer,EMP12784,Human Resources,Data Center,Active,2023-06-11 08:55:54,,urmi.vala29,VDR-12784,DEV91090,manager153,False,1
Pratyush Balay,Administrator,EMP10846,Legal,,Active,2023-03-10 04:01:00,,pratyush.balay57,VDR-10846,,manager215,False,0
Ekbal Bhatti,Director,EMP10193,Human Resources,Remote,Active,2020-04-06 18:00:47,,ekbal.bhatti8,VDR-10193,,manager722,False,0
Lekha Luthra,Director,EMP11464,R&D,Remote,Active,2022-01-28 09:28:03,,lekha.luthra19,WS-11464,DEV70035,,False,1
Ekbal Chandra,Director,EMP10946,Finance,Remote,Inactive,2021-01-10 19:53:54,2023-01-25 07:28:00,ekbal.chandra41,WS-10946,DEV59219,unknown,False,1
Rushil Sura,Administrator,EMP12021,Customer Support,Work From Home,Inactive,2021-01-29 00:00:00,,rushil.sura78,VDR-12021,DEV12118,,False,1
Max Subramanian,Executive,EMP11629,Innovation,Branch Office,Active,2021-09-24 00:00:00,,max.subramanian13,VDR-11629,DEV51983,manager684,False,1
Ikshita Muni,Specialist,EMP10117,IT,Regional Office,Active,,,ikshita.muni96,WS-10117,DEV47512,manager460,False,1
Nikita Sangha,Executive,EMP10645,R&D,Data Center,Inactive,2025-11-13 14:37:00,2026-01-07 20:23:25,nikita.sangha37,WS-10645,,manager761,False,0
Zinal Palla,Manager,EMP11870,People,Branch Office,Active,2025-11-12 00:00:00,,zinal.palla99,LPT-11870,DEV54839,manager590,False,1
Orinder Buch,Consultant,EMP10003,Legal,,On Leave,2022-11-11 18:18:00,,orinder.buch21,LPT-10003,DEV38221,manager489,False,1
Urvi Sastry,Trainee,EMP10074,Finance,Branch Office,Active,2025-01-26 04:32:20,,urvi.sastry42,WS-10074,DEV43862,manager382,False,1
Daksh Zachariah,Administrator,EMP11755,IT,Warehouse,Active,2023-11-04 11:07:37,,daksh.zachariah69,LPT-11755,DEV77729,manager266,False,1
Maanas Rama,Manager,EMP10467,Operations,,Inactive,2025-09-19 06:31:00,2026-07-16 03:26:00,maanas_rama25,WS-10467,DEV16094,,False,1
Adweta Seth,Administrator,EMP10005,Customer Support,Work From Home,Inactive,2023-01-28 13:27:43,2026-01-27 01:48:14,adweta.seth11,VDR-10005,DEV91070,manager777,False,1
Logan Guha,Consultant,EMP11246,IT,,Active,2023-07-13 14:31:25,,logan.guha68,LPT-11246,,manager381,False,0
Udyati Dugar,Officer,EMP10919,Sales,Warehouse,Active,2022-12-08 15:45:05,,udyati_dugar83,VDR-10919,,,False,0
Patrick Bajaj,Trainee,EMP10228,Finance,Warehouse,Active,2026-07-26 11:43:49,,patrick.bajaj41,WS-10228,DEV81601,unknown,False,1
Osha Warrior,Analyst,EMP11063,Human Resources,Head Office,Active,,,osha.warrior98,WS-11063,DEV10947,manager634,False,1
Upma Wadhwa,Engineer,EMP10242,Operations,Head Office,Active,2026-05-30 20:10:10,,upma.wadhwa62,WS-10242,DEV60275,,False,1
Zansi Batta,Specialist,EMP12351,Human Resources,Work From Home,Active,2023-04-24 20:01:30,,zansi.batta30,LPT-12351,,manager128,False,0
Neel Dass,Administrator,EMP11160,Finance,,Active,,,neel.dass57,WS-11160,DEV30252,manager742,False,1
Gavin Golla,Engineer,EMP12591,Legal,,Active,2020-03-19 03:33:34,,gavin.golla57,VDR-12591,DEV49301,manager190,False,1
Devansh Nazareth,Director,EMP11526,Procurement,Head Office,Active,2022-05-07 15:29:00,,devansh.nazareth78,LPT-11526,,manager548,False,0
Chakrika Sharma,Officer,EMP11605,IT,Data Center,Active,2022-12-15 00:00:00,,chakrika.sharma22,VDR-11605,DEV95233,manager823,False,1
Anika Parsa,Specialist,EMP12869,R&D,Remote,Active,2025-10-08 07:31:58,,anika_parsa88,VDR-12869,DEV60701,manager103,False,1
Osha Aggarwal,Trainee,EMP12399,Finance,Regional Office,Active,2020-07-18 02:49:23,,osha.aggarwal57,LPT-12399,DEV54496,manager424,False,1
Jalsa Krishna,Director,EMP12623,Procurement,Warehouse,Active,2025-09-01 09:01:41,,jalsa.krishna50,WS-12623,DEV69754,manager498,False,1
Jonathan Bail,Executive,EMP11989,Customer Support,Data Center,Active,2024-09-06 16:45:06,,jonathan.bail46,VDR-11989,DEV44870,manager487,False,1
Hamsini Chaudhry,Administrator,EMP12424,Marketing,,Active,2023-04-21 07:17:44,,hamsini.chaudhry50,LPT-12424,DEV98305,manager614,False,1
Turvi Munshi,Administrator,EMP11975,Operations,Branch Office,Inactive,2026-04-07 17:12:36,,turvi.munshi25,WS-11975,DEV97439,manager147,False,1
Onveer Kohli,Administrator,EMP11761,Human Resources,Regional Office,Active,2022-01-25 00:00:00,,onveer.kohli9,WS-11761,,unknown,False,0
Aahana Shanker,Analyst,EMP11305,People,,Active,2025-08-28 21:27:12,,aahana.shanker52,VDR-11305,DEV30863,manager795,False,1
Anamika Nanda,Engineer,EMP11541,Sales,Remote,Inactive,2021-12-24 20:09:00,,,LPT-11541,DEV65611,,False,1
Yashoda Sur,Analyst,EMP10622,Brand,,Active,2024-01-03 22:29:45,,yashoda.sur19,,DEV24585,manager314,False,1
Avi Babu,Analyst,EMP12836,Customer Support,Remote,Active,,,avi.babu51,VDR-12836,,,False,0
Amrita Shanker,Trainee,EMP11493,IT,Data Center,Active,,,amrita.shanker92,VDR-11493,DEV17836,,False,1
Chaitanya Atwal,Director,EMP10110,Human Resources,Head Office,Active,2025-11-26 04:28:38,,chaitanya.atwal30,VDR-10110,DEV23173,manager129,False,1
Aryan Korpal,Director,EMP12977,Legal,Regional Office,Active,2021-10-09 09:48:51,,aryan.korpal35,WS-12977,DEV97414,manager815,False,1
Jackson Chaudhary,Executive,EMP11169,Operations,,Active,,,,VDR-11169,DEV42231,manager646,False,1
Girik Thaman,Analyst,EMP12535,Finance,Remote,Active,2026-01-06 00:00:00,,,WS-12535,DEV18688,manager806,False,1
Reva Bansal,Administrator,EMP10232,Finance,Head Office,Active,2023-10-06 09:57:12,,reva.bansal99,WS-10232,DEV20358,manager865,False,1
Zinal Venkataraman,Manager,EMP10066,R&D,Warehouse,Active,2026-07-10 16:04:01,,zinal.venkataraman17,LPT-10066,,manager720,False,0
Harsh Sood,Consultant,EMP12942,People,Branch Office,Active,2023-06-07 00:00:00,,harsh.sood79,VDR-12942,DEV49902,manager400,False,1
Vrinda Sankar,Engineer,EMP12072,Innovation,,Active,2020-03-01 18:31:21,,vrinda_sankar60,WS-12072,DEV47990,manager367,False,1
Raksha Narain,Officer,EMP12192,Marketing,Regional Office,Active,2023-08-15 05:54:50,,raksha.narain66,WS-12192,DEV91539,,False,1
Leela Ganesh,Director,EMP10536,IT,Data Center,Active,2026-01-19 00:00:00,,leela.ganesh78,VDR-10536,DEV96006,,False,1
Bishakha Varkey,Manager,EMP10125,Legal,Branch Office,Active,2024-03-10 12:45:14,,bishakha.varkey39,LPT-10125,DEV14877,manager340,False,1
Kashvi Badal,Officer,EMP12133,Customer Support,Regional Office,On Leave,2024-04-23 17:19:31,,kashvi_badal46,LPT-12133,DEV84853,manager111,False,1
Siddharth Chadha,Consultant,EMP11254,Human Resources,Warehouse,Active,2021-10-01 16:21:00,,siddharth.chadha92,LPT-11254,DEV96439,manager176,False,1
Pooja Jani,Administrator,EMP12560,R&D,,Active,2025-08-04 07:30:30,,pooja.jani40,VDR-12560,DEV40241,manager190,False,1
Jacob Viswanathan,Consultant,EMP11976,Sales,Warehouse,Active,2025-09-03 09:02:40,,jacob.viswanathan28,VDR-11976,DEV26270,manager807,False,1
Ojasvi Varkey,Manager,EMP12536,Brand,,Active,,,ojasvi.varkey76,LPT-12536,DEV30913,unknown,False,1
Advay Kari,Analyst,EMP12398,Marketing,Data Center,Active,2024-07-25 20:25:09,,advay.kari24,WS-12398,DEV93862,unknown,False,1
Balendra Sathe,Trainee,EMP12075,Procurement,Work From Home,Active,2021-10-27 00:00:00,,balendra.sathe86,VDR-12075,DEV75234,manager937,False,1
Amol Natt,Administrator,EMP10484,Supply Chain,Data Center,Active,2026-01-07 16:33:42,,amol.natt81,VDR-10484,DEV82110,manager325,False,1
Rachita Nagi,Officer,EMP11654,Human Resources,,Inactive,2025-04-21 10:41:40,2025-09-23 07:57:41,rachita.nagi61,WS-11654,,manager664,False,0
Chasmum Vig,Administrator,EMP12758,Finance,,Active,2025-01-27 18:59:47,,chasmum.vig85,VDR-12758,DEV59012,manager192,False,1
Yashica Kata,Executive,EMP12337,Finance,Regional Office,Active,2021-07-22 00:00:00,,yashica.kata81,WS-12337,DEV63087,,False,1
Oliver Gokhale,Trainee,EMP11774,Customer Support,,Active,,,oliver.gokhale61,VDR-11774,,manager776,False,0
Isha Vyas,Consultant,EMP10918,Operations,Head Office,Active,2021-04-01 00:00:00,,,WS-10918,DEV79178,manager556,False,1
Fariq Bajwa,Manager,EMP11646,Procurement,Work From Home,Active,2024-08-22 00:00:00,,fariq.bajwa50,LPT-11646,DEV92350,manager764,False,1
Daksha Narasimhan,Officer,EMP11026,IT,Branch Office,Disabled,2024-06-12 12:20:00,2024-11-19 04:45:26,daksha.narasimhan92,WS-11026,DEV16259,manager415,False,1
Saanvi Srinivasan,Engineer,EMP11030,Customer Support,Warehouse,Active,2023-08-22 09:04:03,,saanvi.srinivasan42,,DEV81002,manager318,False,1
Mason Varghese,Manager,EMP10882,Finance,Remote,Active,2022-08-21 10:49:45,,mason.varghese84,WS-10882,DEV66670,,False,1
Warda Ghose,Engineer,EMP11335,Procurement,Work From Home,Active,2025-04-15 00:40:00,,warda.ghose34,LPT-11335,DEV54688,manager537,False,1
Qadim Bedi,Manager,EMP12290,Legal,,Inactive,2020-05-06 00:00:00,,qadim.bedi12,WS-12290,DEV59560,manager867,False,1
Brijesh Golla,Specialist,EMP10364,Human Resources,Warehouse,Active,2021-02-10 02:18:00,,brijesh.golla51,LPT-10364,,manager367,False,0
Hemal Deo,Executive,EMP12125,Sales,,Active,,,hemal.deo32,WS-12125,DEV67264,manager627,True,2
Yahvi Tank,Director,EMP10027,Finance,Head Office,Inactive,2023-11-14 00:00:00,,yahvi.tank8,WS-10027,DEV44760,manager598,False,1
Zarna Lalla,Executive,EMP10473,Operations,Regional Office,Active,2025-11-27 03:39:11,,zarna.lalla38,VDR-10473,DEV33306,,False,1
Sachi Sinha,Officer,EMP10525,IT,,Active,2021-02-08 00:00:00,,sachi.sinha77,LPT-10525,DEV22214,,True,2
Tanveer Bhavsar,Analyst,EMP10725,IT,Regional Office,Active,2022-10-21 17:58:18,,tanveer.bhavsar20,WS-10725,,,False,0
Joshua Gera,Manager,EMP10055,Sales,Data Center,Active,2024-10-02 00:00:00,,joshua_gera72,LPT-10055,DEV70901,manager873,False,1
Onkar Vohra,Officer,EMP10638,Finance,,Active,2023-03-07 00:00:00,,onkar.vohra62,VDR-10638,DEV71441,manager496,False,1
Harrison Ramakrishnan,Director,EMP10302,Customer Support,Warehouse,Active,2024-07-26 02:36:43,,harrison_ramakrishnan69,LPT-10302,DEV57124,manager187,False,1
Jackson Parmer,Administrator,EMP12688,Finance,Data Center,Active,2026-04-21 23:31:52,,jackson.parmer60,,DEV26626,manager234,False,1
Tripti Cherian,Trainee,EMP11276,Customer Support,Warehouse,Inactive,,,tripti.cherian81,LPT-11276,DEV44774,manager527,True,2
Amara Ratti,Consultant,EMP12717,Finance,Work From Home,Active,,,amara.ratti2,WS-12717,DEV80263,manager879,False,1
Sachi Pradhan,Director,EMP10624,IT,Warehouse,Active,2021-06-13 00:00:00,,sachi.pradhan19,VDR-10624,DEV79048,manager305,False,1
Ikbal Lanka,Consultant,EMP12055,Operations,,Active,2024-02-01 00:00:00,,ikbal.lanka15,LPT-12055,,manager308,False,0
Forum Saran,Trainee,EMP11280,IT,Head Office,Disabled,2021-01-18 00:00:00,2023-08-26 15:44:30,forum.saran38,LPT-11280,,manager460,False,0
Qushi Acharya,Director,EMP11049,Operations,,On Leave,2020-08-09 07:37:06,,qushi.acharya51,WS-11049,DEV94023,manager139,False,1
Umang Radhakrishnan,Analyst,EMP10336,Human Resources,Branch Office,Active,2021-12-03 18:00:00,,umang.radhakrishnan12,WS-10336,,manager555,False,0
Neel Acharya,Consultant,EMP10047,Sales,Data Center,Inactive,2025-04-20 01:50:06,2025-07-25 00:00:00,neel.acharya69,LPT-10047,DEV97062,manager407,False,1
Charles Sharaf,Trainee,EMP10106,Finance,Head Office,Inactive,2022-10-28 11:19:09,,charles.sharaf84,LPT-10106,DEV75836,,False,1
Teerth Andra,Officer,EMP11079,IT,Work From Home,Active,2022-07-11 04:46:04,,teerth.andra51,WS-11079,DEV51409,,False,1
Nachiket Tripathi,Engineer,EMP12286,Human Resources,Remote,Active,2026-06-17 00:00:00,,nachiket.tripathi90,VDR-12286,DEV35423,manager195,False,1
Bhavya Borah,Engineer,EMP12261,Sales,Warehouse,Active,2023-03-10 00:00:00,,bhavya.borah17,WS-12261,DEV50207,unknown,False,1
Lohit Sandhu,Analyst,EMP11144,Customer Support,Branch Office,Active,2021-02-04 14:02:01,,lohit.sandhu68,VDR-11144,DEV45933,manager679,False,1
Pavani Kara,Director,EMP12458,Legal,Remote,Inactive,,2021-09-04 00:00:00,pavani.kara6,VDR-12458,DEV88882,manager953,False,1
Eesha Nayak,Administrator,EMP12296,Marketing,Regional Office,On Leave,2023-05-01 09:34:01,,,,,unknown,False,0
Siya Om,Engineer,EMP11836,Marketing,Data Center,Active,,,siya.om16,WS-11836,DEV61949,manager340,False,1
Anay Sen,Specialist,EMP11753,Sales,Data Center,Active,2025-01-17 17:16:41,,anay_sen58,LPT-11753,DEV11349,,False,1
Harsh Dass,Analyst,EMP11101,Sales,Branch Office,Disabled,,,harsh_dass6,LPT-11101,DEV49283,manager321,False,1
Ojasvi Keer,Analyst,EMP11968,Legal,Work From Home,Active,2022-11-14 13:12:48,,ojasvi.keer69,WS-11968,DEV92638,manager504,False,1
Naveen Bakshi,Trainee,EMP10523,Operations,Warehouse,Active,,,naveen.bakshi88,VDR-10523,DEV19023,,False,1
Viraj Tripathi,Officer,EMP12280,Human Resources,Branch Office,Active,2020-06-16 16:37:07,,viraj.tripathi85,LPT-12280,,manager318,False,0
Vidhi Gulati,Analyst,EMP11428,Compliance,Head Office,Active,2022-04-08 09:48:57,,vidhi.gulati52,LPT-11428,DEV75735,manager554,False,1
Garima Narasimhan,Manager,EMP12687,Supply Chain,Remote,Disabled,2024-05-26 13:59:00,,garima.narasimhan13,LPT-12687,,,False,0
Jatin Baral,Officer,EMP10603,Legal,,Active,2025-02-06 20:57:00,,jatin.baral71,VDR-10603,,manager460,False,0
Anya Gandhi,Administrator,EMP11489,Finance,Head Office,Active,,,anya.gandhi42,LPT-11489,DEV37132,manager717,False,1
Prisha Mahal,Manager,EMP12423,IT,Work From Home,Active,2022-03-25 10:51:51,,prisha.mahal39,VDR-12423,DEV24383,manager159,False,1
Aarna Gera,Analyst,EMP10060,Procurement,Work From Home,Active,2022-12-28 21:02:15,,aarna.gera50,VDR-10060,DEV59857,manager499,False,1
Mason Raman,Administrator,EMP12832,Legal,Regional Office,Active,2025-10-13 17:10:35,,mason.raman91,,DEV57889,unknown,False,1
Harinakshi Mukhopadhyay,Consultant,EMP10671,Human Resources,Work From Home,Inactive,2023-10-10 00:00:00,2025-10-29 13:10:57,,LPT-10671,DEV36489,,False,1
Dakshesh Ramakrishnan,Specialist,EMP10092,Operations,Remote,Active,,,dakshesh.ramakrishnan56,LPT-10092,DEV21970,unknown,False,1
Vinaya Mutti,Trainee,EMP10666,Finance,,Inactive,,,vinaya.mutti83,VDR-10666,DEV70374,manager933,False,1
Chavvi Bakshi,Analyst,EMP11887,People,Data Center,Active,2025-10-21 07:01:12,,chavvi.bakshi90,LPT-11887,DEV26601,manager517,False,1
Naksh Wali,Manager,EMP10280,IT,Data Center,Active,2020-06-23 08:13:58,,naksh.wali11,WS-10280,DEV59436,manager819,True,2
Jack Solanki,Specialist,EMP11719,Sales,Remote,Active,2022-03-19 20:29:00,,jack_solanki21,WS-11719,DEV35660,manager766,False,1
Vidhi Saini,Engineer,EMP10359,Procurement,,Inactive,2026-07-28 10:13:13,,vidhi.saini39,WS-10359,DEV87554,,False,1
Raagini Anne,Specialist,EMP10899,Procurement,Regional Office,Active,2023-05-26 18:19:43,,raagini.anne95,VDR-10899,DEV48112,manager705,False,1
Pooja Sinha,Specialist,EMP11935,Finance,,Active,2024-03-05 21:59:29,,pooja.sinha70,VDR-11935,DEV80780,manager886,False,1
Gavin Bakshi,Specialist,EMP11994,Legal,,Inactive,2020-12-28 20:02:31,,gavin_bakshi66,WS-11994,,unknown,False,0
Pushti Choudhary,Administrator,EMP12384,Procurement,Data Center,Active,2025-07-24 08:14:53,,pushti_choudhary19,VDR-12384,DEV16569,manager778,False,1
Yahvi Chhabra,Specialist,EMP10760,Procurement,Head Office,Active,,,yahvi.chhabra59,WS-10760,DEV70786,manager908,False,1
Timothy Sahni,Analyst,EMP12158,Operations,Head Office,Active,2025-02-04 08:44:25,,timothy.sahni34,LPT-12158,DEV90438,manager159,False,1
Viraj Handa,Specialist,EMP12703,Sales,Head Office,Active,2022-02-02 02:01:58,,viraj.handa92,LPT-12703,DEV21062,manager305,False,1
Mahika Pillay,Administrator,EMP10042,Sales,,Active,2020-04-30 00:00:00,,mahika.pillay53,VDR-10042,DEV24168,,False,1
Yashica Seth,Trainee,EMP12173,People,Warehouse,Active,2024-03-16 11:08:37,,yashica.seth2,VDR-12173,DEV61915,,False,1
Zaitra Cherian,Analyst,EMP10204,Customer Support,,Active,2021-05-26 00:00:00,,zaitra_cherian56,LPT-10204,DEV77908,manager826,False,1
Qushi Peri,Trainee,EMP11473,Procurement,,Active,2024-08-09 06:01:44,,qushi.peri94,WS-11473,DEV93200,manager671,False,1
Abdul Narain,Administrator,EMP12100,R&D,Head Office,Active,,,abdul.narain72,LPT-12100,DEV88520,manager187,False,1
Bahadurjit Ganesan,Manager,EMP10068,Sales,Warehouse,Active,2025-12-06 02:28:41,,bahadurjit.ganesan51,VDR-10068,DEV92213,,False,1
Chakrika Chacko,Director,EMP11875,Operations,Regional Office,Inactive,2020-09-21 00:00:00,,chakrika.chacko84,LPT-11875,DEV51309,manager674,False,1
Prisha Chhabra,Director,EMP12451,Procurement,Data Center,Active,2023-09-22 00:00:00,,prisha.chhabra98,VDR-12451,,manager505,False,0
Bhavika Kala,Specialist,EMP12231,IT,Branch Office,Active,2020-08-08 05:12:00,,bhavika.kala57,LPT-12231,,unknown,False,0
Varsha Prabhakar,Officer,EMP10137,Procurement,Regional Office,Inactive,2024-07-06 00:00:00,,varsha.prabhakar82,WS-10137,DEV59925,manager617,False,1
Veer Singh,Consultant,EMP10796,Operations,Work From Home,Active,2025-12-08 12:13:00,,veer.singh70,VDR-10796,,manager198,False,0
Anika Gill,Trainee,EMP12180,Marketing,Remote,Inactive,,2022-04-19 15:30:00,anika.gill48,VDR-12180,,manager830,False,0
Anthony Cheema,Manager,EMP12128,Finance,Head Office,Disabled,2025-08-14 21:32:04,2025-08-25 13:11:42,anthony.cheema70,WS-12128,,manager776,False,0
Vedika Sagar,Engineer,EMP10758,R&D,Head Office,Active,2023-06-17 07:38:29,,vedika.sagar58,VDR-10758,,,False,0
Bhanumati Walla,Director,EMP10541,R&D,Warehouse,Active,2024-04-21 19:50:55,,bhanumati.walla25,LPT-10541,DEV44223,manager174,False,1
Rudra Sood,Manager,EMP11019,Marketing,Regional Office,Inactive,2023-07-01 00:00:00,,rudra.sood69,VDR-11019,DEV38476,manager477,False,1
Warinder Kunda,Director,EMP12360,IT,Branch Office,Active,,,warinder.kunda5,,DEV51252,manager702,False,1
Leela Sankaran,Analyst,EMP10165,Procurement,Work From Home,Active,2022-10-21 07:31:29,,leela.sankaran44,VDR-10165,DEV94843,manager794,False,1
Yachana Sharaf,Engineer,EMP10248,Customer Support,,Active,2024-06-04 15:28:38,,yachana.sharaf71,VDR-10248,DEV29641,manager796,False,1
Harshil Seshadri,Engineer,EMP11331,IT,Regional Office,Active,2020-12-20 22:15:00,,harshil_seshadri19,WS-11331,DEV95184,manager956,False,1
Abdul Anne,Consultant,EMP12017,Sales,Remote,Active,2023-05-07 02:48:22,,abdul.anne24,VDR-12017,DEV30868,,False,1
Arunima Ramaswamy,Officer,EMP10446,IT,Data Center,Active,2020-01-09 12:09:36,,arunima.ramaswamy21,LPT-10446,,manager191,False,0
Lavanya Pillai,Executive,EMP11358,IT,,Active,,,lavanya.pillai59,WS-11358,DEV44521,,False,1
Ekanta Ganguly,Officer,EMP12145,Brand,Data Center,Active,,,ekanta.ganguly29,VDR-12145,DEV75773,,False,1
Udarsh Bali,Analyst,EMP11329,Human Resources,Remote,Active,2020-08-31 17:21:49,,udarsh.bali65,WS-11329,DEV91509,manager240,False,1
Pushti Pillay,Director,EMP12996,Innovation,Work From Home,Disabled,,2025-12-09 05:33:54,pushti.pillay28,WS-12996,DEV96086,manager945,False,1
Ekta Pall,Consultant,EMP12150,Legal,Work From Home,Inactive,2023-01-24 11:07:19,,ekta.pall13,VDR-12150,DEV12874,manager409,False,1
Wyatt Narang,Engineer,EMP10434,Marketing,Work From Home,Active,,,wyatt.narang58,LPT-10434,DEV85534,,True,2
Barkha Saini,Director,EMP12122,R&D,Work From Home,On Leave,2025-06-07 22:27:00,,barkha.saini77,VDR-12122,,,False,0
Divya Lalla,Administrator,EMP10577,Marketing,Regional Office,Disabled,2023-07-06 20:20:41,2023-10-21 00:00:00,divya.lalla88,VDR-10577,,manager396,False,0
Daksha Dube,Specialist,EMP12463,Human Resources,Work From Home,Active,2020-02-23 17:02:29,,daksha_dube52,VDR-12463,DEV56647,,False,1
Dev Nath,Specialist,EMP11848,Customer Support,,Inactive,2025-07-31 16:27:05,2025-11-30 00:00:00,dev.nath83,VDR-11848,DEV37495,manager453,False,1
Quincy Choudhary,Administrator,EMP10762,Legal,Regional Office,Active,2021-10-05 13:57:25,,quincy.choudhary38,VDR-10762,DEV81098,,False,1
Kamala Kar,Specialist,EMP10388,IT,Data Center,Active,,,kamala.kar94,VDR-10388,DEV14244,unknown,False,1
Zayan Sarin,Manager,EMP10235,Innovation,Regional Office,On Leave,2021-05-05 16:56:00,,zayan.sarin92,LPT-10235,DEV10679,manager999,False,1
Eshana Pant,Executive,EMP12685,Operations,,Active,2020-11-25 00:04:58,,eshana.pant35,LPT-12685,DEV35041,manager807,False,1
Imaran Sankar,Specialist,EMP11984,Legal,Regional Office,Active,2023-05-21 12:34:03,,imaran.sankar8,LPT-11984,DEV83126,manager568,False,1
Rohan Swaminathan,Trainee,EMP10267,People,Branch Office,Active,2023-05-17 07:01:46,,rohan.swaminathan95,VDR-10267,,,False,0
Ryan Goel,Analyst,EMP10770,Customer Support,Remote,Active,2021-02-14 04:40:26,,ryan.goel27,WS-10770,DEV99443,manager530,False,1
Samesh Gopal,Analyst,EMP12165,Finance,Work From Home,Active,2023-02-05 11:47:22,,samesh.gopal34,WS-12165,DEV51254,manager553,False,1
Wazir Parikh,Consultant,EMP10437,Sales,Remote,Active,2025-01-02 22:28:04,,wazir.parikh32,LPT-10437,DEV23462,manager166,False,1
Robert Bandi,Executive,EMP10673,Customer Support,Branch Office,Active,2026-01-26 07:38:35,,robert.bandi13,VDR-10673,DEV14791,,False,1
Vasatika Loke,Trainee,EMP10249,Procurement,,Disabled,,2025-08-16 02:30:49,vasatika.loke27,VDR-10249,DEV68390,manager159,False,1
Jai Chander,Director,EMP12201,Innovation,Head Office,Active,2022-07-06 23:58:02,,,LPT-12201,DEV81793,manager492,False,1
Rajata Comar,Engineer,EMP11574,Human Resources,Remote,Active,2026-04-17 00:40:22,,rajata.comar45,LPT-11574,DEV62617,manager788,False,1
Onveer Bumb,Administrator,EMP12142,IT,,Active,2023-10-11 07:02:42,,onveer.bumb55,,,manager674,False,0
Jeevika Bajwa,Engineer,EMP12081,IT,,Active,2023-04-20 00:16:30,,jeevika.bajwa97,WS-12081,DEV49597,manager934,False,1
Amol Gole,Executive,EMP12698,Legal,Work From Home,Active,2023-07-01 12:29:09,,amol.gole85,WS-12698,DEV68618,manager878,False,1
Ayush Tiwari,Executive,EMP12647,Sales,Head Office,Disabled,2022-01-01 00:00:00,2024-12-13 00:00:00,ayush.tiwari76,VDR-12647,DEV53857,,True,2
Neelima Verma,Analyst,EMP12822,Finance,Remote,Inactive,2022-05-24 00:00:00,,neelima.verma76,WS-12822,,manager437,False,0
Nikita Gala,Trainee,EMP10448,Sales,Remote,Active,2021-06-26 18:42:00,,nikita.gala83,WS-10448,,,False,0
Janya Ganesh,Consultant,EMP11469,IT,Warehouse,Active,2023-09-19 13:01:41,,janya.ganesh32,WS-11469,DEV38207,manager805,False,1
Orinder Pal,Executive,EMP10716,Operations,Remote,Active,2020-07-30 02:51:00,,orinder.pal67,VDR-10716,DEV11386,manager200,False,1
Saanvi Manda,Consultant,EMP12470,Finance,Data Center,Inactive,2021-07-15 17:25:41,2021-08-09 07:34:06,saanvi.manda62,LPT-12470,DEV34148,manager320,False,1
Champak Batra,Trainee,EMP12985,IT,Work From Home,Active,2020-07-02 02:11:36,,,LPT-12985,DEV72126,manager270,False,1
Lopa Dewan,Analyst,EMP12048,R&D,Remote,Active,2024-05-16 17:41:23,,lopa.dewan97,WS-12048,DEV27009,manager977,False,1
Radha Acharya,Director,EMP11901,R&D,,Active,2021-03-25 13:01:00,,radha.acharya83,VDR-11901,DEV76807,manager838,False,1
Daksh Maharaj,Director,EMP11168,Finance,,Active,2025-11-24 09:12:17,,daksh.maharaj17,WS-11168,,,False,0
Gabriel Tailor,Analyst,EMP10082,Human Resources,Warehouse,Active,2022-11-24 12:52:33,,gabriel.tailor63,WS-10082,DEV71524,manager152,False,1
Ethan Dave,Specialist,EMP12497,Operations,Remote,Inactive,2026-04-23 00:00:00,,ethan.dave63,VDR-12497,DEV26569,manager246,False,1
Meera Ranganathan,Director,EMP11460,Innovation,Head Office,Active,2024-03-01 04:49:06,,meera.ranganathan94,WS-11460,DEV46924,manager151,False,1
Damyanti Sha,Executive,EMP11893,Legal,Branch Office,Active,2025-07-18 00:00:00,,damyanti.sha10,WS-11893,,manager213,False,0
Jeremiah Salvi,Consultant,EMP11668,R&D,,Active,2022-08-10 16:26:00,,jeremiah.salvi4,LPT-11668,DEV95118,manager543,False,1
Indali Korpal,Director,EMP12000,Legal,Regional Office,Active,2020-03-01 00:00:00,,indali.korpal18,,DEV88159,manager194,False,1
Nachiket Bhatia,Officer,EMP10475,IT,Head Office,Active,2025-09-13 09:46:26,,nachiket.bhatia55,LPT-10475,,manager373,False,0
Rishi Tiwari,Executive,EMP10517,Finance,Branch Office,Active,,,rishi.tiwari28,WS-10517,,manager524,False,0
Yochana Kannan,Officer,EMP10404,IT,Warehouse,Active,2025-04-11 02:54:57,,yochana.kannan92,VDR-10404,,manager875,False,0
Aradhana Shankar,Consultant,EMP10384,Finance,Regional Office,Active,,,,LPT-10384,DEV52413,manager245,False,1
Anusha Doshi,Trainee,EMP12507,IT,Regional Office,Active,2021-01-28 03:14:50,,anusha.doshi69,LPT-12507,DEV97678,manager120,False,1
Suhani Sinha,Administrator,EMP12152,Brand,Head Office,Active,2020-07-15 07:00:00,,suhani.sinha90,VDR-12152,DEV64577,manager858,False,1
Nakul Sodhi,Director,EMP11633,IT,Work From Home,Active,2021-08-11 00:00:00,,nakul.sodhi53,WS-11633,DEV59431,unknown,False,1
Sai Barad,Administrator,EMP12944,Legal,Branch Office,Active,2023-04-07 04:59:25,,sai.barad47,WS-12944,DEV16887,manager869,False,1
Keya Solanki,Trainee,EMP10688,Procurement,,Active,2024-09-20 14:20:21,,keya.solanki95,VDR-10688,DEV88128,manager555,False,1
Mekhala Shenoy,Manager,EMP11240,Sales,Branch Office,Active,2022-09-03 23:18:27,,mekhala.shenoy46,VDR-11240,DEV58714,manager426,False,1
Samesh Mitra,Director,EMP10062,Operations,,Inactive,2025-04-17 06:50:31,2026-02-17 07:54:42,,LPT-10062,DEV71261,manager778,False,1
Janani Sen,Director,EMP10852,Operations,,Inactive,2024-03-07 00:00:00,2025-12-09 03:30:00,janani_sen81,LPT-10852,DEV45918,,False,1
Falan Suri,Officer,EMP12834,Procurement,Data Center,Disabled,2023-06-11 02:20:08,2025-04-08 00:00:00,falan.suri68,WS-12834,DEV49366,manager226,True,2
Pooja Suresh,Executive,EMP12552,Operations,Branch Office,Active,2021-03-16 00:00:00,,pooja.suresh19,VDR-12552,DEV45373,,False,1
Devansh Ganguly,Administrator,EMP11262,Sales,Branch Office,Active,,,devansh.ganguly55,WS-11262,,manager631,False,0
Zinal Hari,Consultant,EMP10223,Operations,Regional Office,Active,2026-03-03 12:05:34,,,LPT-10223,DEV64596,unknown,False,1
Raagini Palla,Executive,EMP12193,Customer Support,Work From Home,Active,2022-09-04 02:58:29,,raagini.palla68,VDR-12193,DEV88492,manager819,False,1
Teerth Sandal,Analyst,EMP10373,People,Data Center,Inactive,2023-09-07 18:28:00,2025-05-13 09:05:54,teerth.sandal43,LPT-10373,,manager491,False,0
Pranav Kunda,Officer,EMP11824,Procurement,Head Office,Active,2026-01-28 03:55:07,,pranav.kunda94,LPT-11824,,manager839,False,0
Anusha Bhargava,Consultant,EMP12614,Customer Support,Work From Home,Active,2020-08-27 08:37:00,,anusha.bhargava60,,DEV11235,manager548,False,1
Eiravati Mammen,Engineer,EMP12955,Marketing,Warehouse,Active,2020-07-20 17:00:12,,eiravati.mammen11,LPT-12955,DEV52542,manager543,False,1
Urvashi Suri,Executive,EMP12676,Compliance,,Active,2026-05-08 16:06:07,,urvashi.suri76,VDR-12676,,manager760,False,0
Aayush Sharaf,Specialist,EMP12766,Brand,Head Office,Active,2024-10-27 10:40:41,,aayush.sharaf53,LPT-12766,DEV58867,,False,1
Waida Tandon,Engineer,EMP10009,Customer Support,Regional Office,Active,2020-04-09 17:34:02,,waida.tandon82,WS-10009,,,False,0
Logan Shroff,Officer,EMP11944,Finance,Data Center,Active,2023-03-20 16:16:42,,logan.shroff83,WS-11944,DEV42638,manager292,False,1
Yamini Ghose,Manager,EMP11838,Human Resources,Head Office,Active,2023-08-24 10:27:13,,yamini.ghose11,VDR-11838,DEV11112,manager194,False,1
Krisha Dugar,Trainee,EMP10708,Finance,Remote,Disabled,2022-01-03 20:02:29,2026-06-30 09:00:15,krisha.dugar95,LPT-10708,DEV44242,,False,1
Jonathan Sem,Administrator,EMP10255,IT,Data Center,Active,2023-03-24 08:54:11,,jonathan.sem1,VDR-10255,DEV81361,unknown,False,1
Ryan Sarin,Specialist,EMP11617,Finance,Remote,Inactive,2026-01-03 14:34:59,2026-03-13 12:55:42,ryan.sarin13,VDR-11617,DEV33190,manager933,False,1
Manbir Toor,Specialist,EMP10389,Sales,Head Office,Active,2020-08-29 17:41:00,,manbir.toor79,WS-10389,DEV28434,manager427,False,1
Onkar Mital,Administrator,EMP11581,Marketing,Regional Office,Active,2022-02-19 00:00:00,,onkar.mital36,VDR-11581,DEV53100,unknown,False,1
Noah Ranganathan,Administrator,EMP10924,R&D,,Active,,,noah.ranganathan16,VDR-10924,DEV10683,,False,1
Inaya Arya,Director,EMP12036,Operations,,Active,2022-10-15 00:00:00,,inaya.arya14,WS-12036,DEV20434,,False,1
Kabir Joshi,Executive,EMP12475,Compliance,Regional Office,Inactive,2020-07-30 05:39:41,,kabir.joshi32,LPT-12475,DEV21980,,False,1
Chatresh Upadhyay,Executive,EMP11224,Supply Chain,,Inactive,2020-09-01 00:00:00,2020-11-19 07:27:00,chatresh.upadhyay99,VDR-11224,DEV81260,manager233,False,1
Laban Mani,Executive,EMP11946,Marketing,Warehouse,Active,2026-03-19 17:53:18,,laban.mani87,VDR-11946,DEV94565,manager404,False,1
Bhavna Bhalla,Executive,EMP10739,Legal,Regional Office,Active,2022-01-26 23:27:30,,bhavna_bhalla19,WS-10739,DEV82536,,False,1
Kevin Tara,Consultant,EMP10040,IT,Branch Office,Active,2023-01-03 00:00:00,,kevin.tara47,VDR-10040,DEV42706,,False,1
Raghav Kannan,Specialist,EMP10868,IT,Branch Office,Active,,,raghav.kannan72,WS-10868,DEV32264,,False,1
Varsha Gera,Director,EMP10539,Marketing,Remote,Active,2021-09-14 08:13:29,,varsha.gera12,VDR-10539,,manager854,False,0
Charvi Bhavsar,Engineer,EMP12587,Customer Support,Warehouse,Active,2020-10-05 18:50:01,,charvi.bhavsar17,LPT-12587,DEV70067,manager863,False,1
Chanakya Sharaf,Trainee,EMP11371,Legal,Warehouse,Active,2020-12-06 13:28:39,,chanakya.sharaf74,LPT-11371,DEV69486,manager965,False,1
Sathvik Krishnamurthy,Director,EMP11145,Sales,Data Center,Inactive,2020-08-20 23:19:34,2024-12-20 05:52:25,sathvik.krishnamurthy8,VDR-11145,,manager898,False,0
Samuel Hari,Consultant,EMP11031,Operations,Branch Office,Active,2020-02-07 05:23:46,,samuel.hari14,LPT-11031,DEV62709,manager569,False,1
Madhav Sood,Analyst,EMP10372,People,Head Office,Active,2021-02-04 03:23:38,,madhav.sood34,LPT-10372,DEV94670,manager967,False,1
Nathaniel Dhaliwal,Officer,EMP10667,IT,Remote,Active,,,nathaniel.dhaliwal53,VDR-10667,DEV98892,manager691,False,1
Bahadurjit Hegde,Executive,EMP10357,IT,Branch Office,Inactive,2020-08-02 03:31:00,,bahadurjit.hegde65,VDR-10357,DEV16019,unknown,False,1
Ikshita Luthra,Analyst,EMP10967,Sales,Remote,Active,2020-01-17 00:42:00,,ikshita.luthra93,WS-10967,DEV79784,manager442,False,1
Anamika Morar,Engineer,EMP11353,Marketing,,Active,2022-09-05 02:24:36,,anamika.morar74,LPT-11353,DEV57443,manager218,False,1
Umang Dugal,Manager,EMP11035,R&D,Remote,Inactive,2023-10-26 17:16:20,2026-07-17 00:00:00,umang.dugal86,LPT-11035,DEV89761,manager615,False,1
Noah Lad,Consultant,EMP10470,Supply Chain,,Inactive,2025-11-21 13:42:00,,noah.lad77,WS-10470,DEV64875,unknown,False,1
Victor Ratta,Consultant,EMP11396,Legal,,Active,2024-11-30 09:49:03,,victor.ratta94,VDR-11396,DEV24195,,False,1
Aarush Mani,Director,EMP12705,IT,Head Office,Active,2025-08-09 16:15:23,,aarush.mani1,VDR-12705,DEV28817,manager509,False,1
Nidhi Chada,Executive,EMP11549,Customer Support,Branch Office,Active,2020-07-09 02:01:00,,nidhi.chada17,VDR-11549,,manager314,False,0
Odika Ray,Specialist,EMP11256,Sales,Work From Home,Disabled,2026-06-20 18:05:30,,odika.ray44,VDR-11256,,manager771,False,0
Gautam Samra,Administrator,EMP12094,Procurement,Data Center,Disabled,2025-01-11 10:04:00,2025-10-23 06:21:39,gautam.samra20,LPT-12094,,unknown,False,0
Urmi Master,Executive,EMP11555,R&D,Work From Home,Active,2024-01-19 15:17:13,,urmi.master69,VDR-11555,DEV93473,manager363,False,1
Manya Chaudry,Consultant,EMP12668,Procurement,Head Office,Active,2024-08-23 18:31:18,,manya.chaudry96,WS-12668,DEV10074,manager935,True,2
Triya Venkataraman,Analyst,EMP11250,Customer Support,Regional Office,Inactive,2020-05-13 19:59:34,2022-12-15 05:30:24,triya.venkataraman48,,DEV44037,manager437,False,1
Vansha Mani,Manager,EMP11699,Operations,,Active,2026-03-11 06:42:00,,vansha.mani80,WS-11699,DEV70645,manager560,False,1
Zayan Bhalla,Director,EMP11252,Procurement,Regional Office,Active,,,zayan.bhalla97,WS-11252,DEV97586,manager589,False,1
Frederick Sama,Manager,EMP12865,Innovation,Work From Home,Active,2021-02-04 01:37:41,,frederick.sama65,VDR-12865,,manager638,False,0
Reyansh Chauhan,Engineer,EMP10079,Finance,Branch Office,Active,2025-01-05 18:47:09,,reyansh.chauhan69,VDR-10079,DEV73464,,False,1
Victor Khalsa,Analyst,EMP11172,Human Resources,Remote,Active,2021-03-23 19:52:31,,victor.khalsa18,WS-11172,,unknown,False,0
Jagdish Soman,Manager,EMP10814,Human Resources,Branch Office,Active,2020-11-12 00:00:00,,jagdish.soman87,WS-10814,DEV62510,manager272,False,1
Kevin Pillai,Specialist,EMP11852,Customer Support,Data Center,Active,2023-07-22 06:39:36,,kevin.pillai31,WS-11852,DEV36510,manager109,False,1
Adweta Rastogi,Specialist,EMP12220,Customer Support,Head Office,Disabled,2022-04-01 00:00:00,2025-05-13 18:00:16,adweta.rastogi43,WS-12220,DEV16998,manager235,False,1
Samar Modi,Engineer,EMP12710,Finance,Regional Office,Active,2022-06-12 20:52:18,,samar.modi39,LPT-12710,DEV60998,manager866,False,1
Jatin Khare,Administrator,EMP12105,Operations,,Active,2020-11-26 15:37:00,,,LPT-12105,DEV42256,manager929,False,1
Liam Kunda,Consultant,EMP10133,Procurement,Head Office,Active,2026-04-23 10:30:25,,liam.kunda31,LPT-10133,DEV44782,manager216,True,2
Anusha Roy,Director,EMP11140,Procurement,Head Office,Active,2025-02-12 20:04:47,,anusha.roy27,LPT-11140,DEV27102,manager700,False,1
Saksham Balay,Consultant,EMP10933,Human Resources,Remote,Active,2020-03-27 22:10:28,,saksham.balay20,WS-10933,DEV49748,,False,1
Baljiwan Das,Trainee,EMP10928,Sales,,Active,2025-01-01 14:18:46,,baljiwan_das61,WS-10928,,manager897,False,0
Kala Parikh,Director,EMP10823,R&D,Branch Office,Active,2020-12-05 20:06:45,,kala.parikh22,WS-10823,DEV60997,manager602,False,1
Lakshit Barad,Administrator,EMP11531,Sales,,Active,2025-06-18 00:00:00,,lakshit.barad43,VDR-11531,,manager505,False,0
Frado Toor,Manager,EMP11214,Human Resources,Head Office,Active,2023-07-01 00:00:00,,frado.toor13,VDR-11214,DEV12153,manager867,False,1
Harsh Kapadia,Executive,EMP10504,Procurement,Warehouse,Disabled,2023-08-23 16:54:50,2024-12-22 00:00:00,harsh.kapadia89,VDR-10504,DEV57774,manager326,False,1
Alexander Vohra,Manager,EMP12395,IT,,Inactive,2025-08-18 12:08:17,,alexander.vohra99,VDR-12395,DEV31370,,False,1
Harshil Chana,Manager,EMP11996,IT,Data Center,Active,2022-05-17 00:00:00,,harshil.chana4,,DEV17338,manager744,False,1
Radha Arya,Manager,EMP12434,Sales,,Active,2021-07-11 13:32:23,,radha.arya51,WS-12434,,manager642,False,0
Vanya Parekh,Manager,EMP11958,Human Resources,Work From Home,Active,2022-10-14 07:46:31,,,VDR-11958,DEV76176,,False,1
Daniel Bains,Administrator,EMP11384,Compliance,Head Office,Active,2022-11-21 20:25:23,,daniel_bains55,WS-11384,DEV73636,manager146,False,1
Balhaar Shukla,Administrator,EMP10894,Compliance,Head Office,Active,2020-12-13 16:48:03,,balhaar.shukla89,LPT-10894,DEV27709,,False,1
Vincent Anne,Manager,EMP10828,Human Resources,Work From Home,Active,,,vincent.anne76,WS-10828,DEV25003,manager138,False,1
Maanav Venkatesh,Administrator,EMP11683,Marketing,Work From Home,Active,2024-03-14 13:34:18,,maanav.venkatesh88,LPT-11683,,manager850,False,0
Andrew Sabharwal,Manager,EMP12653,R&D,Head Office,Disabled,2025-07-16 08:37:54,,andrew.sabharwal19,LPT-12653,DEV70920,manager223,False,1
Ijaya Naik,Administrator,EMP12637,Operations,Data Center,Active,2023-01-17 14:05:55,,ijaya.naik56,WS-12637,,manager204,False,0
Pratyush Pillay,Officer,EMP12589,Marketing,Regional Office,Active,2023-08-27 01:08:00,,pratyush.pillay84,WS-12589,DEV11511,manager432,False,1
Ayush Srinivasan,Analyst,EMP10652,Customer Support,Warehouse,Active,2025-08-10 21:41:00,,ayush.srinivasan64,WS-10652,DEV41179,manager519,False,1
Chakradhar Ravi,Analyst,EMP10172,R&D,Data Center,Active,2023-10-12 01:51:22,,chakradhar.ravi22,WS-10172,DEV98652,manager870,True,2
Girik Palla,Administrator,EMP10038,Finance,Branch Office,Active,2023-08-21 18:38:52,,girik.palla99,VDR-10038,DEV67912,manager214,False,1
Faris Khosla,Consultant,EMP12946,Operations,Warehouse,Active,2025-10-30 04:21:00,,faris.khosla82,LPT-12946,DEV93802,manager971,False,1
Azaan Luthra,Trainee,EMP10713,Marketing,Data Center,On Leave,2025-10-22 14:56:53,,azaan.luthra2,VDR-10713,DEV51377,unknown,False,1
Yashasvi Chacko,Analyst,EMP10090,Human Resources,Branch Office,Active,2024-11-03 00:00:00,,yashasvi.chacko19,WS-10090,,,False,0
Mitali Tandon,Trainee,EMP11205,R&D,Warehouse,On Leave,,,,VDR-11205,DEV31061,manager809,False,1
Neel Chad,Administrator,EMP12549,Operations,Regional Office,On Leave,2020-12-10 17:43:41,,neel.chad33,WS-12549,DEV24663,manager660,False,1
Chanchal Chandran,Trainee,EMP12664,Finance,,Active,2020-09-27 07:41:07,,chanchal.chandran29,LPT-12664,DEV74652,manager686,False,1
Aditya Krishnan,Officer,EMP11827,Legal,Warehouse,Active,2020-07-24 18:20:14,,aditya.krishnan20,WS-11827,DEV37605,manager138,True,2
Andrew Sura,Specialist,EMP11155,Sales,Data Center,Active,2020-03-06 09:24:03,,andrew.sura23,VDR-11155,DEV33646,manager281,False,1
Yash Rattan,Manager,EMP11324,Sales,Warehouse,Active,2026-05-27 03:36:59,,yash.rattan31,LPT-11324,DEV39769,,False,1
Nitesh Devi,Manager,EMP10216,IT,Data Center,Active,2026-07-01 05:17:18,,nitesh.devi69,LPT-10216,,manager146,False,0
Waida Naik,Director,EMP10510,Human Resources,Remote,Active,2025-03-22 17:50:26,,waida.naik66,VDR-10510,DEV11388,manager875,False,1
Widisha Parikh,Officer,EMP11680,Finance,Warehouse,Active,2020-08-23 00:00:00,,widisha.parikh34,LPT-11680,DEV26254,manager968,False,1
Umang Hans,Analyst,EMP10499,Human Resources,,Active,2024-08-28 02:27:23,,umang.hans19,VDR-10499,DEV88204,,False,1
Fitan Dada,Manager,EMP12555,Legal,Regional Office,Disabled,2026-02-15 14:00:40,2026-04-08 14:23:24,fitan.dada61,WS-12555,,manager453,False,0
Isha Nadkarni,Specialist,EMP11856,R&D,Warehouse,On Leave,2023-11-19 02:21:45,,isha.nadkarni6,WS-11856,DEV80620,manager440,False,1
Victor Dani,Officer,EMP11388,Finance,,Active,2021-05-16 11:10:02,,victor.dani26,VDR-11388,,unknown,False,0
Jagvi Kar,Specialist,EMP11519,Finance,Regional Office,On Leave,2024-01-11 23:14:21,,jagvi.kar22,,,manager907,False,0
Diya Vala,Executive,EMP12386,IT,Branch Office,Inactive,2021-05-22 13:42:53,2026-02-22 00:00:00,diya.vala41,VDR-12386,DEV58052,,False,1
Libni Guha,Specialist,EMP12804,Human Resources,Regional Office,Active,,,libni.guha87,VDR-12804,DEV22144,,False,1
Saumya Puri,Specialist,EMP12076,Finance,Warehouse,Active,2020-03-28 05:40:00,,saumya.puri42,VDR-12076,DEV41854,,False,1
Daksh Ravel,Executive,EMP11540,IT,Warehouse,Active,2022-09-06 00:00:00,,daksh.ravel78,WS-11540,DEV19078,,False,1
Harinakshi Bhatia,Trainee,EMP11217,Operations,Data Center,Active,2023-03-09 00:00:00,,harinakshi.bhatia16,VDR-11217,DEV61879,,True,2
Ria Khare,Trainee,EMP11416,Legal,Remote,Active,2022-01-18 00:00:00,,ria.khare57,WS-11416,DEV75585,manager486,False,1
Hiral Bobal,Trainee,EMP12217,R&D,,Active,2021-03-04 15:46:11,,hiral.bobal16,WS-12217,DEV21824,manager494,False,1
Hamsini Jayaraman,Specialist,EMP12596,Human Resources,Data Center,Active,2022-04-17 12:02:10,,hamsini.jayaraman36,WS-12596,DEV81536,,False,1
Balhaar Swaminathan,Manager,EMP11676,Procurement,Head Office,Active,2026-05-06 22:34:10,,balhaar.swaminathan14,VDR-11676,DEV28181,,False,1
Oliver Venkataraman,Officer,EMP11197,Sales,,Active,2021-05-06 12:40:47,,oliver.venkataraman8,LPT-11197,DEV23801,manager974,False,1
Warinder Thakur,Analyst,EMP11542,Operations,Branch Office,Disabled,2023-03-11 10:31:00,2026-05-10 02:42:00,warinder.thakur28,WS-11542,DEV26136,,False,1
Laban Sankar,Specialist,EMP10953,Customer Support,Head Office,Active,2021-01-17 00:00:00,,laban.sankar95,WS-10953,DEV21759,,False,1
Wazir Bobal,Consultant,EMP10750,People,Branch Office,Active,2021-09-13 05:47:15,,wazir.bobal30,LPT-10750,DEV41079,manager325,False,1
Kabir Dhawan,Analyst,EMP10234,Sales,Regional Office,Active,2020-06-12 02:01:14,,kabir.dhawan31,VDR-10234,,manager438,False,0
Peter Khatri,Administrator,EMP10732,Customer Support,Data Center,On Leave,2020-02-21 00:14:10,,peter.khatri9,VDR-10732,DEV68891,manager157,False,1
Ria Srivastava,Engineer,EMP11156,Procurement,Head Office,Active,2023-11-14 17:03:37,,ria.srivastava51,LPT-11156,DEV19443,,False,1
Oliver Seshadri,Trainee,EMP12652,Finance,Regional Office,Active,2021-07-01 00:15:00,,oliver.seshadri52,LPT-12652,DEV33627,manager758,False,1
Madhavi Pandya,Specialist,EMP12445,Human Resources,Branch Office,Active,2023-06-27 01:17:27,,madhavi.pandya32,WS-12445,DEV89521,manager615,False,1
Oscar Bumb,Engineer,EMP11209,IT,Regional Office,Active,2021-05-31 00:00:00,,oscar.bumb13,LPT-11209,DEV65073,manager321,False,1
Benjamin Toor,Consultant,EMP11065,Operations,Work From Home,Active,2023-03-21 18:12:00,,benjamin.toor48,LPT-11065,DEV57344,manager464,False,1
Oscar Tak,Specialist,EMP12156,Legal,,Disabled,2022-02-12 12:58:46,2025-06-26 08:01:18,oscar.tak70,VDR-12156,DEV90924,manager662,False,1
Vedant Halder,Manager,EMP11062,Legal,Remote,Active,2021-12-30 10:28:30,,vedant.halder11,LPT-11062,DEV54846,manager788,False,1
Yagnesh Goswami,Manager,EMP11167,R&D,Head Office,Inactive,2022-05-15 04:41:11,,yagnesh.goswami58,VDR-11167,DEV66027,manager430,False,1
Vasudha Sridhar,Director,EMP11492,R&D,Head Office,Inactive,2024-07-27 11:04:56,2026-03-22 15:53:26,vasudha.sridhar67,WS-11492,DEV44082,manager646,False,1
Charan Vora,Analyst,EMP12550,R&D,,Active,,,charan.vora9,WS-12550,DEV50159,unknown,False,1
Ayushman Ravi,Specialist,EMP10884,Marketing,Warehouse,Active,,,ayushman.ravi61,WS-10884,DEV21825,manager544,False,1
Rushil Chauhan,Engineer,EMP10143,Customer Support,Branch Office,Active,2020-12-02 00:00:00,,rushil.chauhan74,VDR-10143,,manager669,False,0
Faqid Char,Officer,EMP10850,People,,Active,2023-05-05 22:22:55,,faqid.char88,LPT-10850,,,False,0
Nisha Nagarajan,Trainee,EMP10717,People,Remote,Active,2020-04-15 18:20:17,,nisha.nagarajan68,LPT-10717,DEV47132,,False,1
Quincy Toor,Executive,EMP12927,Marketing,Work From Home,Active,2020-10-08 01:56:00,,quincy.toor85,LPT-12927,DEV39706,manager854,False,1
Bina Agate,Executive,EMP12502,Human Resources,Regional Office,Active,2024-06-28 22:41:47,,bina.agate14,LPT-12502,,manager870,False,0
Laban Mangat,Administrator,EMP10264,Sales,Branch Office,Active,2023-10-29 10:32:00,,laban.mangat50,WS-10264,DEV94765,,False,1
Maanas Chanda,Officer,EMP10075,IT,Branch Office,Active,2024-02-26 00:00:00,,maanas.chanda72,LPT-10075,DEV41635,manager346,False,1
Jonathan Krish,Administrator,EMP12492,Legal,Remote,Active,2024-12-25 03:11:00,,jonathan.krish81,LPT-12492,DEV89900,,False,1
Charles Saini,Specialist,EMP10395,Finance,Data Center,Active,2021-09-30 14:57:14,,charles.saini84,LPT-10395,DEV17019,unknown,False,1
Yahvi Oommen,Manager,EMP12624,Operations,Data Center,Active,2023-02-07 00:17:49,,yahvi.oommen57,VDR-12624,DEV25518,manager998,False,1
Qushi Shenoy,Administrator,EMP12224,Legal,Head Office,Active,2021-02-26 13:49:19,,qushi.shenoy44,WS-12224,DEV32502,manager985,False,1
Panini Gaba,Administrator,EMP12884,IT,Remote,Active,2026-05-30 01:51:00,,panini.gaba68,LPT-12884,DEV70822,unknown,False,1
Bhavini Bhakta,Officer,EMP10396,Customer Support,Remote,Active,2020-10-25 00:00:35,,bhavini.bhakta53,VDR-10396,,manager685,False,0
Osha Modi,Administrator,EMP11365,Sales,,Active,2024-06-19 17:16:35,,osha.modi13,WS-11365,DEV16329,manager964,False,1
Kala Rai,Consultant,EMP12577,R&D,Data Center,Active,2022-05-30 10:36:00,,kala.rai4,VDR-12577,DEV89588,manager820,False,1
Amruta Modi,Administrator,EMP11903,Sales,Remote,Inactive,2025-03-21 08:53:36,2026-05-06 00:00:00,amruta.modi14,LPT-11903,DEV97614,,False,1
Chaitanya Sodhi,Trainee,EMP10595,Customer Support,Work From Home,Active,2022-09-29 06:48:09,,chaitanya.sodhi25,VDR-10595,DEV30202,manager429,False,1
Nitesh Deol,Trainee,EMP12109,Operations,Head Office,Active,2026-02-14 07:37:39,,nitesh.deol94,LPT-12109,DEV87692,manager450,False,1
Upma Warrior,Specialist,EMP11296,Marketing,Regional Office,Active,2023-09-05 00:00:00,,upma.warrior70,,DEV96266,manager122,False,1
Caleb Murty,Analyst,EMP11821,Marketing,Head Office,Active,2023-02-27 11:37:00,,caleb.murty72,VDR-11821,DEV38664,manager513,False,1
Vanya Upadhyay,Analyst,EMP10872,R&D,Branch Office,Active,2020-04-21 10:04:59,,vanya.upadhyay82,LPT-10872,,manager267,False,0
Naksh Bal,Administrator,EMP12997,Customer Support,,On Leave,2023-09-10 21:20:00,,naksh.bal73,VDR-12997,DEV18136,manager321,False,1
Jonathan Prakash,Specialist,EMP12326,IT,Regional Office,Active,2024-02-14 17:21:13,,jonathan.prakash23,LPT-12326,DEV85446,,False,1
Suhani Kapur,Trainee,EMP11548,Legal,Head Office,Inactive,2020-05-20 22:59:40,2022-07-03 00:00:00,suhani.kapur11,WS-11548,DEV94850,manager109,False,1
Lipika Ahuja,Executive,EMP10036,Customer Support,Remote,Active,2022-12-01 07:00:00,,lipika.ahuja14,WS-10036,DEV89276,manager749,False,1
Nirja Dutt,Officer,EMP12924,R&D,,Active,2024-03-27 21:56:09,,nirja.dutt28,LPT-12924,DEV25600,manager823,False,1
Ubika Ranganathan,Director,EMP12143,Human Resources,Branch Office,Active,2022-01-25 11:10:00,,ubika.ranganathan44,LPT-12143,DEV56605,unknown,False,1
Ikbal Sharaf,Trainee,EMP12635,Procurement,Warehouse,Active,2021-04-25 20:04:32,,ikbal.sharaf98,LPT-12635,DEV54743,manager754,False,1
Udyati Trivedi,Director,EMP10977,Operations,Data Center,Active,2022-01-25 10:45:46,,udyati.trivedi33,VDR-10977,,manager145,False,0
Vidhi Bansal,Trainee,EMP11571,R&D,,Active,,,,LPT-11571,DEV49320,manager784,False,1
Jacob Hayer,Consultant,EMP11122,IT,Head Office,Active,2023-01-04 12:09:21,,jacob.hayer63,VDR-11122,DEV70339,manager458,False,1
Zilmil Minhas,Officer,EMP12239,Brand,Data Center,Active,2025-01-01 00:00:00,,zilmil.minhas52,LPT-12239,DEV66264,manager834,False,1
Jatin Das,Consultant,EMP12504,Marketing,Warehouse,Active,,,jatin_das11,LPT-12504,DEV12970,manager987,False,1
Sudiksha Patil,Engineer,EMP11892,Human Resources,Branch Office,Active,2022-02-15 17:03:03,,sudiksha.patil75,VDR-11892,DEV15269,manager848,False,1
Jackson Lad,Analyst,EMP10675,Marketing,Warehouse,Inactive,2022-09-23 22:34:28,2023-12-13 02:34:50,jackson.lad85,WS-10675,DEV93735,manager426,False,1
Harita Lall,Administrator,EMP10728,Operations,Data Center,On Leave,2025-07-03 09:21:55,,harita.lall46,LPT-10728,,manager647,False,0
Rohan Dada,Consultant,EMP10412,IT,,Active,2024-03-07 09:47:00,,rohan.dada48,WS-10412,,,False,0
Ria Batra,Manager,EMP11516,Marketing,,Active,2024-07-31 08:11:17,,ria.batra56,WS-11516,DEV54883,,True,2
Ekbal Dhar,Director,EMP11649,Finance,Remote,Active,2023-09-03 00:00:00,,ekbal.dhar82,LPT-11649,DEV58244,,False,1
Abeer Mishra,Specialist,EMP10825,Innovation,Data Center,Active,2022-06-02 17:12:00,,abeer.mishra34,VDR-10825,DEV98668,manager128,False,1
Isha Bir,Director,EMP10616,Customer Support,Remote,Active,2025-12-08 04:59:51,,isha.bir7,LPT-10616,DEV62235,manager238,False,1
Chatura Dube,Officer,EMP10114,Marketing,Branch Office,Inactive,2024-12-30 00:00:00,,chatura.dube60,LPT-10114,DEV67898,manager567,False,1
Falguni Borde,Administrator,EMP10417,Sales,Remote,Active,,,falguni.borde91,WS-10417,,manager347,False,0
Vansha Bhalla,Officer,EMP11625,Operations,,Active,2026-07-22 14:35:51,,vansha.bhalla14,VDR-11625,DEV60961,manager800,False,1
Brijesh Din,Engineer,EMP10089,Procurement,Data Center,Active,2021-04-07 21:27:16,,brijesh.din81,LPT-10089,DEV81376,,False,1
Nikita Toor,Consultant,EMP12082,Procurement,Head Office,Active,2021-05-21 00:00:00,,nikita.toor74,WS-12082,DEV18704,,False,1
Tanmayi Rai,Analyst,EMP10753,Procurement,Remote,Disabled,2023-11-25 00:00:00,,tanmayi.rai5,LPT-10753,DEV24563,manager402,False,1
Reva Nayak,Analyst,EMP12546,IT,Work From Home,Active,2020-10-04 23:45:27,,reva.nayak73,WS-12546,DEV38336,manager897,False,1
Lakshmi Lalla,Analyst,EMP11630,Procurement,Head Office,Inactive,2020-12-27 10:16:10,,lakshmi.lalla82,WS-11630,DEV37004,manager346,False,1
Wriddhish Dey,Administrator,EMP10011,Finance,Branch Office,Active,2026-05-09 21:23:12,,wriddhish.dey59,LPT-10011,,manager697,False,0
Raagini Bhakta,Specialist,EMP12444,Operations,Branch Office,Inactive,2024-07-30 00:00:00,2026-05-26 07:39:00,raagini.bhakta93,LPT-12444,DEV93205,manager372,False,1
Nihal Kamdar,Director,EMP10284,Finance,,Active,2024-10-26 15:54:00,,nihal.kamdar76,WS-10284,DEV31292,,True,2
Ekansh Bawa,Analyst,EMP11066,People,Data Center,Active,2021-03-07 00:00:00,,ekansh.bawa43,VDR-11066,,manager225,False,0
Ekbal Shah,Director,EMP11191,IT,Branch Office,Active,,,ekbal.shah56,LPT-11191,DEV90004,manager609,False,1
Yutika Raju,Consultant,EMP11440,Human Resources,Work From Home,Active,2022-11-05 00:00:00,,yutika.raju42,LPT-11440,DEV30807,manager202,False,1
Nathaniel Banerjee,Analyst,EMP12886,Marketing,Remote,Active,2020-05-20 07:10:45,,nathaniel.banerjee74,VDR-12886,DEV92304,manager542,False,1
Ekanta Bava,Administrator,EMP12885,R&D,Warehouse,Active,2025-06-12 02:14:00,,ekanta.bava97,LPT-12885,DEV85109,manager328,False,1
Raksha Dugal,Manager,EMP12793,Procurement,Warehouse,Active,2022-12-11 23:14:00,,raksha.dugal5,WS-12793,,manager180,False,0
Oviya Shukla,Officer,EMP11568,Operations,Warehouse,Disabled,,2026-01-03 15:00:39,oviya.shukla26,LPT-11568,DEV83778,manager810,False,1
Oviya Mannan,Administrator,EMP12427,Sales,,Active,2026-01-29 23:45:00,,oviya.mannan17,LPT-12427,DEV24652,,False,1
Amaira Nath,Analyst,EMP12656,Procurement,,Active,2021-07-13 00:00:00,,amaira.nath55,VDR-12656,,manager682,False,0
Wridesh Karpe,Consultant,EMP11687,IT,,Active,2023-06-06 00:00:00,,wridesh.karpe22,WS-11687,DEV70508,manager575,False,1
Darpan Kapoor,Manager,EMP10851,Brand,Work From Home,Active,2021-05-12 19:24:29,,darpan.kapoor33,LPT-10851,,unknown,False,0
Yutika Dugar,Director,EMP12207,Legal,Remote,Active,2025-07-04 00:00:00,,yutika.dugar86,LPT-12207,,manager479,False,0
Hardik Basu,Analyst,EMP10895,Sales,Branch Office,Active,2022-01-21 04:26:22,,hardik.basu90,WS-10895,DEV95016,manager741,False,1
Ati Chaudhary,Administrator,EMP10496,Marketing,Warehouse,Active,2023-09-21 19:29:56,,ati_chaudhary14,LPT-10496,DEV46899,manager941,False,1
Viraj Chandran,Trainee,EMP12305,Customer Support,Data Center,Inactive,2022-04-09 18:38:00,,viraj.chandran86,LPT-12305,DEV59002,manager578,False,1
Qadim Amble,Consultant,EMP11782,Customer Support,Branch Office,Active,2021-01-21 14:07:08,,qadim.amble59,WS-11782,DEV89427,,False,1
Fariq Saxena,Analyst,EMP10335,Finance,Data Center,Active,2026-06-04 10:11:28,,fariq.saxena84,VDR-10335,DEV50043,manager771,False,1
Anamika Bir,Officer,EMP10515,People,Remote,Active,2023-01-01 09:58:56,,,WS-10515,DEV39215,,True,2
Amaira Karpe,Consultant,EMP11348,Legal,Data Center,Active,2023-02-18 00:00:00,,amaira.karpe43,WS-11348,DEV91515,manager253,False,1
Eiravati Dyal,Executive,EMP11015,IT,Data Center,Active,2022-02-05 21:44:01,,eiravati.dyal26,LPT-11015,DEV62328,manager682,False,1
Anay Dubey,Administrator,EMP12893,Customer Support,Head Office,Active,2025-07-02 00:00:00,,anay.dubey90,VDR-12893,DEV65087,,False,1
Vivaan Sur,Trainee,EMP11781,Finance,Remote,Active,2022-04-21 00:00:00,,vivaan.sur44,LPT-11781,,,False,0
Mitali Bhardwaj,Manager,EMP12569,People,Remote,Disabled,2020-03-12 00:00:00,,mitali.bhardwaj73,LPT-12569,DEV63240,manager871,False,1
Vidhi Banerjee,Trainee,EMP11785,People,Data Center,Active,2021-07-16 16:08:51,,vidhi.banerjee77,WS-11785,DEV51044,manager878,False,1
Suhani Ghose,Officer,EMP12070,Customer Support,Branch Office,Active,2023-02-03 22:51:46,,,LPT-12070,DEV31831,manager350,False,1
Samaksh Munshi,Engineer,EMP10356,Legal,Remote,Inactive,2022-09-21 00:00:00,2023-01-19 23:55:59,samaksh.munshi71,LPT-10356,DEV64559,manager222,False,1
Turvi Garg,Director,EMP12937,Supply Chain,Regional Office,Active,2021-08-08 23:36:10,,turvi.garg83,LPT-12937,DEV25279,manager563,False,1
Lekha Raman,Executive,EMP11312,Operations,Regional Office,Active,2021-08-13 17:38:05,,lekha.raman10,VDR-11312,DEV94178,,False,1
Varenya Gopal,Manager,EMP11635,Sales,Regional Office,Active,2024-02-26 19:56:41,,varenya.gopal89,LPT-11635,DEV25109,manager649,False,1
Harini Chakrabarti,Trainee,EMP10550,Marketing,Branch Office,Active,,,harini.chakrabarti74,VDR-10550,,manager155,False,0
Edhitha Kurian,Engineer,EMP12388,Sales,Branch Office,Active,2021-12-27 07:23:14,,edhitha.kurian21,VDR-12388,,manager116,False,0
Abdul Nair,Trainee,EMP12479,Operations,Remote,Active,2020-06-19 00:00:00,,abdul.nair65,VDR-12479,DEV21014,manager153,False,1
Jackson Sarma,Analyst,EMP12521,Brand,Remote,Active,2024-10-06 12:46:15,,jackson.sarma53,LPT-12521,DEV14911,manager238,True,2
Charvi Saraf,Executive,EMP12265,Supply Chain,Branch Office,Active,2020-10-22 22:16:24,,charvi.saraf85,LPT-12265,DEV50332,manager854,False,1
Omya Mutti,Manager,EMP11227,Human Resources,,Active,2022-05-27 00:00:00,,omya.mutti75,VDR-11227,DEV26080,manager284,False,1
Nathaniel Jhaveri,Officer,EMP12762,Marketing,Work From Home,Disabled,2023-02-14 21:39:51,2024-04-22 08:28:23,nathaniel.jhaveri55,LPT-12762,DEV79833,manager348,False,1
Gautami Chaudhry,Director,EMP10957,Innovation,Warehouse,Active,2024-07-31 00:00:00,,gautami.chaudhry72,LPT-10957,DEV95078,manager952,False,1
Osha Purohit,Consultant,EMP11773,Innovation,,Active,2022-08-15 08:43:21,,osha.purohit36,,DEV89337,unknown,False,1
Darpan Keer,Administrator,EMP12141,Legal,,Active,2022-02-11 13:03:17,,darpan.keer78,VDR-12141,DEV59324,manager726,False,1
Jason Ravi,Specialist,EMP11008,Operations,Regional Office,Active,2023-04-29 10:33:50,,jason.ravi20,VDR-11008,DEV89670,,False,1
Ati Kota,Manager,EMP11092,Human Resources,Head Office,Active,2024-05-02 17:36:00,,ati.kota16,WS-11092,DEV94070,manager700,False,1
Karan Mohan,Administrator,EMP12756,Sales,Remote,Active,2025-01-22 04:08:02,,karan.mohan54,WS-12756,DEV38618,,False,1
Oeshi Bal,Manager,EMP10996,Finance,Remote,Active,2024-12-19 00:00:00,,oeshi.bal11,,DEV78002,manager624,False,1
Jacob Devan,Analyst,EMP11679,Procurement,Data Center,Active,2021-06-30 08:23:38,,jacob.devan87,LPT-11679,DEV76530,unknown,False,1
Arunima Lanka,Specialist,EMP10153,Operations,,Active,2023-07-21 17:31:00,,arunima.lanka10,,,manager514,False,0
Banjeet Singh,Manager,EMP12867,Legal,,Active,2023-02-23 00:00:00,,banjeet.singh7,LPT-12867,DEV43478,,False,1
Anay Palan,Analyst,EMP10580,Finance,Data Center,Active,,,anay.palan12,LPT-10580,DEV54815,,False,1
Vansha Lalla,Officer,EMP11470,Marketing,Regional Office,Active,2021-07-17 03:45:21,,vansha.lalla24,,DEV89249,manager379,False,1
Rachana Nath,Specialist,EMP10703,Customer Support,Remote,Inactive,2024-07-20 06:58:17,2025-07-19 00:00:00,rachana_nath10,VDR-10703,DEV16917,manager580,False,1
Naksh Kalita,Consultant,EMP11212,Customer Support,Head Office,Active,2021-07-03 14:15:33,,naksh.kalita55,LPT-11212,,manager266,False,0
Omisha Raju,Manager,EMP10896,Sales,Remote,Active,2020-03-08 00:00:00,,omisha.raju69,WS-10896,DEV29420,manager256,False,1
Aadi Hari,Manager,EMP10487,IT,Regional Office,Active,2025-06-18 00:00:00,,aadi.hari72,WS-10487,DEV68414,manager736,False,1
Elijah Mani,Manager,EMP10559,R&D,Data Center,Active,2023-01-24 10:24:21,,elijah.mani33,VDR-10559,DEV53864,manager929,False,1
Champak Banerjee,Engineer,EMP11141,Sales,Regional Office,Active,2024-08-25 00:00:00,,champak.banerjee84,WS-11141,DEV22928,manager408,False,1
Rajeshri Wagle,Analyst,EMP11119,Operations,Data Center,Active,2020-12-17 19:18:00,,rajeshri.wagle66,WS-11119,,manager795,False,0
Chanchal Karan,Analyst,EMP10512,Operations,Branch Office,Active,2023-02-21 19:05:02,,chanchal.karan62,WS-10512,DEV40375,manager784,False,1
Pahal Sidhu,Executive,EMP10633,Sales,,Inactive,2023-08-29 03:55:00,,pahal_sidhu88,,DEV78656,unknown,False,1
Qabil Vig,Executive,EMP11664,Procurement,Data Center,Inactive,2024-10-26 22:24:14,2025-07-17 20:17:58,qabil.vig75,LPT-11664,,,False,0
Shivansh Korpal,Analyst,EMP11012,R&D,Remote,Active,2023-06-30 00:00:00,,shivansh.korpal9,VDR-11012,DEV11447,manager213,False,1
Tamanna Ravi,Analyst,EMP11931,IT,Work From Home,Active,2021-05-27 09:37:10,,tamanna.ravi2,,DEV13977,,False,1
Nicholas Swaminathan,Consultant,EMP11150,Operations,Head Office,Active,2021-02-19 02:48:10,,nicholas.swaminathan78,VDR-11150,DEV81994,manager726,False,1
Vedhika Sami,Trainee,EMP12890,R&D,Remote,Active,2025-03-09 03:43:43,,vedhika.sami86,VDR-12890,DEV67250,manager216,False,1
Wahab Bir,Analyst,EMP10116,Marketing,Work From Home,Active,2024-10-24 06:43:00,,wahab.bir90,VDR-10116,DEV61879,,True,2
Devansh Raman,Manager,EMP10740,Finance,Work From Home,Active,2021-05-05 02:57:56,,devansh.raman6,VDR-10740,,manager598,False,0
Waida Som,Trainee,EMP12846,IT,Remote,Active,2025-04-17 12:42:57,,waida.som50,WS-12846,DEV84500,manager664,False,1
Wyatt Sibal,Manager,EMP11974,IT,,Active,2024-06-27 20:21:25,,wyatt.sibal38,WS-11974,,,False,0
Vanya Om,Manager,EMP11081,Customer Support,Remote,Active,2021-11-01 00:00:00,,vanya.om40,VDR-11081,DEV85231,manager821,False,1
Isaiah Merchant,Manager,EMP11810,IT,Data Center,Active,2024-07-01 05:07:27,,isaiah.merchant78,LPT-11810,,unknown,False,0
Warjas Wason,Director,EMP10830,Procurement,Remote,Disabled,2020-11-06 20:46:00,2022-08-08 14:24:13,warjas.wason49,VDR-10830,DEV22809,manager614,False,1
Orinder Sarraf,Administrator,EMP10119,IT,,Active,2026-03-25 08:42:08,,orinder.sarraf83,,DEV14373,manager402,False,1
Daksh Pau,Executive,EMP10656,Customer Support,Data Center,Active,2020-04-21 08:25:39,,daksh.pau74,VDR-10656,,manager406,False,0
Balhaar Khosla,Director,EMP12815,IT,Branch Office,Active,,,balhaar.khosla43,LPT-12815,DEV61934,,False,1
Baghyawati Kumer,Executive,EMP12774,People,,Active,2020-07-25 14:29:20,,baghyawati.kumer77,,DEV11290,manager150,False,1
Lopa Sehgal,Consultant,EMP10635,IT,Data Center,Active,2025-06-01 14:47:00,,lopa.sehgal19,WS-10635,DEV49760,,False,1
Jasmit Buch,Analyst,EMP10369,Customer Support,,Disabled,2021-06-24 04:31:05,2024-12-01 14:11:00,jasmit.buch51,WS-10369,,,False,0
Yagnesh Parikh,Administrator,EMP10268,Operations,Data Center,Active,2022-08-16 05:37:56,,yagnesh.parikh71,WS-10268,DEV79946,,False,1
Aadi Boase,Specialist,EMP10046,Legal,,Inactive,,2025-04-29 00:00:00,aadi.boase41,LPT-10046,DEV60488,manager925,False,1
Anthony Vora,Analyst,EMP10991,Sales,Regional Office,Disabled,2024-12-19 00:00:00,,anthony.vora42,WS-10991,DEV26575,manager183,False,1
Aashi Sridhar,Manager,EMP10876,Legal,Branch Office,Active,,,aashi.sridhar24,WS-10876,DEV98723,manager797,False,1
Banjeet Trivedi,Administrator,EMP10773,Finance,Branch Office,Active,2022-06-14 05:44:00,,banjeet.trivedi73,WS-10773,DEV39724,,False,1
Nilima Nanda,Analyst,EMP11219,IT,Head Office,Disabled,2024-05-31 08:42:15,,nilima.nanda54,LPT-11219,DEV59074,manager685,False,1
Liam Murthy,Consultant,EMP11126,Finance,Regional Office,Active,2026-01-12 11:14:00,,liam.murthy21,WS-11126,,manager294,False,0
Ekalinga Balan,Consultant,EMP10004,Operations,Warehouse,Active,2024-07-24 00:00:00,,ekalinga.balan13,WS-10004,DEV15695,manager487,False,1
Xalak Sathe,Specialist,EMP11595,People,Regional Office,Active,2022-11-22 00:00:00,,xalak.sathe12,WS-11595,,manager506,False,0
Vasatika Vig,Director,EMP12311,Procurement,Data Center,Active,2022-01-14 04:35:00,,vasatika.vig48,WS-12311,DEV68547,manager990,True,2
Qadim Zachariah,Analyst,EMP12958,R&D,Data Center,Active,2020-01-08 03:28:13,,qadim.zachariah98,VDR-12958,,manager538,False,0
Unni Salvi,Engineer,EMP12491,Sales,,Active,2024-11-23 07:13:00,,unni.salvi40,WS-12491,,manager485,False,0
Veer Sekhon,Manager,EMP11077,Sales,Warehouse,Disabled,2023-03-27 00:00:00,2023-03-29 19:58:00,veer.sekhon76,WS-11077,DEV26700,manager704,False,1
Samesh Bedi,Specialist,EMP10837,Customer Support,,Active,2020-07-05 01:06:00,,,WS-10837,DEV84202,manager473,False,1
Abdul Mannan,Manager,EMP10681,Customer Support,Work From Home,Active,2025-12-10 11:20:50,,abdul.mannan92,WS-10681,,manager566,False,0
Harinakshi Kohli,Consultant,EMP11715,Customer Support,Remote,Active,2020-02-29 19:48:40,,harinakshi.kohli18,WS-11715,,manager396,False,0
Ojas Shere,Specialist,EMP12352,Operations,Warehouse,Active,2024-08-19 00:00:00,,ojas.shere59,VDR-12352,DEV91479,manager342,False,1
Hemangini Sundaram,Manager,EMP12617,Legal,,Active,2020-12-11 01:50:40,,hemangini.sundaram15,LPT-12617,,,False,0
Ethan Jani,Administrator,EMP12361,Legal,Warehouse,Active,2023-12-13 00:00:00,,ethan.jani95,WS-12361,DEV90800,manager212,False,1
Qasim Rout,Officer,EMP12197,People,Data Center,Inactive,2021-05-03 03:26:00,,qasim.rout20,LPT-12197,DEV61366,manager276,False,1
Bhanumati Mukhopadhyay,Executive,EMP11148,Human Resources,Branch Office,Active,2020-05-01 10:48:43,,bhanumati.mukhopadhyay71,,DEV79935,manager384,False,1
Forum Devi,Analyst,EMP10574,Marketing,Work From Home,Active,2020-01-23 10:12:00,,forum_devi62,WS-10574,DEV48393,manager293,False,1
Zayan Pandit,Specialist,EMP10050,Procurement,Regional Office,Active,2025-09-30 02:25:05,,zayan.pandit56,WS-10050,DEV70946,manager584,False,1
Nitesh Kara,Manager,EMP10853,Legal,,Active,2022-12-29 00:00:00,,,LPT-10853,DEV44205,manager846,False,1
Parth Raval,Administrator,EMP11982,Human Resources,Head Office,Active,2021-08-27 00:00:00,,parth.raval73,VDR-11982,DEV50579,unknown,False,1
Maanas Mangal,Trainee,EMP11823,Human Resources,Work From Home,Active,2020-04-22 00:00:00,,maanas.mangal75,WS-11823,DEV66807,manager661,False,1
Jagdish Bhatia,Specialist,EMP10833,Human Resources,Head Office,Active,2024-10-25 19:57:17,,jagdish.bhatia80,VDR-10833,DEV54150,,False,1
Ishaan Prabhakar,Officer,EMP11115,Marketing,Data Center,Active,2026-03-20 12:12:04,,ishaan.prabhakar11,LPT-11115,DEV65572,manager609,False,1
Gauri Dass,Consultant,EMP11166,R&D,Remote,Disabled,,2022-07-06 00:00:00,gauri.dass35,VDR-11166,DEV20009,,False,1
Rushil Kuruvilla,Director,EMP12518,Compliance,,Active,2024-06-07 10:28:21,,rushil.kuruvilla99,WS-12518,,manager926,False,0
Abeer Palla,Administrator,EMP11906,Marketing,Warehouse,Active,2025-02-12 00:00:00,,abeer.palla55,LPT-11906,DEV92424,manager465,False,1
Chavvi Loyal,Manager,EMP10971,R&D,Regional Office,Active,,,chavvi.loyal80,WS-10971,DEV85882,,False,1
Baghyawati Nori,Analyst,EMP12701,R&D,Branch Office,Active,2022-11-30 16:54:12,,baghyawati.nori89,WS-12701,DEV62232,,False,1
Dipta Date,Administrator,EMP10399,Human Resources,,Active,2025-08-15 18:43:09,,dipta.date61,WS-10399,,manager757,False,0
Tristan Agarwal,Executive,EMP12559,Legal,Branch Office,On Leave,,,tristan.agarwal66,WS-12559,DEV59724,manager375,False,1
Lohit Sarma,Administrator,EMP12368,Marketing,,Active,2022-04-17 17:45:00,,lohit.sarma91,WS-12368,,,False,0
Vasana Bhasin,Administrator,EMP10019,Sales,Data Center,Active,2024-05-27 01:15:07,,vasana_bhasin70,VDR-10019,,manager353,False,0
Kashish Sarin,Consultant,EMP10684,Brand,Warehouse,Active,2023-06-14 10:08:20,,kashish_sarin22,VDR-10684,DEV26697,,False,1
Tamanna Karan,Analyst,EMP10035,Customer Support,Regional Office,Inactive,,,tamanna.karan84,VDR-10035,DEV49240,manager218,False,1
Timothy Doshi,Engineer,EMP12914,Sales,Remote,Active,2024-02-21 13:18:04,,timothy.doshi94,WS-12914,,manager857,False,0
Zarna Bora,Officer,EMP10524,Customer Support,Regional Office,Active,2021-07-05 05:33:24,,zarna.bora26,WS-10524,DEV29603,,False,1
Devansh Deshmukh,Engineer,EMP12455,Operations,,Active,2024-07-14 15:36:00,,devansh.deshmukh67,VDR-12455,DEV86221,manager489,False,1
Lakshit Divan,Engineer,EMP10920,Legal,Remote,Active,2023-04-26 16:01:33,,lakshit.divan84,LPT-10920,DEV14845,manager857,False,1
Gaurav Gala,Engineer,EMP11841,IT,Work From Home,Disabled,2024-03-03 00:00:00,2025-05-30 05:08:16,gaurav.gala79,LPT-11841,DEV61231,manager638,False,1
Zansi Baria,Administrator,EMP11890,Procurement,Remote,Disabled,2021-01-22 00:00:00,2023-03-25 12:36:00,zansi.baria53,LPT-11890,DEV90790,manager609,False,1
Kiaan Hari,Trainee,EMP10537,Finance,Data Center,Disabled,2024-05-28 20:18:32,2024-07-20 01:21:22,kiaan.hari8,LPT-10537,DEV36438,,False,1
Arin Bir,Trainee,EMP11705,Operations,Work From Home,Active,2024-09-21 03:30:43,,arin.bir11,LPT-11705,DEV68547,manager554,True,2
Netra Mitter,Engineer,EMP10245,Procurement,,Active,2026-05-12 03:09:01,,netra.mitter48,LPT-10245,DEV72676,unknown,False,1
Charles Kohli,Executive,EMP10784,Legal,Regional Office,Active,2020-02-07 21:00:41,,charles.kohli47,WS-10784,DEV58448,manager459,False,1
Anay Din,Trainee,EMP11409,Procurement,Warehouse,Active,2024-10-03 05:41:59,,anay.din8,LPT-11409,DEV18751,,False,1
Girindra Peri,Analyst,EMP12537,People,,Active,2025-05-24 16:13:22,,girindra.peri83,WS-12537,,,False,0
Gagan Pandey,Executive,EMP10154,Operations,Work From Home,Disabled,2023-01-29 00:00:00,2023-07-12 00:00:00,gagan.pandey3,,,manager703,False,0
Ekani Bhat,Trainee,EMP11686,Operations,Remote,Active,2026-05-03 00:00:00,,ekani.bhat62,WS-11686,DEV51087,manager701,False,1
Dominic Loyal,Administrator,EMP10625,Supply Chain,Head Office,Inactive,2020-07-25 21:53:29,2022-11-15 20:15:00,dominic.loyal90,WS-10625,DEV95820,manager775,False,1
Meghana Sethi,Administrator,EMP12962,Human Resources,,Active,2024-02-01 13:11:31,,meghana.sethi13,LPT-12962,DEV13579,manager422,False,1
Anirudh Ahuja,Officer,EMP11346,Human Resources,,Active,2023-02-27 18:33:39,,anirudh.ahuja57,LPT-11346,DEV36744,,False,1
Wridesh Bedi,Consultant,EMP10569,IT,Work From Home,Active,2024-08-06 12:52:35,,wridesh.bedi4,WS-10569,,,False,0
Naksh Madan,Trainee,EMP11758,Procurement,Branch Office,Disabled,2020-12-26 16:15:49,2022-03-04 04:09:50,naksh.madan88,VDR-11758,DEV68283,manager719,False,1
Alexander Dhar,Administrator,EMP11816,Finance,Data Center,Active,2021-12-06 11:40:37,,alexander.dhar96,LPT-11816,DEV28653,,False,1
Dev Barad,Analyst,EMP12065,Procurement,Remote,Active,2025-09-11 22:43:00,,dev.barad20,LPT-12065,DEV91082,manager491,False,1
Ryan Tella,Director,EMP10127,Finance,Regional Office,Active,2022-05-19 02:56:13,,,LPT-10127,,manager479,False,0
Ladli Dada,Manager,EMP12006,Legal,,Active,2025-09-06 00:27:15,,,LPT-12006,DEV68653,manager414,False,1
Imaran Dayal,Executive,EMP10980,Procurement,Head Office,Disabled,2024-10-04 03:36:32,,imaran.dayal67,LPT-10980,,manager300,False,0
Anjali Ganesan,Manager,EMP10190,Brand,,Active,2021-07-14 15:48:00,,anjali.ganesan67,,DEV20345,manager428,False,1
Ranveer Rattan,Consultant,EMP11139,Operations,Regional Office,Active,2023-02-28 11:55:44,,ranveer.rattan17,WS-11139,DEV87189,manager382,False,1
Charita Kala,Manager,EMP10992,Procurement,Branch Office,Active,2025-06-27 04:01:18,,charita.kala61,VDR-10992,,unknown,False,0
Yatan Randhawa,Engineer,EMP10699,Operations,Branch Office,Active,2024-03-27 17:16:31,,yatan.randhawa50,WS-10699,DEV89242,,False,1
Hemani Bose,Trainee,EMP10606,Operations,,Active,,,hemani.bose33,WS-10606,,manager630,False,0
Bhavika Subramanian,Director,EMP10180,Customer Support,Head Office,Active,2020-05-28 08:27:24,,bhavika.subramanian78,WS-10180,DEV41147,manager754,False,1
Abeer Bhatnagar,Director,EMP10301,Finance,Work From Home,Active,2025-01-31 17:10:46,,abeer.bhatnagar33,WS-10301,DEV19694,manager510,False,1
Jason Memon,Manager,EMP12544,Finance,Warehouse,Active,2024-08-16 05:18:42,,jason.memon54,WS-12544,DEV35767,manager110,False,1
Isha Mand,Engineer,EMP12860,Marketing,Branch Office,On Leave,2022-03-10 06:41:00,,isha.mand56,LPT-12860,,,False,0
Charan Dua,Specialist,EMP11060,R&D,Work From Home,Active,2026-05-18 21:46:12,,charan.dua15,LPT-11060,DEV34331,manager877,False,1
Samarth Patla,Engineer,EMP12964,Legal,Branch Office,Active,2021-02-25 13:17:26,,samarth.patla52,VDR-12964,DEV78066,unknown,False,1
Vanya Atwal,Administrator,EMP12565,Operations,Data Center,Active,2020-01-31 05:23:52,,vanya.atwal53,LPT-12565,DEV29403,manager270,False,1
Vihaan Oak,Manager,EMP11069,Procurement,Remote,On Leave,2025-12-13 06:28:49,,vihaan.oak52,WS-11069,,,False,0
Dominic Talwar,Consultant,EMP12524,Supply Chain,Work From Home,Active,2024-11-21 21:00:08,,dominic.talwar30,LPT-12524,DEV12832,,False,1
Avni Sani,Engineer,EMP12205,IT,Regional Office,Disabled,2023-06-10 01:07:48,,avni.sani5,LPT-12205,DEV69905,manager936,False,1
Hema Agate,Consultant,EMP11243,Compliance,,Active,2024-03-14 14:24:00,,,WS-11243,DEV35971,manager381,False,1
Jacob Ranganathan,Officer,EMP10016,Finance,,Active,2024-02-27 00:00:00,,jacob.ranganathan48,VDR-10016,DEV10074,manager471,True,2
Bhanumati Ranganathan,Officer,EMP10546,Human Resources,,Active,2024-11-17 11:06:49,,bhanumati.ranganathan44,WS-10546,,manager864,False,0
Nitesh Garg,Officer,EMP10658,Operations,Data Center,Active,2025-03-16 14:02:07,,nitesh.garg36,VDR-10658,DEV37504,,False,1
Sachi Sane,Trainee,EMP12787,Customer Support,Branch Office,Active,2022-07-15 16:37:19,,sachi.sane26,LPT-12787,DEV70243,manager929,False,1
Henry Nori,Analyst,EMP12818,Sales,Branch Office,Active,2022-03-25 00:00:00,,henry.nori8,WS-12818,DEV27728,manager805,False,1
Qabil Sharma,Manager,EMP11504,IT,,Active,2021-04-11 07:24:41,,qabil.sharma49,LPT-11504,DEV50541,manager896,False,1
Ira Bhatnagar,Manager,EMP10959,IT,Data Center,Active,2021-11-19 05:47:07,,ira.bhatnagar90,WS-10959,DEV35295,manager876,False,1
Janani Dugar,Executive,EMP12331,Customer Support,Work From Home,Active,2020-02-13 23:48:00,,janani.dugar16,LPT-12331,DEV59955,manager259,False,1
Harita Koshy,Consultant,EMP10797,Procurement,Work From Home,Active,2022-05-24 08:01:45,,harita.koshy69,LPT-10797,DEV11690,manager596,False,1
Aahana Rama,Specialist,EMP10225,Customer Support,Work From Home,Disabled,2022-01-22 11:29:04,2022-12-29 21:53:18,aahana.rama22,WS-10225,DEV29369,manager551,False,1
Qadim Mallick,Analyst,EMP12074,Innovation,,Active,2021-05-18 14:16:00,,qadim.mallick75,VDR-12074,DEV32849,manager352,False,1
Kamya Ganesan,Analyst,EMP11799,Legal,,Inactive,,2023-09-21 20:36:11,kamya.ganesan47,WS-11799,,manager475,False,0
Kamya Deo,Specialist,EMP12485,Customer Support,Branch Office,Active,2024-04-21 00:00:00,,kamya.deo83,,DEV14906,manager279,False,1
Luke Puri,Director,EMP12277,Human Resources,Warehouse,Active,2026-05-20 10:48:28,,luke.puri22,VDR-12277,DEV15827,,False,1
Samarth Kanda,Analyst,EMP12085,Sales,,Active,2023-12-31 12:56:00,,,LPT-12085,DEV10643,manager803,False,1
Madhav Murthy,Officer,EMP11693,Sales,Data Center,Active,2022-08-14 22:43:00,,madhav.murthy19,,DEV64571,,False,1
Anjali Bhalla,Director,EMP11045,R&D,,Active,2024-02-06 12:34:00,,anjali.bhalla61,VDR-11045,DEV66810,manager490,False,1
Kavya Pandit,Officer,EMP10469,R&D,Work From Home,Active,2021-02-02 20:50:23,,kavya.pandit75,,DEV85832,manager773,False,1
Balendra Chada,Administrator,EMP10954,Customer Support,Data Center,Active,2022-09-15 22:27:00,,balendra.chada93,LPT-10954,DEV90012,,False,1
Irya Mall,Specialist,EMP12735,Brand,Branch Office,Active,2020-07-01 00:00:00,,irya.mall82,LPT-12735,DEV25459,manager977,False,1
Gabriel Dugal,Executive,EMP10639,Innovation,Branch Office,Active,2026-07-03 08:08:55,,gabriel.dugal63,LPT-10639,,,False,0
Darsh Bera,Director,EMP12863,R&D,,Active,2021-08-22 23:13:03,,darsh_bera88,VDR-12863,DEV31410,unknown,False,1
Karan Goda,Administrator,EMP11218,Marketing,Regional Office,Disabled,2023-07-12 11:30:18,2023-07-18 22:30:35,karan.goda65,WS-11218,,,False,0
Ikshita Sampath,Executive,EMP11158,IT,Branch Office,Active,2025-05-03 05:10:10,,ikshita.sampath2,LPT-11158,DEV45082,manager911,False,1
Nihal Varkey,Executive,EMP11415,Finance,Branch Office,Active,2020-06-11 00:00:00,,nihal.varkey79,WS-11415,DEV10032,manager926,False,1
Gaurav Bains,Administrator,EMP12934,Procurement,Work From Home,Active,2023-10-29 07:40:41,,gaurav.bains91,VDR-12934,DEV36659,manager853,False,1
Varsha Gulati,Trainee,EMP11527,Human Resources,Branch Office,Active,2026-03-25 15:21:27,,,VDR-11527,DEV19697,manager255,False,1
Ekantika Venkataraman,Specialist,EMP11300,IT,Data Center,On Leave,2023-12-24 17:40:57,,,LPT-11300,,unknown,False,0
Chakrika Ratta,Officer,EMP12952,Innovation,Warehouse,Disabled,2021-10-25 19:21:56,2021-11-19 21:38:51,chakrika.ratta76,WS-12952,DEV87286,manager697,False,1
Nicholas Tara,Specialist,EMP11603,Human Resources,Branch Office,Active,2025-06-26 20:08:50,,nicholas.tara41,VDR-11603,DEV55657,unknown,False,1
Leena Dhar,Consultant,EMP10160,IT,Warehouse,Active,2020-04-26 20:11:59,,leena.dhar76,LPT-10160,,manager951,False,0
Abeer Goel,Administrator,EMP11704,Marketing,,Active,2025-07-17 13:25:00,,abeer.goel2,,DEV48810,manager531,False,1
Devika Contractor,Executive,EMP10956,IT,,Active,2020-01-30 18:13:00,,devika.contractor43,LPT-10956,DEV89794,manager523,False,1
Amara Sawhney,Director,EMP10877,Human Resources,Remote,Disabled,2021-04-22 18:19:00,2025-03-22 00:00:00,amara.sawhney88,VDR-10877,,,False,0
Aachal Tara,Executive,EMP11919,Legal,Regional Office,Active,2020-01-24 16:23:48,,aachal.tara39,LPT-11919,DEV30849,manager135,False,1
Ranbir Bobal,Administrator,EMP11884,IT,Data Center,Active,2026-04-21 11:59:53,,ranbir.bobal52,LPT-11884,DEV96231,manager170,False,1
Yatan Panchal,Analyst,EMP12200,Human Resources,,Active,,,yatan.panchal49,VDR-12200,DEV92756,,False,1
Maya Yadav,Trainee,EMP10098,Innovation,Work From Home,Active,,,maya.yadav97,LPT-10098,DEV36680,unknown,False,1
Chaitaly Seshadri,Officer,EMP12912,Marketing,,Active,2023-11-11 21:44:00,,chaitaly.seshadri29,WS-12912,DEV96684,,False,1
Brinda Sibal,Consultant,EMP12557,Human Resources,,Active,2023-08-28 13:12:37,,brinda.sibal86,VDR-12557,,manager514,False,0
Forum Sharma,Consultant,EMP10253,Legal,Data Center,Active,2025-10-22 04:03:52,,forum.sharma83,WS-10253,DEV59479,,False,1
Ira Mohanty,Trainee,EMP10103,Procurement,,Active,2022-12-08 06:18:23,,ira.mohanty76,LPT-10103,DEV68529,manager881,False,1
Urvashi Dugar,Officer,EMP11445,Procurement,Branch Office,Active,2022-11-01 01:14:56,,urvashi_dugar39,VDR-11445,,,False,0
Xavier Sarma,Trainee,EMP11443,Operations,,Active,2021-12-28 22:54:05,,xavier.sarma77,WS-11443,DEV49344,,False,1
Parth Varma,Consultant,EMP11648,Marketing,Regional Office,Inactive,2021-04-20 18:47:26,2024-05-13 16:24:48,parth.varma79,WS-11648,DEV72800,manager393,False,1
Nicholas Tailor,Engineer,EMP10586,Human Resources,Regional Office,Active,,,nicholas.tailor28,WS-10586,DEV52534,manager505,False,1
Tara Devan,Trainee,EMP10627,Operations,Work From Home,Active,2021-09-09 21:12:34,,tara.devan13,,,manager568,False,0
Amrita Saran,Consultant,EMP11696,Sales,Regional Office,Active,2024-11-28 08:37:39,,amrita.saran42,WS-11696,DEV46769,unknown,False,1
Agastya Sule,Specialist,EMP12101,Legal,Head Office,Active,2022-05-24 06:36:50,,agastya.sule56,WS-12101,DEV39910,manager209,False,1
Deepa Verma,Engineer,EMP12199,Finance,Branch Office,Active,2024-06-09 20:44:54,,deepa.verma2,LPT-12199,DEV12133,manager544,False,1
Ethan Setty,Trainee,EMP10403,Customer Support,,Active,2023-05-11 14:44:49,,ethan.setty54,LPT-10403,DEV72424,,False,1
Rachita Peri,Consultant,EMP11154,Compliance,Branch Office,Active,2023-11-28 06:36:34,,rachita.peri30,WS-11154,DEV22280,manager983,False,1
Ekbal Vaidya,Analyst,EMP12255,Finance,Branch Office,Active,2025-12-10 00:00:00,,ekbal.vaidya45,WS-12255,,,False,0
Azad Sahota,Administrator,EMP11682,Compliance,Work From Home,Active,2025-07-27 00:00:00,,azad.sahota28,WS-11682,DEV41558,,False,1
Chakradev Ramaswamy,Officer,EMP12056,Compliance,Regional Office,Active,2022-07-31 04:53:00,,,LPT-12056,DEV99390,manager632,False,1
Triveni Prasad,Engineer,EMP12929,R&D,,Disabled,2026-01-11 00:00:00,2026-03-21 00:00:00,triveni.prasad4,WS-12929,DEV60371,manager453,False,1
Udyati Sangha,Director,EMP10452,Innovation,Regional Office,Active,2026-03-06 21:08:00,,udyati.sangha89,LPT-10452,DEV24818,manager964,False,1
Yauvani Viswanathan,Specialist,EMP12301,People,Data Center,Active,2022-08-24 15:53:59,,yauvani.viswanathan80,LPT-12301,,unknown,False,0
Zayyan Naidu,Manager,EMP11327,Human Resources,Remote,Active,2026-04-03 05:52:00,,zayyan.naidu85,VDR-11327,DEV36982,unknown,False,1
Kalpit Bahri,Director,EMP12049,Operations,Branch Office,Active,2023-08-23 05:18:34,,kalpit.bahri99,LPT-12049,,manager432,False,0
Advay Sekhon,Analyst,EMP10880,Operations,Regional Office,Inactive,2023-03-30 22:34:00,,advay.sekhon37,LPT-10880,DEV81716,manager361,False,1
Deepa Bahl,Engineer,EMP10623,Customer Support,Branch Office,Active,2024-09-01 00:00:00,,deepa.bahl95,VDR-10623,,manager847,False,0
Fitan Vohra,Officer,EMP12393,Procurement,Work From Home,Active,,,fitan.vohra30,WS-12393,DEV73915,manager833,False,1
Bishakha Vohra,Trainee,EMP12856,Procurement,,Active,2021-11-07 00:00:00,,bishakha.vohra41,VDR-12856,DEV37376,,False,1
Lajita Buch,Engineer,EMP11787,Compliance,,Active,2020-12-12 00:00:00,,lajita.buch96,VDR-11787,,manager739,False,0
Ekaraj Bhatnagar,Director,EMP10262,Operations,Data Center,Active,2026-06-01 21:20:29,,ekaraj_bhatnagar68,LPT-10262,DEV49306,manager346,False,1
Xavier Thaker,Specialist,EMP11634,Marketing,Head Office,Active,2026-07-11 09:06:00,,xavier.thaker63,VDR-11634,DEV61834,manager778,False,1
Joshua Patel,Engineer,EMP11438,Customer Support,Remote,Active,2020-12-24 05:15:20,,joshua.patel12,LPT-11438,DEV71300,manager746,False,1
Abhiram Bhatt,Analyst,EMP12198,Customer Support,Regional Office,Inactive,2021-06-05 06:49:32,2021-10-22 10:01:15,abhiram.bhatt67,VDR-12198,DEV83013,unknown,False,1
Theodore Pandya,Analyst,EMP11969,Compliance,Warehouse,Active,,,theodore.pandya55,VDR-11969,,manager966,False,0
Anamika Hegde,Consultant,EMP12520,R&D,Regional Office,Active,2025-05-26 00:00:00,,anamika.hegde80,LPT-12520,DEV53877,,False,1
Hemani Saxena,Administrator,EMP11802,IT,Head Office,Active,2022-06-29 00:00:00,,hemani.saxena71,VDR-11802,DEV43442,manager546,False,1
Raksha Chandra,Engineer,EMP10640,Legal,,Active,2020-07-24 11:28:55,,raksha.chandra35,VDR-10640,DEV36585,manager549,False,1
Tanveer Kapur,Administrator,EMP12385,R&D,Head Office,Active,2020-04-26 15:10:00,,tanveer.kapur63,WS-12385,,manager961,False,0
Teerth Naidu,Director,EMP12598,IT,,Active,2024-02-10 00:00:00,,teerth.naidu2,VDR-12598,DEV49755,,False,1
Ria Dar,Engineer,EMP12915,Finance,Head Office,Active,,,ria.dar13,WS-12915,DEV53158,manager886,False,1
Nathaniel Das,Officer,EMP11959,R&D,Work From Home,Active,2024-06-17 11:37:17,,nathaniel.das13,WS-11959,,,False,0
Maanas Anand,Consultant,EMP10488,IT,Data Center,Active,,,maanas.anand32,,DEV60577,manager629,False,1
Sarthak Baria,Manager,EMP11843,Customer Support,Data Center,Active,,,sarthak.baria90,VDR-11843,DEV39332,manager446,False,1
Arunima Chad,Specialist,EMP11734,IT,Work From Home,Inactive,2024-02-26 19:15:00,,arunima.chad1,,DEV83261,unknown,False,1
Maanas Reddy,Analyst,EMP10146,Finance,Head Office,Active,2023-07-28 08:58:46,,maanas.reddy9,VDR-10146,DEV79531,manager261,False,1
Xavier Bal,Manager,EMP11534,Customer Support,,Disabled,2020-09-29 00:00:00,2024-09-23 00:00:00,xavier.bal12,LPT-11534,,manager295,False,0
Yahvi Bhat,Specialist,EMP11986,Customer Support,Branch Office,Active,2023-01-29 01:53:29,,yahvi.bhat30,WS-11986,DEV97837,manager632,False,1
Sachi Mishra,Executive,EMP11369,Marketing,Head Office,Disabled,2026-06-03 06:47:41,2026-07-31 00:00:00,sachi.mishra30,LPT-11369,DEV82373,unknown,False,1
Hiral Bansal,Administrator,EMP12450,R&D,Branch Office,Active,2022-04-13 00:15:29,,hiral.bansal2,,DEV89669,manager246,False,1
Forum Kala,Specialist,EMP12811,Procurement,Remote,Active,,,forum_kala10,VDR-12811,DEV41965,,False,1
Pahal Sethi,Manager,EMP10659,Customer Support,Data Center,Inactive,2026-01-04 23:14:00,2026-08-29 10:05:29,pahal.sethi94,VDR-10659,DEV89269,,True,2
Chatura Gopal,Director,EMP11794,Procurement,Head Office,Active,2025-09-22 00:00:00,,chatura.gopal50,VDR-11794,DEV45615,manager908,False,1
Ekani Subramanian,Analyst,EMP12511,Human Resources,,Inactive,2022-07-19 00:00:00,2024-07-04 04:56:11,ekani.subramanian65,WS-12511,DEV17994,manager171,False,1
Ishwar Bora,Trainee,EMP10186,R&D,Regional Office,Active,2023-11-22 23:03:00,,ishwar.bora23,LPT-10186,DEV27675,manager306,False,1
Yashodhara Minhas,Trainee,EMP11147,Customer Support,Warehouse,Active,2021-11-15 13:28:00,,yashodhara.minhas2,VDR-11147,DEV78822,manager374,False,1
Yagnesh Dutta,Officer,EMP10608,Customer Support,,Active,,,yagnesh.dutta71,VDR-10608,DEV30278,manager241,False,1
Varsha Sekhon,Engineer,EMP12191,Operations,Regional Office,Active,,,varsha.sekhon93,VDR-12191,DEV26165,unknown,False,1
Yashodhara Desai,Officer,EMP12799,Operations,Warehouse,Inactive,2025-05-06 04:34:00,,yashodhara.desai66,WS-12799,DEV99717,manager775,False,1
Upma Mani,Trainee,EMP11930,Operations,,Inactive,2022-11-15 03:21:24,,upma.mani95,VDR-11930,DEV46216,manager883,False,1
Fitan Om,Director,EMP10197,Customer Support,Warehouse,Active,2025-12-27 08:51:51,,fitan.om64,LPT-10197,DEV44311,manager726,False,1
Forum Kaur,Consultant,EMP12327,Finance,Warehouse,Active,2021-12-29 23:22:36,,forum.kaur45,WS-12327,DEV96412,manager254,True,2
Hamsini Nair,Engineer,EMP10293,Customer Support,Warehouse,Active,2021-06-10 14:57:59,,,VDR-10293,DEV32227,manager408,False,1
Vedika Kala,Engineer,EMP10766,Sales,,Active,,,vedika_kala75,WS-10766,DEV45043,manager164,False,1
Hemang Rana,Executive,EMP10400,Legal,Remote,Active,2020-05-18 14:52:44,,hemang.rana70,WS-10400,DEV58418,manager576,False,1
Osha Chakraborty,Officer,EMP10122,Legal,Remote,Active,2024-07-25 01:43:53,,osha.chakraborty87,LPT-10122,DEV61717,manager477,False,1
Adweta Bera,Officer,EMP10202,R&D,Data Center,Active,2022-09-11 23:17:47,,adweta.bera51,WS-10202,DEV85353,manager560,False,1
Samesh Amble,Director,EMP10835,Legal,Remote,Active,2026-06-29 22:22:00,,samesh.amble26,VDR-10835,,manager119,False,0
Avni Bhagat,Trainee,EMP12294,Legal,Work From Home,Active,,,,LPT-12294,DEV60222,,False,1
Bhavya Morar,Executive,EMP11439,R&D,Data Center,Active,,,bhavya.morar24,VDR-11439,DEV52335,manager134,False,1
Vivaan Sagar,Trainee,EMP11733,Marketing,Branch Office,Active,2021-08-07 07:30:00,,vivaan.sagar91,,DEV13199,manager558,False,1
Fiyaz Mishra,Consultant,EMP11695,Finance,Warehouse,Active,2023-02-23 13:50:05,,fiyaz.mishra48,WS-11695,DEV18273,manager314,False,1
Hemal Rama,Consultant,EMP11707,Finance,Head Office,Inactive,2024-09-12 18:59:15,2024-12-31 00:00:00,hemal_rama76,LPT-11707,DEV16871,manager837,False,1
Girik Upadhyay,Analyst,EMP12999,People,Head Office,Inactive,2021-05-16 00:00:00,,girik.upadhyay76,WS-12999,DEV96003,manager642,False,1
Zehaan Ahluwalia,Engineer,EMP11153,R&D,Remote,Active,2026-05-28 04:07:16,,zehaan.ahluwalia27,WS-11153,,manager556,False,0
Rachana Badami,Executive,EMP11661,Finance,Data Center,Inactive,,2025-10-31 19:58:25,rachana.badami21,LPT-11661,DEV79770,manager816,False,1
Bhavika Mangat,Analyst,EMP12432,Customer Support,Head Office,Active,2020-03-06 01:09:30,,bhavika.mangat15,LPT-12432,,manager863,False,0
Gautami Chaudhary,Trainee,EMP11759,IT,Data Center,Active,2024-06-19 15:54:09,,gautami.chaudhary73,WS-11759,,unknown,False,0
Upkaar Pathak,Trainee,EMP10854,Operations,Regional Office,Active,2021-07-24 00:00:00,,upkaar_pathak71,LPT-10854,DEV16828,manager910,False,1
Gaurangi Patel,Trainee,EMP11589,Operations,,Active,,,gaurangi.patel7,VDR-11589,DEV44494,manager889,False,1
Nandini Sabharwal,Director,EMP12267,Customer Support,Warehouse,Active,2020-12-28 09:55:28,,nandini.sabharwal70,WS-12267,,manager502,False,0
Qadim Kari,Consultant,EMP10641,R&D,Work From Home,Active,2020-05-09 22:47:35,,qadim.kari79,,DEV42346,manager944,True,2
Anjali Sandal,Specialist,EMP10001,People,Data Center,Active,,,anjali.sandal70,LPT-10001,,manager127,False,0
Ladli Chanda,Engineer,EMP12160,IT,Work From Home,Active,2024-09-21 00:00:00,,ladli.chanda88,VDR-12160,,,False,0
Yashvi Korpal,Specialist,EMP10698,R&D,Data Center,Active,2023-08-10 17:01:42,,yashvi.korpal54,VDR-10698,DEV33566,manager560,False,1
Yasti Wagle,Administrator,EMP11636,Finance,Regional Office,Active,2022-06-08 00:00:00,,yasti.wagle42,VDR-11636,DEV62193,manager683,False,1
Gayathri Cherian,Consultant,EMP11291,Innovation,Work From Home,Active,2025-09-26 07:52:00,,gayathri.cherian73,LPT-11291,DEV25917,manager834,False,1
Sarthak Aggarwal,Director,EMP12941,Sales,,Active,2020-10-18 00:00:00,,sarthak.aggarwal71,WS-12941,,manager563,False,0
Ronith Toor,Consultant,EMP12489,Human Resources,,Active,2022-05-17 00:00:00,,ronith.toor73,VDR-12489,,unknown,False,0
Kevin Vig,Engineer,EMP11520,Marketing,,Active,2022-08-09 10:20:30,,kevin.vig54,WS-11520,DEV49795,manager462,False,1
Falak Konda,Consultant,EMP11853,Operations,Work From Home,Active,2020-11-20 23:20:00,,falak.konda81,VDR-11853,DEV58892,manager944,False,1
Chaman Ravi,Administrator,EMP11136,Operations,Remote,Active,,,chaman_ravi35,VDR-11136,DEV64797,manager100,False,1
Krish Nair,Manager,EMP12984,Customer Support,Head Office,Active,2025-11-28 03:58:00,,krish.nair87,WS-12984,DEV77537,manager129,False,1
Libni Ahuja,Executive,EMP11631,Operations,Data Center,Inactive,2023-06-02 20:12:56,2024-01-08 22:02:03,libni.ahuja85,LPT-11631,DEV58730,manager736,False,1
Nakul Sastry,Director,EMP11998,R&D,Regional Office,Active,2021-11-16 00:00:00,,nakul.sastry75,LPT-11998,,manager376,False,0
Urmi Dixit,Analyst,EMP10663,Sales,Regional Office,Active,2020-07-29 00:00:00,,urmi.dixit82,LPT-10663,DEV46913,manager618,False,1
Shaurya Saini,Consultant,EMP10683,Operations,Data Center,Active,2020-12-16 17:28:09,,shaurya.saini86,WS-10683,DEV13966,manager572,False,1
Kala Cheema,Manager,EMP11257,Customer Support,Branch Office,Active,2023-11-06 15:46:01,,kala.cheema20,LPT-11257,DEV57663,,False,1
Girik Merchant,Executive,EMP10317,Customer Support,Data Center,Active,2023-11-02 05:04:11,,girik.merchant23,WS-10317,DEV28388,manager986,False,1
Tripti Karpe,Manager,EMP10648,Human Resources,Head Office,Active,2020-09-22 00:55:01,,tripti.karpe21,VDR-10648,DEV68903,manager493,False,1
Tanmayi Cherian,Specialist,EMP11434,Finance,Remote,Disabled,2022-04-27 13:23:00,,tanmayi.cherian36,WS-11434,,manager402,False,0
Patrick Dewan,Executive,EMP11479,Customer Support,,Active,2021-11-09 06:01:00,,patrick.dewan49,,DEV26186,manager213,False,1
Christopher Rajagopal,Executive,EMP10709,Human Resources,,Active,2023-07-06 23:37:00,,christopher.rajagopal44,LPT-10709,DEV75004,,False,1
Jason Doshi,Executive,EMP11282,Marketing,Regional Office,Active,2020-09-07 18:45:00,,jason.doshi92,LPT-11282,,manager132,False,0
Anvi Mukherjee,Executive,EMP11768,Procurement,Branch Office,Disabled,2023-01-28 19:59:00,,anvi.mukherjee10,VDR-11768,DEV64199,,False,1
Zaitra Hayre,Manager,EMP10972,Operations,Work From Home,Inactive,2023-10-04 23:49:29,2026-05-10 00:00:00,zaitra.hayre49,LPT-10972,DEV18126,manager167,False,1
Ronith Madan,Specialist,EMP12675,Sales,Branch Office,Inactive,2022-07-04 00:00:00,2024-03-07 00:00:00,ronith.madan37,LPT-12675,DEV35263,,False,1
Ranveer Gokhale,Executive,EMP12680,Legal,,Active,2021-09-23 00:00:00,,ranveer.gokhale2,WS-12680,,unknown,False,0
Xalak Swamy,Engineer,EMP11306,Operations,Work From Home,Active,2021-06-24 14:13:41,,,VDR-11306,DEV41013,manager493,False,1
Vrishti Nadig,Analyst,EMP11400,Finance,Remote,Active,2020-01-18 07:27:41,,vrishti.nadig44,VDR-11400,DEV84096,manager314,False,1
Balendra Dixit,Administrator,EMP11408,IT,Regional Office,Active,2024-07-28 16:09:59,,balendra.dixit9,LPT-11408,,manager196,False,0
Guneet Zacharia,Director,EMP12237,Supply Chain,Branch Office,Active,2022-07-11 00:46:00,,,,DEV34009,manager902,False,1
Veda Gala,Trainee,EMP11496,Sales,Branch Office,Active,2025-11-25 07:13:07,,veda_gala19,WS-11496,DEV22730,manager826,False,1
Jagvi Morar,Consultant,EMP12038,Sales,,Active,2021-11-25 00:00:00,,jagvi.morar29,VDR-12038,,,False,0
Chakradhar Basak,Officer,EMP11529,Brand,Warehouse,Active,2026-07-20 00:20:36,,chakradhar.basak98,WS-11529,,manager904,False,0
Jagrati Bava,Trainee,EMP11663,Legal,,Active,2023-01-30 21:19:35,,jagrati.bava61,LPT-11663,DEV86831,unknown,False,1
Vedika De,Trainee,EMP11354,Sales,Regional Office,Active,2024-10-07 00:00:00,,vedika.de89,,DEV57432,manager470,False,1
Odika Varughese,Engineer,EMP11643,Human Resources,Warehouse,Active,2021-03-21 09:57:13,,odika.varughese57,VDR-11643,,manager425,False,0
Yamini Thakur,Officer,EMP11051,Operations,Regional Office,Active,2025-12-03 19:28:46,,yamini.thakur93,WS-11051,DEV93228,manager494,False,1
Aditya Nagarajan,Officer,EMP10795,People,Branch Office,Active,2025-02-03 06:58:00,,aditya.nagarajan68,VDR-10795,,,False,0
Shaurya Gade,Administrator,EMP12693,Legal,,Active,2023-01-21 05:39:17,,shaurya.gade38,VDR-12693,,manager643,False,0
Isha Bhargava,Engineer,EMP11597,IT,Warehouse,Inactive,2020-03-22 21:29:00,,isha.bhargava57,LPT-11597,DEV97493,manager953,False,1
Aachal Balan,Officer,EMP12604,Marketing,Work From Home,Active,2024-06-29 04:03:47,,,VDR-12604,,manager700,False,0
Bhavani More,Engineer,EMP12729,Customer Support,Branch Office,Active,2023-09-29 03:08:07,,,LPT-12729,DEV61951,manager122,False,1
Caleb Loke,Consultant,EMP12625,Human Resources,Head Office,Disabled,2022-07-15 10:47:29,2024-03-09 00:00:00,caleb.loke19,VDR-12625,DEV25130,manager591,False,1
Nitara Dass,Manager,EMP11819,Legal,Warehouse,Disabled,2024-09-09 18:46:42,2026-07-16 11:11:49,nitara.dass84,WS-11819,DEV56500,,False,1
Jyoti Gaba,Specialist,EMP11722,Sales,Work From Home,Active,2025-07-05 17:42:00,,jyoti.gaba89,WS-11722,DEV57308,manager680,False,1
Azaan Nigam,Consultant,EMP11183,Procurement,Head Office,Active,2020-11-26 18:34:18,,azaan.nigam47,LPT-11183,DEV46989,manager711,False,1
Nathan Wali,Officer,EMP12572,Marketing,,Active,2022-03-12 14:51:37,,nathan.wali44,LPT-12572,DEV81776,manager141,False,1
Wridesh Dass,Executive,EMP11059,Legal,,Active,2021-09-07 00:00:00,,wridesh.dass37,WS-11059,DEV34431,manager614,False,1
Zinal Samra,Manager,EMP10540,Human Resources,Warehouse,Inactive,2022-12-17 11:51:46,2026-06-06 08:27:00,zinal.samra91,WS-10540,,manager720,False,0
Alka Tata,Engineer,EMP11678,Customer Support,Data Center,Active,2021-08-01 02:00:11,,alka_tata42,LPT-11678,DEV74920,manager849,True,2
Charvi Krishnan,Engineer,EMP12796,Procurement,Work From Home,Active,2022-08-26 14:22:45,,charvi.krishnan2,LPT-12796,DEV50826,manager382,False,1
Adweta Grewal,Consultant,EMP12974,Operations,Warehouse,Active,2023-04-26 22:58:00,,adweta.grewal52,LPT-12974,DEV45063,,False,1
Advaith Kumar,Analyst,EMP12532,Supply Chain,,Active,2025-06-01 00:00:00,,advaith.kumar2,LPT-12532,DEV55758,,False,1
Yashvi Sanghvi,Director,EMP11757,IT,Work From Home,Inactive,2026-07-27 22:59:28,2026-08-11 15:10:00,yashvi.sanghvi32,VDR-11757,,manager448,False,0
Jatin Bansal,Specialist,EMP11923,Finance,Work From Home,Active,2025-02-26 00:00:00,,jatin.bansal55,WS-11923,DEV46592,manager851,False,1
Pranav Apte,Director,EMP10095,Operations,Remote,Active,2021-05-14 00:00:00,,pranav.apte61,WS-10095,DEV97835,manager810,False,1
Yochana Johal,Officer,EMP11020,Human Resources,Work From Home,Active,2022-02-24 07:38:42,,yochana.johal10,WS-11020,DEV63752,manager145,False,1
Unnati Rau,Manager,EMP10563,Legal,Head Office,Active,2022-09-11 12:09:15,,unnati.rau74,LPT-10563,DEV55039,manager827,False,1
Chaman Acharya,Analyst,EMP12790,People,Regional Office,Active,2026-06-10 02:09:00,,chaman.acharya41,WS-12790,,manager905,False,0
Benjamin Rajan,Director,EMP10863,Finance,,Active,2022-03-24 09:10:59,,benjamin.rajan54,LPT-10863,DEV13771,manager561,False,1
Waida Dyal,Executive,EMP11484,Innovation,,Active,2023-07-22 23:47:16,,,LPT-11484,DEV60246,,True,2
Dhruv Narain,Engineer,EMP12939,Legal,Remote,Active,2021-02-01 16:48:53,,dhruv.narain96,LPT-12939,DEV14203,manager815,False,1
Nidra Nagar,Specialist,EMP11881,Supply Chain,,Active,,,nidra_nagar68,LPT-11881,,,False,0
Samaksh Acharya,Specialist,EMP11038,Sales,,Active,2022-09-13 13:23:55,,samaksh.acharya5,VDR-11038,DEV53082,manager878,False,1
Mitali Raja,Officer,EMP10206,Procurement,Head Office,Active,2024-12-09 00:00:00,,mitali.raja39,VDR-10206,DEV94015,manager774,False,1
Gaurav Dey,Director,EMP10392,Customer Support,Head Office,Active,2025-11-04 00:00:00,,gaurav.dey45,WS-10392,DEV85766,manager562,False,1
Isaac Raj,Analyst,EMP12842,Finance,Branch Office,Active,,,isaac.raj84,LPT-12842,DEV99916,manager805,False,1
Ucchal Pingle,Consultant,EMP10870,Marketing,Data Center,Active,2026-06-24 02:19:17,,ucchal.pingle64,WS-10870,DEV44500,,False,1
Kala Jani,Executive,EMP10397,R&D,Head Office,Active,,,kala.jani71,WS-10397,DEV10500,,False,1
Harini Tandon,Consultant,EMP12814,Finance,Data Center,Active,2023-04-21 06:53:02,,harini.tandon3,VDR-12814,DEV68775,manager149,False,1
Guneet Dewan,Director,EMP12968,Customer Support,Head Office,Active,2025-01-31 00:06:18,,guneet.dewan24,LPT-12968,DEV30751,manager952,False,1
Aditya Anne,Analyst,EMP11028,Human Resources,Data Center,Active,2021-08-19 23:52:40,,aditya.anne26,LPT-11028,DEV11908,manager164,False,1
Oviya Ganguly,Executive,EMP12690,Procurement,Regional Office,Active,2024-02-09 00:00:00,,oviya.ganguly15,LPT-12690,DEV49650,manager541,False,1
Harita Patel,Analyst,EMP11485,Sales,Warehouse,Active,2024-04-12 21:20:00,,harita.patel53,LPT-11485,,unknown,False,0
Girik Bhat,Director,EMP12660,Finance,Work From Home,Active,2022-05-18 21:10:57,,girik.bhat27,WS-12660,,manager329,False,0
Mason Rao,Engineer,EMP10960,Operations,Head Office,Active,2026-02-08 03:45:29,,mason.rao36,VDR-10960,DEV91951,manager605,False,1
Xavier Hayre,Officer,EMP11570,Finance,,Active,2023-05-30 11:14:44,,xavier.hayre29,,DEV36502,manager634,False,1
Arya Som,Engineer,EMP12773,Procurement,,Active,2026-05-06 00:00:00,,,WS-12773,DEV36233,manager882,False,1
Ayushman Dave,Consultant,EMP11895,Operations,Data Center,Active,2022-05-04 14:18:09,,ayushman.dave16,WS-11895,DEV96444,manager306,False,1
Shivansh Mani,Administrator,EMP12731,Procurement,,Active,2024-05-09 10:05:08,,shivansh.mani61,LPT-12731,,manager762,False,0
Ranbir Om,Director,EMP12146,Marketing,Data Center,Active,2024-11-23 19:03:00,,ranbir.om18,,DEV79102,manager122,False,1
Janya Sinha,Analyst,EMP10804,Procurement,,Active,2022-07-26 04:20:00,,janya.sinha66,LPT-10804,DEV43162,manager872,False,1
Abhimanyu Edwin,Administrator,EMP11751,R&D,Warehouse,Active,2026-02-01 07:38:10,,abhimanyu.edwin12,LPT-11751,,manager196,False,0
Arunima Khare,Officer,EMP12454,Procurement,Work From Home,Active,2022-01-23 12:29:00,,arunima.khare25,,DEV24751,manager569,False,1
Jagdish Panchal,Manager,EMP10502,Marketing,Branch Office,Active,2022-10-24 22:02:00,,jagdish.panchal9,VDR-10502,DEV86099,manager787,False,1
Qabil Bhavsar,Specialist,EMP10779,Marketing,Regional Office,Active,2023-10-05 13:46:40,,qabil.bhavsar61,LPT-10779,DEV84086,manager215,False,1
Chandresh Chakrabarti,Director,EMP11863,IT,Head Office,Active,,,,WS-11863,DEV94783,manager232,False,1
Yashoda Lad,Consultant,EMP10200,Finance,Warehouse,On Leave,2021-03-07 11:24:36,,yashoda.lad92,LPT-10200,DEV25907,manager605,False,1
Ojas Din,Director,EMP12182,R&D,Work From Home,Active,2025-06-27 03:31:30,,ojas.din58,LPT-12182,,manager860,False,0
Timothy Chad,Manager,EMP12088,Procurement,Head Office,Active,2021-02-06 00:00:00,,timothy.chad15,LPT-12088,DEV60145,unknown,False,1
Liam Goda,Trainee,EMP12278,Sales,,Disabled,2020-07-27 16:27:51,2023-10-07 03:07:43,liam.goda44,VDR-12278,DEV89150,manager258,False,1
Teerth Sura,Specialist,EMP11796,Human Resources,Work From Home,Active,2023-06-09 04:53:00,,teerth.sura19,VDR-11796,DEV99558,manager421,False,1
Falguni Gera,Director,EMP10378,Operations,Remote,Active,2021-11-11 11:19:45,,falguni.gera65,LPT-10378,DEV13416,manager930,False,1
Yatin Patla,Officer,EMP12336,Operations,,Active,,,yatin.patla20,VDR-12336,,,False,0
Jairaj Arora,Specialist,EMP10418,R&D,,Active,2022-12-22 15:59:18,,jairaj.arora48,LPT-10418,DEV72204,manager957,False,1
Mahika Sarraf,Trainee,EMP11698,Sales,Warehouse,Active,2020-10-23 23:09:34,,mahika.sarraf31,WS-11698,DEV12542,manager251,False,1
Chaman Bhakta,Analyst,EMP10391,IT,Data Center,On Leave,2023-07-10 07:30:22,,chaman.bhakta14,WS-10391,DEV65004,manager487,False,1
Rajeshri Trivedi,Engineer,EMP12640,Brand,Warehouse,Inactive,2022-07-10 00:00:00,2026-02-04 22:37:47,rajeshri_trivedi41,LPT-12640,DEV34341,manager966,False,1
Gunbir Rajagopal,Consultant,EMP11522,Legal,,Active,2020-03-01 00:00:00,,gunbir.rajagopal8,LPT-11522,DEV69885,,False,1
Jasmit Keer,Analyst,EMP11162,Finance,Branch Office,Active,2021-04-02 21:11:21,,jasmit.keer54,LPT-11162,DEV39710,manager393,False,1
Darpan Morar,Administrator,EMP11495,Finance,,Active,,,darpan.morar14,VDR-11495,DEV24651,manager447,False,1
Sai Mann,Officer,EMP12695,IT,,Active,2024-12-20 23:33:00,,sai.mann23,WS-12695,DEV73210,,False,1
Bhavika Mall,Director,EMP12027,Marketing,Work From Home,Active,2025-05-04 13:34:35,,bhavika.mall58,,DEV90481,manager572,False,1
Tanmayi Dara,Manager,EMP11152,Supply Chain,Regional Office,Inactive,2022-03-10 13:02:46,,tanmayi.dara69,VDR-11152,DEV60067,manager664,False,1
Unnati Sane,Director,EMP11367,Sales,Warehouse,Inactive,2022-09-03 16:55:00,2023-11-20 02:42:29,unnati.sane95,WS-11367,DEV85384,manager394,False,1
Netra Kumar,Specialist,EMP12568,Sales,Head Office,Active,2024-06-06 23:27:22,,netra_kumar59,VDR-12568,DEV10632,manager896,False,1
Onveer Seshadri,Director,EMP10064,Operations,,Disabled,,,onveer.seshadri42,WS-10064,DEV43065,manager458,False,1
Manan Bhattacharyya,Director,EMP12062,Sales,Remote,Active,2024-09-13 07:43:00,,manan.bhattacharyya67,WS-12062,DEV30991,manager124,False,1
Frederick Cheema,Officer,EMP11180,Human Resources,Data Center,Active,,,frederick_cheema35,LPT-11180,,manager288,False,0
Anamika Mutti,Manager,EMP10492,Legal,Regional Office,Active,2026-02-05 05:34:24,,anamika.mutti95,VDR-10492,DEV30152,manager189,False,1
Tejas Nagy,Trainee,EMP10379,IT,Warehouse,Inactive,2021-05-10 00:00:00,,tejas.nagy36,WS-10379,DEV86544,manager772,False,1
Pahal Pingle,Specialist,EMP12235,Human Resources,Work From Home,Inactive,2024-01-13 02:03:45,2025-05-09 23:33:46,pahal_pingle94,VDR-12235,DEV77458,unknown,False,1
Nitesh Sekhon,Consultant,EMP10763,Procurement,Regional Office,Inactive,2025-09-27 00:00:00,2025-10-17 02:22:09,nitesh.sekhon11,LPT-10763,DEV77467,manager474,False,1
Yoshita Kaur,Administrator,EMP12264,Finance,,Active,2024-12-13 13:29:00,,yoshita.kaur51,WS-12264,DEV80416,manager291,False,1
Ishani Date,Trainee,EMP10791,Finance,Regional Office,Active,2026-07-03 21:32:00,,ishani.date54,VDR-10791,DEV42079,manager168,False,1
Bina Rana,Engineer,EMP11076,Compliance,,Active,2020-12-12 01:16:59,,bina.rana72,,DEV25163,manager858,False,1
Irya Manda,Trainee,EMP10878,R&D,Regional Office,Active,2022-10-20 11:51:00,,irya.manda85,WS-10878,,,False,0
Lucky Balakrishnan,Consultant,EMP10337,IT,Work From Home,Active,2024-01-24 03:54:00,,lucky.balakrishnan2,LPT-10337,DEV65353,manager492,False,1
Pahal Chokshi,Executive,EMP12767,Finance,,Active,2024-06-17 08:41:49,,pahal.chokshi86,LPT-12767,,manager269,False,0
Anamika Anne,Analyst,EMP12343,R&D,Remote,Active,2021-06-25 11:15:02,,anamika.anne36,WS-12343,DEV42955,,False,1
Neel Joshi,Trainee,EMP11016,Innovation,,Active,2023-11-18 16:41:16,,neel.joshi63,LPT-11016,DEV21941,manager962,False,1
Dhriti Hegde,Consultant,EMP11275,Legal,Branch Office,Active,2023-03-19 17:11:18,,dhriti.hegde74,VDR-11275,DEV21701,manager380,False,1
Aarnav Sanghvi,Manager,EMP10455,IT,Remote,Active,2025-10-07 06:02:38,,aarnav.sanghvi57,VDR-10455,,manager861,False,0
Samesh Padmanabhan,Engineer,EMP10815,Operations,,Disabled,2023-06-10 01:58:31,2025-03-30 20:05:00,samesh.padmanabhan9,LPT-10815,DEV87982,manager385,False,1
Zilmil Kara,Executive,EMP12317,Operations,Branch Office,Active,,,zilmil.kara36,WS-12317,DEV96237,manager617,False,1
Triveni Keer,Director,EMP10995,Sales,Branch Office,Inactive,,2026-08-26 12:31:00,triveni.keer58,,DEV65708,manager663,False,1
Logan Nagi,Officer,EMP11981,Human Resources,Remote,Disabled,2024-12-04 18:12:59,2026-02-19 12:41:37,logan.nagi59,LPT-11981,DEV80158,manager438,False,1
Warhi Sharma,Officer,EMP10201,Operations,,Disabled,2024-09-09 21:46:37,2026-07-28 17:19:31,warhi.sharma4,WS-10201,,manager416,False,0
Timothy Hegde,Manager,EMP10161,Human Resources,Warehouse,Active,2024-12-08 00:00:00,,timothy.hegde37,VDR-10161,,manager910,False,0
Naksh Sekhon,Administrator,EMP11579,R&D,Branch Office,Active,2026-03-23 11:55:42,,naksh.sekhon89,VDR-11579,DEV23506,manager713,False,1
Yamini Lal,Consultant,EMP12777,R&D,Branch Office,Active,2020-04-13 00:00:00,,yamini.lal74,VDR-12777,DEV81246,manager653,False,1
Azad Natarajan,Executive,EMP12449,Procurement,Remote,Active,2025-09-16 05:30:05,,azad.natarajan76,WS-12449,DEV39296,manager751,False,1
Anjali Merchant,Trainee,EMP10702,Marketing,,Inactive,2020-10-01 19:02:00,2026-02-12 00:00:00,anjali.merchant97,LPT-10702,DEV78597,manager784,False,1
Falak Bhattacharyya,Executive,EMP11500,Brand,Regional Office,Active,2022-06-27 00:00:00,,falak.bhattacharyya87,VDR-11500,DEV26849,,False,1
Anay Barad,Manager,EMP11129,Finance,Head Office,Active,2024-04-02 00:00:00,,anay.barad50,LPT-11129,DEV26531,manager800,False,1
Jagdish Sinha,Analyst,EMP12613,Procurement,Regional Office,Active,2025-07-06 07:26:20,,jagdish.sinha46,VDR-12613,DEV43865,manager751,False,1
Gaurika Raman,Manager,EMP11021,IT,Regional Office,Active,2023-03-30 05:01:08,,gaurika.raman60,VDR-11021,DEV98555,manager508,False,1
Ekantika Natarajan,Consultant,EMP11585,Sales,Warehouse,Active,,,,VDR-11585,DEV89142,manager140,False,1
Ronith Narayan,Manager,EMP11955,Finance,,Active,,,ronith.narayan29,LPT-11955,,manager906,False,0
Hitesh Dani,Consultant,EMP12253,Supply Chain,Regional Office,Active,2020-07-23 07:38:03,,hitesh.dani91,LPT-12253,DEV40225,manager502,False,1
Lajita Varkey,Engineer,EMP10034,Human Resources,Remote,Active,2024-08-14 17:16:00,,lajita.varkey45,WS-10034,DEV30676,manager726,False,1
Vamakshi Chacko,Executive,EMP10775,Finance,Branch Office,Active,,,vamakshi.chacko24,LPT-10775,DEV25324,manager551,False,1
Siya Baria,Specialist,EMP12556,Operations,,Active,,,siya.baria89,,DEV24673,manager688,False,1
Rudra Chakrabarti,Director,EMP11478,Legal,Work From Home,Active,2024-03-04 17:29:05,,rudra.chakrabarti73,LPT-11478,DEV47209,,False,1
Lakshmi Madan,Executive,EMP11390,IT,,Active,2026-07-27 19:11:08,,lakshmi_madan63,WS-11390,DEV13177,manager134,False,1
Wridesh Jha,Executive,EMP12139,Sales,Data Center,Inactive,2025-11-16 15:30:29,2026-02-11 16:33:27,wridesh.jha71,WS-12139,DEV98367,manager486,False,1
Chatura Sankar,Executive,EMP11363,Finance,Regional Office,Active,2020-01-25 04:23:52,,chatura.sankar90,VDR-11363,DEV76764,manager478,False,1
Ekapad Dass,Engineer,EMP12945,Compliance,Head Office,Disabled,2023-01-13 05:47:30,2025-10-07 00:00:00,ekapad.dass17,VDR-12945,DEV86618,manager727,False,1
Advay Dani,Officer,EMP12612,R&D,Data Center,Inactive,2026-06-11 00:00:00,2026-06-27 02:32:00,advay.dani76,LPT-12612,DEV23757,unknown,False,1
Dominic Borde,Consultant,EMP12824,Operations,Warehouse,Inactive,2022-05-29 05:16:25,2025-10-17 00:00:00,dominic.borde50,LPT-12824,DEV47144,,False,1
Advaith Choudhary,Analyst,EMP12041,Sales,Branch Office,Active,2025-09-29 00:00:00,,advaith.choudhary34,WS-12041,DEV92329,,False,1
Varenya Narain,Director,EMP10241,Legal,Warehouse,Active,2020-10-23 00:00:00,,varenya.narain82,WS-10241,,manager243,False,0
Harish Sura,Administrator,EMP12061,IT,Warehouse,Active,2020-01-26 05:05:13,,harish.sura83,LPT-12061,DEV17731,,False,1
Peter Sampath,Analyst,EMP12363,R&D,Branch Office,Active,2024-07-01 00:00:00,,peter.sampath76,WS-12363,,manager523,False,0
Pallavi Deshpande,Manager,EMP10600,Marketing,Branch Office,Active,2021-12-18 17:57:02,,pallavi.deshpande10,VDR-10600,DEV22729,manager294,False,1
Vasana Pandey,Analyst,EMP12435,Customer Support,Remote,Inactive,2025-03-28 16:08:49,2026-06-10 04:13:09,vasana.pandey31,VDR-12435,DEV31212,,False,1
Zansi Sodhi,Engineer,EMP11297,Finance,Branch Office,Active,2024-02-01 18:10:35,,zansi.sodhi24,VDR-11297,,manager783,False,0
Samuel Acharya,Specialist,EMP12214,People,Data Center,Active,2022-01-05 00:00:00,,samuel.acharya59,WS-12214,,manager189,False,0
Mekhala Jani,Officer,EMP12888,Operations,Warehouse,Active,2025-03-11 00:00:00,,mekhala.jani12,LPT-12888,DEV53532,unknown,False,1
Fariq Dayal,Executive,EMP12068,Procurement,Work From Home,Active,2021-04-27 00:00:00,,fariq_dayal84,LPT-12068,DEV52706,manager680,False,1
Nirja Rau,Officer,EMP10646,People,,Inactive,2025-12-02 18:01:56,2026-05-04 09:40:46,nirja.rau58,LPT-10646,DEV86735,manager561,False,1
Udyati Thaker,Administrator,EMP11528,Procurement,Warehouse,Active,2022-01-31 00:00:00,,udyati_thaker20,LPT-11528,,manager659,False,0
Nirja Mani,Analyst,EMP12879,Sales,,Active,2021-10-21 03:51:10,,nirja_mani53,WS-12879,,manager521,False,0
Indira Tella,Administrator,EMP11267,R&D,Work From Home,Active,2025-10-18 04:02:04,,indira.tella80,VDR-11267,DEV41276,manager291,False,1
Rayaan Srinivas,Manager,EMP11899,Customer Support,Warehouse,Active,2021-11-27 22:11:37,,rayaan.srinivas61,WS-11899,,manager804,False,0
Manan Desai,Administrator,EMP10562,Procurement,,Inactive,2025-06-13 05:09:19,,manan.desai49,,DEV28985,manager727,False,1
Xavier Kade,Director,EMP12734,R&D,Head Office,Disabled,2025-06-04 04:54:00,2025-06-21 05:17:00,xavier.kade65,VDR-12734,DEV51276,,False,1
Kai Sastry,Trainee,EMP10189,Legal,Data Center,Active,2024-03-25 00:00:00,,kai.sastry56,WS-10189,DEV34486,manager916,False,1
Shivansh Goyal,Officer,EMP11806,Finance,Head Office,Active,2026-02-24 22:20:02,,shivansh.goyal35,WS-11806,,manager646,False,0
Azad Baral,Consultant,EMP10975,People,,Active,2022-10-16 15:53:00,,azad.baral80,VDR-10975,DEV13404,manager210,False,1
Chanakya Keer,Engineer,EMP12747,Brand,Regional Office,Inactive,2024-06-27 12:27:27,2024-09-15 23:53:22,chanakya.keer83,LPT-12747,DEV55054,manager766,False,1
Tamanna Mital,Specialist,EMP12047,Human Resources,Warehouse,Active,2026-03-25 19:17:29,,tamanna.mital68,WS-12047,,,False,0
Nidra Vasa,Specialist,EMP12558,Marketing,Work From Home,Active,2024-09-23 10:33:31,,nidra.vasa97,VDR-12558,DEV64214,manager999,False,1
Om Jain,Consultant,EMP11082,IT,Branch Office,Disabled,,2022-05-12 14:11:31,om_jain49,VDR-11082,DEV37605,,True,2
Ekani Wadhwa,Officer,EMP10474,Operations,,Inactive,2026-01-15 06:39:21,2026-08-10 00:00:00,ekani.wadhwa15,VDR-10474,DEV84794,manager967,False,1
Charan Narang,Trainee,EMP12904,Sales,Warehouse,Active,2022-09-22 00:00:00,,charan.narang96,LPT-12904,DEV56234,manager159,False,1
Yashica Patla,Administrator,EMP10747,Operations,Branch Office,Active,2026-06-14 00:00:00,,yashica.patla7,WS-10747,DEV42949,manager206,True,2
Jeevika Bhardwaj,Officer,EMP12300,Customer Support,Regional Office,Active,2025-01-19 20:41:20,,jeevika.bhardwaj87,LPT-12300,DEV79966,,False,1
Alexander Sha,Engineer,EMP10021,IT,Head Office,Active,2022-01-09 10:54:42,,alexander.sha81,LPT-10021,DEV53309,manager597,False,1
Advika Dey,Trainee,EMP10459,People,Remote,On Leave,2020-06-05 10:25:16,,advika.dey22,LPT-10459,DEV53371,manager663,False,1
Ira Tripathi,Engineer,EMP11184,Marketing,,Inactive,2022-01-16 16:41:00,2022-06-05 00:00:00,ira.tripathi2,LPT-11184,DEV93674,manager909,False,1
Krishna Panchal,Director,EMP12324,Sales,Warehouse,Active,2021-05-26 00:23:58,,krishna.panchal99,VDR-12324,DEV21382,,False,1
Janya Kuruvilla,Trainee,EMP10955,Marketing,Remote,On Leave,,,janya.kuruvilla44,LPT-10955,DEV96805,manager713,False,1
Gopal Nath,Officer,EMP11215,Procurement,Head Office,Active,,,gopal.nath97,VDR-11215,DEV68209,manager972,False,1
Osha Dora,Analyst,EMP12433,IT,Head Office,Active,2024-08-02 00:00:00,,osha_dora22,WS-12433,DEV35782,manager657,False,1
Advika Thakur,Executive,EMP12853,Customer Support,,Active,2024-11-03 08:44:16,,advika.thakur47,WS-12853,,,False,0
Yashoda Kalita,Trainee,EMP11515,Finance,Head Office,Active,2021-05-21 00:00:00,,yashoda.kalita15,WS-11515,DEV76787,manager878,False,1
Pooja Iyengar,Analyst,EMP12391,Operations,Data Center,Active,2025-03-09 04:28:39,,pooja.iyengar59,WS-12391,,manager868,False,0
Aashi Joshi,Manager,EMP10769,Brand,Head Office,Active,,,,LPT-10769,DEV46168,manager995,False,1
Zaid Kata,Specialist,EMP11685,Operations,Regional Office,Active,2022-09-18 07:08:04,,zaid.kata76,LPT-11685,DEV84606,,True,2
Arjun Deol,Consultant,EMP10130,IT,Branch Office,Active,2026-07-05 06:16:08,,arjun.deol3,LPT-10130,DEV84000,manager700,False,1
Baghyawati Boase,Executive,EMP12919,Human Resources,Branch Office,Disabled,2021-09-08 13:39:41,2025-06-18 22:26:00,baghyawati.boase84,VDR-12919,,manager742,False,0
Arunima Sharaf,Executive,EMP12135,Human Resources,Work From Home,Active,2022-07-19 16:29:22,,arunima.sharaf86,LPT-12135,DEV59840,manager193,True,2
Simon Srinivasan,Officer,EMP11482,Operations,Warehouse,Active,2023-06-09 01:53:08,,simon.srinivasan98,VDR-11482,DEV61402,manager575,False,1
Madhavi Saraf,Analyst,EMP10330,Procurement,Work From Home,Active,2023-11-25 08:27:00,,madhavi.saraf42,VDR-10330,DEV22208,manager814,False,1
Brinda Kade,Manager,EMP11238,Operations,Data Center,On Leave,2022-02-25 00:00:00,,brinda.kade46,LPT-11238,DEV14424,manager400,False,1
Tanvi Mane,Manager,EMP10466,Legal,Remote,Active,2023-05-05 00:00:00,,tanvi.mane92,VDR-10466,DEV35679,manager944,False,1
Banjeet Bains,Engineer,EMP12169,Operations,Head Office,Active,,,banjeet.bains78,LPT-12169,DEV98508,manager255,False,1
Daniel Kala,Trainee,EMP11638,R&D,Head Office,Active,2023-04-20 16:08:16,,daniel.kala5,LPT-11638,DEV39968,manager880,True,2
Nicholas Sur,Trainee,EMP11095,Customer Support,Head Office,Active,2025-07-17 18:19:24,,nicholas.sur69,VDR-11095,DEV86640,manager871,False,1
Radhika Sampath,Consultant,EMP11130,IT,Data Center,Active,2022-06-18 08:11:46,,radhika.sampath31,VDR-11130,DEV11052,manager184,False,1
Forum Gala,Officer,EMP11294,Human Resources,Head Office,Active,2020-03-17 14:30:46,,forum.gala78,LPT-11294,DEV36777,,False,1
Alexander D’Alia,Executive,EMP10860,Operations,Warehouse,Active,,,alexander.d’alia12,LPT-10860,DEV11850,,False,1
