device_key,alert_count,critical_alert_count,high_alert_count,unresolved_alert_count,unresolved_critical_count,malware_or_ransomware_count,powershell_count,lateral_movement_count,credential_access_count,tampering_count,usb_count,impossible_resolution_count,inactive_user_activity_count,identity_join_review_count,associated_user_count,risk_score,risk_reasons,critical_severity_points,high_severity_points,unresolved_critical_points,malware_ransomware_points,powershell_points,lateral_movement_points,credential_access_points,tampering_points,usb_points,impossible_resolution_points,inactive_user_points,identity_review_points,risk_band,hostname,device_criticality,departments
WS-11374,7,1,2,5,1,2,0,1,1,0,1,0,7,7,1,53,1 critical alert(s); 1 unresolved critical alert(s); 2 malware/ransomware alert(s); 1 lateral-movement alert(s); 1 credential-access alert(s); 7 inactive-user event(s); 7 identity review concern(s),5,6,3,6,0,2,2,0,1,0,21,7,Critical,WS-11374,Low,Hr
WS-12745,6,0,4,4,0,3,1,1,1,0,0,1,6,6,1,52,3 malware/ransomware alert(s); 1 PowerShell alert(s); 1 lateral-movement alert(s); 1 credential-access alert(s); 6 inactive-user event(s); 6 identity review concern(s),0,12,0,9,2,2,2,0,0,1,18,6,Critical,WS-12745,Medium,Cs
VDR-10238,7,1,2,3,1,3,3,0,0,0,0,0,7,0,1,50,1 critical alert(s); 1 unresolved critical alert(s); 3 malware/ransomware alert(s); 3 PowerShell alert(s); 7 inactive-user event(s),5,6,3,9,6,0,0,0,0,0,21,0,Critical,VDR-10238,Medium,Legal
WS-10394,8,2,3,5,2,4,0,2,2,0,0,1,0,0,1,46,2 critical alert(s); 2 unresolved critical alert(s); 4 malware/ransomware alert(s); 2 lateral-movement alert(s); 2 credential-access alert(s),10,9,6,12,0,4,4,0,0,1,0,0,Critical,WS-10394,High,Human Resource
LPT-12990,6,2,1,5,1,2,0,0,3,0,0,0,6,0,1,46,2 critical alert(s); 1 unresolved critical alert(s); 2 malware/ransomware alert(s); 3 credential-access alert(s); 6 inactive-user event(s),10,3,3,6,0,0,6,0,0,0,18,0,Critical,LPT-12990,Low,Procurement Team
VDR-11757,6,1,2,4,1,4,1,0,0,0,0,0,6,0,1,46,1 critical alert(s); 1 unresolved critical alert(s); 4 malware/ransomware alert(s); 1 PowerShell alert(s); 6 inactive-user event(s),5,6,3,12,2,0,0,0,0,0,18,0,Critical,VDR-11757,Low,It Support
LPT-11024,7,0,3,3,0,3,0,2,0,0,1,1,7,0,1,45,3 malware/ransomware alert(s); 2 lateral-movement alert(s); 7 inactive-user event(s),0,9,0,9,0,4,0,0,1,1,21,0,Critical,LPT-11024,Medium,Innovation
LPT-11862,7,0,2,7,0,3,2,1,1,0,0,0,7,0,1,44,3 malware/ransomware alert(s); 2 PowerShell alert(s); 1 lateral-movement alert(s); 1 credential-access alert(s); 7 inactive-user event(s),0,6,0,9,4,2,2,0,0,0,21,0,Critical,LPT-11862,Medium,Cs
VDR-10300,6,0,4,5,0,2,1,2,0,0,1,1,6,0,1,44,2 malware/ransomware alert(s); 1 PowerShell alert(s); 2 lateral-movement alert(s); 6 inactive-user event(s),0,12,0,6,2,4,0,0,1,1,18,0,Critical,VDR-10300,High,Rnd
VDR-10914,6,0,3,6,0,1,3,0,1,0,0,0,6,6,1,44,1 malware/ransomware alert(s); 3 PowerShell alert(s); 1 credential-access alert(s); 6 inactive-user event(s); 6 identity review concern(s),0,9,0,3,6,0,2,0,0,0,18,6,Critical,VDR-10914,Critical,Operations Dept
WS-11260,6,0,1,6,0,5,0,0,0,0,1,0,6,6,1,43,5 malware/ransomware alert(s); 6 inactive-user event(s); 6 identity review concern(s),0,3,0,15,0,0,0,0,1,0,18,6,Critical,WS-11260,Medium,Customer Care
LPT-10100,7,0,2,3,0,2,2,2,0,0,1,0,7,0,1,42,2 malware/ransomware alert(s); 2 PowerShell alert(s); 2 lateral-movement alert(s); 7 inactive-user event(s),0,6,0,6,4,4,0,0,1,0,21,0,Critical,LPT-10100,Critical,Sales
WS-12162,6,3,1,4,3,4,1,0,0,0,1,0,0,0,1,42,3 critical alert(s); 3 unresolved critical alert(s); 4 malware/ransomware alert(s); 1 PowerShell alert(s),15,3,9,12,2,0,0,0,1,0,0,0,Critical,WS-12162,Low,Procurement
VDR-10562,7,0,0,7,0,0,2,2,2,0,1,0,7,7,1,41,2 PowerShell alert(s); 2 lateral-movement alert(s); 2 credential-access alert(s); 7 inactive-user event(s); 7 identity review concern(s),0,0,0,0,4,4,4,0,1,0,21,7,Critical,VDR-10562,Low,Purch
VDR-11224,7,0,0,4,0,3,1,1,0,0,0,0,7,7,1,41,3 malware/ransomware alert(s); 1 PowerShell alert(s); 1 lateral-movement alert(s); 7 inactive-user event(s); 7 identity review concern(s),0,0,0,9,2,2,0,0,0,0,21,7,Critical,VDR-11224,Critical,Supply Chain
WS-12446,6,1,1,5,1,2,1,1,1,0,0,0,6,0,1,41,1 critical alert(s); 1 unresolved critical alert(s); 2 malware/ransomware alert(s); 1 PowerShell alert(s); 1 lateral-movement alert(s); 1 credential-access alert(s); 6 inactive-user event(s),5,3,3,6,2,2,2,0,0,0,18,0,Critical,WS-12446,Medium,Human Resource
LPT-10439,5,0,3,2,0,2,0,2,1,0,0,0,5,5,1,41,2 malware/ransomware alert(s); 2 lateral-movement alert(s); 1 credential-access alert(s); 5 inactive-user event(s); 5 identity review concern(s),0,9,0,6,0,4,2,0,0,0,15,5,Critical,LPT-10439,Critical,Ops
WS-12409,7,1,1,5,1,1,1,0,1,0,1,0,7,0,1,40,1 critical alert(s); 1 unresolved critical alert(s); 1 malware/ransomware alert(s); 1 PowerShell alert(s); 1 credential-access alert(s); 7 inactive-user event(s),5,3,3,3,2,0,2,0,1,0,21,0,Critical,WS-12409,Medium,Sales Dept
VDR-11507,6,1,1,3,1,1,2,0,2,0,0,0,6,0,1,40,1 critical alert(s); 1 unresolved critical alert(s); 1 malware/ransomware alert(s); 2 PowerShell alert(s); 2 credential-access alert(s); 6 inactive-user event(s),5,3,3,3,4,0,4,0,0,0,18,0,Critical,VDR-11507,Low,Hr
WS-11218,4,2,1,4,2,2,0,0,1,0,1,0,4,0,1,40,2 critical alert(s); 2 unresolved critical alert(s); 2 malware/ransomware alert(s); 1 credential-access alert(s); 4 inactive-user event(s),10,3,6,6,0,0,2,0,1,0,12,0,Critical,WS-11218,Critical,Mkt
VDR-11402,6,0,3,4,0,1,1,2,1,0,1,0,6,0,1,39,1 malware/ransomware alert(s); 1 PowerShell alert(s); 2 lateral-movement alert(s); 1 credential-access alert(s); 6 inactive-user event(s),0,9,0,3,2,4,2,0,1,0,18,0,Critical,VDR-11402,High,Customer Support
WS-10806,5,1,1,3,1,3,1,0,1,0,0,0,5,0,1,39,1 critical alert(s); 1 unresolved critical alert(s); 3 malware/ransomware alert(s); 1 PowerShell alert(s); 1 credential-access alert(s); 5 inactive-user event(s),5,3,3,9,2,0,2,0,0,0,15,0,Critical,WS-10806,Critical,Marketing
WS-10500,4,2,1,3,2,1,1,0,1,0,1,0,4,0,1,39,2 critical alert(s); 2 unresolved critical alert(s); 1 malware/ransomware alert(s); 1 PowerShell alert(s); 1 credential-access alert(s); 4 inactive-user event(s),10,3,6,3,2,0,2,0,1,0,12,0,Critical,WS-10500,High,Sales
VDR-10035,5,1,0,2,1,5,0,0,0,0,0,0,5,0,1,38,1 critical alert(s); 1 unresolved critical alert(s); 5 malware/ransomware alert(s); 5 inactive-user event(s),5,0,3,15,0,0,0,0,0,0,15,0,Critical,VDR-10035,Critical,Call Center
LPT-11290,4,1,1,3,1,3,0,0,1,0,0,0,4,4,1,38,1 critical alert(s); 1 unresolved critical alert(s); 3 malware/ransomware alert(s); 1 credential-access alert(s); 4 inactive-user event(s); 4 identity review concern(s),5,3,3,9,0,0,2,0,0,0,12,4,Critical,LPT-11290,Medium,Innovation
LPT-10708,3,2,1,3,2,3,0,0,0,0,0,0,3,0,1,37,2 critical alert(s); 2 unresolved critical alert(s); 3 malware/ransomware alert(s); 3 inactive-user event(s),10,3,6,9,0,0,0,0,0,0,9,0,Critical,LPT-10708,High,Finance
LPT-10041,6,0,2,4,0,2,1,0,1,0,2,0,6,0,1,36,2 malware/ransomware alert(s); 1 PowerShell alert(s); 1 credential-access alert(s); 6 inactive-user event(s),0,6,0,6,2,0,2,0,2,0,18,0,Critical,LPT-10041,High,Purchase
LPT-10112,6,1,0,4,1,1,0,1,1,0,3,0,6,0,1,36,1 critical alert(s); 1 unresolved critical alert(s); 1 malware/ransomware alert(s); 1 lateral-movement alert(s); 1 credential-access alert(s); 6 inactive-user event(s),5,0,3,3,0,2,2,0,3,0,18,0,Critical,LPT-10112,High,Fin
VDR-10527,6,1,3,5,1,2,0,1,2,0,1,0,0,6,1,36,1 critical alert(s); 1 unresolved critical alert(s); 2 malware/ransomware alert(s); 1 lateral-movement alert(s); 2 credential-access alert(s); 6 identity review concern(s),5,9,3,6,0,2,4,0,1,0,0,6,Critical,VDR-10527,Medium,Legal Dept
VDR-11973,6,0,0,3,0,3,0,1,0,0,1,0,6,6,1,36,3 malware/ransomware alert(s); 1 lateral-movement alert(s); 6 inactive-user event(s); 6 identity review concern(s),0,0,0,9,0,2,0,0,1,0,18,6,Critical,VDR-11973,Low,R&D
LPT-11376,5,0,2,4,0,2,0,1,1,0,0,0,5,5,1,36,2 malware/ransomware alert(s); 1 lateral-movement alert(s); 1 credential-access alert(s); 5 inactive-user event(s); 5 identity review concern(s),0,6,0,6,0,2,2,0,0,0,15,5,Critical,LPT-11376,Critical,R&D
LPT-11250,4,1,1,2,1,2,0,1,0,0,1,0,4,4,1,36,1 critical alert(s); 1 unresolved critical alert(s); 2 malware/ransomware alert(s); 1 lateral-movement alert(s); 4 inactive-user event(s); 4 identity review concern(s),5,3,3,6,0,2,0,0,1,0,12,4,Critical,LPT-11250,Low,Customer Care
VDR-12073,7,2,2,6,2,3,1,0,0,0,2,0,0,0,1,35,2 critical alert(s); 2 unresolved critical alert(s); 3 malware/ransomware alert(s); 1 PowerShell alert(s),10,6,6,9,2,0,0,0,2,0,0,0,Critical,VDR-12073,Medium,Supply Chain
LPT-12911,6,1,4,6,1,3,2,1,0,0,0,0,0,0,1,35,1 critical alert(s); 1 unresolved critical alert(s); 3 malware/ransomware alert(s); 2 PowerShell alert(s); 1 lateral-movement alert(s),5,12,3,9,4,2,0,0,0,0,0,0,Critical,LPT-12911,High,Sales Team
VDR-11617,6,0,2,2,0,1,2,0,2,0,0,0,6,0,1,35,1 malware/ransomware alert(s); 2 PowerShell alert(s); 2 credential-access alert(s); 6 inactive-user event(s),0,6,0,3,4,0,4,0,0,0,18,0,Critical,VDR-11617,Medium,Finance
LPT-12268,5,1,1,3,1,1,1,0,1,0,1,1,5,0,1,35,1 critical alert(s); 1 unresolved critical alert(s); 1 malware/ransomware alert(s); 1 PowerShell alert(s); 1 credential-access alert(s); 5 inactive-user event(s),5,3,3,3,2,0,2,0,1,1,15,0,Critical,LPT-12268,Medium,Sales
WS-10714,5,1,1,2,0,3,0,0,1,0,0,1,5,0,1,35,1 critical alert(s); 3 malware/ransomware alert(s); 1 credential-access alert(s); 5 inactive-user event(s),5,3,0,9,0,0,2,0,0,1,15,0,Critical,WS-10714,Low,Cs
WS-10281,4,2,0,2,1,2,0,1,1,0,0,0,4,0,1,35,2 critical alert(s); 1 unresolved critical alert(s); 2 malware/ransomware alert(s); 1 lateral-movement alert(s); 1 credential-access alert(s); 4 inactive-user event(s),10,0,3,6,0,2,2,0,0,0,12,0,Critical,WS-10281,Critical,People Team
VDR-12247,3,2,1,2,1,1,1,0,1,0,0,0,3,3,1,35,2 critical alert(s); 1 unresolved critical alert(s); 1 malware/ransomware alert(s); 1 PowerShell alert(s); 1 credential-access alert(s); 3 inactive-user event(s); 3 identity review concern(s),10,3,3,3,2,0,2,0,0,0,9,3,Critical,VDR-12247,Critical,It Support
LPT-12424,9,1,4,8,0,3,0,1,1,0,4,0,0,0,1,34,1 critical alert(s); 3 malware/ransomware alert(s); 1 lateral-movement alert(s); 1 credential-access alert(s),5,12,0,9,0,2,2,0,4,0,0,0,Critical,LPT-12424,High,Mkt
VDR-11599,7,2,1,7,2,4,0,0,0,0,3,0,0,0,1,34,2 critical alert(s); 2 unresolved critical alert(s); 4 malware/ransomware alert(s),10,3,6,12,0,0,0,0,3,0,0,0,Critical,VDR-11599,High,R&D
LPT-12197,6,0,1,3,0,1,2,2,1,0,0,0,6,0,1,34,1 malware/ransomware alert(s); 2 PowerShell alert(s); 2 lateral-movement alert(s); 1 credential-access alert(s); 6 inactive-user event(s),0,3,0,3,4,4,2,0,0,0,18,0,Critical,LPT-12197,Low,People Team
VDR-10577,6,1,0,2,0,2,1,0,0,0,3,0,6,0,1,34,1 critical alert(s); 2 malware/ransomware alert(s); 1 PowerShell alert(s); 6 inactive-user event(s),5,0,0,6,2,0,0,0,3,0,18,0,Critical,VDR-10577,Medium,Mktg
LPT-11577,5,0,1,5,0,2,0,1,1,0,0,1,5,5,1,34,2 malware/ransomware alert(s); 1 lateral-movement alert(s); 1 credential-access alert(s); 5 inactive-user event(s); 5 identity review concern(s),0,3,0,6,0,2,2,0,0,1,15,5,Critical,LPT-11577,Medium,Customer Support
VDR-10109,5,1,1,4,1,1,2,0,0,0,1,0,5,0,1,34,1 critical alert(s); 1 unresolved critical alert(s); 1 malware/ransomware alert(s); 2 PowerShell alert(s); 5 inactive-user event(s),5,3,3,3,4,0,0,0,1,0,15,0,Critical,VDR-10109,Medium,Legal
VDR-10674,5,1,0,5,1,2,1,1,0,0,1,0,5,0,1,34,1 critical alert(s); 1 unresolved critical alert(s); 2 malware/ransomware alert(s); 1 PowerShell alert(s); 1 lateral-movement alert(s); 5 inactive-user event(s),5,0,3,6,2,2,0,0,1,0,15,0,Critical,VDR-10674,Medium,Information Technology
LPT-11857,6,0,0,3,0,3,1,1,1,0,0,0,6,0,1,33,3 malware/ransomware alert(s); 1 PowerShell alert(s); 1 lateral-movement alert(s); 1 credential-access alert(s); 6 inactive-user event(s),0,0,0,9,2,2,2,0,0,0,18,0,Critical,LPT-11857,High,Compliance
VDR-11210,6,2,2,3,1,3,1,1,0,0,1,0,0,0,1,33,2 critical alert(s); 1 unresolved critical alert(s); 3 malware/ransomware alert(s); 1 PowerShell alert(s); 1 lateral-movement alert(s),10,6,3,9,2,2,0,0,1,0,0,0,Critical,VDR-11210,Critical,Sales Team
WS-11749,6,0,2,5,0,1,0,2,0,0,2,0,6,0,1,33,1 malware/ransomware alert(s); 2 lateral-movement alert(s); 6 inactive-user event(s),0,6,0,3,0,4,0,0,2,0,18,0,Critical,WS-11749,Low,Operations
VDR-10387,4,0,2,3,0,3,0,0,1,0,0,0,4,4,1,33,3 malware/ransomware alert(s); 1 credential-access alert(s); 4 inactive-user event(s); 4 identity review concern(s),0,6,0,9,0,0,2,0,0,0,12,4,Critical,VDR-10387,Low,Supply Chain
VDR-10542,4,1,2,3,0,2,0,1,1,0,0,0,4,0,1,33,1 critical alert(s); 2 malware/ransomware alert(s); 1 lateral-movement alert(s); 1 credential-access alert(s); 4 inactive-user event(s),5,6,0,6,0,2,2,0,0,0,12,0,Critical,VDR-10542,High,Marketing Dept
WS-12515,4,1,0,2,1,3,0,0,0,0,0,0,4,4,1,33,1 critical alert(s); 1 unresolved critical alert(s); 3 malware/ransomware alert(s); 4 inactive-user event(s); 4 identity review concern(s),5,0,3,9,0,0,0,0,0,0,12,4,Critical,WS-12515,Low,Sales
WS-10486,7,1,3,6,1,2,1,1,2,0,1,0,0,0,1,32,1 critical alert(s); 1 unresolved critical alert(s); 2 malware/ransomware alert(s); 1 PowerShell alert(s); 1 lateral-movement alert(s); 2 credential-access alert(s),5,9,3,6,2,2,4,0,1,0,0,0,Critical,WS-10486,Medium,Sales Dept
WS-11682,6,2,2,4,2,2,0,0,2,0,0,0,0,0,1,32,2 critical alert(s); 2 unresolved critical alert(s); 2 malware/ransomware alert(s); 2 credential-access alert(s),10,6,6,6,0,0,4,0,0,0,0,0,Critical,WS-11682,Critical,Compliance
LPT-12457,5,1,1,2,1,1,0,0,0,0,3,0,5,0,1,32,1 critical alert(s); 1 unresolved critical alert(s); 1 malware/ransomware alert(s); 5 inactive-user event(s),5,3,3,3,0,0,0,0,3,0,15,0,Critical,LPT-12457,Low,Compliance
VDR-11375,5,0,0,3,0,3,0,1,0,0,1,0,5,5,1,32,3 malware/ransomware alert(s); 1 lateral-movement alert(s); 5 inactive-user event(s); 5 identity review concern(s),0,0,0,9,0,2,0,0,1,0,15,5,Critical,VDR-11375,Low,It Dept
WS-11063,5,2,3,1,0,4,0,0,0,0,1,0,0,0,1,32,2 critical alert(s); 4 malware/ransomware alert(s),10,9,0,12,0,0,0,0,1,0,0,0,Critical,WS-11063,High,Human Resources
LPT-10655,4,3,0,4,3,0,2,1,1,0,0,0,0,0,1,32,3 critical alert(s); 3 unresolved critical alert(s); 2 PowerShell alert(s); 1 lateral-movement alert(s); 1 credential-access alert(s),15,0,9,0,4,2,2,0,0,0,0,0,Critical,LPT-10655,High,Human Resource
LPT-11048,4,3,0,3,3,2,1,0,0,0,0,0,0,0,1,32,3 critical alert(s); 3 unresolved critical alert(s); 2 malware/ransomware alert(s); 1 PowerShell alert(s),15,0,9,6,2,0,0,0,0,0,0,0,Critical,LPT-11048,Medium,Finance
LPT-12998,4,2,1,2,2,1,1,0,2,0,0,0,0,4,1,32,2 critical alert(s); 2 unresolved critical alert(s); 1 malware/ransomware alert(s); 1 PowerShell alert(s); 2 credential-access alert(s); 4 identity review concern(s),10,3,6,3,2,0,4,0,0,0,0,4,Critical,LPT-12998,Low,Human Resources
VDR-12218,4,1,2,2,1,1,1,0,0,0,0,1,4,0,1,32,1 critical alert(s); 1 unresolved critical alert(s); 1 malware/ransomware alert(s); 1 PowerShell alert(s); 4 inactive-user event(s),5,6,3,3,2,0,0,0,0,1,12,0,Critical,VDR-12218,Low,Finance
WS-12878,4,2,0,2,0,3,0,0,0,0,1,0,4,0,1,32,2 critical alert(s); 3 malware/ransomware alert(s); 4 inactive-user event(s),10,0,0,9,0,0,0,0,1,0,12,0,Critical,WS-12878,Medium,Customer Support
WS-11550,8,1,2,4,1,4,1,0,1,0,1,0,0,0,1,31,1 critical alert(s); 1 unresolved critical alert(s); 4 malware/ransomware alert(s); 1 PowerShell alert(s); 1 credential-access alert(s),5,6,3,12,2,0,2,0,1,0,0,0,Critical,WS-11550,Low,Mktg
WS-11923,6,1,2,6,1,1,0,1,3,0,0,0,0,6,1,31,1 critical alert(s); 1 unresolved critical alert(s); 1 malware/ransomware alert(s); 1 lateral-movement alert(s); 3 credential-access alert(s); 6 identity review concern(s),5,6,3,3,0,2,6,0,0,0,0,6,Critical,WS-11923,Medium,Finance
VDR-10744,5,2,0,4,2,2,0,1,0,0,2,0,0,5,1,31,2 critical alert(s); 2 unresolved critical alert(s); 2 malware/ransomware alert(s); 1 lateral-movement alert(s); 5 identity review concern(s),10,0,6,6,0,2,0,0,2,0,0,5,Critical,VDR-10744,Medium,Ops
WS-12981,5,2,2,5,2,2,1,0,0,0,0,1,0,0,1,31,2 critical alert(s); 2 unresolved critical alert(s); 2 malware/ransomware alert(s); 1 PowerShell alert(s),10,6,6,6,2,0,0,0,0,1,0,0,Critical,WS-12981,Low,Mkt
LPT-10511,4,1,1,2,1,1,2,0,0,0,1,0,4,0,1,31,1 critical alert(s); 1 unresolved critical alert(s); 1 malware/ransomware alert(s); 2 PowerShell alert(s); 4 inactive-user event(s),5,3,3,3,4,0,0,0,1,0,12,0,Critical,LPT-10511,Critical,Finance
VDR-12526,4,0,1,2,0,3,0,0,1,0,0,1,4,4,1,31,3 malware/ransomware alert(s); 1 credential-access alert(s); 4 inactive-user event(s); 4 identity review concern(s),0,3,0,9,0,0,2,0,0,1,12,4,Critical,VDR-12526,Medium,Fin
LPT-10637,7,1,0,4,1,3,2,0,1,0,0,0,0,7,1,30,1 critical alert(s); 1 unresolved critical alert(s); 3 malware/ransomware alert(s); 2 PowerShell alert(s); 1 credential-access alert(s); 7 identity review concern(s),5,0,3,9,4,0,2,0,0,0,0,7,Critical,LPT-10637,Medium,Purch
LPT-11246,7,1,2,4,1,4,0,2,0,0,0,0,0,0,1,30,1 critical alert(s); 1 unresolved critical alert(s); 4 malware/ransomware alert(s); 2 lateral-movement alert(s),5,6,3,12,0,4,0,0,0,0,0,0,Critical,LPT-11246,Low,It
LPT-12762,6,0,0,5,0,2,0,1,1,0,2,0,6,0,1,30,2 malware/ransomware alert(s); 1 lateral-movement alert(s); 1 credential-access alert(s); 6 inactive-user event(s),0,0,0,6,0,2,2,0,2,0,18,0,Critical,LPT-12762,Critical,Marketing
WS-12736,6,2,0,5,2,3,0,2,0,0,1,0,0,0,1,30,2 critical alert(s); 2 unresolved critical alert(s); 3 malware/ransomware alert(s); 2 lateral-movement alert(s),10,0,6,9,0,4,0,0,1,0,0,0,Critical,WS-12736,High,Legal Dept
VDR-10455,5,2,1,5,2,1,0,1,2,0,1,1,0,0,1,30,2 critical alert(s); 2 unresolved critical alert(s); 1 malware/ransomware alert(s); 1 lateral-movement alert(s); 2 credential-access alert(s),10,3,6,3,0,2,4,0,1,1,0,0,Critical,VDR-10455,Low,It Support
WS-10355,5,0,1,4,0,2,0,0,3,0,0,0,5,0,1,30,2 malware/ransomware alert(s); 3 credential-access alert(s); 5 inactive-user event(s),0,3,0,6,0,0,6,0,0,0,15,0,Critical,WS-10355,Low,Sales
WS-11380,5,2,3,2,0,2,1,1,0,0,1,0,0,0,1,30,2 critical alert(s); 2 malware/ransomware alert(s); 1 PowerShell alert(s); 1 lateral-movement alert(s),10,9,0,6,2,2,0,0,1,0,0,0,Critical,WS-11380,High,Hr Dept
LPT-10909,4,1,0,2,1,2,0,0,2,0,0,0,4,0,1,30,1 critical alert(s); 1 unresolved critical alert(s); 2 malware/ransomware alert(s); 2 credential-access alert(s); 4 inactive-user event(s),5,0,3,6,0,0,4,0,0,0,12,0,Critical,LPT-10909,Low,Cs
VDR-10343,4,0,2,4,0,1,0,2,0,0,1,0,4,4,1,30,1 malware/ransomware alert(s); 2 lateral-movement alert(s); 4 inactive-user event(s); 4 identity review concern(s),0,6,0,3,0,4,0,0,1,0,12,4,Critical,VDR-10343,Low,Sales Dept
WS-11536,4,0,2,4,0,4,0,0,0,0,0,0,4,0,1,30,4 malware/ransomware alert(s); 4 inactive-user event(s),0,6,0,12,0,0,0,0,0,0,12,0,Critical,WS-11536,Low,Fin
LPT-10821,6,0,0,5,0,1,1,1,1,0,2,0,6,0,1,29,1 malware/ransomware alert(s); 1 PowerShell alert(s); 1 lateral-movement alert(s); 1 credential-access alert(s); 6 inactive-user event(s),0,0,0,3,2,2,2,0,2,0,18,0,Critical,LPT-10821,High,Customer Care
LPT-10522,5,0,1,4,0,2,0,0,2,0,1,0,5,0,1,29,2 malware/ransomware alert(s); 2 credential-access alert(s); 5 inactive-user event(s),0,3,0,6,0,0,4,0,1,0,15,0,Critical,LPT-10522,High,Business Sales
LPT-11841,5,0,1,2,0,1,3,1,0,0,0,0,5,0,1,29,1 malware/ransomware alert(s); 3 PowerShell alert(s); 1 lateral-movement alert(s); 5 inactive-user event(s),0,3,0,3,6,2,0,0,0,0,15,0,Critical,LPT-11841,Medium,It Support
VDR-12174,5,0,3,4,0,0,1,1,0,0,1,0,5,0,1,29,1 PowerShell alert(s); 1 lateral-movement alert(s); 5 inactive-user event(s),0,9,0,0,2,2,0,0,1,0,15,0,Critical,VDR-12174,High,Sales
LPT-10575,4,2,1,4,2,0,0,1,1,0,2,0,0,4,1,29,2 critical alert(s); 2 unresolved critical alert(s); 1 lateral-movement alert(s); 1 credential-access alert(s); 4 identity review concern(s),10,3,6,0,0,2,2,0,2,0,0,4,Critical,LPT-10575,Low,Customer Care
LPT-12817,4,1,1,4,1,0,1,1,0,0,0,2,4,0,1,29,1 critical alert(s); 1 unresolved critical alert(s); 1 PowerShell alert(s); 1 lateral-movement alert(s); 4 inactive-user event(s),5,3,3,0,2,2,0,0,0,2,12,0,Critical,LPT-12817,Low,Purchase
VDR-11493,4,2,1,2,1,3,0,0,0,0,0,0,0,4,1,29,2 critical alert(s); 1 unresolved critical alert(s); 3 malware/ransomware alert(s); 4 identity review concern(s),10,3,3,9,0,0,0,0,0,0,0,4,Critical,VDR-11493,Medium,Information Technology
VDR-11943,4,0,2,3,0,3,0,1,0,0,0,0,4,0,1,29,3 malware/ransomware alert(s); 1 lateral-movement alert(s); 4 inactive-user event(s),0,6,0,9,0,2,0,0,0,0,12,0,Critical,VDR-11943,Critical,Hr
VDR-11758,3,2,0,2,1,1,0,1,1,0,0,0,3,0,1,29,2 critical alert(s); 1 unresolved critical alert(s); 1 malware/ransomware alert(s); 1 lateral-movement alert(s); 1 credential-access alert(s); 3 inactive-user event(s),10,0,3,3,0,2,2,0,0,0,9,0,Critical,VDR-11758,Low,Purch
VDR-11951,3,1,1,2,1,3,0,0,0,0,0,0,3,0,1,29,1 critical alert(s); 1 unresolved critical alert(s); 3 malware/ransomware alert(s); 3 inactive-user event(s),5,3,3,9,0,0,0,0,0,0,9,0,Critical,VDR-11951,Low,Mktg
LPT-11025,9,1,3,7,1,1,0,2,1,0,2,0,0,0,1,28,1 critical alert(s); 1 unresolved critical alert(s); 1 malware/ransomware alert(s); 2 lateral-movement alert(s); 1 credential-access alert(s),5,9,3,3,0,4,2,0,2,0,0,0,Critical,LPT-11025,Critical,Finance
VDR-12388,7,2,0,5,2,3,0,0,1,0,1,0,0,0,1,28,2 critical alert(s); 2 unresolved critical alert(s); 3 malware/ransomware alert(s); 1 credential-access alert(s),10,0,6,9,0,0,2,0,1,0,0,0,Critical,VDR-12388,High,Sales Dept
LPT-12135,6,1,2,5,1,4,0,1,0,0,0,0,0,0,1,28,1 critical alert(s); 1 unresolved critical alert(s); 4 malware/ransomware alert(s); 1 lateral-movement alert(s),5,6,3,12,0,2,0,0,0,0,0,0,Critical,LPT-12135,High,Human Resources
WS-10136,6,0,0,5,0,1,0,2,0,0,3,0,6,0,1,28,1 malware/ransomware alert(s); 2 lateral-movement alert(s); 6 inactive-user event(s),0,0,0,3,0,4,0,0,3,0,18,0,Critical,WS-10136,Low,People Team
WS-10800,6,1,3,4,1,1,1,1,1,0,2,0,0,0,1,28,1 critical alert(s); 1 unresolved critical alert(s); 1 malware/ransomware alert(s); 1 PowerShell alert(s); 1 lateral-movement alert(s); 1 credential-access alert(s),5,9,3,3,2,2,2,0,2,0,0,0,Critical,WS-10800,Low,Fin
LPT-11483,5,1,1,5,1,2,1,1,1,0,0,0,0,5,1,28,1 critical alert(s); 1 unresolved critical alert(s); 2 malware/ransomware alert(s); 1 PowerShell alert(s); 1 lateral-movement alert(s); 1 credential-access alert(s); 5 identity review concern(s),5,3,3,6,2,2,2,0,0,0,0,5,Critical,LPT-11483,High,Rnd
LPT-11875,5,0,0,1,0,4,0,0,0,0,1,0,5,0,1,28,4 malware/ransomware alert(s); 5 inactive-user event(s),0,0,0,12,0,0,0,0,1,0,15,0,Critical,LPT-11875,Low,Operations
LPT-12783,5,2,0,4,2,1,0,2,0,0,0,0,0,5,1,28,2 critical alert(s); 2 unresolved critical alert(s); 1 malware/ransomware alert(s); 2 lateral-movement alert(s); 5 identity review concern(s),10,0,6,3,0,4,0,0,0,0,0,5,Critical,LPT-12783,Medium,Marketing
VDR-10029,5,2,1,3,2,2,0,1,0,0,1,0,0,0,1,28,2 critical alert(s); 2 unresolved critical alert(s); 2 malware/ransomware alert(s); 1 lateral-movement alert(s),10,3,6,6,0,2,0,0,1,0,0,0,Critical,VDR-10029,High,Procurement Team
VDR-10504,5,0,1,3,0,1,0,0,2,0,2,1,5,0,1,28,1 malware/ransomware alert(s); 2 credential-access alert(s); 5 inactive-user event(s),0,3,0,3,0,0,4,0,2,1,15,0,Critical,VDR-10504,Low,Purch
VDR-12892,5,0,0,4,0,3,0,1,1,0,0,0,5,0,1,28,3 malware/ransomware alert(s); 1 lateral-movement alert(s); 1 credential-access alert(s); 5 inactive-user event(s),0,0,0,9,0,2,2,0,0,0,15,0,Critical,VDR-12892,Low,It Support
WS-10982,5,1,1,4,1,2,0,0,3,0,0,0,0,5,1,28,1 critical alert(s); 1 unresolved critical alert(s); 2 malware/ransomware alert(s); 3 credential-access alert(s); 5 identity review concern(s),5,3,3,6,0,0,6,0,0,0,0,5,Critical,WS-10982,Critical,Ops
WS-12673,5,0,0,4,0,3,1,1,0,0,0,0,5,0,1,28,3 malware/ransomware alert(s); 1 PowerShell alert(s); 1 lateral-movement alert(s); 5 inactive-user event(s),0,0,0,9,2,2,0,0,0,0,15,0,Critical,WS-12673,High,Finance Dept
LPT-10463,4,0,2,3,0,2,0,1,1,0,0,0,4,0,1,28,2 malware/ransomware alert(s); 1 lateral-movement alert(s); 1 credential-access alert(s); 4 inactive-user event(s),0,6,0,6,0,2,2,0,0,0,12,0,Critical,LPT-10463,High,Innovation
LPT-12651,4,1,1,2,0,1,1,0,1,0,1,0,4,0,1,28,1 critical alert(s); 1 malware/ransomware alert(s); 1 PowerShell alert(s); 1 credential-access alert(s); 4 inactive-user event(s),5,3,0,3,2,0,2,0,1,0,12,0,Critical,LPT-12651,Critical,Hr Dept
VDR-10314,4,1,0,3,1,1,1,1,0,0,1,0,4,0,1,28,1 critical alert(s); 1 unresolved critical alert(s); 1 malware/ransomware alert(s); 1 PowerShell alert(s); 1 lateral-movement alert(s); 4 inactive-user event(s),5,0,3,3,2,2,0,0,1,0,12,0,Critical,VDR-10314,High,R&D
WS-12909,4,1,0,4,1,2,0,0,1,0,0,0,4,0,1,28,1 critical alert(s); 1 unresolved critical alert(s); 2 malware/ransomware alert(s); 1 credential-access alert(s); 4 inactive-user event(s),5,0,3,6,0,0,2,0,0,0,12,0,Critical,WS-12909,Low,Call Center
WS-10645,3,2,1,1,0,2,0,0,0,0,0,0,3,0,1,28,2 critical alert(s); 2 malware/ransomware alert(s); 3 inactive-user event(s),10,3,0,6,0,0,0,0,0,0,9,0,Critical,WS-10645,Critical,Rd
WS-11434,3,1,2,1,1,0,1,1,0,0,1,0,3,0,1,28,1 critical alert(s); 1 unresolved critical alert(s); 1 PowerShell alert(s); 1 lateral-movement alert(s); 3 inactive-user event(s),5,6,3,0,2,2,0,0,1,0,9,0,Critical,WS-11434,High,Finance
LPT-11945,8,1,1,4,0,3,2,2,0,0,1,1,0,0,1,27,1 critical alert(s); 3 malware/ransomware alert(s); 2 PowerShell alert(s); 2 lateral-movement alert(s),5,3,0,9,4,4,0,0,1,1,0,0,Critical,LPT-11945,Low,Human Resources
VDR-11815,6,1,2,4,1,2,2,1,0,0,1,0,0,0,1,27,1 critical alert(s); 1 unresolved critical alert(s); 2 malware/ransomware alert(s); 2 PowerShell alert(s); 1 lateral-movement alert(s),5,6,3,6,4,2,0,0,1,0,0,0,Critical,VDR-11815,Low,Sales
WS-10043,6,1,3,3,0,3,1,0,0,0,2,0,0,0,1,27,1 critical alert(s); 3 malware/ransomware alert(s); 1 PowerShell alert(s),5,9,0,9,2,0,0,0,2,0,0,0,Critical,WS-10043,Medium,Sales
VDR-10838,5,2,1,4,2,0,2,1,0,0,2,0,0,0,1,27,2 critical alert(s); 2 unresolved critical alert(s); 2 PowerShell alert(s); 1 lateral-movement alert(s),10,3,6,0,4,2,0,0,2,0,0,0,Critical,VDR-10838,Medium,Finance
WS-10445,5,1,3,3,1,0,0,3,2,0,0,0,0,0,1,27,1 critical alert(s); 1 unresolved critical alert(s); 3 lateral-movement alert(s); 2 credential-access alert(s),5,9,3,0,0,6,4,0,0,0,0,0,Critical,WS-10445,Medium,Sales Dept
WS-10882,5,2,1,1,1,2,1,1,0,0,1,0,0,0,1,27,2 critical alert(s); 1 unresolved critical alert(s); 2 malware/ransomware alert(s); 1 PowerShell alert(s); 1 lateral-movement alert(s),10,3,3,6,2,2,0,0,1,0,0,0,Critical,WS-10882,Medium,Finance Dept
WS-10895,5,1,2,3,1,3,0,2,0,0,0,0,0,0,1,27,1 critical alert(s); 1 unresolved critical alert(s); 3 malware/ransomware alert(s); 2 lateral-movement alert(s),5,6,3,9,0,4,0,0,0,0,0,0,Critical,WS-10895,Critical,Sales Dept
WS-11410,5,1,2,5,1,3,1,1,0,0,0,0,0,0,1,27,1 critical alert(s); 1 unresolved critical alert(s); 3 malware/ransomware alert(s); 1 PowerShell alert(s); 1 lateral-movement alert(s),5,6,3,9,2,2,0,0,0,0,0,0,Critical,WS-11410,Low,Information Technology
WS-11972,5,0,1,3,0,1,0,1,2,0,0,0,5,0,1,27,1 malware/ransomware alert(s); 1 lateral-movement alert(s); 2 credential-access alert(s); 5 inactive-user event(s),0,3,0,3,0,2,4,0,0,0,15,0,Critical,WS-11972,Low,Business Sales
LPT-11276,4,0,1,0,0,4,0,0,0,0,0,0,4,0,1,27,4 malware/ransomware alert(s); 4 inactive-user event(s),0,3,0,12,0,0,0,0,0,0,12,0,Critical,LPT-11276,Low,Call Center
VDR-12352,4,2,0,3,2,2,0,0,2,0,0,1,0,0,1,27,2 critical alert(s); 2 unresolved critical alert(s); 2 malware/ransomware alert(s); 2 credential-access alert(s),10,0,6,6,0,0,4,0,0,1,0,0,Critical,VDR-12352,Low,Operations
WS-11598,4,0,2,3,0,2,0,0,1,0,1,0,4,0,1,27,2 malware/ransomware alert(s); 1 credential-access alert(s); 4 inactive-user event(s),0,6,0,6,0,0,2,0,1,0,12,0,Critical,WS-11598,Medium,Business Sales
WS-12716,4,1,0,2,1,1,0,1,0,0,2,0,4,0,1,27,1 critical alert(s); 1 unresolved critical alert(s); 1 malware/ransomware alert(s); 1 lateral-movement alert(s); 4 inactive-user event(s),5,0,3,3,0,2,0,0,2,0,12,0,Critical,WS-12716,High,Sales
LPT-11840,3,1,1,1,1,2,0,0,0,0,0,1,3,0,1,27,1 critical alert(s); 1 unresolved critical alert(s); 2 malware/ransomware alert(s); 3 inactive-user event(s),5,3,3,6,0,0,0,0,0,1,9,0,Critical,LPT-11840,High,Ops Team
VDR-10099,3,1,0,3,1,1,0,1,1,0,0,0,3,3,1,27,1 critical alert(s); 1 unresolved critical alert(s); 1 malware/ransomware alert(s); 1 lateral-movement alert(s); 1 credential-access alert(s); 3 inactive-user event(s); 3 identity review concern(s),5,0,3,3,0,2,2,0,0,0,9,3,Critical,VDR-10099,High,Rnd
WS-12727,3,1,1,1,1,1,1,1,0,0,0,0,3,0,1,27,1 critical alert(s); 1 unresolved critical alert(s); 1 malware/ransomware alert(s); 1 PowerShell alert(s); 1 lateral-movement alert(s); 3 inactive-user event(s),5,3,3,3,2,2,0,0,0,0,9,0,Critical,WS-12727,Medium,Ops Team
VDR-11872,7,0,3,7,0,2,1,0,0,0,2,0,0,7,1,26,2 malware/ransomware alert(s); 1 PowerShell alert(s); 7 identity review concern(s),0,9,0,6,2,0,0,0,2,0,0,7,Critical,VDR-11872,High,Sales Team
VDR-10716,6,2,1,4,1,1,1,2,0,0,1,0,0,0,1,26,2 critical alert(s); 1 unresolved critical alert(s); 1 malware/ransomware alert(s); 1 PowerShell alert(s); 2 lateral-movement alert(s),10,3,3,3,2,4,0,0,1,0,0,0,Critical,VDR-10716,Medium,Ops
VDR-12663,6,0,2,4,0,2,1,0,3,0,0,0,0,6,1,26,2 malware/ransomware alert(s); 1 PowerShell alert(s); 3 credential-access alert(s); 6 identity review concern(s),0,6,0,6,2,0,6,0,0,0,0,6,Critical,VDR-12663,Low,
WS-11194,5,0,0,2,0,2,1,1,0,0,1,0,5,0,1,26,2 malware/ransomware alert(s); 1 PowerShell alert(s); 1 lateral-movement alert(s); 5 inactive-user event(s),0,0,0,6,2,2,0,0,1,0,15,0,Critical,WS-11194,Medium,Research And Development
WS-11262,5,1,3,3,1,1,2,0,0,0,2,0,0,0,1,26,1 critical alert(s); 1 unresolved critical alert(s); 1 malware/ransomware alert(s); 2 PowerShell alert(s),5,9,3,3,4,0,0,0,2,0,0,0,Critical,WS-11262,High,Sales
LPT-10431,4,0,2,1,0,0,0,1,2,0,1,1,4,0,1,26,1 lateral-movement alert(s); 2 credential-access alert(s); 4 inactive-user event(s),0,6,0,0,0,2,4,0,1,1,12,0,Critical,LPT-10431,Low,Purchase
LPT-12043,4,0,0,2,0,1,2,1,0,0,0,1,4,4,1,26,1 malware/ransomware alert(s); 2 PowerShell alert(s); 1 lateral-movement alert(s); 4 inactive-user event(s); 4 identity review concern(s),0,0,0,3,4,2,0,0,0,1,12,4,Critical,LPT-12043,High,Purchase
LPT-12275,4,1,2,3,1,1,2,0,0,0,1,0,0,4,1,26,1 critical alert(s); 1 unresolved critical alert(s); 1 malware/ransomware alert(s); 2 PowerShell alert(s); 4 identity review concern(s),5,6,3,3,4,0,0,0,1,0,0,4,Critical,LPT-12275,High,Procurement Team
LPT-12852,4,0,2,2,0,1,0,0,2,0,1,0,4,0,1,26,1 malware/ransomware alert(s); 2 credential-access alert(s); 4 inactive-user event(s),0,6,0,3,0,0,4,0,1,0,12,0,Critical,LPT-12852,Low,R&D
VDR-12310,4,1,0,3,0,3,0,0,0,0,0,0,4,0,1,26,1 critical alert(s); 3 malware/ransomware alert(s); 4 inactive-user event(s),5,0,0,9,0,0,0,0,0,0,12,0,Critical,VDR-12310,Critical,Operations
VDR-12386,4,0,1,2,0,3,0,1,0,0,0,0,4,0,1,26,3 malware/ransomware alert(s); 1 lateral-movement alert(s); 4 inactive-user event(s),0,3,0,9,0,2,0,0,0,0,12,0,Critical,VDR-12386,Critical,It Support
WS-11367,4,1,0,2,0,1,0,1,2,0,0,0,4,0,1,26,1 critical alert(s); 1 malware/ransomware alert(s); 1 lateral-movement alert(s); 2 credential-access alert(s); 4 inactive-user event(s),5,0,0,3,0,2,4,0,0,0,12,0,Critical,WS-11367,High,Sales Team
LPT-11280,3,1,1,3,1,1,0,1,0,0,1,0,3,0,1,26,1 critical alert(s); 1 unresolved critical alert(s); 1 malware/ransomware alert(s); 1 lateral-movement alert(s); 3 inactive-user event(s),5,3,3,3,0,2,0,0,1,0,9,0,Critical,LPT-11280,High,It Support
WS-12851,8,0,0,5,0,2,0,2,3,0,1,0,0,8,1,25,2 malware/ransomware alert(s); 2 lateral-movement alert(s); 3 credential-access alert(s); 8 identity review concern(s),0,0,0,6,0,4,6,0,1,0,0,8,Critical,WS-12851,High,
LPT-10750,6,0,3,5,0,4,0,2,0,0,0,0,0,0,1,25,4 malware/ransomware alert(s); 2 lateral-movement alert(s),0,9,0,12,0,4,0,0,0,0,0,0,Critical,LPT-10750,Medium,People Team
LPT-11662,6,0,3,4,0,3,0,0,0,0,1,0,0,6,1,25,3 malware/ransomware alert(s); 6 identity review concern(s),0,9,0,9,0,0,0,0,1,0,0,6,Critical,LPT-11662,Medium,Sales Dept
LPT-12474,6,0,4,1,0,3,0,1,1,0,0,0,0,0,1,25,3 malware/ransomware alert(s); 1 lateral-movement alert(s); 1 credential-access alert(s),0,12,0,9,0,2,2,0,0,0,0,0,Critical,LPT-12474,Critical,Operations
LPT-11568,5,0,0,3,0,1,1,0,2,0,1,0,5,0,1,25,1 malware/ransomware alert(s); 1 PowerShell alert(s); 2 credential-access alert(s); 5 inactive-user event(s),0,0,0,3,2,0,4,0,1,0,15,0,Critical,LPT-11568,Low,Ops Team
VDR-11411,5,1,1,3,0,2,0,1,2,0,0,0,0,5,1,25,1 critical alert(s); 2 malware/ransomware alert(s); 1 lateral-movement alert(s); 2 credential-access alert(s); 5 identity review concern(s),5,3,0,6,0,2,4,0,0,0,0,5,Critical,VDR-11411,High,
VDR-12210,5,1,1,5,1,3,1,1,0,0,0,1,0,0,1,25,1 critical alert(s); 1 unresolved critical alert(s); 3 malware/ransomware alert(s); 1 PowerShell alert(s); 1 lateral-movement alert(s),5,3,3,9,2,2,0,0,0,1,0,0,Critical,VDR-12210,High,Sales Team
WS-12319,5,1,2,3,1,1,3,0,1,0,0,0,0,0,1,25,1 critical alert(s); 1 unresolved critical alert(s); 1 malware/ransomware alert(s); 3 PowerShell alert(s); 1 credential-access alert(s),5,6,3,3,6,0,2,0,0,0,0,0,Critical,WS-12319,Critical,It Dept
WS-12839,5,0,0,3,0,0,1,1,3,0,0,0,5,0,1,25,1 PowerShell alert(s); 1 lateral-movement alert(s); 3 credential-access alert(s); 5 inactive-user event(s),0,0,0,0,2,2,6,0,0,0,15,0,Critical,WS-12839,Critical,Finance
WS-12862,5,0,1,2,0,1,1,1,0,0,0,0,5,0,1,25,1 malware/ransomware alert(s); 1 PowerShell alert(s); 1 lateral-movement alert(s); 5 inactive-user event(s),0,3,0,3,2,2,0,0,0,0,15,0,Critical,WS-12862,Low,Human Resource
LPT-11184,4,0,2,4,0,1,0,1,1,0,0,0,4,0,1,25,1 malware/ransomware alert(s); 1 lateral-movement alert(s); 1 credential-access alert(s); 4 inactive-user event(s),0,6,0,3,0,2,2,0,0,0,12,0,Critical,LPT-11184,Critical,Mktg
VDR-11643,4,2,1,4,2,1,0,1,0,0,1,0,0,0,1,25,2 critical alert(s); 2 unresolved critical alert(s); 1 malware/ransomware alert(s); 1 lateral-movement alert(s),10,3,6,3,0,2,0,0,1,0,0,0,Critical,VDR-11643,Critical,Hr
WS-10178,4,0,1,4,0,2,1,1,0,0,0,0,4,0,1,25,2 malware/ransomware alert(s); 1 PowerShell alert(s); 1 lateral-movement alert(s); 4 inactive-user event(s),0,3,0,6,2,2,0,0,0,0,12,0,Critical,WS-10178,High,Ops
WS-10467,4,0,2,3,0,0,2,1,0,0,1,0,4,0,1,25,2 PowerShell alert(s); 1 lateral-movement alert(s); 4 inactive-user event(s),0,6,0,0,4,2,0,0,1,0,12,0,Critical,WS-10467,Critical,Ops
WS-12426,4,2,1,2,1,2,0,0,0,0,2,1,0,0,1,25,2 critical alert(s); 1 unresolved critical alert(s); 2 malware/ransomware alert(s),10,3,3,6,0,0,0,0,2,1,0,0,Critical,WS-12426,Medium,Compliance
WS-12478,4,2,0,3,2,3,0,0,0,0,0,0,0,0,1,25,2 critical alert(s); 2 unresolved critical alert(s); 3 malware/ransomware alert(s),10,0,6,9,0,0,0,0,0,0,0,0,Critical,WS-12478,Medium,Mkt
LPT-10596,3,0,2,1,0,1,1,0,1,0,0,0,3,3,1,25,1 malware/ransomware alert(s); 1 PowerShell alert(s); 1 credential-access alert(s); 3 inactive-user event(s); 3 identity review concern(s),0,6,0,3,2,0,2,0,0,0,9,3,Critical,LPT-10596,Medium,Hr
LPT-12621,3,2,1,2,2,2,0,0,0,0,0,0,0,0,1,25,2 critical alert(s); 2 unresolved critical alert(s); 2 malware/ransomware alert(s),10,3,6,6,0,0,0,0,0,0,0,0,Critical,LPT-12621,Low,Support
VDR-10633,3,1,0,1,0,2,0,1,0,0,0,0,3,3,1,25,1 critical alert(s); 2 malware/ransomware alert(s); 1 lateral-movement alert(s); 3 inactive-user event(s); 3 identity review concern(s),5,0,0,6,0,2,0,0,0,0,9,3,Critical,VDR-10633,Medium,Sales
VDR-11479,3,2,1,2,1,2,0,0,0,0,0,0,0,3,1,25,2 critical alert(s); 1 unresolved critical alert(s); 2 malware/ransomware alert(s); 3 identity review concern(s),10,3,3,6,0,0,0,0,0,0,0,3,Critical,VDR-11479,High,Support
WS-10943,3,1,0,2,1,2,0,0,1,0,0,0,3,0,1,25,1 critical alert(s); 1 unresolved critical alert(s); 2 malware/ransomware alert(s); 1 credential-access alert(s); 3 inactive-user event(s),5,0,3,6,0,0,2,0,0,0,9,0,Critical,WS-10943,High,Ops
WS-12774,8,0,2,4,0,2,0,1,0,0,2,0,0,8,1,24,2 malware/ransomware alert(s); 1 lateral-movement alert(s); 8 identity review concern(s),0,6,0,6,0,2,0,0,2,0,0,8,Critical,WS-12774,Critical,People Team
LPT-12584,6,1,2,2,0,3,1,0,1,0,0,0,0,0,1,24,1 critical alert(s); 3 malware/ransomware alert(s); 1 PowerShell alert(s); 1 credential-access alert(s),5,6,0,9,2,0,2,0,0,0,0,0,Critical,LPT-12584,Medium,Operations
WS-11865,6,1,0,2,1,4,0,1,0,0,1,1,0,0,1,24,1 critical alert(s); 1 unresolved critical alert(s); 4 malware/ransomware alert(s); 1 lateral-movement alert(s),5,0,3,12,0,2,0,0,1,1,0,0,Critical,WS-11865,Medium,Finance Dept
LPT-10753,5,0,0,1,0,1,0,2,0,0,2,0,5,0,1,24,1 malware/ransomware alert(s); 2 lateral-movement alert(s); 5 inactive-user event(s),0,0,0,3,0,4,0,0,2,0,15,0,Critical,LPT-10753,Critical,Procurement
VDR-10234,5,1,2,4,1,2,1,0,1,0,0,0,0,0,1,24,1 critical alert(s); 1 unresolved critical alert(s); 2 malware/ransomware alert(s); 1 PowerShell alert(s); 1 credential-access alert(s),5,6,3,6,2,0,2,0,0,0,0,0,Critical,VDR-10234,Critical,Business Sales
VDR-12738,5,1,1,5,1,1,0,1,0,0,3,0,0,5,1,24,1 critical alert(s); 1 unresolved critical alert(s); 1 malware/ransomware alert(s); 1 lateral-movement alert(s); 5 identity review concern(s),5,3,3,3,0,2,0,0,3,0,0,5,Critical,VDR-12738,Critical,
WS-10998,5,2,0,4,1,1,0,2,2,0,0,0,0,0,1,24,2 critical alert(s); 1 unresolved critical alert(s); 1 malware/ransomware alert(s); 2 lateral-movement alert(s); 2 credential-access alert(s),10,0,3,3,0,4,4,0,0,0,0,0,Critical,WS-10998,Low,Finance
WS-12537,5,1,2,3,1,2,0,2,0,0,0,0,0,0,1,24,1 critical alert(s); 1 unresolved critical alert(s); 2 malware/ransomware alert(s); 2 lateral-movement alert(s),5,6,3,6,0,4,0,0,0,0,0,0,Critical,WS-12537,High,People Team
LPT-10097,4,1,0,2,0,1,0,0,1,0,2,0,4,0,1,24,1 critical alert(s); 1 malware/ransomware alert(s); 1 credential-access alert(s); 4 inactive-user event(s),5,0,0,3,0,0,2,0,2,0,12,0,Critical,LPT-10097,Low,Legal
LPT-11011,4,0,2,4,0,0,0,0,2,0,2,0,4,0,1,24,2 credential-access alert(s); 4 inactive-user event(s),0,6,0,0,0,0,4,0,2,0,12,0,Critical,LPT-11011,Critical,Research And Development
LPT-12603,4,1,1,4,1,2,0,0,1,0,1,0,0,4,1,24,1 critical alert(s); 1 unresolved critical alert(s); 2 malware/ransomware alert(s); 1 credential-access alert(s); 4 identity review concern(s),5,3,3,6,0,0,2,0,1,0,0,4,Critical,LPT-12603,High,
VDR-11499,4,1,3,1,1,1,0,0,2,0,0,0,0,0,1,24,1 critical alert(s); 1 unresolved critical alert(s); 1 malware/ransomware alert(s); 2 credential-access alert(s),5,9,3,3,0,0,4,0,0,0,0,0,Critical,VDR-11499,Low,Ops Team
VDR-11586,4,0,2,3,0,1,0,0,0,0,3,0,4,0,1,24,1 malware/ransomware alert(s); 4 inactive-user event(s),0,6,0,3,0,0,0,0,3,0,12,0,Critical,VDR-11586,High,Rd
WS-11715,4,2,2,4,2,0,0,0,0,0,2,0,0,0,1,24,2 critical alert(s); 2 unresolved critical alert(s),10,6,6,0,0,0,0,0,2,0,0,0,Critical,WS-11715,Low,Support
WS-11799,4,1,0,2,0,2,0,0,0,0,1,0,4,0,1,24,1 critical alert(s); 2 malware/ransomware alert(s); 4 inactive-user event(s),5,0,0,6,0,0,0,0,1,0,12,0,Critical,WS-11799,High,Legal
LPT-10548,3,1,0,2,1,1,0,2,0,0,0,0,3,0,1,24,1 critical alert(s); 1 unresolved critical alert(s); 1 malware/ransomware alert(s); 2 lateral-movement alert(s); 3 inactive-user event(s),5,0,3,3,0,4,0,0,0,0,9,0,Critical,LPT-10548,High,Procurement Team
VDR-10666,3,0,2,2,0,2,1,0,0,0,0,1,3,0,1,24,2 malware/ransomware alert(s); 1 PowerShell alert(s); 3 inactive-user event(s),0,6,0,6,2,0,0,0,0,1,9,0,Critical,VDR-10666,High,Finance Dept
WS-10707,3,1,0,2,1,0,2,1,0,0,0,1,3,0,1,24,1 critical alert(s); 1 unresolved critical alert(s); 2 PowerShell alert(s); 1 lateral-movement alert(s); 3 inactive-user event(s),5,0,3,0,4,2,0,0,0,1,9,0,Critical,WS-10707,Critical,Marketing Dept
WS-11514,3,1,1,2,1,1,0,0,0,0,1,0,3,0,1,24,1 critical alert(s); 1 unresolved critical alert(s); 1 malware/ransomware alert(s); 3 inactive-user event(s),5,3,3,3,0,0,0,0,1,0,9,0,Critical,WS-11514,Low,Support
VDR-10096,7,0,4,5,0,0,0,3,1,0,3,0,0,0,1,23,3 lateral-movement alert(s); 1 credential-access alert(s),0,12,0,0,0,6,2,0,3,0,0,0,Critical,VDR-10096,Critical,Marketing Dept
LPT-10745,6,0,4,4,0,3,0,0,0,0,2,0,0,0,1,23,3 malware/ransomware alert(s),0,12,0,9,0,0,0,0,2,0,0,0,Critical,LPT-10745,Medium,Operations
LPT-10912,6,1,0,6,1,2,0,1,0,0,1,0,0,6,1,23,1 critical alert(s); 1 unresolved critical alert(s); 2 malware/ransomware alert(s); 1 lateral-movement alert(s); 6 identity review concern(s),5,0,3,6,0,2,0,0,1,0,0,6,Critical,LPT-10912,High,
LPT-11558,6,1,1,5,1,2,1,1,0,0,2,0,0,0,1,23,1 critical alert(s); 1 unresolved critical alert(s); 2 malware/ransomware alert(s); 1 PowerShell alert(s); 1 lateral-movement alert(s),5,3,3,6,2,2,0,0,2,0,0,0,Critical,LPT-11558,High,Brand Team
LPT-11680,6,0,3,4,0,3,1,0,1,0,1,0,0,0,1,23,3 malware/ransomware alert(s); 1 PowerShell alert(s); 1 credential-access alert(s),0,9,0,9,2,0,2,0,1,0,0,0,Critical,LPT-11680,High,Accounts
LPT-12826,6,1,0,3,1,4,1,0,0,0,1,0,0,0,1,23,1 critical alert(s); 1 unresolved critical alert(s); 4 malware/ransomware alert(s); 1 PowerShell alert(s),5,0,3,12,2,0,0,0,1,0,0,0,Critical,LPT-12826,Low,Legal
VDR-10977,6,0,4,4,0,2,0,0,1,0,3,0,0,0,1,23,2 malware/ransomware alert(s); 1 credential-access alert(s),0,12,0,6,0,0,2,0,3,0,0,0,Critical,VDR-10977,High,Operations Dept
VDR-11611,6,1,0,4,1,4,0,1,0,0,1,0,0,0,1,23,1 critical alert(s); 1 unresolved critical alert(s); 4 malware/ransomware alert(s); 1 lateral-movement alert(s),5,0,3,12,0,2,0,0,1,0,0,0,Critical,VDR-11611,High,Hr Dept
WS-12606,6,1,1,4,1,2,1,0,1,0,1,1,0,0,1,23,1 critical alert(s); 1 unresolved critical alert(s); 2 malware/ransomware alert(s); 1 PowerShell alert(s); 1 credential-access alert(s),5,3,3,6,2,0,2,0,1,1,0,0,Critical,WS-12606,High,Finance
LPT-12476,5,1,1,3,1,2,0,3,0,0,0,0,0,0,1,23,1 critical alert(s); 1 unresolved critical alert(s); 2 malware/ransomware alert(s); 3 lateral-movement alert(s),5,3,3,6,0,6,0,0,0,0,0,0,Critical,LPT-12476,Critical,Finance Dept
VDR-11932,5,0,2,2,0,3,0,0,1,0,1,0,0,5,1,23,3 malware/ransomware alert(s); 1 credential-access alert(s); 5 identity review concern(s),0,6,0,9,0,0,2,0,1,0,0,5,Critical,VDR-11932,High,Purch
VDR-12178,5,0,2,2,0,2,2,0,1,0,0,0,0,5,1,23,2 malware/ransomware alert(s); 2 PowerShell alert(s); 1 credential-access alert(s); 5 identity review concern(s),0,6,0,6,4,0,2,0,0,0,0,5,Critical,VDR-12178,Low,Fin
VDR-12281,5,1,1,3,1,2,1,0,1,0,1,1,0,0,1,23,1 critical alert(s); 1 unresolved critical alert(s); 2 malware/ransomware alert(s); 1 PowerShell alert(s); 1 credential-access alert(s),5,3,3,6,2,0,2,0,1,1,0,0,Critical,VDR-12281,Low,Marketing
WS-12064,5,1,1,2,1,3,0,0,1,0,1,0,0,0,1,23,1 critical alert(s); 1 unresolved critical alert(s); 3 malware/ransomware alert(s); 1 credential-access alert(s),5,3,3,9,0,0,2,0,1,0,0,0,Critical,WS-12064,High,Rnd
LPT-10114,4,0,2,1,0,0,0,1,0,0,3,0,4,0,1,23,1 lateral-movement alert(s); 4 inactive-user event(s),0,6,0,0,0,2,0,0,3,0,12,0,Critical,LPT-10114,Low,Mktg
LPT-10671,4,1,1,3,0,0,0,0,1,0,1,0,4,0,1,23,1 critical alert(s); 1 credential-access alert(s); 4 inactive-user event(s),5,3,0,0,0,0,2,0,1,0,12,0,Critical,LPT-10671,Low,Hr Dept
LPT-12186,4,0,2,2,0,4,0,0,0,0,0,1,0,4,1,23,4 malware/ransomware alert(s); 4 identity review concern(s),0,6,0,12,0,0,0,0,0,1,0,4,Critical,LPT-12186,High,Operations
VDR-10086,4,0,1,2,0,1,2,0,0,0,1,0,4,0,1,23,1 malware/ransomware alert(s); 2 PowerShell alert(s); 4 inactive-user event(s),0,3,0,3,4,0,0,0,1,0,12,0,Critical,VDR-10086,Low,Purchase
VDR-10693,4,0,1,3,0,0,0,2,1,0,1,1,4,0,1,23,2 lateral-movement alert(s); 1 credential-access alert(s); 4 inactive-user event(s),0,3,0,0,0,4,2,0,1,1,12,0,Critical,VDR-10693,High,Supply Chain
VDR-10848,4,0,0,2,0,2,1,0,0,0,1,2,4,0,1,23,2 malware/ransomware alert(s); 1 PowerShell alert(s); 4 inactive-user event(s),0,0,0,6,2,0,0,0,1,2,12,0,Critical,VDR-10848,Medium,Brand Team
VDR-11420,4,0,1,4,0,1,0,0,2,0,1,0,4,0,1,23,1 malware/ransomware alert(s); 2 credential-access alert(s); 4 inactive-user event(s),0,3,0,3,0,0,4,0,1,0,12,0,Critical,VDR-11420,Low,Ops
VDR-11610,4,0,0,2,0,1,1,1,0,0,0,0,4,4,1,23,1 malware/ransomware alert(s); 1 PowerShell alert(s); 1 lateral-movement alert(s); 4 inactive-user event(s); 4 identity review concern(s),0,0,0,3,2,2,0,0,0,0,12,4,Critical,VDR-11610,High,Finance
VDR-12706,4,0,1,3,0,1,2,0,0,0,1,0,4,0,1,23,1 malware/ransomware alert(s); 2 PowerShell alert(s); 4 inactive-user event(s),0,3,0,3,4,0,0,0,1,0,12,0,Critical,VDR-12706,High,Legal
WS-10308,4,0,1,3,0,2,0,0,0,0,2,0,4,0,1,23,2 malware/ransomware alert(s); 4 inactive-user event(s),0,3,0,6,0,0,0,0,2,0,12,0,Critical,WS-10308,Low,R&D
WS-11564,4,0,3,4,0,3,0,0,0,0,1,0,0,4,1,23,3 malware/ransomware alert(s); 4 identity review concern(s),0,9,0,9,0,0,0,0,1,0,0,4,Critical,WS-11564,Medium,Operations
WS-11761,4,1,0,3,1,3,0,0,1,0,0,0,0,4,1,23,1 critical alert(s); 1 unresolved critical alert(s); 3 malware/ransomware alert(s); 1 credential-access alert(s); 4 identity review concern(s),5,0,3,9,0,0,2,0,0,0,0,4,Critical,WS-11761,Medium,Hr
VDR-11152,3,0,2,3,0,2,0,0,1,0,0,0,3,0,1,23,2 malware/ransomware alert(s); 1 credential-access alert(s); 3 inactive-user event(s),0,6,0,6,0,0,2,0,0,0,9,0,Critical,VDR-11152,Low,Supply Chain
LPT-11281,2,2,0,1,1,0,1,0,1,0,0,0,2,0,1,23,2 critical alert(s); 1 unresolved critical alert(s); 1 PowerShell alert(s); 1 credential-access alert(s); 2 inactive-user event(s),10,0,3,0,2,0,2,0,0,0,6,0,Critical,LPT-11281,Low,Information Technology
LPT-11346,7,0,2,5,0,2,1,2,2,0,0,0,0,0,1,22,2 malware/ransomware alert(s); 1 PowerShell alert(s); 2 lateral-movement alert(s); 2 credential-access alert(s),0,6,0,6,2,4,4,0,0,0,0,0,Critical,LPT-11346,Critical,Hr
VDR-11267,7,1,1,3,0,3,1,0,1,0,1,0,0,0,1,22,1 critical alert(s); 3 malware/ransomware alert(s); 1 PowerShell alert(s); 1 credential-access alert(s),5,3,0,9,2,0,2,0,1,0,0,0,Critical,VDR-11267,Low,Rd
VDR-10040,6,0,3,6,0,3,0,2,0,0,0,0,0,0,1,22,3 malware/ransomware alert(s); 2 lateral-movement alert(s),0,9,0,9,0,4,0,0,0,0,0,0,Critical,VDR-10040,Medium,It Dept
WS-12067,6,0,4,4,0,2,1,0,0,0,1,1,0,0,1,22,2 malware/ransomware alert(s); 1 PowerShell alert(s),0,12,0,6,2,0,0,0,1,1,0,0,Critical,WS-12067,Low,Research And Development
WS-12686,6,0,2,4,0,1,1,0,2,0,1,0,0,6,1,22,1 malware/ransomware alert(s); 1 PowerShell alert(s); 2 credential-access alert(s); 6 identity review concern(s),0,6,0,3,2,0,4,0,1,0,0,6,Critical,WS-12686,Medium,Operations
LPT-11679,5,1,2,5,1,1,1,1,0,0,1,0,0,0,1,22,1 critical alert(s); 1 unresolved critical alert(s); 1 malware/ransomware alert(s); 1 PowerShell alert(s); 1 lateral-movement alert(s),5,6,3,3,2,2,0,0,1,0,0,0,Critical,LPT-11679,Low,Purchase
VDR-10626,5,2,0,2,1,2,0,0,1,0,1,0,0,0,1,22,2 critical alert(s); 1 unresolved critical alert(s); 2 malware/ransomware alert(s); 1 credential-access alert(s),10,0,3,6,0,0,2,0,1,0,0,0,Critical,VDR-10626,Low,Human Resource
VDR-10825,5,1,1,4,1,2,0,1,1,0,1,0,0,0,1,22,1 critical alert(s); 1 unresolved critical alert(s); 2 malware/ransomware alert(s); 1 lateral-movement alert(s); 1 credential-access alert(s),5,3,3,6,0,2,2,0,1,0,0,0,Critical,VDR-10825,Medium,Innovation
VDR-12302,5,1,1,5,1,3,1,0,0,0,0,0,0,0,1,22,1 critical alert(s); 1 unresolved critical alert(s); 3 malware/ransomware alert(s); 1 PowerShell alert(s),5,3,3,9,2,0,0,0,0,0,0,0,Critical,VDR-12302,Low,Human Resource
WS-11708,5,0,3,4,0,3,1,0,1,0,0,0,0,0,1,22,3 malware/ransomware alert(s); 1 PowerShell alert(s); 1 credential-access alert(s),0,9,0,9,2,0,2,0,0,0,0,0,Critical,WS-11708,High,Cs
LPT-11028,4,0,3,3,0,1,1,2,0,0,0,0,0,4,1,22,1 malware/ransomware alert(s); 1 PowerShell alert(s); 2 lateral-movement alert(s); 4 identity review concern(s),0,9,0,3,2,4,0,0,0,0,0,4,Critical,LPT-11028,High,Human Resources
LPT-11204,4,0,0,1,0,0,0,3,0,0,0,0,4,4,1,22,3 lateral-movement alert(s); 4 inactive-user event(s); 4 identity review concern(s),0,0,0,0,0,6,0,0,0,0,12,4,Critical,LPT-11204,High,Sales Team
LPT-12155,4,0,0,3,0,1,0,0,1,0,1,0,4,4,1,22,1 malware/ransomware alert(s); 1 credential-access alert(s); 4 inactive-user event(s); 4 identity review concern(s),0,0,0,3,0,0,2,0,1,0,12,4,Critical,LPT-12155,Critical,Mkt
LPT-12761,4,1,1,3,1,1,0,0,2,0,0,0,0,4,1,22,1 critical alert(s); 1 unresolved critical alert(s); 1 malware/ransomware alert(s); 2 credential-access alert(s); 4 identity review concern(s),5,3,3,3,0,0,4,0,0,0,0,4,Critical,LPT-12761,Medium,Business Sales
VDR-10296,4,1,1,2,1,1,0,1,0,0,2,0,0,4,1,22,1 critical alert(s); 1 unresolved critical alert(s); 1 malware/ransomware alert(s); 1 lateral-movement alert(s); 4 identity review concern(s),5,3,3,3,0,2,0,0,2,0,0,4,Critical,VDR-10296,High,
VDR-11316,4,0,1,2,0,1,0,1,0,0,2,0,4,0,1,22,1 malware/ransomware alert(s); 1 lateral-movement alert(s); 4 inactive-user event(s),0,3,0,3,0,2,0,0,2,0,12,0,Critical,VDR-11316,Medium,Brand Team
VDR-11798,4,2,1,4,2,0,1,0,0,0,1,0,0,0,1,22,2 critical alert(s); 2 unresolved critical alert(s); 1 PowerShell alert(s),10,3,6,0,2,0,0,0,1,0,0,0,Critical,VDR-11798,Critical,Purchase
VDR-12123,4,0,0,4,0,1,2,0,1,0,0,1,4,0,1,22,1 malware/ransomware alert(s); 2 PowerShell alert(s); 1 credential-access alert(s); 4 inactive-user event(s),0,0,0,3,4,0,2,0,0,1,12,0,Critical,VDR-12123,Low,Rd
VDR-12277,4,1,1,4,1,1,0,2,0,0,0,0,0,4,1,22,1 critical alert(s); 1 unresolved critical alert(s); 1 malware/ransomware alert(s); 2 lateral-movement alert(s); 4 identity review concern(s),5,3,3,3,0,4,0,0,0,0,0,4,Critical,VDR-12277,High,Human Resources
WS-10137,4,1,2,3,1,1,0,1,1,0,1,0,0,0,1,22,1 critical alert(s); 1 unresolved critical alert(s); 1 malware/ransomware alert(s); 1 lateral-movement alert(s); 1 credential-access alert(s),5,6,3,3,0,2,2,0,1,0,0,0,Critical,WS-10137,Medium,Purchase
WS-10896,4,2,1,2,0,1,2,0,1,0,0,0,0,0,1,22,2 critical alert(s); 1 malware/ransomware alert(s); 2 PowerShell alert(s); 1 credential-access alert(s),10,3,0,3,4,0,2,0,0,0,0,0,Critical,WS-10896,High,Sales Team
WS-11079,4,1,2,2,1,1,2,0,0,0,1,0,0,0,1,22,1 critical alert(s); 1 unresolved critical alert(s); 1 malware/ransomware alert(s); 2 PowerShell alert(s),5,6,3,3,4,0,0,0,1,0,0,0,Critical,WS-11079,Critical,It Support
WS-12360,4,1,1,3,1,1,0,1,1,0,0,0,0,4,1,22,1 critical alert(s); 1 unresolved critical alert(s); 1 malware/ransomware alert(s); 1 lateral-movement alert(s); 1 credential-access alert(s); 4 identity review concern(s),5,3,3,3,0,2,2,0,0,0,0,4,Critical,WS-12360,Medium,Information Tech
LPT-10852,3,0,2,2,0,0,1,2,0,0,0,1,3,0,1,22,1 PowerShell alert(s); 2 lateral-movement alert(s); 3 inactive-user event(s),0,6,0,0,2,4,0,0,0,1,9,0,Critical,LPT-10852,Critical,Operations Dept
LPT-11744,3,1,0,2,0,2,1,0,0,0,0,0,3,0,1,22,1 critical alert(s); 2 malware/ransomware alert(s); 1 PowerShell alert(s); 3 inactive-user event(s),5,0,0,6,2,0,0,0,0,0,9,0,Critical,LPT-11744,High,Finance
LPT-11914,3,0,2,2,0,2,0,0,0,0,1,0,3,0,1,22,2 malware/ransomware alert(s); 3 inactive-user event(s),0,6,0,6,0,0,0,0,1,0,9,0,Critical,LPT-11914,High,It Dept
LPT-12314,3,1,1,2,1,2,0,0,1,0,0,0,0,3,1,22,1 critical alert(s); 1 unresolved critical alert(s); 2 malware/ransomware alert(s); 1 credential-access alert(s); 3 identity review concern(s),5,3,3,6,0,0,2,0,0,0,0,3,Critical,LPT-12314,High,Brand Team
VDR-10533,3,1,2,1,1,2,0,0,1,0,0,0,0,0,1,22,1 critical alert(s); 1 unresolved critical alert(s); 2 malware/ransomware alert(s); 1 credential-access alert(s),5,6,3,6,0,0,2,0,0,0,0,0,Critical,VDR-10533,Low,Legal
VDR-11042,3,1,0,3,1,0,0,0,0,0,2,0,3,3,1,22,1 critical alert(s); 1 unresolved critical alert(s); 3 inactive-user event(s); 3 identity review concern(s),5,0,3,0,0,0,0,0,2,0,9,3,Critical,VDR-11042,Critical,Finance Dept
VDR-12338,3,1,0,1,0,2,1,0,0,0,0,0,3,0,1,22,1 critical alert(s); 2 malware/ransomware alert(s); 1 PowerShell alert(s); 3 inactive-user event(s),5,0,0,6,2,0,0,0,0,0,9,0,Critical,VDR-12338,Critical,Operations Dept
VDR-12945,3,1,0,3,1,1,1,0,0,0,0,0,3,0,1,22,1 critical alert(s); 1 unresolved critical alert(s); 1 malware/ransomware alert(s); 1 PowerShell alert(s); 3 inactive-user event(s),5,0,3,3,2,0,0,0,0,0,9,0,Critical,VDR-12945,Low,Compliance
WS-11332,3,1,0,2,1,1,1,0,0,0,0,0,3,0,1,22,1 critical alert(s); 1 unresolved critical alert(s); 1 malware/ransomware alert(s); 1 PowerShell alert(s); 3 inactive-user event(s),5,0,3,3,2,0,0,0,0,0,9,0,Critical,WS-11332,High,Mktg
VDR-11811,2,1,1,2,1,1,0,0,0,0,0,0,2,2,1,22,1 critical alert(s); 1 unresolved critical alert(s); 1 malware/ransomware alert(s); 2 inactive-user event(s); 2 identity review concern(s),5,3,3,3,0,0,0,0,0,0,6,2,Critical,VDR-11811,,Legal
WS-11113,2,2,0,1,1,1,0,0,0,0,0,0,2,0,1,22,2 critical alert(s); 1 unresolved critical alert(s); 1 malware/ransomware alert(s); 2 inactive-user event(s),10,0,3,3,0,0,0,0,0,0,6,0,Critical,WS-11113,Medium,Support
VDR-10485,8,0,1,2,0,3,1,2,1,0,1,0,0,0,1,21,3 malware/ransomware alert(s); 1 PowerShell alert(s); 2 lateral-movement alert(s); 1 credential-access alert(s),0,3,0,9,2,4,2,0,1,0,0,0,Critical,VDR-10485,High,Customer Support
LPT-10333,7,1,0,5,1,3,1,0,1,0,0,0,0,0,1,21,1 critical alert(s); 1 unresolved critical alert(s); 3 malware/ransomware alert(s); 1 PowerShell alert(s); 1 credential-access alert(s),5,0,3,9,2,0,2,0,0,0,0,0,Critical,LPT-10333,High,Information Tech
WS-12311,6,1,0,1,1,2,0,2,1,0,1,0,0,0,1,21,1 critical alert(s); 1 unresolved critical alert(s); 2 malware/ransomware alert(s); 2 lateral-movement alert(s); 1 credential-access alert(s),5,0,3,6,0,4,2,0,1,0,0,0,Critical,WS-12311,Medium,Procurement Team
WS-12356,6,0,2,3,0,3,2,0,1,0,0,0,0,0,1,21,3 malware/ransomware alert(s); 2 PowerShell alert(s); 1 credential-access alert(s),0,6,0,9,4,0,2,0,0,0,0,0,Critical,WS-12356,High,R&D
LPT-10106,5,0,3,4,0,2,2,1,0,0,0,0,0,0,1,21,2 malware/ransomware alert(s); 2 PowerShell alert(s); 1 lateral-movement alert(s),0,9,0,6,4,2,0,0,0,0,0,0,Critical,LPT-10106,Medium,Finance
LPT-11399,5,1,1,4,1,2,1,0,0,0,2,0,0,0,1,21,1 critical alert(s); 1 unresolved critical alert(s); 2 malware/ransomware alert(s); 1 PowerShell alert(s),5,3,3,6,2,0,0,0,2,0,0,0,Critical,LPT-11399,High,Customer Care
VDR-10528,5,0,1,4,0,3,2,0,0,0,0,0,0,5,1,21,3 malware/ransomware alert(s); 2 PowerShell alert(s); 5 identity review concern(s),0,3,0,9,4,0,0,0,0,0,0,5,Critical,VDR-10528,Medium,Human Resource
VDR-10917,5,0,0,4,0,0,1,1,0,0,2,0,5,0,1,21,1 PowerShell alert(s); 1 lateral-movement alert(s); 5 inactive-user event(s),0,0,0,0,2,2,0,0,2,0,15,0,Critical,VDR-10917,Critical,Finance
VDR-12499,5,0,3,3,0,2,0,1,2,0,0,0,0,0,1,21,2 malware/ransomware alert(s); 1 lateral-movement alert(s); 2 credential-access alert(s),0,9,0,6,0,2,4,0,0,0,0,0,Critical,VDR-12499,Medium,Fin
VDR-12748,5,0,2,1,0,2,1,0,0,0,2,0,0,5,1,21,2 malware/ransomware alert(s); 1 PowerShell alert(s); 5 identity review concern(s),0,6,0,6,2,0,0,0,2,0,0,5,Critical,VDR-12748,Low,
WS-10606,5,1,0,3,0,1,0,3,1,0,0,0,0,5,1,21,1 critical alert(s); 1 malware/ransomware alert(s); 3 lateral-movement alert(s); 1 credential-access alert(s); 5 identity review concern(s),5,0,0,3,0,6,2,0,0,0,0,5,Critical,WS-10606,Low,Ops Team
WS-11286,5,1,0,3,1,3,2,0,0,0,0,0,0,0,1,21,1 critical alert(s); 1 unresolved critical alert(s); 3 malware/ransomware alert(s); 2 PowerShell alert(s),5,0,3,9,4,0,0,0,0,0,0,0,Critical,WS-11286,Low,Rd
WS-12984,5,1,2,4,1,1,1,0,1,0,0,0,0,0,1,21,1 critical alert(s); 1 unresolved critical alert(s); 1 malware/ransomware alert(s); 1 PowerShell alert(s); 1 credential-access alert(s),5,6,3,3,2,0,2,0,0,0,0,0,Critical,WS-12984,High,Customer Care
LPT-10560,4,0,1,2,0,2,0,0,0,0,0,0,4,0,1,21,2 malware/ransomware alert(s); 4 inactive-user event(s),0,3,0,6,0,0,0,0,0,0,12,0,Critical,LPT-10560,Critical,Operations
LPT-10898,4,0,1,4,0,1,0,0,1,0,1,0,4,0,1,21,1 malware/ransomware alert(s); 1 credential-access alert(s); 4 inactive-user event(s),0,3,0,3,0,0,2,0,1,0,12,0,Critical,LPT-10898,Medium,Information Tech
LPT-12253,4,1,1,3,1,3,0,0,0,0,1,0,0,0,1,21,1 critical alert(s); 1 unresolved critical alert(s); 3 malware/ransomware alert(s),5,3,3,9,0,0,0,0,1,0,0,0,Critical,LPT-12253,High,Supply Chain
LPT-12600,4,1,0,4,1,1,0,1,2,0,0,0,0,4,1,21,1 critical alert(s); 1 unresolved critical alert(s); 1 malware/ransomware alert(s); 1 lateral-movement alert(s); 2 credential-access alert(s); 4 identity review concern(s),5,0,3,3,0,2,4,0,0,0,0,4,Critical,LPT-12600,High,Legal
VDR-10316,4,1,2,3,1,1,0,1,1,0,0,0,0,0,1,21,1 critical alert(s); 1 unresolved critical alert(s); 1 malware/ransomware alert(s); 1 lateral-movement alert(s); 1 credential-access alert(s),5,6,3,3,0,2,2,0,0,0,0,0,Critical,VDR-10316,Critical,Legal
VDR-11665,4,1,0,3,1,2,1,0,0,0,1,0,0,4,1,21,1 critical alert(s); 1 unresolved critical alert(s); 2 malware/ransomware alert(s); 1 PowerShell alert(s); 4 identity review concern(s),5,0,3,6,2,0,0,0,1,0,0,4,Critical,VDR-11665,Low,
VDR-11748,4,2,0,4,2,0,1,0,0,0,3,0,0,0,1,21,2 critical alert(s); 2 unresolved critical alert(s); 1 PowerShell alert(s),10,0,6,0,2,0,0,0,3,0,0,0,Critical,VDR-11748,Medium,Purchase
VDR-11921,4,1,1,2,1,1,0,1,0,0,1,0,0,4,1,21,1 critical alert(s); 1 unresolved critical alert(s); 1 malware/ransomware alert(s); 1 lateral-movement alert(s); 4 identity review concern(s),5,3,3,3,0,2,0,0,1,0,0,4,Critical,VDR-11921,High,
VDR-12071,4,1,1,4,1,2,1,1,0,0,0,0,0,0,1,21,1 critical alert(s); 1 unresolved critical alert(s); 2 malware/ransomware alert(s); 1 PowerShell alert(s); 1 lateral-movement alert(s),5,3,3,6,2,2,0,0,0,0,0,0,Critical,VDR-12071,Low,Cs
VDR-12403,4,0,1,3,0,0,0,0,1,0,0,0,4,4,1,21,1 credential-access alert(s); 4 inactive-user event(s); 4 identity review concern(s),0,3,0,0,0,0,2,0,0,0,12,4,Critical,VDR-12403,High,Sales
WS-10027,4,0,0,3,0,2,1,0,0,0,1,0,4,0,1,21,2 malware/ransomware alert(s); 1 PowerShell alert(s); 4 inactive-user event(s),0,0,0,6,2,0,0,0,1,0,12,0,Critical,WS-10027,High,Finance Dept
WS-10064,4,0,0,3,0,2,0,0,1,0,1,0,4,0,1,21,2 malware/ransomware alert(s); 1 credential-access alert(s); 4 inactive-user event(s),0,0,0,6,0,0,2,0,1,0,12,0,Critical,WS-10064,Critical,Ops Team
WS-10085,4,0,3,3,0,4,0,0,0,0,0,0,0,0,1,21,4 malware/ransomware alert(s),0,9,0,12,0,0,0,0,0,0,0,0,Critical,WS-10085,Medium,Business Sales
WS-10468,4,1,0,2,1,2,0,0,1,0,1,0,0,4,1,21,1 critical alert(s); 1 unresolved critical alert(s); 2 malware/ransomware alert(s); 1 credential-access alert(s); 4 identity review concern(s),5,0,3,6,0,0,2,0,1,0,0,4,Critical,WS-10468,High,Supply Chain
WS-10994,4,0,0,3,0,1,0,2,1,0,0,0,4,0,1,21,1 malware/ransomware alert(s); 2 lateral-movement alert(s); 1 credential-access alert(s); 4 inactive-user event(s),0,0,0,3,0,4,2,0,0,0,12,0,Critical,WS-10994,High,Rd
WS-11713,4,2,0,3,1,2,0,0,1,0,0,0,0,0,1,21,2 critical alert(s); 1 unresolved critical alert(s); 2 malware/ransomware alert(s); 1 credential-access alert(s),10,0,3,6,0,0,2,0,0,0,0,0,Critical,WS-11713,Critical,Rnd
WS-12391,4,1,1,2,1,2,0,1,1,0,0,0,0,0,1,21,1 critical alert(s); 1 unresolved critical alert(s); 2 malware/ransomware alert(s); 1 lateral-movement alert(s); 1 credential-access alert(s),5,3,3,6,0,2,2,0,0,0,0,0,Critical,WS-12391,Low,Operations Dept
LPT-10046,3,1,1,1,0,0,0,0,2,0,0,0,3,0,1,21,1 critical alert(s); 2 credential-access alert(s); 3 inactive-user event(s),5,3,0,0,0,0,4,0,0,0,9,0,Critical,LPT-10046,High,Legal
LPT-10169,3,1,1,3,1,2,0,0,0,0,1,0,0,3,1,21,1 critical alert(s); 1 unresolved critical alert(s); 2 malware/ransomware alert(s); 3 identity review concern(s),5,3,3,6,0,0,0,0,1,0,0,3,Critical,LPT-10169,Low,Ops
LPT-10565,3,1,2,2,1,2,0,0,0,0,1,0,0,0,1,21,1 critical alert(s); 1 unresolved critical alert(s); 2 malware/ransomware alert(s),5,6,3,6,0,0,0,0,1,0,0,0,Critical,LPT-10565,Critical,Finance
LPT-11004,3,0,2,2,0,0,1,2,0,0,0,0,3,0,1,21,1 PowerShell alert(s); 2 lateral-movement alert(s); 3 inactive-user event(s),0,6,0,0,2,4,0,0,0,0,9,0,Critical,LPT-11004,High,Research And Development
LPT-11114,3,2,0,2,1,2,0,0,1,0,0,0,0,0,1,21,2 critical alert(s); 1 unresolved critical alert(s); 2 malware/ransomware alert(s); 1 credential-access alert(s),10,0,3,6,0,0,2,0,0,0,0,0,Critical,LPT-11114,Medium,Operations
LPT-12322,3,0,1,2,0,0,1,2,0,0,0,0,3,3,1,21,1 PowerShell alert(s); 2 lateral-movement alert(s); 3 inactive-user event(s); 3 identity review concern(s),0,3,0,0,2,4,0,0,0,0,9,3,Critical,LPT-12322,High,It
LPT-12786,3,1,1,1,0,1,0,0,0,0,1,0,3,0,1,21,1 critical alert(s); 1 malware/ransomware alert(s); 3 inactive-user event(s),5,3,0,3,0,0,0,0,1,0,9,0,Critical,LPT-12786,Critical,Procurement Team
VDR-12464,3,1,1,3,1,1,0,1,1,0,0,0,0,3,1,21,1 critical alert(s); 1 unresolved critical alert(s); 1 malware/ransomware alert(s); 1 lateral-movement alert(s); 1 credential-access alert(s); 3 identity review concern(s),5,3,3,3,0,2,2,0,0,0,0,3,Critical,VDR-12464,High,Legal
WS-10625,3,1,0,2,1,0,1,0,1,0,0,0,3,0,1,21,1 critical alert(s); 1 unresolved critical alert(s); 1 PowerShell alert(s); 1 credential-access alert(s); 3 inactive-user event(s),5,0,3,0,2,0,2,0,0,0,9,0,Critical,WS-10625,High,Supply Chain
WS-11523,3,2,1,2,1,1,0,0,1,0,0,0,0,0,1,21,2 critical alert(s); 1 unresolved critical alert(s); 1 malware/ransomware alert(s); 1 credential-access alert(s),10,3,3,3,0,0,2,0,0,0,0,0,Critical,WS-11523,Critical,Sales
WS-12283,3,1,2,3,1,1,0,1,1,0,0,0,0,0,1,21,1 critical alert(s); 1 unresolved critical alert(s); 1 malware/ransomware alert(s); 1 lateral-movement alert(s); 1 credential-access alert(s),5,6,3,3,0,2,2,0,0,0,0,0,Critical,WS-12283,Medium,Hr Dept
WS-12553,3,1,0,3,1,0,0,1,0,0,1,1,3,0,1,21,1 critical alert(s); 1 unresolved critical alert(s); 1 lateral-movement alert(s); 3 inactive-user event(s),5,0,3,0,0,2,0,0,1,1,9,0,Critical,WS-12553,Medium,It
WS-10126,2,1,1,0,0,1,0,0,1,0,0,0,2,2,1,21,1 critical alert(s); 1 malware/ransomware alert(s); 1 credential-access alert(s); 2 inactive-user event(s); 2 identity review concern(s),5,3,0,3,0,0,2,0,0,0,6,2,Critical,WS-10126,High,Finance
WS-11067,8,0,0,5,0,5,1,0,1,0,0,1,0,0,1,20,5 malware/ransomware alert(s); 1 PowerShell alert(s); 1 credential-access alert(s),0,0,0,15,2,0,2,0,0,1,0,0,Critical,WS-11067,Medium,Brand Team
VDR-10710,7,0,2,3,0,3,0,1,1,0,1,0,0,0,1,20,3 malware/ransomware alert(s); 1 lateral-movement alert(s); 1 credential-access alert(s),0,6,0,9,0,2,2,0,1,0,0,0,Critical,VDR-10710,Low,R&D
VDR-12814,7,0,0,4,0,5,0,1,1,0,0,1,0,0,1,20,5 malware/ransomware alert(s); 1 lateral-movement alert(s); 1 credential-access alert(s),0,0,0,15,0,2,2,0,0,1,0,0,Critical,VDR-12814,Medium,Finance Dept
WS-10878,7,1,2,6,0,1,1,1,0,0,2,0,0,0,1,20,1 critical alert(s); 1 malware/ransomware alert(s); 1 PowerShell alert(s); 1 lateral-movement alert(s),5,6,0,3,2,2,0,0,2,0,0,0,Critical,WS-10878,High,R&D
LPT-12110,6,1,0,3,0,1,1,2,0,0,0,0,0,6,1,20,1 critical alert(s); 1 malware/ransomware alert(s); 1 PowerShell alert(s); 2 lateral-movement alert(s); 6 identity review concern(s),5,0,0,3,2,4,0,0,0,0,0,6,Critical,LPT-12110,Medium,Information Tech
VDR-11433,6,0,1,3,0,2,1,1,0,0,1,0,0,6,1,20,2 malware/ransomware alert(s); 1 PowerShell alert(s); 1 lateral-movement alert(s); 6 identity review concern(s),0,3,0,6,2,2,0,0,1,0,0,6,Critical,VDR-11433,Medium,Marketing Dept
LPT-12626,5,1,1,4,1,1,1,2,0,0,0,0,0,0,1,20,1 critical alert(s); 1 unresolved critical alert(s); 1 malware/ransomware alert(s); 1 PowerShell alert(s); 2 lateral-movement alert(s),5,3,3,3,2,4,0,0,0,0,0,0,Critical,LPT-12626,Critical,Business Sales
VDR-10251,5,1,0,5,1,0,1,1,0,0,3,0,0,5,1,20,1 critical alert(s); 1 unresolved critical alert(s); 1 PowerShell alert(s); 1 lateral-movement alert(s); 5 identity review concern(s),5,0,3,0,2,2,0,0,3,0,0,5,Critical,VDR-10251,Medium,
VDR-10330,5,1,2,3,0,2,1,0,0,0,1,0,0,0,1,20,1 critical alert(s); 2 malware/ransomware alert(s); 1 PowerShell alert(s),5,6,0,6,2,0,0,0,1,0,0,0,Critical,VDR-10330,Low,Procurement
VDR-12248,5,1,0,4,1,2,1,2,0,0,0,0,0,0,1,20,1 critical alert(s); 1 unresolved critical alert(s); 2 malware/ransomware alert(s); 1 PowerShell alert(s); 2 lateral-movement alert(s),5,0,3,6,2,4,0,0,0,0,0,0,Critical,VDR-12248,Low,Accounts
WS-10190,5,0,2,3,0,1,1,1,0,0,2,0,0,5,1,20,1 malware/ransomware alert(s); 1 PowerShell alert(s); 1 lateral-movement alert(s); 5 identity review concern(s),0,6,0,3,2,2,0,0,2,0,0,5,Critical,WS-10190,High,Brand Team
WS-10317,5,0,5,4,0,1,1,0,0,0,0,0,0,0,1,20,1 malware/ransomware alert(s); 1 PowerShell alert(s),0,15,0,3,2,0,0,0,0,0,0,0,Critical,WS-10317,Medium,Customer Support
WS-11211,5,0,3,5,0,2,2,0,0,0,1,0,0,0,1,20,2 malware/ransomware alert(s); 2 PowerShell alert(s),0,9,0,6,4,0,0,0,1,0,0,0,Critical,WS-11211,Critical,Hr
WS-11415,5,0,3,2,0,1,1,1,2,0,0,0,0,0,1,20,1 malware/ransomware alert(s); 1 PowerShell alert(s); 1 lateral-movement alert(s); 2 credential-access alert(s),0,9,0,3,2,2,4,0,0,0,0,0,Critical,WS-11415,Low,Finance
WS-11443,5,1,1,4,0,3,0,1,0,0,1,0,0,0,1,20,1 critical alert(s); 3 malware/ransomware alert(s); 1 lateral-movement alert(s),5,3,0,9,0,2,0,0,1,0,0,0,Critical,WS-11443,High,Operations
WS-12219,5,1,0,3,1,2,1,2,0,0,0,0,0,0,1,20,1 critical alert(s); 1 unresolved critical alert(s); 2 malware/ransomware alert(s); 1 PowerShell alert(s); 2 lateral-movement alert(s),5,0,3,6,2,4,0,0,0,0,0,0,Critical,WS-12219,High,Compliance
WS-12345,5,1,0,4,1,4,0,0,0,0,0,0,0,0,1,20,1 critical alert(s); 1 unresolved critical alert(s); 4 malware/ransomware alert(s),5,0,3,12,0,0,0,0,0,0,0,0,Critical,WS-12345,Medium,Operations
WS-12594,5,1,1,5,1,2,0,1,0,0,1,0,0,0,1,20,1 critical alert(s); 1 unresolved critical alert(s); 2 malware/ransomware alert(s); 1 lateral-movement alert(s),5,3,3,6,0,2,0,0,1,0,0,0,Critical,WS-12594,Medium,Human Resources
WS-12660,5,1,0,1,1,3,0,1,0,0,0,1,0,0,1,20,1 critical alert(s); 1 unresolved critical alert(s); 3 malware/ransomware alert(s); 1 lateral-movement alert(s),5,0,3,9,0,2,0,0,0,1,0,0,Critical,WS-12660,Low,Finance
LPT-10094,4,1,1,3,0,3,0,0,1,0,0,1,0,0,1,20,1 critical alert(s); 3 malware/ransomware alert(s); 1 credential-access alert(s),5,3,0,9,0,0,2,0,0,1,0,0,Critical,LPT-10094,Low,Call Center
VDR-10756,4,1,1,2,1,1,1,2,0,0,0,0,0,0,1,20,1 critical alert(s); 1 unresolved critical alert(s); 1 malware/ransomware alert(s); 1 PowerShell alert(s); 2 lateral-movement alert(s),5,3,3,3,2,4,0,0,0,0,0,0,Critical,VDR-10756,Low,Sales
VDR-10847,4,0,3,3,0,3,0,1,0,0,0,0,0,0,1,20,3 malware/ransomware alert(s); 1 lateral-movement alert(s),0,9,0,9,0,2,0,0,0,0,0,0,Critical,VDR-10847,Critical,Call Center
VDR-11421,4,1,0,4,1,1,2,0,0,0,1,0,0,4,1,20,1 critical alert(s); 1 unresolved critical alert(s); 1 malware/ransomware alert(s); 2 PowerShell alert(s); 4 identity review concern(s),5,0,3,3,4,0,0,0,1,0,0,4,Critical,VDR-11421,Low,Sales
WS-10746,4,1,1,3,0,1,2,0,0,0,1,0,0,4,1,20,1 critical alert(s); 1 malware/ransomware alert(s); 2 PowerShell alert(s); 4 identity review concern(s),5,3,0,3,4,0,0,0,1,0,0,4,Critical,WS-10746,High,
WS-10773,4,2,0,2,1,1,0,1,1,0,0,0,0,0,1,20,2 critical alert(s); 1 unresolved critical alert(s); 1 malware/ransomware alert(s); 1 lateral-movement alert(s); 1 credential-access alert(s),10,0,3,3,0,2,2,0,0,0,0,0,Critical,WS-10773,Medium,Accounts
WS-10908,4,1,1,2,1,2,0,0,1,0,1,0,0,0,1,20,1 critical alert(s); 1 unresolved critical alert(s); 2 malware/ransomware alert(s); 1 credential-access alert(s),5,3,3,6,0,0,2,0,1,0,0,0,Critical,WS-10908,Critical,Rnd
WS-11739,4,0,0,2,0,1,1,0,1,0,1,0,4,0,1,20,1 malware/ransomware alert(s); 1 PowerShell alert(s); 1 credential-access alert(s); 4 inactive-user event(s),0,0,0,3,2,0,2,0,1,0,12,0,Critical,WS-11739,Low,Customer Care
WS-11803,4,1,1,3,1,3,0,0,0,0,0,0,0,0,1,20,1 critical alert(s); 1 unresolved critical alert(s); 3 malware/ransomware alert(s),5,3,3,9,0,0,0,0,0,0,0,0,Critical,WS-11803,Low,Fin
LPT-10194,3,1,1,2,1,2,0,0,0,0,0,0,0,3,1,20,1 critical alert(s); 1 unresolved critical alert(s); 2 malware/ransomware alert(s); 3 identity review concern(s),5,3,3,6,0,0,0,0,0,0,0,3,Critical,LPT-10194,Low,
LPT-10789,3,0,1,3,0,2,1,0,0,0,0,0,3,0,1,20,2 malware/ransomware alert(s); 1 PowerShell alert(s); 3 inactive-user event(s),0,3,0,6,2,0,0,0,0,0,9,0,Critical,LPT-10789,High,Mkt
LPT-10802,3,1,2,2,1,2,0,0,0,0,0,0,0,0,1,20,1 critical alert(s); 1 unresolved critical alert(s); 2 malware/ransomware alert(s),5,6,3,6,0,0,0,0,0,0,0,0,Critical,LPT-10802,High,Finance
LPT-11125,3,0,2,2,0,0,1,1,0,0,1,0,3,0,1,20,1 PowerShell alert(s); 1 lateral-movement alert(s); 3 inactive-user event(s),0,6,0,0,2,2,0,0,1,0,9,0,Critical,LPT-11125,Medium,Mktg
LPT-11271,3,2,0,2,1,2,0,0,0,0,1,0,0,0,1,20,2 critical alert(s); 1 unresolved critical alert(s); 2 malware/ransomware alert(s),10,0,3,6,0,0,0,0,1,0,0,0,Critical,LPT-11271,High,Support
LPT-12069,3,0,1,1,0,2,0,1,0,0,0,0,3,0,1,20,2 malware/ransomware alert(s); 1 lateral-movement alert(s); 3 inactive-user event(s),0,3,0,6,0,2,0,0,0,0,9,0,Critical,LPT-12069,Critical,Sales
LPT-12293,3,1,1,2,1,1,0,1,0,0,1,0,0,3,1,20,1 critical alert(s); 1 unresolved critical alert(s); 1 malware/ransomware alert(s); 1 lateral-movement alert(s); 3 identity review concern(s),5,3,3,3,0,2,0,0,1,0,0,3,Critical,LPT-12293,Critical,Innovation
LPT-12475,3,0,0,2,0,2,0,0,1,0,0,0,3,3,1,20,2 malware/ransomware alert(s); 1 credential-access alert(s); 3 inactive-user event(s); 3 identity review concern(s),0,0,0,6,0,0,2,0,0,0,9,3,Critical,LPT-12475,Low,Compliance
VDR-10672,3,1,2,3,1,0,1,0,2,0,0,0,0,0,1,20,1 critical alert(s); 1 unresolved critical alert(s); 1 PowerShell alert(s); 2 credential-access alert(s),5,6,3,0,2,0,4,0,0,0,0,0,Critical,VDR-10672,Medium,Sales Team
VDR-10907,3,0,1,2,0,1,0,0,1,0,0,0,3,3,1,20,1 malware/ransomware alert(s); 1 credential-access alert(s); 3 inactive-user event(s); 3 identity review concern(s),0,3,0,3,0,0,2,0,0,0,9,3,Critical,VDR-10907,Critical,Fin
VDR-11007,3,1,2,3,1,0,0,1,2,0,0,0,0,0,1,20,1 critical alert(s); 1 unresolved critical alert(s); 1 lateral-movement alert(s); 2 credential-access alert(s),5,6,3,0,0,2,4,0,0,0,0,0,Critical,VDR-11007,Low,Cs
VDR-11166,3,0,2,3,0,0,0,1,1,0,1,0,3,0,1,20,1 lateral-movement alert(s); 1 credential-access alert(s); 3 inactive-user event(s),0,6,0,0,0,2,2,0,1,0,9,0,Critical,VDR-11166,Low,Rnd
WS-11230,3,0,0,2,0,2,0,1,0,0,0,0,3,3,1,20,2 malware/ransomware alert(s); 1 lateral-movement alert(s); 3 inactive-user event(s); 3 identity review concern(s),0,0,0,6,0,2,0,0,0,0,9,3,Critical,WS-11230,Medium,Research And Development
WS-12179,3,0,2,3,0,1,1,0,0,0,0,0,3,0,1,20,1 malware/ransomware alert(s); 1 PowerShell alert(s); 3 inactive-user event(s),0,6,0,3,2,0,0,0,0,0,9,0,Critical,WS-12179,High,Business Sales
WS-12827,3,1,1,2,1,3,0,0,0,0,0,0,0,0,1,20,1 critical alert(s); 1 unresolved critical alert(s); 3 malware/ransomware alert(s),5,3,3,9,0,0,0,0,0,0,0,0,Critical,WS-12827,High,Customer Care
LPT-11926,2,0,2,2,0,2,0,0,0,0,0,0,2,2,1,20,2 malware/ransomware alert(s); 2 inactive-user event(s); 2 identity review concern(s),0,6,0,6,0,0,0,0,0,0,6,2,Critical,LPT-11926,Medium,Finance Dept
MISSING_HOST::EMP10771,2,0,2,0,0,2,0,0,0,0,0,0,2,2,1,20,2 malware/ransomware alert(s); 2 inactive-user event(s); 2 identity review concern(s),0,6,0,6,0,0,0,0,0,0,6,2,Critical,,Low,It
VDR-11767,2,1,1,1,1,0,0,1,0,0,1,0,2,0,1,20,1 critical alert(s); 1 unresolved critical alert(s); 1 lateral-movement alert(s); 2 inactive-user event(s),5,3,3,0,0,2,0,0,1,0,6,0,Critical,VDR-11767,High,Support
WS-11372,2,1,0,2,1,0,1,0,0,0,1,1,2,2,1,20,1 critical alert(s); 1 unresolved critical alert(s); 1 PowerShell alert(s); 2 inactive-user event(s); 2 identity review concern(s),5,0,3,0,2,0,0,0,1,1,6,2,Critical,WS-11372,Low,Research And Development
WS-12677,9,0,0,7,0,5,0,2,0,0,0,0,0,0,1,19,5 malware/ransomware alert(s); 2 lateral-movement alert(s),0,0,0,15,0,4,0,0,0,0,0,0,High,WS-12677,Critical,Hr Dept
WS-12164,7,2,0,4,1,0,1,1,0,0,2,0,0,0,1,19,2 critical alert(s); 1 unresolved critical alert(s); 1 PowerShell alert(s); 1 lateral-movement alert(s),10,0,3,0,2,2,0,0,2,0,0,0,High,WS-12164,Medium,Marketing Dept
WS-12950,7,1,1,3,0,2,0,1,1,0,1,0,0,0,1,19,1 critical alert(s); 2 malware/ransomware alert(s); 1 lateral-movement alert(s); 1 credential-access alert(s),5,3,0,6,0,2,2,0,1,0,0,0,High,WS-12950,Low,Sales Team
LPT-10104,6,1,0,6,1,2,0,1,1,0,1,0,0,0,1,19,1 critical alert(s); 1 unresolved critical alert(s); 2 malware/ransomware alert(s); 1 lateral-movement alert(s); 1 credential-access alert(s),5,0,3,6,0,2,2,0,1,0,0,0,High,LPT-10104,Low,Legal Dept
LPT-11175,6,1,1,4,1,0,1,1,2,0,0,0,0,0,1,19,1 critical alert(s); 1 unresolved critical alert(s); 1 PowerShell alert(s); 1 lateral-movement alert(s); 2 credential-access alert(s),5,3,3,0,2,2,4,0,0,0,0,0,High,LPT-11175,Medium,R&D
VDR-11580,6,1,0,5,1,1,2,0,2,0,0,0,0,0,1,19,1 critical alert(s); 1 unresolved critical alert(s); 1 malware/ransomware alert(s); 2 PowerShell alert(s); 2 credential-access alert(s),5,0,3,3,4,0,4,0,0,0,0,0,High,VDR-11580,Medium,Sales
WS-11397,6,0,1,3,0,1,2,0,0,0,3,0,0,6,1,19,1 malware/ransomware alert(s); 2 PowerShell alert(s); 6 identity review concern(s),0,3,0,3,4,0,0,0,3,0,0,6,High,WS-11397,Medium,Sales
LPT-10323,5,0,3,4,0,1,0,0,3,0,1,0,0,0,1,19,1 malware/ransomware alert(s); 3 credential-access alert(s),0,9,0,3,0,0,6,0,1,0,0,0,High,LPT-10323,High,Sales
LPT-11015,5,1,0,3,1,3,1,0,0,0,0,0,0,0,1,19,1 critical alert(s); 1 unresolved critical alert(s); 3 malware/ransomware alert(s); 1 PowerShell alert(s),5,0,3,9,2,0,0,0,0,0,0,0,High,LPT-11015,Critical,Information Technology
LPT-11638,5,0,1,5,0,3,0,0,1,0,0,0,0,5,1,19,3 malware/ransomware alert(s); 1 credential-access alert(s); 5 identity review concern(s),0,3,0,9,0,0,2,0,0,0,0,5,High,LPT-11638,High,Rnd
VDR-10222,5,0,3,4,0,2,1,0,0,0,2,0,0,0,1,19,2 malware/ransomware alert(s); 1 PowerShell alert(s),0,9,0,6,2,0,0,0,2,0,0,0,High,VDR-10222,Critical,Operations
VDR-10498,5,1,0,3,1,2,1,1,0,0,1,0,0,0,1,19,1 critical alert(s); 1 unresolved critical alert(s); 2 malware/ransomware alert(s); 1 PowerShell alert(s); 1 lateral-movement alert(s),5,0,3,6,2,2,0,0,1,0,0,0,High,VDR-10498,High,Mkt
VDR-10592,5,0,3,2,0,2,0,1,0,0,2,0,0,0,1,19,2 malware/ransomware alert(s); 1 lateral-movement alert(s),0,9,0,6,0,2,0,0,2,0,0,0,High,VDR-10592,Critical,Ops Team
VDR-10613,5,1,0,3,0,1,1,0,2,0,0,0,0,5,1,19,1 critical alert(s); 1 malware/ransomware alert(s); 1 PowerShell alert(s); 2 credential-access alert(s); 5 identity review concern(s),5,0,0,3,2,0,4,0,0,0,0,5,High,VDR-10613,Medium,Legal
VDR-11155,5,0,2,3,0,2,0,2,1,0,0,1,0,0,1,19,2 malware/ransomware alert(s); 2 lateral-movement alert(s); 1 credential-access alert(s),0,6,0,6,0,4,2,0,0,1,0,0,High,VDR-11155,Critical,Sales Team
VDR-11385,5,1,1,4,1,1,0,1,1,0,1,0,0,0,1,19,1 critical alert(s); 1 unresolved critical alert(s); 1 malware/ransomware alert(s); 1 lateral-movement alert(s); 1 credential-access alert(s),5,3,3,3,0,2,2,0,1,0,0,0,High,VDR-11385,Low,R&D
VDR-11605,5,0,1,5,0,1,1,1,2,0,0,0,0,5,1,19,1 malware/ransomware alert(s); 1 PowerShell alert(s); 1 lateral-movement alert(s); 2 credential-access alert(s); 5 identity review concern(s),0,3,0,3,2,2,4,0,0,0,0,5,High,VDR-11605,Medium,Information Tech
VDR-12869,5,1,0,3,1,1,1,1,2,0,0,0,0,0,1,19,1 critical alert(s); 1 unresolved critical alert(s); 1 malware/ransomware alert(s); 1 PowerShell alert(s); 1 lateral-movement alert(s); 2 credential-access alert(s),5,0,3,3,2,2,4,0,0,0,0,0,High,VDR-12869,Low,R&D
LPT-10021,4,0,3,2,0,2,1,0,1,0,0,0,0,0,1,19,2 malware/ransomware alert(s); 1 PowerShell alert(s); 1 credential-access alert(s),0,9,0,6,2,0,2,0,0,0,0,0,High,LPT-10021,Low,It
LPT-10337,4,1,1,4,1,1,0,1,1,0,1,0,0,0,1,19,1 critical alert(s); 1 unresolved critical alert(s); 1 malware/ransomware alert(s); 1 lateral-movement alert(s); 1 credential-access alert(s),5,3,3,3,0,2,2,0,1,0,0,0,High,LPT-10337,Medium,Information Tech
LPT-10616,4,0,2,3,0,1,2,0,1,0,0,0,0,4,1,19,1 malware/ransomware alert(s); 2 PowerShell alert(s); 1 credential-access alert(s); 4 identity review concern(s),0,6,0,3,4,0,2,0,0,0,0,4,High,LPT-10616,High,Cs
LPT-12672,4,1,0,4,1,3,1,0,0,0,0,0,0,0,1,19,1 critical alert(s); 1 unresolved critical alert(s); 3 malware/ransomware alert(s); 1 PowerShell alert(s),5,0,3,9,2,0,0,0,0,0,0,0,High,LPT-12672,Low,Ops Team
VDR-10776,4,2,1,1,0,2,0,0,0,0,0,0,0,0,1,19,2 critical alert(s); 2 malware/ransomware alert(s),10,3,0,6,0,0,0,0,0,0,0,0,High,VDR-10776,Low,Ops
VDR-11095,4,1,1,4,1,2,1,0,0,0,0,0,0,0,1,19,1 critical alert(s); 1 unresolved critical alert(s); 2 malware/ransomware alert(s); 1 PowerShell alert(s),5,3,3,6,2,0,0,0,0,0,0,0,High,VDR-11095,High,Cs
VDR-11779,4,1,0,3,1,3,1,0,0,0,0,0,0,0,1,19,1 critical alert(s); 1 unresolved critical alert(s); 3 malware/ransomware alert(s); 1 PowerShell alert(s),5,0,3,9,2,0,0,0,0,0,0,0,High,VDR-11779,Medium,Mktg
VDR-12591,4,2,1,2,0,0,3,0,0,0,0,0,0,0,1,19,2 critical alert(s); 3 PowerShell alert(s),10,3,0,0,6,0,0,0,0,0,0,0,High,VDR-12591,Medium,Legal
WS-11997,4,1,0,2,1,3,0,1,0,0,0,0,0,0,1,19,1 critical alert(s); 1 unresolved critical alert(s); 3 malware/ransomware alert(s); 1 lateral-movement alert(s),5,0,3,9,0,2,0,0,0,0,0,0,High,WS-11997,Critical,Human Resource
WS-12744,4,0,3,2,0,2,1,1,0,0,0,0,0,0,1,19,2 malware/ransomware alert(s); 1 PowerShell alert(s); 1 lateral-movement alert(s),0,9,0,6,2,2,0,0,0,0,0,0,High,WS-12744,Critical,R&D
WS-12999,4,0,1,2,0,0,0,1,1,0,0,0,4,0,1,19,1 lateral-movement alert(s); 1 credential-access alert(s); 4 inactive-user event(s),0,3,0,0,0,2,2,0,0,0,12,0,High,WS-12999,Low,People Team
LPT-10028,3,2,0,1,1,0,1,1,1,0,0,0,0,0,1,19,2 critical alert(s); 1 unresolved critical alert(s); 1 PowerShell alert(s); 1 lateral-movement alert(s); 1 credential-access alert(s),10,0,3,0,2,2,2,0,0,0,0,0,High,LPT-10028,Critical,Sales Team
LPT-11353.CORP.LOCAL,3,1,1,2,0,2,0,1,0,0,0,0,0,3,1,19,1 critical alert(s); 2 malware/ransomware alert(s); 1 lateral-movement alert(s); 3 identity review concern(s),5,3,0,6,0,2,0,0,0,0,0,3,High,LPT-11353.CORP.LOCAL,High,Mkt
LPT-12061,3,2,1,1,0,1,0,0,1,0,1,0,0,0,1,19,2 critical alert(s); 1 malware/ransomware alert(s); 1 credential-access alert(s),10,3,0,3,0,0,2,0,1,0,0,0,High,LPT-12061,High,Information Tech
LPT-12098,3,0,1,3,0,1,0,1,1,0,0,0,3,0,1,19,1 malware/ransomware alert(s); 1 lateral-movement alert(s); 1 credential-access alert(s); 3 inactive-user event(s),0,3,0,3,0,2,2,0,0,0,9,0,High,LPT-12098,Medium,Compliance
LPT-12737,3,0,1,2,0,1,0,2,0,0,0,0,3,0,1,19,1 malware/ransomware alert(s); 2 lateral-movement alert(s); 3 inactive-user event(s),0,3,0,3,0,4,0,0,0,0,9,0,High,LPT-12737,Low,Information Technology
LPT-12840,3,0,1,2,0,1,1,1,0,0,0,0,3,0,1,19,1 malware/ransomware alert(s); 1 PowerShell alert(s); 1 lateral-movement alert(s); 3 inactive-user event(s),0,3,0,3,2,2,0,0,0,0,9,0,High,LPT-12840,High,Call Center
VDR-11128,3,0,1,0,0,1,0,1,1,0,0,0,3,0,1,19,1 malware/ransomware alert(s); 1 lateral-movement alert(s); 1 credential-access alert(s); 3 inactive-user event(s),0,3,0,3,0,2,2,0,0,0,9,0,High,VDR-11128,Low,Hr Dept
VDR-11328,3,0,1,3,0,2,0,0,0,0,1,0,3,0,1,19,2 malware/ransomware alert(s); 3 inactive-user event(s),0,3,0,6,0,0,0,0,1,0,9,0,High,VDR-11328,Medium,Innovation
VDR-12019,3,1,1,3,1,1,0,1,0,0,0,0,0,3,1,19,1 critical alert(s); 1 unresolved critical alert(s); 1 malware/ransomware alert(s); 1 lateral-movement alert(s); 3 identity review concern(s),5,3,3,3,0,2,0,0,0,0,0,3,High,VDR-12019,Low,Cs
VDR-12732,3,1,1,1,0,2,0,0,0,0,1,1,0,3,1,19,1 critical alert(s); 2 malware/ransomware alert(s); 3 identity review concern(s),5,3,0,6,0,0,0,0,1,1,0,3,High,VDR-12732,High,Compliance
VDR-12781,3,0,1,2,0,2,0,0,0,0,1,0,3,0,1,19,2 malware/ransomware alert(s); 3 inactive-user event(s),0,3,0,6,0,0,0,0,1,0,9,0,High,VDR-12781,High,Information Technology
VDR-12897,3,1,1,2,1,2,1,0,0,0,0,0,0,0,1,19,1 critical alert(s); 1 unresolved critical alert(s); 2 malware/ransomware alert(s); 1 PowerShell alert(s),5,3,3,6,2,0,0,0,0,0,0,0,High,VDR-12897,Critical,Ops Team
WS-10827,3,1,0,3,1,2,0,1,0,0,0,0,0,3,1,19,1 critical alert(s); 1 unresolved critical alert(s); 2 malware/ransomware alert(s); 1 lateral-movement alert(s); 3 identity review concern(s),5,0,3,6,0,2,0,0,0,0,0,3,High,WS-10827,High,Ops Team
WS-11076,3,1,0,3,1,2,1,0,0,0,0,0,0,3,1,19,1 critical alert(s); 1 unresolved critical alert(s); 2 malware/ransomware alert(s); 1 PowerShell alert(s); 3 identity review concern(s),5,0,3,6,2,0,0,0,0,0,0,3,High,WS-11076,Critical,Compliance
WS-12340,3,0,2,2,0,0,1,0,0,0,2,0,3,0,1,19,1 PowerShell alert(s); 3 inactive-user event(s),0,6,0,0,2,0,0,0,2,0,9,0,High,WS-12340,Critical,It Support
WS-12601,3,0,1,2,0,1,1,0,1,0,0,0,3,0,1,19,1 malware/ransomware alert(s); 1 PowerShell alert(s); 1 credential-access alert(s); 3 inactive-user event(s),0,3,0,3,2,0,2,0,0,0,9,0,High,WS-12601,High,Operations
WS-12682,3,0,0,2,0,1,0,2,0,0,0,0,3,3,1,19,1 malware/ransomware alert(s); 2 lateral-movement alert(s); 3 inactive-user event(s); 3 identity review concern(s),0,0,0,3,0,4,0,0,0,0,9,3,High,WS-12682,Low,Ops
LPT-10771,2,0,2,1,0,1,1,0,0,0,0,0,2,2,1,19,1 malware/ransomware alert(s); 1 PowerShell alert(s); 2 inactive-user event(s); 2 identity review concern(s),0,6,0,3,2,0,0,0,0,0,6,2,High,LPT-10771,Low,It
LPT-10815,2,1,0,2,1,1,0,0,0,0,1,1,2,0,1,19,1 critical alert(s); 1 unresolved critical alert(s); 1 malware/ransomware alert(s); 2 inactive-user event(s),5,0,3,3,0,0,0,0,1,1,6,0,High,LPT-10815,Medium,Ops Team
LPT-11288,2,1,0,1,1,1,0,1,0,0,0,0,2,0,1,19,1 critical alert(s); 1 unresolved critical alert(s); 1 malware/ransomware alert(s); 1 lateral-movement alert(s); 2 inactive-user event(s),5,0,3,3,0,2,0,0,0,0,6,0,High,LPT-11288,Low,Compliance
LPT-12053,2,1,0,2,1,0,1,0,0,0,1,0,2,2,1,19,1 critical alert(s); 1 unresolved critical alert(s); 1 PowerShell alert(s); 2 inactive-user event(s); 2 identity review concern(s),5,0,3,0,2,0,0,0,1,0,6,2,High,LPT-12053,High,Human Resources
LPT-12639,2,1,1,2,1,2,0,0,0,0,0,0,0,2,1,19,1 critical alert(s); 1 unresolved critical alert(s); 2 malware/ransomware alert(s); 2 identity review concern(s),5,3,3,6,0,0,0,0,0,0,0,2,High,LPT-12639,Low,Research And Development
LPT-12795,2,2,0,2,2,0,0,0,1,0,1,0,0,0,1,19,2 critical alert(s); 2 unresolved critical alert(s); 1 credential-access alert(s),10,0,6,0,0,0,2,0,1,0,0,0,High,LPT-12795,Low,Procurement Team
VDR-11669,2,2,0,2,2,0,0,0,1,0,1,0,0,0,1,19,2 critical alert(s); 2 unresolved critical alert(s); 1 credential-access alert(s),10,0,6,0,0,0,2,0,1,0,0,0,High,VDR-11669,Critical,It Support
VDR-12180,2,0,2,2,0,2,0,0,0,0,0,1,2,0,1,19,2 malware/ransomware alert(s); 2 inactive-user event(s),0,6,0,6,0,0,0,0,0,1,6,0,High,VDR-12180,Critical,Mkt
VDR-12725,2,1,1,2,1,0,1,0,0,0,0,0,2,0,1,19,1 critical alert(s); 1 unresolved critical alert(s); 1 PowerShell alert(s); 2 inactive-user event(s),5,3,3,0,2,0,0,0,0,0,6,0,High,VDR-12725,Low,Support
WS-10509,2,1,0,2,1,1,0,1,0,0,0,0,2,0,1,19,1 critical alert(s); 1 unresolved critical alert(s); 1 malware/ransomware alert(s); 1 lateral-movement alert(s); 2 inactive-user event(s),5,0,3,3,0,2,0,0,0,0,6,0,High,WS-10509,Critical,Rnd
WS-10946,2,1,0,2,1,1,1,0,0,0,0,0,2,0,1,19,1 critical alert(s); 1 unresolved critical alert(s); 1 malware/ransomware alert(s); 1 PowerShell alert(s); 2 inactive-user event(s),5,0,3,3,2,0,0,0,0,0,6,0,High,WS-10946,Low,Accounts
WS-11313,2,1,0,1,1,1,1,0,0,0,0,0,2,0,1,19,1 critical alert(s); 1 unresolved critical alert(s); 1 malware/ransomware alert(s); 1 PowerShell alert(s); 2 inactive-user event(s),5,0,3,3,2,0,0,0,0,0,6,0,High,WS-11313,Critical,R&D
LPT-11683,9,0,1,6,0,2,1,2,1,0,1,0,0,0,1,18,2 malware/ransomware alert(s); 1 PowerShell alert(s); 2 lateral-movement alert(s); 1 credential-access alert(s),0,3,0,6,2,4,2,0,1,0,0,0,High,LPT-11683,High,Mkt
LPT-12429,8,0,1,5,0,1,5,0,1,0,0,0,0,0,1,18,1 malware/ransomware alert(s); 5 PowerShell alert(s); 1 credential-access alert(s),0,3,0,3,10,0,2,0,0,0,0,0,High,LPT-12429,High,Mkt
WS-10953,7,0,2,7,0,2,1,0,1,0,2,0,0,0,1,18,2 malware/ransomware alert(s); 1 PowerShell alert(s); 1 credential-access alert(s),0,6,0,6,2,0,2,0,2,0,0,0,High,WS-10953,High,Customer Care
VDR-12095,6,1,0,4,0,2,1,0,2,0,1,0,0,0,1,18,1 critical alert(s); 2 malware/ransomware alert(s); 1 PowerShell alert(s); 2 credential-access alert(s),5,0,0,6,2,0,4,0,1,0,0,0,High,VDR-12095,Critical,Compliance
VDR-12580,6,1,1,4,1,1,1,1,0,0,0,0,0,0,1,18,1 critical alert(s); 1 unresolved critical alert(s); 1 malware/ransomware alert(s); 1 PowerShell alert(s); 1 lateral-movement alert(s),5,3,3,3,2,2,0,0,0,0,0,0,High,VDR-12580,High,Business Sales
VDR-10042,5,1,1,2,1,1,0,1,0,0,2,0,0,0,1,18,1 critical alert(s); 1 unresolved critical alert(s); 1 malware/ransomware alert(s); 1 lateral-movement alert(s),5,3,3,3,0,2,0,0,2,0,0,0,High,VDR-10042,High,Sales
WS-10292,5,0,1,2,0,5,0,0,0,0,0,0,0,0,1,18,5 malware/ransomware alert(s),0,3,0,15,0,0,0,0,0,0,0,0,High,WS-10292,Critical,Hr
WS-11687,5,0,3,4,0,0,2,1,1,0,1,0,0,0,1,18,2 PowerShell alert(s); 1 lateral-movement alert(s); 1 credential-access alert(s),0,9,0,0,4,2,2,0,1,0,0,0,High,WS-11687,Critical,Information Tech
LPT-10001,4,0,1,2,0,3,0,0,1,0,0,0,0,4,1,18,3 malware/ransomware alert(s); 1 credential-access alert(s); 4 identity review concern(s),0,3,0,9,0,0,2,0,0,0,0,4,High,LPT-10001,Medium,People Team
LPT-10250,4,1,0,4,1,2,0,0,2,0,0,0,0,0,1,18,1 critical alert(s); 1 unresolved critical alert(s); 2 malware/ransomware alert(s); 2 credential-access alert(s),5,0,3,6,0,0,4,0,0,0,0,0,High,LPT-10250,Low,Research And Development
LPT-10904,4,1,0,3,1,2,1,0,1,0,0,0,0,0,1,18,1 critical alert(s); 1 unresolved critical alert(s); 2 malware/ransomware alert(s); 1 PowerShell alert(s); 1 credential-access alert(s),5,0,3,6,2,0,2,0,0,0,0,0,High,LPT-10904,High,Operations
LPT-11050,4,0,1,2,0,3,0,1,0,0,0,0,0,4,1,18,3 malware/ransomware alert(s); 1 lateral-movement alert(s); 4 identity review concern(s),0,3,0,9,0,2,0,0,0,0,0,4,High,LPT-11050,Low,Legal
LPT-11220,4,2,0,2,1,1,0,0,1,0,0,0,0,0,1,18,2 critical alert(s); 1 unresolved critical alert(s); 1 malware/ransomware alert(s); 1 credential-access alert(s),10,0,3,3,0,0,2,0,0,0,0,0,High,LPT-11220,High,Sales
LPT-11522,4,1,2,2,1,0,1,1,0,0,0,0,0,0,1,18,1 critical alert(s); 1 unresolved critical alert(s); 1 PowerShell alert(s); 1 lateral-movement alert(s),5,6,3,0,2,2,0,0,0,0,0,0,High,LPT-11522,Critical,Legal
LPT-11830,4,0,2,3,0,2,1,0,0,0,0,0,0,4,1,18,2 malware/ransomware alert(s); 1 PowerShell alert(s); 4 identity review concern(s),0,6,0,6,2,0,0,0,0,0,0,4,High,LPT-11830,High,
LPT-12202,4,1,1,2,1,1,0,0,1,0,1,1,0,0,1,18,1 critical alert(s); 1 unresolved critical alert(s); 1 malware/ransomware alert(s); 1 credential-access alert(s),5,3,3,3,0,0,2,0,1,1,0,0,High,LPT-12202,Medium,Marketing
VDR-10044,4,0,1,2,0,2,0,2,0,0,0,1,0,4,1,18,2 malware/ransomware alert(s); 2 lateral-movement alert(s); 4 identity review concern(s),0,3,0,6,0,4,0,0,0,1,0,4,High,VDR-10044,Critical,
VDR-10743,4,0,3,2,0,2,1,0,0,0,1,0,0,0,1,18,2 malware/ransomware alert(s); 1 PowerShell alert(s),0,9,0,6,2,0,0,0,1,0,0,0,High,VDR-10743,Low,It Support
VDR-11466,4,0,1,1,0,3,1,0,0,0,0,0,0,4,1,18,3 malware/ransomware alert(s); 1 PowerShell alert(s); 4 identity review concern(s),0,3,0,9,2,0,0,0,0,0,0,4,High,VDR-11466,Low,Human Resources
VDR-11518,4,2,0,0,0,2,0,1,0,0,0,0,0,0,1,18,2 critical alert(s); 2 malware/ransomware alert(s); 1 lateral-movement alert(s),10,0,0,6,0,2,0,0,0,0,0,0,High,VDR-11518,Low,Mkt
VDR-12487,4,1,2,4,1,1,0,0,0,0,1,0,0,0,1,18,1 critical alert(s); 1 unresolved critical alert(s); 1 malware/ransomware alert(s),5,6,3,3,0,0,0,0,1,0,0,0,High,VDR-12487,Low,Legal
VDR-12646,4,0,0,3,0,0,2,0,1,0,0,0,4,0,1,18,2 PowerShell alert(s); 1 credential-access alert(s); 4 inactive-user event(s),0,0,0,0,4,0,2,0,0,0,12,0,High,VDR-12646,High,Information Technology
VDR-12821,4,1,2,2,0,0,1,1,1,0,1,0,0,0,1,18,1 critical alert(s); 1 PowerShell alert(s); 1 lateral-movement alert(s); 1 credential-access alert(s),5,6,0,0,2,2,2,0,1,0,0,0,High,VDR-12821,High,Operations
WS-10824,4,0,3,2,0,1,1,0,0,0,0,0,0,4,1,18,1 malware/ransomware alert(s); 1 PowerShell alert(s); 4 identity review concern(s),0,9,0,3,2,0,0,0,0,0,0,4,High,WS-10824,Low,Support
WS-11505,4,0,2,2,0,3,0,0,1,0,0,1,0,0,1,18,3 malware/ransomware alert(s); 1 credential-access alert(s),0,6,0,9,0,0,2,0,0,1,0,0,High,WS-11505,Low,Hr Dept
WS-11876,4,1,1,4,1,0,1,1,1,0,0,1,0,0,1,18,1 critical alert(s); 1 unresolved critical alert(s); 1 PowerShell alert(s); 1 lateral-movement alert(s); 1 credential-access alert(s),5,3,3,0,2,2,2,0,0,1,0,0,High,WS-11876,Medium,Hr Dept
WS-12234,4,2,0,2,1,0,1,0,1,0,1,0,0,0,1,18,2 critical alert(s); 1 unresolved critical alert(s); 1 PowerShell alert(s); 1 credential-access alert(s),10,0,3,0,2,0,2,0,1,0,0,0,High,WS-12234,Medium,Ops Team
LPT-10668,3,0,1,2,0,2,0,0,0,0,0,0,3,0,1,18,2 malware/ransomware alert(s); 3 inactive-user event(s),0,3,0,6,0,0,0,0,0,0,9,0,High,LPT-10668,High,Operations Dept
LPT-10920,3,1,0,2,1,2,0,0,0,0,1,0,0,3,1,18,1 critical alert(s); 1 unresolved critical alert(s); 2 malware/ransomware alert(s); 3 identity review concern(s),5,0,3,6,0,0,0,0,1,0,0,3,High,LPT-10920,Low,Legal
LPT-10950,3,2,0,2,1,0,1,1,0,0,1,0,0,0,1,18,2 critical alert(s); 1 unresolved critical alert(s); 1 PowerShell alert(s); 1 lateral-movement alert(s),10,0,3,0,2,2,0,0,1,0,0,0,High,LPT-10950,Low,Operations
LPT-11164,3,1,0,2,1,1,1,0,1,0,0,0,0,3,1,18,1 critical alert(s); 1 unresolved critical alert(s); 1 malware/ransomware alert(s); 1 PowerShell alert(s); 1 credential-access alert(s); 3 identity review concern(s),5,0,3,3,2,0,2,0,0,0,0,3,High,LPT-11164,Medium,People Team
LPT-11459,3,0,1,2,0,1,0,0,1,0,1,0,3,0,1,18,1 malware/ransomware alert(s); 1 credential-access alert(s); 3 inactive-user event(s),0,3,0,3,0,0,2,0,1,0,9,0,High,LPT-11459,High,Legal
LPT-12001,3,0,3,2,0,2,0,0,0,0,0,0,0,3,1,18,2 malware/ransomware alert(s); 3 identity review concern(s),0,9,0,6,0,0,0,0,0,0,0,3,High,LPT-12001,Low,
LPT-12109,3,1,1,1,1,1,2,0,0,0,0,0,0,0,1,18,1 critical alert(s); 1 unresolved critical alert(s); 1 malware/ransomware alert(s); 2 PowerShell alert(s),5,3,3,3,4,0,0,0,0,0,0,0,High,LPT-12109,Medium,Ops
LPT-12985,3,1,1,2,1,2,0,0,0,0,1,0,0,0,1,18,1 critical alert(s); 1 unresolved critical alert(s); 2 malware/ransomware alert(s),5,3,3,6,0,0,0,0,1,0,0,0,High,LPT-12985,Medium,It
MISSING_HOST::EMP10233,3,0,0,3,0,2,0,0,0,0,0,0,3,3,1,18,2 malware/ransomware alert(s); 3 inactive-user event(s); 3 identity review concern(s),0,0,0,6,0,0,0,0,0,0,9,3,High,,Low,Business Sales
VDR-10627,3,1,1,1,0,1,2,0,0,0,0,0,0,3,1,18,1 critical alert(s); 1 malware/ransomware alert(s); 2 PowerShell alert(s); 3 identity review concern(s),5,3,0,3,4,0,0,0,0,0,0,3,High,VDR-10627,Low,Operations
VDR-11694,3,0,2,2,0,3,0,0,0,0,0,0,0,3,1,18,3 malware/ransomware alert(s); 3 identity review concern(s),0,6,0,9,0,0,0,0,0,0,0,3,High,VDR-11694,Low,
WS-11039,3,1,1,3,1,1,0,1,1,0,0,0,0,0,1,18,1 critical alert(s); 1 unresolved critical alert(s); 1 malware/ransomware alert(s); 1 lateral-movement alert(s); 1 credential-access alert(s),5,3,3,3,0,2,2,0,0,0,0,0,High,WS-11039,Medium,Customer Care
WS-11347,3,1,1,1,0,1,0,2,0,0,0,0,0,3,1,18,1 critical alert(s); 1 malware/ransomware alert(s); 2 lateral-movement alert(s); 3 identity review concern(s),5,3,0,3,0,4,0,0,0,0,0,3,High,WS-11347,High,Legal
WS-11447,3,1,1,2,1,0,0,3,0,0,0,1,0,0,1,18,1 critical alert(s); 1 unresolved critical alert(s); 3 lateral-movement alert(s),5,3,3,0,0,6,0,0,0,1,0,0,High,WS-11447,High,Sales Team
WS-11492,3,0,0,1,0,3,0,0,0,0,0,0,3,0,1,18,3 malware/ransomware alert(s); 3 inactive-user event(s),0,0,0,9,0,0,0,0,0,0,9,0,High,WS-11492,Low,R&D
WS-11496,3,0,2,3,0,3,0,0,0,0,0,0,0,3,1,18,3 malware/ransomware alert(s); 3 identity review concern(s),0,6,0,9,0,0,0,0,0,0,0,3,High,WS-11496,Low,Business Sales
WS-11548,3,0,1,3,0,1,0,0,1,0,1,0,3,0,1,18,1 malware/ransomware alert(s); 1 credential-access alert(s); 3 inactive-user event(s),0,3,0,3,0,0,2,0,1,0,9,0,High,WS-11548,Medium,Legal
WS-11699,3,1,2,2,0,1,1,0,1,0,0,0,0,0,1,18,1 critical alert(s); 1 malware/ransomware alert(s); 1 PowerShell alert(s); 1 credential-access alert(s),5,6,0,3,2,0,2,0,0,0,0,0,High,WS-11699,Medium,Operations
WS-12101,3,1,1,3,1,1,0,1,1,0,0,0,0,0,1,18,1 critical alert(s); 1 unresolved critical alert(s); 1 malware/ransomware alert(s); 1 lateral-movement alert(s); 1 credential-access alert(s),5,3,3,3,0,2,2,0,0,0,0,0,High,WS-12101,Critical,Legal Dept
WS-12595,3,0,1,3,0,0,2,1,0,0,0,0,3,0,1,18,2 PowerShell alert(s); 1 lateral-movement alert(s); 3 inactive-user event(s),0,3,0,0,4,2,0,0,0,0,9,0,High,WS-12595,Medium,Legal
LPT-10047,2,1,0,2,1,1,0,0,0,0,1,0,2,0,1,18,1 critical alert(s); 1 unresolved critical alert(s); 1 malware/ransomware alert(s); 2 inactive-user event(s),5,0,3,3,0,0,0,0,1,0,6,0,High,LPT-10047,Low,Sales Dept
LPT-10653,2,0,2,1,0,1,0,1,0,0,0,1,2,0,1,18,1 malware/ransomware alert(s); 1 lateral-movement alert(s); 2 inactive-user event(s),0,6,0,3,0,2,0,0,0,1,6,0,High,LPT-10653,High,Human Resource
LPT-10987,2,1,0,2,1,0,1,0,1,0,0,0,2,0,1,18,1 critical alert(s); 1 unresolved critical alert(s); 1 PowerShell alert(s); 1 credential-access alert(s); 2 inactive-user event(s),5,0,3,0,2,0,2,0,0,0,6,0,High,LPT-10987,High,Finance Dept
LPT-12425,2,1,1,2,1,1,0,0,1,0,0,0,0,2,1,18,1 critical alert(s); 1 unresolved critical alert(s); 1 malware/ransomware alert(s); 1 credential-access alert(s); 2 identity review concern(s),5,3,3,3,0,0,2,0,0,0,0,2,High,LPT-12425,Low,
MISSING_HOST::EMP11241,2,2,0,2,2,0,0,0,0,0,0,0,0,2,1,18,2 critical alert(s); 2 unresolved critical alert(s); 2 identity review concern(s),10,0,6,0,0,0,0,0,0,0,0,2,High,,High,
VDR-10285,2,1,0,2,1,1,0,0,0,0,1,0,2,0,1,18,1 critical alert(s); 1 unresolved critical alert(s); 1 malware/ransomware alert(s); 2 inactive-user event(s),5,0,3,3,0,0,0,0,1,0,6,0,High,VDR-10285,,Customer Support
VDR-11772,2,2,0,1,1,1,0,0,1,0,0,0,0,0,1,18,2 critical alert(s); 1 unresolved critical alert(s); 1 malware/ransomware alert(s); 1 credential-access alert(s),10,0,3,3,0,0,2,0,0,0,0,0,High,VDR-11772,Low,Hr
WS-10113,2,1,1,2,1,1,0,0,1,0,0,0,0,2,1,18,1 critical alert(s); 1 unresolved critical alert(s); 1 malware/ransomware alert(s); 1 credential-access alert(s); 2 identity review concern(s),5,3,3,3,0,0,2,0,0,0,0,2,High,WS-10113,High,Business Sales
WS-11690,7,0,0,6,0,3,2,1,1,0,0,0,0,0,1,17,3 malware/ransomware alert(s); 2 PowerShell alert(s); 1 lateral-movement alert(s); 1 credential-access alert(s),0,0,0,9,4,2,2,0,0,0,0,0,High,WS-11690,Low,People Team
LPT-11995,6,0,1,5,0,3,0,1,1,0,0,1,0,0,1,17,3 malware/ransomware alert(s); 1 lateral-movement alert(s); 1 credential-access alert(s),0,3,0,9,0,2,2,0,0,1,0,0,High,LPT-11995,High,Compliance
LPT-12316,6,1,2,5,0,0,0,2,1,0,0,0,0,0,1,17,1 critical alert(s); 2 lateral-movement alert(s); 1 credential-access alert(s),5,6,0,0,0,4,2,0,0,0,0,0,High,LPT-12316,Low,Ops
LPT-10403,5,0,2,3,0,0,2,3,0,0,0,1,0,0,1,17,2 PowerShell alert(s); 3 lateral-movement alert(s),0,6,0,0,4,6,0,0,0,1,0,0,High,LPT-10403,Medium,Support
LPT-10892,5,0,2,3,0,2,0,0,2,0,1,0,0,0,1,17,2 malware/ransomware alert(s); 2 credential-access alert(s),0,6,0,6,0,0,4,0,1,0,0,0,High,LPT-10892,High,Hr
LPT-12699,5,0,1,4,0,4,1,0,0,0,0,0,0,0,1,17,4 malware/ransomware alert(s); 1 PowerShell alert(s),0,3,0,12,2,0,0,0,0,0,0,0,High,LPT-12699,Low,Finance Dept
VDR-12273,5,0,1,3,0,4,0,1,0,0,0,0,0,0,1,17,4 malware/ransomware alert(s); 1 lateral-movement alert(s),0,3,0,12,0,2,0,0,0,0,0,0,High,VDR-12273,Medium,Finance Dept
VDR-12336,5,1,0,2,1,1,2,0,0,0,2,0,0,0,1,17,1 critical alert(s); 1 unresolved critical alert(s); 1 malware/ransomware alert(s); 2 PowerShell alert(s),5,0,3,3,4,0,0,0,2,0,0,0,High,VDR-12336,High,Ops Team
VDR-12450,5,0,1,4,0,1,0,1,1,0,2,0,0,5,1,17,1 malware/ransomware alert(s); 1 lateral-movement alert(s); 1 credential-access alert(s); 5 identity review concern(s),0,3,0,3,0,2,2,0,2,0,0,5,High,VDR-12450,Critical,Rd
VDR-12979,5,0,0,4,0,3,0,0,1,0,1,0,0,5,1,17,3 malware/ransomware alert(s); 1 credential-access alert(s); 5 identity review concern(s),0,0,0,9,0,0,2,0,1,0,0,5,High,VDR-12979,Low,Sales Dept
WS-10264,5,0,3,3,0,2,0,0,0,0,2,0,0,0,1,17,2 malware/ransomware alert(s),0,9,0,6,0,0,0,0,2,0,0,0,High,WS-10264,Critical,Sales Team
WS-12051,5,1,0,4,1,1,1,1,1,0,0,0,0,0,1,17,1 critical alert(s); 1 unresolved critical alert(s); 1 malware/ransomware alert(s); 1 PowerShell alert(s); 1 lateral-movement alert(s); 1 credential-access alert(s),5,0,3,3,2,2,2,0,0,0,0,0,High,WS-12051,Medium,R&D
WS-12833,5,0,2,3,0,2,1,0,1,0,0,1,0,0,1,17,2 malware/ransomware alert(s); 1 PowerShell alert(s); 1 credential-access alert(s),0,6,0,6,2,0,2,0,0,1,0,0,High,WS-12833,Low,Rnd
LPT-10065,4,0,2,4,0,3,0,0,1,0,0,0,0,0,1,17,3 malware/ransomware alert(s); 1 credential-access alert(s),0,6,0,9,0,0,2,0,0,0,0,0,High,LPT-10065,Low,Hr
LPT-10290,4,0,1,2,0,2,1,1,0,0,0,0,0,4,1,17,2 malware/ransomware alert(s); 1 PowerShell alert(s); 1 lateral-movement alert(s); 4 identity review concern(s),0,3,0,6,2,2,0,0,0,0,0,4,High,LPT-10290,Critical,Ops Team
LPT-11278,4,1,1,2,0,1,0,2,0,0,1,1,0,0,1,17,1 critical alert(s); 1 malware/ransomware alert(s); 2 lateral-movement alert(s),5,3,0,3,0,4,0,0,1,1,0,0,High,LPT-11278,Critical,Purch
LPT-11337,4,1,0,2,1,2,0,1,0,0,0,1,0,0,1,17,1 critical alert(s); 1 unresolved critical alert(s); 2 malware/ransomware alert(s); 1 lateral-movement alert(s),5,0,3,6,0,2,0,0,0,1,0,0,High,LPT-11337,Medium,Supply Chain
LPT-12481,4,1,0,3,1,2,0,1,0,0,1,0,0,0,1,17,1 critical alert(s); 1 unresolved critical alert(s); 2 malware/ransomware alert(s); 1 lateral-movement alert(s),5,0,3,6,0,2,0,0,1,0,0,0,High,LPT-12481,High,Operations Dept
LPT-12796,4,0,2,4,0,2,0,2,0,0,0,1,0,0,1,17,2 malware/ransomware alert(s); 2 lateral-movement alert(s),0,6,0,6,0,4,0,0,0,1,0,0,High,LPT-12796,Medium,Procurement
VDR-10495,4,0,3,4,0,0,0,3,1,0,0,0,0,0,1,17,3 lateral-movement alert(s); 1 credential-access alert(s),0,9,0,0,0,6,2,0,0,0,0,0,High,VDR-10495,High,Procurement Team
VDR-10662,4,1,1,1,0,1,0,0,1,0,0,0,0,4,1,17,1 critical alert(s); 1 malware/ransomware alert(s); 1 credential-access alert(s); 4 identity review concern(s),5,3,0,3,0,0,2,0,0,0,0,4,High,VDR-10662,High,Human Resource
VDR-11225,4,1,0,4,1,1,1,0,2,0,0,0,0,0,1,17,1 critical alert(s); 1 unresolved critical alert(s); 1 malware/ransomware alert(s); 1 PowerShell alert(s); 2 credential-access alert(s),5,0,3,3,2,0,4,0,0,0,0,0,High,VDR-11225,Medium,Operations
VDR-11265,4,1,0,2,1,1,0,1,2,0,0,0,0,0,1,17,1 critical alert(s); 1 unresolved critical alert(s); 1 malware/ransomware alert(s); 1 lateral-movement alert(s); 2 credential-access alert(s),5,0,3,3,0,2,4,0,0,0,0,0,High,VDR-11265,High,Legal
VDR-11592,4,0,1,3,0,2,1,1,0,0,0,0,0,4,1,17,2 malware/ransomware alert(s); 1 PowerShell alert(s); 1 lateral-movement alert(s); 4 identity review concern(s),0,3,0,6,2,2,0,0,0,0,0,4,High,VDR-11592,Critical,Legal Dept
VDR-11817,4,0,1,4,0,2,2,0,0,0,0,0,0,4,1,17,2 malware/ransomware alert(s); 2 PowerShell alert(s); 4 identity review concern(s),0,3,0,6,4,0,0,0,0,0,0,4,High,VDR-11817,Medium,
WS-10336,4,0,3,2,0,0,2,0,2,0,0,0,0,0,1,17,2 PowerShell alert(s); 2 credential-access alert(s),0,9,0,0,4,0,4,0,0,0,0,0,High,WS-10336,Low,Hr
WS-10433,4,1,0,3,0,2,0,0,1,0,0,0,0,4,1,17,1 critical alert(s); 2 malware/ransomware alert(s); 1 credential-access alert(s); 4 identity review concern(s),5,0,0,6,0,0,2,0,0,0,0,4,High,WS-10433,High,Finance
WS-11352,4,0,3,3,0,2,1,0,0,0,0,0,0,0,1,17,2 malware/ransomware alert(s); 1 PowerShell alert(s),0,9,0,6,2,0,0,0,0,0,0,0,High,WS-11352,Low,Cs
WS-11724,4,1,0,4,1,2,1,0,0,0,1,0,0,0,1,17,1 critical alert(s); 1 unresolved critical alert(s); 2 malware/ransomware alert(s); 1 PowerShell alert(s),5,0,3,6,2,0,0,0,1,0,0,0,High,WS-11724,High,Research And Development
WS-12887,4,1,1,3,0,1,1,1,1,0,0,0,0,0,1,17,1 critical alert(s); 1 malware/ransomware alert(s); 1 PowerShell alert(s); 1 lateral-movement alert(s); 1 credential-access alert(s),5,3,0,3,2,2,2,0,0,0,0,0,High,WS-12887,Medium,Finance
WS-12912,4,1,0,2,1,1,1,0,2,0,0,0,0,0,1,17,1 critical alert(s); 1 unresolved critical alert(s); 1 malware/ransomware alert(s); 1 PowerShell alert(s); 2 credential-access alert(s),5,0,3,3,2,0,4,0,0,0,0,0,High,WS-12912,Medium,Marketing
LPT-10120,3,0,1,3,0,1,0,0,1,0,0,0,3,0,1,17,1 malware/ransomware alert(s); 1 credential-access alert(s); 3 inactive-user event(s),0,3,0,3,0,0,2,0,0,0,9,0,High,LPT-10120,Low,Compliance
LPT-10547,3,0,2,2,0,1,0,2,0,0,0,1,0,3,1,17,1 malware/ransomware alert(s); 2 lateral-movement alert(s); 3 identity review concern(s),0,6,0,3,0,4,0,0,0,1,0,3,High,LPT-10547,High,Business Sales
LPT-11101,3,0,0,0,0,2,0,0,1,0,0,0,3,0,1,17,2 malware/ransomware alert(s); 1 credential-access alert(s); 3 inactive-user event(s),0,0,0,6,0,0,2,0,0,0,9,0,High,LPT-11101,Low,Sales
LPT-11491,3,0,2,3,0,2,1,0,0,0,0,0,0,3,1,17,2 malware/ransomware alert(s); 1 PowerShell alert(s); 3 identity review concern(s),0,6,0,6,2,0,0,0,0,0,0,3,High,LPT-11491,Low,
LPT-11631,3,0,0,2,0,2,1,0,0,0,0,0,3,0,1,17,2 malware/ransomware alert(s); 1 PowerShell alert(s); 3 inactive-user event(s),0,0,0,6,2,0,0,0,0,0,9,0,High,LPT-11631,High,Operations
LPT-11668,3,1,1,1,1,1,0,0,0,0,0,0,0,3,1,17,1 critical alert(s); 1 unresolved critical alert(s); 1 malware/ransomware alert(s); 3 identity review concern(s),5,3,3,3,0,0,0,0,0,0,0,3,High,LPT-11668,Low,Research And Development
LPT-11970,3,0,0,2,0,2,0,0,0,0,1,1,3,0,1,17,2 malware/ransomware alert(s); 3 inactive-user event(s),0,0,0,6,0,0,0,0,1,1,9,0,High,LPT-11970,Low,It Dept
LPT-12014,3,0,1,1,0,0,1,1,0,0,1,0,3,0,1,17,1 PowerShell alert(s); 1 lateral-movement alert(s); 3 inactive-user event(s),0,3,0,0,2,2,0,0,1,0,9,0,High,LPT-12014,High,Procurement
LPT-12199,3,1,1,3,1,2,0,0,0,0,0,0,0,0,1,17,1 critical alert(s); 1 unresolved critical alert(s); 2 malware/ransomware alert(s),5,3,3,6,0,0,0,0,0,0,0,0,High,LPT-12199,High,Finance Dept
LPT-12331,3,1,0,1,1,3,0,0,0,0,0,0,0,0,1,17,1 critical alert(s); 1 unresolved critical alert(s); 3 malware/ransomware alert(s),5,0,3,9,0,0,0,0,0,0,0,0,High,LPT-12331,Low,Cs
LPT-12961,3,1,1,2,1,1,1,0,0,0,0,1,0,0,1,17,1 critical alert(s); 1 unresolved critical alert(s); 1 malware/ransomware alert(s); 1 PowerShell alert(s),5,3,3,3,2,0,0,0,0,1,0,0,High,LPT-12961,Medium,Ops Team
MISSING_HOST::EMP12565,3,0,2,0,0,2,1,0,0,0,0,0,0,3,1,17,2 malware/ransomware alert(s); 1 PowerShell alert(s); 3 identity review concern(s),0,6,0,6,2,0,0,0,0,0,0,3,High,,High,Ops
VDR-10206,3,2,0,0,0,1,0,2,0,0,0,0,0,0,1,17,2 critical alert(s); 1 malware/ransomware alert(s); 2 lateral-movement alert(s),10,0,0,3,0,4,0,0,0,0,0,0,High,VDR-10206,Medium,Procurement
VDR-10249,3,0,0,3,0,2,1,0,0,0,0,0,3,0,1,17,2 malware/ransomware alert(s); 1 PowerShell alert(s); 3 inactive-user event(s),0,0,0,6,2,0,0,0,0,0,9,0,High,VDR-10249,Medium,Procurement
VDR-10532,3,1,0,2,1,3,0,0,0,0,0,0,0,0,1,17,1 critical alert(s); 1 unresolved critical alert(s); 3 malware/ransomware alert(s),5,0,3,9,0,0,0,0,0,0,0,0,High,VDR-10532,High,R&D
VDR-10762,3,1,1,0,0,2,1,0,0,0,0,1,0,0,1,17,1 critical alert(s); 2 malware/ransomware alert(s); 1 PowerShell alert(s),5,3,0,6,2,0,0,0,0,1,0,0,High,VDR-10762,Low,Legal
VDR-11068,3,0,0,2,0,2,0,0,1,0,0,0,3,0,1,17,2 malware/ransomware alert(s); 1 credential-access alert(s); 3 inactive-user event(s),0,0,0,6,0,0,2,0,0,0,9,0,High,VDR-11068,Low,It Dept
VDR-11642,3,1,0,2,1,3,0,0,0,0,0,0,0,0,1,17,1 critical alert(s); 1 unresolved critical alert(s); 3 malware/ransomware alert(s),5,0,3,9,0,0,0,0,0,0,0,0,High,VDR-11642,High,People Team
VDR-11954,3,0,3,1,0,2,0,1,0,0,0,0,0,0,1,17,2 malware/ransomware alert(s); 1 lateral-movement alert(s),0,9,0,6,0,2,0,0,0,0,0,0,High,VDR-11954,High,Ops Team
VDR-12030,3,2,0,1,0,1,0,1,0,0,1,1,0,0,1,17,2 critical alert(s); 1 malware/ransomware alert(s); 1 lateral-movement alert(s),10,0,0,3,0,2,0,0,1,1,0,0,High,VDR-12030,High,Customer Support
VDR-12096,3,1,1,2,0,3,0,0,0,0,0,0,0,0,1,17,1 critical alert(s); 3 malware/ransomware alert(s),5,3,0,9,0,0,0,0,0,0,0,0,High,VDR-12096,Critical,Operations
VDR-12243,3,0,2,3,0,2,0,0,1,0,0,0,0,3,1,17,2 malware/ransomware alert(s); 1 credential-access alert(s); 3 identity review concern(s),0,6,0,6,0,0,2,0,0,0,0,3,High,VDR-12243,Medium,Business Sales
VDR-12318,3,0,1,2,0,1,0,1,0,0,0,0,3,0,1,17,1 malware/ransomware alert(s); 1 lateral-movement alert(s); 3 inactive-user event(s),0,3,0,3,0,2,0,0,0,0,9,0,High,VDR-12318,Critical,Mkt
VDR-12324,3,1,1,1,1,0,0,1,0,0,1,0,0,3,1,17,1 critical alert(s); 1 unresolved critical alert(s); 1 lateral-movement alert(s); 3 identity review concern(s),5,3,3,0,0,2,0,0,1,0,0,3,High,VDR-12324,High,Business Sales
VDR-12384,3,1,2,2,1,1,0,0,0,0,0,0,0,0,1,17,1 critical alert(s); 1 unresolved critical alert(s); 1 malware/ransomware alert(s),5,6,3,3,0,0,0,0,0,0,0,0,High,VDR-12384,Critical,Purch
VDR-12437,3,0,1,2,0,0,0,0,1,0,0,0,3,3,1,17,1 credential-access alert(s); 3 inactive-user event(s); 3 identity review concern(s),0,3,0,0,0,0,2,0,0,0,9,3,High,VDR-12437,Low,Sales
VDR-12625,3,0,0,2,0,2,0,0,1,0,0,0,3,0,1,17,2 malware/ransomware alert(s); 1 credential-access alert(s); 3 inactive-user event(s),0,0,0,6,0,0,2,0,0,0,9,0,High,VDR-12625,Low,Hr Dept
VDR-12647,3,0,1,0,0,1,0,1,0,0,0,0,3,0,1,17,1 malware/ransomware alert(s); 1 lateral-movement alert(s); 3 inactive-user event(s),0,3,0,3,0,2,0,0,0,0,9,0,High,VDR-12647,High,Sales
VDR-12757,3,0,0,1,0,1,1,1,0,0,0,1,3,0,1,17,1 malware/ransomware alert(s); 1 PowerShell alert(s); 1 lateral-movement alert(s); 3 inactive-user event(s),0,0,0,3,2,2,0,0,0,1,9,0,High,VDR-12757,Critical,Marketing Dept
VDR-12919,3,0,0,2,0,2,1,0,0,0,0,0,3,0,1,17,2 malware/ransomware alert(s); 1 PowerShell alert(s); 3 inactive-user event(s),0,0,0,6,2,0,0,0,0,0,9,0,High,VDR-12919,Low,Hr
WS-10004,3,1,0,3,1,3,0,0,0,0,0,0,0,0,1,17,1 critical alert(s); 1 unresolved critical alert(s); 3 malware/ransomware alert(s),5,0,3,9,0,0,0,0,0,0,0,0,High,WS-10004,Medium,Operations Dept
WS-11171,3,2,0,0,0,1,2,0,0,0,0,0,0,0,1,17,2 critical alert(s); 1 malware/ransomware alert(s); 2 PowerShell alert(s),10,0,0,3,4,0,0,0,0,0,0,0,High,WS-11171,High,Sales
WS-11361,3,1,1,2,1,2,0,0,0,0,0,0,0,0,1,17,1 critical alert(s); 1 unresolved critical alert(s); 2 malware/ransomware alert(s),5,3,3,6,0,0,0,0,0,0,0,0,High,WS-11361,Medium,Human Resource
WS-11648,3,0,1,2,0,1,1,0,0,0,0,0,3,0,1,17,1 malware/ransomware alert(s); 1 PowerShell alert(s); 3 inactive-user event(s),0,3,0,3,2,0,0,0,0,0,9,0,High,WS-11648,High,Mkt
WS-11776,3,1,1,1,1,0,2,1,0,0,0,0,0,0,1,17,1 critical alert(s); 1 unresolved critical alert(s); 2 PowerShell alert(s); 1 lateral-movement alert(s),5,3,3,0,4,2,0,0,0,0,0,0,High,WS-11776,Low,Brand Team
WS-11988,3,0,3,3,0,2,0,0,0,0,1,1,0,0,1,17,2 malware/ransomware alert(s),0,9,0,6,0,0,0,0,1,1,0,0,High,WS-11988,Medium,Supply Chain
WS-12711,3,0,0,3,0,2,0,0,1,0,0,0,3,0,1,17,2 malware/ransomware alert(s); 1 credential-access alert(s); 3 inactive-user event(s),0,0,0,6,0,0,2,0,0,0,9,0,High,WS-12711,High,Innovation
WS-12799,3,0,1,2,0,1,0,0,1,0,0,0,3,0,1,17,1 malware/ransomware alert(s); 1 credential-access alert(s); 3 inactive-user event(s),0,3,0,3,0,0,2,0,0,0,9,0,High,WS-12799,Critical,Ops
WS-12944,3,1,0,2,1,3,0,0,0,0,0,0,0,0,1,17,1 critical alert(s); 1 unresolved critical alert(s); 3 malware/ransomware alert(s),5,0,3,9,0,0,0,0,0,0,0,0,High,WS-12944,Low,Legal
WS-12996,3,0,1,1,0,0,0,2,0,0,1,0,3,0,1,17,2 lateral-movement alert(s); 3 inactive-user event(s),0,3,0,0,0,4,0,0,1,0,9,0,High,WS-12996,Low,Innovation
LPT-10262,2,2,0,1,1,0,1,0,1,0,0,0,0,0,1,17,2 critical alert(s); 1 unresolved critical alert(s); 1 PowerShell alert(s); 1 credential-access alert(s),10,0,3,0,2,0,2,0,0,0,0,0,High,LPT-10262,Low,Ops Team
LPT-11403,2,1,0,1,1,0,0,0,0,0,1,0,2,2,1,17,1 critical alert(s); 1 unresolved critical alert(s); 2 inactive-user event(s); 2 identity review concern(s),5,0,3,0,0,0,0,0,1,0,6,2,High,LPT-11403,Medium,Customer Support
WS-10256,2,1,1,0,0,0,0,0,1,0,1,0,2,0,1,17,1 critical alert(s); 1 credential-access alert(s); 2 inactive-user event(s),5,3,0,0,0,0,2,0,1,0,6,0,High,WS-10256,High,Rnd
WS-10526,2,1,0,1,1,0,1,0,0,0,1,0,2,0,1,17,1 critical alert(s); 1 unresolved critical alert(s); 1 PowerShell alert(s); 2 inactive-user event(s),5,0,3,0,2,0,0,0,1,0,6,0,High,WS-10526,High,It
WS-11379,2,1,0,1,1,0,0,1,0,0,0,1,2,0,1,17,1 critical alert(s); 1 unresolved critical alert(s); 1 lateral-movement alert(s); 2 inactive-user event(s),5,0,3,0,0,2,0,0,0,1,6,0,High,WS-11379,Low,Business Sales
WS-11722,2,1,1,2,1,0,1,1,0,0,0,0,0,2,1,17,1 critical alert(s); 1 unresolved critical alert(s); 1 PowerShell alert(s); 1 lateral-movement alert(s); 2 identity review concern(s),5,3,3,0,2,2,0,0,0,0,0,2,High,WS-11722,High,Sales Dept
WS-12176,2,1,1,2,1,0,1,0,1,0,0,0,0,2,1,17,1 critical alert(s); 1 unresolved critical alert(s); 1 PowerShell alert(s); 1 credential-access alert(s); 2 identity review concern(s),5,3,3,0,2,0,2,0,0,0,0,2,High,WS-12176,Low,It Support
WS-12361,2,1,1,2,1,1,1,0,0,0,0,1,0,0,1,17,1 critical alert(s); 1 unresolved critical alert(s); 1 malware/ransomware alert(s); 1 PowerShell alert(s),5,3,3,3,2,0,0,0,0,1,0,0,High,WS-12361,High,Legal
LPT-10006,6,1,0,4,0,1,3,0,1,0,0,0,0,0,1,16,1 critical alert(s); 1 malware/ransomware alert(s); 3 PowerShell alert(s); 1 credential-access alert(s),5,0,0,3,6,0,2,0,0,0,0,0,High,LPT-10006,Critical,Mktg
LPT-11258,6,0,0,5,0,4,0,0,2,0,0,0,0,0,1,16,4 malware/ransomware alert(s); 2 credential-access alert(s),0,0,0,12,0,0,4,0,0,0,0,0,High,LPT-11258,Critical,Business Sales
VDR-10061,6,0,0,4,0,4,0,2,0,0,0,0,0,0,1,16,4 malware/ransomware alert(s); 2 lateral-movement alert(s),0,0,0,12,0,4,0,0,0,0,0,0,High,VDR-10061,Critical,Cs
VDR-10068,6,0,1,3,0,2,2,0,1,0,0,1,0,0,1,16,2 malware/ransomware alert(s); 2 PowerShell alert(s); 1 credential-access alert(s),0,3,0,6,4,0,2,0,0,1,0,0,High,VDR-10068,Medium,Sales
VDR-10692,6,0,1,3,0,3,1,0,1,0,0,0,0,0,1,16,3 malware/ransomware alert(s); 1 PowerShell alert(s); 1 credential-access alert(s),0,3,0,9,2,0,2,0,0,0,0,0,High,VDR-10692,Low,Sales
WS-11336,6,0,2,3,0,2,1,0,1,0,0,0,0,0,1,16,2 malware/ransomware alert(s); 1 PowerShell alert(s); 1 credential-access alert(s),0,6,0,6,2,0,2,0,0,0,0,0,High,WS-11336,Low,It Dept
WS-11562,6,0,1,2,0,3,0,0,1,0,2,0,0,0,1,16,3 malware/ransomware alert(s); 1 credential-access alert(s),0,3,0,9,0,0,2,0,2,0,0,0,High,WS-11562,Critical,Procurement Team
LPT-12046,5,1,0,5,1,2,0,1,0,0,0,0,0,0,1,16,1 critical alert(s); 1 unresolved critical alert(s); 2 malware/ransomware alert(s); 1 lateral-movement alert(s),5,0,3,6,0,2,0,0,0,0,0,0,High,LPT-12046,High,Fin
VDR-11130,5,1,0,5,1,0,1,1,2,0,0,0,0,0,1,16,1 critical alert(s); 1 unresolved critical alert(s); 1 PowerShell alert(s); 1 lateral-movement alert(s); 2 credential-access alert(s),5,0,3,0,2,2,4,0,0,0,0,0,High,VDR-11130,Low,It
VDR-11802,5,0,2,4,0,2,0,2,0,0,0,0,0,0,1,16,2 malware/ransomware alert(s); 2 lateral-movement alert(s),0,6,0,6,0,4,0,0,0,0,0,0,High,VDR-11802,Critical,It Support
VDR-12023,5,0,1,2,0,2,0,0,0,0,2,0,0,5,1,16,2 malware/ransomware alert(s); 5 identity review concern(s),0,3,0,6,0,0,0,0,2,0,0,5,High,VDR-12023,Critical,Brand Team
VDR-12784,5,0,1,2,0,3,2,0,0,0,0,0,0,0,1,16,3 malware/ransomware alert(s); 2 PowerShell alert(s),0,3,0,9,4,0,0,0,0,0,0,0,High,VDR-12784,High,Human Resource
VDR-12949,5,0,2,4,0,1,1,0,2,0,1,0,0,0,1,16,1 malware/ransomware alert(s); 1 PowerShell alert(s); 2 credential-access alert(s),0,6,0,3,2,0,4,0,1,0,0,0,High,VDR-12949,High,R&D
LPT-10440,4,0,0,3,0,4,0,0,0,0,0,0,0,4,1,16,4 malware/ransomware alert(s); 4 identity review concern(s),0,0,0,12,0,0,0,0,0,0,0,4,High,LPT-10440,Low,It Support
LPT-10469,4,0,2,2,0,1,1,0,0,0,1,0,0,4,1,16,1 malware/ransomware alert(s); 1 PowerShell alert(s); 4 identity review concern(s),0,6,0,3,2,0,0,0,1,0,0,4,High,LPT-10469,Critical,Rnd
LPT-10541,4,1,0,2,0,3,1,0,0,0,0,0,0,0,1,16,1 critical alert(s); 3 malware/ransomware alert(s); 1 PowerShell alert(s),5,0,0,9,2,0,0,0,0,0,0,0,High,LPT-10541,Critical,Rnd
LPT-11163,4,0,2,2,0,2,1,0,0,0,1,1,0,0,1,16,2 malware/ransomware alert(s); 1 PowerShell alert(s),0,6,0,6,2,0,0,0,1,1,0,0,High,LPT-11163,High,Compliance
LPT-11705,4,1,0,1,1,0,0,1,3,0,0,0,0,0,1,16,1 critical alert(s); 1 unresolved critical alert(s); 1 lateral-movement alert(s); 3 credential-access alert(s),5,0,3,0,0,2,6,0,0,0,0,0,High,LPT-11705,High,Operations
LPT-11751,4,1,0,2,1,2,0,1,0,0,0,0,0,0,1,16,1 critical alert(s); 1 unresolved critical alert(s); 2 malware/ransomware alert(s); 1 lateral-movement alert(s),5,0,3,6,0,2,0,0,0,0,0,0,High,LPT-11751,High,Research And Development
LPT-11824,4,0,2,4,0,2,0,1,1,0,0,0,0,0,1,16,2 malware/ransomware alert(s); 1 lateral-movement alert(s); 1 credential-access alert(s),0,6,0,6,0,2,2,0,0,0,0,0,High,LPT-11824,High,Procurement Team
LPT-12291,4,0,2,2,0,2,1,1,0,0,0,0,0,0,1,16,2 malware/ransomware alert(s); 1 PowerShell alert(s); 1 lateral-movement alert(s),0,6,0,6,2,2,0,0,0,0,0,0,High,LPT-12291,Low,Business Sales
LPT-12578,4,1,2,2,0,1,0,0,0,0,2,0,0,0,1,16,1 critical alert(s); 1 malware/ransomware alert(s),5,6,0,3,0,0,0,0,2,0,0,0,High,LPT-12578,High,Legal
LPT-12792,4,0,1,2,0,1,1,2,0,0,0,0,0,4,1,16,1 malware/ransomware alert(s); 1 PowerShell alert(s); 2 lateral-movement alert(s); 4 identity review concern(s),0,3,0,3,2,4,0,0,0,0,0,4,High,LPT-12792,Critical,Cs
LPT-12907,4,1,0,2,1,0,3,1,0,0,0,0,0,0,1,16,1 critical alert(s); 1 unresolved critical alert(s); 3 PowerShell alert(s); 1 lateral-movement alert(s),5,0,3,0,6,2,0,0,0,0,0,0,High,LPT-12907,High,It Dept
LPT-12993,4,1,0,1,0,3,0,1,0,0,0,0,0,0,1,16,1 critical alert(s); 3 malware/ransomware alert(s); 1 lateral-movement alert(s),5,0,0,9,0,2,0,0,0,0,0,0,High,LPT-12993,Low,Legal
MISSING_HOST::EMP12032,4,0,1,4,0,2,0,0,1,0,1,0,0,4,1,16,2 malware/ransomware alert(s); 1 credential-access alert(s); 4 identity review concern(s),0,3,0,6,0,0,2,0,1,0,0,4,High,,Medium,Legal
VDR-10598,4,0,2,1,0,2,0,0,2,0,0,0,0,0,1,16,2 malware/ransomware alert(s); 2 credential-access alert(s),0,6,0,6,0,0,4,0,0,0,0,0,High,VDR-10598,Critical,It Dept
VDR-10603,4,1,1,3,1,1,1,0,0,0,0,0,0,0,1,16,1 critical alert(s); 1 unresolved critical alert(s); 1 malware/ransomware alert(s); 1 PowerShell alert(s),5,3,3,3,2,0,0,0,0,0,0,0,High,VDR-10603,Critical,Legal Dept
VDR-10761,4,0,1,3,0,2,0,0,1,0,1,0,0,4,1,16,2 malware/ransomware alert(s); 1 credential-access alert(s); 4 identity review concern(s),0,3,0,6,0,0,2,0,1,0,0,4,High,VDR-10761,Critical,Rnd
VDR-11279,4,1,0,3,1,1,1,1,0,0,1,0,0,0,1,16,1 critical alert(s); 1 unresolved critical alert(s); 1 malware/ransomware alert(s); 1 PowerShell alert(s); 1 lateral-movement alert(s),5,0,3,3,2,2,0,0,1,0,0,0,High,VDR-11279,Medium,Customer Support
VDR-11652,4,1,2,4,1,0,1,0,0,0,0,0,0,0,1,16,1 critical alert(s); 1 unresolved critical alert(s); 1 PowerShell alert(s),5,6,3,0,2,0,0,0,0,0,0,0,High,VDR-11652,Medium,Legal
VDR-11660,4,0,2,4,0,0,0,3,0,0,0,0,0,4,1,16,3 lateral-movement alert(s); 4 identity review concern(s),0,6,0,0,0,6,0,0,0,0,0,4,High,VDR-11660,Low,Innovation
VDR-11846,4,1,1,2,0,1,0,2,0,0,1,0,0,0,1,16,1 critical alert(s); 1 malware/ransomware alert(s); 2 lateral-movement alert(s),5,3,0,3,0,4,0,0,1,0,0,0,High,VDR-11846,Low,It Dept
VDR-12579,4,0,1,3,0,2,0,1,0,0,1,0,0,4,1,16,2 malware/ransomware alert(s); 1 lateral-movement alert(s); 4 identity review concern(s),0,3,0,6,0,2,0,0,1,0,0,4,High,VDR-12579,Low,
WS-10014,4,0,1,4,0,2,0,1,0,0,1,0,0,4,1,16,2 malware/ransomware alert(s); 1 lateral-movement alert(s); 4 identity review concern(s),0,3,0,6,0,2,0,0,1,0,0,4,High,WS-10014,Critical,
WS-10876,4,0,2,2,0,2,1,1,0,0,0,0,0,0,1,16,2 malware/ransomware alert(s); 1 PowerShell alert(s); 1 lateral-movement alert(s),0,6,0,6,2,2,0,0,0,0,0,0,High,WS-10876,Medium,Legal
WS-10967,4,0,3,4,0,1,1,0,1,0,0,0,0,0,1,16,1 malware/ransomware alert(s); 1 PowerShell alert(s); 1 credential-access alert(s),0,9,0,3,2,0,2,0,0,0,0,0,High,WS-10967,High,Sales Dept
WS-11069,4,1,0,3,1,2,0,0,0,0,1,1,0,0,1,16,1 critical alert(s); 1 unresolved critical alert(s); 2 malware/ransomware alert(s),5,0,3,6,0,0,0,0,1,1,0,0,High,WS-11069,High,Procurement Team
WS-12953,4,1,0,3,1,1,1,0,1,0,1,0,0,0,1,16,1 critical alert(s); 1 unresolved critical alert(s); 1 malware/ransomware alert(s); 1 PowerShell alert(s); 1 credential-access alert(s),5,0,3,3,2,0,2,0,1,0,0,0,High,WS-12953,High,Brand Team
LPT-10177,3,1,1,3,1,0,0,2,0,0,1,0,0,0,1,16,1 critical alert(s); 1 unresolved critical alert(s); 2 lateral-movement alert(s),5,3,3,0,0,4,0,0,1,0,0,0,High,LPT-10177,Critical,Sales
LPT-10204,3,1,0,3,1,1,0,2,0,0,0,1,0,0,1,16,1 critical alert(s); 1 unresolved critical alert(s); 1 malware/ransomware alert(s); 2 lateral-movement alert(s),5,0,3,3,0,4,0,0,0,1,0,0,High,LPT-10204,Low,Customer Care
LPT-10854,3,1,0,2,1,2,0,0,0,0,1,1,0,0,1,16,1 critical alert(s); 1 unresolved critical alert(s); 2 malware/ransomware alert(s),5,0,3,6,0,0,0,0,1,1,0,0,High,LPT-10854,Low,Ops Team
LPT-11325,3,0,1,2,0,1,0,0,0,0,1,0,3,0,1,16,1 malware/ransomware alert(s); 3 inactive-user event(s),0,3,0,3,0,0,0,0,1,0,9,0,High,LPT-11325,Low,Purchase
LPT-11707,3,0,0,1,0,0,1,2,0,0,0,1,3,0,1,16,1 PowerShell alert(s); 2 lateral-movement alert(s); 3 inactive-user event(s),0,0,0,0,2,4,0,0,0,1,9,0,High,LPT-11707,Low,Accounts
LPT-11805,3,1,0,2,1,2,0,1,0,0,0,0,0,0,1,16,1 critical alert(s); 1 unresolved critical alert(s); 2 malware/ransomware alert(s); 1 lateral-movement alert(s),5,0,3,6,0,2,0,0,0,0,0,0,High,LPT-11805,Critical,Sales
LPT-12015,3,0,0,1,0,1,1,1,0,0,0,0,3,0,1,16,1 malware/ransomware alert(s); 1 PowerShell alert(s); 1 lateral-movement alert(s); 3 inactive-user event(s),0,0,0,3,2,2,0,0,0,0,9,0,High,LPT-12015,High,Rnd
LPT-12640,3,0,0,3,0,1,0,1,1,0,0,0,3,0,1,16,1 malware/ransomware alert(s); 1 lateral-movement alert(s); 1 credential-access alert(s); 3 inactive-user event(s),0,0,0,3,0,2,2,0,0,0,9,0,High,LPT-12640,High,Brand Team
LPT-12644,3,1,0,1,1,2,0,0,1,0,0,0,0,0,1,16,1 critical alert(s); 1 unresolved critical alert(s); 2 malware/ransomware alert(s); 1 credential-access alert(s),5,0,3,6,0,0,2,0,0,0,0,0,High,LPT-12644,Medium,Human Resource
LPT-12662,3,0,3,1,0,2,0,0,0,0,1,0,0,0,1,16,2 malware/ransomware alert(s),0,9,0,6,0,0,0,0,1,0,0,0,High,LPT-12662,Low,Cs
LPT-12691,3,1,0,3,1,0,1,0,1,0,1,0,0,3,1,16,1 critical alert(s); 1 unresolved critical alert(s); 1 PowerShell alert(s); 1 credential-access alert(s); 3 identity review concern(s),5,0,3,0,2,0,2,0,1,0,0,3,High,LPT-12691,Low,Legal Dept
LPT-12747,3,0,0,2,0,1,0,0,2,0,0,0,3,0,1,16,1 malware/ransomware alert(s); 2 credential-access alert(s); 3 inactive-user event(s),0,0,0,3,0,0,4,0,0,0,9,0,High,LPT-12747,High,Brand Team
LPT-12768,3,1,0,3,1,2,0,1,0,0,0,0,0,0,1,16,1 critical alert(s); 1 unresolved critical alert(s); 2 malware/ransomware alert(s); 1 lateral-movement alert(s),5,0,3,6,0,2,0,0,0,0,0,0,High,LPT-12768,Medium,Purch
VDR-10309,3,0,2,0,0,1,0,0,2,0,0,0,0,3,1,16,1 malware/ransomware alert(s); 2 credential-access alert(s); 3 identity review concern(s),0,6,0,3,0,0,4,0,0,0,0,3,High,VDR-10309,Critical,Sales Team
VDR-10736,3,0,1,2,0,1,0,0,0,0,1,0,3,0,1,16,1 malware/ransomware alert(s); 3 inactive-user event(s),0,3,0,3,0,0,0,0,1,0,9,0,High,VDR-10736,High,Rnd
VDR-11112,3,1,0,2,1,2,1,0,0,0,0,0,0,0,1,16,1 critical alert(s); 1 unresolved critical alert(s); 2 malware/ransomware alert(s); 1 PowerShell alert(s),5,0,3,6,2,0,0,0,0,0,0,0,High,VDR-11112,Medium,Operations Dept
VDR-11145,3,0,0,3,0,2,0,0,0,0,1,0,3,0,1,16,2 malware/ransomware alert(s); 3 inactive-user event(s),0,0,0,6,0,0,0,0,1,0,9,0,High,VDR-11145,Low,Sales Team
VDR-11150,3,1,0,2,1,2,1,0,0,0,0,0,0,0,1,16,1 critical alert(s); 1 unresolved critical alert(s); 2 malware/ransomware alert(s); 1 PowerShell alert(s),5,0,3,6,2,0,0,0,0,0,0,0,High,VDR-11150,Medium,Ops
VDR-11256,3,0,1,3,0,0,1,0,0,0,2,0,3,0,1,16,1 PowerShell alert(s); 3 inactive-user event(s),0,3,0,0,2,0,0,0,2,0,9,0,High,VDR-11256,Medium,Sales Dept
VDR-11338,3,0,3,2,0,1,0,1,1,0,0,0,0,0,1,16,1 malware/ransomware alert(s); 1 lateral-movement alert(s); 1 credential-access alert(s),0,9,0,3,0,2,2,0,0,0,0,0,High,VDR-11338,Medium,Marketing
VDR-11537,3,1,0,2,1,2,1,0,0,0,0,0,0,0,1,16,1 critical alert(s); 1 unresolved critical alert(s); 2 malware/ransomware alert(s); 1 PowerShell alert(s),5,0,3,6,2,0,0,0,0,0,0,0,High,VDR-11537,Medium,Purchase
VDR-11644,3,1,1,2,1,1,0,1,0,0,0,0,0,0,1,16,1 critical alert(s); 1 unresolved critical alert(s); 1 malware/ransomware alert(s); 1 lateral-movement alert(s),5,3,3,3,0,2,0,0,0,0,0,0,High,VDR-11644,High,Hr Dept
VDR-11934,3,0,2,2,0,2,0,0,0,0,1,0,0,3,1,16,2 malware/ransomware alert(s); 3 identity review concern(s),0,6,0,6,0,0,0,0,1,0,0,3,High,VDR-11934,High,Legal Dept
VDR-12374,3,0,1,1,0,0,0,0,0,0,1,0,3,3,1,16,3 inactive-user event(s); 3 identity review concern(s),0,3,0,0,0,0,0,0,1,0,9,3,High,VDR-12374,Medium,Operations
VDR-12803,3,1,0,2,1,1,0,0,2,0,0,1,0,0,1,16,1 critical alert(s); 1 unresolved critical alert(s); 1 malware/ransomware alert(s); 2 credential-access alert(s),5,0,3,3,0,0,4,0,0,1,0,0,High,VDR-12803,Medium,Legal Dept
WS-11233,3,1,1,2,1,0,0,1,1,0,1,0,0,0,1,16,1 critical alert(s); 1 unresolved critical alert(s); 1 lateral-movement alert(s); 1 credential-access alert(s),5,3,3,0,0,2,2,0,1,0,0,0,High,WS-11233,Critical,Hr Dept
WS-11949,3,0,0,1,0,1,0,2,0,0,0,0,3,0,1,16,1 malware/ransomware alert(s); 2 lateral-movement alert(s); 3 inactive-user event(s),0,0,0,3,0,4,0,0,0,0,9,0,High,WS-11949,High,Compliance
WS-12802,3,0,0,2,0,1,2,0,0,0,0,0,3,0,1,16,1 malware/ransomware alert(s); 2 PowerShell alert(s); 3 inactive-user event(s),0,0,0,3,4,0,0,0,0,0,9,0,High,WS-12802,High,Business Sales
LPT-11219,2,1,0,2,1,0,0,1,0,0,0,0,2,0,1,16,1 critical alert(s); 1 unresolved critical alert(s); 1 lateral-movement alert(s); 2 inactive-user event(s),5,0,3,0,0,2,0,0,0,0,6,0,High,LPT-11219,Critical,Information Tech
LPT-11368,2,1,0,1,0,1,0,1,0,0,0,0,2,0,1,16,1 critical alert(s); 1 malware/ransomware alert(s); 1 lateral-movement alert(s); 2 inactive-user event(s),5,0,0,3,0,2,0,0,0,0,6,0,High,LPT-11368,Medium,R&D
LPT-11571.CORP.LOCAL,2,1,1,1,0,2,0,0,0,0,0,0,0,2,1,16,1 critical alert(s); 2 malware/ransomware alert(s); 2 identity review concern(s),5,3,0,6,0,0,0,0,0,0,0,2,High,LPT-11571.CORP.LOCAL,High,R&D
LPT-12687,2,0,2,1,0,0,1,1,0,0,0,0,2,0,1,16,1 PowerShell alert(s); 1 lateral-movement alert(s); 2 inactive-user event(s),0,6,0,0,2,2,0,0,0,0,6,0,High,LPT-12687,,Supply Chain
MISSING_HOST::EMP12579,2,2,0,0,0,0,0,0,2,0,0,0,0,2,1,16,2 critical alert(s); 2 credential-access alert(s); 2 identity review concern(s),10,0,0,0,0,0,4,0,0,0,0,2,High,,Low,
VDR-11019,2,0,2,0,0,0,0,2,0,0,0,0,2,0,1,16,2 lateral-movement alert(s); 2 inactive-user event(s),0,6,0,0,0,4,0,0,0,0,6,0,High,VDR-11019,High,Mkt
VDR-11600,2,1,1,2,1,0,1,0,0,0,1,0,0,2,1,16,1 critical alert(s); 1 unresolved critical alert(s); 1 PowerShell alert(s); 2 identity review concern(s),5,3,3,0,2,0,0,0,1,0,0,2,High,VDR-11600,Low,
WS-10711,2,1,1,1,1,1,0,1,0,0,0,0,0,0,1,16,1 critical alert(s); 1 unresolved critical alert(s); 1 malware/ransomware alert(s); 1 lateral-movement alert(s),5,3,3,3,0,2,0,0,0,0,0,0,High,WS-10711,High,It Dept
WS-12220,2,1,0,2,1,0,0,1,0,0,0,0,2,0,1,16,1 critical alert(s); 1 unresolved critical alert(s); 1 lateral-movement alert(s); 2 inactive-user event(s),5,0,3,0,0,2,0,0,0,0,6,0,High,WS-12220,High,Call Center
WS-12605,2,0,1,2,0,1,0,0,1,0,0,0,2,2,1,16,1 malware/ransomware alert(s); 1 credential-access alert(s); 2 inactive-user event(s); 2 identity review concern(s),0,3,0,3,0,0,2,0,0,0,6,2,High,WS-12605,Low,Call Center
WS-12668,2,1,1,2,1,1,0,1,0,0,0,0,0,0,1,16,1 critical alert(s); 1 unresolved critical alert(s); 1 malware/ransomware alert(s); 1 lateral-movement alert(s),5,3,3,3,0,2,0,0,0,0,0,0,High,WS-12668,Medium,Purchase
VDR-10022,6,0,2,6,0,1,0,0,2,0,2,0,0,0,1,15,1 malware/ransomware alert(s); 2 credential-access alert(s),0,6,0,3,0,0,4,0,2,0,0,0,High,VDR-10022,High,Call Center
WS-11730,6,0,0,2,0,4,0,0,1,0,0,1,0,0,1,15,4 malware/ransomware alert(s); 1 credential-access alert(s),0,0,0,12,0,0,2,0,0,1,0,0,High,WS-11730,Low,Purch
LPT-10302,5,1,1,4,0,2,0,0,0,0,1,0,0,0,1,15,1 critical alert(s); 2 malware/ransomware alert(s),5,3,0,6,0,0,0,0,1,0,0,0,High,LPT-10302,Low,Call Center
LPT-10414,5,0,1,3,0,1,2,2,0,0,0,1,0,0,1,15,1 malware/ransomware alert(s); 2 PowerShell alert(s); 2 lateral-movement alert(s),0,3,0,3,4,4,0,0,0,1,0,0,High,LPT-10414,Low,People Team
LPT-11755,5,0,1,2,0,3,0,0,1,0,1,0,0,0,1,15,3 malware/ransomware alert(s); 1 credential-access alert(s),0,3,0,9,0,0,2,0,1,0,0,0,High,LPT-11755,High,Information Technology
LPT-12440,5,0,2,3,0,1,1,0,1,0,1,1,0,0,1,15,1 malware/ransomware alert(s); 1 PowerShell alert(s); 1 credential-access alert(s),0,6,0,3,2,0,2,0,1,1,0,0,High,LPT-12440,High,Information Tech
LPT-12722,5,1,0,1,0,1,2,0,1,0,1,0,0,0,1,15,1 critical alert(s); 1 malware/ransomware alert(s); 2 PowerShell alert(s); 1 credential-access alert(s),5,0,0,3,4,0,2,0,1,0,0,0,High,LPT-12722,Low,Innovation
WS-11186,5,0,0,3,0,2,0,0,1,0,2,0,0,5,1,15,2 malware/ransomware alert(s); 1 credential-access alert(s); 5 identity review concern(s),0,0,0,6,0,0,2,0,2,0,0,5,High,WS-11186,Low,Support
WS-11252,5,0,1,1,0,1,2,1,1,0,0,1,0,0,1,15,1 malware/ransomware alert(s); 2 PowerShell alert(s); 1 lateral-movement alert(s); 1 credential-access alert(s),0,3,0,3,4,2,2,0,0,1,0,0,High,WS-11252,Low,Procurement
WS-11959,5,0,0,2,0,5,0,0,0,0,0,0,0,0,1,15,5 malware/ransomware alert(s),0,0,0,15,0,0,0,0,0,0,0,0,High,WS-11959,Low,R&D
WS-12320,5,0,2,2,0,1,1,1,0,0,2,0,0,0,1,15,1 malware/ransomware alert(s); 1 PowerShell alert(s); 1 lateral-movement alert(s),0,6,0,3,2,2,0,0,2,0,0,0,High,WS-12320,Critical,Legal Dept
LPT-11086,4,0,2,1,0,1,2,0,1,0,0,0,0,0,1,15,1 malware/ransomware alert(s); 2 PowerShell alert(s); 1 credential-access alert(s),0,6,0,3,4,0,2,0,0,0,0,0,High,LPT-11086,Medium,Mktg
LPT-11440,4,0,3,3,0,1,0,1,0,0,1,0,0,0,1,15,1 malware/ransomware alert(s); 1 lateral-movement alert(s),0,9,0,3,0,2,0,0,1,0,0,0,High,LPT-11440,Medium,Hr Dept
LPT-11554,4,0,3,2,0,1,0,0,0,0,3,0,0,0,1,15,1 malware/ransomware alert(s),0,9,0,3,0,0,0,0,3,0,0,0,High,LPT-11554,Critical,Sales Dept
LPT-11649,4,1,0,2,0,0,0,1,1,0,2,0,0,4,1,15,1 critical alert(s); 1 lateral-movement alert(s); 1 credential-access alert(s); 4 identity review concern(s),5,0,0,0,0,2,2,0,2,0,0,4,High,LPT-11649,Medium,Accounts
LPT-12085,4,1,0,2,1,1,0,1,1,0,0,0,0,0,1,15,1 critical alert(s); 1 unresolved critical alert(s); 1 malware/ransomware alert(s); 1 lateral-movement alert(s); 1 credential-access alert(s),5,0,3,3,0,2,2,0,0,0,0,0,High,LPT-12085,Medium,Sales
LPT-12102,4,0,2,3,0,2,1,0,0,0,1,0,0,0,1,15,2 malware/ransomware alert(s); 1 PowerShell alert(s),0,6,0,6,2,0,0,0,1,0,0,0,High,LPT-12102,Low,Operations
LPT-12718,4,0,2,2,0,1,1,2,0,0,0,0,0,0,1,15,1 malware/ransomware alert(s); 1 PowerShell alert(s); 2 lateral-movement alert(s),0,6,0,3,2,4,0,0,0,0,0,0,High,LPT-12718,Low,Compliance
VDR-10478,4,0,2,2,0,1,1,0,2,0,0,0,0,0,1,15,1 malware/ransomware alert(s); 1 PowerShell alert(s); 2 credential-access alert(s),0,6,0,3,2,0,4,0,0,0,0,0,High,VDR-10478,Low,Business Sales
VDR-10778,4,0,2,4,0,1,0,1,2,0,0,0,0,0,1,15,1 malware/ransomware alert(s); 1 lateral-movement alert(s); 2 credential-access alert(s),0,6,0,3,0,2,4,0,0,0,0,0,High,VDR-10778,Medium,Operations Dept
VDR-10899,4,0,2,1,0,2,1,0,0,0,1,0,0,0,1,15,2 malware/ransomware alert(s); 1 PowerShell alert(s),0,6,0,6,2,0,0,0,1,0,0,0,High,VDR-10899,High,Procurement Team
VDR-11061,4,1,1,2,1,0,0,0,1,0,2,0,0,0,1,15,1 critical alert(s); 1 unresolved critical alert(s); 1 credential-access alert(s),5,3,3,0,0,0,2,0,2,0,0,0,High,VDR-11061,Low,Mktg
VDR-11392,4,0,2,3,0,1,0,3,0,0,0,0,0,0,1,15,1 malware/ransomware alert(s); 3 lateral-movement alert(s),0,6,0,3,0,6,0,0,0,0,0,0,High,VDR-11392,High,Compliance
VDR-11487,4,0,3,3,0,1,1,0,0,0,1,0,0,0,1,15,1 malware/ransomware alert(s); 1 PowerShell alert(s),0,9,0,3,2,0,0,0,1,0,0,0,High,VDR-11487,Critical,Ops
VDR-12237,4,0,0,4,0,3,0,1,0,0,0,0,0,4,1,15,3 malware/ransomware alert(s); 1 lateral-movement alert(s); 4 identity review concern(s),0,0,0,9,0,2,0,0,0,0,0,4,High,VDR-12237,Medium,Supply Chain
VDR-12835,4,0,1,3,0,1,1,0,1,0,1,0,0,4,1,15,1 malware/ransomware alert(s); 1 PowerShell alert(s); 1 credential-access alert(s); 4 identity review concern(s),0,3,0,3,2,0,2,0,1,0,0,4,High,VDR-12835,Medium,Sales Team
WS-10272,4,0,2,3,0,1,0,2,1,0,0,0,0,0,1,15,1 malware/ransomware alert(s); 2 lateral-movement alert(s); 1 credential-access alert(s),0,6,0,3,0,4,2,0,0,0,0,0,High,WS-10272,Medium,Call Center
WS-10301,4,0,0,0,0,3,0,0,1,0,0,0,0,4,1,15,3 malware/ransomware alert(s); 1 credential-access alert(s); 4 identity review concern(s),0,0,0,9,0,0,2,0,0,0,0,4,High,WS-10301,Medium,Finance
LPT-10066,3,0,3,3,0,0,0,0,3,0,0,0,0,0,1,15,3 credential-access alert(s),0,9,0,0,0,0,6,0,0,0,0,0,High,LPT-10066,High,Rnd
LPT-10311,3,1,0,2,1,1,1,0,1,0,0,0,0,0,1,15,1 critical alert(s); 1 unresolved critical alert(s); 1 malware/ransomware alert(s); 1 PowerShell alert(s); 1 credential-access alert(s),5,0,3,3,2,0,2,0,0,0,0,0,High,LPT-10311,High,Procurement Team
LPT-11693,3,0,1,2,0,3,0,0,0,0,0,0,0,3,1,15,3 malware/ransomware alert(s); 3 identity review concern(s),0,3,0,9,0,0,0,0,0,0,0,3,High,LPT-11693,Low,Sales
LPT-12583,3,0,3,3,0,2,0,0,0,0,0,0,0,0,1,15,2 malware/ransomware alert(s),0,9,0,6,0,0,0,0,0,0,0,0,High,LPT-12583,High,It
LPT-12858,3,1,1,1,0,2,0,0,0,0,0,1,0,0,1,15,1 critical alert(s); 2 malware/ransomware alert(s),5,3,0,6,0,0,0,0,0,1,0,0,High,LPT-12858,High,Purch
VDR-10017,3,0,3,3,0,0,1,1,1,0,0,0,0,0,1,15,1 PowerShell alert(s); 1 lateral-movement alert(s); 1 credential-access alert(s),0,9,0,0,2,2,2,0,0,0,0,0,High,VDR-10017,High,Sales Team
VDR-10209,3,1,0,3,1,2,0,0,0,0,0,1,0,0,1,15,1 critical alert(s); 1 unresolved critical alert(s); 2 malware/ransomware alert(s),5,0,3,6,0,0,0,0,0,1,0,0,High,VDR-10209,High,Research And Development
VDR-10255,3,1,0,3,1,1,2,0,0,0,0,0,0,0,1,15,1 critical alert(s); 1 unresolved critical alert(s); 1 malware/ransomware alert(s); 2 PowerShell alert(s),5,0,3,3,4,0,0,0,0,0,0,0,High,VDR-10255,High,It
VDR-10481,3,1,1,1,0,1,1,1,0,0,0,0,0,0,1,15,1 critical alert(s); 1 malware/ransomware alert(s); 1 PowerShell alert(s); 1 lateral-movement alert(s),5,3,0,3,2,2,0,0,0,0,0,0,High,VDR-10481,Medium,Marketing
VDR-10805,3,1,1,1,0,1,1,0,1,0,0,0,0,0,1,15,1 critical alert(s); 1 malware/ransomware alert(s); 1 PowerShell alert(s); 1 credential-access alert(s),5,3,0,3,2,0,2,0,0,0,0,0,High,VDR-10805,Low,People Team
VDR-11199,3,0,1,2,0,0,0,0,1,0,1,0,3,0,1,15,1 credential-access alert(s); 3 inactive-user event(s),0,3,0,0,0,0,2,0,1,0,9,0,High,VDR-11199,Critical,People Team
VDR-11318,3,0,0,0,0,0,0,2,1,0,0,0,3,0,1,15,2 lateral-movement alert(s); 1 credential-access alert(s); 3 inactive-user event(s),0,0,0,0,0,4,2,0,0,0,9,0,High,VDR-11318,High,It Dept
VDR-11976,3,0,1,1,0,3,0,0,0,0,0,0,0,3,1,15,3 malware/ransomware alert(s); 3 identity review concern(s),0,3,0,9,0,0,0,0,0,0,0,3,High,VDR-11976,High,Sales Team
VDR-12209,3,1,1,0,0,1,0,2,0,0,0,0,0,0,1,15,1 critical alert(s); 1 malware/ransomware alert(s); 2 lateral-movement alert(s),5,3,0,3,0,4,0,0,0,0,0,0,High,VDR-12209,High,Supply Chain
VDR-12497,3,0,0,2,0,0,1,0,0,0,1,0,3,3,1,15,1 PowerShell alert(s); 3 inactive-user event(s); 3 identity review concern(s),0,0,0,0,2,0,0,0,1,0,9,3,High,VDR-12497,Critical,Ops Team
VDR-12712,3,0,0,3,0,2,0,0,0,0,0,0,3,0,1,15,2 malware/ransomware alert(s); 3 inactive-user event(s),0,0,0,6,0,0,0,0,0,0,9,0,High,VDR-12712,Critical,It Support
VDR-12857,3,1,0,3,1,2,0,0,0,0,1,0,0,0,1,15,1 critical alert(s); 1 unresolved critical alert(s); 2 malware/ransomware alert(s),5,0,3,6,0,0,0,0,1,0,0,0,High,VDR-12857,Medium,Purchase
WS-10540,3,0,1,2,0,1,0,0,0,0,0,0,3,0,1,15,1 malware/ransomware alert(s); 3 inactive-user event(s),0,3,0,3,0,0,0,0,0,0,9,0,High,WS-10540,High,Hr Dept
WS-11390,3,1,1,1,0,1,1,0,1,0,0,0,0,0,1,15,1 critical alert(s); 1 malware/ransomware alert(s); 1 PowerShell alert(s); 1 credential-access alert(s),5,3,0,3,2,0,2,0,0,0,0,0,High,WS-11390,Low,It
WS-11462,3,1,1,1,0,2,0,0,0,0,1,0,0,0,1,15,1 critical alert(s); 2 malware/ransomware alert(s),5,3,0,6,0,0,0,0,1,0,0,0,High,WS-11462,Low,Operations
WS-11469,3,1,0,2,1,1,0,0,2,0,0,0,0,0,1,15,1 critical alert(s); 1 unresolved critical alert(s); 1 malware/ransomware alert(s); 2 credential-access alert(s),5,0,3,3,0,0,4,0,0,0,0,0,High,WS-11469,Medium,It Dept
WS-11515,3,0,1,2,0,3,0,0,0,0,0,0,0,3,1,15,3 malware/ransomware alert(s); 3 identity review concern(s),0,3,0,9,0,0,0,0,0,0,0,3,High,WS-11515,Low,Finance
WS-11654,3,0,0,2,0,1,0,1,0,0,1,0,3,0,1,15,1 malware/ransomware alert(s); 1 lateral-movement alert(s); 3 inactive-user event(s),0,0,0,3,0,2,0,0,1,0,9,0,High,WS-11654,High,Hr Dept
WS-11671,3,0,0,2,0,0,0,3,0,0,0,0,3,0,1,15,3 lateral-movement alert(s); 3 inactive-user event(s),0,0,0,0,0,6,0,0,0,0,9,0,High,WS-11671,Medium,Marketing
WS-12172,3,0,0,1,0,0,3,0,0,0,0,0,3,0,1,15,3 PowerShell alert(s); 3 inactive-user event(s),0,0,0,0,6,0,0,0,0,0,9,0,High,WS-12172,Medium,Ops
WS-12581,3,0,1,3,0,0,0,1,0,0,1,0,3,0,1,15,1 lateral-movement alert(s); 3 inactive-user event(s),0,3,0,0,0,2,0,0,1,0,9,0,High,WS-12581,Medium,Finance Dept
LPT-10198,2,1,1,1,1,1,0,0,0,0,1,0,0,0,1,15,1 critical alert(s); 1 unresolved critical alert(s); 1 malware/ransomware alert(s),5,3,3,3,0,0,0,0,1,0,0,0,High,LPT-10198,Low,Innovation
LPT-11085,2,1,1,2,1,0,1,1,0,0,0,0,0,0,1,15,1 critical alert(s); 1 unresolved critical alert(s); 1 PowerShell alert(s); 1 lateral-movement alert(s),5,3,3,0,2,2,0,0,0,0,0,0,High,LPT-11085,Medium,Support
LPT-11661,2,0,1,1,0,2,0,0,0,0,0,0,2,0,1,15,2 malware/ransomware alert(s); 2 inactive-user event(s),0,3,0,6,0,0,0,0,0,0,6,0,High,LPT-11661,High,Finance Dept
LPT-11689,2,1,0,0,0,1,0,0,0,0,1,0,2,0,1,15,1 critical alert(s); 1 malware/ransomware alert(s); 2 inactive-user event(s),5,0,0,3,0,0,0,0,1,0,6,0,High,LPT-11689,High,Fin
LPT-11717,2,1,0,2,1,0,0,0,0,0,1,0,2,0,1,15,1 critical alert(s); 1 unresolved critical alert(s); 2 inactive-user event(s),5,0,3,0,0,0,0,0,1,0,6,0,High,LPT-11717,Low,It Dept
LPT-12538,2,1,1,2,1,0,1,0,1,0,0,0,0,0,1,15,1 critical alert(s); 1 unresolved critical alert(s); 1 PowerShell alert(s); 1 credential-access alert(s),5,3,3,0,2,0,2,0,0,0,0,0,High,LPT-12538,Low,Marketing Dept
MISSING_HOST::EMP10099,2,0,1,2,0,1,0,0,0,0,1,0,2,2,1,15,1 malware/ransomware alert(s); 2 inactive-user event(s); 2 identity review concern(s),0,3,0,3,0,0,0,0,1,0,6,2,High,,Low,Rnd
MISSING_HOST::EMP10249,2,0,1,2,0,0,1,0,1,0,0,0,2,2,1,15,1 PowerShell alert(s); 1 credential-access alert(s); 2 inactive-user event(s); 2 identity review concern(s),0,3,0,0,2,0,2,0,0,0,6,2,High,,Medium,Procurement
MISSING_HOST::EMP10907,2,0,1,1,0,0,1,0,1,0,0,0,2,2,1,15,1 PowerShell alert(s); 1 credential-access alert(s); 2 inactive-user event(s); 2 identity review concern(s),0,3,0,0,2,0,2,0,0,0,6,2,High,,Low,Fin
VDR-10792,2,0,1,2,0,2,0,0,0,0,0,0,2,0,1,15,2 malware/ransomware alert(s); 2 inactive-user event(s),0,3,0,6,0,0,0,0,0,0,6,0,High,VDR-10792,Critical,Operations
VDR-11142,2,1,1,2,1,0,0,1,1,0,0,0,0,0,1,15,1 critical alert(s); 1 unresolved critical alert(s); 1 lateral-movement alert(s); 1 credential-access alert(s),5,3,3,0,0,2,2,0,0,0,0,0,High,VDR-11142,High,R&D
VDR-11557,2,1,0,2,1,0,0,0,0,0,1,0,2,0,1,15,1 critical alert(s); 1 unresolved critical alert(s); 2 inactive-user event(s),5,0,3,0,0,0,0,0,1,0,6,0,High,VDR-11557,Low,Sales
VDR-12022,2,1,1,2,1,0,1,0,1,0,0,0,0,0,1,15,1 critical alert(s); 1 unresolved critical alert(s); 1 PowerShell alert(s); 1 credential-access alert(s),5,3,3,0,2,0,2,0,0,0,0,0,High,VDR-12022,Critical,Operations Dept
VDR-12233,2,0,1,1,0,2,0,0,0,0,0,0,2,0,1,15,2 malware/ransomware alert(s); 2 inactive-user event(s),0,3,0,6,0,0,0,0,0,0,6,0,High,VDR-12233,Critical,Ops
VDR-12483.CORP.LOCAL,2,1,1,1,0,1,1,0,0,0,0,0,0,2,1,15,1 critical alert(s); 1 malware/ransomware alert(s); 1 PowerShell alert(s); 2 identity review concern(s),5,3,0,3,2,0,0,0,0,0,0,2,High,VDR-12483.CORP.LOCAL,Low,Sales Team
VDR-12678,2,1,0,2,1,1,0,1,0,0,0,0,0,2,1,15,1 critical alert(s); 1 unresolved critical alert(s); 1 malware/ransomware alert(s); 1 lateral-movement alert(s); 2 identity review concern(s),5,0,3,3,0,2,0,0,0,0,0,2,High,VDR-12678,Low,
VDR-12804.CORP.LOCAL,2,1,0,2,1,1,1,0,0,0,0,0,0,2,1,15,1 critical alert(s); 1 unresolved critical alert(s); 1 malware/ransomware alert(s); 1 PowerShell alert(s); 2 identity review concern(s),5,0,3,3,2,0,0,0,0,0,0,2,High,VDR-12804.CORP.LOCAL,High,Hr Dept
WS-10202,2,1,1,2,1,0,1,0,1,0,0,0,0,0,1,15,1 critical alert(s); 1 unresolved critical alert(s); 1 PowerShell alert(s); 1 credential-access alert(s),5,3,3,0,2,0,2,0,0,0,0,0,High,WS-10202,Low,Rnd
WS-10370,2,1,0,2,1,0,0,0,0,0,1,0,2,0,1,15,1 critical alert(s); 1 unresolved critical alert(s); 2 inactive-user event(s),5,0,3,0,0,0,0,0,1,0,6,0,High,WS-10370,Medium,Customer Support
WS-10826,2,0,1,2,0,2,0,0,0,0,0,0,2,0,1,15,2 malware/ransomware alert(s); 2 inactive-user event(s),0,3,0,6,0,0,0,0,0,0,6,0,High,WS-10826,Medium,Information Technology
WS-10845,2,1,0,0,0,1,0,0,0,0,1,0,2,0,1,15,1 critical alert(s); 1 malware/ransomware alert(s); 2 inactive-user event(s),5,0,0,3,0,0,0,0,1,0,6,0,High,WS-10845,Low,Operations
WS-10926.CORP.LOCAL,2,1,0,2,1,1,0,0,1,0,0,0,0,2,1,15,1 critical alert(s); 1 unresolved critical alert(s); 1 malware/ransomware alert(s); 1 credential-access alert(s); 2 identity review concern(s),5,0,3,3,0,0,2,0,0,0,0,2,High,WS-10926.CORP.LOCAL,Low,Purch
WS-11601,2,1,1,2,1,0,0,2,0,0,0,0,0,0,1,15,1 critical alert(s); 1 unresolved critical alert(s); 2 lateral-movement alert(s),5,3,3,0,0,4,0,0,0,0,0,0,High,WS-11601,Medium,Marketing
WS-11725,2,0,1,1,0,1,0,0,0,0,1,0,2,2,1,15,1 malware/ransomware alert(s); 2 inactive-user event(s); 2 identity review concern(s),0,3,0,3,0,0,0,0,1,0,6,2,High,WS-11725,Low,Rnd
WS-11975,2,0,1,1,0,2,0,0,0,0,0,0,2,0,1,15,2 malware/ransomware alert(s); 2 inactive-user event(s),0,3,0,6,0,0,0,0,0,0,6,0,High,WS-11975,Low,Ops Team
WS-12637,2,1,1,1,1,0,2,0,0,0,0,0,0,0,1,15,1 critical alert(s); 1 unresolved critical alert(s); 2 PowerShell alert(s),5,3,3,0,4,0,0,0,0,0,0,0,High,WS-12637,Critical,Ops
LPT-10378,7,0,1,5,0,0,1,2,2,0,1,0,0,0,1,14,1 PowerShell alert(s); 2 lateral-movement alert(s); 2 credential-access alert(s),0,3,0,0,2,4,4,0,1,0,0,0,High,LPT-10378,High,Operations Dept
LPT-11431,5,0,2,5,0,1,0,1,1,0,1,0,0,0,1,14,1 malware/ransomware alert(s); 1 lateral-movement alert(s); 1 credential-access alert(s),0,6,0,3,0,2,2,0,1,0,0,0,High,LPT-11431,Medium,Procurement
LPT-11937,5,1,0,4,0,2,0,0,1,0,1,0,0,0,1,14,1 critical alert(s); 2 malware/ransomware alert(s); 1 credential-access alert(s),5,0,0,6,0,0,2,0,1,0,0,0,High,LPT-11937,Low,Support
LPT-12635,5,1,1,5,1,0,0,1,0,0,1,0,0,0,1,14,1 critical alert(s); 1 unresolved critical alert(s); 1 lateral-movement alert(s),5,3,3,0,0,2,0,0,1,0,0,0,High,LPT-12635,Medium,Purch
LPT-12683,5,1,0,2,0,1,1,1,0,0,2,0,0,0,1,14,1 critical alert(s); 1 malware/ransomware alert(s); 1 PowerShell alert(s); 1 lateral-movement alert(s),5,0,0,3,2,2,0,0,2,0,0,0,High,LPT-12683,Critical,Legal
VDR-10740,5,0,1,5,0,1,1,3,0,0,0,0,0,0,1,14,1 malware/ransomware alert(s); 1 PowerShell alert(s); 3 lateral-movement alert(s),0,3,0,3,2,6,0,0,0,0,0,0,High,VDR-10740,High,Finance
VDR-10808,5,0,1,3,0,1,0,3,1,0,0,0,0,0,1,14,1 malware/ransomware alert(s); 3 lateral-movement alert(s); 1 credential-access alert(s),0,3,0,3,0,6,2,0,0,0,0,0,High,VDR-10808,High,Information Technology
VDR-12972,5,0,1,3,0,2,1,0,1,0,1,0,0,0,1,14,2 malware/ransomware alert(s); 1 PowerShell alert(s); 1 credential-access alert(s),0,3,0,6,2,0,2,0,1,0,0,0,High,VDR-12972,High,Business Sales
WS-10307,5,0,1,2,0,3,0,1,0,0,0,0,0,0,1,14,3 malware/ransomware alert(s); 1 lateral-movement alert(s),0,3,0,9,0,2,0,0,0,0,0,0,High,WS-10307,Critical,Ops Team
WS-10549,5,0,2,2,0,1,1,1,0,0,1,0,0,0,1,14,1 malware/ransomware alert(s); 1 PowerShell alert(s); 1 lateral-movement alert(s),0,6,0,3,2,2,0,0,1,0,0,0,High,WS-10549,Critical,Support
WS-10697,5,1,0,3,1,2,0,0,0,0,0,0,0,0,1,14,1 critical alert(s); 1 unresolved critical alert(s); 2 malware/ransomware alert(s),5,0,3,6,0,0,0,0,0,0,0,0,High,WS-10697,Medium,It Support
WS-12642,5,0,2,3,0,1,0,0,2,0,1,0,0,0,1,14,1 malware/ransomware alert(s); 2 credential-access alert(s),0,6,0,3,0,0,4,0,1,0,0,0,High,WS-12642,Low,Customer Care
WS-12694,5,0,0,3,0,4,0,0,1,0,0,0,0,0,1,14,4 malware/ransomware alert(s); 1 credential-access alert(s),0,0,0,12,0,0,2,0,0,0,0,0,High,WS-12694,Medium,Customer Support
WS-12898,5,1,0,3,0,2,0,0,0,0,3,0,0,0,1,14,1 critical alert(s); 2 malware/ransomware alert(s),5,0,0,6,0,0,0,0,3,0,0,0,High,WS-12898,High,Legal Dept
LPT-10858,4,0,1,3,0,2,1,1,0,0,0,1,0,0,1,14,2 malware/ransomware alert(s); 1 PowerShell alert(s); 1 lateral-movement alert(s),0,3,0,6,2,2,0,0,0,1,0,0,High,LPT-10858,Critical,Supply Chain
LPT-11438,4,1,0,3,1,1,0,1,0,0,1,0,0,0,1,14,1 critical alert(s); 1 unresolved critical alert(s); 1 malware/ransomware alert(s); 1 lateral-movement alert(s),5,0,3,3,0,2,0,0,1,0,0,0,High,LPT-11438,Medium,Support
LPT-11519,4,0,2,1,0,0,1,0,0,0,2,0,0,4,1,14,1 PowerShell alert(s); 4 identity review concern(s),0,6,0,0,2,0,0,0,2,0,0,4,High,LPT-11519,High,Finance
LPT-11604,4,0,3,2,0,0,0,1,1,0,1,0,0,0,1,14,1 lateral-movement alert(s); 1 credential-access alert(s),0,9,0,0,0,2,2,0,1,0,0,0,High,LPT-11604,Critical,Rnd
LPT-12007,4,0,3,4,0,0,2,0,0,0,1,0,0,0,1,14,2 PowerShell alert(s),0,9,0,0,4,0,0,0,1,0,0,0,High,LPT-12007,High,Purchase
VDR-10732,4,0,1,2,0,3,0,0,1,0,0,0,0,0,1,14,3 malware/ransomware alert(s); 1 credential-access alert(s),0,3,0,9,0,0,2,0,0,0,0,0,High,VDR-10732,High,Support
VDR-11583,4,0,0,2,0,3,0,0,0,0,0,1,0,4,1,14,3 malware/ransomware alert(s); 4 identity review concern(s),0,0,0,9,0,0,0,0,0,1,0,4,High,VDR-11583,High,
VDR-11632,4,0,0,2,0,2,1,1,0,0,0,0,0,4,1,14,2 malware/ransomware alert(s); 1 PowerShell alert(s); 1 lateral-movement alert(s); 4 identity review concern(s),0,0,0,6,2,2,0,0,0,0,0,4,High,VDR-11632,Low,Brand Team
VDR-12017,4,1,1,2,0,0,0,1,1,0,2,0,0,0,1,14,1 critical alert(s); 1 lateral-movement alert(s); 1 credential-access alert(s),5,3,0,0,0,2,2,0,2,0,0,0,High,VDR-12017,Low,Sales Dept
VDR-12140,4,1,0,3,0,1,1,1,1,0,0,0,0,0,1,14,1 critical alert(s); 1 malware/ransomware alert(s); 1 PowerShell alert(s); 1 lateral-movement alert(s); 1 credential-access alert(s),5,0,0,3,2,2,2,0,0,0,0,0,High,VDR-12140,High,Human Resources
VDR-12225,4,0,1,3,0,3,1,0,0,0,0,0,0,0,1,14,3 malware/ransomware alert(s); 1 PowerShell alert(s),0,3,0,9,2,0,0,0,0,0,0,0,High,VDR-12225,Low,Finance
VDR-12272,4,0,0,3,0,1,2,1,0,0,0,1,0,4,1,14,1 malware/ransomware alert(s); 2 PowerShell alert(s); 1 lateral-movement alert(s); 4 identity review concern(s),0,0,0,3,4,2,0,0,0,1,0,4,High,VDR-12272,Low,
VDR-12577,4,0,0,2,0,2,1,1,0,0,0,0,0,4,1,14,2 malware/ransomware alert(s); 1 PowerShell alert(s); 1 lateral-movement alert(s); 4 identity review concern(s),0,0,0,6,2,2,0,0,0,0,0,4,High,VDR-12577,High,Rnd
WS-10461,4,0,0,1,0,2,0,1,1,0,0,0,0,4,1,14,2 malware/ransomware alert(s); 1 lateral-movement alert(s); 1 credential-access alert(s); 4 identity review concern(s),0,0,0,6,0,2,2,0,0,0,0,4,High,WS-10461,High,Research And Development
WS-11894,4,0,2,2,0,0,0,0,1,0,2,0,0,4,1,14,1 credential-access alert(s); 4 identity review concern(s),0,6,0,0,0,0,2,0,2,0,0,4,High,WS-11894,High,Information Technology
WS-12093,4,1,0,4,1,0,0,1,2,0,0,0,0,0,1,14,1 critical alert(s); 1 unresolved critical alert(s); 1 lateral-movement alert(s); 2 credential-access alert(s),5,0,3,0,0,2,4,0,0,0,0,0,High,WS-12093,High,Legal Dept
WS-12393,4,1,0,0,0,1,2,0,1,0,0,0,0,0,1,14,1 critical alert(s); 1 malware/ransomware alert(s); 2 PowerShell alert(s); 1 credential-access alert(s),5,0,0,3,4,0,2,0,0,0,0,0,High,WS-12393,Low,Purchase
WS-12915,4,1,1,1,0,0,1,1,1,0,0,0,0,0,1,14,1 critical alert(s); 1 PowerShell alert(s); 1 lateral-movement alert(s); 1 credential-access alert(s),5,3,0,0,2,2,2,0,0,0,0,0,High,WS-12915,Critical,Finance Dept
LPT-10076,3,1,0,2,1,1,0,0,1,0,1,0,0,0,1,14,1 critical alert(s); 1 unresolved critical alert(s); 1 malware/ransomware alert(s); 1 credential-access alert(s),5,0,3,3,0,0,2,0,1,0,0,0,High,LPT-10076,High,Rd
LPT-10488,3,0,2,2,0,1,1,0,0,0,0,0,0,3,1,14,1 malware/ransomware alert(s); 1 PowerShell alert(s); 3 identity review concern(s),0,6,0,3,2,0,0,0,0,0,0,3,High,LPT-10488,High,Information Tech
LPT-10619,3,1,0,3,1,1,1,0,0,0,1,0,0,0,1,14,1 critical alert(s); 1 unresolved critical alert(s); 1 malware/ransomware alert(s); 1 PowerShell alert(s),5,0,3,3,2,0,0,0,1,0,0,0,High,LPT-10619,High,Legal Dept
LPT-10954,3,1,0,3,1,0,2,0,1,0,0,0,0,0,1,14,1 critical alert(s); 1 unresolved critical alert(s); 2 PowerShell alert(s); 1 credential-access alert(s),5,0,3,0,4,0,2,0,0,0,0,0,High,LPT-10954,Critical,Support
LPT-11526,3,1,1,2,0,1,1,0,0,0,1,0,0,0,1,14,1 critical alert(s); 1 malware/ransomware alert(s); 1 PowerShell alert(s),5,3,0,3,2,0,0,0,1,0,0,0,High,LPT-11526,Medium,Purchase
LPT-11569,3,0,2,2,0,1,2,0,0,0,0,1,0,0,1,14,1 malware/ransomware alert(s); 2 PowerShell alert(s),0,6,0,3,4,0,0,0,0,1,0,0,High,LPT-11569,Low,Accounts
LPT-11637,3,1,0,3,1,2,0,0,0,0,0,0,0,0,1,14,1 critical alert(s); 1 unresolved critical alert(s); 2 malware/ransomware alert(s),5,0,3,6,0,0,0,0,0,0,0,0,High,LPT-11637,High,People Team
LPT-12503,3,0,2,2,0,2,0,1,0,0,0,0,0,0,1,14,2 malware/ransomware alert(s); 1 lateral-movement alert(s),0,6,0,6,0,2,0,0,0,0,0,0,High,LPT-12503,Critical,Support
LPT-12530,3,1,0,1,1,0,1,1,1,0,0,0,0,0,1,14,1 critical alert(s); 1 unresolved critical alert(s); 1 PowerShell alert(s); 1 lateral-movement alert(s); 1 credential-access alert(s),5,0,3,0,2,2,2,0,0,0,0,0,High,LPT-12530,High,Human Resources
LPT-12551,3,1,0,2,1,2,0,0,0,0,0,0,0,0,1,14,1 critical alert(s); 1 unresolved critical alert(s); 2 malware/ransomware alert(s),5,0,3,6,0,0,0,0,0,0,0,0,High,LPT-12551,Medium,Sales Team
LPT-12780,3,0,0,0,0,0,1,0,0,0,2,1,3,0,1,14,1 PowerShell alert(s); 3 inactive-user event(s),0,0,0,0,2,0,0,0,2,1,9,0,High,LPT-12780,High,Legal
VDR-10146,3,0,2,3,0,2,0,0,1,0,0,0,0,0,1,14,2 malware/ransomware alert(s); 1 credential-access alert(s),0,6,0,6,0,0,2,0,0,0,0,0,High,VDR-10146,Critical,Finance Dept
VDR-10449,3,0,1,2,0,2,0,0,1,0,0,0,0,3,1,14,2 malware/ransomware alert(s); 1 credential-access alert(s); 3 identity review concern(s),0,3,0,6,0,0,2,0,0,0,0,3,High,VDR-10449,High,Ops
VDR-10698,3,0,1,1,0,2,0,0,1,0,0,0,0,3,1,14,2 malware/ransomware alert(s); 1 credential-access alert(s); 3 identity review concern(s),0,3,0,6,0,0,2,0,0,0,0,3,High,VDR-10698,Medium,Rnd
VDR-11008,3,0,2,2,0,2,0,0,1,0,0,0,0,0,1,14,2 malware/ransomware alert(s); 1 credential-access alert(s),0,6,0,6,0,0,2,0,0,0,0,0,High,VDR-11008,Critical,Ops
VDR-11094,3,1,0,2,1,0,1,1,1,0,0,0,0,0,1,14,1 critical alert(s); 1 unresolved critical alert(s); 1 PowerShell alert(s); 1 lateral-movement alert(s); 1 credential-access alert(s),5,0,3,0,2,2,2,0,0,0,0,0,High,VDR-11094,High,Ops Team
VDR-11482,3,0,3,1,0,1,0,0,0,0,2,0,0,0,1,14,1 malware/ransomware alert(s),0,9,0,3,0,0,0,0,2,0,0,0,High,VDR-11482,Critical,Ops
VDR-12020,3,1,1,2,0,1,1,0,0,0,1,0,0,0,1,14,1 critical alert(s); 1 malware/ransomware alert(s); 1 PowerShell alert(s),5,3,0,3,2,0,0,0,1,0,0,0,High,VDR-12020,Medium,Procurement Team
VDR-12148,3,0,0,1,0,0,0,1,1,0,1,0,3,0,1,14,1 lateral-movement alert(s); 1 credential-access alert(s); 3 inactive-user event(s),0,0,0,0,0,2,2,0,1,0,9,0,High,VDR-12148,High,Business Sales
VDR-12435,3,0,1,2,0,0,0,0,1,0,0,0,3,0,1,14,1 credential-access alert(s); 3 inactive-user event(s),0,3,0,0,0,0,2,0,0,0,9,0,High,VDR-12435,Low,Call Center
VDR-12618,3,0,0,2,0,1,1,0,0,0,0,0,3,0,1,14,1 malware/ransomware alert(s); 1 PowerShell alert(s); 3 inactive-user event(s),0,0,0,3,2,0,0,0,0,0,9,0,High,VDR-12618,Low,Finance
VDR-12734,3,0,0,3,0,1,0,1,0,0,0,0,3,0,1,14,1 malware/ransomware alert(s); 1 lateral-movement alert(s); 3 inactive-user event(s),0,0,0,3,0,2,0,0,0,0,9,0,High,VDR-12734,Low,R&D
VDR-12847,3,0,0,2,0,1,1,0,0,0,0,0,3,0,1,14,1 malware/ransomware alert(s); 1 PowerShell alert(s); 3 inactive-user event(s),0,0,0,3,2,0,0,0,0,0,9,0,High,VDR-12847,Medium,Human Resources
WS-10148,3,0,2,1,0,2,1,0,0,0,0,0,0,0,1,14,2 malware/ransomware alert(s); 1 PowerShell alert(s),0,6,0,6,2,0,0,0,0,0,0,0,High,WS-10148,Medium,Information Tech
WS-10268,3,1,1,2,0,0,0,1,2,0,0,0,0,0,1,14,1 critical alert(s); 1 lateral-movement alert(s); 2 credential-access alert(s),5,3,0,0,0,2,4,0,0,0,0,0,High,WS-10268,Medium,Ops Team
WS-10553,3,1,0,2,1,2,0,0,0,0,0,0,0,0,1,14,1 critical alert(s); 1 unresolved critical alert(s); 2 malware/ransomware alert(s),5,0,3,6,0,0,0,0,0,0,0,0,High,WS-10553,Low,Ops
WS-10617,3,1,0,1,1,1,1,0,0,0,1,0,0,0,1,14,1 critical alert(s); 1 unresolved critical alert(s); 1 malware/ransomware alert(s); 1 PowerShell alert(s),5,0,3,3,2,0,0,0,1,0,0,0,High,WS-10617,Medium,Customer Support
WS-10934,3,1,0,2,1,1,0,1,0,0,1,0,0,0,1,14,1 critical alert(s); 1 unresolved critical alert(s); 1 malware/ransomware alert(s); 1 lateral-movement alert(s),5,0,3,3,0,2,0,0,1,0,0,0,High,WS-10934,Low,Purch
WS-12445,3,0,3,1,0,0,2,0,0,0,1,0,0,0,1,14,2 PowerShell alert(s),0,9,0,0,4,0,0,0,1,0,0,0,High,WS-12445,High,Human Resources
LPT-10015,2,0,1,2,0,1,1,0,0,0,0,0,2,0,1,14,1 malware/ransomware alert(s); 1 PowerShell alert(s); 2 inactive-user event(s),0,3,0,3,2,0,0,0,0,0,6,0,High,LPT-10015,High,Marketing Dept
LPT-10173,2,1,0,1,1,2,0,0,0,0,0,0,0,0,1,14,1 critical alert(s); 1 unresolved critical alert(s); 2 malware/ransomware alert(s),5,0,3,6,0,0,0,0,0,0,0,0,High,LPT-10173,Critical,R&D
LPT-10245,2,0,2,1,0,2,0,0,0,0,0,0,0,2,1,14,2 malware/ransomware alert(s); 2 identity review concern(s),0,6,0,6,0,0,0,0,0,0,0,2,High,LPT-10245,Low,Purchase
LPT-10286.CORP.LOCAL,2,0,2,0,0,2,0,0,0,0,0,0,0,2,1,14,2 malware/ransomware alert(s); 2 identity review concern(s),0,6,0,6,0,0,0,0,0,0,0,2,High,LPT-10286.CORP.LOCAL,Low,Human Resources
LPT-10927,2,0,1,1,0,1,1,0,0,0,0,0,2,0,1,14,1 malware/ransomware alert(s); 1 PowerShell alert(s); 2 inactive-user event(s),0,3,0,3,2,0,0,0,0,0,6,0,High,LPT-10927,Low,Operations Dept
LPT-10980,2,0,1,1,0,1,0,0,1,0,0,0,2,0,1,14,1 malware/ransomware alert(s); 1 credential-access alert(s); 2 inactive-user event(s),0,3,0,3,0,0,2,0,0,0,6,0,High,LPT-10980,High,Purchase
LPT-11321,2,0,1,2,0,1,0,1,0,0,0,0,2,0,1,14,1 malware/ransomware alert(s); 1 lateral-movement alert(s); 2 inactive-user event(s),0,3,0,3,0,2,0,0,0,0,6,0,High,LPT-11321,,Legal
LPT-11831,2,1,0,1,1,2,0,0,0,0,0,0,0,0,1,14,1 critical alert(s); 1 unresolved critical alert(s); 2 malware/ransomware alert(s),5,0,3,6,0,0,0,0,0,0,0,0,High,LPT-11831,Low,Supply Chain
LPT-11904.CORP.LOCAL,2,1,0,2,1,0,0,2,0,0,0,0,0,2,1,14,1 critical alert(s); 1 unresolved critical alert(s); 2 lateral-movement alert(s); 2 identity review concern(s),5,0,3,0,0,4,0,0,0,0,0,2,High,LPT-11904.CORP.LOCAL,High,Innovation
LPT-11977,2,1,0,2,1,2,0,0,0,0,0,0,0,0,1,14,1 critical alert(s); 1 unresolved critical alert(s); 2 malware/ransomware alert(s),5,0,3,6,0,0,0,0,0,0,0,0,High,LPT-11977,Low,It
LPT-12299,2,0,2,2,0,0,0,0,0,0,2,0,2,0,1,14,2 inactive-user event(s),0,6,0,0,0,0,0,0,2,0,6,0,High,LPT-12299,Critical,Sales Team
LPT-12585,2,1,0,2,1,2,0,0,0,0,0,0,0,0,1,14,1 critical alert(s); 1 unresolved critical alert(s); 2 malware/ransomware alert(s),5,0,3,6,0,0,0,0,0,0,0,0,High,LPT-12585,Medium,Operations
LPT-12947,2,1,0,2,1,2,0,0,0,0,0,0,0,0,1,14,1 critical alert(s); 1 unresolved critical alert(s); 2 malware/ransomware alert(s),5,0,3,6,0,0,0,0,0,0,0,0,High,LPT-12947,High,Hr
MISSING_HOST::EMP10222,2,0,2,1,0,2,0,0,0,0,0,0,0,2,1,14,2 malware/ransomware alert(s); 2 identity review concern(s),0,6,0,6,0,0,0,0,0,0,0,2,High,,Low,Operations
MISSING_HOST::EMP11449,2,0,1,1,0,0,0,0,1,0,1,0,2,2,1,14,1 credential-access alert(s); 2 inactive-user event(s); 2 identity review concern(s),0,3,0,0,0,0,2,0,1,0,6,2,High,,Medium,Compliance
MISSING_HOST::EMP12159,2,0,0,2,0,2,0,0,0,0,0,0,2,2,1,14,2 malware/ransomware alert(s); 2 inactive-user event(s); 2 identity review concern(s),0,0,0,6,0,0,0,0,0,0,6,2,High,,High,Rnd
MISSING_HOST::EMP12482,2,0,2,0,0,2,0,0,0,0,0,0,0,2,1,14,2 malware/ransomware alert(s); 2 identity review concern(s),0,6,0,6,0,0,0,0,0,0,0,2,High,,Medium,
VDR-10005,2,0,1,1,0,1,1,0,0,0,0,0,2,0,1,14,1 malware/ransomware alert(s); 1 PowerShell alert(s); 2 inactive-user event(s),0,3,0,3,2,0,0,0,0,0,6,0,High,VDR-10005,Low,Support
VDR-10162,2,1,1,2,1,0,0,0,1,0,1,0,0,0,1,14,1 critical alert(s); 1 unresolved critical alert(s); 1 credential-access alert(s),5,3,3,0,0,0,2,0,1,0,0,0,High,VDR-10162,Low,Information Technology
VDR-10246,2,0,1,2,0,1,0,0,1,0,0,0,2,0,1,14,1 malware/ransomware alert(s); 1 credential-access alert(s); 2 inactive-user event(s),0,3,0,3,0,0,2,0,0,0,6,0,High,VDR-10246,High,Legal
VDR-10342.CORP.LOCAL,2,0,0,0,0,2,0,0,0,0,0,0,2,2,1,14,2 malware/ransomware alert(s); 2 inactive-user event(s); 2 identity review concern(s),0,0,0,6,0,0,0,0,0,0,6,2,High,VDR-10342.CORP.LOCAL,Critical,Supply Chain
VDR-10664,2,1,0,2,1,2,0,0,0,0,0,0,0,0,1,14,1 critical alert(s); 1 unresolved critical alert(s); 2 malware/ransomware alert(s),5,0,3,6,0,0,0,0,0,0,0,0,High,VDR-10664,Low,Operations Dept
VDR-11720,2,1,0,2,1,2,0,0,0,0,0,0,0,0,1,14,1 critical alert(s); 1 unresolved critical alert(s); 2 malware/ransomware alert(s),5,0,3,6,0,0,0,0,0,0,0,0,High,VDR-11720,Critical,Research And Development
VDR-11746,2,1,0,2,1,2,0,0,0,0,0,0,0,0,1,14,1 critical alert(s); 1 unresolved critical alert(s); 2 malware/ransomware alert(s),5,0,3,6,0,0,0,0,0,0,0,0,High,VDR-11746,Low,Hr
VDR-12335.CORP.LOCAL,2,0,2,1,0,2,0,0,0,0,0,0,0,2,1,14,2 malware/ransomware alert(s); 2 identity review concern(s),0,6,0,6,0,0,0,0,0,0,0,2,High,VDR-12335.CORP.LOCAL,Critical,Finance Dept
VDR-12906,2,1,1,0,0,2,0,0,0,0,0,0,0,0,1,14,1 critical alert(s); 2 malware/ransomware alert(s),5,3,0,6,0,0,0,0,0,0,0,0,High,VDR-12906,Medium,Sales Dept
WS-10332,2,1,0,2,1,2,0,0,0,0,0,0,0,0,1,14,1 critical alert(s); 1 unresolved critical alert(s); 2 malware/ransomware alert(s),5,0,3,6,0,0,0,0,0,0,0,0,High,WS-10332,Low,Procurement Team
WS-10543.CORP.LOCAL,2,1,0,2,1,1,0,0,0,0,1,0,0,2,1,14,1 critical alert(s); 1 unresolved critical alert(s); 1 malware/ransomware alert(s); 2 identity review concern(s),5,0,3,3,0,0,0,0,1,0,0,2,High,WS-10543.CORP.LOCAL,Critical,Rd
WS-10544,2,0,1,2,0,1,0,1,0,0,0,0,2,0,1,14,1 malware/ransomware alert(s); 1 lateral-movement alert(s); 2 inactive-user event(s),0,3,0,3,0,2,0,0,0,0,6,0,High,WS-10544,Low,Hr Dept
WS-10643.CORP.LOCAL,2,0,0,2,0,2,0,0,0,0,0,0,2,2,1,14,2 malware/ransomware alert(s); 2 inactive-user event(s); 2 identity review concern(s),0,0,0,6,0,0,0,0,0,0,6,2,High,WS-10643.CORP.LOCAL,Low,Customer Care
WS-10970,2,0,1,2,0,1,0,0,1,0,0,0,2,0,1,14,1 malware/ransomware alert(s); 1 credential-access alert(s); 2 inactive-user event(s),0,3,0,3,0,0,2,0,0,0,6,0,High,WS-10970,Medium,Human Resources
WS-11053,2,1,0,2,1,0,0,0,2,0,0,0,0,2,1,14,1 critical alert(s); 1 unresolved critical alert(s); 2 credential-access alert(s); 2 identity review concern(s),5,0,3,0,0,0,4,0,0,0,0,2,High,WS-11053,Critical,Accounts
WS-11301,2,0,1,1,0,1,0,0,1,0,0,0,2,0,1,14,1 malware/ransomware alert(s); 1 credential-access alert(s); 2 inactive-user event(s),0,3,0,3,0,0,2,0,0,0,6,0,High,WS-11301,Medium,Brand Team
WS-11342,2,0,2,1,0,0,1,0,0,0,0,0,2,0,1,14,1 PowerShell alert(s); 2 inactive-user event(s),0,6,0,0,2,0,0,0,0,0,6,0,High,WS-11342,Low,Finance
WS-11437,2,1,0,2,1,2,0,0,0,0,0,0,0,0,1,14,1 critical alert(s); 1 unresolved critical alert(s); 2 malware/ransomware alert(s),5,0,3,6,0,0,0,0,0,0,0,0,High,WS-11437,Medium,Operations
WS-11502,2,0,1,0,0,1,0,1,0,0,0,0,2,0,1,14,1 malware/ransomware alert(s); 1 lateral-movement alert(s); 2 inactive-user event(s),0,3,0,3,0,2,0,0,0,0,6,0,High,WS-11502,Low,Call Center
WS-12680,2,1,1,1,1,0,1,0,0,0,1,0,0,0,1,14,1 critical alert(s); 1 unresolved critical alert(s); 1 PowerShell alert(s),5,3,3,0,2,0,0,0,1,0,0,0,High,WS-12680,Low,Legal Dept
LPT-11882,1,1,0,1,1,1,0,0,0,0,0,0,1,0,1,14,1 critical alert(s); 1 unresolved critical alert(s); 1 malware/ransomware alert(s); 1 inactive-user event(s),5,0,3,3,0,0,0,0,0,0,3,0,High,LPT-11882,High,Human Resource
MISSING_HOST::EMP10887,1,1,0,1,1,0,1,0,0,0,0,0,1,1,1,14,1 critical alert(s); 1 unresolved critical alert(s); 1 PowerShell alert(s); 1 inactive-user event(s); 1 identity review concern(s),5,0,3,0,2,0,0,0,0,0,3,1,High,,Critical,Mkt
MISSING_HOST::EMP11218,1,1,0,1,1,0,0,1,0,0,0,0,1,1,1,14,1 critical alert(s); 1 unresolved critical alert(s); 1 lateral-movement alert(s); 1 inactive-user event(s); 1 identity review concern(s),5,0,3,0,0,2,0,0,0,0,3,1,High,,,Mkt
MISSING_HOST::EMP11590,1,1,0,1,1,0,0,0,1,0,0,0,1,1,1,14,1 critical alert(s); 1 unresolved critical alert(s); 1 credential-access alert(s); 1 inactive-user event(s); 1 identity review concern(s),5,0,3,0,0,0,2,0,0,0,3,1,High,,High,Operations
WS-10786.CORP.LOCAL,1,1,0,1,1,0,0,1,0,0,0,0,1,1,1,14,1 critical alert(s); 1 unresolved critical alert(s); 1 lateral-movement alert(s); 1 inactive-user event(s); 1 identity review concern(s),5,0,3,0,0,2,0,0,0,0,3,1,High,WS-10786.CORP.LOCAL,Critical,Accounts
WS-11641.CORP.LOCAL,1,1,0,1,1,0,1,0,0,0,0,0,1,1,1,14,1 critical alert(s); 1 unresolved critical alert(s); 1 PowerShell alert(s); 1 inactive-user event(s); 1 identity review concern(s),5,0,3,0,2,0,0,0,0,0,3,1,High,WS-11641.CORP.LOCAL,Medium,Mktg
WS-11688.CORP.LOCAL,1,1,0,1,1,0,0,0,1,0,0,0,1,1,1,14,1 critical alert(s); 1 unresolved critical alert(s); 1 credential-access alert(s); 1 inactive-user event(s); 1 identity review concern(s),5,0,3,0,0,0,2,0,0,0,3,1,High,WS-11688.CORP.LOCAL,Critical,Accounts
WS-10696,6,0,1,2,0,1,1,1,1,0,1,0,0,0,1,13,1 malware/ransomware alert(s); 1 PowerShell alert(s); 1 lateral-movement alert(s); 1 credential-access alert(s),0,3,0,3,2,2,2,0,1,0,0,0,High,WS-10696,Medium,Legal
LPT-10981,5,0,1,4,0,3,0,0,0,0,1,0,0,0,1,13,3 malware/ransomware alert(s),0,3,0,9,0,0,0,0,1,0,0,0,High,LPT-10981,Medium,Business Sales
LPT-11998,5,0,1,5,0,2,2,0,0,0,0,0,0,0,1,13,2 malware/ransomware alert(s); 2 PowerShell alert(s),0,3,0,6,4,0,0,0,0,0,0,0,High,LPT-11998,Critical,Rnd
VDR-10118,5,0,1,3,0,1,1,1,1,0,0,1,0,0,1,13,1 malware/ransomware alert(s); 1 PowerShell alert(s); 1 lateral-movement alert(s); 1 credential-access alert(s),0,3,0,3,2,2,2,0,0,1,0,0,High,VDR-10118,Critical,Sales
VDR-10492,5,0,1,5,0,3,0,0,0,0,1,0,0,0,1,13,3 malware/ransomware alert(s),0,3,0,9,0,0,0,0,1,0,0,0,High,VDR-10492,Low,Legal Dept
VDR-11056,5,0,2,4,0,0,0,1,1,0,3,0,0,0,1,13,1 lateral-movement alert(s); 1 credential-access alert(s),0,6,0,0,0,2,2,0,3,0,0,0,High,VDR-11056,Low,Legal
VDR-11916,5,0,1,4,0,1,1,1,1,0,0,1,0,0,1,13,1 malware/ransomware alert(s); 1 PowerShell alert(s); 1 lateral-movement alert(s); 1 credential-access alert(s),0,3,0,3,2,2,2,0,0,1,0,0,High,VDR-11916,Critical,Hr Dept
VDR-12893,5,0,2,3,0,1,0,0,2,0,0,0,0,0,1,13,1 malware/ransomware alert(s); 2 credential-access alert(s),0,6,0,3,0,0,4,0,0,0,0,0,High,VDR-12893,High,Support
WS-10766,5,0,1,5,0,2,0,0,1,0,2,0,0,0,1,13,2 malware/ransomware alert(s); 1 credential-access alert(s),0,3,0,6,0,0,2,0,2,0,0,0,High,WS-10766,High,Sales
WS-11289,5,0,1,5,0,2,0,0,2,0,0,0,0,0,1,13,2 malware/ransomware alert(s); 2 credential-access alert(s),0,3,0,6,0,0,4,0,0,0,0,0,High,WS-11289,Low,Brand Team
WS-12798,5,0,1,2,0,2,1,1,0,0,0,0,0,0,1,13,2 malware/ransomware alert(s); 1 PowerShell alert(s); 1 lateral-movement alert(s),0,3,0,6,2,2,0,0,0,0,0,0,High,WS-12798,Low,Sales Team
LPT-10052,4,0,1,3,0,0,1,1,0,0,2,0,0,4,1,13,1 PowerShell alert(s); 1 lateral-movement alert(s); 4 identity review concern(s),0,3,0,0,2,2,0,0,2,0,0,4,High,LPT-10052,Medium,
LPT-10216,4,0,2,1,0,1,1,0,1,0,0,0,0,0,1,13,1 malware/ransomware alert(s); 1 PowerShell alert(s); 1 credential-access alert(s),0,6,0,3,2,0,2,0,0,0,0,0,High,LPT-10216,Low,It Support
LPT-10398,4,0,1,4,0,2,0,1,1,0,0,0,0,0,1,13,2 malware/ransomware alert(s); 1 lateral-movement alert(s); 1 credential-access alert(s),0,3,0,6,0,2,2,0,0,0,0,0,High,LPT-10398,High,Procurement Team
LPT-10705,4,1,0,1,0,0,2,0,0,0,0,0,0,4,1,13,1 critical alert(s); 2 PowerShell alert(s); 4 identity review concern(s),5,0,0,0,4,0,0,0,0,0,0,4,High,LPT-10705,Low,Marketing Dept
LPT-10883,4,0,1,3,0,2,1,0,1,0,0,0,0,0,1,13,2 malware/ransomware alert(s); 1 PowerShell alert(s); 1 credential-access alert(s),0,3,0,6,2,0,2,0,0,0,0,0,High,LPT-10883,Medium,Accounts
LPT-11371,4,0,2,2,0,1,0,1,1,0,0,0,0,0,1,13,1 malware/ransomware alert(s); 1 lateral-movement alert(s); 1 credential-access alert(s),0,6,0,3,0,2,2,0,0,0,0,0,High,LPT-11371,Medium,Legal
LPT-11489,4,1,0,3,1,1,0,0,1,0,0,0,0,0,1,13,1 critical alert(s); 1 unresolved critical alert(s); 1 malware/ransomware alert(s); 1 credential-access alert(s),5,0,3,3,0,0,2,0,0,0,0,0,High,LPT-11489,Medium,Finance
LPT-11541,4,0,1,3,0,2,1,0,1,0,0,0,0,0,1,13,2 malware/ransomware alert(s); 1 PowerShell alert(s); 1 credential-access alert(s),0,3,0,6,2,0,2,0,0,0,0,0,High,LPT-11541,Critical,Sales Dept
LPT-11813,4,0,1,3,0,1,1,1,1,0,0,1,0,0,1,13,1 malware/ransomware alert(s); 1 PowerShell alert(s); 1 lateral-movement alert(s); 1 credential-access alert(s),0,3,0,3,2,2,2,0,0,1,0,0,High,LPT-11813,Low,Customer Support
LPT-11834,4,0,1,2,0,1,0,0,1,0,1,0,0,4,1,13,1 malware/ransomware alert(s); 1 credential-access alert(s); 4 identity review concern(s),0,3,0,3,0,0,2,0,1,0,0,4,High,LPT-11834,Medium,Operations
LPT-12354,4,1,0,2,0,0,1,2,0,0,1,1,0,0,1,13,1 critical alert(s); 1 PowerShell alert(s); 2 lateral-movement alert(s),5,0,0,0,2,4,0,0,1,1,0,0,High,LPT-12354,Low,Ops
LPT-12939,4,0,1,2,0,2,1,1,0,0,0,0,0,0,1,13,2 malware/ransomware alert(s); 1 PowerShell alert(s); 1 lateral-movement alert(s),0,3,0,6,2,2,0,0,0,0,0,0,High,LPT-12939,High,Legal
VDR-10279,4,0,1,3,0,2,0,1,1,0,0,0,0,0,1,13,2 malware/ransomware alert(s); 1 lateral-movement alert(s); 1 credential-access alert(s),0,3,0,6,0,2,2,0,0,0,0,0,High,VDR-10279,Medium,Operations
VDR-10585,4,0,1,2,0,3,0,0,0,0,1,0,0,0,1,13,3 malware/ransomware alert(s),0,3,0,9,0,0,0,0,1,0,0,0,High,VDR-10585,High,Human Resource
VDR-10622,4,0,1,4,0,1,0,0,1,0,1,0,0,4,1,13,1 malware/ransomware alert(s); 1 credential-access alert(s); 4 identity review concern(s),0,3,0,3,0,0,2,0,1,0,0,4,High,VDR-10622,High,Brand Team
VDR-11989,4,0,1,2,0,2,1,1,0,0,0,0,0,0,1,13,2 malware/ransomware alert(s); 1 PowerShell alert(s); 1 lateral-movement alert(s),0,3,0,6,2,2,0,0,0,0,0,0,High,VDR-11989,Medium,Customer Care
WS-10049,4,0,3,4,0,0,0,1,1,0,0,0,0,0,1,13,1 lateral-movement alert(s); 1 credential-access alert(s),0,9,0,0,0,2,2,0,0,0,0,0,High,WS-10049,Medium,Finance
WS-10974,4,0,0,4,0,1,2,1,0,0,0,0,0,4,1,13,1 malware/ransomware alert(s); 2 PowerShell alert(s); 1 lateral-movement alert(s); 4 identity review concern(s),0,0,0,3,4,2,0,0,0,0,0,4,High,WS-10974,High,Purchase
WS-11141,4,0,2,2,0,0,2,0,1,0,1,0,0,0,1,13,2 PowerShell alert(s); 1 credential-access alert(s),0,6,0,0,4,0,2,0,1,0,0,0,High,WS-11141,Medium,Sales Dept
WS-11974,4,0,1,3,0,3,0,0,0,0,1,0,0,0,1,13,3 malware/ransomware alert(s),0,3,0,9,0,0,0,0,1,0,0,0,High,WS-11974,Medium,It Support
WS-12170,4,0,1,1,0,2,0,0,2,0,0,0,0,0,1,13,2 malware/ransomware alert(s); 2 credential-access alert(s),0,3,0,6,0,0,4,0,0,0,0,0,High,WS-12170,Medium,Finance
WS-12485,4,0,0,2,0,2,0,0,1,0,1,0,0,4,1,13,2 malware/ransomware alert(s); 1 credential-access alert(s); 4 identity review concern(s),0,0,0,6,0,0,2,0,1,0,0,4,High,WS-12485,Medium,Support
WS-12788,4,0,2,2,0,2,0,0,0,0,1,0,0,0,1,13,2 malware/ransomware alert(s),0,6,0,6,0,0,0,0,1,0,0,0,High,WS-12788,Critical,Marketing Dept
WS-12819,4,0,1,2,0,2,1,1,0,0,0,0,0,0,1,13,2 malware/ransomware alert(s); 1 PowerShell alert(s); 1 lateral-movement alert(s),0,3,0,6,2,2,0,0,0,0,0,0,High,WS-12819,High,Rd
LPT-10271,3,0,2,2,0,2,0,0,0,0,1,0,0,0,1,13,2 malware/ransomware alert(s),0,6,0,6,0,0,0,0,1,0,0,0,High,LPT-10271,Low,Legal
LPT-10383,3,0,2,0,0,2,0,0,0,0,1,0,0,0,1,13,2 malware/ransomware alert(s),0,6,0,6,0,0,0,0,1,0,0,0,High,LPT-10383,Low,Sales Dept
LPT-10583,3,0,2,2,0,1,1,1,0,0,0,0,0,0,1,13,1 malware/ransomware alert(s); 1 PowerShell alert(s); 1 lateral-movement alert(s),0,6,0,3,2,2,0,0,0,0,0,0,High,LPT-10583,High,Rd
LPT-10769,3,1,0,3,1,1,0,0,0,0,2,0,0,0,1,13,1 critical alert(s); 1 unresolved critical alert(s); 1 malware/ransomware alert(s),5,0,3,3,0,0,0,0,2,0,0,0,High,LPT-10769,Medium,Brand Team
LPT-10894,3,0,2,0,0,0,1,2,0,0,0,1,0,0,1,13,1 PowerShell alert(s); 2 lateral-movement alert(s),0,6,0,0,2,4,0,0,0,1,0,0,High,LPT-10894,Critical,Compliance
LPT-10897,3,0,1,2,0,1,0,1,1,0,0,0,0,3,1,13,1 malware/ransomware alert(s); 1 lateral-movement alert(s); 1 credential-access alert(s); 3 identity review concern(s),0,3,0,3,0,2,2,0,0,0,0,3,High,LPT-10897,Low,R&D
LPT-11103,3,1,0,1,0,1,1,0,0,0,0,0,0,3,1,13,1 critical alert(s); 1 malware/ransomware alert(s); 1 PowerShell alert(s); 3 identity review concern(s),5,0,0,3,2,0,0,0,0,0,0,3,High,LPT-11103,Medium,Finance Dept
LPT-11138,3,0,2,3,0,0,2,1,0,0,0,1,0,0,1,13,2 PowerShell alert(s); 1 lateral-movement alert(s),0,6,0,0,4,2,0,0,0,1,0,0,High,LPT-11138,Critical,Operations Dept
LPT-11239,3,0,1,2,0,2,0,0,0,0,1,0,0,3,1,13,2 malware/ransomware alert(s); 3 identity review concern(s),0,3,0,6,0,0,0,0,1,0,0,3,High,LPT-11239,Medium,Call Center
LPT-11423,3,0,0,3,0,0,0,1,0,0,2,0,3,0,1,13,1 lateral-movement alert(s); 3 inactive-user event(s),0,0,0,0,0,2,0,0,2,0,9,0,High,LPT-11423,Critical,Mkt
LPT-11655,3,0,2,0,0,1,0,2,0,0,0,0,0,0,1,13,1 malware/ransomware alert(s); 2 lateral-movement alert(s),0,6,0,3,0,4,0,0,0,0,0,0,High,LPT-11655,High,Legal
LPT-11735,3,1,1,2,0,1,0,1,0,0,0,0,0,0,1,13,1 critical alert(s); 1 malware/ransomware alert(s); 1 lateral-movement alert(s),5,3,0,3,0,2,0,0,0,0,0,0,High,LPT-11735,Medium,It Dept
LPT-12444,3,0,0,3,0,0,1,1,0,0,0,0,3,0,1,13,1 PowerShell alert(s); 1 lateral-movement alert(s); 3 inactive-user event(s),0,0,0,0,2,2,0,0,0,0,9,0,High,LPT-12444,Medium,Ops
MISSING_HOST::EMP12096,3,0,2,3,0,0,0,2,0,0,0,0,0,3,1,13,2 lateral-movement alert(s); 3 identity review concern(s),0,6,0,0,0,4,0,0,0,0,0,3,High,,,Operations
VDR-10019,3,1,0,2,1,0,0,1,0,0,0,0,0,3,1,13,1 critical alert(s); 1 unresolved critical alert(s); 1 lateral-movement alert(s); 3 identity review concern(s),5,0,3,0,0,2,0,0,0,0,0,3,High,VDR-10019,High,Business Sales
VDR-10346,3,0,2,2,0,1,1,1,0,0,0,0,0,0,1,13,1 malware/ransomware alert(s); 1 PowerShell alert(s); 1 lateral-movement alert(s),0,6,0,3,2,2,0,0,0,0,0,0,High,VDR-10346,High,Legal
VDR-10438,3,1,0,2,1,0,1,1,0,0,1,0,0,0,1,13,1 critical alert(s); 1 unresolved critical alert(s); 1 PowerShell alert(s); 1 lateral-movement alert(s),5,0,3,0,2,2,0,0,1,0,0,0,High,VDR-10438,Critical,Marketing
VDR-10514,3,0,2,3,0,2,0,0,0,0,1,0,0,0,1,13,2 malware/ransomware alert(s),0,6,0,6,0,0,0,0,1,0,0,0,High,VDR-10514,Low,Mktg
VDR-10843,3,1,0,2,1,0,1,0,0,0,2,1,0,0,1,13,1 critical alert(s); 1 unresolved critical alert(s); 1 PowerShell alert(s),5,0,3,0,2,0,0,0,2,1,0,0,High,VDR-10843,Critical,Operations
VDR-11099,3,1,0,1,1,1,0,1,0,0,0,0,0,0,1,13,1 critical alert(s); 1 unresolved critical alert(s); 1 malware/ransomware alert(s); 1 lateral-movement alert(s),5,0,3,3,0,2,0,0,0,0,0,0,High,VDR-11099,,Sales
VDR-11167,3,0,2,1,0,2,0,0,0,0,1,0,0,0,1,13,2 malware/ransomware alert(s),0,6,0,6,0,0,0,0,1,0,0,0,High,VDR-11167,Medium,Rnd
VDR-11302,3,1,0,2,1,0,1,0,1,0,1,0,0,0,1,13,1 critical alert(s); 1 unresolved critical alert(s); 1 PowerShell alert(s); 1 credential-access alert(s),5,0,3,0,2,0,2,0,1,0,0,0,High,VDR-11302,Critical,Finance Dept
VDR-11363,3,0,1,3,0,1,1,0,1,0,0,0,0,3,1,13,1 malware/ransomware alert(s); 1 PowerShell alert(s); 1 credential-access alert(s); 3 identity review concern(s),0,3,0,3,2,0,2,0,0,0,0,3,High,VDR-11363,Low,Accounts
VDR-11404,3,0,2,3,0,2,0,0,0,0,1,0,0,0,1,13,2 malware/ransomware alert(s),0,6,0,6,0,0,0,0,1,0,0,0,High,VDR-11404,Medium,Research And Development
VDR-11822,3,0,2,2,0,1,1,1,0,0,0,0,0,0,1,13,1 malware/ransomware alert(s); 1 PowerShell alert(s); 1 lateral-movement alert(s),0,6,0,3,2,2,0,0,0,0,0,0,High,VDR-11822,Low,Purch
VDR-12168,3,0,1,2,0,1,1,0,0,0,1,1,0,3,1,13,1 malware/ransomware alert(s); 1 PowerShell alert(s); 3 identity review concern(s),0,3,0,3,2,0,0,0,1,1,0,3,High,VDR-12168,High,Finance
VDR-12431,3,0,1,3,0,1,1,1,0,0,0,0,0,3,1,13,1 malware/ransomware alert(s); 1 PowerShell alert(s); 1 lateral-movement alert(s); 3 identity review concern(s),0,3,0,3,2,2,0,0,0,0,0,3,High,VDR-12431,Critical,Supply Chain
VDR-12554,3,1,0,2,1,0,0,0,2,0,1,0,0,0,1,13,1 critical alert(s); 1 unresolved critical alert(s); 2 credential-access alert(s),5,0,3,0,0,0,4,0,1,0,0,0,High,VDR-12554,Low,Accounts
VDR-12801,3,0,0,3,0,0,0,1,1,0,0,0,3,0,1,13,1 lateral-movement alert(s); 1 credential-access alert(s); 3 inactive-user event(s),0,0,0,0,0,2,2,0,0,0,9,0,High,VDR-12801,High,Mkt
VDR-12836,3,0,2,0,0,2,0,0,0,0,1,0,0,0,1,13,2 malware/ransomware alert(s),0,6,0,6,0,0,0,0,1,0,0,0,High,VDR-12836,Low,Cs
WS-10534,3,0,0,2,0,0,0,2,0,0,0,0,3,0,1,13,2 lateral-movement alert(s); 3 inactive-user event(s),0,0,0,0,0,4,0,0,0,0,9,0,High,WS-10534,High,People Team
WS-10893,3,1,0,2,0,2,1,0,0,0,0,0,0,0,1,13,1 critical alert(s); 2 malware/ransomware alert(s); 1 PowerShell alert(s),5,0,0,6,2,0,0,0,0,0,0,0,High,WS-10893,Low,Compliance
WS-10916,3,1,0,3,1,0,0,0,2,0,1,0,0,0,1,13,1 critical alert(s); 1 unresolved critical alert(s); 2 credential-access alert(s),5,0,3,0,0,0,4,0,1,0,0,0,High,WS-10916,Medium,Human Resource
WS-11241,3,0,1,2,0,1,2,0,0,0,0,0,0,3,1,13,1 malware/ransomware alert(s); 2 PowerShell alert(s); 3 identity review concern(s),0,3,0,3,4,0,0,0,0,0,0,3,High,WS-11241,Medium,
WS-11867,3,0,2,2,0,2,0,0,0,0,1,0,0,0,1,13,2 malware/ransomware alert(s),0,6,0,6,0,0,0,0,1,0,0,0,High,WS-11867,Critical,Finance Dept
WS-12889,3,0,2,2,0,0,0,1,0,0,2,0,0,3,1,13,1 lateral-movement alert(s); 3 identity review concern(s),0,6,0,0,0,2,0,0,2,0,0,3,High,WS-12889,Low,Rnd
LPT-10013,2,1,0,2,1,1,1,0,0,0,0,0,0,0,1,13,1 critical alert(s); 1 unresolved critical alert(s); 1 malware/ransomware alert(s); 1 PowerShell alert(s),5,0,3,3,2,0,0,0,0,0,0,0,High,LPT-10013,Medium,Finance
LPT-10141.CORP.LOCAL,2,1,1,0,0,1,0,0,0,0,0,0,0,2,1,13,1 critical alert(s); 1 malware/ransomware alert(s); 2 identity review concern(s),5,3,0,3,0,0,0,0,0,0,0,2,High,LPT-10141.CORP.LOCAL,High,Operations
LPT-10159,2,1,1,2,1,0,0,1,0,0,0,0,0,0,1,13,1 critical alert(s); 1 unresolved critical alert(s); 1 lateral-movement alert(s),5,3,3,0,0,2,0,0,0,0,0,0,High,LPT-10159,High,Ops Team
LPT-10356,2,0,1,0,0,0,2,0,0,0,0,0,2,0,1,13,2 PowerShell alert(s); 2 inactive-user event(s),0,3,0,0,4,0,0,0,0,0,6,0,High,LPT-10356,Low,Legal
LPT-10630.CORP.LOCAL,2,0,0,1,0,1,0,1,0,0,0,0,2,2,1,13,1 malware/ransomware alert(s); 1 lateral-movement alert(s); 2 inactive-user event(s); 2 identity review concern(s),0,0,0,3,0,2,0,0,0,0,6,2,High,LPT-10630.CORP.LOCAL,,Mktg
LPT-10651,2,0,0,1,0,0,1,0,1,0,0,1,2,2,1,13,1 PowerShell alert(s); 1 credential-access alert(s); 2 inactive-user event(s); 2 identity review concern(s),0,0,0,0,2,0,2,0,0,1,6,2,High,LPT-10651,High,Rd
LPT-10948,2,1,1,2,1,0,1,0,0,0,0,0,0,0,1,13,1 critical alert(s); 1 unresolved critical alert(s); 1 PowerShell alert(s),5,3,3,0,2,0,0,0,0,0,0,0,High,LPT-10948,High,Information Tech
LPT-11191,2,1,0,2,1,0,0,1,1,0,0,1,0,0,1,13,1 critical alert(s); 1 unresolved critical alert(s); 1 lateral-movement alert(s); 1 credential-access alert(s),5,0,3,0,0,2,2,0,0,1,0,0,High,LPT-11191,Low,It Dept
LPT-12089,2,1,1,0,0,1,1,0,0,0,0,0,0,0,1,13,1 critical alert(s); 1 malware/ransomware alert(s); 1 PowerShell alert(s),5,3,0,3,2,0,0,0,0,0,0,0,High,LPT-12089,Low,Hr Dept
LPT-12106,2,1,0,1,1,1,0,1,0,0,0,0,0,0,1,13,1 critical alert(s); 1 unresolved critical alert(s); 1 malware/ransomware alert(s); 1 lateral-movement alert(s),5,0,3,3,0,2,0,0,0,0,0,0,High,LPT-12106,Critical,R&D
LPT-12134,2,1,0,2,1,1,0,0,1,0,0,0,0,0,1,13,1 critical alert(s); 1 unresolved critical alert(s); 1 malware/ransomware alert(s); 1 credential-access alert(s),5,0,3,3,0,0,2,0,0,0,0,0,High,LPT-12134,Low,Finance
LPT-12414,2,1,0,0,0,1,1,0,0,0,0,1,0,2,1,13,1 critical alert(s); 1 malware/ransomware alert(s); 1 PowerShell alert(s); 2 identity review concern(s),5,0,0,3,2,0,0,0,0,1,0,2,High,LPT-12414,Critical,Finance
LPT-12658,2,1,0,2,1,1,0,1,0,0,0,0,0,0,1,13,1 critical alert(s); 1 unresolved critical alert(s); 1 malware/ransomware alert(s); 1 lateral-movement alert(s),5,0,3,3,0,2,0,0,0,0,0,0,High,LPT-12658,Medium,Legal
LPT-12769,2,1,0,2,1,1,0,1,0,0,0,0,0,0,1,13,1 critical alert(s); 1 unresolved critical alert(s); 1 malware/ransomware alert(s); 1 lateral-movement alert(s),5,0,3,3,0,2,0,0,0,0,0,0,High,LPT-12769,Medium,Procurement Team
MISSING_HOST::EMP10301,2,0,2,1,0,1,0,0,1,0,0,0,0,2,1,13,1 malware/ransomware alert(s); 1 credential-access alert(s); 2 identity review concern(s),0,6,0,3,0,0,2,0,0,0,0,2,High,,Medium,Finance
VDR-10503,2,0,1,1,0,1,0,0,0,0,1,0,2,0,1,13,1 malware/ransomware alert(s); 2 inactive-user event(s),0,3,0,3,0,0,0,0,1,0,6,0,High,VDR-10503,Low,Sales Team
VDR-10555,2,0,2,1,0,2,0,0,0,0,0,1,0,0,1,13,2 malware/ransomware alert(s),0,6,0,6,0,0,0,0,0,1,0,0,High,VDR-10555,Critical,Mkt
VDR-10667,2,1,1,0,0,1,1,0,0,0,0,0,0,0,1,13,1 critical alert(s); 1 malware/ransomware alert(s); 1 PowerShell alert(s),5,3,0,3,2,0,0,0,0,0,0,0,High,VDR-10667,Low,It Dept
VDR-10906.CORP.LOCAL,2,1,0,2,1,1,0,1,0,0,0,0,0,0,1,13,1 critical alert(s); 1 unresolved critical alert(s); 1 malware/ransomware alert(s); 1 lateral-movement alert(s),5,0,3,3,0,2,0,0,0,0,0,0,High,VDR-10906.CORP.LOCAL,Low,Marketing
VDR-11214,2,1,1,1,1,0,0,0,1,0,0,0,0,0,1,13,1 critical alert(s); 1 unresolved critical alert(s); 1 credential-access alert(s),5,3,3,0,0,0,2,0,0,0,0,0,High,VDR-11214,Critical,Hr
VDR-11797,2,0,1,2,0,0,1,0,1,0,0,0,2,0,1,13,1 PowerShell alert(s); 1 credential-access alert(s); 2 inactive-user event(s),0,3,0,0,2,0,2,0,0,0,6,0,High,VDR-11797,High,Legal
VDR-12058,2,2,0,1,1,0,0,0,0,0,0,0,0,0,1,13,2 critical alert(s); 1 unresolved critical alert(s),10,0,3,0,0,0,0,0,0,0,0,0,High,VDR-12058,Low,Business Sales
VDR-12160,2,1,0,2,1,1,1,0,0,0,0,0,0,0,1,13,1 critical alert(s); 1 unresolved critical alert(s); 1 malware/ransomware alert(s); 1 PowerShell alert(s),5,0,3,3,2,0,0,0,0,0,0,0,High,VDR-12160,High,It Support
VDR-12184,2,0,0,1,0,1,1,0,0,0,0,0,2,2,1,13,1 malware/ransomware alert(s); 1 PowerShell alert(s); 2 inactive-user event(s); 2 identity review concern(s),0,0,0,3,2,0,0,0,0,0,6,2,High,VDR-12184,Medium,Ops Team
VDR-12696,2,1,0,2,1,1,0,0,0,0,1,1,0,0,1,13,1 critical alert(s); 1 unresolved critical alert(s); 1 malware/ransomware alert(s),5,0,3,3,0,0,0,0,1,1,0,0,High,VDR-12696,Low,Mktg
WS-10995,2,0,0,1,0,1,0,0,1,0,0,0,2,2,1,13,1 malware/ransomware alert(s); 1 credential-access alert(s); 2 inactive-user event(s); 2 identity review concern(s),0,0,0,3,0,0,2,0,0,0,6,2,High,WS-10995,Critical,Sales
WS-11192,2,0,1,0,0,0,1,1,0,0,0,0,2,0,1,13,1 PowerShell alert(s); 1 lateral-movement alert(s); 2 inactive-user event(s),0,3,0,0,2,2,0,0,0,0,6,0,High,WS-11192,Medium,Information Tech
WS-12188,2,0,1,2,0,0,0,1,1,0,0,0,2,0,1,13,1 lateral-movement alert(s); 1 credential-access alert(s); 2 inactive-user event(s),0,3,0,0,0,2,2,0,0,0,6,0,High,WS-12188,Low,Rd
WS-12232,2,0,2,2,0,0,0,0,0,0,1,0,2,0,1,13,2 inactive-user event(s),0,6,0,0,0,0,0,0,1,0,6,0,High,WS-12232,Critical,Operations Dept
WS-12449,2,0,2,2,0,1,0,1,0,0,0,0,0,2,1,13,1 malware/ransomware alert(s); 1 lateral-movement alert(s); 2 identity review concern(s),0,6,0,3,0,2,0,0,0,0,0,2,High,WS-12449,Critical,Procurement Team
WS-12623.CORP.LOCAL,2,0,2,1,0,1,0,1,0,0,0,0,0,2,1,13,1 malware/ransomware alert(s); 1 lateral-movement alert(s); 2 identity review concern(s),0,6,0,3,0,2,0,0,0,0,0,2,High,WS-12623.CORP.LOCAL,High,Procurement
WS-12726,2,1,0,2,1,1,1,0,0,0,0,0,0,0,1,13,1 critical alert(s); 1 unresolved critical alert(s); 1 malware/ransomware alert(s); 1 PowerShell alert(s),5,0,3,3,2,0,0,0,0,0,0,0,High,WS-12726,Medium,Information Technology
LPT-12840.CORP.LOCAL,1,1,0,1,1,0,0,0,0,0,1,0,1,1,1,13,1 critical alert(s); 1 unresolved critical alert(s); 1 inactive-user event(s); 1 identity review concern(s),5,0,3,0,0,0,0,0,1,0,3,1,High,LPT-12840.CORP.LOCAL,Medium,Call Center
MISSING_HOST::EMP10021,1,1,0,1,1,1,0,0,0,0,0,1,0,1,1,13,1 critical alert(s); 1 unresolved critical alert(s); 1 malware/ransomware alert(s); 1 identity review concern(s),5,0,3,3,0,0,0,0,0,1,0,1,High,,,It
VDR-11042.CORP.LOCAL,1,1,0,1,1,0,0,0,0,0,1,0,1,1,1,13,1 critical alert(s); 1 unresolved critical alert(s); 1 inactive-user event(s); 1 identity review concern(s),5,0,3,0,0,0,0,0,1,0,3,1,High,VDR-11042.CORP.LOCAL,Medium,Finance Dept
VDR-11797.CORP.LOCAL,1,1,0,1,1,0,0,0,0,0,1,0,1,1,1,13,1 critical alert(s); 1 unresolved critical alert(s); 1 inactive-user event(s); 1 identity review concern(s),5,0,3,0,0,0,0,0,1,0,3,1,High,VDR-11797.CORP.LOCAL,High,Legal
VDR-12333,1,1,0,1,1,0,0,0,1,0,0,0,1,0,1,13,1 critical alert(s); 1 unresolved critical alert(s); 1 credential-access alert(s); 1 inactive-user event(s),5,0,3,0,0,0,2,0,0,0,3,0,High,VDR-12333,Critical,Human Resource
WS-10297,1,1,0,1,1,0,0,0,1,0,0,0,1,0,1,13,1 critical alert(s); 1 unresolved critical alert(s); 1 credential-access alert(s); 1 inactive-user event(s),5,0,3,0,0,0,2,0,0,0,3,0,High,WS-10297,Medium,Supply Chain
LPT-11335,6,0,0,4,0,1,1,2,1,0,1,0,0,0,1,12,1 malware/ransomware alert(s); 1 PowerShell alert(s); 2 lateral-movement alert(s); 1 credential-access alert(s),0,0,0,3,2,4,2,0,1,0,0,0,High,LPT-11335,High,Procurement
WS-11006,6,0,0,0,0,3,0,1,0,0,1,0,0,0,1,12,3 malware/ransomware alert(s); 1 lateral-movement alert(s),0,0,0,9,0,2,0,0,1,0,0,0,High,WS-11006,Critical,Operations
VDR-10597,5,0,1,3,0,1,0,1,1,0,2,0,0,0,1,12,1 malware/ransomware alert(s); 1 lateral-movement alert(s); 1 credential-access alert(s),0,3,0,3,0,2,2,0,2,0,0,0,High,VDR-10597,High,People Team
VDR-11712,5,0,0,3,0,2,3,0,0,0,0,0,0,0,1,12,2 malware/ransomware alert(s); 3 PowerShell alert(s),0,0,0,6,6,0,0,0,0,0,0,0,High,VDR-11712,Low,Information Tech
WS-10365,5,0,1,3,0,2,0,0,0,0,3,0,0,0,1,12,2 malware/ransomware alert(s),0,3,0,6,0,0,0,0,3,0,0,0,High,WS-10365,Low,Legal
WS-10371,5,0,1,3,0,1,2,1,0,0,0,0,0,0,1,12,1 malware/ransomware alert(s); 2 PowerShell alert(s); 1 lateral-movement alert(s),0,3,0,3,4,2,0,0,0,0,0,0,High,WS-10371,Low,Finance Dept
WS-11503,5,0,0,3,0,2,1,1,1,0,0,0,0,0,1,12,2 malware/ransomware alert(s); 1 PowerShell alert(s); 1 lateral-movement alert(s); 1 credential-access alert(s),0,0,0,6,2,2,2,0,0,0,0,0,High,WS-11503,Medium,Support
WS-11769,5,0,1,3,0,1,1,1,0,0,2,0,0,0,1,12,1 malware/ransomware alert(s); 1 PowerShell alert(s); 1 lateral-movement alert(s),0,3,0,3,2,2,0,0,2,0,0,0,High,WS-11769,Medium,Information Technology
LPT-10080,4,0,2,2,0,0,1,0,2,0,0,0,0,0,1,12,1 PowerShell alert(s); 2 credential-access alert(s),0,6,0,0,2,0,4,0,0,0,0,0,High,LPT-10080,High,Supply Chain
LPT-10872,4,1,0,3,0,1,1,0,0,0,2,0,0,0,1,12,1 critical alert(s); 1 malware/ransomware alert(s); 1 PowerShell alert(s),5,0,0,3,2,0,0,0,2,0,0,0,High,LPT-10872,Low,Rd
LPT-11148,4,0,0,3,0,2,1,0,0,0,0,0,0,4,1,12,2 malware/ransomware alert(s); 1 PowerShell alert(s); 4 identity review concern(s),0,0,0,6,2,0,0,0,0,0,0,4,High,LPT-11148,Medium,Human Resource
LPT-11357,4,0,1,3,0,2,0,1,0,0,1,0,0,0,1,12,2 malware/ransomware alert(s); 1 lateral-movement alert(s),0,3,0,6,0,2,0,0,1,0,0,0,High,LPT-11357,Critical,Compliance
LPT-11678,4,0,1,2,0,1,2,0,0,0,1,1,0,0,1,12,1 malware/ransomware alert(s); 2 PowerShell alert(s),0,3,0,3,4,0,0,0,1,1,0,0,High,LPT-11678,Medium,Customer Support
LPT-12877,4,0,2,4,0,0,1,1,1,0,0,0,0,0,1,12,1 PowerShell alert(s); 1 lateral-movement alert(s); 1 credential-access alert(s),0,6,0,0,2,2,2,0,0,0,0,0,High,LPT-12877,High,Mktg
VDR-10248,4,0,0,4,0,4,0,0,0,0,0,0,0,0,1,12,4 malware/ransomware alert(s),0,0,0,12,0,0,0,0,0,0,0,0,High,VDR-10248,Low,Customer Care
VDR-10925,4,0,1,4,0,1,1,1,1,0,0,0,0,0,1,12,1 malware/ransomware alert(s); 1 PowerShell alert(s); 1 lateral-movement alert(s); 1 credential-access alert(s),0,3,0,3,2,2,2,0,0,0,0,0,High,VDR-10925,Medium,Purchase
VDR-10992,4,0,1,3,0,1,1,2,0,0,0,0,0,0,1,12,1 malware/ransomware alert(s); 1 PowerShell alert(s); 2 lateral-movement alert(s),0,3,0,3,2,4,0,0,0,0,0,0,High,VDR-10992,Medium,Purchase
VDR-11117,4,0,0,2,0,2,0,1,0,0,0,0,0,4,1,12,2 malware/ransomware alert(s); 1 lateral-movement alert(s); 4 identity review concern(s),0,0,0,6,0,2,0,0,0,0,0,4,High,VDR-11117,High,
VDR-11169,4,0,1,4,0,2,0,0,1,0,1,0,0,0,1,12,2 malware/ransomware alert(s); 1 credential-access alert(s),0,3,0,6,0,0,2,0,1,0,0,0,High,VDR-11169,High,Operations
VDR-11525,4,0,1,2,0,3,0,0,0,0,0,0,0,0,1,12,3 malware/ransomware alert(s),0,3,0,9,0,0,0,0,0,0,0,0,High,VDR-11525,Critical,Procurement
VDR-12395,4,1,0,2,0,0,2,0,1,0,1,0,0,0,1,12,1 critical alert(s); 2 PowerShell alert(s); 1 credential-access alert(s),5,0,0,0,4,0,2,0,1,0,0,0,High,VDR-12395,Low,It Support
VDR-12451,4,0,1,3,0,2,1,0,0,0,1,0,0,0,1,12,2 malware/ransomware alert(s); 1 PowerShell alert(s),0,3,0,6,2,0,0,0,1,0,0,0,High,VDR-12451,Critical,Purch
VDR-12564,4,0,0,3,0,2,0,0,2,0,0,2,0,0,1,12,2 malware/ransomware alert(s); 2 credential-access alert(s),0,0,0,6,0,0,4,0,0,2,0,0,High,VDR-12564,Medium,Brand Team
VDR-12966,4,0,1,2,0,3,0,0,0,0,0,0,0,0,1,12,3 malware/ransomware alert(s),0,3,0,9,0,0,0,0,0,0,0,0,High,VDR-12966,Low,Finance
WS-10389,4,0,1,1,0,2,0,1,0,0,1,0,0,0,1,12,2 malware/ransomware alert(s); 1 lateral-movement alert(s),0,3,0,6,0,2,0,0,1,0,0,0,High,WS-10389,Critical,Sales
WS-10569,4,0,1,4,0,1,1,1,1,0,0,0,0,0,1,12,1 malware/ransomware alert(s); 1 PowerShell alert(s); 1 lateral-movement alert(s); 1 credential-access alert(s),0,3,0,3,2,2,2,0,0,0,0,0,High,WS-10569,Medium,It
WS-10794,4,0,0,1,0,1,1,1,0,0,1,0,0,4,1,12,1 malware/ransomware alert(s); 1 PowerShell alert(s); 1 lateral-movement alert(s); 4 identity review concern(s),0,0,0,3,2,2,0,0,1,0,0,4,High,WS-10794,High,
WS-10841,4,0,1,3,0,1,1,1,1,0,0,0,0,0,1,12,1 malware/ransomware alert(s); 1 PowerShell alert(s); 1 lateral-movement alert(s); 1 credential-access alert(s),0,3,0,3,2,2,2,0,0,0,0,0,High,WS-10841,Critical,It
WS-10918,4,0,1,1,0,1,1,0,2,0,0,0,0,0,1,12,1 malware/ransomware alert(s); 1 PowerShell alert(s); 2 credential-access alert(s),0,3,0,3,2,0,4,0,0,0,0,0,High,WS-10918,Low,Ops
WS-11545,4,0,2,1,0,0,1,2,0,0,0,0,0,0,1,12,1 PowerShell alert(s); 2 lateral-movement alert(s),0,6,0,0,2,4,0,0,0,0,0,0,High,WS-11545,Critical,Purch
WS-12118,4,0,1,2,0,2,0,0,1,0,1,0,0,0,1,12,2 malware/ransomware alert(s); 1 credential-access alert(s),0,3,0,6,0,0,2,0,1,0,0,0,High,WS-12118,Medium,Information Tech
WS-12477,4,0,0,4,0,1,1,1,0,0,1,0,0,4,1,12,1 malware/ransomware alert(s); 1 PowerShell alert(s); 1 lateral-movement alert(s); 4 identity review concern(s),0,0,0,3,2,2,0,0,1,0,0,4,High,WS-12477,Medium,
WS-12501,4,0,1,3,0,1,0,2,1,0,0,0,0,0,1,12,1 malware/ransomware alert(s); 2 lateral-movement alert(s); 1 credential-access alert(s),0,3,0,3,0,4,2,0,0,0,0,0,High,WS-12501,Medium,Marketing
WS-12589,4,0,1,2,0,2,0,0,1,0,1,0,0,0,1,12,2 malware/ransomware alert(s); 1 credential-access alert(s),0,3,0,6,0,0,2,0,1,0,0,0,High,WS-12589,High,Mktg
WS-12717,4,0,1,3,0,1,1,2,0,0,0,0,0,0,1,12,1 malware/ransomware alert(s); 1 PowerShell alert(s); 2 lateral-movement alert(s),0,3,0,3,2,4,0,0,0,0,0,0,High,WS-12717,Medium,Fin
LPT-10133,3,1,0,2,1,0,1,0,1,0,0,0,0,0,1,12,1 critical alert(s); 1 unresolved critical alert(s); 1 PowerShell alert(s); 1 credential-access alert(s),5,0,3,0,2,0,2,0,0,0,0,0,High,LPT-10133,High,Procurement
LPT-11005,3,0,1,2,0,2,0,0,0,0,0,0,0,3,1,12,2 malware/ransomware alert(s); 3 identity review concern(s),0,3,0,6,0,0,0,0,0,0,0,3,High,LPT-11005,Medium,
LPT-11282,3,0,2,2,0,0,1,2,0,0,0,0,0,0,1,12,1 PowerShell alert(s); 2 lateral-movement alert(s),0,6,0,0,2,4,0,0,0,0,0,0,High,LPT-11282,Medium,Mkt
LPT-11721,3,0,2,2,0,1,0,0,1,0,1,0,0,0,1,12,1 malware/ransomware alert(s); 1 credential-access alert(s),0,6,0,3,0,0,2,0,1,0,0,0,High,LPT-11721,High,It
LPT-11788,3,0,2,2,0,2,0,0,0,0,0,0,0,0,1,12,2 malware/ransomware alert(s),0,6,0,6,0,0,0,0,0,0,0,0,High,LPT-11788,Medium,Mktg
LPT-12060,3,0,0,0,0,0,0,0,1,0,1,0,3,0,1,12,1 credential-access alert(s); 3 inactive-user event(s),0,0,0,0,0,0,2,0,1,0,9,0,High,LPT-12060,Low,Cs
LPT-12263,3,0,2,2,0,1,0,0,1,0,1,0,0,0,1,12,1 malware/ransomware alert(s); 1 credential-access alert(s),0,6,0,3,0,0,2,0,1,0,0,0,High,LPT-12263,Medium,Finance
LPT-12298,3,0,0,3,0,0,1,0,0,0,1,0,3,0,1,12,1 PowerShell alert(s); 3 inactive-user event(s),0,0,0,0,2,0,0,0,1,0,9,0,High,LPT-12298,Critical,Compliance
LPT-12323,3,1,0,1,0,2,0,0,0,0,1,0,0,0,1,12,1 critical alert(s); 2 malware/ransomware alert(s),5,0,0,6,0,0,0,0,1,0,0,0,High,LPT-12323,High,Sales Dept
LPT-12329,3,1,1,2,0,1,0,0,0,0,1,0,0,0,1,12,1 critical alert(s); 1 malware/ransomware alert(s),5,3,0,3,0,0,0,0,1,0,0,0,High,LPT-12329,Medium,Business Sales
LPT-12522,3,0,1,3,0,3,0,0,0,0,0,0,0,0,1,12,3 malware/ransomware alert(s),0,3,0,9,0,0,0,0,0,0,0,0,High,LPT-12522,High,Sales Dept
LPT-12617,3,1,0,2,0,1,0,1,1,0,0,0,0,0,1,12,1 critical alert(s); 1 malware/ransomware alert(s); 1 lateral-movement alert(s); 1 credential-access alert(s),5,0,0,3,0,2,2,0,0,0,0,0,High,LPT-12617,Medium,Legal Dept
LPT-12743,3,1,1,1,0,0,0,0,1,0,2,0,0,0,1,12,1 critical alert(s); 1 credential-access alert(s),5,3,0,0,0,0,2,0,2,0,0,0,High,LPT-12743,Critical,Procurement Team
VDR-10057,3,0,1,2,0,3,0,0,0,0,0,0,0,0,1,12,3 malware/ransomware alert(s),0,3,0,9,0,0,0,0,0,0,0,0,High,VDR-10057,Low,Mktg
VDR-10501,3,0,1,3,0,0,0,0,0,0,0,0,3,0,1,12,3 inactive-user event(s),0,3,0,0,0,0,0,0,0,0,9,0,High,VDR-10501,Critical,Hr Dept
VDR-11179,3,0,2,3,0,1,0,0,1,0,1,0,0,0,1,12,1 malware/ransomware alert(s); 1 credential-access alert(s),0,6,0,3,0,0,2,0,1,0,0,0,High,VDR-11179,Medium,Customer Support
VDR-11201,3,0,1,3,0,0,0,0,3,0,0,0,0,3,1,12,3 credential-access alert(s); 3 identity review concern(s),0,3,0,0,0,0,6,0,0,0,0,3,High,VDR-11201,Critical,Finance Dept
VDR-11602,3,0,2,1,0,1,0,0,1,0,1,0,0,0,1,12,1 malware/ransomware alert(s); 1 credential-access alert(s),0,6,0,3,0,0,2,0,1,0,0,0,High,VDR-11602,Low,Ops Team
VDR-12216,3,0,1,2,0,0,0,0,0,0,0,0,3,0,1,12,3 inactive-user event(s),0,3,0,0,0,0,0,0,0,0,9,0,High,VDR-12216,Medium,Customer Support
VDR-12367,3,1,0,1,0,1,0,0,2,0,0,0,0,0,1,12,1 critical alert(s); 1 malware/ransomware alert(s); 2 credential-access alert(s),5,0,0,3,0,0,4,0,0,0,0,0,High,VDR-12367,Critical,Procurement Team
VDR-12610,3,0,1,3,0,3,0,0,0,0,0,0,0,0,1,12,3 malware/ransomware alert(s),0,3,0,9,0,0,0,0,0,0,0,0,High,VDR-12610,Medium,Cs
VDR-12777,3,0,2,3,0,0,1,1,1,0,0,0,0,0,1,12,1 PowerShell alert(s); 1 lateral-movement alert(s); 1 credential-access alert(s),0,6,0,0,2,2,2,0,0,0,0,0,High,VDR-12777,High,Rnd
WS-10579,3,0,2,2,0,0,0,0,0,0,3,0,0,3,1,12,3 identity review concern(s),0,6,0,0,0,0,0,0,3,0,0,3,High,WS-10579,,Information Tech
WS-10721,3,0,2,3,0,1,0,0,1,0,0,1,0,0,1,12,1 malware/ransomware alert(s); 1 credential-access alert(s),0,6,0,3,0,0,2,0,0,1,0,0,High,WS-10721,High,Mktg
WS-10819,3,0,2,3,0,1,0,0,1,0,1,0,0,0,1,12,1 malware/ransomware alert(s); 1 credential-access alert(s),0,6,0,3,0,0,2,0,1,0,0,0,High,WS-10819,Critical,Procurement
WS-11018,3,0,2,3,0,0,1,1,1,0,0,0,0,0,1,12,1 PowerShell alert(s); 1 lateral-movement alert(s); 1 credential-access alert(s),0,6,0,0,2,2,2,0,0,0,0,0,High,WS-11018,Medium,Finance Dept
WS-11295,3,1,0,2,1,1,0,0,0,0,1,0,0,0,1,12,1 critical alert(s); 1 unresolved critical alert(s); 1 malware/ransomware alert(s),5,0,3,3,0,0,0,0,1,0,0,0,High,WS-11295,High,Legal
WS-11461,3,0,1,1,0,3,0,0,0,0,0,0,0,0,1,12,3 malware/ransomware alert(s),0,3,0,9,0,0,0,0,0,0,0,0,High,WS-11461,High,Operations
WS-11624,3,0,2,0,0,0,1,0,0,0,1,0,0,3,1,12,1 PowerShell alert(s); 3 identity review concern(s),0,6,0,0,2,0,0,0,1,0,0,3,High,WS-11624,High,Business Sales
WS-11806,3,1,0,2,1,0,0,0,1,0,2,0,0,0,1,12,1 critical alert(s); 1 unresolved critical alert(s); 1 credential-access alert(s),5,0,3,0,0,0,2,0,2,0,0,0,High,WS-11806,Medium,Fin
WS-11847,3,1,0,3,1,0,1,1,0,0,0,0,0,0,1,12,1 critical alert(s); 1 unresolved critical alert(s); 1 PowerShell alert(s); 1 lateral-movement alert(s),5,0,3,0,2,2,0,0,0,0,0,0,High,WS-11847,Low,Marketing Dept
WS-12555,3,0,0,2,0,0,0,1,0,0,1,0,3,0,1,12,1 lateral-movement alert(s); 3 inactive-user event(s),0,0,0,0,0,2,0,0,1,0,9,0,High,WS-12555,High,Legal Dept
WS-12794,3,0,2,2,0,2,0,0,0,0,0,0,0,0,1,12,2 malware/ransomware alert(s),0,6,0,6,0,0,0,0,0,0,0,0,High,WS-12794,Critical,People Team
LPT-10345,2,1,1,1,0,1,0,0,0,0,1,0,0,0,1,12,1 critical alert(s); 1 malware/ransomware alert(s),5,3,0,3,0,0,0,0,1,0,0,0,High,LPT-10345,Low,Finance
LPT-10384,2,1,0,1,1,0,2,0,0,0,0,0,0,0,1,12,1 critical alert(s); 1 unresolved critical alert(s); 2 PowerShell alert(s),5,0,3,0,4,0,0,0,0,0,0,0,High,LPT-10384,Low,Accounts
LPT-10763.CORP.LOCAL,2,0,0,0,0,0,0,0,2,0,0,0,2,2,1,12,2 credential-access alert(s); 2 inactive-user event(s); 2 identity review concern(s),0,0,0,0,0,0,4,0,0,0,6,2,High,LPT-10763.CORP.LOCAL,High,Purch
LPT-11222,2,1,0,2,1,0,1,1,0,0,0,0,0,0,1,12,1 critical alert(s); 1 unresolved critical alert(s); 1 PowerShell alert(s); 1 lateral-movement alert(s),5,0,3,0,2,2,0,0,0,0,0,0,High,LPT-11222,Low,Human Resources
LPT-11626,2,0,0,1,0,0,0,0,2,0,0,0,2,2,1,12,2 credential-access alert(s); 2 inactive-user event(s); 2 identity review concern(s),0,0,0,0,0,0,4,0,0,0,6,2,High,LPT-11626,Medium,It Support
LPT-11726,2,0,1,2,0,0,1,0,0,0,1,0,2,0,1,12,1 PowerShell alert(s); 2 inactive-user event(s),0,3,0,0,2,0,0,0,1,0,6,0,High,LPT-11726,Low,Purchase
LPT-12239,2,1,0,1,0,1,0,0,1,0,0,0,0,2,1,12,1 critical alert(s); 1 malware/ransomware alert(s); 1 credential-access alert(s); 2 identity review concern(s),5,0,0,3,0,0,2,0,0,0,0,2,High,LPT-12239,Low,Brand Team
LPT-12250,2,0,0,2,0,0,1,0,1,0,0,0,2,2,1,12,1 PowerShell alert(s); 1 credential-access alert(s); 2 inactive-user event(s); 2 identity review concern(s),0,0,0,0,2,0,2,0,0,0,6,2,High,LPT-12250,Medium,Operations
LPT-12408,2,1,0,2,1,0,0,0,2,0,0,0,0,0,1,12,1 critical alert(s); 1 unresolved critical alert(s); 2 credential-access alert(s),5,0,3,0,0,0,4,0,0,0,0,0,High,LPT-12408,Medium,Supply Chain
LPT-12609,2,1,0,1,0,1,0,1,0,0,0,0,0,2,1,12,1 critical alert(s); 1 malware/ransomware alert(s); 1 lateral-movement alert(s); 2 identity review concern(s),5,0,0,3,0,2,0,0,0,0,0,2,High,LPT-12609,Medium,Compliance
LPT-12731,2,1,0,2,1,0,0,0,0,0,2,0,0,2,1,12,1 critical alert(s); 1 unresolved critical alert(s); 2 identity review concern(s),5,0,3,0,0,0,0,0,2,0,0,2,High,LPT-12731,Medium,Purchase
LPT-12824,2,0,0,2,0,2,0,0,0,0,0,0,2,0,1,12,2 malware/ransomware alert(s); 2 inactive-user event(s),0,0,0,6,0,0,0,0,0,0,6,0,High,LPT-12824,Medium,Operations Dept
MISSING_HOST::EMP10166,2,0,0,0,0,0,0,0,2,0,0,0,2,2,1,12,2 credential-access alert(s); 2 inactive-user event(s); 2 identity review concern(s),0,0,0,0,0,0,4,0,0,0,6,2,High,,Low,Mktg
MISSING_HOST::EMP11815,2,1,1,0,0,0,0,0,0,0,2,0,0,2,1,12,1 critical alert(s); 2 identity review concern(s),5,3,0,0,0,0,0,0,2,0,0,2,High,,Critical,Sales
MISSING_HOST::EMP11961,2,0,0,0,0,0,2,0,0,0,0,0,2,2,1,12,2 PowerShell alert(s); 2 inactive-user event(s); 2 identity review concern(s),0,0,0,0,4,0,0,0,0,0,6,2,High,,High,Cs
VDR-10154,2,0,0,1,0,1,0,0,0,0,1,0,2,2,1,12,1 malware/ransomware alert(s); 2 inactive-user event(s); 2 identity review concern(s),0,0,0,3,0,0,0,0,1,0,6,2,High,VDR-10154,Medium,Ops
VDR-10179,2,0,0,2,0,1,0,0,1,0,0,1,2,0,1,12,1 malware/ransomware alert(s); 1 credential-access alert(s); 2 inactive-user event(s),0,0,0,3,0,0,2,0,0,1,6,0,High,VDR-10179,High,Finance
VDR-10233,2,0,0,0,0,2,0,0,0,0,0,0,2,0,1,12,2 malware/ransomware alert(s); 2 inactive-user event(s),0,0,0,6,0,0,0,0,0,0,6,0,High,VDR-10233,High,Business Sales
VDR-10421.CORP.LOCAL,2,1,0,1,0,1,0,1,0,0,0,0,0,2,1,12,1 critical alert(s); 1 malware/ransomware alert(s); 1 lateral-movement alert(s); 2 identity review concern(s),5,0,0,3,0,2,0,0,0,0,0,2,High,VDR-10421.CORP.LOCAL,Critical,It Dept
VDR-10484,2,1,0,1,1,1,0,0,0,0,1,0,0,0,1,12,1 critical alert(s); 1 unresolved critical alert(s); 1 malware/ransomware alert(s),5,0,3,3,0,0,0,0,1,0,0,0,High,VDR-10484,High,Supply Chain
VDR-10754,2,0,0,1,0,2,0,0,0,0,0,0,2,0,1,12,2 malware/ransomware alert(s); 2 inactive-user event(s),0,0,0,6,0,0,0,0,0,0,6,0,High,VDR-10754,High,Accounts
VDR-10776.CORP.LOCAL,2,0,2,2,0,0,2,0,0,0,0,0,0,2,1,12,2 PowerShell alert(s); 2 identity review concern(s),0,6,0,0,4,0,0,0,0,0,0,2,High,VDR-10776.CORP.LOCAL,Critical,Ops
VDR-10929,2,1,0,1,1,0,1,1,0,0,0,0,0,0,1,12,1 critical alert(s); 1 unresolved critical alert(s); 1 PowerShell alert(s); 1 lateral-movement alert(s),5,0,3,0,2,2,0,0,0,0,0,0,High,VDR-10929,High,Mktg
VDR-11021,2,1,0,2,1,0,1,0,1,0,0,0,0,0,1,12,1 critical alert(s); 1 unresolved critical alert(s); 1 PowerShell alert(s); 1 credential-access alert(s),5,0,3,0,2,0,2,0,0,0,0,0,High,VDR-11021,Low,Information Technology
VDR-11449,2,0,0,1,0,0,1,1,0,0,0,0,2,2,1,12,1 PowerShell alert(s); 1 lateral-movement alert(s); 2 inactive-user event(s); 2 identity review concern(s),0,0,0,0,2,2,0,0,0,0,6,2,High,VDR-11449,,Compliance
VDR-11588,2,1,0,1,1,1,0,0,0,0,1,0,0,0,1,12,1 critical alert(s); 1 unresolved critical alert(s); 1 malware/ransomware alert(s),5,0,3,3,0,0,0,0,1,0,0,0,High,VDR-11588,High,R&D
VDR-11832,2,0,0,1,0,2,0,0,0,0,0,0,2,0,1,12,2 malware/ransomware alert(s); 2 inactive-user event(s),0,0,0,6,0,0,0,0,0,0,6,0,High,VDR-11832,Critical,Rd
VDR-11943.CORP.LOCAL,2,0,0,2,0,0,0,2,0,0,0,0,2,2,1,12,2 lateral-movement alert(s); 2 inactive-user event(s); 2 identity review concern(s),0,0,0,0,0,4,0,0,0,0,6,2,High,VDR-11943.CORP.LOCAL,Critical,Hr
VDR-12415,2,1,1,1,0,1,0,0,0,0,1,0,0,0,1,12,1 critical alert(s); 1 malware/ransomware alert(s),5,3,0,3,0,0,0,0,1,0,0,0,High,VDR-12415,Critical,Information Tech
VDR-12490,2,0,1,2,0,0,0,0,1,0,1,0,2,0,1,12,1 credential-access alert(s); 2 inactive-user event(s),0,3,0,0,0,0,2,0,1,0,6,0,High,VDR-12490,Critical,Hr Dept
VDR-12627,2,0,2,2,0,0,0,1,1,0,0,0,0,2,1,12,1 lateral-movement alert(s); 1 credential-access alert(s); 2 identity review concern(s),0,6,0,0,0,2,2,0,0,0,0,2,High,VDR-12627,Critical,Marketing
VDR-12894,2,0,2,2,0,2,0,0,0,0,0,0,0,0,1,12,2 malware/ransomware alert(s),0,6,0,6,0,0,0,0,0,0,0,0,High,VDR-12894,High,Legal Dept
VDR-12896,2,1,0,1,0,1,1,0,0,0,0,0,0,2,1,12,1 critical alert(s); 1 malware/ransomware alert(s); 1 PowerShell alert(s); 2 identity review concern(s),5,0,0,3,2,0,0,0,0,0,0,2,High,VDR-12896,Medium,Legal Dept
VDR-12926,2,1,0,1,1,0,1,1,0,0,0,0,0,0,1,12,1 critical alert(s); 1 unresolved critical alert(s); 1 PowerShell alert(s); 1 lateral-movement alert(s),5,0,3,0,2,2,0,0,0,0,0,0,High,VDR-12926,Low,Sales
WS-10256.CORP.LOCAL,2,0,0,2,0,0,2,0,0,0,0,0,2,2,1,12,2 PowerShell alert(s); 2 inactive-user event(s); 2 identity review concern(s),0,0,0,0,4,0,0,0,0,0,6,2,High,WS-10256.CORP.LOCAL,Medium,Rnd
WS-10313,2,0,2,1,0,2,0,0,0,0,0,0,0,0,1,12,2 malware/ransomware alert(s),0,6,0,6,0,0,0,0,0,0,0,0,High,WS-10313,High,Rnd
WS-10564,2,1,0,0,0,1,1,0,0,0,0,0,0,2,1,12,1 critical alert(s); 1 malware/ransomware alert(s); 1 PowerShell alert(s); 2 identity review concern(s),5,0,0,3,2,0,0,0,0,0,0,2,High,WS-10564,Low,Purch
WS-10928,2,0,2,0,0,2,0,0,0,0,0,0,0,0,1,12,2 malware/ransomware alert(s),0,6,0,6,0,0,0,0,0,0,0,0,High,WS-10928,Low,Sales Dept
WS-10991,2,0,1,2,0,0,1,0,0,0,1,0,2,0,1,12,1 PowerShell alert(s); 2 inactive-user event(s),0,3,0,0,2,0,0,0,1,0,6,0,High,WS-10991,Medium,Sales
WS-11078,2,0,0,0,0,2,0,0,0,0,0,0,2,0,1,12,2 malware/ransomware alert(s); 2 inactive-user event(s),0,0,0,6,0,0,0,0,0,0,6,0,High,WS-11078,Low,Sales Dept
WS-11111,2,1,0,2,1,0,1,1,0,0,0,0,0,0,1,12,1 critical alert(s); 1 unresolved critical alert(s); 1 PowerShell alert(s); 1 lateral-movement alert(s),5,0,3,0,2,2,0,0,0,0,0,0,High,WS-11111,High,Accounts
WS-11320,2,0,2,0,0,2,0,0,0,0,0,0,0,0,1,12,2 malware/ransomware alert(s),0,6,0,6,0,0,0,0,0,0,0,0,High,WS-11320,,Customer Care
WS-11383,2,1,1,1,1,0,0,0,0,0,1,0,0,0,1,12,1 critical alert(s); 1 unresolved critical alert(s),5,3,3,0,0,0,0,0,1,0,0,0,High,WS-11383,Critical,Information Tech
WS-11391,2,0,0,1,0,2,0,0,0,0,0,0,2,0,1,12,2 malware/ransomware alert(s); 2 inactive-user event(s),0,0,0,6,0,0,0,0,0,0,6,0,High,WS-11391,High,Hr Dept
WS-11391.CORP.LOCAL,2,0,0,0,0,0,0,0,2,0,0,0,2,2,1,12,2 credential-access alert(s); 2 inactive-user event(s); 2 identity review concern(s),0,0,0,0,0,0,4,0,0,0,6,2,High,WS-11391.CORP.LOCAL,Critical,Hr Dept
WS-11467,2,1,0,2,1,1,0,0,0,0,1,0,0,0,1,12,1 critical alert(s); 1 unresolved critical alert(s); 1 malware/ransomware alert(s),5,0,3,3,0,0,0,0,1,0,0,0,High,WS-11467,High,Information Technology
WS-11944,2,1,0,2,1,0,0,1,1,0,0,0,0,0,1,12,1 critical alert(s); 1 unresolved critical alert(s); 1 lateral-movement alert(s); 1 credential-access alert(s),5,0,3,0,0,2,2,0,0,0,0,0,High,WS-11944,Low,Finance Dept
WS-12175,2,0,0,1,0,2,0,0,0,0,0,0,2,0,1,12,2 malware/ransomware alert(s); 2 inactive-user event(s),0,0,0,6,0,0,0,0,0,0,6,0,High,WS-12175,Critical,Innovation
WS-12341.CORP.LOCAL,2,0,2,1,0,0,1,0,1,0,0,0,0,2,1,12,1 PowerShell alert(s); 1 credential-access alert(s); 2 identity review concern(s),0,6,0,0,2,0,2,0,0,0,0,2,High,WS-12341.CORP.LOCAL,Low,Hr Dept
WS-12631,2,1,0,1,1,1,0,0,0,0,1,0,0,0,1,12,1 critical alert(s); 1 unresolved critical alert(s); 1 malware/ransomware alert(s),5,0,3,3,0,0,0,0,1,0,0,0,High,WS-12631,High,Sales Team
LPT-10475,1,1,0,1,1,1,0,0,0,0,0,0,0,1,1,12,1 critical alert(s); 1 unresolved critical alert(s); 1 malware/ransomware alert(s); 1 identity review concern(s),5,0,3,3,0,0,0,0,0,0,0,1,High,LPT-10475,Low,Information Tech
LPT-10777.CORP.LOCAL,1,1,0,1,1,1,0,0,0,0,0,0,0,1,1,12,1 critical alert(s); 1 unresolved critical alert(s); 1 malware/ransomware alert(s); 1 identity review concern(s),5,0,3,3,0,0,0,0,0,0,0,1,High,LPT-10777.CORP.LOCAL,,Finance Dept
LPT-10901.CORP.LOCAL,1,1,0,1,1,0,0,1,0,0,0,1,0,1,1,12,1 critical alert(s); 1 unresolved critical alert(s); 1 lateral-movement alert(s); 1 identity review concern(s),5,0,3,0,0,2,0,0,0,1,0,1,High,LPT-10901.CORP.LOCAL,Medium,Mkt
LPT-11065.CORP.LOCAL,1,1,0,1,1,1,0,0,0,0,0,0,0,1,1,12,1 critical alert(s); 1 unresolved critical alert(s); 1 malware/ransomware alert(s); 1 identity review concern(s),5,0,3,3,0,0,0,0,0,0,0,1,High,LPT-11065.CORP.LOCAL,,Operations Dept
LPT-12296,1,1,0,1,1,1,0,0,0,0,0,0,0,1,1,12,1 critical alert(s); 1 unresolved critical alert(s); 1 malware/ransomware alert(s); 1 identity review concern(s),5,0,3,3,0,0,0,0,0,0,0,1,High,LPT-12296,Critical,Marketing Dept
MISSING_HOST::EMP10357,1,1,0,1,1,1,0,0,0,0,0,0,0,1,1,12,1 critical alert(s); 1 unresolved critical alert(s); 1 malware/ransomware alert(s); 1 identity review concern(s),5,0,3,3,0,0,0,0,0,0,0,1,High,,High,It Dept
MISSING_HOST::EMP10712,1,1,0,1,1,1,0,0,0,0,0,0,0,1,1,12,1 critical alert(s); 1 unresolved critical alert(s); 1 malware/ransomware alert(s); 1 identity review concern(s),5,0,3,3,0,0,0,0,0,0,0,1,High,,Low,Sales Dept
MISSING_HOST::EMP10889,1,1,0,1,1,1,0,0,0,0,0,0,0,1,1,12,1 critical alert(s); 1 unresolved critical alert(s); 1 malware/ransomware alert(s); 1 identity review concern(s),5,0,3,3,0,0,0,0,0,0,0,1,High,,Low,Mkt
MISSING_HOST::EMP11154,1,1,0,1,1,1,0,0,0,0,0,0,0,1,1,12,1 critical alert(s); 1 unresolved critical alert(s); 1 malware/ransomware alert(s); 1 identity review concern(s),5,0,3,3,0,0,0,0,0,0,0,1,High,,Medium,Compliance
MISSING_HOST::EMP11185,1,1,0,1,1,1,0,0,0,0,0,0,0,1,1,12,1 critical alert(s); 1 unresolved critical alert(s); 1 malware/ransomware alert(s); 1 identity review concern(s),5,0,3,3,0,0,0,0,0,0,0,1,High,,Low,Information Tech
MISSING_HOST::EMP11220,1,1,0,1,1,1,0,0,0,0,0,0,0,1,1,12,1 critical alert(s); 1 unresolved critical alert(s); 1 malware/ransomware alert(s); 1 identity review concern(s),5,0,3,3,0,0,0,0,0,0,0,1,High,,Low,Sales
MISSING_HOST::EMP11254,1,1,0,1,1,1,0,0,0,0,0,0,0,1,1,12,1 critical alert(s); 1 unresolved critical alert(s); 1 malware/ransomware alert(s); 1 identity review concern(s),5,0,3,3,0,0,0,0,0,0,0,1,High,,Medium,Hr Dept
MISSING_HOST::EMP11326,1,1,0,1,1,1,0,0,0,0,0,0,0,1,1,12,1 critical alert(s); 1 unresolved critical alert(s); 1 malware/ransomware alert(s); 1 identity review concern(s),5,0,3,3,0,0,0,0,0,0,0,1,High,,Low,Operations
MISSING_HOST::EMP11582,1,1,0,1,1,1,0,0,0,0,0,0,0,1,1,12,1 critical alert(s); 1 unresolved critical alert(s); 1 malware/ransomware alert(s); 1 identity review concern(s),5,0,3,3,0,0,0,0,0,0,0,1,High,,Low,
MISSING_HOST::EMP12241,1,1,0,1,1,1,0,0,0,0,0,0,0,1,1,12,1 critical alert(s); 1 unresolved critical alert(s); 1 malware/ransomware alert(s); 1 identity review concern(s),5,0,3,3,0,0,0,0,0,0,0,1,High,,Medium,Mkt
MISSING_HOST::EMP12366,1,1,0,1,1,1,0,0,0,0,0,0,0,1,1,12,1 critical alert(s); 1 unresolved critical alert(s); 1 malware/ransomware alert(s); 1 identity review concern(s),5,0,3,3,0,0,0,0,0,0,0,1,High,,High,Brand Team
MISSING_HOST::EMP12434,1,1,0,1,1,1,0,0,0,0,0,0,0,1,1,12,1 critical alert(s); 1 unresolved critical alert(s); 1 malware/ransomware alert(s); 1 identity review concern(s),5,0,3,3,0,0,0,0,0,0,0,1,High,,High,Sales
MISSING_HOST::EMP12968,1,1,0,1,1,1,0,0,0,0,0,0,0,1,1,12,1 critical alert(s); 1 unresolved critical alert(s); 1 malware/ransomware alert(s); 1 identity review concern(s),5,0,3,3,0,0,0,0,0,0,0,1,High,,Low,Support
VDR-10267.CORP.LOCAL,1,1,0,1,1,1,0,0,0,0,0,0,0,1,1,12,1 critical alert(s); 1 unresolved critical alert(s); 1 malware/ransomware alert(s); 1 identity review concern(s),5,0,3,3,0,0,0,0,0,0,0,1,High,VDR-10267.CORP.LOCAL,Low,People Team
VDR-10595,1,1,0,1,1,1,0,0,0,0,0,0,0,1,1,12,1 critical alert(s); 1 unresolved critical alert(s); 1 malware/ransomware alert(s); 1 identity review concern(s),5,0,3,3,0,0,0,0,0,0,0,1,High,VDR-10595,High,Cs
VDR-11731.CORP.LOCAL,1,1,0,1,1,1,0,0,0,0,0,0,0,1,1,12,1 critical alert(s); 1 unresolved critical alert(s); 1 malware/ransomware alert(s); 1 identity review concern(s),5,0,3,3,0,0,0,0,0,0,0,1,High,VDR-11731.CORP.LOCAL,Low,Business Sales
VDR-11929.CORP.LOCAL,1,1,0,1,1,1,0,0,0,0,0,0,0,1,1,12,1 critical alert(s); 1 unresolved critical alert(s); 1 malware/ransomware alert(s); 1 identity review concern(s),5,0,3,3,0,0,0,0,0,0,0,1,High,VDR-11929.CORP.LOCAL,High,People Team
VDR-12168.CORP.LOCAL,1,1,0,1,1,1,0,0,0,0,0,0,0,1,1,12,1 critical alert(s); 1 unresolved critical alert(s); 1 malware/ransomware alert(s); 1 identity review concern(s),5,0,3,3,0,0,0,0,0,0,0,1,High,VDR-12168.CORP.LOCAL,High,Finance
WS-10305.CORP.LOCAL,1,1,0,1,1,1,0,0,0,0,0,0,0,1,1,12,1 critical alert(s); 1 unresolved critical alert(s); 1 malware/ransomware alert(s); 1 identity review concern(s),5,0,3,3,0,0,0,0,0,0,0,1,High,WS-10305.CORP.LOCAL,Medium,Purchase
WS-11108.CORP.LOCAL,1,1,0,0,0,1,0,0,0,0,0,0,1,1,1,12,1 critical alert(s); 1 malware/ransomware alert(s); 1 inactive-user event(s); 1 identity review concern(s),5,0,0,3,0,0,0,0,0,0,3,1,High,WS-11108.CORP.LOCAL,Medium,Finance
WS-11477,1,1,0,1,1,1,0,0,0,0,0,0,0,1,1,12,1 critical alert(s); 1 unresolved critical alert(s); 1 malware/ransomware alert(s); 1 identity review concern(s),5,0,3,3,0,0,0,0,0,0,0,1,High,WS-11477,Low,Ops Team
WS-11885.CORP.LOCAL,1,1,0,1,1,1,0,0,0,0,0,0,0,1,1,12,1 critical alert(s); 1 unresolved critical alert(s); 1 malware/ransomware alert(s); 1 identity review concern(s),5,0,3,3,0,0,0,0,0,0,0,1,High,WS-11885.CORP.LOCAL,Low,Purchase
WS-12855.CORP.LOCAL,1,1,0,1,1,1,0,0,0,0,0,0,0,1,1,12,1 critical alert(s); 1 unresolved critical alert(s); 1 malware/ransomware alert(s); 1 identity review concern(s),5,0,3,3,0,0,0,0,0,0,0,1,High,WS-12855.CORP.LOCAL,Medium,Operations
LPT-10420,7,0,0,5,0,2,0,1,1,0,1,0,0,0,1,11,2 malware/ransomware alert(s); 1 lateral-movement alert(s); 1 credential-access alert(s),0,0,0,6,0,2,2,0,1,0,0,0,High,LPT-10420,Medium,Business Sales
LPT-11714,5,0,0,2,0,2,1,0,0,0,2,1,0,0,1,11,2 malware/ransomware alert(s); 1 PowerShell alert(s),0,0,0,6,2,0,0,0,2,1,0,0,High,LPT-11714,High,Sales
LPT-11807,5,1,0,2,0,0,0,1,1,0,2,0,0,0,1,11,1 critical alert(s); 1 lateral-movement alert(s); 1 credential-access alert(s),5,0,0,0,0,2,2,0,2,0,0,0,High,LPT-11807,High,Business Sales
LPT-11908,5,0,1,5,0,0,0,2,2,0,0,0,0,0,1,11,2 lateral-movement alert(s); 2 credential-access alert(s),0,3,0,0,0,4,4,0,0,0,0,0,High,LPT-11908,Critical,Support
LPT-12502,5,0,2,3,0,0,0,1,1,0,1,0,0,0,1,11,1 lateral-movement alert(s); 1 credential-access alert(s),0,6,0,0,0,2,2,0,1,0,0,0,High,LPT-12502,High,Hr Dept
VDR-10350,5,0,1,5,0,2,0,1,0,0,0,0,0,0,1,11,2 malware/ransomware alert(s); 1 lateral-movement alert(s),0,3,0,6,0,2,0,0,0,0,0,0,High,VDR-10350,Critical,Finance
VDR-10462,5,0,0,2,0,3,1,0,0,0,0,0,0,0,1,11,3 malware/ransomware alert(s); 1 PowerShell alert(s),0,0,0,9,2,0,0,0,0,0,0,0,High,VDR-10462,Medium,Information Technology
VDR-11629,5,0,0,4,0,2,0,0,2,0,1,0,0,0,1,11,2 malware/ransomware alert(s); 2 credential-access alert(s),0,0,0,6,0,0,4,0,1,0,0,0,High,VDR-11629,High,Innovation
VDR-12025,5,0,1,4,0,1,0,1,1,0,1,0,0,0,1,11,1 malware/ransomware alert(s); 1 lateral-movement alert(s); 1 credential-access alert(s),0,3,0,3,0,2,2,0,1,0,0,0,High,VDR-12025,High,Rnd
LPT-10538,4,0,0,4,0,3,0,0,1,0,0,0,0,0,1,11,3 malware/ransomware alert(s); 1 credential-access alert(s),0,0,0,9,0,0,2,0,0,0,0,0,High,LPT-10538,Critical,Customer Support
LPT-11116,4,0,1,3,0,1,0,1,1,0,0,1,0,0,1,11,1 malware/ransomware alert(s); 1 lateral-movement alert(s); 1 credential-access alert(s),0,3,0,3,0,2,2,0,0,1,0,0,High,LPT-11116,Low,Call Center
LPT-11178,4,0,1,2,0,0,1,1,1,0,1,1,0,0,1,11,1 PowerShell alert(s); 1 lateral-movement alert(s); 1 credential-access alert(s),0,3,0,0,2,2,2,0,1,1,0,0,High,LPT-11178,Low,Purchase
LPT-11238,4,0,0,2,0,1,1,1,0,0,0,0,0,4,1,11,1 malware/ransomware alert(s); 1 PowerShell alert(s); 1 lateral-movement alert(s); 4 identity review concern(s),0,0,0,3,2,2,0,0,0,0,0,4,High,LPT-11238,Critical,Operations Dept
LPT-11501,4,0,2,2,0,0,2,0,0,0,1,0,0,0,1,11,2 PowerShell alert(s),0,6,0,0,4,0,0,0,1,0,0,0,High,LPT-11501,Low,Sales
LPT-11955,4,0,1,0,0,1,2,0,0,0,1,0,0,0,1,11,1 malware/ransomware alert(s); 2 PowerShell alert(s),0,3,0,3,4,0,0,0,1,0,0,0,High,LPT-11955,Medium,Accounts
LPT-12066,4,0,0,3,0,3,0,1,0,0,0,0,0,0,1,11,3 malware/ransomware alert(s); 1 lateral-movement alert(s),0,0,0,9,0,2,0,0,0,0,0,0,High,LPT-12066,Medium,Customer Care
VDR-10060,4,0,1,3,0,2,0,1,0,0,0,0,0,0,1,11,2 malware/ransomware alert(s); 1 lateral-movement alert(s),0,3,0,6,0,2,0,0,0,0,0,0,High,VDR-10060,Low,Purchase
VDR-10153,4,0,0,2,0,1,1,1,0,0,0,0,0,4,1,11,1 malware/ransomware alert(s); 1 PowerShell alert(s); 1 lateral-movement alert(s); 4 identity review concern(s),0,0,0,3,2,2,0,0,0,0,0,4,High,VDR-10153,Low,Operations
VDR-10906,4,0,0,3,0,0,0,2,1,0,1,0,0,4,1,11,2 lateral-movement alert(s); 1 credential-access alert(s); 4 identity review concern(s),0,0,0,0,0,4,2,0,1,0,0,4,High,VDR-10906,Medium,Marketing
VDR-11634,4,0,1,3,0,2,1,0,0,0,0,0,0,0,1,11,2 malware/ransomware alert(s); 1 PowerShell alert(s),0,3,0,6,2,0,0,0,0,0,0,0,High,VDR-11634,High,Mkt
VDR-11999,4,0,1,4,0,2,1,0,0,0,0,0,0,0,1,11,2 malware/ransomware alert(s); 1 PowerShell alert(s),0,3,0,6,2,0,0,0,0,0,0,0,High,VDR-11999,Critical,Innovation
VDR-12498,4,0,2,1,0,0,0,1,1,0,1,0,0,0,1,11,1 lateral-movement alert(s); 1 credential-access alert(s),0,6,0,0,0,2,2,0,1,0,0,0,High,VDR-12498,High,Innovation
WS-10045,4,0,1,3,0,0,4,0,0,0,0,0,0,0,1,11,4 PowerShell alert(s),0,3,0,0,8,0,0,0,0,0,0,0,High,WS-10045,High,Marketing
WS-10578,4,0,1,3,0,2,1,0,0,0,0,0,0,0,1,11,2 malware/ransomware alert(s); 1 PowerShell alert(s),0,3,0,6,2,0,0,0,0,0,0,0,High,WS-10578,Low,Research And Development
WS-10868,4,0,0,2,0,0,1,1,1,0,1,0,0,4,1,11,1 PowerShell alert(s); 1 lateral-movement alert(s); 1 credential-access alert(s); 4 identity review concern(s),0,0,0,0,2,2,2,0,1,0,0,4,High,WS-10868,Low,Information Tech
WS-11538,4,0,0,3,0,3,0,1,0,0,0,0,0,0,1,11,3 malware/ransomware alert(s); 1 lateral-movement alert(s),0,0,0,9,0,2,0,0,0,0,0,0,High,WS-11538,High,Sales Team
WS-11938,4,1,0,1,0,0,0,1,1,0,2,0,0,0,1,11,1 critical alert(s); 1 lateral-movement alert(s); 1 credential-access alert(s),5,0,0,0,0,2,2,0,2,0,0,0,High,WS-11938,Low,Operations
WS-12097,4,0,1,3,0,1,1,1,0,0,1,0,0,0,1,11,1 malware/ransomware alert(s); 1 PowerShell alert(s); 1 lateral-movement alert(s),0,3,0,3,2,2,0,0,1,0,0,0,High,WS-12097,High,R&D
WS-12108,4,0,1,4,0,2,0,0,0,0,2,0,0,0,1,11,2 malware/ransomware alert(s),0,3,0,6,0,0,0,0,2,0,0,0,High,WS-12108,Critical,Human Resource
WS-12724,4,0,1,2,0,0,1,0,0,0,2,0,0,4,1,11,1 PowerShell alert(s); 4 identity review concern(s),0,3,0,0,2,0,0,0,2,0,0,4,High,WS-12724,High,
LPT-10083,3,0,1,2,0,1,0,1,0,0,0,0,0,3,1,11,1 malware/ransomware alert(s); 1 lateral-movement alert(s); 3 identity review concern(s),0,3,0,3,0,2,0,0,0,0,0,3,High,LPT-10083,Low,Research And Development
LPT-10092,3,1,0,2,0,1,0,1,0,0,1,0,0,0,1,11,1 critical alert(s); 1 malware/ransomware alert(s); 1 lateral-movement alert(s),5,0,0,3,0,2,0,0,1,0,0,0,High,LPT-10092,Low,Operations
LPT-10254,3,0,1,1,0,2,0,1,0,0,0,0,0,0,1,11,2 malware/ransomware alert(s); 1 lateral-movement alert(s),0,3,0,6,0,2,0,0,0,0,0,0,High,LPT-10254,Medium,Finance
LPT-10634,3,0,1,2,0,2,1,0,0,0,0,0,0,0,1,11,2 malware/ransomware alert(s); 1 PowerShell alert(s),0,3,0,6,2,0,0,0,0,0,0,0,High,LPT-10634,Medium,Procurement Team
LPT-10679,3,0,1,3,0,2,0,0,1,0,0,0,0,0,1,11,2 malware/ransomware alert(s); 1 credential-access alert(s),0,3,0,6,0,0,2,0,0,0,0,0,High,LPT-10679,High,It Support
LPT-11057,3,0,1,1,0,2,0,1,0,0,0,0,0,0,1,11,2 malware/ransomware alert(s); 1 lateral-movement alert(s),0,3,0,6,0,2,0,0,0,0,0,0,High,LPT-11057,Low,Purch
LPT-11109,3,0,1,2,0,1,0,0,1,0,0,0,0,3,1,11,1 malware/ransomware alert(s); 1 credential-access alert(s); 3 identity review concern(s),0,3,0,3,0,0,2,0,0,0,0,3,High,LPT-11109,High,Call Center
LPT-11704,3,0,1,3,0,0,1,1,0,0,1,0,0,3,1,11,1 PowerShell alert(s); 1 lateral-movement alert(s); 3 identity review concern(s),0,3,0,0,2,2,0,0,1,0,0,3,High,LPT-11704,High,Mkt
LPT-11793,3,0,2,2,0,1,1,0,0,0,0,0,0,0,1,11,1 malware/ransomware alert(s); 1 PowerShell alert(s),0,6,0,3,2,0,0,0,0,0,0,0,High,LPT-11793,High,Innovation
LPT-11900,3,0,1,2,0,2,0,0,1,0,0,0,0,0,1,11,2 malware/ransomware alert(s); 1 credential-access alert(s),0,3,0,6,0,0,2,0,0,0,0,0,High,LPT-11900,Low,Research And Development
LPT-12229,3,0,1,3,0,2,1,0,0,0,0,0,0,0,1,11,2 malware/ransomware alert(s); 1 PowerShell alert(s),0,3,0,6,2,0,0,0,0,0,0,0,High,LPT-12229,Low,People Team
LPT-12231,3,0,0,1,0,2,0,0,1,0,0,0,0,3,1,11,2 malware/ransomware alert(s); 1 credential-access alert(s); 3 identity review concern(s),0,0,0,6,0,0,2,0,0,0,0,3,High,LPT-12231,Medium,It Dept
LPT-12416,3,0,1,2,0,0,2,0,0,0,1,0,0,3,1,11,2 PowerShell alert(s); 3 identity review concern(s),0,3,0,0,4,0,0,0,1,0,0,3,High,LPT-12416,High,Legal
LPT-12462,3,0,0,1,0,2,0,1,0,0,0,0,0,3,1,11,2 malware/ransomware alert(s); 1 lateral-movement alert(s); 3 identity review concern(s),0,0,0,6,0,2,0,0,0,0,0,3,High,LPT-12462,Critical,It
LPT-12572,3,0,2,1,0,0,1,0,1,0,1,0,0,0,1,11,1 PowerShell alert(s); 1 credential-access alert(s),0,6,0,0,2,0,2,0,1,0,0,0,High,LPT-12572,Medium,Mktg
LPT-12888,3,0,1,3,0,1,1,0,1,0,0,1,0,0,1,11,1 malware/ransomware alert(s); 1 PowerShell alert(s); 1 credential-access alert(s),0,3,0,3,2,0,2,0,0,1,0,0,High,LPT-12888,Medium,Operations
LPT-12965,3,0,1,3,0,2,1,0,0,0,0,0,0,0,1,11,2 malware/ransomware alert(s); 1 PowerShell alert(s),0,3,0,6,2,0,0,0,0,0,0,0,High,LPT-12965,High,It
MISSING_HOST::EMP10661,3,0,0,3,0,2,0,1,0,0,0,0,0,3,1,11,2 malware/ransomware alert(s); 1 lateral-movement alert(s); 3 identity review concern(s),0,0,0,6,0,2,0,0,0,0,0,3,High,,Medium,R&D
VDR-10053,3,0,1,3,0,1,1,1,0,0,0,1,0,0,1,11,1 malware/ransomware alert(s); 1 PowerShell alert(s); 1 lateral-movement alert(s),0,3,0,3,2,2,0,0,0,1,0,0,High,VDR-10053,Low,People Team
VDR-10402,3,0,1,3,0,2,0,1,0,0,0,0,0,0,1,11,2 malware/ransomware alert(s); 1 lateral-movement alert(s),0,3,0,6,0,2,0,0,0,0,0,0,High,VDR-10402,Critical,Support
VDR-10570,3,0,1,2,0,2,1,0,0,0,0,0,0,0,1,11,2 malware/ransomware alert(s); 1 PowerShell alert(s),0,3,0,6,2,0,0,0,0,0,0,0,High,VDR-10570,Critical,R&D
VDR-10791,3,0,1,2,0,2,0,0,1,0,0,0,0,0,1,11,2 malware/ransomware alert(s); 1 credential-access alert(s),0,3,0,6,0,0,2,0,0,0,0,0,High,VDR-10791,High,Finance
VDR-10885,3,0,1,3,0,2,1,0,0,0,0,0,0,0,1,11,2 malware/ransomware alert(s); 1 PowerShell alert(s),0,3,0,6,2,0,0,0,0,0,0,0,High,VDR-10885,Medium,Legal
VDR-10961,3,0,2,2,0,1,0,0,1,0,0,0,0,0,1,11,1 malware/ransomware alert(s); 1 credential-access alert(s),0,6,0,3,0,0,2,0,0,0,0,0,High,VDR-10961,High,Information Technology
VDR-11090,3,0,1,3,0,1,0,1,0,0,0,0,0,3,1,11,1 malware/ransomware alert(s); 1 lateral-movement alert(s); 3 identity review concern(s),0,3,0,3,0,2,0,0,0,0,0,3,High,VDR-11090,Low,
VDR-11100,3,0,2,3,0,1,1,0,0,0,0,0,0,0,1,11,1 malware/ransomware alert(s); 1 PowerShell alert(s),0,6,0,3,2,0,0,0,0,0,0,0,High,VDR-11100,Critical,Operations
VDR-11177,3,0,1,2,0,2,0,0,1,0,0,0,0,0,1,11,2 malware/ransomware alert(s); 1 credential-access alert(s),0,3,0,6,0,0,2,0,0,0,0,0,High,VDR-11177,High,Legal
VDR-11508,3,1,0,3,1,0,1,0,0,0,1,0,0,0,1,11,1 critical alert(s); 1 unresolved critical alert(s); 1 PowerShell alert(s),5,0,3,0,2,0,0,0,1,0,0,0,High,VDR-11508,Critical,Accounts
VDR-11796,3,0,2,2,0,1,0,1,0,0,0,0,0,0,1,11,1 malware/ransomware alert(s); 1 lateral-movement alert(s),0,6,0,3,0,2,0,0,0,0,0,0,High,VDR-11796,High,Hr Dept
VDR-12225.CORP.LOCAL,3,0,1,2,0,1,1,0,0,0,0,0,0,3,1,11,1 malware/ransomware alert(s); 1 PowerShell alert(s); 3 identity review concern(s),0,3,0,3,2,0,0,0,0,0,0,3,High,VDR-12225.CORP.LOCAL,Medium,Finance
VDR-12488,3,1,1,1,0,0,0,0,1,0,1,0,0,0,1,11,1 critical alert(s); 1 credential-access alert(s),5,3,0,0,0,0,2,0,1,0,0,0,High,VDR-12488,Low,Operations
VDR-12513,3,0,1,2,0,1,0,1,0,0,0,0,0,3,1,11,1 malware/ransomware alert(s); 1 lateral-movement alert(s); 3 identity review concern(s),0,3,0,3,0,2,0,0,0,0,0,3,High,VDR-12513,Medium,Call Center
VDR-12820,3,0,1,1,0,2,1,0,0,0,0,0,0,0,1,11,2 malware/ransomware alert(s); 1 PowerShell alert(s),0,3,0,6,2,0,0,0,0,0,0,0,High,VDR-12820,Low,Legal
VDR-12917,3,0,2,2,0,1,0,0,1,0,0,0,0,0,1,11,1 malware/ransomware alert(s); 1 credential-access alert(s),0,6,0,3,0,0,2,0,0,0,0,0,High,VDR-12917,Low,Sales
VDR-12959,3,0,1,2,0,2,0,1,0,0,0,0,0,0,1,11,2 malware/ransomware alert(s); 1 lateral-movement alert(s),0,3,0,6,0,2,0,0,0,0,0,0,High,VDR-12959,Medium,Sales
WS-10175,3,1,0,0,0,2,0,0,0,0,0,0,0,0,1,11,1 critical alert(s); 2 malware/ransomware alert(s),5,0,0,6,0,0,0,0,0,0,0,0,High,WS-10175,Critical,Purch
WS-10781,3,0,0,1,0,2,0,0,1,0,0,0,0,3,1,11,2 malware/ransomware alert(s); 1 credential-access alert(s); 3 identity review concern(s),0,0,0,6,0,0,2,0,0,0,0,3,High,WS-10781,Medium,
WS-10933,3,0,2,0,0,1,0,0,0,0,2,0,0,0,1,11,1 malware/ransomware alert(s),0,6,0,3,0,0,0,0,2,0,0,0,High,WS-10933,Medium,Human Resource
WS-11075,3,0,0,2,0,0,0,1,0,0,0,0,3,0,1,11,1 lateral-movement alert(s); 3 inactive-user event(s),0,0,0,0,0,2,0,0,0,0,9,0,High,WS-11075,High,Purchase
WS-11422,3,1,0,1,0,1,0,1,0,0,1,0,0,0,1,11,1 critical alert(s); 1 malware/ransomware alert(s); 1 lateral-movement alert(s),5,0,0,3,0,2,0,0,1,0,0,0,High,WS-11422,Critical,Cs
WS-11630,3,0,0,2,0,0,1,0,0,0,0,0,3,0,1,11,1 PowerShell alert(s); 3 inactive-user event(s),0,0,0,0,2,0,0,0,0,0,9,0,High,WS-11630,High,Procurement Team
WS-12120,3,0,1,2,0,2,0,0,1,0,0,0,0,0,1,11,2 malware/ransomware alert(s); 1 credential-access alert(s),0,3,0,6,0,0,2,0,0,0,0,0,High,WS-12120,Medium,Brand Team
WS-12288,3,0,1,2,0,2,0,0,1,0,0,0,0,0,1,11,2 malware/ransomware alert(s); 1 credential-access alert(s),0,3,0,6,0,0,2,0,0,0,0,0,High,WS-12288,Low,Operations Dept
WS-12614,3,1,0,2,0,1,0,0,0,0,0,0,0,3,1,11,1 critical alert(s); 1 malware/ransomware alert(s); 3 identity review concern(s),5,0,0,3,0,0,0,0,0,0,0,3,High,WS-12614,Medium,Customer Care
LPT-10516,2,0,0,2,0,1,1,0,0,0,0,0,2,0,1,11,1 malware/ransomware alert(s); 1 PowerShell alert(s); 2 inactive-user event(s),0,0,0,3,2,0,0,0,0,0,6,0,High,LPT-10516,High,R&D
LPT-10520,2,1,0,2,1,1,0,0,0,0,0,0,0,0,1,11,1 critical alert(s); 1 unresolved critical alert(s); 1 malware/ransomware alert(s),5,0,3,3,0,0,0,0,0,0,0,0,High,LPT-10520,High,It
LPT-10779,2,1,1,1,0,0,1,0,0,0,0,1,0,0,1,11,1 critical alert(s); 1 PowerShell alert(s),5,3,0,0,2,0,0,0,0,1,0,0,High,LPT-10779,Critical,Mktg
LPT-10965,2,0,2,1,0,1,0,1,0,0,0,0,0,0,1,11,1 malware/ransomware alert(s); 1 lateral-movement alert(s),0,6,0,3,0,2,0,0,0,0,0,0,High,LPT-10965,High,Mktg
LPT-10976,2,0,0,2,0,1,1,0,0,0,0,0,2,0,1,11,1 malware/ransomware alert(s); 1 PowerShell alert(s); 2 inactive-user event(s),0,0,0,3,2,0,0,0,0,0,6,0,High,LPT-10976,Medium,It Dept
LPT-10993,2,1,1,1,0,0,0,1,0,0,1,0,0,0,1,11,1 critical alert(s); 1 lateral-movement alert(s),5,3,0,0,0,2,0,0,1,0,0,0,High,LPT-10993,Medium,Research And Development
LPT-11034.CORP.LOCAL,2,0,1,2,0,2,0,0,0,0,0,0,0,2,1,11,2 malware/ransomware alert(s); 2 identity review concern(s),0,3,0,6,0,0,0,0,0,0,0,2,High,LPT-11034.CORP.LOCAL,Low,Legal
LPT-11369,2,0,0,1,0,1,0,0,1,0,0,0,2,0,1,11,1 malware/ransomware alert(s); 1 credential-access alert(s); 2 inactive-user event(s),0,0,0,3,0,0,2,0,0,0,6,0,High,LPT-11369,Critical,Marketing
LPT-11584,2,0,0,0,0,1,1,0,0,0,0,0,2,0,1,11,1 malware/ransomware alert(s); 1 PowerShell alert(s); 2 inactive-user event(s),0,0,0,3,2,0,0,0,0,0,6,0,High,LPT-11584,High,Compliance
LPT-11664,2,0,1,2,0,0,0,0,0,0,2,0,2,0,1,11,2 inactive-user event(s),0,3,0,0,0,0,0,0,2,0,6,0,High,LPT-11664,Medium,Procurement
LPT-11960,2,0,2,1,0,0,0,0,1,0,1,0,0,2,1,11,1 credential-access alert(s); 2 identity review concern(s),0,6,0,0,0,0,2,0,1,0,0,2,High,LPT-11960,Low,Fin
LPT-11990,2,0,1,2,0,2,0,0,0,0,0,0,0,2,1,11,2 malware/ransomware alert(s); 2 identity review concern(s),0,3,0,6,0,0,0,0,0,0,0,2,High,LPT-11990,Medium,Legal Dept
LPT-12228,2,0,0,0,0,1,1,0,0,0,0,0,2,0,1,11,1 malware/ransomware alert(s); 1 PowerShell alert(s); 2 inactive-user event(s),0,0,0,3,2,0,0,0,0,0,6,0,High,LPT-12228,Critical,Ops Team
LPT-12754,2,0,0,2,0,1,0,0,1,0,0,0,2,0,1,11,1 malware/ransomware alert(s); 1 credential-access alert(s); 2 inactive-user event(s),0,0,0,3,0,0,2,0,0,0,6,0,High,LPT-12754,High,Human Resource
LPT-12838,2,0,2,1,0,1,0,1,0,0,0,0,0,0,1,11,1 malware/ransomware alert(s); 1 lateral-movement alert(s),0,6,0,3,0,2,0,0,0,0,0,0,High,LPT-12838,High,Hr Dept
MISSING_HOST::EMP11462,2,0,1,1,0,2,0,0,0,0,0,0,0,2,1,11,2 malware/ransomware alert(s); 2 identity review concern(s),0,3,0,6,0,0,0,0,0,0,0,2,High,,Low,Operations
MISSING_HOST::EMP11967,2,0,1,1,0,2,0,0,0,0,0,0,0,2,1,11,2 malware/ransomware alert(s); 2 identity review concern(s),0,3,0,6,0,0,0,0,0,0,0,2,High,,High,Legal
MISSING_HOST::EMP12495,2,1,0,1,0,0,0,1,1,0,0,0,0,2,1,11,1 critical alert(s); 1 lateral-movement alert(s); 1 credential-access alert(s); 2 identity review concern(s),5,0,0,0,0,2,2,0,0,0,0,2,High,,Medium,Finance Dept
VDR-10108,2,1,0,2,1,0,0,1,0,0,1,0,0,0,1,11,1 critical alert(s); 1 unresolved critical alert(s); 1 lateral-movement alert(s),5,0,3,0,0,2,0,0,1,0,0,0,High,VDR-10108,Low,Rnd
VDR-10247,2,0,1,2,0,2,0,0,0,0,0,0,0,2,1,11,2 malware/ransomware alert(s); 2 identity review concern(s),0,3,0,6,0,0,0,0,0,0,0,2,High,VDR-10247,Critical,Support
VDR-10659,2,0,0,2,0,1,0,0,1,0,0,0,2,0,1,11,1 malware/ransomware alert(s); 1 credential-access alert(s); 2 inactive-user event(s),0,0,0,3,0,0,2,0,0,0,6,0,High,VDR-10659,High,Customer Support
VDR-11253,2,1,0,2,1,1,0,0,0,0,0,0,0,0,1,11,1 critical alert(s); 1 unresolved critical alert(s); 1 malware/ransomware alert(s),5,0,3,3,0,0,0,0,0,0,0,0,High,VDR-11253,Low,Rnd
VDR-11283,2,1,0,2,1,0,1,0,0,0,1,0,0,0,1,11,1 critical alert(s); 1 unresolved critical alert(s); 1 PowerShell alert(s),5,0,3,0,2,0,0,0,1,0,0,0,High,VDR-11283,Medium,Ops Team
VDR-11389,2,0,0,2,0,1,0,0,1,0,0,0,2,0,1,11,1 malware/ransomware alert(s); 1 credential-access alert(s); 2 inactive-user event(s),0,0,0,3,0,0,2,0,0,0,6,0,High,VDR-11389,Low,Legal Dept
VDR-11589,2,1,0,1,1,1,0,0,0,0,0,0,0,0,1,11,1 critical alert(s); 1 unresolved critical alert(s); 1 malware/ransomware alert(s),5,0,3,3,0,0,0,0,0,0,0,0,High,VDR-11589,Medium,Ops Team
VDR-11752.CORP.LOCAL,2,0,1,2,0,1,0,1,0,0,0,1,0,2,1,11,1 malware/ransomware alert(s); 1 lateral-movement alert(s); 2 identity review concern(s),0,3,0,3,0,2,0,0,0,1,0,2,High,VDR-11752.CORP.LOCAL,Medium,Legal Dept
VDR-11958,2,1,0,1,1,0,1,0,0,0,1,0,0,0,1,11,1 critical alert(s); 1 unresolved critical alert(s); 1 PowerShell alert(s),5,0,3,0,2,0,0,0,1,0,0,0,High,VDR-11958,High,Hr
VDR-12059,2,0,0,2,0,0,0,0,1,0,1,0,2,2,1,11,1 credential-access alert(s); 2 inactive-user event(s); 2 identity review concern(s),0,0,0,0,0,0,2,0,1,0,6,2,High,VDR-12059,High,It Support
VDR-12131,2,0,0,0,0,1,1,0,0,0,0,0,2,0,1,11,1 malware/ransomware alert(s); 1 PowerShell alert(s); 2 inactive-user event(s),0,0,0,3,2,0,0,0,0,0,6,0,High,VDR-12131,Low,Cs
VDR-12484,2,1,0,2,1,0,0,1,0,0,1,0,0,0,1,11,1 critical alert(s); 1 unresolved critical alert(s); 1 lateral-movement alert(s),5,0,3,0,0,2,0,0,1,0,0,0,High,VDR-12484,Medium,Sales Dept
WS-10393,2,0,2,1,0,0,0,1,0,0,1,0,0,2,1,11,1 lateral-movement alert(s); 2 identity review concern(s),0,6,0,0,0,2,0,0,1,0,0,2,High,WS-10393,High,
WS-10472,2,0,1,1,0,2,0,0,0,0,0,0,0,2,1,11,2 malware/ransomware alert(s); 2 identity review concern(s),0,3,0,6,0,0,0,0,0,0,0,2,High,WS-10472,Medium,
WS-10573,2,1,0,0,0,2,0,0,0,0,0,0,0,0,1,11,1 critical alert(s); 2 malware/ransomware alert(s),5,0,0,6,0,0,0,0,0,0,0,0,High,WS-10573,Critical,Finance
WS-10610,2,1,0,1,1,0,0,1,0,0,1,0,0,0,1,11,1 critical alert(s); 1 unresolved critical alert(s); 1 lateral-movement alert(s),5,0,3,0,0,2,0,0,1,0,0,0,High,WS-10610,Low,Hr
WS-10643,2,0,0,1,0,1,0,0,1,0,0,0,2,0,1,11,1 malware/ransomware alert(s); 1 credential-access alert(s); 2 inactive-user event(s),0,0,0,3,0,0,2,0,0,0,6,0,High,WS-10643,Critical,Customer Care
WS-11458,2,0,1,2,0,0,1,0,0,0,0,0,2,0,1,11,1 PowerShell alert(s); 2 inactive-user event(s),0,3,0,0,2,0,0,0,0,0,6,0,High,WS-11458,Low,Call Center
WS-11641,2,0,0,2,0,1,0,1,0,0,0,0,2,0,1,11,1 malware/ransomware alert(s); 1 lateral-movement alert(s); 2 inactive-user event(s),0,0,0,3,0,2,0,0,0,0,6,0,High,WS-11641,Medium,Mktg
WS-11737,2,0,0,2,0,1,0,0,1,0,0,0,2,0,1,11,1 malware/ransomware alert(s); 1 credential-access alert(s); 2 inactive-user event(s),0,0,0,3,0,0,2,0,0,0,6,0,High,WS-11737,Medium,Ops Team
WS-11948,2,0,1,2,0,2,0,0,0,0,0,0,0,2,1,11,2 malware/ransomware alert(s); 2 identity review concern(s),0,3,0,6,0,0,0,0,0,0,0,2,High,WS-11948,Medium,Sales
WS-12246,2,1,0,1,0,1,0,0,1,0,0,1,0,0,1,11,1 critical alert(s); 1 malware/ransomware alert(s); 1 credential-access alert(s),5,0,0,3,0,0,2,0,0,1,0,0,High,WS-12246,Medium,Finance
WS-12387,2,0,2,1,0,1,0,1,0,0,0,0,0,0,1,11,1 malware/ransomware alert(s); 1 lateral-movement alert(s),0,6,0,3,0,2,0,0,0,0,0,0,High,WS-12387,High,Legal
WS-12515.CORP.LOCAL,2,0,0,1,0,1,0,1,0,0,0,0,2,0,1,11,1 malware/ransomware alert(s); 1 lateral-movement alert(s); 2 inactive-user event(s),0,0,0,3,0,2,0,0,0,0,6,0,High,WS-12515.CORP.LOCAL,Low,Sales
WS-12535,2,1,1,0,0,0,1,0,0,0,1,0,0,0,1,11,1 critical alert(s); 1 PowerShell alert(s),5,3,0,0,2,0,0,0,1,0,0,0,High,WS-12535,Medium,Finance
WS-12751,2,0,1,0,0,2,0,0,0,0,0,0,0,2,1,11,2 malware/ransomware alert(s); 2 identity review concern(s),0,3,0,6,0,0,0,0,0,0,0,2,High,WS-12751,High,Customer Care
WS-12853,2,1,0,0,0,1,0,1,0,0,0,1,0,0,1,11,1 critical alert(s); 1 malware/ransomware alert(s); 1 lateral-movement alert(s),5,0,0,3,0,2,0,0,0,1,0,0,High,WS-12853,High,Support
WS-12872,2,1,1,0,0,0,0,1,0,0,1,0,0,0,1,11,1 critical alert(s); 1 lateral-movement alert(s),5,3,0,0,0,2,0,0,1,0,0,0,High,WS-12872,Low,Rd
WS-12923,2,0,1,2,0,0,1,0,0,0,0,0,2,0,1,11,1 PowerShell alert(s); 2 inactive-user event(s),0,3,0,0,2,0,0,0,0,0,6,0,High,WS-12923,Low,Sales
LPT-10424,1,1,0,1,1,1,0,0,0,0,0,0,0,0,1,11,1 critical alert(s); 1 unresolved critical alert(s); 1 malware/ransomware alert(s),5,0,3,3,0,0,0,0,0,0,0,0,High,LPT-10424,High,Brand Team
LPT-10452,1,1,0,1,1,1,0,0,0,0,0,0,0,0,1,11,1 critical alert(s); 1 unresolved critical alert(s); 1 malware/ransomware alert(s),5,0,3,3,0,0,0,0,0,0,0,0,High,LPT-10452,,Innovation
LPT-11146,1,1,0,1,1,1,0,0,0,0,0,0,0,0,1,11,1 critical alert(s); 1 unresolved critical alert(s); 1 malware/ransomware alert(s),5,0,3,3,0,0,0,0,0,0,0,0,High,LPT-11146,Critical,Legal
LPT-11176.CORP.LOCAL,1,1,0,1,1,0,1,0,0,0,0,0,0,1,1,11,1 critical alert(s); 1 unresolved critical alert(s); 1 PowerShell alert(s); 1 identity review concern(s),5,0,3,0,2,0,0,0,0,0,0,1,High,LPT-11176.CORP.LOCAL,High,Procurement Team
LPT-11234.CORP.LOCAL,1,1,0,1,1,0,0,0,1,0,0,0,0,1,1,11,1 critical alert(s); 1 unresolved critical alert(s); 1 credential-access alert(s); 1 identity review concern(s),5,0,3,0,0,0,2,0,0,0,0,1,High,LPT-11234.CORP.LOCAL,Medium,Brand Team
LPT-11349,1,1,0,1,1,0,0,0,1,0,0,0,0,1,1,11,1 critical alert(s); 1 unresolved critical alert(s); 1 credential-access alert(s); 1 identity review concern(s),5,0,3,0,0,0,2,0,0,0,0,1,High,LPT-11349,Medium,It Dept
LPT-11662.CORP.LOCAL,1,1,0,1,1,0,0,1,0,0,0,0,0,1,1,11,1 critical alert(s); 1 unresolved critical alert(s); 1 lateral-movement alert(s); 1 identity review concern(s),5,0,3,0,0,2,0,0,0,0,0,1,High,LPT-11662.CORP.LOCAL,Low,Sales Dept
LPT-11763,1,1,0,1,1,0,0,0,1,0,0,0,0,1,1,11,1 critical alert(s); 1 unresolved critical alert(s); 1 credential-access alert(s); 1 identity review concern(s),5,0,3,0,0,0,2,0,0,0,0,1,High,LPT-11763,Medium,
LPT-11941,1,1,0,1,1,1,0,0,0,0,0,0,0,0,1,11,1 critical alert(s); 1 unresolved critical alert(s); 1 malware/ransomware alert(s),5,0,3,3,0,0,0,0,0,0,0,0,High,LPT-11941,,Information Tech
LPT-12111,1,1,0,1,1,0,0,0,1,0,0,0,0,1,1,11,1 critical alert(s); 1 unresolved critical alert(s); 1 credential-access alert(s); 1 identity review concern(s),5,0,3,0,0,0,2,0,0,0,0,1,High,LPT-12111,Critical,
LPT-12114.CORP.LOCAL,1,1,0,1,1,0,0,1,0,0,0,0,0,1,1,11,1 critical alert(s); 1 unresolved critical alert(s); 1 lateral-movement alert(s); 1 identity review concern(s),5,0,3,0,0,2,0,0,0,0,0,1,High,LPT-12114.CORP.LOCAL,,R&D
LPT-12517.CORP.LOCAL,1,1,0,1,1,0,0,0,1,0,0,0,0,1,1,11,1 critical alert(s); 1 unresolved critical alert(s); 1 credential-access alert(s); 1 identity review concern(s),5,0,3,0,0,0,2,0,0,0,0,1,High,LPT-12517.CORP.LOCAL,Critical,Sales
LPT-12520.CORP.LOCAL,1,1,0,1,1,0,0,1,0,0,0,0,0,1,1,11,1 critical alert(s); 1 unresolved critical alert(s); 1 lateral-movement alert(s); 1 identity review concern(s),5,0,3,0,0,2,0,0,0,0,0,1,High,LPT-12520.CORP.LOCAL,Critical,Research And Development
MISSING_HOST::EMP10212,1,1,0,1,1,0,1,0,0,0,0,0,0,1,1,11,1 critical alert(s); 1 unresolved critical alert(s); 1 PowerShell alert(s); 1 identity review concern(s),5,0,3,0,2,0,0,0,0,0,0,1,High,,Low,Rd
MISSING_HOST::EMP10234,1,1,0,1,1,0,1,0,0,0,0,0,0,1,1,11,1 critical alert(s); 1 unresolved critical alert(s); 1 PowerShell alert(s); 1 identity review concern(s),5,0,3,0,2,0,0,0,0,0,0,1,High,,Medium,Business Sales
MISSING_HOST::EMP10245,1,1,0,1,1,0,0,0,0,0,1,1,0,1,1,11,1 critical alert(s); 1 unresolved critical alert(s); 1 identity review concern(s),5,0,3,0,0,0,0,0,1,1,0,1,High,,Medium,Purchase
MISSING_HOST::EMP10539,1,1,0,1,1,0,0,0,1,0,0,0,0,1,1,11,1 critical alert(s); 1 unresolved critical alert(s); 1 credential-access alert(s); 1 identity review concern(s),5,0,3,0,0,0,2,0,0,0,0,1,High,,Medium,Marketing Dept
MISSING_HOST::EMP10720,1,1,0,1,1,0,1,0,0,0,0,0,0,1,1,11,1 critical alert(s); 1 unresolved critical alert(s); 1 PowerShell alert(s); 1 identity review concern(s),5,0,3,0,2,0,0,0,0,0,0,1,High,,Medium,Rd
MISSING_HOST::EMP10838,1,1,0,1,1,0,1,0,0,0,0,0,0,1,1,11,1 critical alert(s); 1 unresolved critical alert(s); 1 PowerShell alert(s); 1 identity review concern(s),5,0,3,0,2,0,0,0,0,0,0,1,High,,Medium,Finance
MISSING_HOST::EMP10971,1,1,0,1,1,0,0,1,0,0,0,0,0,1,1,11,1 critical alert(s); 1 unresolved critical alert(s); 1 lateral-movement alert(s); 1 identity review concern(s),5,0,3,0,0,2,0,0,0,0,0,1,High,,High,Research And Development
MISSING_HOST::EMP11427,1,1,0,1,1,0,0,1,0,0,0,0,0,1,1,11,1 critical alert(s); 1 unresolved critical alert(s); 1 lateral-movement alert(s); 1 identity review concern(s),5,0,3,0,0,2,0,0,0,0,0,1,High,,Medium,Operations
MISSING_HOST::EMP11999,1,1,0,1,1,0,0,1,0,0,0,0,0,1,1,11,1 critical alert(s); 1 unresolved critical alert(s); 1 lateral-movement alert(s); 1 identity review concern(s),5,0,3,0,0,2,0,0,0,0,0,1,High,,,Innovation
MISSING_HOST::EMP12093,1,1,0,1,1,0,1,0,0,0,0,0,0,1,1,11,1 critical alert(s); 1 unresolved critical alert(s); 1 PowerShell alert(s); 1 identity review concern(s),5,0,3,0,2,0,0,0,0,0,0,1,High,,Critical,Legal Dept
MISSING_HOST::EMP12105,1,1,0,1,1,0,0,1,0,0,0,0,0,1,1,11,1 critical alert(s); 1 unresolved critical alert(s); 1 lateral-movement alert(s); 1 identity review concern(s),5,0,3,0,0,2,0,0,0,0,0,1,High,,Critical,Ops
MISSING_HOST::EMP12965,1,1,0,1,1,0,0,0,1,0,0,0,0,1,1,11,1 critical alert(s); 1 unresolved critical alert(s); 1 credential-access alert(s); 1 identity review concern(s),5,0,3,0,0,0,2,0,0,0,0,1,High,,Critical,It
VDR-10099.CORP.LOCAL,1,1,0,1,1,0,0,0,0,0,0,0,1,0,1,11,1 critical alert(s); 1 unresolved critical alert(s); 1 inactive-user event(s),5,0,3,0,0,0,0,0,0,0,3,0,High,VDR-10099.CORP.LOCAL,Medium,Rnd
VDR-10244.CORP.LOCAL,1,1,0,1,1,0,0,0,0,0,0,0,1,0,1,11,1 critical alert(s); 1 unresolved critical alert(s); 1 inactive-user event(s),5,0,3,0,0,0,0,0,0,0,3,0,High,VDR-10244.CORP.LOCAL,Medium,Marketing
VDR-10597.CORP.LOCAL,1,1,0,1,1,0,0,0,1,0,0,0,0,1,1,11,1 critical alert(s); 1 unresolved critical alert(s); 1 credential-access alert(s); 1 identity review concern(s),5,0,3,0,0,0,2,0,0,0,0,1,High,VDR-10597.CORP.LOCAL,Low,People Team
VDR-11559,1,1,0,1,1,1,0,0,0,0,0,0,0,0,1,11,1 critical alert(s); 1 unresolved critical alert(s); 1 malware/ransomware alert(s),5,0,3,3,0,0,0,0,0,0,0,0,High,VDR-11559,Critical,Rd
VDR-12193.CORP.LOCAL,1,1,0,1,1,0,0,0,0,0,1,1,0,1,1,11,1 critical alert(s); 1 unresolved critical alert(s); 1 identity review concern(s),5,0,3,0,0,0,0,0,1,1,0,1,High,VDR-12193.CORP.LOCAL,High,Customer Support
VDR-12212,1,1,0,1,1,1,0,0,0,0,0,0,0,0,1,11,1 critical alert(s); 1 unresolved critical alert(s); 1 malware/ransomware alert(s),5,0,3,3,0,0,0,0,0,0,0,0,High,VDR-12212,Critical,Customer Support
VDR-12452.CORP.LOCAL,1,1,0,1,1,0,1,0,0,0,0,0,0,1,1,11,1 critical alert(s); 1 unresolved critical alert(s); 1 PowerShell alert(s); 1 identity review concern(s),5,0,3,0,2,0,0,0,0,0,0,1,High,VDR-12452.CORP.LOCAL,Low,It
WS-10175.CORP.LOCAL,1,1,0,1,1,0,0,1,0,0,0,0,0,1,1,11,1 critical alert(s); 1 unresolved critical alert(s); 1 lateral-movement alert(s); 1 identity review concern(s),5,0,3,0,0,2,0,0,0,0,0,1,High,WS-10175.CORP.LOCAL,High,Purch
WS-10845.CORP.LOCAL,1,1,0,0,0,0,0,0,1,0,0,0,1,1,1,11,1 critical alert(s); 1 credential-access alert(s); 1 inactive-user event(s); 1 identity review concern(s),5,0,0,0,0,0,2,0,0,0,3,1,High,WS-10845.CORP.LOCAL,High,Operations
WS-11137,1,1,0,0,0,1,0,0,0,0,0,0,1,0,1,11,1 critical alert(s); 1 malware/ransomware alert(s); 1 inactive-user event(s),5,0,0,3,0,0,0,0,0,0,3,0,High,WS-11137,Medium,Ops
WS-11159,1,1,0,1,1,1,0,0,0,0,0,0,0,0,1,11,1 critical alert(s); 1 unresolved critical alert(s); 1 malware/ransomware alert(s),5,0,3,3,0,0,0,0,0,0,0,0,High,WS-11159,High,People Team
WS-11760,1,1,0,1,1,1,0,0,0,0,0,0,0,0,1,11,1 critical alert(s); 1 unresolved critical alert(s); 1 malware/ransomware alert(s),5,0,3,3,0,0,0,0,0,0,0,0,High,WS-11760,Low,Call Center
WS-11895.CORP.LOCAL,1,1,0,1,1,0,1,0,0,0,0,0,0,1,1,11,1 critical alert(s); 1 unresolved critical alert(s); 1 PowerShell alert(s); 1 identity review concern(s),5,0,3,0,2,0,0,0,0,0,0,1,High,WS-11895.CORP.LOCAL,Medium,Operations
WS-12390,1,1,0,1,1,1,0,0,0,0,0,0,0,0,1,11,1 critical alert(s); 1 unresolved critical alert(s); 1 malware/ransomware alert(s),5,0,3,3,0,0,0,0,0,0,0,0,High,WS-12390,Low,Marketing Dept
WS-12742,1,1,0,1,1,1,0,0,0,0,0,0,0,0,1,11,1 critical alert(s); 1 unresolved critical alert(s); 1 malware/ransomware alert(s),5,0,3,3,0,0,0,0,0,0,0,0,High,WS-12742,Critical,People Team
WS-12791,1,1,0,1,1,1,0,0,0,0,0,0,0,0,1,11,1 critical alert(s); 1 unresolved critical alert(s); 1 malware/ransomware alert(s),5,0,3,3,0,0,0,0,0,0,0,0,High,WS-12791,Low,Information Technology
WS-12834,1,1,0,1,1,0,0,0,0,0,0,0,1,0,1,11,1 critical alert(s); 1 unresolved critical alert(s); 1 inactive-user event(s),5,0,3,0,0,0,0,0,0,0,3,0,High,WS-12834,Low,Purch
WS-10243,6,0,0,4,0,1,1,1,1,0,1,0,0,0,1,10,1 malware/ransomware alert(s); 1 PowerShell alert(s); 1 lateral-movement alert(s); 1 credential-access alert(s),0,0,0,3,2,2,2,0,1,0,0,0,High,WS-10243,Low,Procurement
LPT-10944,5,0,0,2,0,3,0,0,0,0,0,1,0,0,1,10,3 malware/ransomware alert(s),0,0,0,9,0,0,0,0,0,1,0,0,High,LPT-10944,High,Fin
LPT-11234,5,0,0,5,0,2,0,1,0,0,2,0,0,0,1,10,2 malware/ransomware alert(s); 1 lateral-movement alert(s),0,0,0,6,0,2,0,0,2,0,0,0,High,LPT-11234,Low,Brand Team
LPT-12636,5,0,1,3,0,1,0,1,1,0,0,0,0,0,1,10,1 malware/ransomware alert(s); 1 lateral-movement alert(s); 1 credential-access alert(s),0,3,0,3,0,2,2,0,0,0,0,0,High,LPT-12636,Critical,Purchase
LPT-12968,5,0,0,4,0,0,1,2,2,0,0,0,0,0,1,10,1 PowerShell alert(s); 2 lateral-movement alert(s); 2 credential-access alert(s),0,0,0,0,2,4,4,0,0,0,0,0,High,LPT-12968,Low,Support
VDR-11387,5,0,0,4,0,2,2,0,0,0,0,0,0,0,1,10,2 malware/ransomware alert(s); 2 PowerShell alert(s),0,0,0,6,4,0,0,0,0,0,0,0,High,VDR-11387,Medium,Operations
VDR-11560,5,0,0,4,0,2,0,1,1,0,0,0,0,0,1,10,2 malware/ransomware alert(s); 1 lateral-movement alert(s); 1 credential-access alert(s),0,0,0,6,0,2,2,0,0,0,0,0,High,VDR-11560,High,Ops Team
VDR-12890,5,0,1,2,0,1,1,1,0,0,0,0,0,0,1,10,1 malware/ransomware alert(s); 1 PowerShell alert(s); 1 lateral-movement alert(s),0,3,0,3,2,2,0,0,0,0,0,0,High,VDR-12890,High,Rnd
WS-10090,5,0,0,4,0,2,1,0,0,0,2,0,0,0,1,10,2 malware/ransomware alert(s); 1 PowerShell alert(s),0,0,0,6,2,0,0,0,2,0,0,0,High,WS-10090,Critical,Hr Dept
LPT-11197,4,0,1,3,0,1,0,1,1,0,0,0,0,0,1,10,1 malware/ransomware alert(s); 1 lateral-movement alert(s); 1 credential-access alert(s),0,3,0,3,0,2,2,0,0,0,0,0,High,LPT-11197,Low,Sales Dept
LPT-12301,4,0,1,1,0,1,0,0,2,0,0,0,0,0,1,10,1 malware/ransomware alert(s); 2 credential-access alert(s),0,3,0,3,0,0,4,0,0,0,0,0,High,LPT-12301,Low,People Team
VDR-10903,4,0,0,4,0,2,1,1,0,0,0,0,0,0,1,10,2 malware/ransomware alert(s); 1 PowerShell alert(s); 1 lateral-movement alert(s),0,0,0,6,2,2,0,0,0,0,0,0,High,VDR-10903,High,Ops Team
VDR-10960,4,0,1,1,0,2,0,0,0,0,1,0,0,0,1,10,2 malware/ransomware alert(s),0,3,0,6,0,0,0,0,1,0,0,0,High,VDR-10960,Critical,Operations
VDR-11091,4,0,1,3,0,1,0,1,1,0,0,0,0,0,1,10,1 malware/ransomware alert(s); 1 lateral-movement alert(s); 1 credential-access alert(s),0,3,0,3,0,2,2,0,0,0,0,0,High,VDR-11091,High,Human Resources
VDR-11636,4,0,0,1,0,3,0,0,0,0,1,0,0,0,1,10,3 malware/ransomware alert(s),0,0,0,9,0,0,0,0,1,0,0,0,High,VDR-11636,High,Fin
VDR-11727,4,0,0,3,0,2,0,2,0,0,0,0,0,0,1,10,2 malware/ransomware alert(s); 2 lateral-movement alert(s),0,0,0,6,0,4,0,0,0,0,0,0,High,VDR-11727,High,Information Technology
VDR-11843,4,0,1,4,0,1,0,0,1,0,1,1,0,0,1,10,1 malware/ransomware alert(s); 1 credential-access alert(s),0,3,0,3,0,0,2,0,1,1,0,0,High,VDR-11843,Low,Support
VDR-11962,4,0,1,4,0,1,1,0,1,0,0,0,0,0,1,10,1 malware/ransomware alert(s); 1 PowerShell alert(s); 1 credential-access alert(s),0,3,0,3,2,0,2,0,0,0,0,0,High,VDR-11962,Medium,Mktg
VDR-12187,4,0,0,3,0,3,0,0,0,0,1,0,0,0,1,10,3 malware/ransomware alert(s),0,0,0,9,0,0,0,0,1,0,0,0,High,VDR-12187,Low,Information Tech
VDR-12191,4,0,0,2,0,2,2,0,0,0,0,0,0,0,1,10,2 malware/ransomware alert(s); 2 PowerShell alert(s),0,0,0,6,4,0,0,0,0,0,0,0,High,VDR-12191,Low,Operations
WS-10050,4,0,1,4,0,0,1,0,2,0,1,0,0,0,1,10,1 PowerShell alert(s); 2 credential-access alert(s),0,3,0,0,2,0,4,0,1,0,0,0,High,WS-10050,Critical,Procurement
WS-10641,4,0,0,4,0,0,0,2,1,0,0,0,0,4,1,10,2 lateral-movement alert(s); 1 credential-access alert(s); 4 identity review concern(s),0,0,0,0,0,4,2,0,0,0,0,4,High,WS-10641,Critical,Rnd
WS-10809,4,0,0,4,0,3,0,0,0,0,1,0,0,0,1,10,3 malware/ransomware alert(s),0,0,0,9,0,0,0,0,1,0,0,0,High,WS-10809,Critical,Fin
WS-10817,4,0,1,4,0,1,2,0,0,0,0,0,0,0,1,10,1 malware/ransomware alert(s); 2 PowerShell alert(s),0,3,0,3,4,0,0,0,0,0,0,0,High,WS-10817,Medium,Call Center
WS-11049,4,0,0,3,0,2,0,2,0,0,0,0,0,0,1,10,2 malware/ransomware alert(s); 2 lateral-movement alert(s),0,0,0,6,0,4,0,0,0,0,0,0,High,WS-11049,Low,Operations
WS-12226,4,0,1,3,0,1,0,2,0,0,0,0,0,0,1,10,1 malware/ransomware alert(s); 2 lateral-movement alert(s),0,3,0,3,0,4,0,0,0,0,0,0,High,WS-12226,Low,It
WS-12267,4,1,0,2,0,1,0,0,0,0,2,0,0,0,1,10,1 critical alert(s); 1 malware/ransomware alert(s),5,0,0,3,0,0,0,0,2,0,0,0,High,WS-12267,Medium,Cs
WS-12309,4,0,1,2,0,1,0,1,1,0,0,0,0,0,1,10,1 malware/ransomware alert(s); 1 lateral-movement alert(s); 1 credential-access alert(s),0,3,0,3,0,2,2,0,0,0,0,0,High,WS-12309,Medium,Human Resources
WS-12368,4,0,1,3,0,0,1,2,0,0,1,0,0,0,1,10,1 PowerShell alert(s); 2 lateral-movement alert(s),0,3,0,0,2,4,0,0,1,0,0,0,High,WS-12368,Low,Mkt
WS-12849,4,0,1,2,0,1,0,0,2,0,0,0,0,0,1,10,1 malware/ransomware alert(s); 2 credential-access alert(s),0,3,0,3,0,0,4,0,0,0,0,0,High,WS-12849,Low,Cs
LPT-10144,3,0,0,3,0,1,1,0,1,0,0,0,0,3,1,10,1 malware/ransomware alert(s); 1 PowerShell alert(s); 1 credential-access alert(s); 3 identity review concern(s),0,0,0,3,2,0,2,0,0,0,0,3,High,LPT-10144,High,
LPT-10212,3,0,1,3,0,1,1,0,1,0,0,0,0,0,1,10,1 malware/ransomware alert(s); 1 PowerShell alert(s); 1 credential-access alert(s),0,3,0,3,2,0,2,0,0,0,0,0,High,LPT-10212,Medium,Rd
LPT-10217,3,0,1,3,0,2,0,0,0,0,1,0,0,0,1,10,2 malware/ransomware alert(s),0,3,0,6,0,0,0,0,1,0,0,0,High,LPT-10217,Low,It
LPT-10521,3,0,0,1,0,1,0,1,1,0,0,0,0,3,1,10,1 malware/ransomware alert(s); 1 lateral-movement alert(s); 1 credential-access alert(s); 3 identity review concern(s),0,0,0,3,0,2,2,0,0,0,0,3,High,LPT-10521,Critical,
LPT-10593,3,0,1,2,0,1,0,0,2,0,0,0,0,0,1,10,1 malware/ransomware alert(s); 2 credential-access alert(s),0,3,0,3,0,0,4,0,0,0,0,0,High,LPT-10593,Low,Support
LPT-10955,3,0,1,3,0,1,0,1,1,0,0,0,0,0,1,10,1 malware/ransomware alert(s); 1 lateral-movement alert(s); 1 credential-access alert(s),0,3,0,3,0,2,2,0,0,0,0,0,High,LPT-10955,Low,Mkt
LPT-11054,3,0,1,2,0,0,1,0,0,0,2,0,0,3,1,10,1 PowerShell alert(s); 3 identity review concern(s),0,3,0,0,2,0,0,0,2,0,0,3,High,LPT-11054,Low,It Support
LPT-11072,3,0,1,3,0,1,2,0,0,0,0,0,0,0,1,10,1 malware/ransomware alert(s); 2 PowerShell alert(s),0,3,0,3,4,0,0,0,0,0,0,0,High,LPT-11072,Low,Research And Development
LPT-11322.CORP.LOCAL,3,0,1,1,0,1,0,0,0,0,1,0,0,3,1,10,1 malware/ransomware alert(s); 3 identity review concern(s),0,3,0,3,0,0,0,0,1,0,0,3,High,LPT-11322.CORP.LOCAL,High,It Dept
LPT-11353,3,0,1,3,0,2,0,0,0,0,1,0,0,0,1,10,2 malware/ransomware alert(s),0,3,0,6,0,0,0,0,1,0,0,0,High,LPT-11353,Low,Mkt
LPT-11382,3,0,1,2,0,1,0,0,2,0,0,0,0,0,1,10,1 malware/ransomware alert(s); 2 credential-access alert(s),0,3,0,3,0,0,4,0,0,0,0,0,High,LPT-11382,Medium,Procurement Team
LPT-11432,3,0,1,3,0,1,1,1,0,0,0,0,0,0,1,10,1 malware/ransomware alert(s); 1 PowerShell alert(s); 1 lateral-movement alert(s),0,3,0,3,2,2,0,0,0,0,0,0,High,LPT-11432,High,It Support
LPT-11484,3,0,1,2,0,1,0,2,0,0,0,0,0,0,1,10,1 malware/ransomware alert(s); 2 lateral-movement alert(s),0,3,0,3,0,4,0,0,0,0,0,0,High,LPT-11484,Medium,Innovation
LPT-11716,3,0,0,1,0,1,1,0,1,0,0,0,0,3,1,10,1 malware/ransomware alert(s); 1 PowerShell alert(s); 1 credential-access alert(s); 3 identity review concern(s),0,0,0,3,2,0,2,0,0,0,0,3,High,LPT-11716,High,It
LPT-12078,3,0,2,1,0,1,0,0,0,0,1,0,0,0,1,10,1 malware/ransomware alert(s),0,6,0,3,0,0,0,0,1,0,0,0,High,LPT-12078,Medium,Business Sales
LPT-12171,3,1,0,1,0,0,1,1,0,0,1,0,0,0,1,10,1 critical alert(s); 1 PowerShell alert(s); 1 lateral-movement alert(s),5,0,0,0,2,2,0,0,1,0,0,0,High,LPT-12171,Low,Hr Dept
LPT-12399,3,0,1,2,0,1,0,0,2,0,0,0,0,0,1,10,1 malware/ransomware alert(s); 2 credential-access alert(s),0,3,0,3,0,0,4,0,0,0,0,0,High,LPT-12399,High,Finance
VDR-10231,3,0,1,1,0,1,0,0,2,0,0,0,0,0,1,10,1 malware/ransomware alert(s); 2 credential-access alert(s),0,3,0,3,0,0,4,0,0,0,0,0,High,VDR-10231,Medium,Mkt
VDR-10454,3,0,1,1,0,1,2,0,0,0,0,0,0,0,1,10,1 malware/ransomware alert(s); 2 PowerShell alert(s),0,3,0,3,4,0,0,0,0,0,0,0,High,VDR-10454,Medium,Purchase
VDR-10644,3,0,0,2,0,2,0,0,0,0,1,0,0,3,1,10,2 malware/ransomware alert(s); 3 identity review concern(s),0,0,0,6,0,0,0,0,1,0,0,3,High,VDR-10644,Low,
VDR-10680,3,0,1,0,0,1,1,0,1,0,0,0,0,0,1,10,1 malware/ransomware alert(s); 1 PowerShell alert(s); 1 credential-access alert(s),0,3,0,3,2,0,2,0,0,0,0,0,High,VDR-10680,Medium,Purchase
VDR-10788,3,0,1,1,0,1,0,1,1,0,0,0,0,0,1,10,1 malware/ransomware alert(s); 1 lateral-movement alert(s); 1 credential-access alert(s),0,3,0,3,0,2,2,0,0,0,0,0,High,VDR-10788,Low,Finance
VDR-11165,3,0,1,2,0,2,0,0,0,0,1,0,0,0,1,10,2 malware/ransomware alert(s),0,3,0,6,0,0,0,0,1,0,0,0,High,VDR-11165,Medium,Legal Dept
VDR-11645,3,0,1,2,0,2,0,0,0,0,1,0,0,0,1,10,2 malware/ransomware alert(s),0,3,0,6,0,0,0,0,1,0,0,0,High,VDR-11645,Medium,It Support
VDR-11930,3,0,1,1,0,1,1,1,0,0,0,0,0,0,1,10,1 malware/ransomware alert(s); 1 PowerShell alert(s); 1 lateral-movement alert(s),0,3,0,3,2,2,0,0,0,0,0,0,High,VDR-11930,Low,Operations Dept
VDR-12040,3,0,0,2,0,2,0,0,0,0,1,0,0,3,1,10,2 malware/ransomware alert(s); 3 identity review concern(s),0,0,0,6,0,0,0,0,1,0,0,3,High,VDR-12040,High,Customer Support
VDR-12157,3,0,1,2,0,1,1,1,0,0,0,0,0,0,1,10,1 malware/ransomware alert(s); 1 PowerShell alert(s); 1 lateral-movement alert(s),0,3,0,3,2,2,0,0,0,0,0,0,High,VDR-12157,Medium,Brand Team
VDR-12543,3,0,1,1,0,1,0,0,2,0,0,0,0,0,1,10,1 malware/ransomware alert(s); 2 credential-access alert(s),0,3,0,3,0,0,4,0,0,0,0,0,High,VDR-12543,Critical,Accounts
VDR-12567,3,0,0,1,0,1,1,1,0,0,0,0,0,3,1,10,1 malware/ransomware alert(s); 1 PowerShell alert(s); 1 lateral-movement alert(s); 3 identity review concern(s),0,0,0,3,2,2,0,0,0,0,0,3,High,VDR-12567,High,
VDR-12630,3,1,0,1,0,0,1,1,0,0,1,0,0,0,1,10,1 critical alert(s); 1 PowerShell alert(s); 1 lateral-movement alert(s),5,0,0,0,2,2,0,0,1,0,0,0,High,VDR-12630,Low,Rd
VDR-12775,3,0,0,2,0,1,1,0,1,0,0,0,0,3,1,10,1 malware/ransomware alert(s); 1 PowerShell alert(s); 1 credential-access alert(s); 3 identity review concern(s),0,0,0,3,2,0,2,0,0,0,0,3,High,VDR-12775,Critical,Research And Development
VDR-12785,3,1,0,1,0,1,0,0,1,0,0,0,0,0,1,10,1 critical alert(s); 1 malware/ransomware alert(s); 1 credential-access alert(s),5,0,0,3,0,0,2,0,0,0,0,0,High,VDR-12785,Low,Rd
VDR-12861,3,0,1,2,0,1,1,0,1,0,0,0,0,0,1,10,1 malware/ransomware alert(s); 1 PowerShell alert(s); 1 credential-access alert(s),0,3,0,3,2,0,2,0,0,0,0,0,High,VDR-12861,Low,Accounts
WS-10181,3,0,1,1,0,1,2,0,0,0,0,0,0,0,1,10,1 malware/ransomware alert(s); 2 PowerShell alert(s),0,3,0,3,4,0,0,0,0,0,0,0,High,WS-10181,Low,Rd
WS-10359,3,0,2,3,0,0,1,1,0,0,0,0,0,0,1,10,1 PowerShell alert(s); 1 lateral-movement alert(s),0,6,0,0,2,2,0,0,0,0,0,0,High,WS-10359,Low,Procurement
WS-10505,3,1,0,0,0,1,0,0,1,0,0,0,0,0,1,10,1 critical alert(s); 1 malware/ransomware alert(s); 1 credential-access alert(s),5,0,0,3,0,0,2,0,0,0,0,0,High,WS-10505,High,Legal
WS-11132,3,0,1,1,0,2,0,0,0,0,0,1,0,0,1,10,2 malware/ransomware alert(s),0,3,0,6,0,0,0,0,0,1,0,0,High,WS-11132,High,Sales Dept
WS-11182,3,1,0,1,0,1,0,1,0,0,0,0,0,0,1,10,1 critical alert(s); 1 malware/ransomware alert(s); 1 lateral-movement alert(s),5,0,0,3,0,2,0,0,0,0,0,0,High,WS-11182,Low,Finance
WS-11393,3,0,1,2,0,2,0,0,0,0,1,0,0,0,1,10,2 malware/ransomware alert(s),0,3,0,6,0,0,0,0,1,0,0,0,High,WS-11393,Medium,Sales Team
WS-11530,3,0,2,2,0,1,0,0,0,0,1,0,0,0,1,10,1 malware/ransomware alert(s),0,6,0,3,0,0,0,0,1,0,0,0,High,WS-11530,Low,Operations Dept
WS-12166,3,0,0,2,0,1,0,1,1,0,0,0,0,3,1,10,1 malware/ransomware alert(s); 1 lateral-movement alert(s); 1 credential-access alert(s); 3 identity review concern(s),0,0,0,3,0,2,2,0,0,0,0,3,High,WS-12166,Medium,Call Center
WS-12244,3,0,0,2,0,2,0,0,0,0,1,0,0,3,1,10,2 malware/ransomware alert(s); 3 identity review concern(s),0,0,0,6,0,0,0,0,1,0,0,3,High,WS-12244,Low,Operations Dept
WS-12394,3,0,1,2,0,1,0,0,2,0,0,0,0,0,1,10,1 malware/ransomware alert(s); 2 credential-access alert(s),0,3,0,3,0,0,4,0,0,0,0,0,High,WS-12394,Medium,Information Technology
WS-12417,3,0,1,2,0,1,1,0,1,0,0,0,0,0,1,10,1 malware/ransomware alert(s); 1 PowerShell alert(s); 1 credential-access alert(s),0,3,0,3,2,0,2,0,0,0,0,0,High,WS-12417,Low,Sales Dept
WS-12473,3,0,1,2,0,2,0,0,0,0,1,0,0,0,1,10,2 malware/ransomware alert(s),0,3,0,6,0,0,0,0,1,0,0,0,High,WS-12473,Medium,Business Sales
WS-12935,3,0,1,1,0,1,0,1,1,0,0,0,0,0,1,10,1 malware/ransomware alert(s); 1 lateral-movement alert(s); 1 credential-access alert(s),0,3,0,3,0,2,2,0,0,0,0,0,High,WS-12935,High,Procurement
LPT-10058.CORP.LOCAL,2,0,2,2,0,0,0,0,0,0,2,0,0,2,1,10,2 identity review concern(s),0,6,0,0,0,0,0,0,2,0,0,2,High,LPT-10058.CORP.LOCAL,Medium,Ops Team
LPT-10428,2,0,0,2,0,0,2,0,0,0,0,0,2,0,1,10,2 PowerShell alert(s); 2 inactive-user event(s),0,0,0,0,4,0,0,0,0,0,6,0,High,LPT-10428,High,Ops Team
LPT-10636.CORP.LOCAL,2,0,1,1,0,1,0,1,0,0,0,0,0,2,1,10,1 malware/ransomware alert(s); 1 lateral-movement alert(s); 2 identity review concern(s),0,3,0,3,0,2,0,0,0,0,0,2,High,LPT-10636.CORP.LOCAL,Low,Finance
LPT-10670,2,0,0,1,0,1,0,0,0,0,1,0,2,0,1,10,1 malware/ransomware alert(s); 2 inactive-user event(s),0,0,0,3,0,0,0,0,1,0,6,0,High,LPT-10670,Medium,It Dept
LPT-10755,2,1,1,1,0,0,0,0,1,0,0,0,0,0,1,10,1 critical alert(s); 1 credential-access alert(s),5,3,0,0,0,0,2,0,0,0,0,0,High,LPT-10755,Critical,Innovation
LPT-10963,2,0,1,2,0,1,0,1,0,0,0,0,0,2,1,10,1 malware/ransomware alert(s); 1 lateral-movement alert(s); 2 identity review concern(s),0,3,0,3,0,2,0,0,0,0,0,2,High,LPT-10963,Low,Supply Chain
LPT-11174,2,1,0,1,0,1,0,1,0,0,0,0,0,0,1,10,1 critical alert(s); 1 malware/ransomware alert(s); 1 lateral-movement alert(s),5,0,0,3,0,2,0,0,0,0,0,0,High,LPT-11174,Low,Accounts
LPT-11212,2,1,0,0,0,1,0,1,0,0,0,0,0,0,1,10,1 critical alert(s); 1 malware/ransomware alert(s); 1 lateral-movement alert(s),5,0,0,3,0,2,0,0,0,0,0,0,High,LPT-11212,Low,Customer Support
LPT-11409,2,1,1,1,0,0,0,0,1,0,0,0,0,0,1,10,1 critical alert(s); 1 credential-access alert(s),5,3,0,0,0,0,2,0,0,0,0,0,High,LPT-11409,Medium,Procurement
LPT-11476,2,1,0,0,0,1,0,0,1,0,0,0,0,0,1,10,1 critical alert(s); 1 malware/ransomware alert(s); 1 credential-access alert(s),5,0,0,3,0,0,2,0,0,0,0,0,High,LPT-11476,High,Research And Development
LPT-11572,2,1,0,0,0,1,0,1,0,0,0,0,0,0,1,10,1 critical alert(s); 1 malware/ransomware alert(s); 1 lateral-movement alert(s),5,0,0,3,0,2,0,0,0,0,0,0,High,LPT-11572,Medium,Sales
LPT-11816,2,1,0,1,0,1,0,1,0,0,0,0,0,0,1,10,1 critical alert(s); 1 malware/ransomware alert(s); 1 lateral-movement alert(s),5,0,0,3,0,2,0,0,0,0,0,0,High,LPT-11816,,Finance
LPT-11890,2,0,1,1,0,0,0,0,0,0,1,0,2,0,1,10,2 inactive-user event(s),0,3,0,0,0,0,0,0,1,0,6,0,High,LPT-11890,High,Purch
LPT-11902,2,0,0,2,0,1,0,0,0,0,1,0,2,0,1,10,1 malware/ransomware alert(s); 2 inactive-user event(s),0,0,0,3,0,0,0,0,1,0,6,0,High,LPT-11902,Medium,Customer Care
LPT-12211,2,0,1,1,0,1,0,0,1,0,0,0,0,2,1,10,1 malware/ransomware alert(s); 1 credential-access alert(s); 2 identity review concern(s),0,3,0,3,0,0,2,0,0,0,0,2,High,LPT-12211,Critical,Purchase
LPT-12372,2,1,0,1,1,0,0,1,0,0,0,0,0,0,1,10,1 critical alert(s); 1 unresolved critical alert(s); 1 lateral-movement alert(s),5,0,3,0,0,2,0,0,0,0,0,0,High,LPT-12372,Low,Purch
LPT-12652,2,1,0,2,1,0,0,0,1,0,0,0,0,0,1,10,1 critical alert(s); 1 unresolved critical alert(s); 1 credential-access alert(s),5,0,3,0,0,0,2,0,0,0,0,0,High,LPT-12652,Critical,Accounts
LPT-12653,2,0,0,2,0,0,2,0,0,0,0,0,2,0,1,10,2 PowerShell alert(s); 2 inactive-user event(s),0,0,0,0,4,0,0,0,0,0,6,0,High,LPT-12653,Low,Rnd
LPT-12900,2,0,0,2,0,0,1,1,0,0,0,0,2,0,1,10,1 PowerShell alert(s); 1 lateral-movement alert(s); 2 inactive-user event(s),0,0,0,0,2,2,0,0,0,0,6,0,High,LPT-12900,Critical,Supply Chain
MISSING_HOST::EMP10412,2,0,1,1,0,1,1,0,0,0,0,0,0,2,1,10,1 malware/ransomware alert(s); 1 PowerShell alert(s); 2 identity review concern(s),0,3,0,3,2,0,0,0,0,0,0,2,High,,High,It Dept
MISSING_HOST::EMP11355,2,0,1,1,0,1,0,1,0,0,0,0,0,2,1,10,1 malware/ransomware alert(s); 1 lateral-movement alert(s); 2 identity review concern(s),0,3,0,3,0,2,0,0,0,0,0,2,High,,Low,R&D
MISSING_HOST::EMP11543,2,0,2,2,0,0,0,0,0,0,2,0,0,2,1,10,2 identity review concern(s),0,6,0,0,0,0,0,0,2,0,0,2,High,,,Legal
MISSING_HOST::EMP12428,2,0,2,2,0,0,0,0,0,0,2,0,0,2,1,10,2 identity review concern(s),0,6,0,0,0,0,0,0,2,0,0,2,High,,High,Finance
MISSING_HOST::EMP12662,2,0,1,1,0,1,0,0,1,0,0,0,0,2,1,10,1 malware/ransomware alert(s); 1 credential-access alert(s); 2 identity review concern(s),0,3,0,3,0,0,2,0,0,0,0,2,High,,High,Cs
MISSING_HOST::EMP12693,2,0,1,1,0,1,0,1,0,0,0,0,0,2,1,10,1 malware/ransomware alert(s); 1 lateral-movement alert(s); 2 identity review concern(s),0,3,0,3,0,2,0,0,0,0,0,2,High,,Critical,Legal
MISSING_HOST::EMP12806,2,0,1,2,0,1,0,0,1,0,0,0,0,2,1,10,1 malware/ransomware alert(s); 1 credential-access alert(s); 2 identity review concern(s),0,3,0,3,0,0,2,0,0,0,0,2,High,,Medium,Human Resource
VDR-10056,2,0,0,1,0,0,0,0,1,0,1,1,2,0,1,10,1 credential-access alert(s); 2 inactive-user event(s),0,0,0,0,0,0,2,0,1,1,6,0,High,VDR-10056,Low,Supply Chain
VDR-10123,2,0,1,1,0,1,0,0,1,0,0,0,0,2,1,10,1 malware/ransomware alert(s); 1 credential-access alert(s); 2 identity review concern(s),0,3,0,3,0,0,2,0,0,0,0,2,High,VDR-10123,High,Marketing
VDR-10244,2,0,0,0,0,0,1,0,0,0,0,0,2,2,1,10,1 PowerShell alert(s); 2 inactive-user event(s); 2 identity review concern(s),0,0,0,0,2,0,0,0,0,0,6,2,High,VDR-10244,Low,Marketing
VDR-10315.CORP.LOCAL,2,0,1,2,0,1,0,1,0,0,0,0,0,2,1,10,1 malware/ransomware alert(s); 1 lateral-movement alert(s); 2 identity review concern(s),0,3,0,3,0,2,0,0,0,0,0,2,High,VDR-10315.CORP.LOCAL,Low,Hr Dept
VDR-10353,2,1,0,1,0,1,0,0,1,0,0,0,0,0,1,10,1 critical alert(s); 1 malware/ransomware alert(s); 1 credential-access alert(s),5,0,0,3,0,0,2,0,0,0,0,0,High,VDR-10353,Critical,People Team
VDR-11047,2,0,1,2,0,1,1,0,0,0,0,0,0,2,1,10,1 malware/ransomware alert(s); 1 PowerShell alert(s); 2 identity review concern(s),0,3,0,3,2,0,0,0,0,0,0,2,High,VDR-11047,Low,Research And Development
VDR-11082,2,0,0,0,0,0,0,2,0,0,0,0,2,0,1,10,2 lateral-movement alert(s); 2 inactive-user event(s),0,0,0,0,0,4,0,0,0,0,6,0,High,VDR-11082,,It Support
VDR-11272,2,1,1,1,0,0,1,0,0,0,0,0,0,0,1,10,1 critical alert(s); 1 PowerShell alert(s),5,3,0,0,2,0,0,0,0,0,0,0,High,VDR-11272,Critical,Ops Team
VDR-11388,2,0,1,2,0,1,1,0,0,0,0,0,0,2,1,10,1 malware/ransomware alert(s); 1 PowerShell alert(s); 2 identity review concern(s),0,3,0,3,2,0,0,0,0,0,0,2,High,VDR-11388,Medium,Finance
VDR-11412,2,1,0,1,0,1,1,0,0,0,0,0,0,0,1,10,1 critical alert(s); 1 malware/ransomware alert(s); 1 PowerShell alert(s),5,0,0,3,2,0,0,0,0,0,0,0,High,VDR-11412,High,Marketing Dept
VDR-11703,2,1,0,2,1,0,0,1,0,0,0,0,0,0,1,10,1 critical alert(s); 1 unresolved critical alert(s); 1 lateral-movement alert(s),5,0,3,0,0,2,0,0,0,0,0,0,High,VDR-11703,Low,Information Tech
VDR-11996,2,1,0,2,1,0,0,0,0,0,0,0,0,2,1,10,1 critical alert(s); 1 unresolved critical alert(s); 2 identity review concern(s),5,0,3,0,0,0,0,0,0,0,0,2,High,VDR-11996,Critical,Information Technology
VDR-12156,2,0,0,2,0,0,0,0,1,0,1,1,2,0,1,10,1 credential-access alert(s); 2 inactive-user event(s),0,0,0,0,0,0,2,0,1,1,6,0,High,VDR-12156,Critical,Legal Dept
VDR-12181,2,1,0,0,0,1,0,1,0,0,0,0,0,0,1,10,1 critical alert(s); 1 malware/ransomware alert(s); 1 lateral-movement alert(s),5,0,0,3,0,2,0,0,0,0,0,0,High,VDR-12181,High,Mktg
VDR-12404,2,1,0,1,0,1,1,0,0,0,0,0,0,0,1,10,1 critical alert(s); 1 malware/ransomware alert(s); 1 PowerShell alert(s),5,0,0,3,2,0,0,0,0,0,0,0,High,VDR-12404,Critical,Marketing Dept
VDR-12875,2,0,1,2,0,1,0,0,0,0,1,1,0,2,1,10,1 malware/ransomware alert(s); 2 identity review concern(s),0,3,0,3,0,0,0,0,1,1,0,2,High,VDR-12875,High,Call Center
WS-10091,2,0,0,1,0,0,1,1,0,0,0,0,2,0,1,10,1 PowerShell alert(s); 1 lateral-movement alert(s); 2 inactive-user event(s),0,0,0,0,2,2,0,0,0,0,6,0,High,WS-10091,Low,Human Resource
WS-10134,2,0,1,1,0,1,0,0,1,0,0,0,0,2,1,10,1 malware/ransomware alert(s); 1 credential-access alert(s); 2 identity review concern(s),0,3,0,3,0,0,2,0,0,0,0,2,High,WS-10134,High,Human Resource
WS-10351,2,1,0,0,0,1,0,0,1,0,0,0,0,0,1,10,1 critical alert(s); 1 malware/ransomware alert(s); 1 credential-access alert(s),5,0,0,3,0,0,2,0,0,0,0,0,High,WS-10351,Low,Support
WS-10828,2,1,0,1,1,0,0,0,1,0,0,0,0,0,1,10,1 critical alert(s); 1 unresolved critical alert(s); 1 credential-access alert(s),5,0,3,0,0,0,2,0,0,0,0,0,High,WS-10828,Medium,Hr Dept
WS-10996,2,0,1,1,0,1,0,0,1,0,0,0,0,2,1,10,1 malware/ransomware alert(s); 1 credential-access alert(s); 2 identity review concern(s),0,3,0,3,0,0,2,0,0,0,0,2,High,WS-10996,Critical,Finance
WS-10999,2,0,1,2,0,1,1,0,0,0,0,0,0,2,1,10,1 malware/ransomware alert(s); 1 PowerShell alert(s); 2 identity review concern(s),0,3,0,3,2,0,0,0,0,0,0,2,High,WS-10999,Critical,Cs
WS-11435,2,0,1,1,0,1,1,0,0,0,0,0,0,2,1,10,1 malware/ransomware alert(s); 1 PowerShell alert(s); 2 identity review concern(s),0,3,0,3,2,0,0,0,0,0,0,2,High,WS-11435,High,Innovation
WS-11471,2,1,1,1,0,0,1,0,0,0,0,0,0,0,1,10,1 critical alert(s); 1 PowerShell alert(s),5,3,0,0,2,0,0,0,0,0,0,0,High,WS-11471,Medium,Legal
WS-11547,2,0,1,2,0,1,1,0,0,0,0,0,0,2,1,10,1 malware/ransomware alert(s); 1 PowerShell alert(s); 2 identity review concern(s),0,3,0,3,2,0,0,0,0,0,0,2,High,WS-11547,Low,
WS-11819,2,0,0,0,0,0,1,1,0,0,0,0,2,0,1,10,1 PowerShell alert(s); 1 lateral-movement alert(s); 2 inactive-user event(s),0,0,0,0,2,2,0,0,0,0,6,0,High,WS-11819,High,Legal Dept
WS-11827,2,1,0,1,0,1,0,1,0,0,0,0,0,0,1,10,1 critical alert(s); 1 malware/ransomware alert(s); 1 lateral-movement alert(s),5,0,0,3,0,2,0,0,0,0,0,0,High,WS-11827,Critical,Legal
WS-11828,2,0,0,1,0,0,1,0,1,0,0,0,2,0,1,10,1 PowerShell alert(s); 1 credential-access alert(s); 2 inactive-user event(s),0,0,0,0,2,0,2,0,0,0,6,0,High,WS-11828,Low,Rnd
WS-11864,2,0,1,2,0,1,0,0,1,0,0,0,0,2,1,10,1 malware/ransomware alert(s); 1 credential-access alert(s); 2 identity review concern(s),0,3,0,3,0,0,2,0,0,0,0,2,High,WS-11864,High,Mktg
WS-11905,2,0,1,1,0,1,0,1,0,0,0,0,0,2,1,10,1 malware/ransomware alert(s); 1 lateral-movement alert(s); 2 identity review concern(s),0,3,0,3,0,2,0,0,0,0,0,2,High,WS-11905,High,Purchase
WS-11957,2,0,1,1,0,1,1,0,0,0,0,0,0,2,1,10,1 malware/ransomware alert(s); 1 PowerShell alert(s); 2 identity review concern(s),0,3,0,3,2,0,0,0,0,0,0,2,High,WS-11957,Medium,Finance
WS-12077,2,1,0,1,1,0,0,1,0,0,0,0,0,0,1,10,1 critical alert(s); 1 unresolved critical alert(s); 1 lateral-movement alert(s),5,0,3,0,0,2,0,0,0,0,0,0,High,WS-12077,Critical,Human Resource
WS-12224,2,0,2,2,0,0,1,1,0,0,0,0,0,0,1,10,1 PowerShell alert(s); 1 lateral-movement alert(s),0,6,0,0,2,2,0,0,0,0,0,0,High,WS-12224,High,Legal
WS-12418,2,1,0,0,0,1,0,0,0,0,0,0,0,2,1,10,1 critical alert(s); 1 malware/ransomware alert(s); 2 identity review concern(s),5,0,0,3,0,0,0,0,0,0,0,2,High,WS-12418,Low,
WS-12443,2,1,0,1,1,0,0,0,1,0,0,0,0,0,1,10,1 critical alert(s); 1 unresolved critical alert(s); 1 credential-access alert(s),5,0,3,0,0,0,2,0,0,0,0,0,High,WS-12443,Medium,Legal
WS-12846,2,1,0,0,0,1,1,0,0,0,0,0,0,0,1,10,1 critical alert(s); 1 malware/ransomware alert(s); 1 PowerShell alert(s),5,0,0,3,2,0,0,0,0,0,0,0,High,WS-12846,Critical,Information Technology
WS-12914,2,1,0,1,1,0,0,1,0,0,0,0,0,0,1,10,1 critical alert(s); 1 unresolved critical alert(s); 1 lateral-movement alert(s),5,0,3,0,0,2,0,0,0,0,0,0,High,WS-12914,Critical,Sales Team
LPT-10347.CORP.LOCAL,1,1,0,1,1,0,0,0,0,0,1,0,0,1,1,10,1 critical alert(s); 1 unresolved critical alert(s); 1 identity review concern(s),5,0,3,0,0,0,0,0,1,0,0,1,High,LPT-10347.CORP.LOCAL,High,Support
LPT-10463.CORP.LOCAL,1,0,1,0,0,1,0,0,0,0,0,0,1,1,1,10,1 malware/ransomware alert(s); 1 inactive-user event(s); 1 identity review concern(s),0,3,0,3,0,0,0,0,0,0,3,1,High,LPT-10463.CORP.LOCAL,High,Innovation
LPT-11324.CORP.LOCAL,1,1,0,1,1,0,0,0,0,0,1,0,0,1,1,10,1 critical alert(s); 1 unresolved critical alert(s); 1 identity review concern(s),5,0,3,0,0,0,0,0,1,0,0,1,High,LPT-11324.CORP.LOCAL,High,Sales
LPT-11956,1,1,0,1,1,0,0,0,1,0,0,0,0,0,1,10,1 critical alert(s); 1 unresolved critical alert(s); 1 credential-access alert(s),5,0,3,0,0,0,2,0,0,0,0,0,High,LPT-11956,,Customer Support
LPT-12566.CORP.LOCAL,1,0,1,1,0,1,0,0,0,0,0,0,1,1,1,10,1 malware/ransomware alert(s); 1 inactive-user event(s); 1 identity review concern(s),0,3,0,3,0,0,0,0,0,0,3,1,High,LPT-12566.CORP.LOCAL,Critical,Innovation
LPT-12651.CORP.LOCAL,1,0,1,0,0,1,0,0,0,0,0,0,1,1,1,10,1 malware/ransomware alert(s); 1 inactive-user event(s); 1 identity review concern(s),0,3,0,3,0,0,0,0,0,0,3,1,High,LPT-12651.CORP.LOCAL,Critical,Hr Dept
MISSING_HOST::EMP10251,1,1,0,1,1,0,0,0,0,0,1,0,0,1,1,10,1 critical alert(s); 1 unresolved critical alert(s); 1 identity review concern(s),5,0,3,0,0,0,0,0,1,0,0,1,High,,,
MISSING_HOST::EMP11019,1,1,0,0,0,0,0,0,0,0,1,0,1,1,1,10,1 critical alert(s); 1 inactive-user event(s); 1 identity review concern(s),5,0,0,0,0,0,0,0,1,0,3,1,High,,Critical,Mkt
MISSING_HOST::EMP11053,1,1,0,1,1,0,0,0,0,0,1,0,0,1,1,10,1 critical alert(s); 1 unresolved critical alert(s); 1 identity review concern(s),5,0,3,0,0,0,0,0,1,0,0,1,High,,Low,Accounts
MISSING_HOST::EMP11114,1,1,0,1,1,0,0,0,0,0,1,0,0,1,1,10,1 critical alert(s); 1 unresolved critical alert(s); 1 identity review concern(s),5,0,3,0,0,0,0,0,1,0,0,1,High,,,Operations
MISSING_HOST::EMP11173,1,1,0,1,1,0,0,0,0,0,1,0,0,1,1,10,1 critical alert(s); 1 unresolved critical alert(s); 1 identity review concern(s),5,0,3,0,0,0,0,0,1,0,0,1,High,,Medium,Legal
MISSING_HOST::EMP11174,1,1,0,1,1,0,0,0,0,0,1,0,0,1,1,10,1 critical alert(s); 1 unresolved critical alert(s); 1 identity review concern(s),5,0,3,0,0,0,0,0,1,0,0,1,High,,Low,Accounts
MISSING_HOST::EMP11390,1,1,0,1,1,0,0,0,0,0,1,0,0,1,1,10,1 critical alert(s); 1 unresolved critical alert(s); 1 identity review concern(s),5,0,3,0,0,0,0,0,1,0,0,1,High,,Low,It
MISSING_HOST::EMP12043,1,0,1,0,0,1,0,0,0,0,0,0,1,1,1,10,1 malware/ransomware alert(s); 1 inactive-user event(s); 1 identity review concern(s),0,3,0,3,0,0,0,0,0,0,3,1,High,,Medium,Purchase
MISSING_HOST::EMP12078,1,1,0,1,1,0,0,0,0,0,1,0,0,1,1,10,1 critical alert(s); 1 unresolved critical alert(s); 1 identity review concern(s),5,0,3,0,0,0,0,0,1,0,0,1,High,,Low,Business Sales
MISSING_HOST::EMP12746,1,1,0,1,1,0,0,0,0,0,1,0,0,1,1,10,1 critical alert(s); 1 unresolved critical alert(s); 1 identity review concern(s),5,0,3,0,0,0,0,0,1,0,0,1,High,,High,Rnd
VDR-10132,1,1,0,1,1,0,0,0,1,0,0,0,0,0,1,10,1 critical alert(s); 1 unresolved critical alert(s); 1 credential-access alert(s),5,0,3,0,0,0,2,0,0,0,0,0,High,VDR-10132,Medium,Mktg
VDR-10170,1,1,0,1,1,0,0,1,0,0,0,0,0,0,1,10,1 critical alert(s); 1 unresolved critical alert(s); 1 lateral-movement alert(s),5,0,3,0,0,2,0,0,0,0,0,0,High,VDR-10170,Medium,Cs
VDR-10207.CORP.LOCAL,1,0,1,1,0,1,0,0,0,0,0,0,1,1,1,10,1 malware/ransomware alert(s); 1 inactive-user event(s); 1 identity review concern(s),0,3,0,3,0,0,0,0,0,0,3,1,High,VDR-10207.CORP.LOCAL,Low,Purchase
VDR-10947,1,1,0,0,0,0,0,0,1,0,0,0,1,0,1,10,1 critical alert(s); 1 credential-access alert(s); 1 inactive-user event(s),5,0,0,0,0,0,2,0,0,0,3,0,High,VDR-10947,Low,Business Sales
VDR-11166.CORP.LOCAL,1,0,1,1,0,1,0,0,0,0,0,0,1,1,1,10,1 malware/ransomware alert(s); 1 inactive-user event(s); 1 identity review concern(s),0,3,0,3,0,0,0,0,0,0,3,1,High,VDR-11166.CORP.LOCAL,Low,Rnd
VDR-11524.CORP.LOCAL,1,0,1,1,0,1,0,0,0,0,0,0,1,1,1,10,1 malware/ransomware alert(s); 1 inactive-user event(s); 1 identity review concern(s),0,3,0,3,0,0,0,0,0,0,3,1,High,VDR-11524.CORP.LOCAL,High,Business Sales
VDR-11729.CORP.LOCAL,1,0,1,1,0,1,0,0,0,0,0,0,1,1,1,10,1 malware/ransomware alert(s); 1 inactive-user event(s); 1 identity review concern(s),0,3,0,3,0,0,0,0,0,0,3,1,High,VDR-11729.CORP.LOCAL,High,Sales Dept
VDR-12313,1,1,0,1,1,0,0,1,0,0,0,0,0,0,1,10,1 critical alert(s); 1 unresolved critical alert(s); 1 lateral-movement alert(s),5,0,3,0,0,2,0,0,0,0,0,0,High,VDR-12313,Critical,Information Tech
VDR-12338.CORP.LOCAL,1,0,1,1,0,1,0,0,0,0,0,0,1,1,1,10,1 malware/ransomware alert(s); 1 inactive-user event(s); 1 identity review concern(s),0,3,0,3,0,0,0,0,0,0,3,1,High,VDR-12338.CORP.LOCAL,Medium,Operations Dept
VDR-12560,1,1,0,1,1,0,0,0,1,0,0,0,0,0,1,10,1 critical alert(s); 1 unresolved critical alert(s); 1 credential-access alert(s),5,0,3,0,0,0,2,0,0,0,0,0,High,VDR-12560,,R&D
VDR-12655,1,1,0,1,1,0,0,1,0,0,0,0,0,0,1,10,1 critical alert(s); 1 unresolved critical alert(s); 1 lateral-movement alert(s),5,0,3,0,0,2,0,0,0,0,0,0,High,VDR-12655,Low,Customer Support
WS-10027.CORP.LOCAL,1,0,1,0,0,1,0,0,0,0,0,0,1,1,1,10,1 malware/ransomware alert(s); 1 inactive-user event(s); 1 identity review concern(s),0,3,0,3,0,0,0,0,0,0,3,1,High,WS-10027.CORP.LOCAL,Critical,Finance Dept
WS-10660,1,1,0,1,1,0,0,0,1,0,0,0,0,0,1,10,1 critical alert(s); 1 unresolved critical alert(s); 1 credential-access alert(s),5,0,3,0,0,0,2,0,0,0,0,0,High,WS-10660,High,Customer Support
WS-11106.CORP.LOCAL,1,1,0,1,1,0,0,0,0,0,1,0,0,1,1,10,1 critical alert(s); 1 unresolved critical alert(s); 1 identity review concern(s),5,0,3,0,0,0,0,0,1,0,0,1,High,WS-11106.CORP.LOCAL,Low,Call Center
WS-11248,1,1,0,1,1,0,1,0,0,0,0,0,0,0,1,10,1 critical alert(s); 1 unresolved critical alert(s); 1 PowerShell alert(s),5,0,3,0,2,0,0,0,0,0,0,0,High,WS-11248,,Rnd
WS-11657,1,1,0,1,1,0,0,1,0,0,0,0,0,0,1,10,1 critical alert(s); 1 unresolved critical alert(s); 1 lateral-movement alert(s),5,0,3,0,0,2,0,0,0,0,0,0,High,WS-11657,High,Business Sales
WS-11856,1,1,0,1,1,0,0,1,0,0,0,0,0,0,1,10,1 critical alert(s); 1 unresolved critical alert(s); 1 lateral-movement alert(s),5,0,3,0,0,2,0,0,0,0,0,0,High,WS-11856,High,Rd
WS-12264,1,1,0,1,1,0,0,1,0,0,0,0,0,0,1,10,1 critical alert(s); 1 unresolved critical alert(s); 1 lateral-movement alert(s),5,0,3,0,0,2,0,0,0,0,0,0,High,WS-12264,High,Finance
LPT-11300,6,0,0,3,0,3,0,0,0,0,0,0,0,0,1,9,3 malware/ransomware alert(s),0,0,0,9,0,0,0,0,0,0,0,0,Medium,LPT-11300,Low,Information Tech
LPT-10318,5,0,0,2,0,1,2,0,1,0,0,0,0,0,1,9,1 malware/ransomware alert(s); 2 PowerShell alert(s); 1 credential-access alert(s),0,0,0,3,4,0,2,0,0,0,0,0,Medium,LPT-10318,Critical,Information Technology
LPT-10545,5,0,0,3,0,2,0,1,0,0,1,0,0,0,1,9,2 malware/ransomware alert(s); 1 lateral-movement alert(s),0,0,0,6,0,2,0,0,1,0,0,0,Medium,LPT-10545,Medium,Operations
LPT-11818,5,0,0,3,0,1,0,2,1,0,0,0,0,0,1,9,1 malware/ransomware alert(s); 2 lateral-movement alert(s); 1 credential-access alert(s),0,0,0,3,0,4,2,0,0,0,0,0,Medium,LPT-11818,Critical,Sales Dept
LPT-12432,5,0,1,4,0,1,0,0,1,0,1,0,0,0,1,9,1 malware/ransomware alert(s); 1 credential-access alert(s),0,3,0,3,0,0,2,0,1,0,0,0,Medium,LPT-12432,Medium,Support
VDR-11003,5,1,0,4,0,0,0,0,1,0,2,0,0,0,1,9,1 critical alert(s); 1 credential-access alert(s),5,0,0,0,0,0,2,0,2,0,0,0,Medium,VDR-11003,Critical,Legal
VDR-12602,5,0,1,3,0,0,0,0,2,0,2,0,0,0,1,9,2 credential-access alert(s),0,3,0,0,0,0,4,0,2,0,0,0,Medium,VDR-12602,Medium,Human Resources
WS-11172,5,0,1,3,0,0,1,0,1,0,2,0,0,0,1,9,1 PowerShell alert(s); 1 credential-access alert(s),0,3,0,0,2,0,2,0,2,0,0,0,Medium,WS-11172,Medium,Human Resources
LPT-10011,4,0,0,2,0,1,1,1,1,0,0,0,0,0,1,9,1 malware/ransomware alert(s); 1 PowerShell alert(s); 1 lateral-movement alert(s); 1 credential-access alert(s),0,0,0,3,2,2,2,0,0,0,0,0,Medium,LPT-10011,Critical,Fin
LPT-11235,4,1,0,1,0,0,0,0,1,0,2,0,0,0,1,9,1 critical alert(s); 1 credential-access alert(s),5,0,0,0,0,0,2,0,2,0,0,0,Medium,LPT-11235,Medium,Legal Dept
LPT-11810,4,0,1,4,0,0,1,1,1,0,0,0,0,0,1,9,1 PowerShell alert(s); 1 lateral-movement alert(s); 1 credential-access alert(s),0,3,0,0,2,2,2,0,0,0,0,0,Medium,LPT-11810,Medium,It Support
LPT-12620,4,0,0,3,0,2,0,0,1,0,0,1,0,0,1,9,2 malware/ransomware alert(s); 1 credential-access alert(s),0,0,0,6,0,0,2,0,0,1,0,0,Medium,LPT-12620,High,Finance
LPT-12810,4,0,0,4,0,1,2,1,0,0,0,0,0,0,1,9,1 malware/ransomware alert(s); 2 PowerShell alert(s); 1 lateral-movement alert(s),0,0,0,3,4,2,0,0,0,0,0,0,Medium,LPT-12810,Critical,Cs
LPT-12921,4,0,1,2,0,0,1,0,1,0,2,0,0,0,1,9,1 PowerShell alert(s); 1 credential-access alert(s),0,3,0,0,2,0,2,0,2,0,0,0,Medium,LPT-12921,Low,Procurement Team
VDR-10435,4,0,0,0,0,1,1,1,1,0,0,0,0,0,1,9,1 malware/ransomware alert(s); 1 PowerShell alert(s); 1 lateral-movement alert(s); 1 credential-access alert(s),0,0,0,3,2,2,2,0,0,0,0,0,Medium,VDR-10435,Critical,Finance Dept
VDR-11754,4,0,0,3,0,2,0,1,0,0,1,0,0,0,1,9,2 malware/ransomware alert(s); 1 lateral-movement alert(s),0,0,0,6,0,2,0,0,1,0,0,0,Medium,VDR-11754,Low,Customer Support
VDR-11922,4,0,0,3,0,2,0,1,0,0,0,1,0,0,1,9,2 malware/ransomware alert(s); 1 lateral-movement alert(s),0,0,0,6,0,2,0,0,0,1,0,0,Medium,VDR-11922,Low,Operations Dept
WS-10400,4,0,0,3,0,1,1,0,2,0,0,0,0,0,1,9,1 malware/ransomware alert(s); 1 PowerShell alert(s); 2 credential-access alert(s),0,0,0,3,2,0,4,0,0,0,0,0,Medium,WS-10400,Low,Legal
WS-10945,4,0,0,0,0,1,0,0,2,0,1,1,0,0,1,9,1 malware/ransomware alert(s); 2 credential-access alert(s),0,0,0,3,0,0,4,0,1,1,0,0,Medium,WS-10945,Critical,Finance Dept
WS-11223,4,0,0,4,0,1,1,1,1,0,0,0,0,0,1,9,1 malware/ransomware alert(s); 1 PowerShell alert(s); 1 lateral-movement alert(s); 1 credential-access alert(s),0,0,0,3,2,2,2,0,0,0,0,0,Medium,WS-11223,Low,Mktg
WS-11269,4,0,0,3,0,3,0,0,0,0,0,0,0,0,1,9,3 malware/ransomware alert(s),0,0,0,9,0,0,0,0,0,0,0,0,Medium,WS-11269,Critical,Finance
WS-11845,4,0,1,2,0,0,1,1,1,0,0,0,0,0,1,9,1 PowerShell alert(s); 1 lateral-movement alert(s); 1 credential-access alert(s),0,3,0,0,2,2,2,0,0,0,0,0,Medium,WS-11845,Critical,Legal
WS-12206,4,0,1,1,0,1,0,1,0,0,1,0,0,0,1,9,1 malware/ransomware alert(s); 1 lateral-movement alert(s),0,3,0,3,0,2,0,0,1,0,0,0,Medium,WS-12206,High,Ops
WS-12874,4,0,0,2,0,2,0,1,0,0,1,0,0,0,1,9,2 malware/ransomware alert(s); 1 lateral-movement alert(s),0,0,0,6,0,2,0,0,1,0,0,0,Medium,WS-12874,Medium,Information Tech
LPT-10054,3,0,1,2,0,1,0,1,0,0,1,0,0,0,1,9,1 malware/ransomware alert(s); 1 lateral-movement alert(s),0,3,0,3,0,2,0,0,1,0,0,0,Medium,LPT-10054,High,Accounts
LPT-10098,3,0,0,3,0,3,0,0,0,0,0,0,0,0,1,9,3 malware/ransomware alert(s),0,0,0,9,0,0,0,0,0,0,0,0,Medium,LPT-10098,High,Innovation
LPT-10460,3,0,1,2,0,0,2,0,1,0,0,0,0,0,1,9,2 PowerShell alert(s); 1 credential-access alert(s),0,3,0,0,4,0,2,0,0,0,0,0,Medium,LPT-10460,Medium,Legal
LPT-10483,3,0,1,2,0,2,0,0,0,0,0,0,0,0,1,9,2 malware/ransomware alert(s),0,3,0,6,0,0,0,0,0,0,0,0,Medium,LPT-10483,High,Ops
LPT-10685,3,0,1,1,0,2,0,0,0,0,0,0,0,0,1,9,2 malware/ransomware alert(s),0,3,0,6,0,0,0,0,0,0,0,0,Medium,LPT-10685,Medium,Ops Team
LPT-10811,3,0,1,2,0,2,0,0,0,0,0,0,0,0,1,9,2 malware/ransomware alert(s),0,3,0,6,0,0,0,0,0,0,0,0,Medium,LPT-10811,Critical,Human Resource
LPT-10985,3,0,1,2,0,1,0,1,0,0,1,0,0,0,1,9,1 malware/ransomware alert(s); 1 lateral-movement alert(s),0,3,0,3,0,2,0,0,1,0,0,0,Medium,LPT-10985,Low,Fin
LPT-11294,3,0,0,2,0,3,0,0,0,0,0,0,0,0,1,9,3 malware/ransomware alert(s),0,0,0,9,0,0,0,0,0,0,0,0,Medium,LPT-11294,Medium,Hr Dept
LPT-11299,3,0,1,2,0,0,1,0,1,0,1,1,0,0,1,9,1 PowerShell alert(s); 1 credential-access alert(s),0,3,0,0,2,0,2,0,1,1,0,0,Medium,LPT-11299,Critical,Compliance
LPT-11498,3,0,1,2,0,1,0,0,1,0,1,0,0,0,1,9,1 malware/ransomware alert(s); 1 credential-access alert(s),0,3,0,3,0,0,2,0,1,0,0,0,Medium,LPT-11498,High,Purch
LPT-11528,3,0,1,1,0,0,2,1,0,0,0,0,0,0,1,9,2 PowerShell alert(s); 1 lateral-movement alert(s),0,3,0,0,4,2,0,0,0,0,0,0,Medium,LPT-11528,Medium,Procurement
LPT-11825,3,0,0,1,0,1,0,1,0,0,1,0,0,3,1,9,1 malware/ransomware alert(s); 1 lateral-movement alert(s); 3 identity review concern(s),0,0,0,3,0,2,0,0,1,0,0,3,Medium,LPT-11825,Medium,Brand Team
LPT-11884,3,0,1,3,0,1,0,0,1,0,1,0,0,0,1,9,1 malware/ransomware alert(s); 1 credential-access alert(s),0,3,0,3,0,0,2,0,1,0,0,0,Medium,LPT-11884,Low,It Support
LPT-12201,3,0,0,3,0,0,0,3,0,0,0,0,0,3,1,9,3 lateral-movement alert(s); 3 identity review concern(s),0,0,0,0,0,6,0,0,0,0,0,3,Medium,LPT-12201,Medium,Innovation
LPT-12208,3,1,0,1,0,0,1,0,0,0,2,0,0,0,1,9,1 critical alert(s); 1 PowerShell alert(s),5,0,0,0,2,0,0,0,2,0,0,0,Medium,LPT-12208,High,Hr Dept
LPT-12607,3,0,0,1,0,1,0,1,0,0,1,0,0,3,1,9,1 malware/ransomware alert(s); 1 lateral-movement alert(s); 3 identity review concern(s),0,0,0,3,0,2,0,0,1,0,0,3,Medium,LPT-12607,Low,Finance Dept
VDR-10267,3,0,1,2,0,2,0,0,0,0,0,0,0,0,1,9,2 malware/ransomware alert(s),0,3,0,6,0,0,0,0,0,0,0,0,Medium,VDR-10267,High,People Team
VDR-10295,3,0,1,2,0,2,0,0,0,0,0,0,0,0,1,9,2 malware/ransomware alert(s),0,3,0,6,0,0,0,0,0,0,0,0,Medium,VDR-10295,Low,Mktg
VDR-10444,3,0,1,2,0,1,1,0,0,0,1,0,0,0,1,9,1 malware/ransomware alert(s); 1 PowerShell alert(s),0,3,0,3,2,0,0,0,1,0,0,0,Medium,VDR-10444,High,Legal
VDR-10949,3,0,1,3,0,1,0,1,0,0,1,0,0,0,1,9,1 malware/ransomware alert(s); 1 lateral-movement alert(s),0,3,0,3,0,2,0,0,1,0,0,0,Medium,VDR-10949,Medium,Cs
VDR-11929,3,0,0,3,0,3,0,0,0,0,0,0,0,0,1,9,3 malware/ransomware alert(s),0,0,0,9,0,0,0,0,0,0,0,0,Medium,VDR-11929,Critical,People Team
VDR-12137,3,0,0,1,0,3,0,0,0,0,0,0,0,0,1,9,3 malware/ransomware alert(s),0,0,0,9,0,0,0,0,0,0,0,0,Medium,VDR-12137,High,Innovation
VDR-12325,3,0,0,2,0,3,0,0,0,0,0,0,0,0,1,9,3 malware/ransomware alert(s),0,0,0,9,0,0,0,0,0,0,0,0,Medium,VDR-12325,High,Human Resources
VDR-12676,3,0,0,1,0,3,0,0,0,0,0,0,0,0,1,9,3 malware/ransomware alert(s),0,0,0,9,0,0,0,0,0,0,0,0,Medium,VDR-12676,Low,Compliance
WS-10121,3,0,1,2,0,0,0,1,2,0,0,0,0,0,1,9,1 lateral-movement alert(s); 2 credential-access alert(s),0,3,0,0,0,2,4,0,0,0,0,0,Medium,WS-10121,Critical,Rnd
WS-10211,3,0,0,0,0,3,0,0,0,0,0,0,0,0,1,9,3 malware/ransomware alert(s),0,0,0,9,0,0,0,0,0,0,0,0,Medium,WS-10211,High,Operations
WS-10618,3,1,0,1,0,1,0,0,0,0,1,0,0,0,1,9,1 critical alert(s); 1 malware/ransomware alert(s),5,0,0,3,0,0,0,0,1,0,0,0,Medium,WS-10618,High,Sales Dept
WS-11331,3,0,1,1,0,0,0,3,0,0,0,0,0,0,1,9,3 lateral-movement alert(s),0,3,0,0,0,6,0,0,0,0,0,0,Medium,WS-11331,Low,It Dept
WS-11418,3,0,1,1,0,1,1,0,0,0,1,0,0,0,1,9,1 malware/ransomware alert(s); 1 PowerShell alert(s),0,3,0,3,2,0,0,0,1,0,0,0,Medium,WS-11418,Critical,Marketing
WS-11672,3,0,0,2,0,2,0,0,0,0,0,0,0,3,1,9,2 malware/ransomware alert(s); 3 identity review concern(s),0,0,0,6,0,0,0,0,0,0,0,3,Medium,WS-11672,Medium,Mkt
WS-12050,3,0,0,1,0,1,0,0,1,0,0,1,0,3,1,9,1 malware/ransomware alert(s); 1 credential-access alert(s); 3 identity review concern(s),0,0,0,3,0,0,2,0,0,1,0,3,Medium,WS-12050,Low,Purchase
WS-12117,3,0,1,3,0,1,0,1,0,0,1,0,0,0,1,9,1 malware/ransomware alert(s); 1 lateral-movement alert(s),0,3,0,3,0,2,0,0,1,0,0,0,Medium,WS-12117,Medium,Legal
WS-12213,3,0,0,2,0,1,0,0,1,0,1,0,0,3,1,9,1 malware/ransomware alert(s); 1 credential-access alert(s); 3 identity review concern(s),0,0,0,3,0,0,2,0,1,0,0,3,Medium,WS-12213,Medium,Rnd
WS-12406,3,0,1,2,0,1,1,0,0,0,1,0,0,0,1,9,1 malware/ransomware alert(s); 1 PowerShell alert(s),0,3,0,3,2,0,0,0,1,0,0,0,Medium,WS-12406,High,Accounts
WS-12514,3,0,0,2,0,2,0,0,0,0,0,0,0,3,1,9,2 malware/ransomware alert(s); 3 identity review concern(s),0,0,0,6,0,0,0,0,0,0,0,3,Medium,WS-12514,Critical,Information Tech
WS-12698,3,0,1,1,0,1,0,0,1,0,1,0,0,0,1,9,1 malware/ransomware alert(s); 1 credential-access alert(s),0,3,0,3,0,0,2,0,1,0,0,0,Medium,WS-12698,Critical,Legal Dept
WS-12908,3,0,0,3,0,1,0,1,0,0,1,0,0,3,1,9,1 malware/ransomware alert(s); 1 lateral-movement alert(s); 3 identity review concern(s),0,0,0,3,0,2,0,0,1,0,0,3,Medium,WS-12908,Critical,Supply Chain
LPT-10306,2,0,1,2,0,2,0,0,0,0,0,0,0,0,1,9,2 malware/ransomware alert(s),0,3,0,6,0,0,0,0,0,0,0,0,Medium,LPT-10306,High,Ops Team
LPT-10862,2,0,1,1,0,0,1,1,0,0,0,0,0,2,1,9,1 PowerShell alert(s); 1 lateral-movement alert(s); 2 identity review concern(s),0,3,0,0,2,2,0,0,0,0,0,2,Medium,LPT-10862,Low,Fin
LPT-11035,2,0,0,0,0,1,0,0,0,0,0,0,2,0,1,9,1 malware/ransomware alert(s); 2 inactive-user event(s),0,0,0,3,0,0,0,0,0,0,6,0,Medium,LPT-11035,High,Rd
LPT-11065,2,0,1,2,0,2,0,0,0,0,0,0,0,0,1,9,2 malware/ransomware alert(s),0,3,0,6,0,0,0,0,0,0,0,0,Medium,LPT-11065,High,Operations Dept
LPT-11304,2,0,1,0,0,2,0,0,0,0,0,0,0,0,1,9,2 malware/ransomware alert(s),0,3,0,6,0,0,0,0,0,0,0,0,Medium,LPT-11304,High,Support
LPT-11333,2,0,1,2,0,1,0,0,0,0,1,0,0,2,1,9,1 malware/ransomware alert(s); 2 identity review concern(s),0,3,0,3,0,0,0,0,1,0,0,2,Medium,LPT-11333,Low,Legal
LPT-11488,2,1,0,0,0,1,0,0,0,0,0,1,0,0,1,9,1 critical alert(s); 1 malware/ransomware alert(s),5,0,0,3,0,0,0,0,0,1,0,0,Medium,LPT-11488,Critical,R&D
LPT-11789,2,0,2,1,0,1,0,0,0,0,0,0,0,0,1,9,1 malware/ransomware alert(s),0,6,0,3,0,0,0,0,0,0,0,0,Medium,LPT-11789,Critical,Operations
LPT-11833,2,0,1,1,0,1,0,0,1,0,0,1,0,0,1,9,1 malware/ransomware alert(s); 1 credential-access alert(s),0,3,0,3,0,0,2,0,0,1,0,0,Medium,LPT-11833,Critical,Sales
LPT-11904,2,0,2,2,0,0,0,1,0,0,1,0,0,0,1,9,1 lateral-movement alert(s),0,6,0,0,0,2,0,0,1,0,0,0,Medium,LPT-11904,Medium,Innovation
LPT-11993,2,0,1,1,0,2,0,0,0,0,0,0,0,0,1,9,2 malware/ransomware alert(s),0,3,0,6,0,0,0,0,0,0,0,0,Medium,LPT-11993,Low,Information Tech
LPT-12167,2,0,1,2,0,2,0,0,0,0,0,0,0,0,1,9,2 malware/ransomware alert(s),0,3,0,6,0,0,0,0,0,0,0,0,Medium,LPT-12167,Medium,It Dept
LPT-12257,2,0,0,1,0,2,0,0,0,0,0,1,0,2,1,9,2 malware/ransomware alert(s); 2 identity review concern(s),0,0,0,6,0,0,0,0,0,1,0,2,Medium,LPT-12257,Critical,Ops
LPT-12364,2,0,0,2,0,0,0,0,1,0,1,0,2,0,1,9,1 credential-access alert(s); 2 inactive-user event(s),0,0,0,0,0,0,2,0,1,0,6,0,Medium,LPT-12364,High,Sales Team
LPT-12466,2,0,0,1,0,0,0,0,1,0,1,0,2,0,1,9,1 credential-access alert(s); 2 inactive-user event(s),0,0,0,0,0,0,2,0,1,0,6,0,Medium,LPT-12466,Medium,Hr
LPT-12641,2,0,1,1,0,2,0,0,0,0,0,0,0,0,1,9,2 malware/ransomware alert(s),0,3,0,6,0,0,0,0,0,0,0,0,Medium,LPT-12641,Medium,Innovation
LPT-12645,2,0,2,1,0,0,0,1,0,0,1,0,0,0,1,9,1 lateral-movement alert(s),0,6,0,0,0,2,0,0,1,0,0,0,Medium,LPT-12645,Medium,Ops
MISSING_HOST::EMP10604,2,0,1,2,0,0,1,0,1,0,0,0,0,2,1,9,1 PowerShell alert(s); 1 credential-access alert(s); 2 identity review concern(s),0,3,0,0,2,0,2,0,0,0,0,2,Medium,,Medium,Customer Support
MISSING_HOST::EMP10807,2,1,0,0,0,0,1,0,0,0,0,0,0,2,1,9,1 critical alert(s); 1 PowerShell alert(s); 2 identity review concern(s),5,0,0,0,2,0,0,0,0,0,0,2,Medium,,High,It Support
VDR-10072,2,1,0,1,0,1,0,0,0,0,1,0,0,0,1,9,1 critical alert(s); 1 malware/ransomware alert(s),5,0,0,3,0,0,0,0,1,0,0,0,Medium,VDR-10072,Medium,R&D
VDR-10124,2,0,1,2,0,2,0,0,0,0,0,0,0,0,1,9,2 malware/ransomware alert(s),0,3,0,6,0,0,0,0,0,0,0,0,Medium,VDR-10124,Medium,Ops Team
VDR-10299,2,0,1,2,0,2,0,0,0,0,0,0,0,0,1,9,2 malware/ransomware alert(s),0,3,0,6,0,0,0,0,0,0,0,0,Medium,VDR-10299,Low,Procurement
VDR-10623,2,0,1,2,0,0,1,0,1,0,0,0,0,2,1,9,1 PowerShell alert(s); 1 credential-access alert(s); 2 identity review concern(s),0,3,0,0,2,0,2,0,0,0,0,2,Medium,VDR-10623,Low,Cs
VDR-10673,2,1,0,1,0,0,1,1,0,0,0,0,0,0,1,9,1 critical alert(s); 1 PowerShell alert(s); 1 lateral-movement alert(s),5,0,0,0,2,2,0,0,0,0,0,0,Medium,VDR-10673,High,Support
VDR-11576,2,0,2,2,0,1,0,0,0,0,0,0,0,0,1,9,1 malware/ransomware alert(s),0,6,0,3,0,0,0,0,0,0,0,0,Medium,VDR-11576,Critical,Support
VDR-11768,2,0,0,0,0,0,0,1,0,0,1,0,2,0,1,9,1 lateral-movement alert(s); 2 inactive-user event(s),0,0,0,0,0,2,0,0,1,0,6,0,Medium,VDR-11768,Low,Purchase
VDR-11940,2,0,1,0,0,1,0,1,0,0,0,1,0,0,1,9,1 malware/ransomware alert(s); 1 lateral-movement alert(s),0,3,0,3,0,2,0,0,0,1,0,0,Medium,VDR-11940,Medium,Brand Team
VDR-12042,2,1,0,1,0,0,2,0,0,0,0,0,0,0,1,9,1 critical alert(s); 2 PowerShell alert(s),5,0,0,0,4,0,0,0,0,0,0,0,Medium,VDR-12042,Critical,Human Resource
VDR-12154,2,0,0,1,0,1,0,0,0,0,0,0,2,0,1,9,1 malware/ransomware alert(s); 2 inactive-user event(s),0,0,0,3,0,0,0,0,0,0,6,0,Medium,VDR-12154,Medium,Information Tech
VDR-12308,2,0,2,2,0,0,1,0,0,0,1,0,0,0,1,9,1 PowerShell alert(s),0,6,0,0,2,0,0,0,1,0,0,0,Medium,VDR-12308,Low,Legal
VDR-12458,2,0,0,2,0,0,1,0,0,0,1,0,2,0,1,9,1 PowerShell alert(s); 2 inactive-user event(s),0,0,0,0,2,0,0,0,1,0,6,0,Medium,VDR-12458,Medium,Legal Dept
WS-10009,2,0,1,2,0,2,0,0,0,0,0,0,0,0,1,9,2 malware/ransomware alert(s),0,3,0,6,0,0,0,0,0,0,0,0,Medium,WS-10009,Low,Customer Care
WS-10119,2,1,0,1,0,0,0,0,1,0,0,0,0,2,1,9,1 critical alert(s); 1 credential-access alert(s); 2 identity review concern(s),5,0,0,0,0,0,2,0,0,0,0,2,Medium,WS-10119,Low,It Dept
WS-10219,2,0,1,1,0,1,0,1,0,0,0,1,0,0,1,9,1 malware/ransomware alert(s); 1 lateral-movement alert(s),0,3,0,3,0,2,0,0,0,1,0,0,Medium,WS-10219,Critical,Ops
WS-10568,2,0,1,1,0,2,0,0,0,0,0,0,0,0,1,9,2 malware/ransomware alert(s),0,3,0,6,0,0,0,0,0,0,0,0,Medium,WS-10568,Low,Business Sales
WS-10594,2,1,0,1,0,0,0,2,0,0,0,0,0,0,1,9,1 critical alert(s); 2 lateral-movement alert(s),5,0,0,0,0,4,0,0,0,0,0,0,Medium,WS-10594,Low,Ops Team
WS-10687,2,1,0,1,0,0,1,0,1,0,0,0,0,0,1,9,1 critical alert(s); 1 PowerShell alert(s); 1 credential-access alert(s),5,0,0,0,2,0,2,0,0,0,0,0,Medium,WS-10687,Medium,Legal
WS-10829,2,0,1,1,0,2,0,0,0,0,0,0,0,0,1,9,2 malware/ransomware alert(s),0,3,0,6,0,0,0,0,0,0,0,0,Medium,WS-10829,High,Legal
WS-11026,2,0,0,2,0,1,0,0,0,0,0,0,2,0,1,9,1 malware/ransomware alert(s); 2 inactive-user event(s),0,0,0,3,0,0,0,0,0,0,6,0,Medium,WS-11026,,It Dept
WS-11207,2,0,1,1,0,2,0,0,0,0,0,0,0,0,1,9,2 malware/ransomware alert(s),0,3,0,6,0,0,0,0,0,0,0,0,Medium,WS-11207,Medium,Operations Dept
WS-11621,2,0,1,1,0,2,0,0,0,0,0,0,0,0,1,9,2 malware/ransomware alert(s),0,3,0,6,0,0,0,0,0,0,0,0,Medium,WS-11621,High,Rd
WS-11733,2,0,1,2,0,0,0,1,1,0,0,0,0,2,1,9,1 lateral-movement alert(s); 1 credential-access alert(s); 2 identity review concern(s),0,3,0,0,0,2,2,0,0,0,0,2,Medium,WS-11733,Medium,Marketing
WS-11915,2,0,1,0,0,2,0,0,0,0,0,0,0,0,1,9,2 malware/ransomware alert(s),0,3,0,6,0,0,0,0,0,0,0,0,Medium,WS-11915,Critical,It
WS-12062,2,0,1,1,0,2,0,0,0,0,0,0,0,0,1,9,2 malware/ransomware alert(s),0,3,0,6,0,0,0,0,0,0,0,0,Medium,WS-12062,Critical,Sales Dept
WS-12287,2,0,2,2,0,0,0,0,1,0,1,0,0,0,1,9,1 credential-access alert(s),0,6,0,0,0,0,2,0,1,0,0,0,Medium,WS-12287,High,Operations Dept
WS-12556,2,0,1,2,0,1,0,0,0,0,1,0,0,2,1,9,1 malware/ransomware alert(s); 2 identity review concern(s),0,3,0,3,0,0,0,0,1,0,0,2,Medium,WS-12556,Critical,Operations
WS-12723,2,0,1,1,0,2,0,0,0,0,0,0,0,0,1,9,2 malware/ransomware alert(s),0,3,0,6,0,0,0,0,0,0,0,0,Medium,WS-12723,High,Mktg
WS-12822,2,0,1,2,0,2,0,0,0,0,0,0,0,0,1,9,2 malware/ransomware alert(s),0,3,0,6,0,0,0,0,0,0,0,0,Medium,WS-12822,Low,Finance
WS-12895,2,0,1,1,0,1,0,0,0,0,1,0,0,2,1,9,1 malware/ransomware alert(s); 2 identity review concern(s),0,3,0,3,0,0,0,0,1,0,0,2,Medium,WS-12895,High,
LPT-10055.CORP.LOCAL,1,1,0,0,0,1,0,0,0,0,0,0,0,1,1,9,1 critical alert(s); 1 malware/ransomware alert(s); 1 identity review concern(s),5,0,0,3,0,0,0,0,0,0,0,1,Medium,LPT-10055.CORP.LOCAL,,Sales
LPT-10062.CORP.LOCAL,1,0,1,1,0,0,1,0,0,0,0,0,1,1,1,9,1 PowerShell alert(s); 1 inactive-user event(s); 1 identity review concern(s),0,3,0,0,2,0,0,0,0,0,3,1,Medium,LPT-10062.CORP.LOCAL,Low,Operations Dept
LPT-10651.CORP.LOCAL,1,0,1,1,0,1,0,0,0,0,0,0,1,0,1,9,1 malware/ransomware alert(s); 1 inactive-user event(s),0,3,0,3,0,0,0,0,0,0,3,0,Medium,LPT-10651.CORP.LOCAL,Medium,Rd
LPT-10909.CORP.LOCAL,1,0,1,1,0,0,1,0,0,0,0,0,1,1,1,9,1 PowerShell alert(s); 1 inactive-user event(s); 1 identity review concern(s),0,3,0,0,2,0,0,0,0,0,3,1,Medium,LPT-10909.CORP.LOCAL,Medium,Cs
LPT-10954.CORP.LOCAL,1,1,0,0,0,1,0,0,0,0,0,0,0,1,1,9,1 critical alert(s); 1 malware/ransomware alert(s); 1 identity review concern(s),5,0,0,3,0,0,0,0,0,0,0,1,Medium,LPT-10954.CORP.LOCAL,Medium,Support
LPT-10986.CORP.LOCAL,1,1,0,1,1,0,0,0,0,0,0,0,0,1,1,9,1 critical alert(s); 1 unresolved critical alert(s); 1 identity review concern(s),5,0,3,0,0,0,0,0,0,0,0,1,Medium,LPT-10986.CORP.LOCAL,High,Sales Dept
LPT-11023.CORP.LOCAL,1,1,0,1,1,0,0,0,0,0,0,0,0,1,1,9,1 critical alert(s); 1 unresolved critical alert(s); 1 identity review concern(s),5,0,3,0,0,0,0,0,0,0,0,1,Medium,LPT-11023.CORP.LOCAL,High,Rd
LPT-11208,1,0,1,0,0,1,0,0,0,0,0,0,1,0,1,9,1 malware/ransomware alert(s); 1 inactive-user event(s),0,3,0,3,0,0,0,0,0,0,3,0,Medium,LPT-11208,High,Marketing
LPT-11244,1,1,0,1,1,0,0,0,0,0,1,0,0,0,1,9,1 critical alert(s); 1 unresolved critical alert(s),5,0,3,0,0,0,0,0,1,0,0,0,Medium,LPT-11244,High,Human Resources
LPT-11376.CORP.LOCAL,1,0,1,0,0,1,0,0,0,0,0,0,1,0,1,9,1 malware/ransomware alert(s); 1 inactive-user event(s),0,3,0,3,0,0,0,0,0,0,3,0,Medium,LPT-11376.CORP.LOCAL,Medium,R&D
LPT-11646,1,1,0,1,1,0,0,0,0,0,1,0,0,0,1,9,1 critical alert(s); 1 unresolved critical alert(s),5,0,3,0,0,0,0,0,1,0,0,0,Medium,LPT-11646,High,Purch
LPT-12094.CORP.LOCAL,1,0,1,1,0,0,1,0,0,0,0,0,1,1,1,9,1 PowerShell alert(s); 1 inactive-user event(s); 1 identity review concern(s),0,3,0,0,2,0,0,0,0,0,3,1,Medium,LPT-12094.CORP.LOCAL,Medium,Procurement Team
LPT-12205,1,0,1,0,0,1,0,0,0,0,0,0,1,0,1,9,1 malware/ransomware alert(s); 1 inactive-user event(s),0,3,0,3,0,0,0,0,0,0,3,0,Medium,LPT-12205,Medium,Information Technology
LPT-12381,1,1,0,0,0,1,0,0,0,0,0,0,0,1,1,9,1 critical alert(s); 1 malware/ransomware alert(s); 1 identity review concern(s),5,0,0,3,0,0,0,0,0,0,0,1,Medium,LPT-12381,High,Accounts
LPT-12428,1,1,0,1,1,0,0,0,0,0,1,0,0,0,1,9,1 critical alert(s); 1 unresolved critical alert(s),5,0,3,0,0,0,0,0,1,0,0,0,Medium,LPT-12428,High,Finance
LPT-12778.CORP.LOCAL,1,0,1,0,0,0,1,0,0,0,0,0,1,1,1,9,1 PowerShell alert(s); 1 inactive-user event(s); 1 identity review concern(s),0,3,0,0,2,0,0,0,0,0,3,1,Medium,LPT-12778.CORP.LOCAL,Medium,Operations Dept
MISSING_HOST::EMP10190,1,1,0,0,0,1,0,0,0,0,0,0,0,1,1,9,1 critical alert(s); 1 malware/ransomware alert(s); 1 identity review concern(s),5,0,0,3,0,0,0,0,0,0,0,1,Medium,,Low,Brand Team
MISSING_HOST::EMP10562,1,0,1,1,0,0,0,0,1,0,0,0,1,1,1,9,1 credential-access alert(s); 1 inactive-user event(s); 1 identity review concern(s),0,3,0,0,0,0,2,0,0,0,3,1,Medium,,Medium,Purch
MISSING_HOST::EMP10834,1,0,1,1,0,0,1,0,0,0,0,0,1,1,1,9,1 PowerShell alert(s); 1 inactive-user event(s); 1 identity review concern(s),0,3,0,0,2,0,0,0,0,0,3,1,Medium,,Medium,Compliance
MISSING_HOST::EMP11039,1,1,0,0,0,1,0,0,0,0,0,0,0,1,1,9,1 critical alert(s); 1 malware/ransomware alert(s); 1 identity review concern(s),5,0,0,3,0,0,0,0,0,0,0,1,Medium,,High,Customer Care
MISSING_HOST::EMP11106,1,1,0,1,1,0,0,0,0,0,0,0,0,1,1,9,1 critical alert(s); 1 unresolved critical alert(s); 1 identity review concern(s),5,0,3,0,0,0,0,0,0,0,0,1,Medium,,,Call Center
MISSING_HOST::EMP11140,1,1,0,1,1,0,0,0,0,0,0,0,0,1,1,9,1 critical alert(s); 1 unresolved critical alert(s); 1 identity review concern(s),5,0,3,0,0,0,0,0,0,0,0,1,Medium,,High,Purchase
MISSING_HOST::EMP12364,1,0,1,1,0,0,0,0,1,0,0,0,1,1,1,9,1 credential-access alert(s); 1 inactive-user event(s); 1 identity review concern(s),0,3,0,0,0,0,2,0,0,0,3,1,Medium,,Low,Sales Team
MISSING_HOST::EMP12640,1,0,1,0,0,0,1,0,0,0,0,0,1,1,1,9,1 PowerShell alert(s); 1 inactive-user event(s); 1 identity review concern(s),0,3,0,0,2,0,0,0,0,0,3,1,Medium,,High,Brand Team
MISSING_HOST::EMP12802,1,0,1,1,0,0,0,0,1,0,0,0,1,1,1,9,1 credential-access alert(s); 1 inactive-user event(s); 1 identity review concern(s),0,3,0,0,0,0,2,0,0,0,3,1,Medium,,Low,Business Sales
VDR-10042.CORP.LOCAL,1,1,0,1,1,0,0,0,0,0,0,0,0,1,1,9,1 critical alert(s); 1 unresolved critical alert(s); 1 identity review concern(s),5,0,3,0,0,0,0,0,0,0,0,1,Medium,VDR-10042.CORP.LOCAL,Low,Sales
VDR-10340,1,0,1,1,0,1,0,0,0,0,0,0,1,0,1,9,1 malware/ransomware alert(s); 1 inactive-user event(s),0,3,0,3,0,0,0,0,0,0,3,0,Medium,VDR-10340,High,Fin
VDR-10754.CORP.LOCAL,1,0,1,1,0,0,0,1,0,0,0,0,1,1,1,9,1 lateral-movement alert(s); 1 inactive-user event(s); 1 identity review concern(s),0,3,0,0,0,2,0,0,0,0,3,1,Medium,VDR-10754.CORP.LOCAL,Critical,Accounts
VDR-11082.CORP.LOCAL,1,0,1,1,0,0,1,0,0,0,0,0,1,1,1,9,1 PowerShell alert(s); 1 inactive-user event(s); 1 identity review concern(s),0,3,0,0,2,0,0,0,0,0,3,1,Medium,VDR-11082.CORP.LOCAL,Medium,It Support
VDR-11152.CORP.LOCAL,1,0,1,0,0,0,0,0,1,0,0,0,1,1,1,9,1 credential-access alert(s); 1 inactive-user event(s); 1 identity review concern(s),0,3,0,0,0,0,2,0,0,0,3,1,Medium,VDR-11152.CORP.LOCAL,High,Supply Chain
VDR-11861,1,0,1,1,0,1,0,0,0,0,0,0,1,0,1,9,1 malware/ransomware alert(s); 1 inactive-user event(s),0,3,0,3,0,0,0,0,0,0,3,0,Medium,VDR-11861,Medium,It
VDR-12012,1,0,1,0,0,0,1,0,0,0,0,0,1,1,1,9,1 PowerShell alert(s); 1 inactive-user event(s); 1 identity review concern(s),0,3,0,0,2,0,0,0,0,0,3,1,Medium,VDR-12012,High,Procurement
VDR-12074,1,1,0,1,1,0,0,0,0,0,1,0,0,0,1,9,1 critical alert(s); 1 unresolved critical alert(s),5,0,3,0,0,0,0,0,1,0,0,0,Medium,VDR-12074,Low,Innovation
VDR-12150.CORP.LOCAL,1,0,1,1,0,0,0,0,1,0,0,0,1,1,1,9,1 credential-access alert(s); 1 inactive-user event(s); 1 identity review concern(s),0,3,0,0,0,0,2,0,0,0,3,1,Medium,VDR-12150.CORP.LOCAL,Low,Legal
VDR-12932,1,1,0,1,1,0,0,0,0,0,1,0,0,0,1,9,1 critical alert(s); 1 unresolved critical alert(s),5,0,3,0,0,0,0,0,1,0,0,0,Medium,VDR-12932,Medium,Customer Care
WS-10239,1,0,1,0,0,1,0,0,0,0,0,0,1,0,1,9,1 malware/ransomware alert(s); 1 inactive-user event(s),0,3,0,3,0,0,0,0,0,0,3,0,Medium,WS-10239,Medium,Rd
WS-10252.CORP.LOCAL,1,1,0,1,1,0,0,0,0,0,0,0,0,1,1,9,1 critical alert(s); 1 unresolved critical alert(s); 1 identity review concern(s),5,0,3,0,0,0,0,0,0,0,0,1,Medium,WS-10252.CORP.LOCAL,,R&D
WS-11323.CORP.LOCAL,1,0,1,1,0,0,1,0,0,0,0,1,1,0,1,9,1 PowerShell alert(s); 1 inactive-user event(s),0,3,0,0,2,0,0,0,0,1,3,0,Medium,WS-11323.CORP.LOCAL,High,Support
WS-11542,1,0,1,1,0,1,0,0,0,0,0,0,1,0,1,9,1 malware/ransomware alert(s); 1 inactive-user event(s),0,3,0,3,0,0,0,0,0,0,3,0,Medium,WS-11542,High,Operations
WS-11733.CORP.LOCAL,1,1,0,0,0,1,0,0,0,0,0,0,0,1,1,9,1 critical alert(s); 1 malware/ransomware alert(s); 1 identity review concern(s),5,0,0,3,0,0,0,0,0,0,0,1,Medium,WS-11733.CORP.LOCAL,Low,Marketing
WS-11896,1,0,1,1,0,1,0,0,0,0,0,0,1,0,1,9,1 malware/ransomware alert(s); 1 inactive-user event(s),0,3,0,3,0,0,0,0,0,0,3,0,Medium,WS-11896,Medium,Accounts
VDR-12222,5,0,0,4,0,0,0,1,2,0,2,0,0,0,1,8,1 lateral-movement alert(s); 2 credential-access alert(s),0,0,0,0,0,2,4,0,2,0,0,0,Medium,VDR-12222,Low,Accounts
VDR-12570,5,0,0,5,0,1,0,2,0,0,1,0,0,0,1,8,1 malware/ransomware alert(s); 2 lateral-movement alert(s),0,0,0,3,0,4,0,0,1,0,0,0,Medium,VDR-12570,High,Finance Dept
VDR-12588,5,0,0,3,0,0,2,0,2,0,0,0,0,0,1,8,2 PowerShell alert(s); 2 credential-access alert(s),0,0,0,0,4,0,4,0,0,0,0,0,Medium,VDR-12588,Medium,Business Sales
LPT-10003,4,0,0,3,0,1,1,0,1,0,1,0,0,0,1,8,1 malware/ransomware alert(s); 1 PowerShell alert(s); 1 credential-access alert(s),0,0,0,3,2,0,2,0,1,0,0,0,Medium,LPT-10003,Low,Legal
LPT-10160,4,0,0,4,0,2,0,0,0,0,2,0,0,0,1,8,2 malware/ransomware alert(s),0,0,0,6,0,0,0,0,2,0,0,0,Medium,LPT-10160,High,It Dept
LPT-10490,4,0,0,3,0,2,0,0,0,0,2,0,0,0,1,8,2 malware/ransomware alert(s),0,0,0,6,0,0,0,0,2,0,0,0,Medium,LPT-10490,Medium,Operations
LPT-10881,4,0,0,0,0,2,1,0,0,0,0,0,0,0,1,8,2 malware/ransomware alert(s); 1 PowerShell alert(s),0,0,0,6,2,0,0,0,0,0,0,0,Medium,LPT-10881,Critical,Sales
LPT-11285,4,0,0,4,0,1,0,0,0,0,1,0,0,4,1,8,1 malware/ransomware alert(s); 4 identity review concern(s),0,0,0,3,0,0,0,0,1,0,0,4,Medium,LPT-11285,High,Accounts
VDR-10270,4,0,0,2,0,1,0,1,1,0,0,1,0,0,1,8,1 malware/ransomware alert(s); 1 lateral-movement alert(s); 1 credential-access alert(s),0,0,0,3,0,2,2,0,0,1,0,0,Medium,VDR-10270,High,Ops Team
VDR-10480,4,0,0,1,0,2,0,0,0,0,2,0,0,0,1,8,2 malware/ransomware alert(s),0,0,0,6,0,0,0,0,2,0,0,0,Medium,VDR-10480,Critical,Sales
VDR-10588,4,0,0,4,0,2,1,0,0,0,0,0,0,0,1,8,2 malware/ransomware alert(s); 1 PowerShell alert(s),0,0,0,6,2,0,0,0,0,0,0,0,Medium,VDR-10588,Medium,Finance
VDR-11566,4,0,0,3,0,2,0,0,0,0,2,0,0,0,1,8,2 malware/ransomware alert(s),0,0,0,6,0,0,0,0,2,0,0,0,Medium,VDR-11566,Critical,Human Resource
VDR-11771,4,0,0,2,0,2,0,1,0,0,0,0,0,0,1,8,2 malware/ransomware alert(s); 1 lateral-movement alert(s),0,0,0,6,0,2,0,0,0,0,0,0,Medium,VDR-11771,Medium,Finance
VDR-12558,4,0,1,2,0,1,0,0,1,0,0,0,0,0,1,8,1 malware/ransomware alert(s); 1 credential-access alert(s),0,3,0,3,0,0,2,0,0,0,0,0,Medium,VDR-12558,High,Mkt
VDR-12856,4,0,0,4,0,0,2,1,1,0,0,0,0,0,1,8,2 PowerShell alert(s); 1 lateral-movement alert(s); 1 credential-access alert(s),0,0,0,0,4,2,2,0,0,0,0,0,Medium,VDR-12856,Medium,Procurement Team
WS-10039,4,0,0,2,0,1,1,0,1,0,1,0,0,0,1,8,1 malware/ransomware alert(s); 1 PowerShell alert(s); 1 credential-access alert(s),0,0,0,3,2,0,2,0,1,0,0,0,Medium,WS-10039,Medium,Finance
WS-10368,4,0,0,4,0,0,1,3,0,0,0,0,0,0,1,8,1 PowerShell alert(s); 3 lateral-movement alert(s),0,0,0,0,2,6,0,0,0,0,0,0,Medium,WS-10368,Critical,Supply Chain
WS-10574,4,0,1,4,0,0,1,1,0,0,1,0,0,0,1,8,1 PowerShell alert(s); 1 lateral-movement alert(s),0,3,0,0,2,2,0,0,1,0,0,0,Medium,WS-10574,Low,Marketing
WS-11582,4,0,0,4,0,1,0,0,0,0,1,0,0,4,1,8,1 malware/ransomware alert(s); 4 identity review concern(s),0,0,0,3,0,0,0,0,1,0,0,4,Medium,WS-11582,Critical,
WS-11850,4,1,0,3,0,0,0,0,0,0,3,0,0,0,1,8,1 critical alert(s),5,0,0,0,0,0,0,0,3,0,0,0,Medium,WS-11850,Medium,Ops
WS-12760,4,0,0,3,0,2,1,0,0,0,0,0,0,0,1,8,2 malware/ransomware alert(s); 1 PowerShell alert(s),0,0,0,6,2,0,0,0,0,0,0,0,Medium,WS-12760,High,Information Tech
LPT-10075,3,0,0,2,0,2,0,1,0,0,0,0,0,0,1,8,2 malware/ransomware alert(s); 1 lateral-movement alert(s),0,0,0,6,0,2,0,0,0,0,0,0,Medium,LPT-10075,Medium,Information Technology
LPT-10141,3,0,0,2,0,2,0,1,0,0,0,0,0,0,1,8,2 malware/ransomware alert(s); 1 lateral-movement alert(s),0,0,0,6,0,2,0,0,0,0,0,0,Medium,LPT-10141,High,Operations
LPT-10426,3,0,1,1,0,1,0,1,0,0,0,0,0,0,1,8,1 malware/ransomware alert(s); 1 lateral-movement alert(s),0,3,0,3,0,2,0,0,0,0,0,0,Medium,LPT-10426,Low,Legal
LPT-10728,3,0,1,2,0,1,0,0,1,0,0,0,0,0,1,8,1 malware/ransomware alert(s); 1 credential-access alert(s),0,3,0,3,0,0,2,0,0,0,0,0,Medium,LPT-10728,Medium,Ops Team
LPT-10777,3,0,0,3,0,2,0,1,0,0,0,0,0,0,1,8,2 malware/ransomware alert(s); 1 lateral-movement alert(s),0,0,0,6,0,2,0,0,0,0,0,0,Medium,LPT-10777,High,Finance Dept
LPT-11173,3,0,0,2,0,2,0,1,0,0,0,0,0,0,1,8,2 malware/ransomware alert(s); 1 lateral-movement alert(s),0,0,0,6,0,2,0,0,0,0,0,0,Medium,LPT-11173,Low,Legal
LPT-11359,3,0,0,3,0,1,0,0,0,0,2,0,0,3,1,8,1 malware/ransomware alert(s); 3 identity review concern(s),0,0,0,3,0,0,0,0,2,0,0,3,Medium,LPT-11359,Medium,
LPT-11615,3,0,0,3,0,1,1,1,0,0,0,1,0,0,1,8,1 malware/ransomware alert(s); 1 PowerShell alert(s); 1 lateral-movement alert(s),0,0,0,3,2,2,0,0,0,1,0,0,Medium,LPT-11615,Low,Finance
LPT-11674,3,0,0,1,0,2,1,0,0,0,0,0,0,0,1,8,2 malware/ransomware alert(s); 1 PowerShell alert(s),0,0,0,6,2,0,0,0,0,0,0,0,Medium,LPT-11674,Low,Business Sales
LPT-11753,3,0,1,2,0,1,1,0,0,0,0,0,0,0,1,8,1 malware/ransomware alert(s); 1 PowerShell alert(s),0,3,0,3,2,0,0,0,0,0,0,0,Medium,LPT-11753,High,Sales Dept
LPT-11784,3,0,0,2,0,2,0,0,1,0,0,0,0,0,1,8,2 malware/ransomware alert(s); 1 credential-access alert(s),0,0,0,6,0,0,2,0,0,0,0,0,Medium,LPT-11784,,Customer Support
LPT-12008,3,0,1,1,0,1,0,1,0,0,0,0,0,0,1,8,1 malware/ransomware alert(s); 1 lateral-movement alert(s),0,3,0,3,0,2,0,0,0,0,0,0,Medium,LPT-12008,Medium,Customer Care
LPT-12304,3,0,1,3,0,0,0,0,2,0,1,0,0,0,1,8,2 credential-access alert(s),0,3,0,0,0,0,4,0,1,0,0,0,Medium,LPT-12304,High,Marketing
LPT-12648,3,0,0,3,0,2,1,0,0,0,0,0,0,0,1,8,2 malware/ransomware alert(s); 1 PowerShell alert(s),0,0,0,6,2,0,0,0,0,0,0,0,Medium,LPT-12648,Critical,Customer Care
LPT-12659,3,0,1,2,0,0,0,1,1,0,1,0,0,0,1,8,1 lateral-movement alert(s); 1 credential-access alert(s),0,3,0,0,0,2,2,0,1,0,0,0,Medium,LPT-12659,Low,Compliance
LPT-12703,3,0,0,2,0,2,0,0,1,0,0,0,0,0,1,8,2 malware/ransomware alert(s); 1 credential-access alert(s),0,0,0,6,0,0,2,0,0,0,0,0,Medium,LPT-12703,Critical,Sales Dept
VDR-10007,3,0,1,3,0,1,0,0,0,0,2,0,0,0,1,8,1 malware/ransomware alert(s),0,3,0,3,0,0,0,0,2,0,0,0,Medium,VDR-10007,Low,Ops
VDR-10273,3,0,2,1,0,0,0,1,0,0,0,0,0,0,1,8,1 lateral-movement alert(s),0,6,0,0,0,2,0,0,0,0,0,0,Medium,VDR-10273,Medium,Finance Dept
VDR-10291,3,0,0,2,0,1,0,1,0,0,0,0,0,3,1,8,1 malware/ransomware alert(s); 1 lateral-movement alert(s); 3 identity review concern(s),0,0,0,3,0,2,0,0,0,0,0,3,Medium,VDR-10291,Low,
VDR-10339,3,0,1,2,0,0,1,0,1,0,0,1,0,0,1,8,1 PowerShell alert(s); 1 credential-access alert(s),0,3,0,0,2,0,2,0,0,1,0,0,Medium,VDR-10339,Low,Finance Dept
VDR-10571,3,0,0,2,0,1,0,1,0,0,0,0,0,3,1,8,1 malware/ransomware alert(s); 1 lateral-movement alert(s); 3 identity review concern(s),0,0,0,3,0,2,0,0,0,0,0,3,Medium,VDR-10571,Low,Legal
VDR-10724,3,0,0,1,0,2,1,0,0,0,0,0,0,0,1,8,2 malware/ransomware alert(s); 1 PowerShell alert(s),0,0,0,6,2,0,0,0,0,0,0,0,Medium,VDR-10724,Low,Hr Dept
VDR-10924,3,0,1,2,0,1,1,0,0,0,0,0,0,0,1,8,1 malware/ransomware alert(s); 1 PowerShell alert(s),0,3,0,3,2,0,0,0,0,0,0,0,Medium,VDR-10924,Low,Rnd
VDR-11455,3,0,0,1,0,2,0,0,1,0,0,0,0,0,1,8,2 malware/ransomware alert(s); 1 credential-access alert(s),0,0,0,6,0,0,2,0,0,0,0,0,Medium,VDR-11455,Critical,Accounts
VDR-11556,3,0,1,1,0,1,0,0,1,0,0,0,0,0,1,8,1 malware/ransomware alert(s); 1 credential-access alert(s),0,3,0,3,0,0,2,0,0,0,0,0,Medium,VDR-11556,Medium,Operations
VDR-11912.CORP.LOCAL,3,0,0,3,0,1,0,0,0,0,2,0,0,3,1,8,1 malware/ransomware alert(s); 3 identity review concern(s),0,0,0,3,0,0,0,0,2,0,0,3,Medium,VDR-11912.CORP.LOCAL,Medium,Hr
VDR-11964,3,0,0,3,0,2,1,0,0,0,0,0,0,0,1,8,2 malware/ransomware alert(s); 1 PowerShell alert(s),0,0,0,6,2,0,0,0,0,0,0,0,Medium,VDR-11964,Low,Hr Dept
VDR-12127,3,0,1,2,0,0,2,0,0,0,1,0,0,0,1,8,2 PowerShell alert(s),0,3,0,0,4,0,0,0,1,0,0,0,Medium,VDR-12127,Medium,Finance Dept
VDR-12153,3,0,0,3,0,2,1,0,0,0,0,0,0,0,1,8,2 malware/ransomware alert(s); 1 PowerShell alert(s),0,0,0,6,2,0,0,0,0,0,0,0,Medium,VDR-12153,Medium,Human Resource
VDR-12638,3,0,0,3,0,2,1,0,0,0,0,0,0,0,1,8,2 malware/ransomware alert(s); 1 PowerShell alert(s),0,0,0,6,2,0,0,0,0,0,0,0,Medium,VDR-12638,Low,R&D
WS-10228,3,0,0,1,0,2,0,1,0,0,0,0,0,0,1,8,2 malware/ransomware alert(s); 1 lateral-movement alert(s),0,0,0,6,0,2,0,0,0,0,0,0,Medium,WS-10228,High,Fin
WS-10531,3,0,1,2,0,0,1,1,0,0,1,0,0,0,1,8,1 PowerShell alert(s); 1 lateral-movement alert(s),0,3,0,0,2,2,0,0,1,0,0,0,Medium,WS-10531,Low,Supply Chain
WS-10615,3,0,2,2,0,0,0,1,0,0,0,0,0,0,1,8,1 lateral-movement alert(s),0,6,0,0,0,2,0,0,0,0,0,0,Medium,WS-10615,Low,Business Sales
WS-10695,3,0,1,3,0,0,1,0,0,0,0,0,0,3,1,8,1 PowerShell alert(s); 3 identity review concern(s),0,3,0,0,2,0,0,0,0,0,0,3,Medium,WS-10695,Low,
WS-10726,3,1,0,2,0,0,0,1,0,0,1,0,0,0,1,8,1 critical alert(s); 1 lateral-movement alert(s),5,0,0,0,0,2,0,0,1,0,0,0,Medium,WS-10726,Low,Information Tech
WS-10739,3,0,1,2,0,0,1,1,0,0,1,0,0,0,1,8,1 PowerShell alert(s); 1 lateral-movement alert(s),0,3,0,0,2,2,0,0,1,0,0,0,Medium,WS-10739,Critical,Legal
WS-10874,3,0,0,3,0,2,1,0,0,0,0,0,0,0,1,8,2 malware/ransomware alert(s); 1 PowerShell alert(s),0,0,0,6,2,0,0,0,0,0,0,0,Medium,WS-10874,Low,Human Resources
WS-11022,3,0,1,2,0,0,1,1,0,0,1,0,0,0,1,8,1 PowerShell alert(s); 1 lateral-movement alert(s),0,3,0,0,2,2,0,0,1,0,0,0,Medium,WS-11022,Critical,Legal Dept
WS-11104,3,0,1,1,0,0,0,1,1,0,1,0,0,0,1,8,1 lateral-movement alert(s); 1 credential-access alert(s),0,3,0,0,0,2,2,0,1,0,0,0,Medium,WS-11104,Low,Marketing
WS-11365,3,0,1,2,0,0,1,1,0,0,1,0,0,0,1,8,1 PowerShell alert(s); 1 lateral-movement alert(s),0,3,0,0,2,2,0,0,1,0,0,0,Medium,WS-11365,Medium,Business Sales
WS-11613,3,0,1,2,0,1,1,0,0,0,0,0,0,0,1,8,1 malware/ransomware alert(s); 1 PowerShell alert(s),0,3,0,3,2,0,0,0,0,0,0,0,Medium,WS-11613,Medium,Human Resource
WS-11723,3,0,0,1,0,1,0,0,0,0,2,0,0,3,1,8,1 malware/ransomware alert(s); 3 identity review concern(s),0,0,0,3,0,0,0,0,2,0,0,3,Medium,WS-11723,Low,Sales
WS-12195,3,0,0,2,0,2,0,1,0,0,0,0,0,0,1,8,2 malware/ransomware alert(s); 1 lateral-movement alert(s),0,0,0,6,0,2,0,0,0,0,0,0,Medium,WS-12195,Low,Procurement
WS-12337,3,0,1,2,0,1,1,0,0,0,0,0,0,0,1,8,1 malware/ransomware alert(s); 1 PowerShell alert(s),0,3,0,3,2,0,0,0,0,0,0,0,Medium,WS-12337,Medium,Accounts
WS-12447,3,0,0,1,0,1,0,1,0,0,0,0,0,3,1,8,1 malware/ransomware alert(s); 1 lateral-movement alert(s); 3 identity review concern(s),0,0,0,3,0,2,0,0,0,0,0,3,Medium,WS-12447,Medium,Information Technology
WS-12596,3,0,1,1,0,1,0,1,0,0,0,0,0,0,1,8,1 malware/ransomware alert(s); 1 lateral-movement alert(s),0,3,0,3,0,2,0,0,0,0,0,0,Medium,WS-12596,Critical,Human Resource
WS-12669,3,1,0,1,0,1,0,0,0,0,0,0,0,0,1,8,1 critical alert(s); 1 malware/ransomware alert(s),5,0,0,3,0,0,0,0,0,0,0,0,Medium,WS-12669,High,Legal
WS-12931,3,0,0,3,0,0,0,2,0,0,1,0,0,3,1,8,2 lateral-movement alert(s); 3 identity review concern(s),0,0,0,0,0,4,0,0,1,0,0,3,Medium,WS-12931,High,Human Resource
WS-12988,3,0,1,2,0,0,2,0,0,0,1,0,0,0,1,8,2 PowerShell alert(s),0,3,0,0,4,0,0,0,1,0,0,0,Medium,WS-12988,High,Legal
LPT-10008,2,0,1,1,0,1,0,0,1,0,0,0,0,0,1,8,1 malware/ransomware alert(s); 1 credential-access alert(s),0,3,0,3,0,0,2,0,0,0,0,0,Medium,LPT-10008,Low,Fin
LPT-10055,2,0,1,1,0,1,0,0,1,0,0,0,0,0,1,8,1 malware/ransomware alert(s); 1 credential-access alert(s),0,3,0,3,0,0,2,0,0,0,0,0,Medium,LPT-10055,Low,Sales
LPT-10087,2,0,1,1,0,1,0,0,1,0,0,0,0,0,1,8,1 malware/ransomware alert(s); 1 credential-access alert(s),0,3,0,3,0,0,2,0,0,0,0,0,Medium,LPT-10087,Low,Finance
LPT-10259,2,0,1,1,0,1,0,0,1,0,0,0,0,0,1,8,1 malware/ransomware alert(s); 1 credential-access alert(s),0,3,0,3,0,0,2,0,0,0,0,0,Medium,LPT-10259,Medium,Finance
LPT-10488.CORP.LOCAL,2,0,1,2,0,0,0,0,1,0,1,0,0,2,1,8,1 credential-access alert(s); 2 identity review concern(s),0,3,0,0,0,0,2,0,1,0,0,2,Medium,LPT-10488.CORP.LOCAL,Low,Information Tech
LPT-10563,2,0,1,1,0,1,0,0,1,0,0,0,0,0,1,8,1 malware/ransomware alert(s); 1 credential-access alert(s),0,3,0,3,0,0,2,0,0,0,0,0,Medium,LPT-10563,Low,Legal Dept
LPT-10719,2,0,1,2,0,1,1,0,0,0,0,0,0,0,1,8,1 malware/ransomware alert(s); 1 PowerShell alert(s),0,3,0,3,2,0,0,0,0,0,0,0,Medium,LPT-10719,High,Legal
LPT-10775,2,0,1,1,0,1,0,1,0,0,0,0,0,0,1,8,1 malware/ransomware alert(s); 1 lateral-movement alert(s),0,3,0,3,0,2,0,0,0,0,0,0,Medium,LPT-10775,High,Finance Dept
LPT-10935,2,0,0,2,0,1,0,1,0,0,0,1,0,2,1,8,1 malware/ransomware alert(s); 1 lateral-movement alert(s); 2 identity review concern(s),0,0,0,3,0,2,0,0,0,1,0,2,Medium,LPT-10935,Critical,Operations
LPT-11140,2,0,1,0,0,1,0,0,1,0,0,0,0,0,1,8,1 malware/ransomware alert(s); 1 credential-access alert(s),0,3,0,3,0,0,2,0,0,0,0,0,Medium,LPT-11140,Critical,Purchase
LPT-11170,2,0,1,1,0,1,0,1,0,0,0,0,0,0,1,8,1 malware/ransomware alert(s); 1 lateral-movement alert(s),0,3,0,3,0,2,0,0,0,0,0,0,Medium,LPT-11170,Low,Call Center
LPT-11322,2,1,0,1,0,0,1,0,0,0,1,0,0,0,1,8,1 critical alert(s); 1 PowerShell alert(s),5,0,0,0,2,0,0,0,1,0,0,0,Medium,LPT-11322,Low,It Dept
LPT-11373,2,0,1,2,0,1,0,0,1,0,0,0,0,0,1,8,1 malware/ransomware alert(s); 1 credential-access alert(s),0,3,0,3,0,0,2,0,0,0,0,0,Medium,LPT-11373,,Sales Dept
LPT-11925,2,0,0,0,0,0,1,0,0,0,0,0,2,0,1,8,1 PowerShell alert(s); 2 inactive-user event(s),0,0,0,0,2,0,0,0,0,0,6,0,Medium,LPT-11925,Low,Hr Dept
LPT-11978,2,0,1,1,0,1,1,0,0,0,0,0,0,0,1,8,1 malware/ransomware alert(s); 1 PowerShell alert(s),0,3,0,3,2,0,0,0,0,0,0,0,Medium,LPT-11978,Low,Mkt
LPT-12083,2,0,0,1,0,2,0,0,0,0,0,0,0,2,1,8,2 malware/ransomware alert(s); 2 identity review concern(s),0,0,0,6,0,0,0,0,0,0,0,2,Medium,LPT-12083,High,
LPT-12100,2,0,1,2,0,1,1,0,0,0,0,0,0,0,1,8,1 malware/ransomware alert(s); 1 PowerShell alert(s),0,3,0,3,2,0,0,0,0,0,0,0,Medium,LPT-12100,Low,Rd
LPT-12285,2,0,1,0,0,1,0,1,0,0,0,0,0,0,1,8,1 malware/ransomware alert(s); 1 lateral-movement alert(s),0,3,0,3,0,2,0,0,0,0,0,0,Medium,LPT-12285,Low,Finance
LPT-12315,2,0,2,2,0,0,0,0,1,0,0,0,0,0,1,8,1 credential-access alert(s),0,6,0,0,0,0,2,0,0,0,0,0,Medium,LPT-12315,Medium,Sales
LPT-12616,2,0,1,1,0,0,0,1,0,0,1,0,0,2,1,8,1 lateral-movement alert(s); 2 identity review concern(s),0,3,0,0,0,2,0,0,1,0,0,2,Medium,LPT-12616,Low,Customer Care
LPT-12670,2,0,1,2,0,0,0,0,2,0,0,1,0,0,1,8,2 credential-access alert(s),0,3,0,0,0,0,4,0,0,1,0,0,Medium,LPT-12670,Low,Procurement
MISSING_HOST::EMP10304,2,0,0,2,0,2,0,0,0,0,0,0,0,2,1,8,2 malware/ransomware alert(s); 2 identity review concern(s),0,0,0,6,0,0,0,0,0,0,0,2,Medium,,High,Operations
MISSING_HOST::EMP10310,2,0,1,2,0,0,1,0,0,0,1,0,0,2,1,8,1 PowerShell alert(s); 2 identity review concern(s),0,3,0,0,2,0,0,0,1,0,0,2,Medium,,Medium,Legal
MISSING_HOST::EMP10784,2,0,0,2,0,2,0,0,0,0,0,0,0,2,1,8,2 malware/ransomware alert(s); 2 identity review concern(s),0,0,0,6,0,0,0,0,0,0,0,2,Medium,,High,Legal
MISSING_HOST::EMP11073,2,0,0,0,0,2,0,0,0,0,0,0,0,2,1,8,2 malware/ransomware alert(s); 2 identity review concern(s),0,0,0,6,0,0,0,0,0,0,0,2,Medium,,,
MISSING_HOST::EMP11261,2,0,1,1,0,1,0,0,0,0,0,0,0,2,1,8,1 malware/ransomware alert(s); 2 identity review concern(s),0,3,0,3,0,0,0,0,0,0,0,2,Medium,,Critical,Cs
MISSING_HOST::EMP11307,2,0,2,0,0,0,0,0,0,0,0,0,0,2,1,8,2 identity review concern(s),0,6,0,0,0,0,0,0,0,0,0,2,Medium,,Medium,Legal
MISSING_HOST::EMP11467,2,0,0,2,0,2,0,0,0,0,0,0,0,2,1,8,2 malware/ransomware alert(s); 2 identity review concern(s),0,0,0,6,0,0,0,0,0,0,0,2,Medium,,Low,Information Technology
MISSING_HOST::EMP11741,2,0,0,2,0,2,0,0,0,0,0,0,0,2,1,8,2 malware/ransomware alert(s); 2 identity review concern(s),0,0,0,6,0,0,0,0,0,0,0,2,Medium,,,Customer Support
MISSING_HOST::EMP12355,2,0,1,2,0,0,1,0,0,0,1,0,0,2,1,8,1 PowerShell alert(s); 2 identity review concern(s),0,3,0,0,2,0,0,0,1,0,0,2,Medium,,Medium,Hr Dept
VDR-10457,2,0,1,1,0,1,0,0,1,0,0,0,0,0,1,8,1 malware/ransomware alert(s); 1 credential-access alert(s),0,3,0,3,0,0,2,0,0,0,0,0,Medium,VDR-10457,Critical,Sales Dept
VDR-10608,2,0,0,1,0,2,0,0,0,0,0,0,0,2,1,8,2 malware/ransomware alert(s); 2 identity review concern(s),0,0,0,6,0,0,0,0,0,0,0,2,Medium,VDR-10608,Medium,Call Center
VDR-10631,2,0,1,2,0,1,0,1,0,0,0,0,0,0,1,8,1 malware/ransomware alert(s); 1 lateral-movement alert(s),0,3,0,3,0,2,0,0,0,0,0,0,Medium,VDR-10631,Low,Legal
VDR-10642,2,0,1,1,0,1,0,1,0,0,0,0,0,0,1,8,1 malware/ransomware alert(s); 1 lateral-movement alert(s),0,3,0,3,0,2,0,0,0,0,0,0,Medium,VDR-10642,High,Operations
VDR-11074,2,0,1,0,0,1,0,0,1,0,0,0,0,0,1,8,1 malware/ransomware alert(s); 1 credential-access alert(s),0,3,0,3,0,0,2,0,0,0,0,0,Medium,VDR-11074,Low,Finance
VDR-11292,2,0,1,1,0,1,0,0,1,0,0,0,0,0,1,8,1 malware/ransomware alert(s); 1 credential-access alert(s),0,3,0,3,0,0,2,0,0,0,0,0,Medium,VDR-11292,Low,Sales Dept
VDR-11298,2,0,0,1,0,2,0,0,0,0,0,0,0,2,1,8,2 malware/ransomware alert(s); 2 identity review concern(s),0,0,0,6,0,0,0,0,0,0,0,2,Medium,VDR-11298,High,
VDR-11302.CORP.LOCAL,2,0,0,0,0,2,0,0,0,0,0,0,0,2,1,8,2 malware/ransomware alert(s); 2 identity review concern(s),0,0,0,6,0,0,0,0,0,0,0,2,Medium,VDR-11302.CORP.LOCAL,Low,Finance Dept
VDR-11330,2,0,1,2,0,0,0,0,1,0,1,0,0,2,1,8,1 credential-access alert(s); 2 identity review concern(s),0,3,0,0,0,0,2,0,1,0,0,2,Medium,VDR-11330,High,
VDR-11439,2,1,0,0,0,0,0,1,0,0,0,1,0,0,1,8,1 critical alert(s); 1 lateral-movement alert(s),5,0,0,0,0,2,0,0,0,1,0,0,Medium,VDR-11439,Medium,Rd
VDR-11531,2,0,1,1,0,1,0,0,1,0,0,0,0,0,1,8,1 malware/ransomware alert(s); 1 credential-access alert(s),0,3,0,3,0,0,2,0,0,0,0,0,Medium,VDR-11531,Low,Sales
VDR-11618,2,0,0,1,0,0,0,0,1,0,0,0,2,0,1,8,1 credential-access alert(s); 2 inactive-user event(s),0,0,0,0,0,0,2,0,0,0,6,0,Medium,VDR-11618,Low,It
VDR-11874,2,0,1,1,0,1,0,0,0,0,0,0,0,2,1,8,1 malware/ransomware alert(s); 2 identity review concern(s),0,3,0,3,0,0,0,0,0,0,0,2,Medium,VDR-11874,Medium,Research And Development
VDR-11947,2,0,2,2,0,0,0,0,0,0,2,0,0,0,1,8,volume/low-severity activity only,0,6,0,0,0,0,0,0,2,0,0,0,Medium,VDR-11947,Low,Information Technology
VDR-11980,2,0,1,1,0,1,1,0,0,0,0,0,0,0,1,8,1 malware/ransomware alert(s); 1 PowerShell alert(s),0,3,0,3,2,0,0,0,0,0,0,0,Medium,VDR-11980,Medium,Mkt
VDR-12019.CORP.LOCAL,2,0,1,2,0,1,1,0,0,0,0,0,0,0,1,8,1 malware/ransomware alert(s); 1 PowerShell alert(s),0,3,0,3,2,0,0,0,0,0,0,0,Medium,VDR-12019.CORP.LOCAL,Medium,Cs
VDR-12091,2,0,0,1,0,2,0,0,0,0,0,0,0,2,1,8,2 malware/ransomware alert(s); 2 identity review concern(s),0,0,0,6,0,0,0,0,0,0,0,2,Medium,VDR-12091,Medium,Sales
VDR-12152,2,0,0,1,0,2,0,0,0,0,0,0,0,2,1,8,2 malware/ransomware alert(s); 2 identity review concern(s),0,0,0,6,0,0,0,0,0,0,0,2,Medium,VDR-12152,Medium,Brand Team
VDR-12420,2,0,1,1,0,0,1,0,1,0,0,1,0,0,1,8,1 PowerShell alert(s); 1 credential-access alert(s),0,3,0,0,2,0,2,0,0,1,0,0,Medium,VDR-12420,High,It Dept
VDR-12480,2,0,1,2,0,1,0,0,0,0,0,0,0,2,1,8,1 malware/ransomware alert(s); 2 identity review concern(s),0,3,0,3,0,0,0,0,0,0,0,2,Medium,VDR-12480,Low,It Support
VDR-12656,2,0,1,2,0,1,0,0,1,0,0,0,0,0,1,8,1 malware/ransomware alert(s); 1 credential-access alert(s),0,3,0,3,0,0,2,0,0,0,0,0,Medium,VDR-12656,High,Purchase
WS-10156.CORP.LOCAL,2,0,0,1,0,2,0,0,0,0,0,0,0,2,1,8,2 malware/ransomware alert(s); 2 identity review concern(s),0,0,0,6,0,0,0,0,0,0,0,2,Medium,WS-10156.CORP.LOCAL,Critical,Support
WS-10184,2,0,2,2,0,0,0,0,0,0,2,0,0,0,1,8,volume/low-severity activity only,0,6,0,0,0,0,0,0,2,0,0,0,Medium,WS-10184,Medium,It
WS-10253,2,0,1,2,0,1,0,0,1,0,0,0,0,0,1,8,1 malware/ransomware alert(s); 1 credential-access alert(s),0,3,0,3,0,0,2,0,0,0,0,0,Medium,WS-10253,Medium,Legal
WS-10344,2,0,1,2,0,1,0,1,0,0,0,0,0,0,1,8,1 malware/ransomware alert(s); 1 lateral-movement alert(s),0,3,0,3,0,2,0,0,0,0,0,0,Medium,WS-10344,High,Human Resources
WS-10397.CORP.LOCAL,2,0,1,1,0,1,0,0,1,0,0,0,0,0,1,8,1 malware/ransomware alert(s); 1 credential-access alert(s),0,3,0,3,0,0,2,0,0,0,0,0,Medium,WS-10397.CORP.LOCAL,Medium,R&D
WS-10432,2,0,1,0,0,1,0,1,0,0,0,0,0,0,1,8,1 malware/ransomware alert(s); 1 lateral-movement alert(s),0,3,0,3,0,2,0,0,0,0,0,0,Medium,WS-10432,Critical,Finance Dept
WS-10635,2,0,1,1,0,1,0,1,0,0,0,0,0,0,1,8,1 malware/ransomware alert(s); 1 lateral-movement alert(s),0,3,0,3,0,2,0,0,0,0,0,0,Medium,WS-10635,Critical,It Dept
WS-10652,2,1,0,1,0,1,0,0,0,0,0,0,0,0,1,8,1 critical alert(s); 1 malware/ransomware alert(s),5,0,0,3,0,0,0,0,0,0,0,0,Medium,WS-10652,Low,Cs
WS-10683,2,1,0,0,0,0,0,0,0,0,1,0,0,2,1,8,1 critical alert(s); 2 identity review concern(s),5,0,0,0,0,0,0,0,1,0,0,2,Medium,WS-10683,High,Operations
WS-10844,2,0,0,1,0,2,0,0,0,0,0,0,0,2,1,8,2 malware/ransomware alert(s); 2 identity review concern(s),0,0,0,6,0,0,0,0,0,0,0,2,Medium,WS-10844,Low,Supply Chain
WS-10958,2,0,2,2,0,0,0,0,0,0,2,0,0,0,1,8,volume/low-severity activity only,0,6,0,0,0,0,0,0,2,0,0,0,Medium,WS-10958,High,R&D
WS-10959,2,0,1,1,0,1,1,0,0,0,0,0,0,0,1,8,1 malware/ransomware alert(s); 1 PowerShell alert(s),0,3,0,3,2,0,0,0,0,0,0,0,Medium,WS-10959,High,It
WS-11009,2,0,0,1,0,2,0,0,0,0,0,0,0,2,1,8,2 malware/ransomware alert(s); 2 identity review concern(s),0,0,0,6,0,0,0,0,0,0,0,2,Medium,WS-11009,Low,Legal
WS-11245,2,0,1,0,0,0,0,1,0,0,1,0,0,2,1,8,1 lateral-movement alert(s); 2 identity review concern(s),0,3,0,0,0,2,0,0,1,0,0,2,Medium,WS-11245,Medium,Information Tech
WS-11334,2,0,0,2,0,0,0,1,0,0,0,0,2,0,1,8,1 lateral-movement alert(s); 2 inactive-user event(s),0,0,0,0,0,2,0,0,0,0,6,0,Medium,WS-11334,Medium,Mktg
WS-11430,2,0,1,2,0,1,0,0,1,0,0,0,0,0,1,8,1 malware/ransomware alert(s); 1 credential-access alert(s),0,3,0,3,0,0,2,0,0,0,0,0,Medium,WS-11430,Medium,Mkt
WS-11516,2,1,0,1,0,0,0,0,1,0,1,0,0,0,1,8,1 critical alert(s); 1 credential-access alert(s),5,0,0,0,0,0,2,0,1,0,0,0,Medium,WS-11516,High,Mktg
WS-11540,2,0,1,1,0,1,0,0,1,0,0,0,0,0,1,8,1 malware/ransomware alert(s); 1 credential-access alert(s),0,3,0,3,0,0,2,0,0,0,0,0,Medium,WS-11540,Low,Information Technology
WS-11670,2,0,1,1,0,0,0,0,1,0,1,0,0,2,1,8,1 credential-access alert(s); 2 identity review concern(s),0,3,0,0,0,0,2,0,1,0,0,2,Medium,WS-11670,High,Information Tech
WS-11814,2,0,1,0,0,1,0,1,0,0,0,0,0,0,1,8,1 malware/ransomware alert(s); 1 lateral-movement alert(s),0,3,0,3,0,2,0,0,0,0,0,0,Medium,WS-11814,Critical,Procurement
WS-11871,2,0,1,0,0,1,1,0,0,0,0,0,0,0,1,8,1 malware/ransomware alert(s); 1 PowerShell alert(s),0,3,0,3,2,0,0,0,0,0,0,0,Medium,WS-11871,Low,Ops
WS-11924,2,0,1,2,0,1,0,0,1,0,0,0,0,0,1,8,1 malware/ransomware alert(s); 1 credential-access alert(s),0,3,0,3,0,0,2,0,0,0,0,0,Medium,WS-11924,Critical,It Dept
WS-11952,2,1,0,0,0,0,0,1,0,0,1,0,0,0,1,8,1 critical alert(s); 1 lateral-movement alert(s),5,0,0,0,0,2,0,0,1,0,0,0,Medium,WS-11952,Critical,Customer Care
WS-12072,2,0,1,1,0,1,1,0,0,0,0,0,0,0,1,8,1 malware/ransomware alert(s); 1 PowerShell alert(s),0,3,0,3,2,0,0,0,0,0,0,0,Medium,WS-12072,High,Innovation
WS-12081,2,0,1,2,0,1,0,0,1,0,0,0,0,0,1,8,1 malware/ransomware alert(s); 1 credential-access alert(s),0,3,0,3,0,0,2,0,0,0,0,0,Medium,WS-12081,,It Dept
WS-12236,2,0,1,1,0,1,0,0,1,0,0,0,0,0,1,8,1 malware/ransomware alert(s); 1 credential-access alert(s),0,3,0,3,0,0,2,0,0,0,0,0,Medium,WS-12236,Critical,Business Sales
WS-12544,2,0,0,1,0,1,0,0,1,0,0,1,0,2,1,8,1 malware/ransomware alert(s); 1 credential-access alert(s); 2 identity review concern(s),0,0,0,3,0,0,2,0,0,1,0,2,Medium,WS-12544,Critical,Finance
WS-12633,2,0,1,2,0,1,1,0,0,0,0,0,0,0,1,8,1 malware/ransomware alert(s); 1 PowerShell alert(s),0,3,0,3,2,0,0,0,0,0,0,0,Medium,WS-12633,Critical,Legal
WS-12818,2,0,1,0,0,1,0,1,0,0,0,0,0,0,1,8,1 malware/ransomware alert(s); 1 lateral-movement alert(s),0,3,0,3,0,2,0,0,0,0,0,0,Medium,WS-12818,Low,Sales Team
WS-12833.CORP.LOCAL,2,0,1,1,0,0,0,0,1,0,1,0,0,2,1,8,1 credential-access alert(s); 2 identity review concern(s),0,3,0,0,0,0,2,0,1,0,0,2,Medium,WS-12833.CORP.LOCAL,High,Rnd
WS-12855,2,0,1,2,0,1,1,0,0,0,0,0,0,0,1,8,1 malware/ransomware alert(s); 1 PowerShell alert(s),0,3,0,3,2,0,0,0,0,0,0,0,Medium,WS-12855,High,Operations
LPT-10028.CORP.LOCAL,1,1,0,0,0,0,0,0,1,0,0,0,0,1,1,8,1 critical alert(s); 1 credential-access alert(s); 1 identity review concern(s),5,0,0,0,0,0,2,0,0,0,0,1,Medium,LPT-10028.CORP.LOCAL,High,Sales Team
LPT-10030,1,1,0,1,1,0,0,0,0,0,0,0,0,0,1,8,1 critical alert(s); 1 unresolved critical alert(s),5,0,3,0,0,0,0,0,0,0,0,0,Medium,LPT-10030,,Purch
LPT-10062,1,0,1,1,0,0,0,0,1,0,0,0,1,0,1,8,1 credential-access alert(s); 1 inactive-user event(s),0,3,0,0,0,0,2,0,0,0,3,0,Medium,LPT-10062,Medium,Operations Dept
LPT-10131,1,1,0,0,0,1,0,0,0,0,0,0,0,0,1,8,1 critical alert(s); 1 malware/ransomware alert(s),5,0,0,3,0,0,0,0,0,0,0,0,Medium,LPT-10131,Critical,Sales
LPT-10401,1,1,0,0,0,1,0,0,0,0,0,0,0,0,1,8,1 critical alert(s); 1 malware/ransomware alert(s),5,0,0,3,0,0,0,0,0,0,0,0,Medium,LPT-10401,Critical,Sales Dept
LPT-10682,1,0,1,0,0,0,1,0,0,0,0,0,1,0,1,8,1 PowerShell alert(s); 1 inactive-user event(s),0,3,0,0,2,0,0,0,0,0,3,0,Medium,LPT-10682,,Rd
LPT-11062.CORP.LOCAL,1,1,0,0,0,0,0,1,0,0,0,0,0,1,1,8,1 critical alert(s); 1 lateral-movement alert(s); 1 identity review concern(s),5,0,0,0,0,2,0,0,0,0,0,1,Medium,LPT-11062.CORP.LOCAL,Critical,Legal
LPT-11156,1,1,0,1,1,0,0,0,0,0,0,0,0,0,1,8,1 critical alert(s); 1 unresolved critical alert(s),5,0,3,0,0,0,0,0,0,0,0,0,Medium,LPT-11156,Low,Purch
LPT-12351,1,1,0,0,0,1,0,0,0,0,0,0,0,0,1,8,1 critical alert(s); 1 malware/ransomware alert(s),5,0,0,3,0,0,0,0,0,0,0,0,Medium,LPT-12351,Low,Hr Dept
LPT-12721.CORP.LOCAL,1,0,1,0,0,0,0,0,0,0,1,0,1,1,1,8,1 inactive-user event(s); 1 identity review concern(s),0,3,0,0,0,0,0,0,1,0,3,1,Medium,LPT-12721.CORP.LOCAL,Low,Procurement
MISSING_HOST::EMP10235,1,1,0,0,0,0,0,1,0,0,0,0,0,1,1,8,1 critical alert(s); 1 lateral-movement alert(s); 1 identity review concern(s),5,0,0,0,0,2,0,0,0,0,0,1,Medium,,,Innovation
MISSING_HOST::EMP10429,1,1,0,0,0,0,0,0,1,0,0,0,0,1,1,8,1 critical alert(s); 1 credential-access alert(s); 1 identity review concern(s),5,0,0,0,0,0,2,0,0,0,0,1,Medium,,Critical,Cs
MISSING_HOST::EMP10981,1,1,0,0,0,0,0,0,1,0,0,0,0,1,1,8,1 critical alert(s); 1 credential-access alert(s); 1 identity review concern(s),5,0,0,0,0,0,2,0,0,0,0,1,Medium,,Medium,Business Sales
MISSING_HOST::EMP11113,1,0,1,0,0,0,0,0,0,0,1,0,1,1,1,8,1 inactive-user event(s); 1 identity review concern(s),0,3,0,0,0,0,0,0,1,0,3,1,Medium,,Low,Support
MISSING_HOST::EMP11213,1,1,0,0,0,0,0,1,0,0,0,0,0,1,1,8,1 critical alert(s); 1 lateral-movement alert(s); 1 identity review concern(s),5,0,0,0,0,2,0,0,0,0,0,1,Medium,,Low,Compliance
MISSING_HOST::EMP12333,1,0,0,1,0,1,0,0,0,0,0,1,1,1,1,8,1 malware/ransomware alert(s); 1 inactive-user event(s); 1 identity review concern(s),0,0,0,3,0,0,0,0,0,1,3,1,Medium,,Low,Human Resource
MISSING_HOST::EMP12370,1,1,0,0,0,0,0,1,0,0,0,0,0,1,1,8,1 critical alert(s); 1 lateral-movement alert(s); 1 identity review concern(s),5,0,0,0,0,2,0,0,0,0,0,1,Medium,,High,Ops
MISSING_HOST::EMP12531,1,1,0,0,0,0,0,1,0,0,0,0,0,1,1,8,1 critical alert(s); 1 lateral-movement alert(s); 1 identity review concern(s),5,0,0,0,0,2,0,0,0,0,0,1,Medium,,Medium,Business Sales
MISSING_HOST::EMP12795,1,0,1,0,0,1,0,0,0,0,0,1,0,1,1,8,1 malware/ransomware alert(s); 1 identity review concern(s),0,3,0,3,0,0,0,0,0,1,0,1,Medium,,Critical,Procurement Team
VDR-10207,1,0,1,1,0,0,0,0,1,0,0,0,1,0,1,8,1 credential-access alert(s); 1 inactive-user event(s),0,3,0,0,0,0,2,0,0,0,3,0,Medium,VDR-10207,Medium,Purchase
VDR-10599,1,0,1,1,0,0,0,1,0,0,0,0,1,0,1,8,1 lateral-movement alert(s); 1 inactive-user event(s),0,3,0,0,0,2,0,0,0,0,3,0,Medium,VDR-10599,Low,Rd
VDR-10877,1,0,1,0,0,0,0,0,1,0,0,0,1,0,1,8,1 credential-access alert(s); 1 inactive-user event(s),0,3,0,0,0,0,2,0,0,0,3,0,Medium,VDR-10877,Low,Hr Dept
VDR-11121,1,1,0,0,0,0,0,0,0,0,0,0,1,0,1,8,1 critical alert(s); 1 inactive-user event(s),5,0,0,0,0,0,0,0,0,0,3,0,Medium,VDR-11121,Low,Compliance
VDR-12493,1,1,0,1,1,0,0,0,0,0,0,0,0,0,1,8,1 critical alert(s); 1 unresolved critical alert(s),5,0,3,0,0,0,0,0,0,0,0,0,Medium,VDR-12493,Medium,Information Tech
WS-10023,1,1,0,1,1,0,0,0,0,0,0,0,0,0,1,8,1 critical alert(s); 1 unresolved critical alert(s),5,0,3,0,0,0,0,0,0,0,0,0,Medium,WS-10023,,Human Resources
WS-10534.CORP.LOCAL,1,0,0,1,0,1,0,0,0,0,0,1,1,1,1,8,1 malware/ransomware alert(s); 1 inactive-user event(s); 1 identity review concern(s),0,0,0,3,0,0,0,0,0,1,3,1,Medium,WS-10534.CORP.LOCAL,High,People Team
WS-10584,1,1,0,0,0,1,0,0,0,0,0,0,0,0,1,8,1 critical alert(s); 1 malware/ransomware alert(s),5,0,0,3,0,0,0,0,0,0,0,0,Medium,WS-10584,,Innovation
WS-10984,1,0,1,0,0,0,0,1,0,0,0,0,1,0,1,8,1 lateral-movement alert(s); 1 inactive-user event(s),0,3,0,0,0,2,0,0,0,0,3,0,Medium,WS-10984,Low,Operations Dept
WS-11171.CORP.LOCAL,1,1,0,0,0,0,0,0,1,0,0,0,0,1,1,8,1 critical alert(s); 1 credential-access alert(s); 1 identity review concern(s),5,0,0,0,0,0,2,0,0,0,0,1,Medium,WS-11171.CORP.LOCAL,Low,Sales
WS-11315.CORP.LOCAL,1,1,0,1,1,0,0,0,0,0,0,0,0,0,1,8,1 critical alert(s); 1 unresolved critical alert(s),5,0,3,0,0,0,0,0,0,0,0,0,Medium,WS-11315.CORP.LOCAL,High,Ops Team
WS-12460,1,0,1,1,0,0,0,0,1,0,0,0,1,0,1,8,1 credential-access alert(s); 1 inactive-user event(s),0,3,0,0,0,0,2,0,0,0,3,0,Medium,WS-12460,Low,It
LPT-10374,4,0,1,2,0,0,1,0,0,0,2,0,0,0,1,7,1 PowerShell alert(s),0,3,0,0,2,0,0,0,2,0,0,0,Medium,LPT-10374,Low,Legal Dept
LPT-10410,4,0,0,3,0,1,0,1,1,0,0,0,0,0,1,7,1 malware/ransomware alert(s); 1 lateral-movement alert(s); 1 credential-access alert(s),0,0,0,3,0,2,2,0,0,0,0,0,Medium,LPT-10410,Low,Supply Chain
LPT-10437,4,0,0,2,0,1,0,2,0,0,0,0,0,0,1,7,1 malware/ransomware alert(s); 2 lateral-movement alert(s),0,0,0,3,0,4,0,0,0,0,0,0,Medium,LPT-10437,High,Sales
LPT-10741,4,0,1,3,0,0,1,0,0,0,2,0,0,0,1,7,1 PowerShell alert(s),0,3,0,0,2,0,0,0,2,0,0,0,Medium,LPT-10741,Low,It Dept
LPT-11263,4,0,0,4,0,2,0,0,0,0,1,0,0,0,1,7,2 malware/ransomware alert(s),0,0,0,6,0,0,0,0,1,0,0,0,Medium,LPT-11263,Medium,Human Resource
LPT-11511,4,0,0,2,0,1,1,1,0,0,0,0,0,0,1,7,1 malware/ransomware alert(s); 1 PowerShell alert(s); 1 lateral-movement alert(s),0,0,0,3,2,2,0,0,0,0,0,0,Medium,LPT-11511,Critical,R&D
LPT-12521,4,0,0,2,0,2,0,0,0,0,1,0,0,0,1,7,2 malware/ransomware alert(s),0,0,0,6,0,0,0,0,1,0,0,0,Medium,LPT-12521,Critical,Brand Team
LPT-12702,4,0,1,2,0,1,0,0,0,0,1,0,0,0,1,7,1 malware/ransomware alert(s),0,3,0,3,0,0,0,0,1,0,0,0,Medium,LPT-12702,Medium,Supply Chain
VDR-10165,4,0,0,3,0,1,1,1,0,0,0,0,0,0,1,7,1 malware/ransomware alert(s); 1 PowerShell alert(s); 1 lateral-movement alert(s),0,0,0,3,2,2,0,0,0,0,0,0,Medium,VDR-10165,Critical,Procurement Team
VDR-10536,4,0,1,4,0,0,0,0,1,0,2,0,0,0,1,7,1 credential-access alert(s),0,3,0,0,0,0,2,0,2,0,0,0,Medium,VDR-10536,Low,Information Technology
VDR-10614,4,0,1,4,0,0,1,0,1,0,0,0,0,0,1,7,1 PowerShell alert(s); 1 credential-access alert(s),0,3,0,0,2,0,2,0,0,0,0,0,Medium,VDR-10614,Low,Sales Dept
VDR-11188,4,0,1,2,0,0,0,0,2,0,0,0,0,0,1,7,2 credential-access alert(s),0,3,0,0,0,0,4,0,0,0,0,0,Medium,VDR-11188,Low,Mkt
VDR-11709,4,0,0,2,0,1,1,1,0,0,0,0,0,0,1,7,1 malware/ransomware alert(s); 1 PowerShell alert(s); 1 lateral-movement alert(s),0,0,0,3,2,2,0,0,0,0,0,0,Medium,VDR-11709,Medium,Information Tech
VDR-11774,4,0,0,4,0,1,1,0,1,0,0,0,0,0,1,7,1 malware/ransomware alert(s); 1 PowerShell alert(s); 1 credential-access alert(s),0,0,0,3,2,0,2,0,0,0,0,0,Medium,VDR-11774,Medium,Customer Support
VDR-12005,4,0,0,2,0,1,2,0,0,0,0,0,0,0,1,7,1 malware/ransomware alert(s); 2 PowerShell alert(s),0,0,0,3,4,0,0,0,0,0,0,0,Medium,VDR-12005,Medium,Sales Dept
VDR-12193,4,0,0,2,0,1,0,1,1,0,0,0,0,0,1,7,1 malware/ransomware alert(s); 1 lateral-movement alert(s); 1 credential-access alert(s),0,0,0,3,0,2,2,0,0,0,0,0,Medium,VDR-12193,High,Customer Support
WS-11381,4,0,0,3,0,1,2,0,0,0,0,0,0,0,1,7,1 malware/ransomware alert(s); 2 PowerShell alert(s),0,0,0,3,4,0,0,0,0,0,0,0,Medium,WS-11381,High,Hr Dept
WS-12392,4,0,0,3,0,2,0,0,0,0,1,0,0,0,1,7,2 malware/ransomware alert(s),0,0,0,6,0,0,0,0,1,0,0,0,Medium,WS-12392,Critical,Sales Team
LPT-10026,3,0,0,2,0,2,0,0,0,0,0,1,0,0,1,7,2 malware/ransomware alert(s),0,0,0,6,0,0,0,0,0,1,0,0,Medium,LPT-10026,Medium,It Dept
LPT-10058,3,0,1,2,0,1,0,0,0,0,1,0,0,0,1,7,1 malware/ransomware alert(s),0,3,0,3,0,0,0,0,1,0,0,0,Medium,LPT-10058,Low,Ops Team
LPT-10125,3,0,0,2,0,1,0,0,2,0,0,0,0,0,1,7,1 malware/ransomware alert(s); 2 credential-access alert(s),0,0,0,3,0,0,4,0,0,0,0,0,Medium,LPT-10125,High,Legal
LPT-10418,3,0,0,2,0,1,0,2,0,0,0,0,0,0,1,7,1 malware/ransomware alert(s); 2 lateral-movement alert(s),0,0,0,3,0,4,0,0,0,0,0,0,Medium,LPT-10418,Medium,Research And Development
LPT-10639,3,0,1,2,0,0,0,2,0,0,0,0,0,0,1,7,2 lateral-movement alert(s),0,3,0,0,0,4,0,0,0,0,0,0,Medium,LPT-10639,Low,Innovation
LPT-10654,3,0,1,1,0,1,0,0,0,0,1,0,0,0,1,7,1 malware/ransomware alert(s),0,3,0,3,0,0,0,0,1,0,0,0,Medium,LPT-10654,Medium,Ops
LPT-11158,3,0,1,1,0,1,0,0,0,0,1,0,0,0,1,7,1 malware/ransomware alert(s),0,3,0,3,0,0,0,0,1,0,0,0,Medium,LPT-11158,Low,It Dept
LPT-11504,3,0,0,1,0,1,2,0,0,0,0,0,0,0,1,7,1 malware/ransomware alert(s); 2 PowerShell alert(s),0,0,0,3,4,0,0,0,0,0,0,0,Medium,LPT-11504,Medium,Information Tech
LPT-11781,3,0,0,1,0,1,1,1,0,0,0,0,0,0,1,7,1 malware/ransomware alert(s); 1 PowerShell alert(s); 1 lateral-movement alert(s),0,0,0,3,2,2,0,0,0,0,0,0,Medium,LPT-11781,Critical,Finance Dept
LPT-11880,3,0,1,2,0,0,1,0,0,0,2,0,0,0,1,7,1 PowerShell alert(s),0,3,0,0,2,0,0,0,2,0,0,0,Medium,LPT-11880,Medium,Mkt
LPT-12355,3,0,0,2,0,1,1,1,0,0,0,0,0,0,1,7,1 malware/ransomware alert(s); 1 PowerShell alert(s); 1 lateral-movement alert(s),0,0,0,3,2,2,0,0,0,0,0,0,Medium,LPT-12355,High,Hr Dept
LPT-12448,3,0,1,2,0,0,0,1,0,0,2,0,0,0,1,7,1 lateral-movement alert(s),0,3,0,0,0,2,0,0,2,0,0,0,Medium,LPT-12448,High,Procurement Team
LPT-12534,3,0,0,3,0,1,1,1,0,0,0,0,0,0,1,7,1 malware/ransomware alert(s); 1 PowerShell alert(s); 1 lateral-movement alert(s),0,0,0,3,2,2,0,0,0,0,0,0,Medium,LPT-12534,High,Hr Dept
VDR-10208,3,0,0,2,0,1,1,0,0,0,1,1,0,0,1,7,1 malware/ransomware alert(s); 1 PowerShell alert(s),0,0,0,3,2,0,0,0,1,1,0,0,Medium,VDR-10208,Low,Sales Dept
VDR-10380,3,0,0,1,0,2,0,0,0,0,1,0,0,0,1,7,2 malware/ransomware alert(s),0,0,0,6,0,0,0,0,1,0,0,0,Medium,VDR-10380,Low,Mktg
VDR-10482,3,0,1,3,0,0,0,1,0,0,1,1,0,0,1,7,1 lateral-movement alert(s),0,3,0,0,0,2,0,0,1,1,0,0,Medium,VDR-10482,High,Information Tech
VDR-10605,3,0,0,3,0,2,0,0,0,0,1,0,0,0,1,7,2 malware/ransomware alert(s),0,0,0,6,0,0,0,0,1,0,0,0,Medium,VDR-10605,Medium,Procurement Team
VDR-10723,3,0,1,2,0,1,0,0,0,0,1,0,0,0,1,7,1 malware/ransomware alert(s),0,3,0,3,0,0,0,0,1,0,0,0,Medium,VDR-10723,Critical,Call Center
VDR-10807,3,0,0,1,0,1,0,1,1,0,0,0,0,0,1,7,1 malware/ransomware alert(s); 1 lateral-movement alert(s); 1 credential-access alert(s),0,0,0,3,0,2,2,0,0,0,0,0,Medium,VDR-10807,High,It Support
VDR-11247,3,0,0,2,0,1,1,1,0,0,0,0,0,0,1,7,1 malware/ransomware alert(s); 1 PowerShell alert(s); 1 lateral-movement alert(s),0,0,0,3,2,2,0,0,0,0,0,0,Medium,VDR-11247,Critical,Operations Dept
VDR-11266,3,0,1,2,0,0,1,1,0,0,0,0,0,0,1,7,1 PowerShell alert(s); 1 lateral-movement alert(s),0,3,0,0,2,2,0,0,0,0,0,0,Medium,VDR-11266,High,Brand Team
VDR-11378,3,0,0,2,0,1,0,2,0,0,0,0,0,0,1,7,1 malware/ransomware alert(s); 2 lateral-movement alert(s),0,0,0,3,0,4,0,0,0,0,0,0,Medium,VDR-11378,Medium,Compliance
VDR-11495,3,0,0,3,0,1,1,0,1,0,0,0,0,0,1,7,1 malware/ransomware alert(s); 1 PowerShell alert(s); 1 credential-access alert(s),0,0,0,3,2,0,2,0,0,0,0,0,Medium,VDR-11495,Low,Finance
VDR-11778,3,0,0,2,0,2,0,0,0,0,1,0,0,0,1,7,2 malware/ransomware alert(s),0,0,0,6,0,0,0,0,1,0,0,0,Medium,VDR-11778,Low,Marketing Dept
VDR-11787,3,0,1,2,0,0,2,0,0,0,0,0,0,0,1,7,2 PowerShell alert(s),0,3,0,0,4,0,0,0,0,0,0,0,Medium,VDR-11787,Low,Compliance
VDR-11912,3,0,1,1,0,1,0,0,0,0,1,0,0,0,1,7,1 malware/ransomware alert(s),0,3,0,3,0,0,0,0,1,0,0,0,Medium,VDR-11912,Medium,Hr
VDR-12079,3,0,0,1,0,1,0,1,1,0,0,0,0,0,1,7,1 malware/ransomware alert(s); 1 lateral-movement alert(s); 1 credential-access alert(s),0,0,0,3,0,2,2,0,0,0,0,0,Medium,VDR-12079,Medium,Call Center
VDR-12238,3,0,1,2,0,0,1,0,0,0,1,1,0,0,1,7,1 PowerShell alert(s),0,3,0,0,2,0,0,0,1,1,0,0,Medium,VDR-12238,Medium,Ops Team
VDR-12797,3,0,0,3,0,1,0,1,1,0,0,0,0,0,1,7,1 malware/ransomware alert(s); 1 lateral-movement alert(s); 1 credential-access alert(s),0,0,0,3,0,2,2,0,0,0,0,0,Medium,VDR-12797,High,Sales
VDR-12991,3,0,0,2,0,1,1,1,0,0,0,0,0,0,1,7,1 malware/ransomware alert(s); 1 PowerShell alert(s); 1 lateral-movement alert(s),0,0,0,3,2,2,0,0,0,0,0,0,Medium,VDR-12991,Medium,Mkt
WS-10288,3,0,0,1,0,1,0,1,1,0,0,0,0,0,1,7,1 malware/ransomware alert(s); 1 lateral-movement alert(s); 1 credential-access alert(s),0,0,0,3,0,2,2,0,0,0,0,0,Medium,WS-10288,High,Finance Dept
WS-10385,3,0,0,2,0,1,1,0,1,0,0,0,0,0,1,7,1 malware/ransomware alert(s); 1 PowerShell alert(s); 1 credential-access alert(s),0,0,0,3,2,0,2,0,0,0,0,0,Medium,WS-10385,Critical,Customer Support
WS-10436,3,0,1,2,0,0,1,1,0,0,0,0,0,0,1,7,1 PowerShell alert(s); 1 lateral-movement alert(s),0,3,0,0,2,2,0,0,0,0,0,0,Medium,WS-10436,High,Sales
WS-11196,3,0,0,3,0,1,0,0,2,0,0,0,0,0,1,7,1 malware/ransomware alert(s); 2 credential-access alert(s),0,0,0,3,0,0,4,0,0,0,0,0,Medium,WS-11196,High,Ops
WS-12082,3,0,0,2,0,1,2,0,0,0,0,0,0,0,1,7,1 malware/ransomware alert(s); 2 PowerShell alert(s),0,0,0,3,4,0,0,0,0,0,0,0,Medium,WS-12082,Low,Procurement Team
WS-12456,3,0,0,0,0,2,0,0,0,0,1,0,0,0,1,7,2 malware/ransomware alert(s),0,0,0,6,0,0,0,0,1,0,0,0,Medium,WS-12456,High,Procurement
WS-12468,3,0,0,1,0,1,0,2,0,0,0,0,0,0,1,7,1 malware/ransomware alert(s); 2 lateral-movement alert(s),0,0,0,3,0,4,0,0,0,0,0,0,Medium,WS-12468,Medium,It Support
LPT-10127,2,0,1,2,0,0,1,0,1,0,0,0,0,0,1,7,1 PowerShell alert(s); 1 credential-access alert(s),0,3,0,0,2,0,2,0,0,0,0,0,Medium,LPT-10127,High,Finance Dept
LPT-10235,2,0,1,1,0,0,1,0,1,0,0,0,0,0,1,7,1 PowerShell alert(s); 1 credential-access alert(s),0,3,0,0,2,0,2,0,0,0,0,0,Medium,LPT-10235,High,Innovation
LPT-10320,2,0,1,2,0,1,0,0,0,0,1,0,0,0,1,7,1 malware/ransomware alert(s),0,3,0,3,0,0,0,0,1,0,0,0,Medium,LPT-10320,High,Mktg
LPT-10366,2,0,1,1,0,0,0,1,1,0,0,0,0,0,1,7,1 lateral-movement alert(s); 1 credential-access alert(s),0,3,0,0,0,2,2,0,0,0,0,0,Medium,LPT-10366,Critical,Human Resource
LPT-10416,2,0,1,2,0,1,0,0,0,0,1,0,0,0,1,7,1 malware/ransomware alert(s),0,3,0,3,0,0,0,0,1,0,0,0,Medium,LPT-10416,Low,Fin
LPT-10663,2,0,1,1,0,0,1,0,1,0,0,0,0,0,1,7,1 PowerShell alert(s); 1 credential-access alert(s),0,3,0,0,2,0,2,0,0,0,0,0,Medium,LPT-10663,Medium,Sales
LPT-10842,2,0,0,2,0,1,0,1,0,0,0,0,0,2,1,7,1 malware/ransomware alert(s); 1 lateral-movement alert(s); 2 identity review concern(s),0,0,0,3,0,2,0,0,0,0,0,2,Medium,LPT-10842,Low,
LPT-11010,2,0,1,0,0,0,1,1,0,0,0,0,0,0,1,7,1 PowerShell alert(s); 1 lateral-movement alert(s),0,3,0,0,2,2,0,0,0,0,0,0,Medium,LPT-11010,High,Mktg
LPT-11027,2,0,1,1,0,0,0,0,2,0,0,0,0,0,1,7,2 credential-access alert(s),0,3,0,0,0,0,4,0,0,0,0,0,Medium,LPT-11027,Critical,Information Tech
LPT-11030,2,0,0,1,0,1,0,1,0,0,0,0,0,2,1,7,1 malware/ransomware alert(s); 1 lateral-movement alert(s); 2 identity review concern(s),0,0,0,3,0,2,0,0,0,0,0,2,Medium,LPT-11030,High,Customer Support
LPT-11052,2,0,1,2,0,0,1,0,0,0,0,0,0,2,1,7,1 PowerShell alert(s); 2 identity review concern(s),0,3,0,0,2,0,0,0,0,0,0,2,Medium,LPT-11052,Critical,Sales Dept
LPT-11254,2,0,1,2,0,1,0,0,0,0,1,0,0,0,1,7,1 malware/ransomware alert(s),0,3,0,3,0,0,0,0,1,0,0,0,Medium,LPT-11254,Medium,Hr Dept
LPT-11311,2,0,0,1,0,1,0,1,0,0,0,0,0,2,1,7,1 malware/ransomware alert(s); 1 lateral-movement alert(s); 2 identity review concern(s),0,0,0,3,0,2,0,0,0,0,0,2,Medium,LPT-11311,Low,Sales Dept
LPT-11408,2,0,1,1,0,1,0,0,0,0,1,0,0,0,1,7,1 malware/ransomware alert(s),0,3,0,3,0,0,0,0,1,0,0,0,Medium,LPT-11408,Medium,It
LPT-11506,2,0,1,2,0,0,0,0,2,0,0,0,0,0,1,7,2 credential-access alert(s),0,3,0,0,0,0,4,0,0,0,0,0,Medium,LPT-11506,Medium,Customer Care
LPT-11546,2,0,1,2,0,0,1,1,0,0,0,0,0,0,1,7,1 PowerShell alert(s); 1 lateral-movement alert(s),0,3,0,0,2,2,0,0,0,0,0,0,Medium,LPT-11546,Medium,Innovation
LPT-11616,2,0,0,0,0,1,0,0,0,0,1,1,0,2,1,7,1 malware/ransomware alert(s); 2 identity review concern(s),0,0,0,3,0,0,0,0,1,1,0,2,Medium,LPT-11616,,Operations
LPT-11762,2,0,1,2,0,1,0,0,0,0,1,0,0,0,1,7,1 malware/ransomware alert(s),0,3,0,3,0,0,0,0,1,0,0,0,Medium,LPT-11762,Medium,Hr Dept
LPT-11764.CORP.LOCAL,2,0,1,2,0,0,0,0,1,0,0,0,0,2,1,7,1 credential-access alert(s); 2 identity review concern(s),0,3,0,0,0,0,2,0,0,0,0,2,Medium,LPT-11764.CORP.LOCAL,High,Sales Team
LPT-12088.CORP.LOCAL,2,0,0,1,0,1,0,0,1,0,0,0,0,2,1,7,1 malware/ransomware alert(s); 1 credential-access alert(s); 2 identity review concern(s),0,0,0,3,0,0,2,0,0,0,0,2,Medium,LPT-12088.CORP.LOCAL,Low,Purch
LPT-12107,2,0,0,2,0,1,0,0,1,0,0,0,0,2,1,7,1 malware/ransomware alert(s); 1 credential-access alert(s); 2 identity review concern(s),0,0,0,3,0,0,2,0,0,0,0,2,Medium,LPT-12107,Low,Hr
LPT-12260,2,0,1,1,0,1,0,0,0,0,1,0,0,0,1,7,1 malware/ransomware alert(s),0,3,0,3,0,0,0,0,1,0,0,0,Medium,LPT-12260,Medium,Rnd
LPT-12542,2,0,1,2,0,0,0,1,1,0,0,0,0,0,1,7,1 lateral-movement alert(s); 1 credential-access alert(s),0,3,0,0,0,2,2,0,0,0,0,0,Medium,LPT-12542,Low,Business Sales
LPT-12622,2,0,0,1,0,1,1,0,0,0,0,0,0,2,1,7,1 malware/ransomware alert(s); 1 PowerShell alert(s); 2 identity review concern(s),0,0,0,3,2,0,0,0,0,0,0,2,Medium,LPT-12622,,Sales Dept
LPT-12697,2,0,0,2,0,0,0,0,0,0,1,0,2,0,1,7,2 inactive-user event(s),0,0,0,0,0,0,0,0,1,0,6,0,Medium,LPT-12697,Low,Finance
LPT-12782,2,0,1,0,0,0,0,1,1,0,0,0,0,0,1,7,1 lateral-movement alert(s); 1 credential-access alert(s),0,3,0,0,0,2,2,0,0,0,0,0,Medium,LPT-12782,Low,Purch
LPT-12969,2,0,0,2,0,1,0,1,0,0,0,0,0,2,1,7,1 malware/ransomware alert(s); 1 lateral-movement alert(s); 2 identity review concern(s),0,0,0,3,0,2,0,0,0,0,0,2,Medium,LPT-12969,High,Mktg
LPT-12995,2,0,1,2,0,0,0,1,0,0,0,2,0,0,1,7,1 lateral-movement alert(s),0,3,0,0,0,2,0,0,0,2,0,0,Medium,LPT-12995,Critical,Procurement Team
MISSING_HOST::EMP10016,2,0,0,2,0,1,1,0,0,0,0,0,0,2,1,7,1 malware/ransomware alert(s); 1 PowerShell alert(s); 2 identity review concern(s),0,0,0,3,2,0,0,0,0,0,0,2,Medium,,Low,Finance Dept
MISSING_HOST::EMP11658,2,0,0,2,0,1,0,0,1,0,0,0,0,2,1,7,1 malware/ransomware alert(s); 1 credential-access alert(s); 2 identity review concern(s),0,0,0,3,0,0,2,0,0,0,0,2,Medium,,Low,It Support
MISSING_HOST::EMP12149,2,0,0,1,0,1,1,0,0,0,0,0,0,2,1,7,1 malware/ransomware alert(s); 1 PowerShell alert(s); 2 identity review concern(s),0,0,0,3,2,0,0,0,0,0,0,2,Medium,,Critical,Legal
MISSING_HOST::EMP12421,2,0,0,2,0,1,0,1,0,0,0,0,0,2,1,7,1 malware/ransomware alert(s); 1 lateral-movement alert(s); 2 identity review concern(s),0,0,0,3,0,2,0,0,0,0,0,2,Medium,,Medium,Finance
VDR-10020,2,0,1,1,0,1,0,0,0,0,1,0,0,0,1,7,1 malware/ransomware alert(s),0,3,0,3,0,0,0,0,1,0,0,0,Medium,VDR-10020,Low,Hr
VDR-10077,2,0,1,1,0,0,0,1,1,0,0,0,0,0,1,7,1 lateral-movement alert(s); 1 credential-access alert(s),0,3,0,0,0,2,2,0,0,0,0,0,Medium,VDR-10077,Medium,Purch
VDR-10093,2,0,0,2,0,1,1,0,0,0,0,0,0,2,1,7,1 malware/ransomware alert(s); 1 PowerShell alert(s); 2 identity review concern(s),0,0,0,3,2,0,0,0,0,0,0,2,Medium,VDR-10093,,Procurement Team
VDR-10315,2,0,1,1,0,0,0,1,0,0,1,1,0,0,1,7,1 lateral-movement alert(s),0,3,0,0,0,2,0,0,1,1,0,0,Medium,VDR-10315,Critical,Hr Dept
VDR-10386,2,0,2,0,0,0,0,0,0,0,1,0,0,0,1,7,volume/low-severity activity only,0,6,0,0,0,0,0,0,1,0,0,0,Medium,VDR-10386,Low,Finance
VDR-10519,2,0,1,2,0,0,1,0,1,0,0,0,0,0,1,7,1 PowerShell alert(s); 1 credential-access alert(s),0,3,0,0,2,0,2,0,0,0,0,0,Medium,VDR-10519,Medium,Business Sales
VDR-10667.CORP.LOCAL,2,0,0,2,0,1,1,0,0,0,0,0,0,2,1,7,1 malware/ransomware alert(s); 1 PowerShell alert(s); 2 identity review concern(s),0,0,0,3,2,0,0,0,0,0,0,2,Medium,VDR-10667.CORP.LOCAL,,It Dept
VDR-10765,2,0,1,1,0,0,0,1,1,0,0,0,0,0,1,7,1 lateral-movement alert(s); 1 credential-access alert(s),0,3,0,0,0,2,2,0,0,0,0,0,Medium,VDR-10765,Medium,Accounts
VDR-10801,2,0,0,2,0,1,0,0,1,0,0,0,0,2,1,7,1 malware/ransomware alert(s); 1 credential-access alert(s); 2 identity review concern(s),0,0,0,3,0,0,2,0,0,0,0,2,Medium,VDR-10801,High,Cs
VDR-10816,2,0,1,2,0,0,0,0,0,0,2,0,0,2,1,7,2 identity review concern(s),0,3,0,0,0,0,0,0,2,0,0,2,Medium,VDR-10816,High,Supply Chain
VDR-10835,2,0,1,1,0,0,0,1,0,0,0,0,0,2,1,7,1 lateral-movement alert(s); 2 identity review concern(s),0,3,0,0,0,2,0,0,0,0,0,2,Medium,VDR-10835,Medium,Legal
VDR-10900,2,0,0,1,0,1,1,0,0,0,0,0,0,2,1,7,1 malware/ransomware alert(s); 1 PowerShell alert(s); 2 identity review concern(s),0,0,0,3,2,0,0,0,0,0,0,2,Medium,VDR-10900,Low,
VDR-11038,2,0,1,1,0,1,0,0,0,0,1,0,0,0,1,7,1 malware/ransomware alert(s),0,3,0,3,0,0,0,0,1,0,0,0,Medium,VDR-11038,Medium,Business Sales
VDR-11206,2,0,0,2,0,1,0,0,1,0,0,0,0,2,1,7,1 malware/ransomware alert(s); 1 credential-access alert(s); 2 identity review concern(s),0,0,0,3,0,0,2,0,0,0,0,2,Medium,VDR-11206,Critical,Legal
VDR-11217,2,0,1,1,0,1,0,0,0,0,1,0,0,0,1,7,1 malware/ransomware alert(s),0,3,0,3,0,0,0,0,1,0,0,0,Medium,VDR-11217,High,Ops Team
VDR-11272.CORP.LOCAL,2,0,0,2,0,1,0,1,0,0,0,0,0,2,1,7,1 malware/ransomware alert(s); 1 lateral-movement alert(s); 2 identity review concern(s),0,0,0,3,0,2,0,0,0,0,0,2,Medium,VDR-11272.CORP.LOCAL,High,Ops Team
VDR-11327,2,0,1,1,0,0,1,0,1,0,0,0,0,0,1,7,1 PowerShell alert(s); 1 credential-access alert(s),0,3,0,0,2,0,2,0,0,0,0,0,Medium,VDR-11327,Critical,Hr Dept
VDR-11594,2,0,1,2,0,0,1,1,0,0,0,0,0,0,1,7,1 PowerShell alert(s); 1 lateral-movement alert(s),0,3,0,0,2,2,0,0,0,0,0,0,Medium,VDR-11594,Low,Customer Support
VDR-11697,2,0,1,1,0,0,0,2,0,0,0,0,0,0,1,7,2 lateral-movement alert(s),0,3,0,0,0,4,0,0,0,0,0,0,Medium,VDR-11697,Low,Sales Team
VDR-11821,2,0,1,2,0,1,0,0,0,0,1,0,0,0,1,7,1 malware/ransomware alert(s),0,3,0,3,0,0,0,0,1,0,0,0,Medium,VDR-11821,High,Mkt
VDR-11901,2,0,1,0,0,0,1,0,1,0,0,0,0,0,1,7,1 PowerShell alert(s); 1 credential-access alert(s),0,3,0,0,2,0,2,0,0,0,0,0,Medium,VDR-11901,Low,Rd
VDR-11963,2,0,1,1,0,0,2,0,0,0,0,0,0,0,1,7,2 PowerShell alert(s),0,3,0,0,4,0,0,0,0,0,0,0,Medium,VDR-11963,Medium,Sales
VDR-11982,2,0,1,2,0,0,0,2,0,0,0,0,0,0,1,7,2 lateral-movement alert(s),0,3,0,0,0,4,0,0,0,0,0,0,Medium,VDR-11982,High,Human Resources
VDR-12163,2,0,0,1,0,2,0,0,0,0,0,1,0,0,1,7,2 malware/ransomware alert(s),0,0,0,6,0,0,0,0,0,1,0,0,Medium,VDR-12163,High,Fin
VDR-12332,2,0,1,2,0,0,1,0,0,0,0,0,0,2,1,7,1 PowerShell alert(s); 2 identity review concern(s),0,3,0,0,2,0,0,0,0,0,0,2,Medium,VDR-12332,Low,
VDR-12335,2,0,0,2,0,1,1,0,0,0,0,0,0,2,1,7,1 malware/ransomware alert(s); 1 PowerShell alert(s); 2 identity review concern(s),0,0,0,3,2,0,0,0,0,0,0,2,Medium,VDR-12335,High,Finance Dept
VDR-12436,2,0,1,1,0,0,1,0,1,0,0,0,0,0,1,7,1 PowerShell alert(s); 1 credential-access alert(s),0,3,0,0,2,0,2,0,0,0,0,0,Medium,VDR-12436,Low,Information Tech
VDR-12483,2,0,1,1,0,0,1,0,1,0,0,0,0,0,1,7,1 PowerShell alert(s); 1 credential-access alert(s),0,3,0,0,2,0,2,0,0,0,0,0,Medium,VDR-12483,Critical,Sales Team
VDR-12770,2,0,1,2,0,1,0,0,0,0,1,0,0,0,1,7,1 malware/ransomware alert(s),0,3,0,3,0,0,0,0,1,0,0,0,Medium,VDR-12770,Medium,Finance
VDR-12776,2,0,0,2,0,1,0,0,1,0,0,0,0,2,1,7,1 malware/ransomware alert(s); 1 credential-access alert(s); 2 identity review concern(s),0,0,0,3,0,0,2,0,0,0,0,2,Medium,VDR-12776,Medium,
VDR-12882,2,0,1,1,0,0,2,0,0,0,0,0,0,0,1,7,2 PowerShell alert(s),0,3,0,0,4,0,0,0,0,0,0,0,Medium,VDR-12882,High,Legal
VDR-12980,2,0,1,2,0,1,0,0,0,0,1,0,0,0,1,7,1 malware/ransomware alert(s),0,3,0,3,0,0,0,0,1,0,0,0,Medium,VDR-12980,Critical,Innovation
WS-10225,2,0,0,1,0,0,0,0,0,0,1,0,2,0,1,7,2 inactive-user event(s),0,0,0,0,0,0,0,0,1,0,6,0,Medium,WS-10225,Critical,Call Center
WS-10236,2,0,1,0,0,0,1,0,1,0,0,0,0,0,1,7,1 PowerShell alert(s); 1 credential-access alert(s),0,3,0,0,2,0,2,0,0,0,0,0,Medium,WS-10236,Critical,Rd
WS-10422,2,0,1,1,0,1,0,0,0,0,1,0,0,0,1,7,1 malware/ransomware alert(s),0,3,0,3,0,0,0,0,1,0,0,0,Medium,WS-10422,Low,Brand Team
WS-10430,2,0,1,2,0,0,1,0,1,0,0,0,0,0,1,7,1 PowerShell alert(s); 1 credential-access alert(s),0,3,0,0,2,0,2,0,0,0,0,0,Medium,WS-10430,High,Compliance
WS-10629,2,0,1,1,0,1,0,0,0,0,0,1,0,0,1,7,1 malware/ransomware alert(s),0,3,0,3,0,0,0,0,0,1,0,0,Medium,WS-10629,High,Operations Dept
WS-10737,2,0,1,1,0,1,0,0,0,0,1,0,0,0,1,7,1 malware/ransomware alert(s),0,3,0,3,0,0,0,0,1,0,0,0,Medium,WS-10737,Low,Human Resource
WS-11069.CORP.LOCAL,2,0,1,0,0,0,0,1,0,0,0,0,0,2,1,7,1 lateral-movement alert(s); 2 identity review concern(s),0,3,0,0,0,2,0,0,0,0,0,2,Medium,WS-11069.CORP.LOCAL,Medium,Procurement Team
WS-11084,2,0,0,2,0,2,0,0,0,0,0,1,0,0,1,7,2 malware/ransomware alert(s),0,0,0,6,0,0,0,0,0,1,0,0,Medium,WS-11084,Low,Innovation
WS-11098,2,0,0,1,0,1,1,0,0,0,0,0,0,2,1,7,1 malware/ransomware alert(s); 1 PowerShell alert(s); 2 identity review concern(s),0,0,0,3,2,0,0,0,0,0,0,2,Medium,WS-11098,Medium,Hr Dept
WS-11126,2,0,1,2,0,0,0,2,0,0,0,0,0,0,1,7,2 lateral-movement alert(s),0,3,0,0,0,4,0,0,0,0,0,0,Medium,WS-11126,High,Finance
WS-11358,2,0,1,2,0,0,1,0,1,0,0,0,0,0,1,7,1 PowerShell alert(s); 1 credential-access alert(s),0,3,0,0,2,0,2,0,0,0,0,0,Medium,WS-11358,High,It
WS-11463,2,0,0,0,0,2,0,0,0,0,0,1,0,0,1,7,2 malware/ransomware alert(s),0,0,0,6,0,0,0,0,0,1,0,0,Medium,WS-11463,Critical,It Support
WS-11517.CORP.LOCAL,2,0,0,1,0,1,0,0,1,0,0,0,0,2,1,7,1 malware/ransomware alert(s); 1 credential-access alert(s); 2 identity review concern(s),0,0,0,3,0,0,2,0,0,0,0,2,Medium,WS-11517.CORP.LOCAL,Critical,Hr
WS-11520,2,0,1,1,0,0,1,1,0,0,0,0,0,0,1,7,1 PowerShell alert(s); 1 lateral-movement alert(s),0,3,0,0,2,2,0,0,0,0,0,0,Medium,WS-11520,Low,Marketing Dept
WS-11540.CORP.LOCAL,2,0,0,1,0,1,1,0,0,0,0,0,0,2,1,7,1 malware/ransomware alert(s); 1 PowerShell alert(s); 2 identity review concern(s),0,0,0,3,2,0,0,0,0,0,0,2,Medium,WS-11540.CORP.LOCAL,Medium,Information Technology
WS-11677,2,0,1,0,0,1,0,0,0,0,1,0,0,0,1,7,1 malware/ransomware alert(s),0,3,0,3,0,0,0,0,1,0,0,0,Medium,WS-11677,High,People Team
WS-11696,2,0,1,2,0,1,0,0,0,0,1,0,0,0,1,7,1 malware/ransomware alert(s),0,3,0,3,0,0,0,0,1,0,0,0,Medium,WS-11696,Low,Sales Team
WS-11860,2,0,1,2,0,1,0,0,0,0,1,0,0,0,1,7,1 malware/ransomware alert(s),0,3,0,3,0,0,0,0,1,0,0,0,Medium,WS-11860,Medium,Sales Team
WS-12037,2,0,1,2,0,1,0,0,0,0,1,0,0,0,1,7,1 malware/ransomware alert(s),0,3,0,3,0,0,0,0,1,0,0,0,Medium,WS-12037,Medium,Rnd
WS-12371,2,0,1,1,0,1,0,0,0,0,1,0,0,0,1,7,1 malware/ransomware alert(s),0,3,0,3,0,0,0,0,1,0,0,0,Medium,WS-12371,Critical,Customer Care
WS-12413,2,0,0,1,0,1,1,0,0,0,0,0,0,2,1,7,1 malware/ransomware alert(s); 1 PowerShell alert(s); 2 identity review concern(s),0,0,0,3,2,0,0,0,0,0,0,2,Medium,WS-12413,Medium,Marketing Dept
WS-12472,2,0,1,2,0,1,0,0,0,0,1,0,0,0,1,7,1 malware/ransomware alert(s),0,3,0,3,0,0,0,0,1,0,0,0,Medium,WS-12472,Critical,Customer Support
WS-12482,2,0,0,2,0,1,0,1,0,0,0,0,0,2,1,7,1 malware/ransomware alert(s); 1 lateral-movement alert(s); 2 identity review concern(s),0,0,0,3,0,2,0,0,0,0,0,2,Medium,WS-12482,Critical,
WS-12546,2,0,0,1,0,1,0,0,1,0,0,0,0,2,1,7,1 malware/ransomware alert(s); 1 credential-access alert(s); 2 identity review concern(s),0,0,0,3,0,0,2,0,0,0,0,2,Medium,WS-12546,Medium,
WS-12793,2,0,1,2,0,0,1,0,1,0,0,0,0,0,1,7,1 PowerShell alert(s); 1 credential-access alert(s),0,3,0,0,2,0,2,0,0,0,0,0,Medium,WS-12793,Low,Purch
WS-12868,2,0,1,0,0,0,0,2,0,0,0,0,0,0,1,7,2 lateral-movement alert(s),0,3,0,0,0,4,0,0,0,0,0,0,Medium,WS-12868,Critical,Purch
WS-12987,2,0,1,1,0,0,1,0,1,0,0,0,0,0,1,7,1 PowerShell alert(s); 1 credential-access alert(s),0,3,0,0,2,0,2,0,0,0,0,0,Medium,WS-12987,Low,It
LPT-10382.CORP.LOCAL,1,0,0,0,0,1,0,0,0,0,0,0,1,1,1,7,1 malware/ransomware alert(s); 1 inactive-user event(s); 1 identity review concern(s),0,0,0,3,0,0,0,0,0,0,3,1,Medium,LPT-10382.CORP.LOCAL,Critical,Ops
LPT-10496,1,1,0,0,0,0,0,1,0,0,0,0,0,0,1,7,1 critical alert(s); 1 lateral-movement alert(s),5,0,0,0,0,2,0,0,0,0,0,0,Medium,LPT-10496,Medium,Mkt
LPT-10851.CORP.LOCAL,1,0,1,1,0,1,0,0,0,0,0,0,0,1,1,7,1 malware/ransomware alert(s); 1 identity review concern(s),0,3,0,3,0,0,0,0,0,0,0,1,Medium,LPT-10851.CORP.LOCAL,,Brand Team
LPT-11070,1,0,1,0,0,0,0,0,0,0,1,0,1,0,1,7,1 inactive-user event(s),0,3,0,0,0,0,0,0,1,0,3,0,Medium,LPT-11070,Critical,Legal
LPT-11070.CORP.LOCAL,1,0,0,1,0,1,0,0,0,0,0,0,1,1,1,7,1 malware/ransomware alert(s); 1 inactive-user event(s); 1 identity review concern(s),0,0,0,3,0,0,0,0,0,0,3,1,Medium,LPT-11070.CORP.LOCAL,Critical,Legal
LPT-11125.CORP.LOCAL,1,0,0,1,0,1,0,0,0,0,0,0,1,1,1,7,1 malware/ransomware alert(s); 1 inactive-user event(s); 1 identity review concern(s),0,0,0,3,0,0,0,0,0,0,3,1,Medium,LPT-11125.CORP.LOCAL,,Mktg
LPT-11209,1,0,1,1,0,1,0,0,0,0,0,0,0,1,1,7,1 malware/ransomware alert(s); 1 identity review concern(s),0,3,0,3,0,0,0,0,0,0,0,1,Medium,LPT-11209,Medium,It
LPT-11276.CORP.LOCAL,1,0,0,1,0,1,0,0,0,0,0,0,1,1,1,7,1 malware/ransomware alert(s); 1 inactive-user event(s); 1 identity review concern(s),0,0,0,3,0,0,0,0,0,0,3,1,Medium,LPT-11276.CORP.LOCAL,Critical,Call Center
LPT-11280.CORP.LOCAL,1,0,0,1,0,1,0,0,0,0,0,0,1,1,1,7,1 malware/ransomware alert(s); 1 inactive-user event(s); 1 identity review concern(s),0,0,0,3,0,0,0,0,0,0,3,1,Medium,LPT-11280.CORP.LOCAL,,It Support
LPT-11488.CORP.LOCAL,1,0,1,1,0,1,0,0,0,0,0,0,0,1,1,7,1 malware/ransomware alert(s); 1 identity review concern(s),0,3,0,3,0,0,0,0,0,0,0,1,Medium,LPT-11488.CORP.LOCAL,,R&D
LPT-11534.CORP.LOCAL,1,0,0,1,0,1,0,0,0,0,0,0,1,1,1,7,1 malware/ransomware alert(s); 1 inactive-user event(s); 1 identity review concern(s),0,0,0,3,0,0,0,0,0,0,3,1,Medium,LPT-11534.CORP.LOCAL,Low,Customer Support
LPT-12026,1,1,0,0,0,0,0,0,1,0,0,0,0,0,1,7,1 critical alert(s); 1 credential-access alert(s),5,0,0,0,0,0,2,0,0,0,0,0,Medium,LPT-12026,,Rd
LPT-12065.CORP.LOCAL,1,0,1,1,0,1,0,0,0,0,0,0,0,1,1,7,1 malware/ransomware alert(s); 1 identity review concern(s),0,3,0,3,0,0,0,0,0,0,0,1,Medium,LPT-12065.CORP.LOCAL,High,Purchase
LPT-12069.CORP.LOCAL,1,0,0,0,0,1,0,0,0,0,0,0,1,1,1,7,1 malware/ransomware alert(s); 1 inactive-user event(s); 1 identity review concern(s),0,0,0,3,0,0,0,0,0,0,3,1,Medium,LPT-12069.CORP.LOCAL,High,Sales
LPT-12305,1,1,0,0,0,0,0,1,0,0,0,0,0,0,1,7,1 critical alert(s); 1 lateral-movement alert(s),5,0,0,0,0,2,0,0,0,0,0,0,Medium,LPT-12305,Critical,Customer Care
LPT-12377.CORP.LOCAL,1,0,1,1,0,1,0,0,0,0,0,0,0,1,1,7,1 malware/ransomware alert(s); 1 identity review concern(s),0,3,0,3,0,0,0,0,0,0,0,1,Medium,LPT-12377.CORP.LOCAL,Low,Cs
LPT-12470,1,0,1,0,0,0,0,0,0,0,1,0,1,0,1,7,1 inactive-user event(s),0,3,0,0,0,0,0,0,1,0,3,0,Medium,LPT-12470,High,Finance
LPT-12528,1,0,1,1,0,1,0,0,0,0,0,0,0,1,1,7,1 malware/ransomware alert(s); 1 identity review concern(s),0,3,0,3,0,0,0,0,0,0,0,1,Medium,LPT-12528,Low,R&D
LPT-12729.CORP.LOCAL,1,0,1,0,0,1,0,0,0,0,0,0,0,1,1,7,1 malware/ransomware alert(s); 1 identity review concern(s),0,3,0,3,0,0,0,0,0,0,0,1,Medium,LPT-12729.CORP.LOCAL,High,Call Center
LPT-12755,1,0,1,1,0,1,0,0,0,0,0,0,0,1,1,7,1 malware/ransomware alert(s); 1 identity review concern(s),0,3,0,3,0,0,0,0,0,0,0,1,Medium,LPT-12755,,It Support
LPT-12780.CORP.LOCAL,1,0,0,1,0,0,0,0,1,0,0,1,1,1,1,7,1 credential-access alert(s); 1 inactive-user event(s); 1 identity review concern(s),0,0,0,0,0,0,2,0,0,1,3,1,Medium,LPT-12780.CORP.LOCAL,High,Legal
LPT-12795.CORP.LOCAL,1,0,1,1,0,1,0,0,0,0,0,0,0,1,1,7,1 malware/ransomware alert(s); 1 identity review concern(s),0,3,0,3,0,0,0,0,0,0,0,1,Medium,LPT-12795.CORP.LOCAL,Low,Procurement Team
MISSING_HOST::EMP10004,1,0,1,0,0,1,0,0,0,0,0,0,0,1,1,7,1 malware/ransomware alert(s); 1 identity review concern(s),0,3,0,3,0,0,0,0,0,0,0,1,Medium,,Medium,Operations Dept
MISSING_HOST::EMP10064,1,0,0,0,0,1,0,0,0,0,0,0,1,1,1,7,1 malware/ransomware alert(s); 1 inactive-user event(s); 1 identity review concern(s),0,0,0,3,0,0,0,0,0,0,3,1,Medium,,,Ops Team
MISSING_HOST::EMP10167,1,0,1,1,0,0,0,0,1,0,0,1,0,1,1,7,1 credential-access alert(s); 1 identity review concern(s),0,3,0,0,0,0,2,0,0,1,0,1,Medium,,Low,Legal Dept
MISSING_HOST::EMP10267,1,1,0,0,0,0,0,0,0,0,1,0,0,1,1,7,1 critical alert(s); 1 identity review concern(s),5,0,0,0,0,0,0,0,1,0,0,1,Medium,,Low,People Team
MISSING_HOST::EMP10297,1,0,0,1,0,1,0,0,0,0,0,0,1,1,1,7,1 malware/ransomware alert(s); 1 inactive-user event(s); 1 identity review concern(s),0,0,0,3,0,0,0,0,0,0,3,1,Medium,,Low,Supply Chain
MISSING_HOST::EMP10373,1,0,0,0,0,1,0,0,0,0,0,0,1,1,1,7,1 malware/ransomware alert(s); 1 inactive-user event(s); 1 identity review concern(s),0,0,0,3,0,0,0,0,0,0,3,1,Medium,,Low,People Team
MISSING_HOST::EMP10408,1,0,1,0,0,1,0,0,0,0,0,0,0,1,1,7,1 malware/ransomware alert(s); 1 identity review concern(s),0,3,0,3,0,0,0,0,0,0,0,1,Medium,,High,
MISSING_HOST::EMP10436,1,0,1,1,0,1,0,0,0,0,0,0,0,1,1,7,1 malware/ransomware alert(s); 1 identity review concern(s),0,3,0,3,0,0,0,0,0,0,0,1,Medium,,Critical,Sales
MISSING_HOST::EMP10516,1,0,0,1,0,1,0,0,0,0,0,0,1,1,1,7,1 malware/ransomware alert(s); 1 inactive-user event(s); 1 identity review concern(s),0,0,0,3,0,0,0,0,0,0,3,1,Medium,,Medium,R&D
MISSING_HOST::EMP10596,1,0,0,1,0,1,0,0,0,0,0,0,1,1,1,7,1 malware/ransomware alert(s); 1 inactive-user event(s); 1 identity review concern(s),0,0,0,3,0,0,0,0,0,0,3,1,Medium,,Medium,Hr
MISSING_HOST::EMP10609,1,0,0,0,0,1,0,0,0,0,0,0,1,1,1,7,1 malware/ransomware alert(s); 1 inactive-user event(s); 1 identity review concern(s),0,0,0,3,0,0,0,0,0,0,3,1,Medium,,Medium,Operations
MISSING_HOST::EMP10672,1,1,0,0,0,0,0,0,0,0,0,1,0,1,1,7,1 critical alert(s); 1 identity review concern(s),5,0,0,0,0,0,0,0,0,1,0,1,Medium,,Low,Sales Team
MISSING_HOST::EMP10741,1,0,1,1,0,1,0,0,0,0,0,0,0,1,1,7,1 malware/ransomware alert(s); 1 identity review concern(s),0,3,0,3,0,0,0,0,0,0,0,1,Medium,,,It Dept
MISSING_HOST::EMP10767,1,0,0,0,0,1,0,0,0,0,0,0,1,1,1,7,1 malware/ransomware alert(s); 1 inactive-user event(s); 1 identity review concern(s),0,0,0,3,0,0,0,0,0,0,3,1,Medium,,Medium,Operations
MISSING_HOST::EMP10899,1,0,1,1,0,1,0,0,0,0,0,0,0,1,1,7,1 malware/ransomware alert(s); 1 identity review concern(s),0,3,0,3,0,0,0,0,0,0,0,1,Medium,,Low,Procurement Team
MISSING_HOST::EMP11004,1,0,1,1,0,0,0,0,0,0,0,0,1,1,1,7,1 inactive-user event(s); 1 identity review concern(s),0,3,0,0,0,0,0,0,0,0,3,1,Medium,,,Research And Development
MISSING_HOST::EMP11136,1,0,1,1,0,1,0,0,0,0,0,0,0,1,1,7,1 malware/ransomware alert(s); 1 identity review concern(s),0,3,0,3,0,0,0,0,0,0,0,1,Medium,,,Operations
MISSING_HOST::EMP11247,1,0,1,1,0,1,0,0,0,0,0,0,0,1,1,7,1 malware/ransomware alert(s); 1 identity review concern(s),0,3,0,3,0,0,0,0,0,0,0,1,Medium,,Low,Operations Dept
MISSING_HOST::EMP11301,1,0,0,1,0,1,0,0,0,0,0,0,1,1,1,7,1 malware/ransomware alert(s); 1 inactive-user event(s); 1 identity review concern(s),0,0,0,3,0,0,0,0,0,0,3,1,Medium,,,Brand Team
MISSING_HOST::EMP11308,1,0,1,1,0,1,0,0,0,0,0,0,0,1,1,7,1 malware/ransomware alert(s); 1 identity review concern(s),0,3,0,3,0,0,0,0,0,0,0,1,Medium,,Critical,Purchase
MISSING_HOST::EMP11342,1,0,0,0,0,1,0,0,0,0,0,0,1,1,1,7,1 malware/ransomware alert(s); 1 inactive-user event(s); 1 identity review concern(s),0,0,0,3,0,0,0,0,0,0,3,1,Medium,,Medium,Finance
MISSING_HOST::EMP11374,1,0,0,1,0,1,0,0,0,0,0,0,1,1,1,7,1 malware/ransomware alert(s); 1 inactive-user event(s); 1 identity review concern(s),0,0,0,3,0,0,0,0,0,0,3,1,Medium,,Medium,Hr
MISSING_HOST::EMP11389,1,0,0,1,0,1,0,0,0,0,0,0,1,1,1,7,1 malware/ransomware alert(s); 1 inactive-user event(s); 1 identity review concern(s),0,0,0,3,0,0,0,0,0,0,3,1,Medium,,Critical,Legal Dept
MISSING_HOST::EMP11596,1,0,1,1,0,1,0,0,0,0,0,0,0,1,1,7,1 malware/ransomware alert(s); 1 identity review concern(s),0,3,0,3,0,0,0,0,0,0,0,1,Medium,,,Legal
MISSING_HOST::EMP11671,1,0,0,1,0,1,0,0,0,0,0,0,1,1,1,7,1 malware/ransomware alert(s); 1 inactive-user event(s); 1 identity review concern(s),0,0,0,3,0,0,0,0,0,0,3,1,Medium,,Medium,Marketing
MISSING_HOST::EMP11725,1,0,0,1,0,1,0,0,0,0,0,0,1,1,1,7,1 malware/ransomware alert(s); 1 inactive-user event(s); 1 identity review concern(s),0,0,0,3,0,0,0,0,0,0,3,1,Medium,,Low,Rnd
MISSING_HOST::EMP12045,1,1,0,0,0,0,0,0,0,0,1,0,0,1,1,7,1 critical alert(s); 1 identity review concern(s),5,0,0,0,0,0,0,0,1,0,0,1,Medium,,High,Innovation
MISSING_HOST::EMP12060,1,0,0,0,0,1,0,0,0,0,0,0,1,1,1,7,1 malware/ransomware alert(s); 1 inactive-user event(s); 1 identity review concern(s),0,0,0,3,0,0,0,0,0,0,3,1,Medium,,Low,Cs
MISSING_HOST::EMP12110,1,0,1,1,0,0,1,0,0,0,0,1,0,1,1,7,1 PowerShell alert(s); 1 identity review concern(s),0,3,0,0,2,0,0,0,0,1,0,1,Medium,,,Information Tech
MISSING_HOST::EMP12163,1,0,1,1,0,1,0,0,0,0,0,0,0,1,1,7,1 malware/ransomware alert(s); 1 identity review concern(s),0,3,0,3,0,0,0,0,0,0,0,1,Medium,,Medium,Fin
MISSING_HOST::EMP12172,1,0,0,1,0,1,0,0,0,0,0,0,1,1,1,7,1 malware/ransomware alert(s); 1 inactive-user event(s); 1 identity review concern(s),0,0,0,3,0,0,0,0,0,0,3,1,Medium,,Medium,Ops
MISSING_HOST::EMP12204,1,0,0,1,0,1,0,0,0,0,0,0,1,1,1,7,1 malware/ransomware alert(s); 1 inactive-user event(s); 1 identity review concern(s),0,0,0,3,0,0,0,0,0,0,3,1,Medium,,Low,Finance Dept
MISSING_HOST::EMP12321,1,0,0,1,0,0,1,0,0,0,0,1,1,1,1,7,1 PowerShell alert(s); 1 inactive-user event(s); 1 identity review concern(s),0,0,0,0,2,0,0,0,0,1,3,1,Medium,,,Information Tech
MISSING_HOST::EMP12446,1,0,1,0,0,0,0,0,0,0,0,0,1,1,1,7,1 inactive-user event(s); 1 identity review concern(s),0,3,0,0,0,0,0,0,0,0,3,1,Medium,,High,Human Resource
MISSING_HOST::EMP12498,1,0,1,1,0,1,0,0,0,0,0,0,0,1,1,7,1 malware/ransomware alert(s); 1 identity review concern(s),0,3,0,3,0,0,0,0,0,0,0,1,Medium,,,Innovation
MISSING_HOST::EMP12518,1,0,1,0,0,1,0,0,0,0,0,0,0,1,1,7,1 malware/ransomware alert(s); 1 identity review concern(s),0,3,0,3,0,0,0,0,0,0,0,1,Medium,,,Compliance
MISSING_HOST::EMP12612,1,0,0,0,0,1,0,0,0,0,0,0,1,1,1,7,1 malware/ransomware alert(s); 1 inactive-user event(s); 1 identity review concern(s),0,0,0,3,0,0,0,0,0,0,3,1,Medium,,High,Rnd
MISSING_HOST::EMP12646,1,0,0,1,0,1,0,0,0,0,0,0,1,1,1,7,1 malware/ransomware alert(s); 1 inactive-user event(s); 1 identity review concern(s),0,0,0,3,0,0,0,0,0,0,3,1,Medium,,Low,Information Technology
MISSING_HOST::EMP12658,1,0,1,1,0,1,0,0,0,0,0,0,0,1,1,7,1 malware/ransomware alert(s); 1 identity review concern(s),0,3,0,3,0,0,0,0,0,0,0,1,Medium,,High,Legal
MISSING_HOST::EMP12683,1,0,1,0,0,1,0,0,0,0,0,0,0,1,1,7,1 malware/ransomware alert(s); 1 identity review concern(s),0,3,0,3,0,0,0,0,0,0,0,1,Medium,,Low,Legal
MISSING_HOST::EMP12684,1,1,0,0,0,0,0,0,0,0,1,0,0,1,1,7,1 critical alert(s); 1 identity review concern(s),5,0,0,0,0,0,0,0,1,0,0,1,Medium,,High,Sales Team
MISSING_HOST::EMP12697,1,0,0,0,0,1,0,0,0,0,0,0,1,1,1,7,1 malware/ransomware alert(s); 1 inactive-user event(s); 1 identity review concern(s),0,0,0,3,0,0,0,0,0,0,3,1,Medium,,High,Finance
MISSING_HOST::EMP12735,1,0,1,1,0,1,0,0,0,0,0,0,0,1,1,7,1 malware/ransomware alert(s); 1 identity review concern(s),0,3,0,3,0,0,0,0,0,0,0,1,Medium,,Critical,Brand Team
MISSING_HOST::EMP12761,1,0,1,0,0,1,0,0,0,0,0,0,0,1,1,7,1 malware/ransomware alert(s); 1 identity review concern(s),0,3,0,3,0,0,0,0,0,0,0,1,Medium,,,Business Sales
MISSING_HOST::EMP12762,1,0,0,1,0,1,0,0,0,0,0,0,1,1,1,7,1 malware/ransomware alert(s); 1 inactive-user event(s); 1 identity review concern(s),0,0,0,3,0,0,0,0,0,0,3,1,Medium,,Low,Marketing
VDR-10152,1,0,1,1,0,1,0,0,0,0,0,0,0,1,1,7,1 malware/ransomware alert(s); 1 identity review concern(s),0,3,0,3,0,0,0,0,0,0,0,1,Medium,VDR-10152,Low,
VDR-10778.CORP.LOCAL,1,0,1,1,0,1,0,0,0,0,0,0,0,1,1,7,1 malware/ransomware alert(s); 1 identity review concern(s),0,3,0,3,0,0,0,0,0,0,0,1,Medium,VDR-10778.CORP.LOCAL,Critical,Operations Dept
VDR-10929.CORP.LOCAL,1,0,1,1,0,1,0,0,0,0,0,0,0,1,1,7,1 malware/ransomware alert(s); 1 identity review concern(s),0,3,0,3,0,0,0,0,0,0,0,1,Medium,VDR-10929.CORP.LOCAL,Low,Mktg
VDR-11095.CORP.LOCAL,1,0,1,0,0,1,0,0,0,0,0,0,0,1,1,7,1 malware/ransomware alert(s); 1 identity review concern(s),0,3,0,3,0,0,0,0,0,0,0,1,Medium,VDR-11095.CORP.LOCAL,High,Cs
VDR-11240.CORP.LOCAL,1,0,1,1,0,1,0,0,0,0,0,0,0,1,1,7,1 malware/ransomware alert(s); 1 identity review concern(s),0,3,0,3,0,0,0,0,0,0,0,1,Medium,VDR-11240.CORP.LOCAL,Medium,Sales
VDR-11482.CORP.LOCAL,1,0,1,1,0,1,0,0,0,0,0,0,0,1,1,7,1 malware/ransomware alert(s); 1 identity review concern(s),0,3,0,3,0,0,0,0,0,0,0,1,Medium,VDR-11482.CORP.LOCAL,Medium,Ops
VDR-11666.CORP.LOCAL,1,0,1,1,0,1,0,0,0,0,0,0,0,1,1,7,1 malware/ransomware alert(s); 1 identity review concern(s),0,3,0,3,0,0,0,0,0,0,0,1,Medium,VDR-11666.CORP.LOCAL,Low,Sales
VDR-11718.CORP.LOCAL,1,0,1,1,0,1,0,0,0,0,0,0,0,1,1,7,1 malware/ransomware alert(s); 1 identity review concern(s),0,3,0,3,0,0,0,0,0,0,0,1,Medium,VDR-11718.CORP.LOCAL,High,Call Center
VDR-11951.CORP.LOCAL,1,0,0,1,0,1,0,0,0,0,0,0,1,1,1,7,1 malware/ransomware alert(s); 1 inactive-user event(s); 1 identity review concern(s),0,0,0,3,0,0,0,0,0,0,3,1,Medium,VDR-11951.CORP.LOCAL,High,Mktg
VDR-12218.CORP.LOCAL,1,0,0,1,0,1,0,0,0,0,0,0,1,1,1,7,1 malware/ransomware alert(s); 1 inactive-user event(s); 1 identity review concern(s),0,0,0,3,0,0,0,0,0,0,3,1,Medium,VDR-12218.CORP.LOCAL,,Finance
VDR-12243.CORP.LOCAL,1,0,1,0,0,1,0,0,0,0,0,0,0,1,1,7,1 malware/ransomware alert(s); 1 identity review concern(s),0,3,0,3,0,0,0,0,0,0,0,1,Medium,VDR-12243.CORP.LOCAL,High,Business Sales
VDR-12302.CORP.LOCAL,1,0,1,1,0,1,0,0,0,0,0,0,0,1,1,7,1 malware/ransomware alert(s); 1 identity review concern(s),0,3,0,3,0,0,0,0,0,0,0,1,Medium,VDR-12302.CORP.LOCAL,High,Human Resource
VDR-12352.CORP.LOCAL,1,0,1,1,0,1,0,0,0,0,0,0,0,1,1,7,1 malware/ransomware alert(s); 1 identity review concern(s),0,3,0,3,0,0,0,0,0,0,0,1,Medium,VDR-12352.CORP.LOCAL,,Operations
VDR-12412.CORP.LOCAL,1,0,1,0,0,1,0,0,0,0,0,0,0,1,1,7,1 malware/ransomware alert(s); 1 identity review concern(s),0,3,0,3,0,0,0,0,0,0,0,1,Medium,VDR-12412.CORP.LOCAL,High,Finance
VDR-12527.CORP.LOCAL,1,0,0,1,0,1,0,0,0,0,0,0,1,1,1,7,1 malware/ransomware alert(s); 1 inactive-user event(s); 1 identity review concern(s),0,0,0,3,0,0,0,0,0,0,3,1,Medium,VDR-12527.CORP.LOCAL,,Ops Team
VDR-12570.CORP.LOCAL,1,0,1,1,0,1,0,0,0,0,0,0,0,1,1,7,1 malware/ransomware alert(s); 1 identity review concern(s),0,3,0,3,0,0,0,0,0,0,0,1,Medium,VDR-12570.CORP.LOCAL,High,Finance Dept
VDR-12573,1,1,0,0,0,0,0,0,1,0,0,0,0,0,1,7,1 critical alert(s); 1 credential-access alert(s),5,0,0,0,0,0,2,0,0,0,0,0,Medium,VDR-12573,Medium,It
VDR-12688,1,0,1,0,0,1,0,0,0,0,0,0,0,1,1,7,1 malware/ransomware alert(s); 1 identity review concern(s),0,3,0,3,0,0,0,0,0,0,0,1,Medium,VDR-12688,Medium,Finance
VDR-12972.CORP.LOCAL,1,0,1,0,0,1,0,0,0,0,0,0,0,1,1,7,1 malware/ransomware alert(s); 1 identity review concern(s),0,3,0,3,0,0,0,0,0,0,0,1,Medium,VDR-12972.CORP.LOCAL,Critical,Business Sales
WS-10105.CORP.LOCAL,1,0,1,0,0,1,0,0,0,0,0,0,0,1,1,7,1 malware/ransomware alert(s); 1 identity review concern(s),0,3,0,3,0,0,0,0,0,0,0,1,Medium,WS-10105.CORP.LOCAL,Critical,It Support
WS-10119.CORP.LOCAL,1,0,1,0,0,1,0,0,0,0,0,0,0,1,1,7,1 malware/ransomware alert(s); 1 identity review concern(s),0,3,0,3,0,0,0,0,0,0,0,1,Medium,WS-10119.CORP.LOCAL,Medium,It Dept
WS-10128,1,0,1,0,0,1,0,0,0,0,0,1,0,0,1,7,1 malware/ransomware alert(s),0,3,0,3,0,0,0,0,0,1,0,0,Medium,WS-10128,High,Research And Development
WS-10139,1,0,0,0,0,1,0,0,0,0,0,0,1,1,1,7,1 malware/ransomware alert(s); 1 inactive-user event(s); 1 identity review concern(s),0,0,0,3,0,0,0,0,0,0,3,1,Medium,WS-10139,,Legal
WS-10442,1,1,0,0,0,0,0,1,0,0,0,0,0,0,1,7,1 critical alert(s); 1 lateral-movement alert(s),5,0,0,0,0,2,0,0,0,0,0,0,Medium,WS-10442,,It Support
WS-10553.CORP.LOCAL,1,0,1,1,0,1,0,0,0,0,0,0,0,1,1,7,1 malware/ransomware alert(s); 1 identity review concern(s),0,3,0,3,0,0,0,0,0,0,0,1,Medium,WS-10553.CORP.LOCAL,Low,Ops
WS-10727,1,0,1,1,0,1,0,0,0,0,0,0,0,1,1,7,1 malware/ransomware alert(s); 1 identity review concern(s),0,3,0,3,0,0,0,0,0,0,0,1,Medium,WS-10727,Low,
WS-10876.CORP.LOCAL,1,0,1,1,0,1,0,0,0,0,0,0,0,1,1,7,1 malware/ransomware alert(s); 1 identity review concern(s),0,3,0,3,0,0,0,0,0,0,0,1,Medium,WS-10876.CORP.LOCAL,Low,Legal
WS-10941.CORP.LOCAL,1,0,1,0,0,1,0,0,0,0,0,0,0,1,1,7,1 malware/ransomware alert(s); 1 identity review concern(s),0,3,0,3,0,0,0,0,0,0,0,1,Medium,WS-10941.CORP.LOCAL,Low,Customer Care
WS-11193,1,1,0,0,0,0,0,1,0,0,0,0,0,0,1,7,1 critical alert(s); 1 lateral-movement alert(s),5,0,0,0,0,2,0,0,0,0,0,0,Medium,WS-11193,Medium,Human Resource
WS-11228,1,0,1,0,0,1,0,0,0,0,0,0,0,1,1,7,1 malware/ransomware alert(s); 1 identity review concern(s),0,3,0,3,0,0,0,0,0,0,0,1,Medium,WS-11228,High,People Team
WS-11536.CORP.LOCAL,1,0,0,1,0,1,0,0,0,0,0,0,1,1,1,7,1 malware/ransomware alert(s); 1 inactive-user event(s); 1 identity review concern(s),0,0,0,3,0,0,0,0,0,0,3,1,Medium,WS-11536.CORP.LOCAL,High,Fin
WS-11698.CORP.LOCAL,1,0,1,1,0,1,0,0,0,0,0,0,0,1,1,7,1 malware/ransomware alert(s); 1 identity review concern(s),0,3,0,3,0,0,0,0,0,0,0,1,Medium,WS-11698.CORP.LOCAL,Critical,Sales Dept
WS-11739.CORP.LOCAL,1,0,0,1,0,1,0,0,0,0,0,0,1,1,1,7,1 malware/ransomware alert(s); 1 inactive-user event(s); 1 identity review concern(s),0,0,0,3,0,0,0,0,0,0,3,1,Medium,WS-11739.CORP.LOCAL,Critical,Customer Care
WS-11860.CORP.LOCAL,1,0,1,1,0,1,0,0,0,0,0,0,0,1,1,7,1 malware/ransomware alert(s); 1 identity review concern(s),0,3,0,3,0,0,0,0,0,0,0,1,Medium,WS-11860.CORP.LOCAL,Low,Sales Team
WS-11972.CORP.LOCAL,1,0,0,0,0,1,0,0,0,0,0,0,1,1,1,7,1 malware/ransomware alert(s); 1 inactive-user event(s); 1 identity review concern(s),0,0,0,3,0,0,0,0,0,0,3,1,Medium,WS-11972.CORP.LOCAL,Medium,Business Sales
WS-11987,1,0,1,1,0,0,0,0,0,0,1,0,1,0,1,7,1 inactive-user event(s),0,3,0,0,0,0,0,0,1,0,3,0,Medium,WS-11987,,Support
WS-12118.CORP.LOCAL,1,0,1,0,0,1,0,0,0,0,0,0,0,1,1,7,1 malware/ransomware alert(s); 1 identity review concern(s),0,3,0,3,0,0,0,0,0,0,0,1,Medium,WS-12118.CORP.LOCAL,,Information Tech
WS-12485.CORP.LOCAL,1,0,1,1,0,1,0,0,0,0,0,0,0,1,1,7,1 malware/ransomware alert(s); 1 identity review concern(s),0,3,0,3,0,0,0,0,0,0,0,1,Medium,WS-12485.CORP.LOCAL,Low,Support
WS-12872.CORP.LOCAL,1,0,1,0,0,1,0,0,0,0,0,0,0,1,1,7,1 malware/ransomware alert(s); 1 identity review concern(s),0,3,0,3,0,0,0,0,0,0,0,1,Medium,WS-12872.CORP.LOCAL,Medium,Rd
WS-12938.CORP.LOCAL,1,0,1,1,0,1,0,0,0,0,0,0,0,1,1,7,1 malware/ransomware alert(s); 1 identity review concern(s),0,3,0,3,0,0,0,0,0,0,0,1,Medium,WS-12938.CORP.LOCAL,Low,People Team
LPT-12681,5,0,0,5,0,2,0,0,0,0,0,0,0,0,1,6,2 malware/ransomware alert(s),0,0,0,6,0,0,0,0,0,0,0,0,Medium,LPT-12681,Low,Purchase
VDR-11681,5,0,0,1,0,1,0,1,0,0,1,0,0,0,1,6,1 malware/ransomware alert(s); 1 lateral-movement alert(s),0,0,0,3,0,2,0,0,1,0,0,0,Medium,VDR-11681,High,Sales Dept
LPT-10850,4,0,0,2,0,1,0,0,0,0,3,0,0,0,1,6,1 malware/ransomware alert(s),0,0,0,3,0,0,0,0,3,0,0,0,Medium,LPT-10850,Low,People Team
LPT-12086,4,0,0,3,0,0,0,1,1,0,2,0,0,0,1,6,1 lateral-movement alert(s); 1 credential-access alert(s),0,0,0,0,0,2,2,0,2,0,0,0,Medium,LPT-12086,Low,Research And Development
VDR-10116,4,0,0,2,0,1,0,1,0,0,1,0,0,0,1,6,1 malware/ransomware alert(s); 1 lateral-movement alert(s),0,0,0,3,0,2,0,0,1,0,0,0,Medium,VDR-10116,Critical,Marketing
VDR-11935,4,0,0,3,0,1,0,1,0,0,1,0,0,0,1,6,1 malware/ransomware alert(s); 1 lateral-movement alert(s),0,0,0,3,0,2,0,0,1,0,0,0,Medium,VDR-11935,Critical,Finance Dept
VDR-12865,4,0,0,0,0,1,0,0,0,0,2,1,0,0,1,6,1 malware/ransomware alert(s),0,0,0,3,0,0,0,0,2,1,0,0,Medium,VDR-12865,Critical,Innovation
WS-10324,4,0,0,0,0,0,2,0,1,0,0,0,0,0,1,6,2 PowerShell alert(s); 1 credential-access alert(s),0,0,0,0,4,0,2,0,0,0,0,0,Medium,WS-10324,High,Sales
WS-11612,4,0,0,3,0,1,0,0,1,0,1,0,0,0,1,6,1 malware/ransomware alert(s); 1 credential-access alert(s),0,0,0,3,0,0,2,0,1,0,0,0,Medium,WS-11612,Low,Operations
WS-11711,4,0,0,3,0,0,0,1,1,0,2,0,0,0,1,6,1 lateral-movement alert(s); 1 credential-access alert(s),0,0,0,0,0,2,2,0,2,0,0,0,Medium,WS-11711,Low,Human Resource
WS-12561,4,0,1,2,0,0,0,1,0,0,1,0,0,0,1,6,1 lateral-movement alert(s),0,3,0,0,0,2,0,0,1,0,0,0,Medium,WS-12561,Low,Human Resource
LPT-10197,3,0,0,2,0,1,0,0,1,0,1,0,0,0,1,6,1 malware/ransomware alert(s); 1 credential-access alert(s),0,0,0,3,0,0,2,0,1,0,0,0,Medium,LPT-10197,Medium,Cs
LPT-10223,3,0,0,1,0,1,0,0,1,0,1,0,0,0,1,6,1 malware/ransomware alert(s); 1 credential-access alert(s),0,0,0,3,0,0,2,0,1,0,0,0,Medium,LPT-10223,Critical,Ops Team
LPT-10751,3,1,0,2,0,0,0,0,0,0,1,0,0,0,1,6,1 critical alert(s),5,0,0,0,0,0,0,0,1,0,0,0,Medium,LPT-10751,Low,Rnd
LPT-10797,3,0,1,2,0,1,0,0,0,0,0,0,0,0,1,6,1 malware/ransomware alert(s),0,3,0,3,0,0,0,0,0,0,0,0,Medium,LPT-10797,Medium,Purchase
LPT-11062,3,0,0,1,0,0,1,1,1,0,0,0,0,0,1,6,1 PowerShell alert(s); 1 lateral-movement alert(s); 1 credential-access alert(s),0,0,0,0,2,2,2,0,0,0,0,0,Medium,LPT-11062,Critical,Legal
LPT-11107,3,0,0,2,0,0,2,1,0,0,0,0,0,0,1,6,2 PowerShell alert(s); 1 lateral-movement alert(s),0,0,0,0,4,2,0,0,0,0,0,0,Medium,LPT-11107,Critical,Business Sales
LPT-11303,3,0,2,1,0,0,0,0,0,0,0,0,0,0,1,6,volume/low-severity activity only,0,6,0,0,0,0,0,0,0,0,0,0,Medium,LPT-11303,Low,Brand Team
LPT-11427,3,0,0,2,0,1,0,1,0,0,1,0,0,0,1,6,1 malware/ransomware alert(s); 1 lateral-movement alert(s),0,0,0,3,0,2,0,0,1,0,0,0,Medium,LPT-11427,Low,Operations
LPT-12536,3,0,0,2,0,1,0,0,1,0,1,0,0,0,1,6,1 malware/ransomware alert(s); 1 credential-access alert(s),0,0,0,3,0,0,2,0,1,0,0,0,Medium,LPT-12536,Medium,Brand Team
LPT-12864,3,0,0,2,0,0,1,0,1,0,1,1,0,0,1,6,1 PowerShell alert(s); 1 credential-access alert(s),0,0,0,0,2,0,2,0,1,1,0,0,Medium,LPT-12864,Medium,Marketing Dept
VDR-10012,3,0,1,2,0,0,1,0,0,0,1,0,0,0,1,6,1 PowerShell alert(s),0,3,0,0,2,0,0,0,1,0,0,0,Medium,VDR-10012,Medium,Operations
VDR-10690,3,0,1,1,0,0,1,0,0,0,1,0,0,0,1,6,1 PowerShell alert(s),0,3,0,0,2,0,0,0,1,0,0,0,Medium,VDR-10690,Low,Operations
VDR-10790,3,0,0,1,0,1,0,0,0,0,0,0,0,3,1,6,1 malware/ransomware alert(s); 3 identity review concern(s),0,0,0,3,0,0,0,0,0,0,0,3,Medium,VDR-10790,High,Accounts
VDR-10902,3,0,1,2,0,0,0,1,0,0,1,0,0,0,1,6,1 lateral-movement alert(s),0,3,0,0,0,2,0,0,1,0,0,0,Medium,VDR-10902,Critical,Information Tech
VDR-10966,3,0,0,0,0,1,0,0,1,0,1,0,0,0,1,6,1 malware/ransomware alert(s); 1 credential-access alert(s),0,0,0,3,0,0,2,0,1,0,0,0,Medium,VDR-10966,High,Legal
VDR-11312,3,0,0,0,0,2,0,0,0,0,0,0,0,0,1,6,2 malware/ransomware alert(s),0,0,0,6,0,0,0,0,0,0,0,0,Medium,VDR-11312,Critical,Ops
VDR-11417,3,0,0,2,0,1,0,1,0,0,1,0,0,0,1,6,1 malware/ransomware alert(s); 1 lateral-movement alert(s),0,0,0,3,0,2,0,0,1,0,0,0,Medium,VDR-11417,Low,R&D
VDR-11445,3,0,0,2,0,1,1,0,0,0,1,0,0,0,1,6,1 malware/ransomware alert(s); 1 PowerShell alert(s),0,0,0,3,2,0,0,0,1,0,0,0,Medium,VDR-11445,Low,Procurement Team
VDR-11794,3,0,0,2,0,1,1,0,0,0,1,0,0,0,1,6,1 malware/ransomware alert(s); 1 PowerShell alert(s),0,0,0,3,2,0,0,0,1,0,0,0,Medium,VDR-11794,Critical,Procurement Team
VDR-12013,3,0,0,3,0,0,2,0,1,0,0,0,0,0,1,6,2 PowerShell alert(s); 1 credential-access alert(s),0,0,0,0,4,0,2,0,0,0,0,0,Medium,VDR-12013,Medium,Call Center
VDR-12054,3,0,0,2,0,1,1,0,0,0,1,0,0,0,1,6,1 malware/ransomware alert(s); 1 PowerShell alert(s),0,0,0,3,2,0,0,0,1,0,0,0,Medium,VDR-12054,Low,Ops Team
VDR-12373,3,0,1,2,0,0,0,1,0,0,1,0,0,0,1,6,1 lateral-movement alert(s),0,3,0,0,0,2,0,0,1,0,0,0,Medium,VDR-12373,Critical,Operations
WS-10150,3,0,0,3,0,2,0,0,0,0,0,0,0,0,1,6,2 malware/ransomware alert(s),0,0,0,6,0,0,0,0,0,0,0,0,Medium,WS-10150,Low,Marketing Dept
WS-10174,3,0,0,2,0,0,1,2,0,0,0,0,0,0,1,6,1 PowerShell alert(s); 2 lateral-movement alert(s),0,0,0,0,2,4,0,0,0,0,0,0,Medium,WS-10174,Low,Ops
WS-10276,3,0,0,2,0,1,0,1,0,0,1,0,0,0,1,6,1 malware/ransomware alert(s); 1 lateral-movement alert(s),0,0,0,3,0,2,0,0,1,0,0,0,Medium,WS-10276,Medium,Purchase
WS-10352,3,0,0,1,0,1,1,0,0,0,1,0,0,0,1,6,1 malware/ransomware alert(s); 1 PowerShell alert(s),0,0,0,3,2,0,0,0,1,0,0,0,Medium,WS-10352,High,Information Tech
WS-10411,3,0,0,1,0,2,0,0,0,0,0,0,0,0,1,6,2 malware/ransomware alert(s),0,0,0,6,0,0,0,0,0,0,0,0,Medium,WS-10411,Low,Legal Dept
WS-10604,3,0,0,3,0,2,0,0,0,0,0,0,0,0,1,6,2 malware/ransomware alert(s),0,0,0,6,0,0,0,0,0,0,0,0,Medium,WS-10604,Medium,Customer Support
WS-10749,3,0,0,2,0,0,0,3,0,0,0,0,0,0,1,6,3 lateral-movement alert(s),0,0,0,0,0,6,0,0,0,0,0,0,Medium,WS-10749,Low,Innovation
WS-10770,3,0,1,1,0,0,1,0,0,0,1,0,0,0,1,6,1 PowerShell alert(s),0,3,0,0,2,0,0,0,1,0,0,0,Medium,WS-10770,Low,Support
WS-10873,3,0,0,3,0,0,1,1,1,0,0,0,0,0,1,6,1 PowerShell alert(s); 1 lateral-movement alert(s); 1 credential-access alert(s),0,0,0,0,2,2,2,0,0,0,0,0,Medium,WS-10873,Medium,Rd
WS-11221,3,0,1,3,0,0,1,0,0,0,1,0,0,0,1,6,1 PowerShell alert(s),0,3,0,0,2,0,0,0,1,0,0,0,Medium,WS-11221,Low,Legal
WS-11464,3,0,1,3,0,0,0,0,1,0,1,0,0,0,1,6,1 credential-access alert(s),0,3,0,0,0,0,2,0,1,0,0,0,Medium,WS-11464,Medium,Research And Development
WS-11795,3,0,0,3,0,0,0,0,3,0,0,0,0,0,1,6,3 credential-access alert(s),0,0,0,0,0,0,6,0,0,0,0,0,Medium,WS-11795,Critical,Ops
WS-11851,3,0,0,3,0,2,0,0,0,0,0,0,0,0,1,6,2 malware/ransomware alert(s),0,0,0,6,0,0,0,0,0,0,0,0,Medium,WS-11851,Critical,It Dept
WS-11854,3,0,0,2,0,0,1,2,0,0,0,0,0,0,1,6,1 PowerShell alert(s); 2 lateral-movement alert(s),0,0,0,0,2,4,0,0,0,0,0,0,Medium,WS-11854,High,Sales
WS-12039,3,0,1,1,0,0,0,1,0,0,1,0,0,0,1,6,1 lateral-movement alert(s),0,3,0,0,0,2,0,0,1,0,0,0,Medium,WS-12039,Critical,Hr
WS-12104,3,0,0,1,0,2,0,0,0,0,0,0,0,0,1,6,2 malware/ransomware alert(s),0,0,0,6,0,0,0,0,0,0,0,0,Medium,WS-12104,Critical,Rnd
WS-12307,3,0,0,2,0,1,0,1,0,0,1,0,0,0,1,6,1 malware/ransomware alert(s); 1 lateral-movement alert(s),0,0,0,3,0,2,0,0,1,0,0,0,Medium,WS-12307,Critical,Brand Team
WS-12398,3,0,0,2,0,1,0,1,0,0,1,0,0,0,1,6,1 malware/ransomware alert(s); 1 lateral-movement alert(s),0,0,0,3,0,2,0,0,1,0,0,0,Medium,WS-12398,Medium,Mkt
WS-12523,3,0,0,2,0,0,1,1,1,0,0,0,0,0,1,6,1 PowerShell alert(s); 1 lateral-movement alert(s); 1 credential-access alert(s),0,0,0,0,2,2,2,0,0,0,0,0,Medium,WS-12523,Critical,Human Resources
WS-12666,3,0,0,2,0,2,0,0,0,0,0,0,0,0,1,6,2 malware/ransomware alert(s),0,0,0,6,0,0,0,0,0,0,0,0,Medium,WS-12666,Medium,Accounts
WS-12891,3,0,0,1,0,2,0,0,0,0,0,0,0,0,1,6,2 malware/ransomware alert(s),0,0,0,6,0,0,0,0,0,0,0,0,Medium,WS-12891,High,Marketing Dept
WS-12977,3,0,0,3,0,1,0,1,0,0,1,0,0,0,1,6,1 malware/ransomware alert(s); 1 lateral-movement alert(s),0,0,0,3,0,2,0,0,1,0,0,0,Medium,WS-12977,Medium,Legal
LPT-10081,2,0,0,2,0,2,0,0,0,0,0,0,0,0,1,6,2 malware/ransomware alert(s),0,0,0,6,0,0,0,0,0,0,0,0,Medium,LPT-10081,High,Accounts
LPT-10144.CORP.LOCAL,2,0,0,2,0,0,0,2,0,0,0,0,0,2,1,6,2 lateral-movement alert(s); 2 identity review concern(s),0,0,0,0,0,4,0,0,0,0,0,2,Medium,LPT-10144.CORP.LOCAL,Low,
LPT-10199,2,0,0,0,0,2,0,0,0,0,0,0,0,0,1,6,2 malware/ransomware alert(s),0,0,0,6,0,0,0,0,0,0,0,0,Medium,LPT-10199,High,Ops Team
LPT-10441,2,0,1,2,0,0,0,1,0,0,1,0,0,0,1,6,1 lateral-movement alert(s),0,3,0,0,0,2,0,0,1,0,0,0,Medium,LPT-10441,Medium,Marketing
LPT-10851,2,0,0,1,0,2,0,0,0,0,0,0,0,0,1,6,2 malware/ransomware alert(s),0,0,0,6,0,0,0,0,0,0,0,0,Medium,LPT-10851,High,Brand Team
LPT-11016,2,0,1,2,0,1,0,0,0,0,0,0,0,0,1,6,1 malware/ransomware alert(s),0,3,0,3,0,0,0,0,0,0,0,0,Medium,LPT-11016,Medium,Innovation
LPT-11040,2,0,0,0,0,0,1,0,1,0,0,0,0,2,1,6,1 PowerShell alert(s); 1 credential-access alert(s); 2 identity review concern(s),0,0,0,0,2,0,2,0,0,0,0,2,Medium,LPT-11040,High,Customer Support
LPT-11181,2,0,1,2,0,1,0,0,0,0,0,0,0,0,1,6,1 malware/ransomware alert(s),0,3,0,3,0,0,0,0,0,0,0,0,Medium,LPT-11181,,Support
LPT-11427.CORP.LOCAL,2,0,0,2,0,1,0,0,0,0,1,0,0,2,1,6,1 malware/ransomware alert(s); 2 identity review concern(s),0,0,0,3,0,0,0,0,1,0,0,2,Medium,LPT-11427.CORP.LOCAL,Critical,Operations
LPT-11470,2,0,0,2,0,1,0,0,0,0,1,0,0,2,1,6,1 malware/ransomware alert(s); 2 identity review concern(s),0,0,0,3,0,0,0,0,1,0,0,2,Medium,LPT-11470,Medium,Marketing
LPT-11614,2,0,1,1,0,0,0,1,0,0,1,0,0,0,1,6,1 lateral-movement alert(s),0,3,0,0,0,2,0,0,1,0,0,0,Medium,LPT-11614,Medium,Hr
LPT-11663,2,0,1,1,0,0,1,0,0,0,1,0,0,0,1,6,1 PowerShell alert(s),0,3,0,0,2,0,0,0,1,0,0,0,Medium,LPT-11663,Low,Legal
LPT-11786,2,0,1,1,0,1,0,0,0,0,0,0,0,0,1,6,1 malware/ransomware alert(s),0,3,0,3,0,0,0,0,0,0,0,0,Medium,LPT-11786,High,Information Tech
LPT-11826,2,0,1,1,0,1,0,0,0,0,0,0,0,0,1,6,1 malware/ransomware alert(s),0,3,0,3,0,0,0,0,0,0,0,0,Medium,LPT-11826,Medium,Mkt
LPT-12044,2,0,1,1,0,1,0,0,0,0,0,0,0,0,1,6,1 malware/ransomware alert(s),0,3,0,3,0,0,0,0,0,0,0,0,Medium,LPT-12044,Critical,Ops
LPT-12297,2,0,0,1,0,1,0,0,1,0,0,1,0,0,1,6,1 malware/ransomware alert(s); 1 credential-access alert(s),0,0,0,3,0,0,2,0,0,1,0,0,Medium,LPT-12297,High,Mkt
LPT-12375,2,0,0,2,0,2,0,0,0,0,0,0,0,0,1,6,2 malware/ransomware alert(s),0,0,0,6,0,0,0,0,0,0,0,0,Medium,LPT-12375,Low,Legal
LPT-12507,2,0,1,1,0,1,0,0,0,0,0,0,0,0,1,6,1 malware/ransomware alert(s),0,3,0,3,0,0,0,0,0,0,0,0,Medium,LPT-12507,Low,Information Tech
LPT-12517,2,0,0,0,0,0,2,0,0,0,0,0,0,2,1,6,2 PowerShell alert(s); 2 identity review concern(s),0,0,0,0,4,0,0,0,0,0,0,2,Medium,LPT-12517,Critical,Sales
LPT-12586,2,0,0,1,0,2,0,0,0,0,0,0,0,0,1,6,2 malware/ransomware alert(s),0,0,0,6,0,0,0,0,0,0,0,0,Medium,LPT-12586,Critical,Innovation
LPT-12960,2,0,0,1,0,2,0,0,0,0,0,0,0,0,1,6,2 malware/ransomware alert(s),0,0,0,6,0,0,0,0,0,0,0,0,Medium,LPT-12960,Low,It Dept
MISSING_HOST::EMP10232,2,0,0,2,0,0,0,2,0,0,0,0,0,2,1,6,2 lateral-movement alert(s); 2 identity review concern(s),0,0,0,0,0,4,0,0,0,0,0,2,Medium,,Critical,Fin
MISSING_HOST::EMP10348,2,0,0,2,0,0,0,0,2,0,0,0,0,2,1,6,2 credential-access alert(s); 2 identity review concern(s),0,0,0,0,0,0,4,0,0,0,0,2,Medium,,High,Customer Support
MISSING_HOST::EMP11245,2,0,0,2,0,1,0,0,0,0,1,0,0,2,1,6,1 malware/ransomware alert(s); 2 identity review concern(s),0,0,0,3,0,0,0,0,1,0,0,2,Medium,,High,Information Tech
MISSING_HOST::EMP11751,2,0,0,2,0,0,0,0,2,0,0,0,0,2,1,6,2 credential-access alert(s); 2 identity review concern(s),0,0,0,0,0,0,4,0,0,0,0,2,Medium,,Low,Research And Development
MISSING_HOST::EMP12360,2,0,0,1,0,0,0,1,1,0,0,0,0,2,1,6,1 lateral-movement alert(s); 1 credential-access alert(s); 2 identity review concern(s),0,0,0,0,0,2,2,0,0,0,0,2,Medium,,High,Information Tech
VDR-10158,2,0,1,1,0,0,1,0,0,0,1,0,0,0,1,6,1 PowerShell alert(s),0,3,0,0,2,0,0,0,1,0,0,0,Medium,VDR-10158,Low,Accounts
VDR-10193,2,0,0,1,0,2,0,0,0,0,0,0,0,0,1,6,2 malware/ransomware alert(s),0,0,0,6,0,0,0,0,0,0,0,0,Medium,VDR-10193,Medium,Human Resources
VDR-10196,2,0,0,2,0,0,0,2,0,0,0,0,0,2,1,6,2 lateral-movement alert(s); 2 identity review concern(s),0,0,0,0,0,4,0,0,0,0,0,2,Medium,VDR-10196,High,Ops Team
VDR-10293,2,0,1,2,0,0,1,0,0,0,1,0,0,0,1,6,1 PowerShell alert(s),0,3,0,0,2,0,0,0,1,0,0,0,Medium,VDR-10293,Medium,Call Center
VDR-10357,2,0,1,1,0,1,0,0,0,0,0,0,0,0,1,6,1 malware/ransomware alert(s),0,3,0,3,0,0,0,0,0,0,0,0,Medium,VDR-10357,Medium,It Dept
VDR-10474,2,0,0,2,0,0,0,0,0,0,0,0,2,0,1,6,2 inactive-user event(s),0,0,0,0,0,0,0,0,0,0,6,0,Medium,VDR-10474,Medium,Operations Dept
VDR-10499,2,0,1,1,0,1,0,0,0,0,0,0,0,0,1,6,1 malware/ransomware alert(s),0,3,0,3,0,0,0,0,0,0,0,0,Medium,VDR-10499,Medium,Hr
VDR-10576,2,0,0,2,0,2,0,0,0,0,0,0,0,0,1,6,2 malware/ransomware alert(s),0,0,0,6,0,0,0,0,0,0,0,0,Medium,VDR-10576,Low,Mkt
VDR-10587,2,0,0,2,0,2,0,0,0,0,0,0,0,0,1,6,2 malware/ransomware alert(s),0,0,0,6,0,0,0,0,0,0,0,0,Medium,VDR-10587,Medium,Information Technology
VDR-10624,2,0,0,2,0,2,0,0,0,0,0,0,0,0,1,6,2 malware/ransomware alert(s),0,0,0,6,0,0,0,0,0,0,0,0,Medium,VDR-10624,High,Information Technology
VDR-10638,2,0,0,1,0,2,0,0,0,0,0,0,0,0,1,6,2 malware/ransomware alert(s),0,0,0,6,0,0,0,0,0,0,0,0,Medium,VDR-10638,Medium,Fin
VDR-10662.CORP.LOCAL,2,0,0,1,0,1,0,0,0,0,1,0,0,2,1,6,1 malware/ransomware alert(s); 2 identity review concern(s),0,0,0,3,0,0,0,0,1,0,0,2,Medium,VDR-10662.CORP.LOCAL,Low,Human Resource
VDR-10718,2,0,0,0,0,0,1,0,1,0,0,0,0,2,1,6,1 PowerShell alert(s); 1 credential-access alert(s); 2 identity review concern(s),0,0,0,0,2,0,2,0,0,0,0,2,Medium,VDR-10718,Medium,
VDR-10795,2,0,0,2,0,1,1,0,0,0,0,1,0,0,1,6,1 malware/ransomware alert(s); 1 PowerShell alert(s),0,0,0,3,2,0,0,0,0,1,0,0,Medium,VDR-10795,Medium,People Team
VDR-10833,2,0,1,2,0,0,0,0,0,0,0,1,0,2,1,6,2 identity review concern(s),0,3,0,0,0,0,0,0,0,1,0,2,Medium,VDR-10833,High,Human Resource
VDR-10937,2,0,0,1,0,2,0,0,0,0,0,0,0,0,1,6,2 malware/ransomware alert(s),0,0,0,6,0,0,0,0,0,0,0,0,Medium,VDR-10937,Medium,Ops
VDR-11012,2,0,0,0,0,2,0,0,0,0,0,0,0,0,1,6,2 malware/ransomware alert(s),0,0,0,6,0,0,0,0,0,0,0,0,Medium,VDR-11012,Low,R&D
VDR-11061.CORP.LOCAL,2,0,0,2,0,1,0,0,0,0,1,0,0,2,1,6,1 malware/ransomware alert(s); 2 identity review concern(s),0,0,0,3,0,0,0,0,1,0,0,2,Medium,VDR-11061.CORP.LOCAL,Critical,Mktg
VDR-11339,2,0,1,1,0,0,0,1,0,0,1,0,0,0,1,6,1 lateral-movement alert(s),0,3,0,0,0,2,0,0,1,0,0,0,Medium,VDR-11339,Low,Mktg
VDR-11345,2,0,1,2,0,1,0,0,0,0,0,0,0,0,1,6,1 malware/ransomware alert(s),0,3,0,3,0,0,0,0,0,0,0,0,Medium,VDR-11345,Low,It Support
VDR-11544,2,0,0,2,0,0,1,1,0,0,0,0,0,2,1,6,1 PowerShell alert(s); 1 lateral-movement alert(s); 2 identity review concern(s),0,0,0,0,2,2,0,0,0,0,0,2,Medium,VDR-11544,Low,Hr Dept
VDR-11549,2,0,0,2,0,0,1,1,0,0,0,0,0,2,1,6,1 PowerShell alert(s); 1 lateral-movement alert(s); 2 identity review concern(s),0,0,0,0,2,2,0,0,0,0,0,2,Medium,VDR-11549,Low,Customer Care
VDR-11855,2,0,1,2,0,1,0,0,0,0,0,0,0,0,1,6,1 malware/ransomware alert(s),0,3,0,3,0,0,0,0,0,0,0,0,Medium,VDR-11855,Low,Legal
VDR-11889,2,0,0,1,0,2,0,0,0,0,0,0,0,0,1,6,2 malware/ransomware alert(s),0,0,0,6,0,0,0,0,0,0,0,0,Medium,VDR-11889,Medium,Legal Dept
VDR-12282,2,0,1,0,0,0,0,0,1,0,0,1,0,0,1,6,1 credential-access alert(s),0,3,0,0,0,0,2,0,0,1,0,0,Medium,VDR-12282,Medium,Marketing
VDR-12568,2,0,0,1,0,2,0,0,0,0,0,0,0,0,1,6,2 malware/ransomware alert(s),0,0,0,6,0,0,0,0,0,0,0,0,Medium,VDR-12568,High,Business Sales
VDR-12825,2,0,0,2,0,2,0,0,0,0,0,0,0,0,1,6,2 malware/ransomware alert(s),0,0,0,6,0,0,0,0,0,0,0,0,Medium,VDR-12825,High,Finance
VDR-12863,2,0,1,0,0,1,0,0,0,0,0,0,0,0,1,6,1 malware/ransomware alert(s),0,3,0,3,0,0,0,0,0,0,0,0,Medium,VDR-12863,High,Rd
VDR-12963,2,0,1,1,0,0,0,1,0,0,1,0,0,0,1,6,1 lateral-movement alert(s),0,3,0,0,0,2,0,0,1,0,0,0,Medium,VDR-12963,Low,Brand Team
WS-10073,2,0,0,2,0,2,0,0,0,0,0,0,0,0,1,6,2 malware/ransomware alert(s),0,0,0,6,0,0,0,0,0,0,0,0,Medium,WS-10073,Low,Marketing Dept
WS-10105,2,0,0,0,0,2,0,0,0,0,0,0,0,0,1,6,2 malware/ransomware alert(s),0,0,0,6,0,0,0,0,0,0,0,0,Medium,WS-10105,Low,It Support
WS-10111,2,0,1,1,0,1,0,0,0,0,0,0,0,0,1,6,1 malware/ransomware alert(s),0,3,0,3,0,0,0,0,0,0,0,0,Medium,WS-10111,High,Operations
WS-10151,2,0,0,2,0,2,0,0,0,0,0,0,0,0,1,6,2 malware/ransomware alert(s),0,0,0,6,0,0,0,0,0,0,0,0,Medium,WS-10151,Low,Finance Dept
WS-10187,2,0,1,0,0,1,0,0,0,0,0,0,0,0,1,6,1 malware/ransomware alert(s),0,3,0,3,0,0,0,0,0,0,0,0,Medium,WS-10187,Low,Sales
WS-10266,2,0,0,1,0,0,0,2,0,0,0,0,0,2,1,6,2 lateral-movement alert(s); 2 identity review concern(s),0,0,0,0,0,4,0,0,0,0,0,2,Medium,WS-10266,Critical,
WS-10543,2,0,0,1,0,2,0,0,0,0,0,0,0,0,1,6,2 malware/ransomware alert(s),0,0,0,6,0,0,0,0,0,0,0,0,Medium,WS-10543,Medium,Rd
WS-10694,2,0,0,1,0,2,0,0,0,0,0,0,0,0,1,6,2 malware/ransomware alert(s),0,0,0,6,0,0,0,0,0,0,0,0,Medium,WS-10694,Critical,Customer Care
WS-10729,2,0,0,0,0,0,0,1,1,0,0,0,0,2,1,6,1 lateral-movement alert(s); 1 credential-access alert(s); 2 identity review concern(s),0,0,0,0,0,2,2,0,0,0,0,2,Medium,WS-10729,Low,Hr
WS-10747,2,0,2,1,0,0,0,0,0,0,0,0,0,0,1,6,volume/low-severity activity only,0,6,0,0,0,0,0,0,0,0,0,0,Medium,WS-10747,Critical,Operations Dept
WS-10786,2,0,0,0,0,0,0,0,0,0,0,0,2,0,1,6,2 inactive-user event(s),0,0,0,0,0,0,0,0,0,0,6,0,Medium,WS-10786,High,Accounts
WS-10831,2,1,0,1,0,0,0,0,0,0,1,0,0,0,1,6,1 critical alert(s),5,0,0,0,0,0,0,0,1,0,0,0,Medium,WS-10831,Low,Operations Dept
WS-11020,2,0,1,1,0,0,1,0,0,0,0,1,0,0,1,6,1 PowerShell alert(s),0,3,0,0,2,0,0,0,0,1,0,0,Medium,WS-11020,High,Hr
WS-11252.CORP.LOCAL,2,0,0,0,0,0,2,0,0,0,0,0,0,2,1,6,2 PowerShell alert(s); 2 identity review concern(s),0,0,0,0,4,0,0,0,0,0,0,2,Medium,WS-11252.CORP.LOCAL,Medium,Procurement
WS-11348,2,0,1,0,0,1,0,0,0,0,0,0,0,0,1,6,1 malware/ransomware alert(s),0,3,0,3,0,0,0,0,0,0,0,0,Medium,WS-11348,High,Legal Dept
WS-11360,2,0,0,2,0,1,0,0,0,0,1,0,0,2,1,6,1 malware/ransomware alert(s); 2 identity review concern(s),0,0,0,3,0,0,0,0,1,0,0,2,Medium,WS-11360,Medium,
WS-11863,2,0,1,1,0,0,0,0,1,0,1,0,0,0,1,6,1 credential-access alert(s),0,3,0,0,0,0,2,0,1,0,0,0,Medium,WS-11863,High,It
WS-11897,2,0,1,1,0,1,0,0,0,0,0,0,0,0,1,6,1 malware/ransomware alert(s),0,3,0,3,0,0,0,0,0,0,0,0,Medium,WS-11897,High,It Dept
WS-11968,2,0,0,2,0,2,0,0,0,0,0,0,0,0,1,6,2 malware/ransomware alert(s),0,0,0,6,0,0,0,0,0,0,0,0,Medium,WS-11968,Low,Legal Dept
WS-11985,2,0,1,1,0,1,0,0,0,0,0,0,0,0,1,6,1 malware/ransomware alert(s),0,3,0,3,0,0,0,0,0,0,0,0,Medium,WS-11985,Low,Compliance
WS-12009,2,0,1,2,0,0,1,0,0,0,1,0,0,0,1,6,1 PowerShell alert(s),0,3,0,0,2,0,0,0,1,0,0,0,Medium,WS-12009,Medium,Marketing Dept
WS-12343,2,0,1,1,0,0,1,0,0,0,1,0,0,0,1,6,1 PowerShell alert(s),0,3,0,0,2,0,0,0,1,0,0,0,Medium,WS-12343,Low,Rnd
WS-12433,2,0,0,2,0,0,1,0,1,0,0,0,0,2,1,6,1 PowerShell alert(s); 1 credential-access alert(s); 2 identity review concern(s),0,0,0,0,2,0,2,0,0,0,0,2,Medium,WS-12433,Low,Information Technology
WS-12518,2,0,0,2,0,2,0,0,0,0,0,0,0,0,1,6,2 malware/ransomware alert(s),0,0,0,6,0,0,0,0,0,0,0,0,Medium,WS-12518,High,Compliance
WS-12559,2,0,1,1,0,0,0,1,0,0,0,1,0,0,1,6,1 lateral-movement alert(s),0,3,0,0,0,2,0,0,0,1,0,0,Medium,WS-12559,Low,Legal Dept
WS-12674,2,0,0,1,0,1,0,1,0,0,0,1,0,0,1,6,1 malware/ransomware alert(s); 1 lateral-movement alert(s),0,0,0,3,0,2,0,0,0,1,0,0,Medium,WS-12674,Low,Ops
WS-12746,2,0,0,2,0,1,0,0,0,0,1,0,0,2,1,6,1 malware/ransomware alert(s); 2 identity review concern(s),0,0,0,3,0,0,0,0,1,0,0,2,Medium,WS-12746,Critical,Rnd
WS-12830,2,0,0,0,0,2,0,0,0,0,0,0,0,0,1,6,2 malware/ransomware alert(s),0,0,0,6,0,0,0,0,0,0,0,0,Medium,WS-12830,Critical,Operations Dept
WS-12850,2,0,0,1,0,2,0,0,0,0,0,0,0,0,1,6,2 malware/ransomware alert(s),0,0,0,6,0,0,0,0,0,0,0,0,Medium,WS-12850,Medium,Information Tech
LPT-10250.CORP.LOCAL,1,0,1,1,0,0,1,0,0,0,0,0,0,1,1,6,1 PowerShell alert(s); 1 identity review concern(s),0,3,0,0,2,0,0,0,0,0,0,1,Medium,LPT-10250.CORP.LOCAL,High,Research And Development
LPT-10298,1,0,1,1,0,0,0,0,1,0,0,0,0,1,1,6,1 credential-access alert(s); 1 identity review concern(s),0,3,0,0,0,0,2,0,0,0,0,1,Medium,LPT-10298,Low,
LPT-10349,1,0,0,1,0,1,0,0,0,0,0,0,1,0,1,6,1 malware/ransomware alert(s); 1 inactive-user event(s),0,0,0,3,0,0,0,0,0,0,3,0,Medium,LPT-10349,,Legal
LPT-10446,1,0,1,1,0,1,0,0,0,0,0,0,0,0,1,6,1 malware/ransomware alert(s),0,3,0,3,0,0,0,0,0,0,0,0,Medium,LPT-10446,Critical,It Dept
LPT-10511.CORP.LOCAL,1,0,0,1,0,0,1,0,0,0,0,0,1,1,1,6,1 PowerShell alert(s); 1 inactive-user event(s); 1 identity review concern(s),0,0,0,0,2,0,0,0,0,0,3,1,Medium,LPT-10511.CORP.LOCAL,High,Finance
LPT-10565.CORP.LOCAL,1,0,1,1,0,0,0,0,1,0,0,0,0,1,1,6,1 credential-access alert(s); 1 identity review concern(s),0,3,0,0,0,0,2,0,0,0,0,1,Medium,LPT-10565.CORP.LOCAL,High,Finance
LPT-10609,1,0,0,1,0,1,0,0,0,0,0,0,1,0,1,6,1 malware/ransomware alert(s); 1 inactive-user event(s),0,0,0,3,0,0,0,0,0,0,3,0,Medium,LPT-10609,Low,Operations
LPT-10657,1,0,0,1,0,0,0,1,0,0,0,0,1,1,1,6,1 lateral-movement alert(s); 1 inactive-user event(s); 1 identity review concern(s),0,0,0,0,0,2,0,0,0,0,3,1,Medium,LPT-10657,High,Ops
LPT-10702,1,0,0,1,0,0,0,0,1,0,0,0,1,1,1,6,1 credential-access alert(s); 1 inactive-user event(s); 1 identity review concern(s),0,0,0,0,0,0,2,0,0,0,3,1,Medium,LPT-10702,Medium,Marketing
LPT-10731,1,0,1,1,0,1,0,0,0,0,0,0,0,0,1,6,1 malware/ransomware alert(s),0,3,0,3,0,0,0,0,0,0,0,0,Medium,LPT-10731,,Sales
LPT-10763,1,0,0,0,0,1,0,0,0,0,0,0,1,0,1,6,1 malware/ransomware alert(s); 1 inactive-user event(s),0,0,0,3,0,0,0,0,0,0,3,0,Medium,LPT-10763,Low,Purch
LPT-10834,1,0,1,1,0,0,0,0,0,0,0,0,1,0,1,6,1 inactive-user event(s),0,3,0,0,0,0,0,0,0,0,3,0,Medium,LPT-10834,Medium,Compliance
LPT-10859,1,0,1,1,0,1,0,0,0,0,0,0,0,0,1,6,1 malware/ransomware alert(s),0,3,0,3,0,0,0,0,0,0,0,0,Medium,LPT-10859,Medium,Sales
LPT-10972,1,0,1,1,0,0,0,0,0,0,0,0,1,0,1,6,1 inactive-user event(s),0,3,0,0,0,0,0,0,0,0,3,0,Medium,LPT-10972,High,Operations
LPT-10989,1,0,0,1,0,0,0,1,0,0,0,0,1,1,1,6,1 lateral-movement alert(s); 1 inactive-user event(s); 1 identity review concern(s),0,0,0,0,0,2,0,0,0,0,3,1,Medium,LPT-10989,Low,Legal
LPT-11004.CORP.LOCAL,1,0,0,1,0,0,0,0,1,0,0,0,1,1,1,6,1 credential-access alert(s); 1 inactive-user event(s); 1 identity review concern(s),0,0,0,0,0,0,2,0,0,0,3,1,Medium,LPT-11004.CORP.LOCAL,Low,Research And Development
LPT-11123.CORP.LOCAL,1,0,1,1,0,0,0,0,1,0,0,0,0,1,1,6,1 credential-access alert(s); 1 identity review concern(s),0,3,0,0,0,0,2,0,0,0,0,1,Medium,LPT-11123.CORP.LOCAL,Low,Accounts
LPT-11170.CORP.LOCAL,1,0,1,1,0,0,0,0,1,0,0,0,0,1,1,6,1 credential-access alert(s); 1 identity review concern(s),0,3,0,0,0,0,2,0,0,0,0,1,Medium,LPT-11170.CORP.LOCAL,High,Call Center
LPT-11263.CORP.LOCAL,1,0,1,0,0,0,1,0,0,0,0,0,0,1,1,6,1 PowerShell alert(s); 1 identity review concern(s),0,3,0,0,2,0,0,0,0,0,0,1,Medium,LPT-11263.CORP.LOCAL,Medium,Human Resource
LPT-11300.CORP.LOCAL,1,1,0,0,0,0,0,0,0,0,0,0,0,1,1,6,1 critical alert(s); 1 identity review concern(s),5,0,0,0,0,0,0,0,0,0,0,1,Medium,LPT-11300.CORP.LOCAL,Medium,Information Tech
LPT-11326,1,0,1,1,0,0,0,1,0,0,0,0,0,1,1,6,1 lateral-movement alert(s); 1 identity review concern(s),0,3,0,0,0,2,0,0,0,0,0,1,Medium,LPT-11326,,Operations
LPT-11425,1,0,1,1,0,1,0,0,0,0,0,0,0,0,1,6,1 malware/ransomware alert(s),0,3,0,3,0,0,0,0,0,0,0,0,Medium,LPT-11425,Low,Finance
LPT-11534,1,0,0,1,0,1,0,0,0,0,0,0,1,0,1,6,1 malware/ransomware alert(s); 1 inactive-user event(s),0,0,0,3,0,0,0,0,0,0,3,0,Medium,LPT-11534,Critical,Customer Support
LPT-11558.CORP.LOCAL,1,0,1,1,0,0,1,0,0,0,0,0,0,1,1,6,1 PowerShell alert(s); 1 identity review concern(s),0,3,0,0,2,0,0,0,0,0,0,1,Medium,LPT-11558.CORP.LOCAL,Low,Brand Team
LPT-11597,1,0,1,1,0,1,0,0,0,0,0,0,0,0,1,6,1 malware/ransomware alert(s),0,3,0,3,0,0,0,0,0,0,0,0,Medium,LPT-11597,Critical,It Support
LPT-11656,1,0,1,0,0,1,0,0,0,0,0,0,0,0,1,6,1 malware/ransomware alert(s),0,3,0,3,0,0,0,0,0,0,0,0,Medium,LPT-11656,Critical,Mkt
LPT-11656.CORP.LOCAL,1,0,1,1,0,0,0,0,1,0,0,0,0,1,1,6,1 credential-access alert(s); 1 identity review concern(s),0,3,0,0,0,0,2,0,0,0,0,1,Medium,LPT-11656.CORP.LOCAL,Low,Mkt
LPT-11658,1,0,1,0,0,1,0,0,0,0,0,0,0,0,1,6,1 malware/ransomware alert(s),0,3,0,3,0,0,0,0,0,0,0,0,Medium,LPT-11658,Medium,It Support
LPT-11700,1,0,0,1,0,1,0,0,0,0,0,0,1,0,1,6,1 malware/ransomware alert(s); 1 inactive-user event(s),0,0,0,3,0,0,0,0,0,0,3,0,Medium,LPT-11700,Low,Business Sales
LPT-11736.CORP.LOCAL,1,0,1,0,0,0,1,0,0,0,0,0,0,1,1,6,1 PowerShell alert(s); 1 identity review concern(s),0,3,0,0,2,0,0,0,0,0,0,1,Medium,LPT-11736.CORP.LOCAL,Low,Ops Team
LPT-11790,1,0,1,1,0,0,1,0,0,0,0,0,0,1,1,6,1 PowerShell alert(s); 1 identity review concern(s),0,3,0,0,2,0,0,0,0,0,0,1,Medium,LPT-11790,High,Sales Dept
LPT-11869,1,0,0,1,0,1,0,0,0,0,0,0,1,0,1,6,1 malware/ransomware alert(s); 1 inactive-user event(s),0,0,0,3,0,0,0,0,0,0,3,0,Medium,LPT-11869,Critical,Finance
LPT-11907,1,0,1,1,0,1,0,0,0,0,0,0,0,0,1,6,1 malware/ransomware alert(s),0,3,0,3,0,0,0,0,0,0,0,0,Medium,LPT-11907,Medium,Legal Dept
LPT-11981,1,0,0,1,0,1,0,0,0,0,0,0,1,0,1,6,1 malware/ransomware alert(s); 1 inactive-user event(s),0,0,0,3,0,0,0,0,0,0,3,0,Medium,LPT-11981,Medium,Hr
LPT-12015.CORP.LOCAL,1,0,0,1,0,0,1,0,0,0,0,0,1,1,1,6,1 PowerShell alert(s); 1 inactive-user event(s); 1 identity review concern(s),0,0,0,0,2,0,0,0,0,0,3,1,Medium,LPT-12015.CORP.LOCAL,Critical,Rnd
LPT-12056,1,0,1,1,0,1,0,0,0,0,0,0,0,0,1,6,1 malware/ransomware alert(s),0,3,0,3,0,0,0,0,0,0,0,0,Medium,LPT-12056,Medium,Compliance
LPT-12265.CORP.LOCAL,1,0,1,0,0,0,1,0,0,0,0,0,0,1,1,6,1 PowerShell alert(s); 1 identity review concern(s),0,3,0,0,2,0,0,0,0,0,0,1,Medium,LPT-12265.CORP.LOCAL,Medium,Supply Chain
LPT-12294.CORP.LOCAL,1,0,1,1,0,0,0,1,0,0,0,0,0,1,1,6,1 lateral-movement alert(s); 1 identity review concern(s),0,3,0,0,0,2,0,0,0,0,0,1,Medium,LPT-12294.CORP.LOCAL,High,Legal
LPT-12375.CORP.LOCAL,1,0,1,1,0,0,1,0,0,0,0,0,0,1,1,6,1 PowerShell alert(s); 1 identity review concern(s),0,3,0,0,2,0,0,0,0,0,0,1,Medium,LPT-12375.CORP.LOCAL,,Legal
LPT-12427,1,0,1,1,0,1,0,0,0,0,0,0,0,0,1,6,1 malware/ransomware alert(s),0,3,0,3,0,0,0,0,0,0,0,0,Medium,LPT-12427,Medium,Sales Dept
LPT-12486,1,0,1,1,0,1,0,0,0,0,0,0,0,0,1,6,1 malware/ransomware alert(s),0,3,0,3,0,0,0,0,0,0,0,0,Medium,LPT-12486,,Hr
LPT-12505.CORP.LOCAL,1,0,1,1,0,0,1,0,0,0,0,0,0,1,1,6,1 PowerShell alert(s); 1 identity review concern(s),0,3,0,0,2,0,0,0,0,0,0,1,Medium,LPT-12505.CORP.LOCAL,Medium,
LPT-12575,1,0,1,1,0,0,0,0,1,0,0,0,0,1,1,6,1 credential-access alert(s); 1 identity review concern(s),0,3,0,0,0,0,2,0,0,0,0,1,Medium,LPT-12575,Critical,Marketing Dept
LPT-12612,1,0,0,1,0,1,0,0,0,0,0,0,1,0,1,6,1 malware/ransomware alert(s); 1 inactive-user event(s),0,0,0,3,0,0,0,0,0,0,3,0,Medium,LPT-12612,Medium,Rnd
LPT-12654.CORP.LOCAL,1,0,1,1,0,0,0,1,0,0,0,0,0,1,1,6,1 lateral-movement alert(s); 1 identity review concern(s),0,3,0,0,0,2,0,0,0,0,0,1,Medium,LPT-12654.CORP.LOCAL,Critical,Hr Dept
LPT-12702.CORP.LOCAL,1,0,1,1,0,0,1,0,0,0,0,0,0,1,1,6,1 PowerShell alert(s); 1 identity review concern(s),0,3,0,0,2,0,0,0,0,0,0,1,Medium,LPT-12702.CORP.LOCAL,Critical,Supply Chain
LPT-12704,1,0,0,0,0,1,0,0,0,0,0,0,1,0,1,6,1 malware/ransomware alert(s); 1 inactive-user event(s),0,0,0,3,0,0,0,0,0,0,3,0,Medium,LPT-12704,High,Procurement Team
LPT-12704.CORP.LOCAL,1,0,0,1,0,0,1,0,0,0,0,0,1,1,1,6,1 PowerShell alert(s); 1 inactive-user event(s); 1 identity review concern(s),0,0,0,0,2,0,0,0,0,0,3,1,Medium,LPT-12704.CORP.LOCAL,,Procurement Team
LPT-12730,1,0,1,1,0,1,0,0,0,0,0,0,0,0,1,6,1 malware/ransomware alert(s),0,3,0,3,0,0,0,0,0,0,0,0,Medium,LPT-12730,,Rnd
LPT-12916.CORP.LOCAL,1,0,1,0,0,0,0,1,0,0,0,0,0,1,1,6,1 lateral-movement alert(s); 1 identity review concern(s),0,3,0,0,0,2,0,0,0,0,0,1,Medium,LPT-12916.CORP.LOCAL,Low,R&D
LPT-12943,1,0,1,0,0,1,0,0,0,0,0,0,0,0,1,6,1 malware/ransomware alert(s),0,3,0,3,0,0,0,0,0,0,0,0,Medium,LPT-12943,High,Supply Chain
MISSING_HOST::EMP10062,1,0,0,0,0,0,0,1,0,0,0,0,1,1,1,6,1 lateral-movement alert(s); 1 inactive-user event(s); 1 identity review concern(s),0,0,0,0,0,2,0,0,0,0,3,1,Medium,,Low,Operations Dept
MISSING_HOST::EMP10158,1,0,1,1,0,0,0,0,1,0,0,0,0,1,1,6,1 credential-access alert(s); 1 identity review concern(s),0,3,0,0,0,0,2,0,0,0,0,1,Medium,,Low,Accounts
MISSING_HOST::EMP10194,1,0,1,0,0,0,1,0,0,0,0,0,0,1,1,6,1 PowerShell alert(s); 1 identity review concern(s),0,3,0,0,2,0,0,0,0,0,0,1,Medium,,High,
MISSING_HOST::EMP10236,1,0,1,1,0,0,0,0,1,0,0,0,0,1,1,6,1 credential-access alert(s); 1 identity review concern(s),0,3,0,0,0,0,2,0,0,0,0,1,Medium,,Critical,Rd
MISSING_HOST::EMP10300,1,0,0,0,0,0,0,1,0,0,0,0,1,1,1,6,1 lateral-movement alert(s); 1 inactive-user event(s); 1 identity review concern(s),0,0,0,0,0,2,0,0,0,0,3,1,Medium,,Medium,Rnd
MISSING_HOST::EMP10377,1,0,0,0,0,0,0,0,1,0,0,0,1,1,1,6,1 credential-access alert(s); 1 inactive-user event(s); 1 identity review concern(s),0,0,0,0,0,0,2,0,0,0,3,1,Medium,,Low,Business Sales
MISSING_HOST::EMP10397,1,0,1,1,0,0,1,0,0,0,0,0,0,1,1,6,1 PowerShell alert(s); 1 identity review concern(s),0,3,0,0,2,0,0,0,0,0,0,1,Medium,,Medium,R&D
MISSING_HOST::EMP10548,1,0,0,1,0,0,0,0,1,0,0,0,1,1,1,6,1 credential-access alert(s); 1 inactive-user event(s); 1 identity review concern(s),0,0,0,0,0,0,2,0,0,0,3,1,Medium,,Low,Procurement Team
MISSING_HOST::EMP10632,1,0,1,0,0,0,1,0,0,0,0,0,0,1,1,6,1 PowerShell alert(s); 1 identity review concern(s),0,3,0,0,2,0,0,0,0,0,0,1,Medium,,Low,Brand Team
MISSING_HOST::EMP10667,1,0,1,0,0,0,0,1,0,0,0,0,0,1,1,6,1 lateral-movement alert(s); 1 identity review concern(s),0,3,0,0,0,2,0,0,0,0,0,1,Medium,,Medium,It Dept
MISSING_HOST::EMP10682,1,0,0,0,0,0,1,0,0,0,0,0,1,1,1,6,1 PowerShell alert(s); 1 inactive-user event(s); 1 identity review concern(s),0,0,0,0,2,0,0,0,0,0,3,1,Medium,,Critical,Rd
MISSING_HOST::EMP10735,1,0,1,0,0,0,1,0,0,0,0,0,0,1,1,6,1 PowerShell alert(s); 1 identity review concern(s),0,3,0,0,2,0,0,0,0,0,0,1,Medium,,Critical,Information Tech
MISSING_HOST::EMP10754,1,0,0,1,0,0,0,0,1,0,0,0,1,1,1,6,1 credential-access alert(s); 1 inactive-user event(s); 1 identity review concern(s),0,0,0,0,0,0,2,0,0,0,3,1,Medium,,Critical,Accounts
MISSING_HOST::EMP10793,1,0,1,1,0,0,1,0,0,0,0,0,0,1,1,6,1 PowerShell alert(s); 1 identity review concern(s),0,3,0,0,2,0,0,0,0,0,0,1,Medium,,,Information Tech
MISSING_HOST::EMP10862,1,0,1,1,0,0,0,0,1,0,0,0,0,1,1,6,1 credential-access alert(s); 1 identity review concern(s),0,3,0,0,0,0,2,0,0,0,0,1,Medium,,Critical,Fin
MISSING_HOST::EMP10866,1,0,1,1,0,0,0,1,0,0,0,0,0,1,1,6,1 lateral-movement alert(s); 1 identity review concern(s),0,3,0,0,0,2,0,0,0,0,0,1,Medium,,Low,It Support
MISSING_HOST::EMP10898,1,0,0,1,0,0,1,0,0,0,0,0,1,1,1,6,1 PowerShell alert(s); 1 inactive-user event(s); 1 identity review concern(s),0,0,0,0,2,0,0,0,0,0,3,1,Medium,,Medium,Information Tech
MISSING_HOST::EMP10942,1,0,1,0,0,0,0,0,1,0,0,0,0,1,1,6,1 credential-access alert(s); 1 identity review concern(s),0,3,0,0,0,0,2,0,0,0,0,1,Medium,,Medium,Rnd
MISSING_HOST::EMP10967,1,0,1,1,0,0,0,0,1,0,0,0,0,1,1,6,1 credential-access alert(s); 1 identity review concern(s),0,3,0,0,0,0,2,0,0,0,0,1,Medium,,Critical,Sales Dept
MISSING_HOST::EMP10980,1,0,0,1,0,0,0,1,0,0,0,0,1,1,1,6,1 lateral-movement alert(s); 1 inactive-user event(s); 1 identity review concern(s),0,0,0,0,0,2,0,0,0,0,3,1,Medium,,Low,Purchase
MISSING_HOST::EMP11125,1,0,0,0,0,0,1,0,0,0,0,0,1,1,1,6,1 PowerShell alert(s); 1 inactive-user event(s); 1 identity review concern(s),0,0,0,0,2,0,0,0,0,0,3,1,Medium,,Low,Mktg
MISSING_HOST::EMP11148,1,0,1,0,0,0,0,0,1,0,0,0,0,1,1,6,1 credential-access alert(s); 1 identity review concern(s),0,3,0,0,0,0,2,0,0,0,0,1,Medium,,Low,Human Resource
MISSING_HOST::EMP11192,1,0,0,0,0,0,0,0,1,0,0,0,1,1,1,6,1 credential-access alert(s); 1 inactive-user event(s); 1 identity review concern(s),0,0,0,0,0,0,2,0,0,0,3,1,Medium,,,Information Tech
MISSING_HOST::EMP11217,1,1,0,0,0,0,0,0,0,0,0,0,0,1,1,6,1 critical alert(s); 1 identity review concern(s),5,0,0,0,0,0,0,0,0,0,0,1,Medium,,Medium,Ops Team
MISSING_HOST::EMP11382,1,0,1,0,0,0,0,0,1,0,0,0,0,1,1,6,1 credential-access alert(s); 1 identity review concern(s),0,3,0,0,0,0,2,0,0,0,0,1,Medium,,Low,Procurement Team
MISSING_HOST::EMP11403,1,0,0,0,0,0,0,0,1,0,0,0,1,1,1,6,1 credential-access alert(s); 1 inactive-user event(s); 1 identity review concern(s),0,0,0,0,0,0,2,0,0,0,3,1,Medium,,Critical,Customer Support
MISSING_HOST::EMP11485,1,0,1,1,0,0,0,0,1,0,0,0,0,1,1,6,1 credential-access alert(s); 1 identity review concern(s),0,3,0,0,0,0,2,0,0,0,0,1,Medium,,Medium,Sales
MISSING_HOST::EMP11502,1,0,0,1,0,0,0,1,0,0,0,0,1,1,1,6,1 lateral-movement alert(s); 1 inactive-user event(s); 1 identity review concern(s),0,0,0,0,0,2,0,0,0,0,3,1,Medium,,,Call Center
MISSING_HOST::EMP11558,1,0,1,1,0,0,1,0,0,0,0,0,0,1,1,6,1 PowerShell alert(s); 1 identity review concern(s),0,3,0,0,2,0,0,0,0,0,0,1,Medium,,Low,Brand Team
MISSING_HOST::EMP11640,1,0,1,0,0,0,0,1,0,0,0,0,0,1,1,6,1 lateral-movement alert(s); 1 identity review concern(s),0,3,0,0,0,2,0,0,0,0,0,1,Medium,,Critical,Cs
MISSING_HOST::EMP11734,1,0,1,1,0,0,0,1,0,0,0,0,0,1,1,6,1 lateral-movement alert(s); 1 identity review concern(s),0,3,0,0,0,2,0,0,0,0,0,1,Medium,,Medium,It Support
MISSING_HOST::EMP11827,1,0,1,1,0,0,0,0,1,0,0,0,0,1,1,6,1 credential-access alert(s); 1 identity review concern(s),0,3,0,0,0,0,2,0,0,0,0,1,Medium,,Medium,Legal
MISSING_HOST::EMP11828,1,0,0,0,0,0,0,1,0,0,0,0,1,1,1,6,1 lateral-movement alert(s); 1 inactive-user event(s); 1 identity review concern(s),0,0,0,0,0,2,0,0,0,0,3,1,Medium,,Low,Rnd
MISSING_HOST::EMP11840,1,0,0,1,0,0,0,0,1,0,0,0,1,1,1,6,1 credential-access alert(s); 1 inactive-user event(s); 1 identity review concern(s),0,0,0,0,0,0,2,0,0,0,3,1,Medium,,Critical,Ops Team
MISSING_HOST::EMP11883,1,0,0,1,0,0,0,0,1,0,0,0,1,1,1,6,1 credential-access alert(s); 1 inactive-user event(s); 1 identity review concern(s),0,0,0,0,0,0,2,0,0,0,3,1,Medium,,High,Customer Support
MISSING_HOST::EMP11886,1,0,1,0,0,0,0,1,0,0,0,0,0,1,1,6,1 lateral-movement alert(s); 1 identity review concern(s),0,3,0,0,0,2,0,0,0,0,0,1,Medium,,,Finance
MISSING_HOST::EMP11949,1,0,0,1,0,0,1,0,0,0,0,0,1,1,1,6,1 PowerShell alert(s); 1 inactive-user event(s); 1 identity review concern(s),0,0,0,0,2,0,0,0,0,0,3,1,Medium,,High,Compliance
MISSING_HOST::EMP11982,1,0,1,1,0,0,1,0,0,0,0,0,0,1,1,6,1 PowerShell alert(s); 1 identity review concern(s),0,3,0,0,2,0,0,0,0,0,0,1,Medium,,Low,Human Resources
MISSING_HOST::EMP12009,1,0,1,1,0,0,1,0,0,0,0,0,0,1,1,6,1 PowerShell alert(s); 1 identity review concern(s),0,3,0,0,2,0,0,0,0,0,0,1,Medium,,Low,Marketing Dept
MISSING_HOST::EMP12035,1,0,0,0,0,0,0,0,1,0,0,0,1,1,1,6,1 credential-access alert(s); 1 inactive-user event(s); 1 identity review concern(s),0,0,0,0,0,0,2,0,0,0,3,1,Medium,,Critical,Call Center
MISSING_HOST::EMP12133,1,0,1,1,0,0,0,1,0,0,0,0,0,1,1,6,1 lateral-movement alert(s); 1 identity review concern(s),0,3,0,0,0,2,0,0,0,0,0,1,Medium,,,Customer Support
MISSING_HOST::EMP12198,1,0,0,1,0,0,1,0,0,0,0,0,1,1,1,6,1 PowerShell alert(s); 1 inactive-user event(s); 1 identity review concern(s),0,0,0,0,2,0,0,0,0,0,3,1,Medium,,,Customer Support
MISSING_HOST::EMP12229,1,0,1,1,0,0,0,0,0,0,1,1,0,1,1,6,1 identity review concern(s),0,3,0,0,0,0,0,0,1,1,0,1,Medium,,,People Team
MISSING_HOST::EMP12251,1,0,1,1,0,0,1,0,0,0,0,0,0,1,1,6,1 PowerShell alert(s); 1 identity review concern(s),0,3,0,0,2,0,0,0,0,0,0,1,Medium,,High,Mktg
MISSING_HOST::EMP12263,1,0,1,0,0,0,0,1,0,0,0,0,0,1,1,6,1 lateral-movement alert(s); 1 identity review concern(s),0,3,0,0,0,2,0,0,0,0,0,1,Medium,,,Finance
MISSING_HOST::EMP12278,1,0,0,1,0,0,0,0,1,0,0,0,1,1,1,6,1 credential-access alert(s); 1 inactive-user event(s); 1 identity review concern(s),0,0,0,0,0,0,2,0,0,0,3,1,Medium,,High,Business Sales
MISSING_HOST::EMP12372,1,0,1,1,0,0,0,1,0,0,0,0,0,1,1,6,1 lateral-movement alert(s); 1 identity review concern(s),0,3,0,0,0,2,0,0,0,0,0,1,Medium,,Medium,Purch
MISSING_HOST::EMP12467,1,0,0,1,0,0,0,1,0,0,0,0,1,1,1,6,1 lateral-movement alert(s); 1 inactive-user event(s); 1 identity review concern(s),0,0,0,0,0,2,0,0,0,0,3,1,Medium,,Critical,Operations Dept
MISSING_HOST::EMP12512,1,0,1,0,0,0,0,0,1,0,0,0,0,1,1,6,1 credential-access alert(s); 1 identity review concern(s),0,3,0,0,0,0,2,0,0,0,0,1,Medium,,High,Cs
MISSING_HOST::EMP12526,1,0,0,1,0,0,1,0,0,0,0,0,1,1,1,6,1 PowerShell alert(s); 1 inactive-user event(s); 1 identity review concern(s),0,0,0,0,2,0,0,0,0,0,3,1,Medium,,Critical,Fin
MISSING_HOST::EMP12569,1,0,0,1,0,0,1,0,0,0,0,0,1,1,1,6,1 PowerShell alert(s); 1 inactive-user event(s); 1 identity review concern(s),0,0,0,0,2,0,0,0,0,0,3,1,Medium,,Critical,People Team
MISSING_HOST::EMP12571,1,0,1,1,0,0,0,0,0,0,1,1,0,1,1,6,1 identity review concern(s),0,3,0,0,0,0,0,0,1,1,0,1,Medium,,,Customer Care
MISSING_HOST::EMP12631,1,0,1,0,0,0,1,0,0,0,0,0,0,1,1,6,1 PowerShell alert(s); 1 identity review concern(s),0,3,0,0,2,0,0,0,0,0,0,1,Medium,,High,Sales Team
MISSING_HOST::EMP12657,1,0,1,0,0,0,0,0,1,0,0,0,0,1,1,6,1 credential-access alert(s); 1 identity review concern(s),0,3,0,0,0,0,2,0,0,0,0,1,Medium,,Low,It
MISSING_HOST::EMP12673,1,0,0,1,0,0,0,1,0,0,0,0,1,1,1,6,1 lateral-movement alert(s); 1 inactive-user event(s); 1 identity review concern(s),0,0,0,0,0,2,0,0,0,0,3,1,Medium,,Medium,Finance Dept
MISSING_HOST::EMP12687,1,0,0,1,0,0,0,0,1,0,0,0,1,1,1,6,1 credential-access alert(s); 1 inactive-user event(s); 1 identity review concern(s),0,0,0,0,0,0,2,0,0,0,3,1,Medium,,,Supply Chain
MISSING_HOST::EMP12734,1,0,0,0,0,0,0,0,1,0,0,0,1,1,1,6,1 credential-access alert(s); 1 inactive-user event(s); 1 identity review concern(s),0,0,0,0,0,0,2,0,0,0,3,1,Medium,,Low,R&D
MISSING_HOST::EMP12787,1,0,1,1,0,0,0,0,1,0,0,0,0,1,1,6,1 credential-access alert(s); 1 identity review concern(s),0,3,0,0,0,0,2,0,0,0,0,1,Medium,,Critical,Cs
MISSING_HOST::EMP12811,1,0,1,1,0,0,0,0,1,0,0,0,0,1,1,6,1 credential-access alert(s); 1 identity review concern(s),0,3,0,0,0,0,2,0,0,0,0,1,Medium,,Medium,Procurement Team
VDR-10024,1,0,0,0,0,1,0,0,0,0,0,0,1,0,1,6,1 malware/ransomware alert(s); 1 inactive-user event(s),0,0,0,3,0,0,0,0,0,0,3,0,Medium,VDR-10024,,Human Resources
VDR-10051,1,0,1,1,0,0,0,0,1,0,0,0,0,1,1,6,1 credential-access alert(s); 1 identity review concern(s),0,3,0,0,0,0,2,0,0,0,0,1,Medium,VDR-10051,Medium,
VDR-10051.CORP.LOCAL,1,0,1,1,0,0,0,0,1,0,0,0,0,1,1,6,1 credential-access alert(s); 1 identity review concern(s),0,3,0,0,0,0,2,0,0,0,0,1,Medium,VDR-10051.CORP.LOCAL,High,
VDR-10109.CORP.LOCAL,1,0,0,0,0,0,0,0,1,0,0,0,1,1,1,6,1 credential-access alert(s); 1 inactive-user event(s); 1 identity review concern(s),0,0,0,0,0,0,2,0,0,0,3,1,Medium,VDR-10109.CORP.LOCAL,Medium,Legal
VDR-10161,1,0,1,1,0,1,0,0,0,0,0,0,0,0,1,6,1 malware/ransomware alert(s),0,3,0,3,0,0,0,0,0,0,0,0,Medium,VDR-10161,Medium,Human Resource
VDR-10192,1,0,1,1,0,0,0,0,1,0,0,0,0,1,1,6,1 credential-access alert(s); 1 identity review concern(s),0,3,0,0,0,0,2,0,0,0,0,1,Medium,VDR-10192,High,Operations
VDR-10230,1,0,1,1,0,1,0,0,0,0,0,0,0,0,1,6,1 malware/ransomware alert(s),0,3,0,3,0,0,0,0,0,0,0,0,Medium,VDR-10230,High,Brand Team
VDR-10237.CORP.LOCAL,1,0,0,0,0,0,1,0,0,0,0,0,1,1,1,6,1 PowerShell alert(s); 1 inactive-user event(s); 1 identity review concern(s),0,0,0,0,2,0,0,0,0,0,3,1,Medium,VDR-10237.CORP.LOCAL,Low,Procurement
VDR-10240,1,0,0,1,0,1,0,0,0,0,0,0,1,0,1,6,1 malware/ransomware alert(s); 1 inactive-user event(s),0,0,0,3,0,0,0,0,0,0,3,0,Medium,VDR-10240,,Mktg
VDR-10361,1,0,0,0,0,0,0,1,0,0,0,1,1,0,1,6,1 lateral-movement alert(s); 1 inactive-user event(s),0,0,0,0,0,2,0,0,0,1,3,0,Medium,VDR-10361,High,It Support
VDR-10427,1,0,0,1,0,1,0,0,0,0,0,0,1,0,1,6,1 malware/ransomware alert(s); 1 inactive-user event(s),0,0,0,3,0,0,0,0,0,0,3,0,Medium,VDR-10427,Low,Legal
VDR-10466,1,0,1,0,0,1,0,0,0,0,0,0,0,0,1,6,1 malware/ransomware alert(s),0,3,0,3,0,0,0,0,0,0,0,0,Medium,VDR-10466,Medium,Legal Dept
VDR-10482.CORP.LOCAL,1,0,1,1,0,0,0,1,0,0,0,0,0,1,1,6,1 lateral-movement alert(s); 1 identity review concern(s),0,3,0,0,0,2,0,0,0,0,0,1,Medium,VDR-10482.CORP.LOCAL,Medium,Information Tech
VDR-10495.CORP.LOCAL,1,0,1,1,0,0,0,1,0,0,0,0,0,1,1,6,1 lateral-movement alert(s); 1 identity review concern(s),0,3,0,0,0,2,0,0,0,0,0,1,Medium,VDR-10495.CORP.LOCAL,High,Procurement Team
VDR-10716.CORP.LOCAL,1,0,1,1,0,0,1,0,0,0,0,0,0,1,1,6,1 PowerShell alert(s); 1 identity review concern(s),0,3,0,0,2,0,0,0,0,0,0,1,Medium,VDR-10716.CORP.LOCAL,Medium,Ops
VDR-10767,1,0,0,0,0,1,0,0,0,0,0,0,1,0,1,6,1 malware/ransomware alert(s); 1 inactive-user event(s),0,0,0,3,0,0,0,0,0,0,3,0,Medium,VDR-10767,,Operations
VDR-10830,1,0,0,1,0,0,1,0,0,0,0,0,1,1,1,6,1 PowerShell alert(s); 1 inactive-user event(s); 1 identity review concern(s),0,0,0,0,2,0,0,0,0,0,3,1,Medium,VDR-10830,Critical,Procurement
VDR-10864.CORP.LOCAL,1,0,1,1,0,0,1,0,0,0,0,0,0,1,1,6,1 PowerShell alert(s); 1 identity review concern(s),0,3,0,0,2,0,0,0,0,0,0,1,Medium,VDR-10864.CORP.LOCAL,Medium,Ops Team
VDR-10887,1,0,0,0,0,1,0,0,0,0,0,0,1,0,1,6,1 malware/ransomware alert(s); 1 inactive-user event(s),0,0,0,3,0,0,0,0,0,0,3,0,Medium,VDR-10887,Medium,Mkt
VDR-10923,1,0,1,1,0,1,0,0,0,0,0,0,0,0,1,6,1 malware/ransomware alert(s),0,3,0,3,0,0,0,0,0,0,0,0,Medium,VDR-10923,Low,It Dept
VDR-11145.CORP.LOCAL,1,0,0,0,0,0,0,0,1,0,0,0,1,1,1,6,1 credential-access alert(s); 1 inactive-user event(s); 1 identity review concern(s),0,0,0,0,0,0,2,0,0,0,3,1,Medium,VDR-11145.CORP.LOCAL,High,Sales Team
VDR-11297.CORP.LOCAL,1,0,1,0,0,1,0,0,0,0,0,0,0,0,1,6,1 malware/ransomware alert(s),0,3,0,3,0,0,0,0,0,0,0,0,Medium,VDR-11297.CORP.LOCAL,Critical,Finance Dept
VDR-11339.CORP.LOCAL,1,0,1,1,0,0,0,0,1,0,0,0,0,1,1,6,1 credential-access alert(s); 1 identity review concern(s),0,3,0,0,0,0,2,0,0,0,0,1,Medium,VDR-11339.CORP.LOCAL,,Mktg
VDR-11405,1,0,1,1,0,1,0,0,0,0,0,0,0,0,1,6,1 malware/ransomware alert(s),0,3,0,3,0,0,0,0,0,0,0,0,Medium,VDR-11405,Medium,Brand Team
VDR-11509,1,0,1,1,0,1,0,0,0,0,0,0,0,0,1,6,1 malware/ransomware alert(s),0,3,0,3,0,0,0,0,0,0,0,0,Medium,VDR-11509,High,Business Sales
VDR-11524,1,0,0,0,0,1,0,0,0,0,0,0,1,0,1,6,1 malware/ransomware alert(s); 1 inactive-user event(s),0,0,0,3,0,0,0,0,0,0,3,0,Medium,VDR-11524,,Business Sales
VDR-11585.CORP.LOCAL,1,0,1,0,0,0,0,0,1,0,0,0,0,1,1,6,1 credential-access alert(s); 1 identity review concern(s),0,3,0,0,0,0,2,0,0,0,0,1,Medium,VDR-11585.CORP.LOCAL,Medium,Sales
VDR-11650,1,0,0,1,0,1,0,0,0,0,0,0,1,0,1,6,1 malware/ransomware alert(s); 1 inactive-user event(s),0,0,0,3,0,0,0,0,0,0,3,0,Medium,VDR-11650,Low,Information Technology
VDR-11653.CORP.LOCAL,1,0,1,0,0,0,0,0,1,0,0,0,0,1,1,6,1 credential-access alert(s); 1 identity review concern(s),0,3,0,0,0,0,2,0,0,0,0,1,Medium,VDR-11653.CORP.LOCAL,Low,Procurement Team
VDR-11694.CORP.LOCAL,1,0,1,1,0,0,0,1,0,0,0,0,0,1,1,6,1 lateral-movement alert(s); 1 identity review concern(s),0,3,0,0,0,2,0,0,0,0,0,1,Medium,VDR-11694.CORP.LOCAL,Low,
VDR-11718,1,0,1,1,0,1,0,0,0,0,0,0,0,0,1,6,1 malware/ransomware alert(s),0,3,0,3,0,0,0,0,0,0,0,0,Medium,VDR-11718,Low,Call Center
VDR-11883.CORP.LOCAL,1,0,0,0,0,0,0,0,1,0,0,0,1,1,1,6,1 credential-access alert(s); 1 inactive-user event(s); 1 identity review concern(s),0,0,0,0,0,0,2,0,0,0,3,1,Medium,VDR-11883.CORP.LOCAL,Medium,Customer Support
VDR-11961,1,0,0,0,0,1,0,0,0,0,0,0,1,0,1,6,1 malware/ransomware alert(s); 1 inactive-user event(s),0,0,0,3,0,0,0,0,0,0,3,0,Medium,VDR-11961,,Cs
VDR-11964.CORP.LOCAL,1,0,1,1,0,0,0,1,0,0,0,0,0,1,1,6,1 lateral-movement alert(s); 1 identity review concern(s),0,3,0,0,0,2,0,0,0,0,0,1,Medium,VDR-11964.CORP.LOCAL,High,Hr Dept
VDR-11966,1,0,1,0,0,1,0,0,0,0,0,0,0,0,1,6,1 malware/ransomware alert(s),0,3,0,3,0,0,0,0,0,0,0,0,Medium,VDR-11966,High,Finance
VDR-12012.CORP.LOCAL,1,0,1,1,0,0,0,0,0,0,0,0,1,0,1,6,1 inactive-user event(s),0,3,0,0,0,0,0,0,0,0,3,0,Medium,VDR-12012.CORP.LOCAL,Low,Procurement
VDR-12013.CORP.LOCAL,1,0,1,0,0,0,0,0,1,0,0,0,0,1,1,6,1 credential-access alert(s); 1 identity review concern(s),0,3,0,0,0,0,2,0,0,0,0,1,Medium,VDR-12013.CORP.LOCAL,High,Call Center
VDR-12059.CORP.LOCAL,1,0,0,0,0,1,0,0,0,0,0,0,1,0,1,6,1 malware/ransomware alert(s); 1 inactive-user event(s),0,0,0,3,0,0,0,0,0,0,3,0,Medium,VDR-12059.CORP.LOCAL,,It Support
VDR-12076,1,0,1,1,0,1,0,0,0,0,0,0,0,0,1,6,1 malware/ransomware alert(s),0,3,0,3,0,0,0,0,0,0,0,0,Medium,VDR-12076,Low,Finance
VDR-12198,1,0,0,1,0,1,0,0,0,0,0,0,1,0,1,6,1 malware/ransomware alert(s); 1 inactive-user event(s),0,0,0,3,0,0,0,0,0,0,3,0,Medium,VDR-12198,Critical,Customer Support
VDR-12251,1,0,1,1,0,1,0,0,0,0,0,0,0,0,1,6,1 malware/ransomware alert(s),0,3,0,3,0,0,0,0,0,0,0,0,Medium,VDR-12251,,Mktg
VDR-12312,1,0,1,1,0,1,0,0,0,0,0,0,0,0,1,6,1 malware/ransomware alert(s),0,3,0,3,0,0,0,0,0,0,0,0,Medium,VDR-12312,Critical,Accounts
VDR-12333.CORP.LOCAL,1,0,0,0,0,0,0,0,1,0,0,0,1,1,1,6,1 credential-access alert(s); 1 inactive-user event(s); 1 identity review concern(s),0,0,0,0,0,0,2,0,0,0,3,1,Medium,VDR-12333.CORP.LOCAL,,Human Resource
VDR-12342,1,0,1,1,0,1,0,0,0,0,0,0,0,0,1,6,1 malware/ransomware alert(s),0,3,0,3,0,0,0,0,0,0,0,0,Medium,VDR-12342,Medium,Compliance
VDR-12500,1,0,1,0,0,1,0,0,0,0,0,0,0,0,1,6,1 malware/ransomware alert(s),0,3,0,3,0,0,0,0,0,0,0,0,Medium,VDR-12500,High,It Dept
VDR-12562,1,0,0,0,0,1,0,0,0,0,0,0,1,0,1,6,1 malware/ransomware alert(s); 1 inactive-user event(s),0,0,0,3,0,0,0,0,0,0,3,0,Medium,VDR-12562,Low,It
VDR-12562.CORP.LOCAL,1,0,0,1,0,0,1,0,0,0,0,0,1,1,1,6,1 PowerShell alert(s); 1 inactive-user event(s); 1 identity review concern(s),0,0,0,0,2,0,0,0,0,0,3,1,Medium,VDR-12562.CORP.LOCAL,,It
VDR-12613,1,0,1,1,0,1,0,0,0,0,0,0,0,0,1,6,1 malware/ransomware alert(s),0,3,0,3,0,0,0,0,0,0,0,0,Medium,VDR-12613,High,Procurement
VDR-12801.CORP.LOCAL,1,0,0,0,0,0,0,0,1,0,0,0,1,1,1,6,1 credential-access alert(s); 1 inactive-user event(s); 1 identity review concern(s),0,0,0,0,0,0,2,0,0,0,3,1,Medium,VDR-12801.CORP.LOCAL,Medium,Mkt
WS-10139.CORP.LOCAL,1,0,0,1,0,0,0,0,1,0,0,0,1,1,1,6,1 credential-access alert(s); 1 inactive-user event(s); 1 identity review concern(s),0,0,0,0,0,0,2,0,0,0,3,1,Medium,WS-10139.CORP.LOCAL,,Legal
WS-10307.CORP.LOCAL,1,0,1,1,0,0,1,0,0,0,0,0,0,1,1,6,1 PowerShell alert(s); 1 identity review concern(s),0,3,0,0,2,0,0,0,0,0,0,1,Medium,WS-10307.CORP.LOCAL,Low,Ops Team
WS-10367,1,0,0,1,0,1,0,0,0,0,0,0,1,0,1,6,1 malware/ransomware alert(s); 1 inactive-user event(s),0,0,0,3,0,0,0,0,0,0,3,0,Medium,WS-10367,Critical,Business Sales
WS-10369,1,0,0,0,0,1,0,0,0,0,0,0,1,0,1,6,1 malware/ransomware alert(s); 1 inactive-user event(s),0,0,0,3,0,0,0,0,0,0,3,0,Medium,WS-10369,Medium,Customer Support
WS-10415,1,0,1,1,0,1,0,0,0,0,0,0,0,0,1,6,1 malware/ransomware alert(s),0,3,0,3,0,0,0,0,0,0,0,0,Medium,WS-10415,,Customer Care
WS-10549.CORP.LOCAL,1,1,0,0,0,0,0,0,0,0,0,0,0,1,1,6,1 critical alert(s); 1 identity review concern(s),5,0,0,0,0,0,0,0,0,0,0,1,Medium,WS-10549.CORP.LOCAL,,Support
WS-10660.CORP.LOCAL,1,1,0,0,0,0,0,0,0,0,0,0,0,1,1,6,1 critical alert(s); 1 identity review concern(s),5,0,0,0,0,0,0,0,0,0,0,1,Medium,WS-10660.CORP.LOCAL,,Customer Support
WS-10714.CORP.LOCAL,1,0,0,1,0,0,0,0,1,0,0,0,1,1,1,6,1 credential-access alert(s); 1 inactive-user event(s); 1 identity review concern(s),0,0,0,0,0,0,2,0,0,0,3,1,Medium,WS-10714.CORP.LOCAL,Medium,Cs
WS-10727.CORP.LOCAL,1,0,1,0,0,0,0,1,0,0,0,0,0,1,1,6,1 lateral-movement alert(s); 1 identity review concern(s),0,3,0,0,0,2,0,0,0,0,0,1,Medium,WS-10727.CORP.LOCAL,High,
WS-10884,1,0,1,0,0,1,0,0,0,0,0,0,0,0,1,6,1 malware/ransomware alert(s),0,3,0,3,0,0,0,0,0,0,0,0,Medium,WS-10884,Low,Marketing Dept
WS-10938,1,0,1,1,0,1,0,0,0,0,0,0,0,0,1,6,1 malware/ransomware alert(s),0,3,0,3,0,0,0,0,0,0,0,0,Medium,WS-10938,Medium,Cs
WS-10945.CORP.LOCAL,1,0,1,0,0,0,0,0,1,0,0,0,0,1,1,6,1 credential-access alert(s); 1 identity review concern(s),0,3,0,0,0,0,2,0,0,0,0,1,Medium,WS-10945.CORP.LOCAL,Low,Finance Dept
WS-10969.CORP.LOCAL,1,0,0,1,0,0,0,1,0,0,0,0,1,1,1,6,1 lateral-movement alert(s); 1 inactive-user event(s); 1 identity review concern(s),0,0,0,0,0,2,0,0,0,0,3,1,Medium,WS-10969.CORP.LOCAL,,Human Resource
WS-11078.CORP.LOCAL,1,0,0,0,0,0,0,0,1,0,0,0,1,1,1,6,1 credential-access alert(s); 1 inactive-user event(s); 1 identity review concern(s),0,0,0,0,0,0,2,0,0,0,3,1,Medium,WS-11078.CORP.LOCAL,Low,Sales Dept
WS-11168,1,0,1,1,0,1,0,0,0,0,0,0,0,0,1,6,1 malware/ransomware alert(s),0,3,0,3,0,0,0,0,0,0,0,0,Medium,WS-11168,Critical,Accounts
WS-11448.CORP.LOCAL,1,0,1,1,0,0,0,1,0,0,0,0,0,1,1,6,1 lateral-movement alert(s); 1 identity review concern(s),0,3,0,0,0,2,0,0,0,0,0,1,Medium,WS-11448.CORP.LOCAL,Low,Fin
WS-11450,1,0,0,0,0,1,0,0,0,0,0,0,1,0,1,6,1 malware/ransomware alert(s); 1 inactive-user event(s),0,0,0,3,0,0,0,0,0,0,3,0,Medium,WS-11450,Critical,Accounts
WS-11474,1,0,1,0,0,0,0,1,0,0,0,0,0,1,1,6,1 lateral-movement alert(s); 1 identity review concern(s),0,3,0,0,0,2,0,0,0,0,0,1,Medium,WS-11474,Critical,Operations Dept
WS-11852.CORP.LOCAL,1,0,1,1,0,0,0,1,0,0,0,0,0,1,1,6,1 lateral-movement alert(s); 1 identity review concern(s),0,3,0,0,0,2,0,0,0,0,0,1,Medium,WS-11852.CORP.LOCAL,High,Support
WS-11953.CORP.LOCAL,1,0,1,1,0,0,0,1,0,0,0,0,0,1,1,6,1 lateral-movement alert(s); 1 identity review concern(s),0,3,0,0,0,2,0,0,0,0,0,1,Medium,WS-11953.CORP.LOCAL,Critical,Information Tech
WS-11974.CORP.LOCAL,1,0,1,0,0,0,1,0,0,0,0,0,0,1,1,6,1 PowerShell alert(s); 1 identity review concern(s),0,3,0,0,2,0,0,0,0,0,0,1,Medium,WS-11974.CORP.LOCAL,Low,It Support
WS-12035,1,0,0,1,0,0,0,1,0,0,0,0,1,1,1,6,1 lateral-movement alert(s); 1 inactive-user event(s); 1 identity review concern(s),0,0,0,0,0,2,0,0,0,0,3,1,Medium,WS-12035,Medium,Call Center
WS-12128,1,0,0,1,0,1,0,0,0,0,0,0,1,0,1,6,1 malware/ransomware alert(s); 1 inactive-user event(s),0,0,0,3,0,0,0,0,0,0,3,0,Medium,WS-12128,Low,Finance
WS-12128.CORP.LOCAL,1,0,0,0,0,0,0,1,0,0,0,0,1,1,1,6,1 lateral-movement alert(s); 1 inactive-user event(s); 1 identity review concern(s),0,0,0,0,0,2,0,0,0,0,3,1,Medium,WS-12128.CORP.LOCAL,Critical,Finance
WS-12189,1,0,0,1,0,1,0,0,0,0,0,0,1,0,1,6,1 malware/ransomware alert(s); 1 inactive-user event(s),0,0,0,3,0,0,0,0,0,0,3,0,Medium,WS-12189,,Operations
WS-12204,1,0,0,1,0,1,0,0,0,0,0,0,1,0,1,6,1 malware/ransomware alert(s); 1 inactive-user event(s),0,0,0,3,0,0,0,0,0,0,3,0,Medium,WS-12204,Low,Finance Dept
WS-12217,1,0,1,0,0,1,0,0,0,0,0,0,0,0,1,6,1 malware/ransomware alert(s),0,3,0,3,0,0,0,0,0,0,0,0,Medium,WS-12217,Low,R&D
WS-12262,1,0,1,0,0,1,0,0,0,0,0,0,0,0,1,6,1 malware/ransomware alert(s),0,3,0,3,0,0,0,0,0,0,0,0,Medium,WS-12262,Low,Information Tech
WS-12267.CORP.LOCAL,1,0,1,1,0,0,0,0,1,0,0,0,0,1,1,6,1 credential-access alert(s); 1 identity review concern(s),0,3,0,0,0,0,2,0,0,0,0,1,Medium,WS-12267.CORP.LOCAL,Low,Cs
WS-12410,1,0,0,1,0,1,0,0,0,0,0,0,1,0,1,6,1 malware/ransomware alert(s); 1 inactive-user event(s),0,0,0,3,0,0,0,0,0,0,3,0,Medium,WS-12410,Critical,Operations
WS-12410.CORP.LOCAL,1,0,0,1,0,0,0,1,0,0,0,0,1,1,1,6,1 lateral-movement alert(s); 1 inactive-user event(s); 1 identity review concern(s),0,0,0,0,0,2,0,0,0,0,3,1,Medium,WS-12410.CORP.LOCAL,High,Operations
WS-12443.CORP.LOCAL,1,0,1,1,0,0,0,0,1,0,0,0,0,1,1,6,1 credential-access alert(s); 1 identity review concern(s),0,3,0,0,0,0,2,0,0,0,0,1,Medium,WS-12443.CORP.LOCAL,Critical,Legal
WS-12482.CORP.LOCAL,1,0,1,1,0,0,1,0,0,0,0,0,0,1,1,6,1 PowerShell alert(s); 1 identity review concern(s),0,3,0,0,2,0,0,0,0,0,0,1,Medium,WS-12482.CORP.LOCAL,High,
WS-12545,1,0,1,1,0,1,0,0,0,0,0,0,0,0,1,6,1 malware/ransomware alert(s),0,3,0,3,0,0,0,0,0,0,0,0,Medium,WS-12545,Low,Rd
WS-12589.CORP.LOCAL,1,0,1,0,0,0,0,0,1,0,0,0,0,1,1,6,1 credential-access alert(s); 1 identity review concern(s),0,3,0,0,0,0,2,0,0,0,0,1,Medium,WS-12589.CORP.LOCAL,Low,Mktg
WS-12698.CORP.LOCAL,1,1,0,0,0,0,0,0,0,0,0,0,0,1,1,6,1 critical alert(s); 1 identity review concern(s),5,0,0,0,0,0,0,0,0,0,0,1,Medium,WS-12698.CORP.LOCAL,Medium,Legal Dept
WS-12724.CORP.LOCAL,1,0,1,1,0,0,1,0,0,0,0,0,0,1,1,6,1 PowerShell alert(s); 1 identity review concern(s),0,3,0,0,2,0,0,0,0,0,0,1,Medium,WS-12724.CORP.LOCAL,Low,
WS-12812,1,0,1,1,0,1,0,0,0,0,0,0,0,0,1,6,1 malware/ransomware alert(s),0,3,0,3,0,0,0,0,0,0,0,0,Medium,WS-12812,Medium,Legal
WS-12845,1,0,1,1,0,0,0,1,0,0,0,0,0,1,1,6,1 lateral-movement alert(s); 1 identity review concern(s),0,3,0,0,0,2,0,0,0,0,0,1,Medium,WS-12845,Critical,Rd
WS-12873.CORP.LOCAL,1,0,1,1,0,0,1,0,0,0,0,0,0,1,1,6,1 PowerShell alert(s); 1 identity review concern(s),0,3,0,0,2,0,0,0,0,0,0,1,Medium,WS-12873.CORP.LOCAL,Critical,Ops
WS-12878.CORP.LOCAL,1,0,0,1,0,0,0,1,0,0,0,0,1,1,1,6,1 lateral-movement alert(s); 1 inactive-user event(s); 1 identity review concern(s),0,0,0,0,0,2,0,0,0,0,3,1,Medium,WS-12878.CORP.LOCAL,High,Customer Support
WS-12881,1,0,1,0,0,0,1,0,0,0,0,0,0,1,1,6,1 PowerShell alert(s); 1 identity review concern(s),0,3,0,0,2,0,0,0,0,0,0,1,Medium,WS-12881,Critical,
WS-12901.CORP.LOCAL,1,0,1,1,0,0,1,0,0,0,0,0,0,1,1,6,1 PowerShell alert(s); 1 identity review concern(s),0,3,0,0,2,0,0,0,0,0,0,1,Medium,WS-12901.CORP.LOCAL,Low,
WS-12957,1,0,1,0,0,1,0,0,0,0,0,0,0,0,1,6,1 malware/ransomware alert(s),0,3,0,3,0,0,0,0,0,0,0,0,Medium,WS-12957,Low,It
WS-10784,5,0,0,5,0,1,1,0,0,0,0,0,0,0,1,5,1 malware/ransomware alert(s); 1 PowerShell alert(s),0,0,0,3,2,0,0,0,0,0,0,0,Medium,WS-10784,High,Legal
LPT-11619,4,0,0,2,0,1,0,1,0,0,0,0,0,0,1,5,1 malware/ransomware alert(s); 1 lateral-movement alert(s),0,0,0,3,0,2,0,0,0,0,0,0,Medium,LPT-11619,Critical,Supply Chain
WS-10000,4,0,0,2,0,0,0,0,1,0,3,0,0,0,1,5,1 credential-access alert(s),0,0,0,0,0,0,2,0,3,0,0,0,Medium,WS-10000,Low,Hr Dept
WS-10287,4,0,0,3,0,1,0,0,0,0,1,1,0,0,1,5,1 malware/ransomware alert(s),0,0,0,3,0,0,0,0,1,1,0,0,Medium,WS-10287,Medium,Ops
LPT-10551,3,0,0,2,0,0,1,1,0,0,1,0,0,0,1,5,1 PowerShell alert(s); 1 lateral-movement alert(s),0,0,0,0,2,2,0,0,1,0,0,0,Medium,LPT-10551,High,Compliance
LPT-11017,3,0,0,1,0,0,1,1,0,0,1,0,0,0,1,5,1 PowerShell alert(s); 1 lateral-movement alert(s),0,0,0,0,2,2,0,0,1,0,0,0,Medium,LPT-11017,High,Marketing Dept
LPT-12169,3,0,0,2,0,0,1,0,1,0,1,0,0,0,1,5,1 PowerShell alert(s); 1 credential-access alert(s),0,0,0,0,2,0,2,0,1,0,0,0,Medium,LPT-12169,Low,Operations
LPT-12292,3,0,0,2,0,1,1,0,0,0,0,0,0,0,1,5,1 malware/ransomware alert(s); 1 PowerShell alert(s),0,0,0,3,2,0,0,0,0,0,0,0,Medium,LPT-12292,Low,Procurement
VDR-10135,3,0,0,1,0,0,1,1,0,0,1,0,0,0,1,5,1 PowerShell alert(s); 1 lateral-movement alert(s),0,0,0,0,2,2,0,0,1,0,0,0,Medium,VDR-10135,Medium,Customer Care
VDR-10142,3,0,0,1,0,1,0,0,0,0,2,0,0,0,1,5,1 malware/ransomware alert(s),0,0,0,3,0,0,0,0,2,0,0,0,Medium,VDR-10142,Medium,Operations
VDR-10489,3,0,0,0,0,0,0,0,0,0,2,0,0,3,1,5,3 identity review concern(s),0,0,0,0,0,0,0,0,2,0,0,3,Medium,VDR-10489,High,Ops
VDR-10600,3,0,0,3,0,0,0,1,1,0,1,0,0,0,1,5,1 lateral-movement alert(s); 1 credential-access alert(s),0,0,0,0,0,2,2,0,1,0,0,0,Medium,VDR-10600,Low,Marketing
VDR-10700,3,0,0,2,0,1,0,1,0,0,0,0,0,0,1,5,1 malware/ransomware alert(s); 1 lateral-movement alert(s),0,0,0,3,0,2,0,0,0,0,0,0,Medium,VDR-10700,Low,Call Center
VDR-11046,3,0,0,3,0,1,0,1,0,0,0,0,0,0,1,5,1 malware/ransomware alert(s); 1 lateral-movement alert(s),0,0,0,3,0,2,0,0,0,0,0,0,Medium,VDR-11046,Medium,Hr Dept
VDR-11351,3,0,0,2,0,1,0,1,0,0,0,0,0,0,1,5,1 malware/ransomware alert(s); 1 lateral-movement alert(s),0,0,0,3,0,2,0,0,0,0,0,0,Medium,VDR-11351,Low,People Team
VDR-11581,3,0,0,2,0,1,0,1,0,0,0,0,0,0,1,5,1 malware/ransomware alert(s); 1 lateral-movement alert(s),0,0,0,3,0,2,0,0,0,0,0,0,Medium,VDR-11581,Medium,Mktg
VDR-12358,3,0,0,1,0,0,2,0,0,0,1,0,0,0,1,5,2 PowerShell alert(s),0,0,0,0,4,0,0,0,1,0,0,0,Medium,VDR-12358,Medium,Research And Development
WS-10034,3,0,0,1,0,1,0,0,1,0,0,0,0,0,1,5,1 malware/ransomware alert(s); 1 credential-access alert(s),0,0,0,3,0,0,2,0,0,0,0,0,Medium,WS-10034,Critical,Hr
WS-10036,3,0,0,2,0,1,0,1,0,0,0,0,0,0,1,5,1 malware/ransomware alert(s); 1 lateral-movement alert(s),0,0,0,3,0,2,0,0,0,0,0,0,Medium,WS-10036,Low,Call Center
WS-10063,3,0,0,1,0,0,1,0,0,0,0,0,0,3,1,5,1 PowerShell alert(s); 3 identity review concern(s),0,0,0,0,2,0,0,0,0,0,0,3,Medium,WS-10063,Medium,
WS-10265,3,0,0,2,0,1,1,0,0,0,0,0,0,0,1,5,1 malware/ransomware alert(s); 1 PowerShell alert(s),0,0,0,3,2,0,0,0,0,0,0,0,Medium,WS-10265,Critical,Customer Support
WS-10341,3,0,0,2,0,0,1,0,1,0,1,0,0,0,1,5,1 PowerShell alert(s); 1 credential-access alert(s),0,0,0,0,2,0,2,0,1,0,0,0,Medium,WS-10341,Medium,Legal Dept
WS-10764,3,0,0,2,0,1,0,1,0,0,0,0,0,0,1,5,1 malware/ransomware alert(s); 1 lateral-movement alert(s),0,0,0,3,0,2,0,0,0,0,0,0,Medium,WS-10764,Medium,Purch
WS-10823,3,0,0,3,0,1,0,1,0,0,0,0,0,0,1,5,1 malware/ransomware alert(s); 1 lateral-movement alert(s),0,0,0,3,0,2,0,0,0,0,0,0,Medium,WS-10823,Critical,Rnd
WS-10870,3,0,0,3,0,0,1,0,1,0,1,0,0,0,1,5,1 PowerShell alert(s); 1 credential-access alert(s),0,0,0,0,2,0,2,0,1,0,0,0,Medium,WS-10870,Medium,Marketing Dept
WS-12327,3,0,0,2,0,1,0,1,0,0,0,0,0,0,1,5,1 malware/ransomware alert(s); 1 lateral-movement alert(s),0,0,0,3,0,2,0,0,0,0,0,0,Medium,WS-12327,Low,Accounts
LPT-10089,2,0,0,2,0,1,1,0,0,0,0,0,0,0,1,5,1 malware/ransomware alert(s); 1 PowerShell alert(s),0,0,0,3,2,0,0,0,0,0,0,0,Medium,LPT-10089,High,Procurement
LPT-10176,2,0,0,0,0,1,1,0,0,0,0,0,0,0,1,5,1 malware/ransomware alert(s); 1 PowerShell alert(s),0,0,0,3,2,0,0,0,0,0,0,0,Medium,LPT-10176,High,Cs
LPT-10229,2,0,0,2,0,1,0,0,0,0,0,0,0,2,1,5,1 malware/ransomware alert(s); 2 identity review concern(s),0,0,0,3,0,0,0,0,0,0,0,2,Medium,LPT-10229,Medium,Brand Team
LPT-10327,2,0,0,1,0,1,0,0,1,0,0,0,0,0,1,5,1 malware/ransomware alert(s); 1 credential-access alert(s),0,0,0,3,0,0,2,0,0,0,0,0,Medium,LPT-10327,High,Mkt
LPT-10650,2,0,1,1,0,0,0,0,1,0,0,0,0,0,1,5,1 credential-access alert(s),0,3,0,0,0,0,2,0,0,0,0,0,Medium,LPT-10650,Low,Finance
LPT-10676,2,0,1,1,0,0,0,0,1,0,0,0,0,0,1,5,1 credential-access alert(s),0,3,0,0,0,0,2,0,0,0,0,0,Medium,LPT-10676,High,R&D
LPT-10709,2,0,1,2,0,0,0,0,1,0,0,0,0,0,1,5,1 credential-access alert(s),0,3,0,0,0,0,2,0,0,0,0,0,Medium,LPT-10709,High,Hr Dept
LPT-10717,2,0,0,2,0,1,1,0,0,0,0,0,0,0,1,5,1 malware/ransomware alert(s); 1 PowerShell alert(s),0,0,0,3,2,0,0,0,0,0,0,0,Medium,LPT-10717,Low,People Team
LPT-10822,2,0,0,0,0,1,0,1,0,0,0,0,0,0,1,5,1 malware/ransomware alert(s); 1 lateral-movement alert(s),0,0,0,3,0,2,0,0,0,0,0,0,Medium,LPT-10822,High,Rd
LPT-10905,2,0,0,2,0,1,1,0,0,0,0,0,0,0,1,5,1 malware/ransomware alert(s); 1 PowerShell alert(s),0,0,0,3,2,0,0,0,0,0,0,0,Medium,LPT-10905,Medium,Finance
LPT-11123,2,0,0,2,0,1,0,0,1,0,0,0,0,0,1,5,1 malware/ransomware alert(s); 1 credential-access alert(s),0,0,0,3,0,0,2,0,0,0,0,0,Medium,LPT-11123,Critical,Accounts
LPT-11257,2,0,0,2,0,1,0,1,0,0,0,0,0,0,1,5,1 malware/ransomware alert(s); 1 lateral-movement alert(s),0,0,0,3,0,2,0,0,0,0,0,0,Medium,LPT-11257,Low,Cs
LPT-11446,2,0,0,2,0,1,1,0,0,0,0,0,0,0,1,5,1 malware/ransomware alert(s); 1 PowerShell alert(s),0,0,0,3,2,0,0,0,0,0,0,0,Medium,LPT-11446,Critical,Hr
LPT-11659,2,0,0,2,0,1,1,0,0,0,0,0,0,0,1,5,1 malware/ransomware alert(s); 1 PowerShell alert(s),0,0,0,3,2,0,0,0,0,0,0,0,Medium,LPT-11659,Critical,Operations
LPT-11740,2,0,0,2,0,1,0,1,0,0,0,0,0,0,1,5,1 malware/ransomware alert(s); 1 lateral-movement alert(s),0,0,0,3,0,2,0,0,0,0,0,0,Medium,LPT-11740,High,Accounts
LPT-11920,2,0,1,1,0,0,0,0,0,0,2,0,0,0,1,5,volume/low-severity activity only,0,3,0,0,0,0,0,0,2,0,0,0,Medium,LPT-11920,,Finance
LPT-12105,2,0,0,0,0,0,0,1,1,0,0,1,0,0,1,5,1 lateral-movement alert(s); 1 credential-access alert(s),0,0,0,0,0,2,2,0,0,1,0,0,Medium,LPT-12105,Medium,Ops
LPT-12271,2,0,0,1,0,1,0,0,1,0,0,0,0,0,1,5,1 malware/ransomware alert(s); 1 credential-access alert(s),0,0,0,3,0,0,2,0,0,0,0,0,Medium,LPT-12271,Medium,Legal
LPT-12294,2,0,0,0,0,1,1,0,0,0,0,0,0,0,1,5,1 malware/ransomware alert(s); 1 PowerShell alert(s),0,0,0,3,2,0,0,0,0,0,0,0,Medium,LPT-12294,Medium,Legal
LPT-12370,2,0,0,1,0,1,0,1,0,0,0,0,0,0,1,5,1 malware/ransomware alert(s); 1 lateral-movement alert(s),0,0,0,3,0,2,0,0,0,0,0,0,Medium,LPT-12370,High,Ops
LPT-12565,2,0,0,1,0,1,0,0,0,0,0,0,0,2,1,5,1 malware/ransomware alert(s); 2 identity review concern(s),0,0,0,3,0,0,0,0,0,0,0,2,Medium,LPT-12565,Medium,Ops
LPT-12587,2,0,0,0,0,0,0,1,0,0,1,0,0,2,1,5,1 lateral-movement alert(s); 2 identity review concern(s),0,0,0,0,0,2,0,0,1,0,0,2,Medium,LPT-12587,Medium,Support
LPT-12787,2,0,0,1,0,1,0,1,0,0,0,0,0,0,1,5,1 malware/ransomware alert(s); 1 lateral-movement alert(s),0,0,0,3,0,2,0,0,0,0,0,0,Medium,LPT-12787,Critical,Cs
LPT-12831,2,0,0,2,0,1,1,0,0,0,0,0,0,0,1,5,1 malware/ransomware alert(s); 1 PowerShell alert(s),0,0,0,3,2,0,0,0,0,0,0,0,Medium,LPT-12831,Low,Marketing
LPT-12903,2,0,0,1,0,0,0,1,0,0,1,0,0,2,1,5,1 lateral-movement alert(s); 2 identity review concern(s),0,0,0,0,0,2,0,0,1,0,0,2,Medium,LPT-12903,Critical,Business Sales
LPT-12916,2,0,0,1,0,1,0,1,0,0,0,0,0,0,1,5,1 malware/ransomware alert(s); 1 lateral-movement alert(s),0,0,0,3,0,2,0,0,0,0,0,0,Medium,LPT-12916,Critical,R&D
LPT-12955.CORP.LOCAL,2,0,0,1,0,0,0,1,0,0,1,0,0,2,1,5,1 lateral-movement alert(s); 2 identity review concern(s),0,0,0,0,0,2,0,0,1,0,0,2,Medium,LPT-12955.CORP.LOCAL,High,Marketing Dept
MISSING_HOST::EMP10684,2,0,0,2,0,0,1,0,0,0,1,0,0,2,1,5,1 PowerShell alert(s); 2 identity review concern(s),0,0,0,0,2,0,0,0,1,0,0,2,Medium,,High,Brand Team
VDR-10038,2,0,0,2,0,1,0,0,1,0,0,0,0,0,1,5,1 malware/ransomware alert(s); 1 credential-access alert(s),0,0,0,3,0,0,2,0,0,0,0,0,Medium,VDR-10038,Critical,Finance
VDR-10164,2,0,0,1,0,1,0,1,0,0,0,0,0,0,1,5,1 malware/ransomware alert(s); 1 lateral-movement alert(s),0,0,0,3,0,2,0,0,0,0,0,0,Medium,VDR-10164,High,Innovation
VDR-10168,2,0,0,2,0,1,0,0,1,0,0,0,0,0,1,5,1 malware/ransomware alert(s); 1 credential-access alert(s),0,0,0,3,0,0,2,0,0,0,0,0,Medium,VDR-10168,Critical,Customer Support
VDR-10203,2,0,1,2,0,0,0,0,0,0,0,0,0,2,1,5,2 identity review concern(s),0,3,0,0,0,0,0,0,0,0,0,2,Medium,VDR-10203,Critical,
VDR-10226,2,0,0,0,0,1,0,0,1,0,0,0,0,0,1,5,1 malware/ransomware alert(s); 1 credential-access alert(s),0,0,0,3,0,0,2,0,0,0,0,0,Medium,VDR-10226,Critical,Legal
VDR-10348,2,0,0,1,0,1,1,0,0,0,0,0,0,0,1,5,1 malware/ransomware alert(s); 1 PowerShell alert(s),0,0,0,3,2,0,0,0,0,0,0,0,Medium,VDR-10348,Low,Customer Support
VDR-10473,2,0,0,2,0,1,0,1,0,0,0,0,0,0,1,5,1 malware/ransomware alert(s); 1 lateral-movement alert(s),0,0,0,3,0,2,0,0,0,0,0,0,Medium,VDR-10473,Medium,Operations
VDR-10558,2,0,1,1,0,0,0,1,0,0,0,0,0,0,1,5,1 lateral-movement alert(s),0,3,0,0,0,2,0,0,0,0,0,0,Medium,VDR-10558,Low,Marketing
VDR-10559,2,0,0,2,0,1,1,0,0,0,0,0,0,0,1,5,1 malware/ransomware alert(s); 1 PowerShell alert(s),0,0,0,3,2,0,0,0,0,0,0,0,Medium,VDR-10559,Medium,Research And Development
VDR-10735,2,0,0,1,0,1,0,0,1,0,0,0,0,0,1,5,1 malware/ransomware alert(s); 1 credential-access alert(s),0,0,0,3,0,0,2,0,0,0,0,0,Medium,VDR-10735,High,Information Tech
VDR-10799,2,0,0,1,0,1,0,1,0,0,0,0,0,0,1,5,1 malware/ransomware alert(s); 1 lateral-movement alert(s),0,0,0,3,0,2,0,0,0,0,0,0,Medium,VDR-10799,Low,Purchase
VDR-10867,2,0,0,0,0,1,1,0,0,0,0,0,0,0,1,5,1 malware/ransomware alert(s); 1 PowerShell alert(s),0,0,0,3,2,0,0,0,0,0,0,0,Medium,VDR-10867,Critical,Information Technology
VDR-10940,2,0,0,1,0,1,0,0,1,0,0,0,0,0,1,5,1 malware/ransomware alert(s); 1 credential-access alert(s),0,0,0,3,0,0,2,0,0,0,0,0,Medium,VDR-10940,Medium,Supply Chain
VDR-11305,2,0,0,2,0,1,0,0,1,0,0,0,0,0,1,5,1 malware/ransomware alert(s); 1 credential-access alert(s),0,0,0,3,0,0,2,0,0,0,0,0,Medium,VDR-11305,Medium,People Team
VDR-11344,2,0,1,1,0,0,1,0,0,0,0,0,0,0,1,5,1 PowerShell alert(s),0,3,0,0,2,0,0,0,0,0,0,0,Medium,VDR-11344,Low,Ops Team
VDR-11585,2,0,0,1,0,1,0,1,0,0,0,0,0,0,1,5,1 malware/ransomware alert(s); 1 lateral-movement alert(s),0,0,0,3,0,2,0,0,0,0,0,0,Medium,VDR-11585,Medium,Sales
VDR-12119,2,0,0,1,0,1,0,1,0,0,0,0,0,0,1,5,1 malware/ransomware alert(s); 1 lateral-movement alert(s),0,0,0,3,0,2,0,0,0,0,0,0,Medium,VDR-12119,Low,Marketing Dept
VDR-12121,2,0,0,1,0,1,1,0,0,0,0,0,0,0,1,5,1 malware/ransomware alert(s); 1 PowerShell alert(s),0,0,0,3,2,0,0,0,0,0,0,0,Medium,VDR-12121,Medium,It
VDR-12122.CORP.LOCAL,2,0,1,2,0,0,0,0,0,0,0,0,0,2,1,5,2 identity review concern(s),0,3,0,0,0,0,0,0,0,0,0,2,Medium,VDR-12122.CORP.LOCAL,Low,R&D
VDR-12142,2,0,0,2,0,0,0,1,0,0,1,0,0,2,1,5,1 lateral-movement alert(s); 2 identity review concern(s),0,0,0,0,0,2,0,0,1,0,0,2,Medium,VDR-12142,Low,Information Technology
VDR-12241,2,0,0,2,0,1,1,0,0,0,0,0,0,0,1,5,1 malware/ransomware alert(s); 1 PowerShell alert(s),0,0,0,3,2,0,0,0,0,0,0,0,Medium,VDR-12241,Low,Mkt
VDR-12254,2,0,0,1,0,0,0,0,1,0,1,0,0,2,1,5,1 credential-access alert(s); 2 identity review concern(s),0,0,0,0,0,0,2,0,1,0,0,2,Medium,VDR-12254,Low,
VDR-12405,2,0,0,2,0,1,0,0,1,0,0,0,0,0,1,5,1 malware/ransomware alert(s); 1 credential-access alert(s),0,0,0,3,0,0,2,0,0,0,0,0,Medium,VDR-12405,High,Marketing
VDR-12465,2,0,1,2,0,0,1,0,0,0,0,0,0,0,1,5,1 PowerShell alert(s),0,3,0,0,2,0,0,0,0,0,0,0,Medium,VDR-12465,Low,Mkt
VDR-12525,2,0,0,2,0,0,1,0,0,0,1,0,0,2,1,5,1 PowerShell alert(s); 2 identity review concern(s),0,0,0,0,2,0,0,0,1,0,0,2,Medium,VDR-12525,High,
VDR-12604,2,0,1,1,0,0,0,0,0,0,1,1,0,0,1,5,volume/low-severity activity only,0,3,0,0,0,0,0,0,1,1,0,0,Medium,VDR-12604,Critical,Mkt
VDR-12692,2,0,0,1,0,1,1,0,0,0,0,0,0,0,1,5,1 malware/ransomware alert(s); 1 PowerShell alert(s),0,0,0,3,2,0,0,0,0,0,0,0,Medium,VDR-12692,Medium,Ops Team
VDR-12693,2,0,1,1,0,0,0,1,0,0,0,0,0,0,1,5,1 lateral-movement alert(s),0,3,0,0,0,2,0,0,0,0,0,0,Medium,VDR-12693,High,Legal
VDR-12789,2,0,0,2,0,1,1,0,0,0,0,0,0,0,1,5,1 malware/ransomware alert(s); 1 PowerShell alert(s),0,0,0,3,2,0,0,0,0,0,0,0,Medium,VDR-12789,High,Legal Dept
VDR-12883,2,0,0,2,0,1,0,1,0,0,0,0,0,0,1,5,1 malware/ransomware alert(s); 1 lateral-movement alert(s),0,0,0,3,0,2,0,0,0,0,0,0,Medium,VDR-12883,High,Marketing Dept
VDR-12886,2,0,0,2,0,0,1,0,1,0,0,1,0,0,1,5,1 PowerShell alert(s); 1 credential-access alert(s),0,0,0,0,2,0,2,0,0,1,0,0,Medium,VDR-12886,High,Marketing
VDR-12905,2,0,0,2,0,1,0,1,0,0,0,0,0,0,1,5,1 malware/ransomware alert(s); 1 lateral-movement alert(s),0,0,0,3,0,2,0,0,0,0,0,0,Medium,VDR-12905,Low,Purchase
VDR-12986,2,0,0,1,0,0,0,1,0,0,1,0,0,2,1,5,1 lateral-movement alert(s); 2 identity review concern(s),0,0,0,0,0,2,0,0,1,0,0,2,Medium,VDR-12986,High,Information Technology
WS-10117,2,0,1,1,0,0,0,0,0,0,2,0,0,0,1,5,volume/low-severity activity only,0,3,0,0,0,0,0,0,2,0,0,0,Medium,WS-10117,Medium,Information Tech
WS-10195,2,0,1,1,0,0,0,0,1,0,0,0,0,0,1,5,1 credential-access alert(s),0,3,0,0,0,0,2,0,0,0,0,0,Medium,WS-10195,Low,Supply Chain
WS-10263,2,0,0,1,0,1,0,0,0,0,0,0,0,2,1,5,1 malware/ransomware alert(s); 2 identity review concern(s),0,0,0,3,0,0,0,0,0,0,0,2,Medium,WS-10263,Low,Brand Team
WS-10494,2,0,1,2,0,0,0,0,0,0,2,0,0,0,1,5,volume/low-severity activity only,0,3,0,0,0,0,0,0,2,0,0,0,Medium,WS-10494,Low,Legal
WS-10515,2,0,0,1,0,1,0,1,0,0,0,0,0,0,1,5,1 malware/ransomware alert(s); 1 lateral-movement alert(s),0,0,0,3,0,2,0,0,0,0,0,0,Medium,WS-10515,Medium,People Team
WS-10586,2,0,0,1,0,1,0,0,1,0,0,0,0,0,1,5,1 malware/ransomware alert(s); 1 credential-access alert(s),0,0,0,3,0,0,2,0,0,0,0,0,Medium,WS-10586,Low,Hr Dept
WS-10706,2,0,1,0,0,0,0,1,0,0,0,0,0,0,1,5,1 lateral-movement alert(s),0,3,0,0,0,2,0,0,0,0,0,0,Medium,WS-10706,Medium,Procurement Team
WS-10820,2,0,1,2,0,0,1,0,0,0,0,0,0,0,1,5,1 PowerShell alert(s),0,3,0,0,2,0,0,0,0,0,0,0,Medium,WS-10820,Low,Research And Development
WS-10890,2,0,0,1,0,1,0,1,0,0,0,0,0,0,1,5,1 malware/ransomware alert(s); 1 lateral-movement alert(s),0,0,0,3,0,2,0,0,0,0,0,0,Medium,WS-10890,Critical,Legal Dept
WS-11041,2,0,1,1,0,0,0,0,1,0,0,0,0,0,1,5,1 credential-access alert(s),0,3,0,0,0,0,2,0,0,0,0,0,Medium,WS-11041,Low,Information Tech
WS-11051,2,0,0,2,0,1,1,0,0,0,0,0,0,0,1,5,1 malware/ransomware alert(s); 1 PowerShell alert(s),0,0,0,3,2,0,0,0,0,0,0,0,Medium,WS-11051,Critical,Ops Team
WS-11059,2,0,1,1,0,0,0,0,1,0,0,0,0,0,1,5,1 credential-access alert(s),0,3,0,0,0,0,2,0,0,0,0,0,Medium,WS-11059,Critical,Legal Dept
WS-11119,2,0,0,1,0,1,0,0,1,0,0,0,0,0,1,5,1 malware/ransomware alert(s); 1 credential-access alert(s),0,0,0,3,0,0,2,0,0,0,0,0,Medium,WS-11119,High,Operations
WS-11143,2,0,0,0,0,1,1,0,0,0,0,0,0,0,1,5,1 malware/ransomware alert(s); 1 PowerShell alert(s),0,0,0,3,2,0,0,0,0,0,0,0,Medium,WS-11143,Medium,Cs
WS-11154,2,0,0,1,0,1,0,1,0,0,0,0,0,0,1,5,1 malware/ransomware alert(s); 1 lateral-movement alert(s),0,0,0,3,0,2,0,0,0,0,0,0,Medium,WS-11154,Critical,Compliance
WS-11287,2,0,0,2,0,1,0,0,1,0,0,0,0,0,1,5,1 malware/ransomware alert(s); 1 credential-access alert(s),0,0,0,3,0,0,2,0,0,0,0,0,Medium,WS-11287,Critical,Operations
WS-11296,2,0,0,2,0,1,0,0,0,0,0,0,0,2,1,5,1 malware/ransomware alert(s); 2 identity review concern(s),0,0,0,3,0,0,0,0,0,0,0,2,Medium,WS-11296,Medium,Marketing Dept
WS-11366,2,0,0,2,0,1,0,0,0,0,0,0,0,2,1,5,1 malware/ransomware alert(s); 2 identity review concern(s),0,0,0,3,0,0,0,0,0,0,0,2,Medium,WS-11366,Low,Mkt
WS-11441,2,0,0,2,0,1,0,0,0,0,1,1,0,0,1,5,1 malware/ransomware alert(s),0,0,0,3,0,0,0,0,1,1,0,0,Medium,WS-11441,High,Operations
WS-11454,2,0,1,0,0,0,0,0,0,0,2,0,0,0,1,5,volume/low-severity activity only,0,3,0,0,0,0,0,0,2,0,0,0,Medium,WS-11454,Low,Finance
WS-11543,2,0,0,1,0,1,1,0,0,0,0,0,0,0,1,5,1 malware/ransomware alert(s); 1 PowerShell alert(s),0,0,0,3,2,0,0,0,0,0,0,0,Medium,WS-11543,High,Legal
WS-11667,2,0,0,2,0,1,1,0,0,0,0,0,0,0,1,5,1 malware/ransomware alert(s); 1 PowerShell alert(s),0,0,0,3,2,0,0,0,0,0,0,0,Medium,WS-11667,Low,Accounts
WS-11836,2,0,1,0,0,0,1,0,0,0,0,0,0,0,1,5,1 PowerShell alert(s),0,3,0,0,2,0,0,0,0,0,0,0,Medium,WS-11836,Low,Mkt
WS-11849,2,0,0,2,0,1,0,0,1,0,0,0,0,0,1,5,1 malware/ransomware alert(s); 1 credential-access alert(s),0,0,0,3,0,0,2,0,0,0,0,0,Medium,WS-11849,Low,Information Technology
WS-11936.CORP.LOCAL,2,0,0,2,0,0,0,1,0,0,1,0,0,2,1,5,1 lateral-movement alert(s); 2 identity review concern(s),0,0,0,0,0,2,0,0,1,0,0,2,Medium,WS-11936.CORP.LOCAL,High,Fin
WS-12003,2,0,0,1,0,1,0,1,0,0,0,0,0,0,1,5,1 malware/ransomware alert(s); 1 lateral-movement alert(s),0,0,0,3,0,2,0,0,0,0,0,0,Medium,WS-12003,High,Hr
WS-12028,2,0,0,1,0,0,0,2,0,0,0,1,0,0,1,5,2 lateral-movement alert(s),0,0,0,0,0,4,0,0,0,1,0,0,Medium,WS-12028,Critical,Supply Chain
WS-12031,2,0,0,1,0,1,1,0,0,0,0,0,0,0,1,5,1 malware/ransomware alert(s); 1 PowerShell alert(s),0,0,0,3,2,0,0,0,0,0,0,0,Medium,WS-12031,Medium,Operations Dept
WS-12036,2,0,0,2,0,1,0,1,0,0,0,0,0,0,1,5,1 malware/ransomware alert(s); 1 lateral-movement alert(s),0,0,0,3,0,2,0,0,0,0,0,0,Medium,WS-12036,Medium,Operations Dept
WS-12161,2,0,0,2,0,1,1,0,0,0,0,0,0,0,1,5,1 malware/ransomware alert(s); 1 PowerShell alert(s),0,0,0,3,2,0,0,0,0,0,0,0,Medium,WS-12161,Medium,Legal
WS-12194,2,0,0,2,0,1,1,0,0,0,0,0,0,0,1,5,1 malware/ransomware alert(s); 1 PowerShell alert(s),0,0,0,3,2,0,0,0,0,0,0,0,Medium,WS-12194,Critical,R&D
WS-12214,2,0,1,1,0,0,0,0,1,0,0,0,0,0,1,5,1 credential-access alert(s),0,3,0,0,0,0,2,0,0,0,0,0,Medium,WS-12214,Low,People Team
WS-12266,2,0,0,0,0,1,0,1,0,0,0,0,0,0,1,5,1 malware/ransomware alert(s); 1 lateral-movement alert(s),0,0,0,3,0,2,0,0,0,0,0,0,Medium,WS-12266,High,Purchase
WS-12334,2,0,0,1,0,1,0,1,0,0,0,0,0,0,1,5,1 malware/ransomware alert(s); 1 lateral-movement alert(s),0,0,0,3,0,2,0,0,0,0,0,0,Medium,WS-12334,Medium,Sales
WS-12363,2,0,0,1,0,1,0,0,1,0,0,0,0,0,1,5,1 malware/ransomware alert(s); 1 credential-access alert(s),0,0,0,3,0,0,2,0,0,0,0,0,Medium,WS-12363,Low,R&D
WS-12365,2,0,1,2,0,0,0,0,0,0,2,0,0,0,1,5,volume/low-severity activity only,0,3,0,0,0,0,0,0,2,0,0,0,Medium,WS-12365,High,Operations
WS-12491,2,0,1,1,0,0,0,0,1,0,0,0,0,0,1,5,1 credential-access alert(s),0,3,0,0,0,0,2,0,0,0,0,0,Medium,WS-12491,Critical,Sales Dept
WS-12509,2,0,0,2,0,1,1,0,0,0,0,0,0,0,1,5,1 malware/ransomware alert(s); 1 PowerShell alert(s),0,0,0,3,2,0,0,0,0,0,0,0,Medium,WS-12509,High,Accounts
WS-12667,2,0,0,1,0,1,1,0,0,0,0,0,0,0,1,5,1 malware/ransomware alert(s); 1 PowerShell alert(s),0,0,0,3,2,0,0,0,0,0,0,0,Medium,WS-12667,Critical,Fin
WS-12679,2,0,0,1,0,1,0,0,1,0,0,0,0,0,1,5,1 malware/ransomware alert(s); 1 credential-access alert(s),0,0,0,3,0,0,2,0,0,0,0,0,Medium,WS-12679,Medium,Legal
WS-12695,2,0,0,0,0,1,1,0,0,0,0,0,0,0,1,5,1 malware/ransomware alert(s); 1 PowerShell alert(s),0,0,0,3,2,0,0,0,0,0,0,0,Medium,WS-12695,Medium,It Support
WS-12720,2,0,1,1,0,0,0,0,0,0,2,0,0,0,1,5,volume/low-severity activity only,0,3,0,0,0,0,0,0,2,0,0,0,Medium,WS-12720,High,Operations
WS-12728,2,0,1,1,0,0,0,1,0,0,0,0,0,0,1,5,1 lateral-movement alert(s),0,3,0,0,0,2,0,0,0,0,0,0,Medium,WS-12728,Low,Legal
WS-12866,2,0,0,2,0,1,0,0,1,0,0,0,0,0,1,5,1 malware/ransomware alert(s); 1 credential-access alert(s),0,0,0,3,0,0,2,0,0,0,0,0,Medium,WS-12866,Medium,Customer Support
WS-12879,2,0,1,1,0,0,0,0,1,0,0,0,0,0,1,5,1 credential-access alert(s),0,3,0,0,0,0,2,0,0,0,0,0,Medium,WS-12879,Medium,Sales
LPT-10084,1,1,0,0,0,0,0,0,0,0,0,0,0,0,1,5,1 critical alert(s),5,0,0,0,0,0,0,0,0,0,0,0,Medium,LPT-10084,High,Accounts
LPT-10171,1,0,1,1,0,0,0,1,0,0,0,0,0,0,1,5,1 lateral-movement alert(s),0,3,0,0,0,2,0,0,0,0,0,0,Medium,LPT-10171,High,Fin
LPT-10182,1,0,1,0,0,0,1,0,0,0,0,0,0,0,1,5,1 PowerShell alert(s),0,3,0,0,2,0,0,0,0,0,0,0,Medium,LPT-10182,Medium,Fin
LPT-10257,1,0,1,1,0,0,0,0,1,0,0,0,0,0,1,5,1 credential-access alert(s),0,3,0,0,0,0,2,0,0,0,0,0,Medium,LPT-10257,Low,Procurement Team
LPT-10286,1,0,1,1,0,0,1,0,0,0,0,0,0,0,1,5,1 PowerShell alert(s),0,3,0,0,2,0,0,0,0,0,0,0,Medium,LPT-10286,Critical,Human Resources
LPT-10331,1,0,0,1,0,0,0,1,0,0,0,0,1,0,1,5,1 lateral-movement alert(s); 1 inactive-user event(s),0,0,0,0,0,2,0,0,0,0,3,0,Medium,LPT-10331,Medium,Hr Dept
LPT-10382,1,0,0,1,0,0,1,0,0,0,0,0,1,0,1,5,1 PowerShell alert(s); 1 inactive-user event(s),0,0,0,0,2,0,0,0,0,0,3,0,Medium,LPT-10382,Low,Ops
LPT-10581.CORP.LOCAL,1,0,0,0,0,1,0,0,0,0,0,1,0,1,1,5,1 malware/ransomware alert(s); 1 identity review concern(s),0,0,0,3,0,0,0,0,0,1,0,1,Medium,LPT-10581.CORP.LOCAL,,Information Technology
LPT-10607,1,0,0,0,0,0,0,0,1,0,0,0,1,0,1,5,1 credential-access alert(s); 1 inactive-user event(s),0,0,0,0,0,0,2,0,0,0,3,0,Medium,LPT-10607,Medium,Marketing
LPT-10630,1,0,0,1,0,0,0,1,0,0,0,0,1,0,1,5,1 lateral-movement alert(s); 1 inactive-user event(s),0,0,0,0,0,2,0,0,0,0,3,0,Medium,LPT-10630,High,Mktg
LPT-10636,1,0,1,1,0,0,0,1,0,0,0,0,0,0,1,5,1 lateral-movement alert(s),0,3,0,0,0,2,0,0,0,0,0,0,Medium,LPT-10636,Critical,Finance
LPT-10678.CORP.LOCAL,1,0,0,1,0,1,0,0,0,0,0,1,0,1,1,5,1 malware/ransomware alert(s); 1 identity review concern(s),0,0,0,3,0,0,0,0,0,1,0,1,Medium,LPT-10678.CORP.LOCAL,Critical,Purchase
LPT-10734.CORP.LOCAL,1,0,1,0,0,0,0,0,0,0,1,0,0,1,1,5,1 identity review concern(s),0,3,0,0,0,0,0,0,1,0,0,1,Medium,LPT-10734.CORP.LOCAL,High,Finance Dept
LPT-10782,1,0,0,1,0,0,0,0,1,0,0,0,1,0,1,5,1 credential-access alert(s); 1 inactive-user event(s),0,0,0,0,0,0,2,0,0,0,3,0,Medium,LPT-10782,High,Marketing Dept
LPT-11209.CORP.LOCAL,1,0,1,1,0,0,0,1,0,0,0,0,0,0,1,5,1 lateral-movement alert(s),0,3,0,0,0,2,0,0,0,0,0,0,Medium,LPT-11209.CORP.LOCAL,Critical,It
LPT-11226,1,0,1,0,0,0,0,0,0,0,1,0,0,1,1,5,1 identity review concern(s),0,3,0,0,0,0,0,0,1,0,0,1,Medium,LPT-11226,Low,
LPT-11512,1,0,1,1,0,0,0,0,0,0,1,1,0,0,1,5,volume/low-severity activity only,0,3,0,0,0,0,0,0,1,1,0,0,Medium,LPT-11512,,Information Technology
LPT-11692,1,0,1,1,0,0,0,1,0,0,0,0,0,0,1,5,1 lateral-movement alert(s),0,3,0,0,0,2,0,0,0,0,0,0,Medium,LPT-11692,Medium,Rd
LPT-11790.CORP.LOCAL,1,0,1,1,0,0,0,1,0,0,0,0,0,0,1,5,1 lateral-movement alert(s),0,3,0,0,0,2,0,0,0,0,0,0,Medium,LPT-11790.CORP.LOCAL,Medium,Sales Dept
LPT-11891,1,0,1,1,0,0,1,0,0,0,0,0,0,0,1,5,1 PowerShell alert(s),0,3,0,0,2,0,0,0,0,0,0,0,Medium,LPT-11891,Medium,People Team
LPT-11903,1,0,0,1,0,0,1,0,0,0,0,0,1,0,1,5,1 PowerShell alert(s); 1 inactive-user event(s),0,0,0,0,2,0,0,0,0,0,3,0,Medium,LPT-11903,Medium,Sales
LPT-12078.CORP.LOCAL,1,0,1,0,0,0,0,0,0,0,1,0,0,1,1,5,1 identity review concern(s),0,3,0,0,0,0,0,0,1,0,0,1,Medium,LPT-12078.CORP.LOCAL,Medium,Business Sales
LPT-12116,1,0,1,0,0,0,0,1,0,0,0,0,0,0,1,5,1 lateral-movement alert(s),0,3,0,0,0,2,0,0,0,0,0,0,Medium,LPT-12116,Medium,Customer Care
LPT-12289,1,0,1,1,0,0,1,0,0,0,0,0,0,0,1,5,1 PowerShell alert(s),0,3,0,0,2,0,0,0,0,0,0,0,Medium,LPT-12289,,Purchase
LPT-12322.CORP.LOCAL,1,0,0,1,0,0,1,0,0,0,0,0,1,0,1,5,1 PowerShell alert(s); 1 inactive-user event(s),0,0,0,0,2,0,0,0,0,0,3,0,Medium,LPT-12322.CORP.LOCAL,High,It
LPT-12339,1,0,1,0,0,0,0,1,0,0,0,0,0,0,1,5,1 lateral-movement alert(s),0,3,0,0,0,2,0,0,0,0,0,0,Medium,LPT-12339,,Human Resource
LPT-12438,1,0,1,1,0,0,0,0,1,0,0,0,0,0,1,5,1 credential-access alert(s),0,3,0,0,0,0,2,0,0,0,0,0,Medium,LPT-12438,Critical,Rd
LPT-12520,1,0,1,1,0,0,0,0,1,0,0,0,0,0,1,5,1 credential-access alert(s),0,3,0,0,0,0,2,0,0,0,0,0,Medium,LPT-12520,High,Research And Development
LPT-12540,1,0,0,1,0,0,0,0,1,0,0,0,1,0,1,5,1 credential-access alert(s); 1 inactive-user event(s),0,0,0,0,0,0,2,0,0,0,3,0,Medium,LPT-12540,High,Fin
LPT-12685,1,0,1,0,0,0,0,1,0,0,0,0,0,0,1,5,1 lateral-movement alert(s),0,3,0,0,0,2,0,0,0,0,0,0,Medium,LPT-12685,Medium,Ops
LPT-12700.CORP.LOCAL,1,0,1,1,0,0,0,1,0,0,0,0,0,0,1,5,1 lateral-movement alert(s),0,3,0,0,0,2,0,0,0,0,0,0,Medium,LPT-12700.CORP.LOCAL,Low,Finance
LPT-12710,1,0,1,1,0,0,1,0,0,0,0,0,0,0,1,5,1 PowerShell alert(s),0,3,0,0,2,0,0,0,0,0,0,0,Medium,LPT-12710,Low,Fin
LPT-12721,1,0,0,1,0,0,0,0,1,0,0,0,1,0,1,5,1 credential-access alert(s); 1 inactive-user event(s),0,0,0,0,0,0,2,0,0,0,3,0,Medium,LPT-12721,,Procurement
LPT-12772,1,0,1,1,0,0,0,0,1,0,0,0,0,0,1,5,1 credential-access alert(s),0,3,0,0,0,0,2,0,0,0,0,0,Medium,LPT-12772,Low,It
LPT-12800,1,0,1,0,0,0,1,0,0,0,0,0,0,0,1,5,1 PowerShell alert(s),0,3,0,0,2,0,0,0,0,0,0,0,Medium,LPT-12800,High,Support
LPT-12860,1,0,1,0,0,0,0,1,0,0,0,0,0,0,1,5,1 lateral-movement alert(s),0,3,0,0,0,2,0,0,0,0,0,0,Medium,LPT-12860,Low,Mktg
LPT-12899,1,0,1,1,0,0,0,0,1,0,0,0,0,0,1,5,1 credential-access alert(s),0,3,0,0,0,0,2,0,0,0,0,0,Medium,LPT-12899,High,Legal Dept
LPT-12937,1,0,1,0,0,0,0,1,0,0,0,0,0,0,1,5,1 lateral-movement alert(s),0,3,0,0,0,2,0,0,0,0,0,0,Medium,LPT-12937,Critical,Supply Chain
MISSING_HOST::EMP10043,1,0,1,1,0,0,0,0,0,0,1,0,0,1,1,5,1 identity review concern(s),0,3,0,0,0,0,0,0,1,0,0,1,Medium,,,Sales
MISSING_HOST::EMP10221,1,0,1,0,0,0,0,0,0,0,1,0,0,1,1,5,1 identity review concern(s),0,3,0,0,0,0,0,0,1,0,0,1,Medium,,High,Ops
MISSING_HOST::EMP10917,1,0,0,1,0,0,0,0,0,0,1,0,1,1,1,5,1 inactive-user event(s); 1 identity review concern(s),0,0,0,0,0,0,0,0,1,0,3,1,Medium,,Low,Finance
MISSING_HOST::EMP10927,1,0,0,1,0,0,0,0,0,0,1,0,1,1,1,5,1 inactive-user event(s); 1 identity review concern(s),0,0,0,0,0,0,0,0,1,0,3,1,Medium,,Medium,Operations Dept
MISSING_HOST::EMP10962,1,0,0,0,0,1,0,0,0,0,0,1,0,1,1,5,1 malware/ransomware alert(s); 1 identity review concern(s),0,0,0,3,0,0,0,0,0,1,0,1,Medium,,Medium,Legal
MISSING_HOST::EMP11001,1,0,1,0,0,0,0,0,0,0,1,0,0,1,1,5,1 identity review concern(s),0,3,0,0,0,0,0,0,1,0,0,1,Medium,,Critical,
MISSING_HOST::EMP11194,1,0,0,0,0,0,0,0,0,0,1,0,1,1,1,5,1 inactive-user event(s); 1 identity review concern(s),0,0,0,0,0,0,0,0,1,0,3,1,Medium,,Low,Research And Development
MISSING_HOST::EMP11313,1,0,0,1,0,0,0,0,0,0,1,0,1,1,1,5,1 inactive-user event(s); 1 identity review concern(s),0,0,0,0,0,0,0,0,1,0,3,1,Medium,,Critical,R&D
MISSING_HOST::EMP11707,1,0,0,1,0,0,0,0,0,0,1,0,1,1,1,5,1 inactive-user event(s); 1 identity review concern(s),0,0,0,0,0,0,0,0,1,0,3,1,Medium,,High,Accounts
MISSING_HOST::EMP11872,1,0,1,1,0,0,0,0,0,0,1,0,0,1,1,5,1 identity review concern(s),0,3,0,0,0,0,0,0,1,0,0,1,Medium,,High,Sales Team
MISSING_HOST::EMP11914,1,0,0,1,0,0,0,0,0,0,1,0,1,1,1,5,1 inactive-user event(s); 1 identity review concern(s),0,0,0,0,0,0,0,0,1,0,3,1,Medium,,High,It Dept
MISSING_HOST::EMP12420,1,0,1,1,0,0,0,0,0,0,1,0,0,1,1,5,1 identity review concern(s),0,3,0,0,0,0,0,0,1,0,0,1,Medium,,Low,It Dept
MISSING_HOST::EMP12470,1,0,0,1,0,0,0,0,0,0,1,0,1,1,1,5,1 inactive-user event(s); 1 identity review concern(s),0,0,0,0,0,0,0,0,1,0,3,1,Medium,,,Finance
MISSING_HOST::EMP12733,1,0,0,1,0,0,0,0,0,0,1,0,1,1,1,5,1 inactive-user event(s); 1 identity review concern(s),0,0,0,0,0,0,0,0,1,0,3,1,Medium,,Medium,Purch
MISSING_HOST::EMP12851,1,0,1,1,0,0,0,0,0,0,1,0,0,1,1,5,1 identity review concern(s),0,3,0,0,0,0,0,0,1,0,0,1,Medium,,Critical,
VDR-10017.CORP.LOCAL,1,0,0,0,0,1,0,0,0,0,0,1,0,1,1,5,1 malware/ransomware alert(s); 1 identity review concern(s),0,0,0,3,0,0,0,0,0,1,0,1,Medium,VDR-10017.CORP.LOCAL,Low,Sales Team
VDR-10018,1,0,0,1,0,0,0,1,0,0,0,0,1,0,1,5,1 lateral-movement alert(s); 1 inactive-user event(s),0,0,0,0,0,2,0,0,0,0,3,0,Medium,VDR-10018,Medium,Call Center
VDR-10166,1,0,0,1,0,0,0,0,0,0,1,0,1,1,1,5,1 inactive-user event(s); 1 identity review concern(s),0,0,0,0,0,0,0,0,1,0,3,1,Medium,VDR-10166,Low,Mktg
VDR-10196.CORP.LOCAL,1,1,0,0,0,0,0,0,0,0,0,0,0,0,1,5,1 critical alert(s),5,0,0,0,0,0,0,0,0,0,0,0,Medium,VDR-10196.CORP.LOCAL,Medium,Ops Team
VDR-10312,1,0,1,0,0,0,1,0,0,0,0,0,0,0,1,5,1 PowerShell alert(s),0,3,0,0,2,0,0,0,0,0,0,0,Medium,VDR-10312,Low,Supply Chain
VDR-10326,1,0,0,1,0,0,0,0,1,0,0,0,1,0,1,5,1 credential-access alert(s); 1 inactive-user event(s),0,0,0,0,0,0,2,0,0,0,3,0,Medium,VDR-10326,Critical,Marketing Dept
VDR-10550,1,0,1,0,0,0,1,0,0,0,0,0,0,0,1,5,1 PowerShell alert(s),0,3,0,0,2,0,0,0,0,0,0,0,Medium,VDR-10550,Medium,Mkt
VDR-10631.CORP.LOCAL,1,0,1,1,0,0,0,0,0,0,1,0,0,1,1,5,1 identity review concern(s),0,3,0,0,0,0,0,0,1,0,0,1,Medium,VDR-10631.CORP.LOCAL,Low,Legal
VDR-10689,1,0,1,1,0,0,0,0,1,0,0,0,0,0,1,5,1 credential-access alert(s),0,3,0,0,0,0,2,0,0,0,0,0,Medium,VDR-10689,Low,Marketing
VDR-10768,1,0,1,1,0,0,0,1,0,0,0,0,0,0,1,5,1 lateral-movement alert(s),0,3,0,0,0,2,0,0,0,0,0,0,Medium,VDR-10768,High,Procurement Team
VDR-10799.CORP.LOCAL,1,0,1,1,0,0,0,0,0,0,1,0,0,1,1,5,1 identity review concern(s),0,3,0,0,0,0,0,0,1,0,0,1,Medium,VDR-10799.CORP.LOCAL,High,Purchase
VDR-10949.CORP.LOCAL,1,0,1,1,0,0,0,0,0,0,1,0,0,1,1,5,1 identity review concern(s),0,3,0,0,0,0,0,0,1,0,0,1,Medium,VDR-10949.CORP.LOCAL,Low,Cs
VDR-11032,1,0,1,0,0,0,1,0,0,0,0,0,0,0,1,5,1 PowerShell alert(s),0,3,0,0,2,0,0,0,0,0,0,0,Medium,VDR-11032,Low,People Team
VDR-11251,1,0,0,1,0,0,0,0,0,0,1,0,1,1,1,5,1 inactive-user event(s); 1 identity review concern(s),0,0,0,0,0,0,0,0,1,0,3,1,Medium,VDR-11251,Low,Procurement
VDR-11328.CORP.LOCAL,1,0,0,0,0,0,0,0,0,0,1,0,1,1,1,5,1 inactive-user event(s); 1 identity review concern(s),0,0,0,0,0,0,0,0,1,0,3,1,Medium,VDR-11328.CORP.LOCAL,High,Innovation
VDR-11388.CORP.LOCAL,1,0,1,1,0,0,1,0,0,0,0,0,0,0,1,5,1 PowerShell alert(s),0,3,0,0,2,0,0,0,0,0,0,0,Medium,VDR-11388.CORP.LOCAL,,Finance
VDR-11579,1,0,1,1,0,0,1,0,0,0,0,0,0,0,1,5,1 PowerShell alert(s),0,3,0,0,2,0,0,0,0,0,0,0,Medium,VDR-11579,Low,Research And Development
VDR-11848,1,0,0,0,0,0,1,0,0,0,0,0,1,0,1,5,1 PowerShell alert(s); 1 inactive-user event(s),0,0,0,0,2,0,0,0,0,0,3,0,Medium,VDR-11848,High,Cs
VDR-11883,1,0,0,1,0,0,1,0,0,0,0,0,1,0,1,5,1 PowerShell alert(s); 1 inactive-user event(s),0,0,0,0,2,0,0,0,0,0,3,0,Medium,VDR-11883,,Customer Support
VDR-12030.CORP.LOCAL,1,0,1,0,0,0,0,0,0,0,1,0,0,1,1,5,1 identity review concern(s),0,3,0,0,0,0,0,0,1,0,0,1,Medium,VDR-12030.CORP.LOCAL,Critical,Customer Support
VDR-12033,1,0,0,1,0,0,1,0,0,0,0,0,1,0,1,5,1 PowerShell alert(s); 1 inactive-user event(s),0,0,0,0,2,0,0,0,0,0,3,0,Medium,VDR-12033,High,Support
VDR-12126,1,0,0,1,0,0,0,0,1,0,0,0,1,0,1,5,1 credential-access alert(s); 1 inactive-user event(s),0,0,0,0,0,0,2,0,0,0,3,0,Medium,VDR-12126,Critical,Purch
VDR-12150,1,0,0,0,0,0,1,0,0,0,0,0,1,0,1,5,1 PowerShell alert(s); 1 inactive-user event(s),0,0,0,0,2,0,0,0,0,0,3,0,Medium,VDR-12150,Medium,Legal
VDR-12276,1,1,0,0,0,0,0,0,0,0,0,0,0,0,1,5,1 critical alert(s),5,0,0,0,0,0,0,0,0,0,0,0,Medium,VDR-12276,,Support
VDR-12277.CORP.LOCAL,1,0,1,0,0,0,0,1,0,0,0,0,0,0,1,5,1 lateral-movement alert(s),0,3,0,0,0,2,0,0,0,0,0,0,Medium,VDR-12277.CORP.LOCAL,Medium,Human Resources
VDR-12313.CORP.LOCAL,1,0,1,1,0,0,0,0,0,0,1,0,0,1,1,5,1 identity review concern(s),0,3,0,0,0,0,0,0,1,0,0,1,Medium,VDR-12313.CORP.LOCAL,Low,Information Tech
VDR-12328,1,0,0,1,0,0,1,0,0,0,0,0,1,0,1,5,1 PowerShell alert(s); 1 inactive-user event(s),0,0,0,0,2,0,0,0,0,0,3,0,Medium,VDR-12328,Critical,Rd
VDR-12441,1,0,0,1,0,0,0,1,0,0,0,0,1,0,1,5,1 lateral-movement alert(s); 1 inactive-user event(s),0,0,0,0,0,2,0,0,0,0,3,0,Medium,VDR-12441,Low,Supply Chain
VDR-12527,1,0,0,1,0,0,1,0,0,0,0,0,1,0,1,5,1 PowerShell alert(s); 1 inactive-user event(s),0,0,0,0,2,0,0,0,0,0,3,0,Medium,VDR-12527,Medium,Ops Team
VDR-12557.CORP.LOCAL,1,0,1,1,0,0,0,0,0,0,1,0,0,1,1,5,1 identity review concern(s),0,3,0,0,0,0,0,0,1,0,0,1,Medium,VDR-12557.CORP.LOCAL,Low,Hr
VDR-12934,1,0,1,0,0,0,1,0,0,0,0,0,0,0,1,5,1 PowerShell alert(s),0,3,0,0,2,0,0,0,0,0,0,0,Medium,VDR-12934,Medium,Purchase
VDR-12942,1,0,1,1,0,0,1,0,0,0,0,0,0,0,1,5,1 PowerShell alert(s),0,3,0,0,2,0,0,0,0,0,0,0,Medium,VDR-12942,Critical,People Team
WS-10032,1,0,1,0,0,0,1,0,0,0,0,0,0,0,1,5,1 PowerShell alert(s),0,3,0,0,2,0,0,0,0,0,0,0,Medium,WS-10032,Medium,Operations Dept
WS-10172,1,0,1,0,0,0,0,0,1,0,0,0,0,0,1,5,1 credential-access alert(s),0,3,0,0,0,0,2,0,0,0,0,0,Medium,WS-10172,Low,Research And Development
WS-10201,1,0,0,1,0,0,0,1,0,0,0,0,1,0,1,5,1 lateral-movement alert(s); 1 inactive-user event(s),0,0,0,0,0,2,0,0,0,0,3,0,Medium,WS-10201,Critical,Operations
WS-10252,1,0,1,1,0,0,0,0,0,0,1,0,0,1,1,5,1 identity review concern(s),0,3,0,0,0,0,0,0,1,0,0,1,Medium,WS-10252,High,R&D
WS-10284.CORP.LOCAL,1,0,1,0,0,0,0,0,1,0,0,0,0,0,1,5,1 credential-access alert(s),0,3,0,0,0,0,2,0,0,0,0,0,Medium,WS-10284.CORP.LOCAL,Medium,Fin
WS-10319,1,0,1,1,0,0,0,0,1,0,0,0,0,0,1,5,1 credential-access alert(s),0,3,0,0,0,0,2,0,0,0,0,0,Medium,WS-10319,Low,Research And Development
WS-10412,1,0,1,0,0,0,0,1,0,0,0,0,0,0,1,5,1 lateral-movement alert(s),0,3,0,0,0,2,0,0,0,0,0,0,Medium,WS-10412,High,It Dept
WS-10513,1,0,0,1,0,0,0,1,0,0,0,0,1,0,1,5,1 lateral-movement alert(s); 1 inactive-user event(s),0,0,0,0,0,2,0,0,0,0,3,0,Medium,WS-10513,High,Call Center
WS-10552,1,0,1,1,0,0,1,0,0,0,0,0,0,0,1,5,1 PowerShell alert(s),0,3,0,0,2,0,0,0,0,0,0,0,Medium,WS-10552,High,Hr Dept
WS-10591,1,0,1,1,0,0,1,0,0,0,0,0,0,0,1,5,1 PowerShell alert(s),0,3,0,0,2,0,0,0,0,0,0,0,Medium,WS-10591,Low,Rd
WS-10675,1,0,0,0,0,0,0,0,1,0,0,0,1,0,1,5,1 credential-access alert(s); 1 inactive-user event(s),0,0,0,0,0,0,2,0,0,0,3,0,Medium,WS-10675,,Marketing Dept
WS-10832.CORP.LOCAL,1,0,1,1,0,0,0,0,0,0,1,0,0,1,1,5,1 identity review concern(s),0,3,0,0,0,0,0,0,1,0,0,1,Medium,WS-10832.CORP.LOCAL,High,Cs
WS-10865,1,0,1,1,0,0,1,0,0,0,0,0,0,0,1,5,1 PowerShell alert(s),0,3,0,0,2,0,0,0,0,0,0,0,Medium,WS-10865,High,Legal Dept
WS-10915,1,0,1,1,0,0,0,0,1,0,0,0,0,0,1,5,1 credential-access alert(s),0,3,0,0,0,0,2,0,0,0,0,0,Medium,WS-10915,Low,Support
WS-10964,1,0,0,1,0,0,0,0,1,0,0,0,1,0,1,5,1 credential-access alert(s); 1 inactive-user event(s),0,0,0,0,0,0,2,0,0,0,3,0,Medium,WS-10964,High,Sales Team
WS-10969,1,0,0,1,0,0,0,0,0,0,1,0,1,1,1,5,1 inactive-user event(s); 1 identity review concern(s),0,0,0,0,0,0,0,0,1,0,3,1,Medium,WS-10969,Low,Human Resource
WS-11108,1,0,0,1,0,0,0,0,1,0,0,0,1,0,1,5,1 credential-access alert(s); 1 inactive-user event(s),0,0,0,0,0,0,2,0,0,0,3,0,Medium,WS-11108,,Finance
WS-11113.CORP.LOCAL,1,0,0,0,0,0,0,0,0,0,1,0,1,1,1,5,1 inactive-user event(s); 1 identity review concern(s),0,0,0,0,0,0,0,0,1,0,3,1,Medium,WS-11113.CORP.LOCAL,High,Support
WS-11284,1,0,1,1,0,0,0,1,0,0,0,0,0,0,1,5,1 lateral-movement alert(s),0,3,0,0,0,2,0,0,0,0,0,0,Medium,WS-11284,Low,Marketing Dept
WS-11323,1,0,0,0,0,0,0,0,0,0,1,0,1,1,1,5,1 inactive-user event(s); 1 identity review concern(s),0,0,0,0,0,0,0,0,1,0,3,1,Medium,WS-11323,Medium,Support
WS-11384,1,0,1,1,0,0,0,0,1,0,0,0,0,0,1,5,1 credential-access alert(s),0,3,0,0,0,0,2,0,0,0,0,0,Medium,WS-11384,,Compliance
WS-11460,1,0,1,0,0,0,1,0,0,0,0,0,0,0,1,5,1 PowerShell alert(s),0,3,0,0,2,0,0,0,0,0,0,0,Medium,WS-11460,Medium,Innovation
WS-11462.CORP.LOCAL,1,0,1,1,0,0,0,0,0,0,1,0,0,1,1,5,1 identity review concern(s),0,3,0,0,0,0,0,0,1,0,0,1,Medium,WS-11462.CORP.LOCAL,High,Operations
WS-11590,1,0,0,1,0,0,0,1,0,0,0,0,1,0,1,5,1 lateral-movement alert(s); 1 inactive-user event(s),0,0,0,0,0,2,0,0,0,0,3,0,Medium,WS-11590,Medium,Operations
WS-11630.CORP.LOCAL,1,0,0,1,0,0,0,0,0,0,1,0,1,1,1,5,1 inactive-user event(s); 1 identity review concern(s),0,0,0,0,0,0,0,0,1,0,3,1,Medium,WS-11630.CORP.LOCAL,Medium,Procurement Team
WS-11885,1,0,1,0,0,0,1,0,0,0,0,0,0,0,1,5,1 PowerShell alert(s),0,3,0,0,2,0,0,0,0,0,0,0,Medium,WS-11885,,Purchase
WS-12048,1,0,1,1,0,0,1,0,0,0,0,0,0,0,1,5,1 PowerShell alert(s),0,3,0,0,2,0,0,0,0,0,0,0,Medium,WS-12048,Critical,Research And Development
WS-12274,1,0,0,1,0,0,1,0,0,0,0,0,1,0,1,5,1 PowerShell alert(s); 1 inactive-user event(s),0,0,0,0,2,0,0,0,0,0,3,0,Medium,WS-12274,,Supply Chain
WS-12290,1,0,0,0,0,0,0,0,1,0,0,0,1,0,1,5,1 credential-access alert(s); 1 inactive-user event(s),0,0,0,0,0,0,2,0,0,0,3,0,Medium,WS-12290,High,Legal
WS-12359,1,0,1,0,0,0,1,0,0,0,0,0,0,0,1,5,1 PowerShell alert(s),0,3,0,0,2,0,0,0,0,0,0,0,Medium,WS-12359,High,Legal
WS-12468.CORP.LOCAL,1,0,0,0,0,1,0,0,0,0,0,1,0,1,1,5,1 malware/ransomware alert(s); 1 identity review concern(s),0,0,0,3,0,0,0,0,0,1,0,1,Medium,WS-12468.CORP.LOCAL,High,It Support
WS-12733,1,0,0,1,0,0,0,1,0,0,0,0,1,0,1,5,1 lateral-movement alert(s); 1 inactive-user event(s),0,0,0,0,0,2,0,0,0,0,3,0,Medium,WS-12733,Medium,Purch
WS-12845.CORP.LOCAL,1,0,1,0,0,0,0,1,0,0,0,0,0,0,1,5,1 lateral-movement alert(s),0,3,0,0,0,2,0,0,0,0,0,0,Medium,WS-12845.CORP.LOCAL,,Rd
WS-12870,1,0,1,1,0,0,0,0,1,0,0,0,0,0,1,5,1 credential-access alert(s),0,3,0,0,0,0,2,0,0,0,0,0,Medium,WS-12870,Low,Research And Development
WS-12913,1,0,1,0,0,0,0,1,0,0,0,0,0,0,1,5,1 lateral-movement alert(s),0,3,0,0,0,2,0,0,0,0,0,0,Medium,WS-12913,Critical,Ops Team
WS-12929,1,0,0,1,0,0,1,0,0,0,0,0,1,0,1,5,1 PowerShell alert(s); 1 inactive-user event(s),0,0,0,0,2,0,0,0,0,0,3,0,Medium,WS-12929,Medium,Rnd
VDR-10031,4,0,0,2,0,0,1,0,0,0,1,1,0,0,1,4,1 PowerShell alert(s),0,0,0,0,2,0,0,0,1,1,0,0,Low,VDR-10031,High,Purchase
WS-10156,4,0,0,2,0,1,0,0,0,0,1,0,0,0,1,4,1 malware/ransomware alert(s),0,0,0,3,0,0,0,0,1,0,0,0,Low,WS-10156,Low,Support
LPT-10580,3,0,0,2,0,1,0,0,0,0,1,0,0,0,1,4,1 malware/ransomware alert(s),0,0,0,3,0,0,0,0,1,0,0,0,Low,LPT-10580,High,Fin
LPT-12766,3,0,0,2,0,1,0,0,0,0,1,0,0,0,1,4,1 malware/ransomware alert(s),0,0,0,3,0,0,0,0,1,0,0,0,Low,LPT-12766,High,Brand Team
LPT-12842,3,0,0,3,0,0,0,2,0,0,0,0,0,0,1,4,2 lateral-movement alert(s),0,0,0,0,0,4,0,0,0,0,0,0,Low,LPT-12842,Critical,Finance Dept
VDR-10443,3,0,0,2,0,1,0,0,0,0,1,0,0,0,1,4,1 malware/ransomware alert(s),0,0,0,3,0,0,0,0,1,0,0,0,Low,VDR-10443,Medium,Information Tech
VDR-11236,3,0,0,2,0,0,0,1,0,0,2,0,0,0,1,4,1 lateral-movement alert(s),0,0,0,0,0,2,0,0,2,0,0,0,Low,VDR-11236,Low,Marketing Dept
VDR-11413,3,0,0,3,0,1,0,0,0,0,1,0,0,0,1,4,1 malware/ransomware alert(s),0,0,0,3,0,0,0,0,1,0,0,0,Low,VDR-11413,Low,Operations Dept
VDR-11942,3,0,0,2,0,0,1,0,1,0,0,0,0,0,1,4,1 PowerShell alert(s); 1 credential-access alert(s),0,0,0,0,2,0,2,0,0,0,0,0,Low,VDR-11942,Medium,It
VDR-12749,3,0,0,2,0,1,0,0,0,0,1,0,0,0,1,4,1 malware/ransomware alert(s),0,0,0,3,0,0,0,0,1,0,0,0,Low,VDR-12749,Low,Human Resources
WS-10699,3,0,0,1,0,0,1,1,0,0,0,0,0,0,1,4,1 PowerShell alert(s); 1 lateral-movement alert(s),0,0,0,0,2,2,0,0,0,0,0,0,Low,WS-10699,Medium,Operations
WS-10866,3,0,0,3,0,0,0,1,1,0,0,0,0,0,1,4,1 lateral-movement alert(s); 1 credential-access alert(s),0,0,0,0,0,2,2,0,0,0,0,0,Low,WS-10866,High,It Support
WS-11444,3,0,0,1,0,0,1,1,0,0,0,0,0,0,1,4,1 PowerShell alert(s); 1 lateral-movement alert(s),0,0,0,0,2,2,0,0,0,0,0,0,Low,WS-11444,High,Hr
WS-11651,3,0,0,3,0,0,1,0,1,0,0,0,0,0,1,4,1 PowerShell alert(s); 1 credential-access alert(s),0,0,0,0,2,0,2,0,0,0,0,0,Low,WS-11651,High,Legal Dept
WS-12041,3,0,0,1,0,0,1,0,0,0,2,0,0,0,1,4,1 PowerShell alert(s),0,0,0,0,2,0,0,0,2,0,0,0,Low,WS-12041,Critical,Business Sales
WS-12422,3,0,0,2,0,0,0,0,1,0,2,0,0,0,1,4,1 credential-access alert(s),0,0,0,0,0,0,2,0,2,0,0,0,Low,WS-12422,Low,Operations
WS-12439,3,0,1,2,0,0,0,0,0,0,1,0,0,0,1,4,volume/low-severity activity only,0,3,0,0,0,0,0,0,1,0,0,0,Low,WS-12439,Low,Legal Dept
LPT-10157,2,0,0,2,0,1,0,0,0,0,1,0,0,0,1,4,1 malware/ransomware alert(s),0,0,0,3,0,0,0,0,1,0,0,0,Low,LPT-10157,Low,Human Resource
LPT-10479,2,0,0,2,0,1,0,0,0,0,1,0,0,0,1,4,1 malware/ransomware alert(s),0,0,0,3,0,0,0,0,1,0,0,0,Low,LPT-10479,Medium,Legal
LPT-10901,2,0,0,2,0,1,0,0,0,0,1,0,0,0,1,4,1 malware/ransomware alert(s),0,0,0,3,0,0,0,0,1,0,0,0,Low,LPT-10901,Critical,Mkt
LPT-11055,2,0,0,2,0,1,0,0,0,0,1,0,0,0,1,4,1 malware/ransomware alert(s),0,0,0,3,0,0,0,0,1,0,0,0,Low,LPT-11055,Low,Support
LPT-11291,2,0,0,1,0,1,0,0,0,0,1,0,0,0,1,4,1 malware/ransomware alert(s),0,0,0,3,0,0,0,0,1,0,0,0,Low,LPT-11291,High,Innovation
LPT-11539,2,0,0,2,0,0,0,0,1,0,0,0,0,2,1,4,1 credential-access alert(s); 2 identity review concern(s),0,0,0,0,0,0,2,0,0,0,0,2,Low,LPT-11539,Medium,Ops Team
LPT-11607,2,0,0,0,0,0,0,2,0,0,0,0,0,0,1,4,2 lateral-movement alert(s),0,0,0,0,0,4,0,0,0,0,0,0,Low,LPT-11607,,Legal Dept
LPT-11866,2,0,0,2,0,0,0,1,1,0,0,0,0,0,1,4,1 lateral-movement alert(s); 1 credential-access alert(s),0,0,0,0,0,2,2,0,0,0,0,0,Low,LPT-11866,Critical,Finance Dept
LPT-11909,2,0,0,1,0,0,1,0,1,0,0,0,0,0,1,4,1 PowerShell alert(s); 1 credential-access alert(s),0,0,0,0,2,0,2,0,0,0,0,0,Low,LPT-11909,Critical,Accounts
LPT-11918,2,0,0,2,0,0,1,1,0,0,0,0,0,0,1,4,1 PowerShell alert(s); 1 lateral-movement alert(s),0,0,0,0,2,2,0,0,0,0,0,0,Low,LPT-11918,Medium,Purchase
LPT-12024,2,0,0,1,0,0,1,1,0,0,0,0,0,0,1,4,1 PowerShell alert(s); 1 lateral-movement alert(s),0,0,0,0,2,2,0,0,0,0,0,0,Low,LPT-12024,Medium,Call Center
LPT-12245,2,0,0,1,0,0,0,1,0,0,1,1,0,0,1,4,1 lateral-movement alert(s),0,0,0,0,0,2,0,0,1,1,0,0,Low,LPT-12245,Critical,Sales Dept
LPT-12383,2,0,1,2,0,0,0,0,0,0,1,0,0,0,1,4,volume/low-severity activity only,0,3,0,0,0,0,0,0,1,0,0,0,Low,LPT-12383,Low,Legal
LPT-12719,2,0,0,1,0,0,1,0,1,0,0,0,0,0,1,4,1 PowerShell alert(s); 1 credential-access alert(s),0,0,0,0,2,0,2,0,0,0,0,0,Low,LPT-12719,Low,Marketing
LPT-12946,2,0,0,1,0,0,0,1,1,0,0,0,0,0,1,4,1 lateral-movement alert(s); 1 credential-access alert(s),0,0,0,0,0,2,2,0,0,0,0,0,Low,LPT-12946,Low,Ops
LPT-12951,2,0,0,0,0,0,2,0,0,0,0,0,0,0,1,4,2 PowerShell alert(s),0,0,0,0,4,0,0,0,0,0,0,0,Low,LPT-12951,,Innovation
LPT-12998.CORP.LOCAL,2,0,0,1,0,1,0,0,0,0,1,0,0,0,1,4,1 malware/ransomware alert(s),0,0,0,3,0,0,0,0,1,0,0,0,Low,LPT-12998.CORP.LOCAL,High,Human Resources
MISSING_HOST::EMP12868,2,0,0,2,0,0,1,0,0,0,0,0,0,2,1,4,1 PowerShell alert(s); 2 identity review concern(s),0,0,0,0,2,0,0,0,0,0,0,2,Low,,Critical,Purch
VDR-10421,2,0,0,1,0,0,1,0,0,0,0,0,0,2,1,4,1 PowerShell alert(s); 2 identity review concern(s),0,0,0,0,2,0,0,0,0,0,0,2,Low,VDR-10421,High,It Dept
VDR-10601,2,0,0,1,0,0,0,0,2,0,0,0,0,0,1,4,2 credential-access alert(s),0,0,0,0,0,0,4,0,0,0,0,0,Low,VDR-10601,Medium,Customer Care
VDR-11083,2,0,0,2,0,1,0,0,0,0,1,0,0,0,1,4,1 malware/ransomware alert(s),0,0,0,3,0,0,0,0,1,0,0,0,Low,VDR-11083,High,Rd
VDR-11157,2,0,1,0,0,0,0,0,0,0,0,1,0,0,1,4,volume/low-severity activity only,0,3,0,0,0,0,0,0,0,1,0,0,Low,VDR-11157,High,People Team
VDR-11549.CORP.LOCAL,2,0,0,1,0,0,0,1,1,0,0,0,0,0,1,4,1 lateral-movement alert(s); 1 credential-access alert(s),0,0,0,0,0,2,2,0,0,0,0,0,Low,VDR-11549.CORP.LOCAL,Critical,Customer Care
VDR-11622,2,0,0,1,0,1,0,0,0,0,1,0,0,0,1,4,1 malware/ransomware alert(s),0,0,0,3,0,0,0,0,1,0,0,0,Low,VDR-11622,Medium,Purch
VDR-11639,2,0,0,2,0,0,1,0,1,0,0,0,0,0,1,4,1 PowerShell alert(s); 1 credential-access alert(s),0,0,0,0,2,0,2,0,0,0,0,0,Low,VDR-11639,Critical,Hr
VDR-11666,2,0,1,2,0,0,0,0,0,0,1,0,0,0,1,4,volume/low-severity activity only,0,3,0,0,0,0,0,0,1,0,0,0,Low,VDR-11666,High,Sales
VDR-11804,2,0,0,2,0,0,1,1,0,0,0,0,0,0,1,4,1 PowerShell alert(s); 1 lateral-movement alert(s),0,0,0,0,2,2,0,0,0,0,0,0,Low,VDR-11804,Medium,Information Technology
VDR-12122,2,0,0,2,0,0,1,1,0,0,0,0,0,0,1,4,1 PowerShell alert(s); 1 lateral-movement alert(s),0,0,0,0,2,2,0,0,0,0,0,0,Low,VDR-12122,Medium,R&D
VDR-12353,2,0,0,0,0,0,0,0,2,0,0,0,0,0,1,4,2 credential-access alert(s),0,0,0,0,0,0,4,0,0,0,0,0,Low,VDR-12353,Low,Sales
VDR-12650,2,0,0,0,0,0,1,1,0,0,0,0,0,0,1,4,1 PowerShell alert(s); 1 lateral-movement alert(s),0,0,0,0,2,2,0,0,0,0,0,0,Low,VDR-12650,High,Information Technology
VDR-12740,2,0,0,2,0,1,0,0,0,0,1,0,0,0,1,4,1 malware/ransomware alert(s),0,0,0,3,0,0,0,0,1,0,0,0,Low,VDR-12740,High,Rd
VDR-12989,2,0,0,2,0,1,0,0,0,0,1,0,0,0,1,4,1 malware/ransomware alert(s),0,0,0,3,0,0,0,0,1,0,0,0,Low,VDR-12989,High,Procurement Team
WS-10095,2,0,0,2,0,0,0,0,1,0,1,1,0,0,1,4,1 credential-access alert(s),0,0,0,0,0,0,2,0,1,1,0,0,Low,WS-10095,Low,Ops Team
WS-10429,2,0,0,1,0,0,0,1,1,0,0,0,0,0,1,4,1 lateral-movement alert(s); 1 credential-access alert(s),0,0,0,0,0,2,2,0,0,0,0,0,Low,WS-10429,Critical,Cs
WS-10962,2,0,0,1,0,0,0,0,2,0,0,0,0,0,1,4,2 credential-access alert(s),0,0,0,0,0,0,4,0,0,0,0,0,Low,WS-10962,Low,Legal
WS-11037,2,0,1,2,0,0,0,0,0,0,1,0,0,0,1,4,volume/low-severity activity only,0,3,0,0,0,0,0,0,1,0,0,0,Low,WS-11037,Low,People Team
WS-11139,2,0,0,2,0,0,1,1,0,0,0,0,0,0,1,4,1 PowerShell alert(s); 1 lateral-movement alert(s),0,0,0,0,2,2,0,0,0,0,0,0,Low,WS-11139,Critical,Operations Dept
WS-11293,2,0,0,0,0,0,1,1,0,0,0,0,0,0,1,4,1 PowerShell alert(s); 1 lateral-movement alert(s),0,0,0,0,2,2,0,0,0,0,0,0,Low,WS-11293,,Mkt
WS-11406,2,0,0,1,0,0,0,0,2,0,0,0,0,0,1,4,2 credential-access alert(s),0,0,0,0,0,0,4,0,0,0,0,0,Low,WS-11406,Medium,Sales
WS-11416,2,0,0,2,0,0,0,2,0,0,0,0,0,0,1,4,2 lateral-movement alert(s),0,0,0,0,0,4,0,0,0,0,0,0,Low,WS-11416,Medium,Legal
WS-11448,2,0,0,2,0,1,0,0,0,0,1,0,0,0,1,4,1 malware/ransomware alert(s),0,0,0,3,0,0,0,0,1,0,0,0,Low,WS-11448,Medium,Fin
WS-11456,2,0,0,2,0,0,2,0,0,0,0,0,0,0,1,4,2 PowerShell alert(s),0,0,0,0,4,0,0,0,0,0,0,0,Low,WS-11456,Low,Legal
WS-11468,2,0,0,2,0,0,0,2,0,0,0,0,0,0,1,4,2 lateral-movement alert(s),0,0,0,0,0,4,0,0,0,0,0,0,Low,WS-11468,Low,People Team
WS-11517,2,0,0,2,0,0,0,0,1,0,1,1,0,0,1,4,1 credential-access alert(s),0,0,0,0,0,0,2,0,1,1,0,0,Low,WS-11517,Critical,Hr
WS-11533,2,0,0,2,0,0,1,1,0,0,0,0,0,0,1,4,1 PowerShell alert(s); 1 lateral-movement alert(s),0,0,0,0,2,2,0,0,0,0,0,0,Low,WS-11533,High,Ops Team
WS-11695,2,0,0,2,0,0,0,0,2,0,0,0,0,0,1,4,2 credential-access alert(s),0,0,0,0,0,0,4,0,0,0,0,0,Low,WS-11695,Medium,Finance Dept
WS-11829,2,0,0,2,0,0,0,0,0,0,2,0,0,2,1,4,2 identity review concern(s),0,0,0,0,0,0,0,0,2,0,0,2,Low,WS-11829,Low,Purch
WS-11852,2,0,0,1,0,1,0,0,0,0,0,1,0,0,1,4,1 malware/ransomware alert(s),0,0,0,3,0,0,0,0,0,1,0,0,Low,WS-11852,Medium,Support
WS-11859,2,0,0,1,0,0,0,0,1,0,0,0,0,2,1,4,1 credential-access alert(s); 2 identity review concern(s),0,0,0,0,0,0,2,0,0,0,0,2,Low,WS-11859,,Sales Dept
WS-11895,2,0,0,2,0,0,0,2,0,0,0,0,0,0,1,4,2 lateral-movement alert(s),0,0,0,0,0,4,0,0,0,0,0,0,Low,WS-11895,Low,Operations
WS-12112,2,0,0,1,0,0,2,0,0,0,0,0,0,0,1,4,2 PowerShell alert(s),0,0,0,0,4,0,0,0,0,0,0,0,Low,WS-12112,Critical,Marketing
WS-12295,2,0,0,2,0,0,1,0,1,0,0,0,0,0,1,4,1 PowerShell alert(s); 1 credential-access alert(s),0,0,0,0,2,0,2,0,0,0,0,0,Low,WS-12295,Medium,Procurement Team
WS-12341,2,0,1,1,0,0,0,0,0,0,1,0,0,0,1,4,volume/low-severity activity only,0,3,0,0,0,0,0,0,1,0,0,0,Low,WS-12341,Medium,Hr Dept
WS-12461,2,0,0,1,0,1,0,0,0,0,1,0,0,0,1,4,1 malware/ransomware alert(s),0,0,0,3,0,0,0,0,1,0,0,0,Low,WS-12461,Medium,Hr
WS-12529,2,0,0,1,0,0,0,0,0,0,2,0,0,2,1,4,2 identity review concern(s),0,0,0,0,0,0,0,0,2,0,0,2,Low,WS-12529,Low,Human Resources
WS-12531,2,0,0,2,0,0,0,2,0,0,0,0,0,0,1,4,2 lateral-movement alert(s),0,0,0,0,0,4,0,0,0,0,0,0,Low,WS-12531,Medium,Business Sales
WS-12533,2,0,0,2,0,1,0,0,0,0,0,1,0,0,1,4,1 malware/ransomware alert(s),0,0,0,3,0,0,0,0,0,1,0,0,Low,WS-12533,Critical,Finance Dept
WS-12756,2,0,0,0,0,1,0,0,0,0,1,0,0,0,1,4,1 malware/ransomware alert(s),0,0,0,3,0,0,0,0,1,0,0,0,Low,WS-12756,Low,Sales
WS-12808,2,0,0,0,0,0,0,1,1,0,0,0,0,0,1,4,1 lateral-movement alert(s); 1 credential-access alert(s),0,0,0,0,0,2,2,0,0,0,0,0,Low,WS-12808,High,Accounts
WS-12992,2,0,0,2,0,0,0,1,1,0,0,0,0,0,1,4,1 lateral-movement alert(s); 1 credential-access alert(s),0,0,0,0,0,2,2,0,0,0,0,0,Low,WS-12992,High,Compliance
LPT-10041.CORP.LOCAL,1,0,0,1,0,0,0,0,0,0,0,0,1,1,1,4,1 inactive-user event(s); 1 identity review concern(s),0,0,0,0,0,0,0,0,0,0,3,1,Low,LPT-10041.CORP.LOCAL,Medium,Purchase
LPT-10067.CORP.LOCAL,1,0,0,0,0,1,0,0,0,0,0,0,0,1,1,4,1 malware/ransomware alert(s); 1 identity review concern(s),0,0,0,3,0,0,0,0,0,0,0,1,Low,LPT-10067.CORP.LOCAL,High,People Team
LPT-10210.CORP.LOCAL,1,0,1,1,0,0,0,0,0,0,1,0,0,0,1,4,volume/low-severity activity only,0,3,0,0,0,0,0,0,1,0,0,0,Low,LPT-10210.CORP.LOCAL,Low,Legal Dept
LPT-10275,1,0,1,1,0,0,0,0,0,0,0,0,0,1,1,4,1 identity review concern(s),0,3,0,0,0,0,0,0,0,0,0,1,Low,LPT-10275,Critical,Sales Dept
LPT-10289,1,0,0,1,0,1,0,0,0,0,0,0,0,1,1,4,1 malware/ransomware alert(s); 1 identity review concern(s),0,0,0,3,0,0,0,0,0,0,0,1,Low,LPT-10289,,
LPT-10290.CORP.LOCAL,1,0,1,1,0,0,0,0,0,0,1,0,0,0,1,4,volume/low-severity activity only,0,3,0,0,0,0,0,0,1,0,0,0,Low,LPT-10290.CORP.LOCAL,Critical,Ops Team
LPT-10360.CORP.LOCAL,1,0,0,0,0,1,0,0,0,0,0,0,0,1,1,4,1 malware/ransomware alert(s); 1 identity review concern(s),0,0,0,3,0,0,0,0,0,0,0,1,Low,LPT-10360.CORP.LOCAL,,Support
LPT-10390,1,0,1,1,0,0,0,0,0,0,1,0,0,0,1,4,volume/low-severity activity only,0,3,0,0,0,0,0,0,1,0,0,0,Low,LPT-10390,Low,People Team
LPT-10403.CORP.LOCAL,1,0,0,0,0,1,0,0,0,0,0,0,0,1,1,4,1 malware/ransomware alert(s); 1 identity review concern(s),0,0,0,3,0,0,0,0,0,0,0,1,Low,LPT-10403.CORP.LOCAL,Critical,Support
LPT-10424.CORP.LOCAL,1,0,0,1,0,1,0,0,0,0,0,0,0,1,1,4,1 malware/ransomware alert(s); 1 identity review concern(s),0,0,0,3,0,0,0,0,0,0,0,1,Low,LPT-10424.CORP.LOCAL,Low,Brand Team
LPT-10479.CORP.LOCAL,1,0,0,1,0,0,0,0,1,0,0,1,0,1,1,4,1 credential-access alert(s); 1 identity review concern(s),0,0,0,0,0,0,2,0,0,1,0,1,Low,LPT-10479.CORP.LOCAL,Low,Legal
LPT-10670.CORP.LOCAL,1,0,0,0,0,0,0,0,0,0,0,0,1,1,1,4,1 inactive-user event(s); 1 identity review concern(s),0,0,0,0,0,0,0,0,0,0,3,1,Low,LPT-10670.CORP.LOCAL,Low,It Dept
LPT-10678,1,0,0,0,0,1,0,0,0,0,0,1,0,0,1,4,1 malware/ransomware alert(s),0,0,0,3,0,0,0,0,0,1,0,0,Low,LPT-10678,High,Purchase
LPT-10840,1,0,0,1,0,0,0,0,0,0,1,0,1,0,1,4,1 inactive-user event(s),0,0,0,0,0,0,0,0,1,0,3,0,Low,LPT-10840,Medium,Human Resource
LPT-10850.CORP.LOCAL,1,0,0,0,0,1,0,0,0,0,0,0,0,1,1,4,1 malware/ransomware alert(s); 1 identity review concern(s),0,0,0,3,0,0,0,0,0,0,0,1,Low,LPT-10850.CORP.LOCAL,Medium,People Team
LPT-10936.CORP.LOCAL,1,0,0,1,0,1,0,0,0,0,0,0,0,1,1,4,1 malware/ransomware alert(s); 1 identity review concern(s),0,0,0,3,0,0,0,0,0,0,0,1,Low,LPT-10936.CORP.LOCAL,,Rd
LPT-11029,1,0,0,1,0,1,0,0,0,0,0,1,0,0,1,4,1 malware/ransomware alert(s),0,0,0,3,0,0,0,0,0,1,0,0,Low,LPT-11029,,Human Resource
LPT-11031,1,0,0,1,0,1,0,0,0,0,0,0,0,1,1,4,1 malware/ransomware alert(s); 1 identity review concern(s),0,0,0,3,0,0,0,0,0,0,0,1,Low,LPT-11031,Medium,Ops Team
LPT-11134.CORP.LOCAL,1,0,0,1,0,1,0,0,0,0,0,0,0,1,1,4,1 malware/ransomware alert(s); 1 identity review concern(s),0,0,0,3,0,0,0,0,0,0,0,1,Low,LPT-11134.CORP.LOCAL,Low,It Dept
LPT-11151.CORP.LOCAL,1,0,0,1,0,0,0,0,1,0,0,1,0,1,1,4,1 credential-access alert(s); 1 identity review concern(s),0,0,0,0,0,0,2,0,0,1,0,1,Low,LPT-11151.CORP.LOCAL,Medium,Ops Team
LPT-11161.CORP.LOCAL,1,0,0,1,0,1,0,0,0,0,0,0,0,1,1,4,1 malware/ransomware alert(s); 1 identity review concern(s),0,0,0,3,0,0,0,0,0,0,0,1,Low,LPT-11161.CORP.LOCAL,Medium,Hr
LPT-11185,1,0,1,0,0,0,0,0,0,0,1,0,0,0,1,4,volume/low-severity activity only,0,3,0,0,0,0,0,0,1,0,0,0,Low,LPT-11185,High,Information Tech
LPT-11197.CORP.LOCAL,1,0,0,0,0,1,0,0,0,0,0,0,0,1,1,4,1 malware/ransomware alert(s); 1 identity review concern(s),0,0,0,3,0,0,0,0,0,0,0,1,Low,LPT-11197.CORP.LOCAL,Low,Sales Dept
LPT-11202,1,0,0,1,0,0,0,0,0,0,0,0,1,1,1,4,1 inactive-user event(s); 1 identity review concern(s),0,0,0,0,0,0,0,0,0,0,3,1,Low,LPT-11202,Low,Compliance
LPT-11257.CORP.LOCAL,1,0,0,0,0,1,0,0,0,0,0,0,0,1,1,4,1 malware/ransomware alert(s); 1 identity review concern(s),0,0,0,3,0,0,0,0,0,0,0,1,Low,LPT-11257.CORP.LOCAL,Low,Cs
LPT-11409.CORP.LOCAL,1,0,0,1,0,1,0,0,0,0,0,0,0,1,1,4,1 malware/ransomware alert(s); 1 identity review concern(s),0,0,0,3,0,0,0,0,0,0,0,1,Low,LPT-11409.CORP.LOCAL,High,Procurement
LPT-11428.CORP.LOCAL,1,0,1,0,0,0,0,0,0,0,0,0,0,1,1,4,1 identity review concern(s),0,3,0,0,0,0,0,0,0,0,0,1,Low,LPT-11428.CORP.LOCAL,Critical,Compliance
LPT-11498.CORP.LOCAL,1,0,0,1,0,1,0,0,0,0,0,0,0,1,1,4,1 malware/ransomware alert(s); 1 identity review concern(s),0,0,0,3,0,0,0,0,0,0,0,1,Low,LPT-11498.CORP.LOCAL,Medium,Purch
LPT-11615.CORP.LOCAL,1,0,0,1,0,1,0,0,0,0,0,0,0,1,1,4,1 malware/ransomware alert(s); 1 identity review concern(s),0,0,0,3,0,0,0,0,0,0,0,1,Low,LPT-11615.CORP.LOCAL,Critical,Finance
LPT-11678.CORP.LOCAL,1,0,1,0,0,0,0,0,0,0,0,0,0,1,1,4,1 identity review concern(s),0,3,0,0,0,0,0,0,0,0,0,1,Low,LPT-11678.CORP.LOCAL,Medium,Customer Support
LPT-11721.CORP.LOCAL,1,0,0,1,0,1,0,0,0,0,0,0,0,1,1,4,1 malware/ransomware alert(s); 1 identity review concern(s),0,0,0,3,0,0,0,0,0,0,0,1,Low,LPT-11721.CORP.LOCAL,Medium,It
LPT-11751.CORP.LOCAL,1,0,0,1,0,1,0,0,0,0,0,0,0,1,1,4,1 malware/ransomware alert(s); 1 identity review concern(s),0,0,0,3,0,0,0,0,0,0,0,1,Low,LPT-11751.CORP.LOCAL,Low,Research And Development
LPT-11783,1,0,0,1,0,0,0,0,0,0,1,0,1,0,1,4,1 inactive-user event(s),0,0,0,0,0,0,0,0,1,0,3,0,Low,LPT-11783,High,Legal Dept
LPT-11788.CORP.LOCAL,1,0,0,1,0,1,0,0,0,0,0,0,0,1,1,4,1 malware/ransomware alert(s); 1 identity review concern(s),0,0,0,3,0,0,0,0,0,0,0,1,Low,LPT-11788.CORP.LOCAL,Medium,Mktg
LPT-11826.CORP.LOCAL,1,0,0,0,0,1,0,0,0,0,0,0,0,1,1,4,1 malware/ransomware alert(s); 1 identity review concern(s),0,0,0,3,0,0,0,0,0,0,0,1,Low,LPT-11826.CORP.LOCAL,High,Mkt
LPT-11840.CORP.LOCAL,1,0,0,1,0,0,0,0,0,0,0,0,1,1,1,4,1 inactive-user event(s); 1 identity review concern(s),0,0,0,0,0,0,0,0,0,0,3,1,Low,LPT-11840.CORP.LOCAL,Low,Ops Team
LPT-11955.CORP.LOCAL,1,0,1,0,0,0,0,0,0,0,0,0,0,1,1,4,1 identity review concern(s),0,3,0,0,0,0,0,0,0,0,0,1,Low,LPT-11955.CORP.LOCAL,Critical,Accounts
LPT-12068,1,0,1,0,0,0,0,0,0,0,1,0,0,0,1,4,volume/low-severity activity only,0,3,0,0,0,0,0,0,1,0,0,0,Low,LPT-12068,High,Purchase
LPT-12102.CORP.LOCAL,1,0,0,1,0,1,0,0,0,0,0,0,0,1,1,4,1 malware/ransomware alert(s); 1 identity review concern(s),0,0,0,3,0,0,0,0,0,0,0,1,Low,LPT-12102.CORP.LOCAL,Medium,Operations
LPT-12171.CORP.LOCAL,1,0,0,1,0,1,0,0,0,0,0,0,0,1,1,4,1 malware/ransomware alert(s); 1 identity review concern(s),0,0,0,3,0,0,0,0,0,0,0,1,Low,LPT-12171.CORP.LOCAL,Medium,Hr Dept
LPT-12245.CORP.LOCAL,1,0,1,1,0,0,0,0,0,0,0,0,0,1,1,4,1 identity review concern(s),0,3,0,0,0,0,0,0,0,0,0,1,Low,LPT-12245.CORP.LOCAL,High,Sales Dept
LPT-12259.CORP.LOCAL,1,0,0,1,0,1,0,0,0,0,0,0,0,1,1,4,1 malware/ransomware alert(s); 1 identity review concern(s),0,0,0,3,0,0,0,0,0,0,0,1,Low,LPT-12259.CORP.LOCAL,High,Procurement
LPT-12296.CORP.LOCAL,1,0,0,1,0,1,0,0,0,0,0,0,0,1,1,4,1 malware/ransomware alert(s); 1 identity review concern(s),0,0,0,3,0,0,0,0,0,0,0,1,Low,LPT-12296.CORP.LOCAL,Low,Marketing Dept
LPT-12321,1,0,0,0,0,0,0,0,0,0,1,0,1,0,1,4,1 inactive-user event(s),0,0,0,0,0,0,0,0,1,0,3,0,Low,LPT-12321,High,Information Tech
LPT-12347,1,0,0,0,0,1,0,0,0,0,0,0,0,1,1,4,1 malware/ransomware alert(s); 1 identity review concern(s),0,0,0,3,0,0,0,0,0,0,0,1,Low,LPT-12347,,Rnd
LPT-12349,1,0,0,0,0,0,0,0,0,0,1,0,1,0,1,4,1 inactive-user event(s),0,0,0,0,0,0,0,0,1,0,3,0,Low,LPT-12349,Medium,Hr Dept
LPT-12355.CORP.LOCAL,1,0,0,1,0,1,0,0,0,0,0,0,0,1,1,4,1 malware/ransomware alert(s); 1 identity review concern(s),0,0,0,3,0,0,0,0,0,0,0,1,Low,LPT-12355.CORP.LOCAL,,Hr Dept
LPT-12366,1,0,0,1,0,0,1,0,0,0,0,1,0,1,1,4,1 PowerShell alert(s); 1 identity review concern(s),0,0,0,0,2,0,0,0,0,1,0,1,Low,LPT-12366,High,Brand Team
LPT-12407,1,0,0,0,0,1,0,0,0,0,0,0,0,1,1,4,1 malware/ransomware alert(s); 1 identity review concern(s),0,0,0,3,0,0,0,0,0,0,0,1,Low,LPT-12407,,Ops
LPT-12476.CORP.LOCAL,1,0,0,0,0,1,0,0,0,0,0,0,0,1,1,4,1 malware/ransomware alert(s); 1 identity review concern(s),0,0,0,3,0,0,0,0,0,0,0,1,Low,LPT-12476.CORP.LOCAL,High,Finance Dept
LPT-12542.CORP.LOCAL,1,0,1,0,0,0,0,0,0,0,0,0,0,1,1,4,1 identity review concern(s),0,3,0,0,0,0,0,0,0,0,0,1,Low,LPT-12542.CORP.LOCAL,Critical,Business Sales
LPT-12566,1,0,0,1,0,0,0,0,0,0,1,0,1,0,1,4,1 inactive-user event(s),0,0,0,0,0,0,0,0,1,0,3,0,Low,LPT-12566,High,Innovation
LPT-12574,1,0,0,0,0,0,0,0,0,0,1,0,1,0,1,4,1 inactive-user event(s),0,0,0,0,0,0,0,0,1,0,3,0,Low,LPT-12574,Medium,Sales Dept
LPT-12597,1,0,0,1,0,1,0,0,0,0,0,0,0,1,1,4,1 malware/ransomware alert(s); 1 identity review concern(s),0,0,0,3,0,0,0,0,0,0,0,1,Low,LPT-12597,Critical,Innovation
LPT-12611,1,0,1,1,0,0,0,0,0,0,0,0,0,1,1,4,1 identity review concern(s),0,3,0,0,0,0,0,0,0,0,0,1,Low,LPT-12611,Critical,Marketing Dept
LPT-12628,1,0,0,1,0,1,0,0,0,0,0,0,0,1,1,4,1 malware/ransomware alert(s); 1 identity review concern(s),0,0,0,3,0,0,0,0,0,0,0,1,Low,LPT-12628,Low,Marketing Dept
LPT-12658.CORP.LOCAL,1,0,0,1,0,1,0,0,0,0,0,0,0,1,1,4,1 malware/ransomware alert(s); 1 identity review concern(s),0,0,0,3,0,0,0,0,0,0,0,1,Low,LPT-12658.CORP.LOCAL,Medium,Legal
LPT-12683.CORP.LOCAL,1,0,0,0,0,1,0,0,0,0,0,0,0,1,1,4,1 malware/ransomware alert(s); 1 identity review concern(s),0,0,0,3,0,0,0,0,0,0,0,1,Low,LPT-12683.CORP.LOCAL,Critical,Legal
LPT-12722.CORP.LOCAL,1,0,0,1,0,1,0,0,0,0,0,0,0,1,1,4,1 malware/ransomware alert(s); 1 identity review concern(s),0,0,0,3,0,0,0,0,0,0,0,1,Low,LPT-12722.CORP.LOCAL,Low,Innovation
LPT-12729,1,0,0,1,0,1,0,0,0,0,0,1,0,0,1,4,1 malware/ransomware alert(s),0,0,0,3,0,0,0,0,0,1,0,0,Low,LPT-12729,Medium,Call Center
LPT-12739.CORP.LOCAL,1,0,0,1,0,1,0,0,0,0,0,0,0,1,1,4,1 malware/ransomware alert(s); 1 identity review concern(s),0,0,0,3,0,0,0,0,0,0,0,1,Low,LPT-12739.CORP.LOCAL,,Rnd
LPT-12767.CORP.LOCAL,1,0,0,1,0,1,0,0,0,0,0,0,0,1,1,4,1 malware/ransomware alert(s); 1 identity review concern(s),0,0,0,3,0,0,0,0,0,0,0,1,Low,LPT-12767.CORP.LOCAL,Low,Finance
LPT-12805,1,0,0,1,0,1,0,0,0,0,0,0,0,1,1,4,1 malware/ransomware alert(s); 1 identity review concern(s),0,0,0,3,0,0,0,0,0,0,0,1,Low,LPT-12805,,Mkt
LPT-12807.CORP.LOCAL,1,0,0,1,0,1,0,0,0,0,0,0,0,1,1,4,1 malware/ransomware alert(s); 1 identity review concern(s),0,0,0,3,0,0,0,0,0,0,0,1,Low,LPT-12807.CORP.LOCAL,High,Business Sales
LPT-12843.CORP.LOCAL,1,0,0,1,0,1,0,0,0,0,0,0,0,1,1,4,1 malware/ransomware alert(s); 1 identity review concern(s),0,0,0,3,0,0,0,0,0,0,0,1,Low,LPT-12843.CORP.LOCAL,Critical,Hr
MISSING_HOST::EMP10080,1,0,0,1,0,1,0,0,0,0,0,0,0,1,1,4,1 malware/ransomware alert(s); 1 identity review concern(s),0,0,0,3,0,0,0,0,0,0,0,1,Low,,Medium,Supply Chain
MISSING_HOST::EMP10087,1,0,0,0,0,1,0,0,0,0,0,0,0,1,1,4,1 malware/ransomware alert(s); 1 identity review concern(s),0,0,0,3,0,0,0,0,0,0,0,1,Low,,Low,Finance
MISSING_HOST::EMP10113,1,0,0,1,0,1,0,0,0,0,0,0,0,1,1,4,1 malware/ransomware alert(s); 1 identity review concern(s),0,0,0,3,0,0,0,0,0,0,0,1,Low,,High,Business Sales
MISSING_HOST::EMP10141,1,0,0,1,0,1,0,0,0,0,0,0,0,1,1,4,1 malware/ransomware alert(s); 1 identity review concern(s),0,0,0,3,0,0,0,0,0,0,0,1,Low,,Low,Operations
MISSING_HOST::EMP10186,1,0,0,1,0,1,0,0,0,0,0,0,0,1,1,4,1 malware/ransomware alert(s); 1 identity review concern(s),0,0,0,3,0,0,0,0,0,0,0,1,Low,,Low,Rnd
MISSING_HOST::EMP10193,1,0,0,1,0,1,0,0,0,0,0,0,0,1,1,4,1 malware/ransomware alert(s); 1 identity review concern(s),0,0,0,3,0,0,0,0,0,0,0,1,Low,,High,Human Resources
MISSING_HOST::EMP10230,1,0,0,0,0,1,0,0,0,0,0,0,0,1,1,4,1 malware/ransomware alert(s); 1 identity review concern(s),0,0,0,3,0,0,0,0,0,0,0,1,Low,,Low,Brand Team
MISSING_HOST::EMP10256,1,0,0,1,0,0,0,0,0,0,0,0,1,1,1,4,1 inactive-user event(s); 1 identity review concern(s),0,0,0,0,0,0,0,0,0,0,3,1,Low,,Medium,Rnd
MISSING_HOST::EMP10279,1,0,0,0,0,1,0,0,0,0,0,0,0,1,1,4,1 malware/ransomware alert(s); 1 identity review concern(s),0,0,0,3,0,0,0,0,0,0,0,1,Low,,Low,Operations
MISSING_HOST::EMP10312,1,0,0,1,0,1,0,0,0,0,0,0,0,1,1,4,1 malware/ransomware alert(s); 1 identity review concern(s),0,0,0,3,0,0,0,0,0,0,0,1,Low,,High,Supply Chain
MISSING_HOST::EMP10330,1,0,0,1,0,1,0,0,0,0,0,0,0,1,1,4,1 malware/ransomware alert(s); 1 identity review concern(s),0,0,0,3,0,0,0,0,0,0,0,1,Low,,,Procurement
MISSING_HOST::EMP10364,1,0,0,0,0,1,0,0,0,0,0,0,0,1,1,4,1 malware/ransomware alert(s); 1 identity review concern(s),0,0,0,3,0,0,0,0,0,0,0,1,Low,,,Human Resources
MISSING_HOST::EMP10437,1,0,0,1,0,1,0,0,0,0,0,0,0,1,1,4,1 malware/ransomware alert(s); 1 identity review concern(s),0,0,0,3,0,0,0,0,0,0,0,1,Low,,Low,Sales
MISSING_HOST::EMP10450,1,0,0,1,0,1,0,0,0,0,0,0,0,1,1,4,1 malware/ransomware alert(s); 1 identity review concern(s),0,0,0,3,0,0,0,0,0,0,0,1,Low,,High,Accounts
MISSING_HOST::EMP10506,1,0,0,1,0,1,0,0,0,0,0,0,0,1,1,4,1 malware/ransomware alert(s); 1 identity review concern(s),0,0,0,3,0,0,0,0,0,0,0,1,Low,,Medium,Innovation
MISSING_HOST::EMP10524,1,0,0,1,0,1,0,0,0,0,0,0,0,1,1,4,1 malware/ransomware alert(s); 1 identity review concern(s),0,0,0,3,0,0,0,0,0,0,0,1,Low,,High,Call Center
MISSING_HOST::EMP10532,1,0,0,1,0,1,0,0,0,0,0,0,0,1,1,4,1 malware/ransomware alert(s); 1 identity review concern(s),0,0,0,3,0,0,0,0,0,0,0,1,Low,,Critical,R&D
MISSING_HOST::EMP10533,1,0,0,0,0,1,0,0,0,0,0,0,0,1,1,4,1 malware/ransomware alert(s); 1 identity review concern(s),0,0,0,3,0,0,0,0,0,0,0,1,Low,,Low,Legal
MISSING_HOST::EMP10584,1,0,0,1,0,1,0,0,0,0,0,0,0,1,1,4,1 malware/ransomware alert(s); 1 identity review concern(s),0,0,0,3,0,0,0,0,0,0,0,1,Low,,High,Innovation
MISSING_HOST::EMP10588,1,0,0,1,0,1,0,0,0,0,0,0,0,1,1,4,1 malware/ransomware alert(s); 1 identity review concern(s),0,0,0,3,0,0,0,0,0,0,0,1,Low,,Medium,Finance
MISSING_HOST::EMP10600,1,0,0,1,0,1,0,0,0,0,0,0,0,1,1,4,1 malware/ransomware alert(s); 1 identity review concern(s),0,0,0,3,0,0,0,0,0,0,0,1,Low,,Low,Marketing
MISSING_HOST::EMP10612,1,0,0,1,0,1,0,0,0,0,0,0,0,1,1,4,1 malware/ransomware alert(s); 1 identity review concern(s),0,0,0,3,0,0,0,0,0,0,0,1,Low,,,
MISSING_HOST::EMP10613,1,0,0,1,0,1,0,0,0,0,0,0,0,1,1,4,1 malware/ransomware alert(s); 1 identity review concern(s),0,0,0,3,0,0,0,0,0,0,0,1,Low,,Critical,Legal
MISSING_HOST::EMP10769,1,0,0,0,0,1,0,0,0,0,0,0,0,1,1,4,1 malware/ransomware alert(s); 1 identity review concern(s),0,0,0,3,0,0,0,0,0,0,0,1,Low,,Low,Brand Team
MISSING_HOST::EMP10802,1,0,0,1,0,1,0,0,0,0,0,0,0,1,1,4,1 malware/ransomware alert(s); 1 identity review concern(s),0,0,0,3,0,0,0,0,0,0,0,1,Low,,Medium,Finance
MISSING_HOST::EMP10826,1,0,0,1,0,0,0,0,0,0,0,0,1,1,1,4,1 inactive-user event(s); 1 identity review concern(s),0,0,0,0,0,0,0,0,0,0,3,1,Low,,,Information Technology
MISSING_HOST::EMP10872,1,0,0,1,0,1,0,0,0,0,0,0,0,1,1,4,1 malware/ransomware alert(s); 1 identity review concern(s),0,0,0,3,0,0,0,0,0,0,0,1,Low,,Low,Rd
MISSING_HOST::EMP11025,1,0,1,1,0,0,0,0,0,0,0,0,0,1,1,4,1 identity review concern(s),0,3,0,0,0,0,0,0,0,0,0,1,Low,,,Finance
MISSING_HOST::EMP11040,1,0,0,1,0,1,0,0,0,0,0,0,0,1,1,4,1 malware/ransomware alert(s); 1 identity review concern(s),0,0,0,3,0,0,0,0,0,0,0,1,Low,,Low,Customer Support
MISSING_HOST::EMP11078,1,0,0,1,0,0,0,0,0,0,0,0,1,1,1,4,1 inactive-user event(s); 1 identity review concern(s),0,0,0,0,0,0,0,0,0,0,3,1,Low,,Critical,Sales Dept
MISSING_HOST::EMP11120,1,0,0,0,0,1,0,0,0,0,0,0,0,1,1,4,1 malware/ransomware alert(s); 1 identity review concern(s),0,0,0,3,0,0,0,0,0,0,0,1,Low,,Low,Customer Care
MISSING_HOST::EMP11130,1,0,0,1,0,1,0,0,0,0,0,0,0,1,1,4,1 malware/ransomware alert(s); 1 identity review concern(s),0,0,0,3,0,0,0,0,0,0,0,1,Low,,Low,It
MISSING_HOST::EMP11298,1,0,0,1,0,1,0,0,0,0,0,0,0,1,1,4,1 malware/ransomware alert(s); 1 identity review concern(s),0,0,0,3,0,0,0,0,0,0,0,1,Low,,,
MISSING_HOST::EMP11324,1,0,0,1,0,1,0,0,0,0,0,0,0,1,1,4,1 malware/ransomware alert(s); 1 identity review concern(s),0,0,0,3,0,0,0,0,0,0,0,1,Low,,Critical,Sales
MISSING_HOST::EMP11350,1,0,0,1,0,1,0,0,0,0,0,0,0,1,1,4,1 malware/ransomware alert(s); 1 identity review concern(s),0,0,0,3,0,0,0,0,0,0,0,1,Low,,Critical,Operations Dept
MISSING_HOST::EMP11376,1,0,0,1,0,0,0,0,0,0,0,0,1,1,1,4,1 inactive-user event(s); 1 identity review concern(s),0,0,0,0,0,0,0,0,0,0,3,1,Low,,Low,R&D
MISSING_HOST::EMP11387,1,0,0,1,0,1,0,0,0,0,0,0,0,1,1,4,1 malware/ransomware alert(s); 1 identity review concern(s),0,0,0,3,0,0,0,0,0,0,0,1,Low,,Medium,Operations
MISSING_HOST::EMP11393,1,0,0,1,0,1,0,0,0,0,0,0,0,1,1,4,1 malware/ransomware alert(s); 1 identity review concern(s),0,0,0,3,0,0,0,0,0,0,0,1,Low,,High,Sales Team
MISSING_HOST::EMP11429,1,0,0,0,0,1,0,0,0,0,0,0,0,1,1,4,1 malware/ransomware alert(s); 1 identity review concern(s),0,0,0,3,0,0,0,0,0,0,0,1,Low,,Low,Marketing
MISSING_HOST::EMP11436,1,0,0,1,0,1,0,0,0,0,0,0,0,1,1,4,1 malware/ransomware alert(s); 1 identity review concern(s),0,0,0,3,0,0,0,0,0,0,0,1,Low,,Low,Innovation
MISSING_HOST::EMP11457,1,0,0,0,0,1,0,0,0,0,0,0,0,1,1,4,1 malware/ransomware alert(s); 1 identity review concern(s),0,0,0,3,0,0,0,0,0,0,0,1,Low,,,Legal
MISSING_HOST::EMP11499,1,0,0,0,0,1,0,0,0,0,0,0,0,1,1,4,1 malware/ransomware alert(s); 1 identity review concern(s),0,0,0,3,0,0,0,0,0,0,0,1,Low,,Critical,Ops Team
MISSING_HOST::EMP11531,1,0,0,1,0,1,0,0,0,0,0,0,0,1,1,4,1 malware/ransomware alert(s); 1 identity review concern(s),0,0,0,3,0,0,0,0,0,0,0,1,Low,,Medium,Sales
MISSING_HOST::EMP11564,1,0,0,1,0,1,0,0,0,0,0,0,0,1,1,4,1 malware/ransomware alert(s); 1 identity review concern(s),0,0,0,3,0,0,0,0,0,0,0,1,Low,,Medium,Operations
MISSING_HOST::EMP11601,1,0,0,1,0,1,0,0,0,0,0,0,0,1,1,4,1 malware/ransomware alert(s); 1 identity review concern(s),0,0,0,3,0,0,0,0,0,0,0,1,Low,,High,Marketing
MISSING_HOST::EMP11612,1,0,0,0,0,1,0,0,0,0,0,0,0,1,1,4,1 malware/ransomware alert(s); 1 identity review concern(s),0,0,0,3,0,0,0,0,0,0,0,1,Low,,Low,Operations
MISSING_HOST::EMP11652,1,0,0,0,0,1,0,0,0,0,0,0,0,1,1,4,1 malware/ransomware alert(s); 1 identity review concern(s),0,0,0,3,0,0,0,0,0,0,0,1,Low,,Medium,Legal
MISSING_HOST::EMP11657,1,0,0,1,0,1,0,0,0,0,0,0,0,1,1,4,1 malware/ransomware alert(s); 1 identity review concern(s),0,0,0,3,0,0,0,0,0,0,0,1,Low,,Critical,Business Sales
MISSING_HOST::EMP11670,1,0,0,1,0,1,0,0,0,0,0,0,0,1,1,4,1 malware/ransomware alert(s); 1 identity review concern(s),0,0,0,3,0,0,0,0,0,0,0,1,Low,,Low,Information Tech
MISSING_HOST::EMP11699,1,0,0,1,0,1,0,0,0,0,0,0,0,1,1,4,1 malware/ransomware alert(s); 1 identity review concern(s),0,0,0,3,0,0,0,0,0,0,0,1,Low,,Critical,Operations
MISSING_HOST::EMP11755,1,0,0,1,0,0,0,0,1,0,0,1,0,1,1,4,1 credential-access alert(s); 1 identity review concern(s),0,0,0,0,0,0,2,0,0,1,0,1,Low,,,Information Technology
MISSING_HOST::EMP11772,1,0,0,1,0,1,0,0,0,0,0,0,0,1,1,4,1 malware/ransomware alert(s); 1 identity review concern(s),0,0,0,3,0,0,0,0,0,0,0,1,Low,,High,Hr
MISSING_HOST::EMP11774,1,0,1,1,0,0,0,0,0,0,0,0,0,1,1,4,1 identity review concern(s),0,3,0,0,0,0,0,0,0,0,0,1,Low,,Medium,Customer Support
MISSING_HOST::EMP11784,1,0,0,1,0,1,0,0,0,0,0,0,0,1,1,4,1 malware/ransomware alert(s); 1 identity review concern(s),0,0,0,3,0,0,0,0,0,0,0,1,Low,,,Customer Support
MISSING_HOST::EMP11809,1,0,0,1,0,1,0,0,0,0,0,0,0,1,1,4,1 malware/ransomware alert(s); 1 identity review concern(s),0,0,0,3,0,0,0,0,0,0,0,1,Low,,Low,Brand Team
MISSING_HOST::EMP11835,1,0,0,0,0,1,0,0,0,0,0,0,0,1,1,4,1 malware/ransomware alert(s); 1 identity review concern(s),0,0,0,3,0,0,0,0,0,0,0,1,Low,,,Legal
MISSING_HOST::EMP11865,1,0,0,1,0,1,0,0,0,0,0,0,0,1,1,4,1 malware/ransomware alert(s); 1 identity review concern(s),0,0,0,3,0,0,0,0,0,0,0,1,Low,,High,Finance Dept
MISSING_HOST::EMP11918,1,0,0,1,0,1,0,0,0,0,0,0,0,1,1,4,1 malware/ransomware alert(s); 1 identity review concern(s),0,0,0,3,0,0,0,0,0,0,0,1,Low,,Critical,Purchase
MISSING_HOST::EMP11995,1,0,0,1,0,1,0,0,0,0,0,0,0,1,1,4,1 malware/ransomware alert(s); 1 identity review concern(s),0,0,0,3,0,0,0,0,0,0,0,1,Low,,,Compliance
MISSING_HOST::EMP12088,1,0,0,1,0,1,0,0,0,0,0,0,0,1,1,4,1 malware/ransomware alert(s); 1 identity review concern(s),0,0,0,3,0,0,0,0,0,0,0,1,Low,,,Purch
MISSING_HOST::EMP12157,1,0,0,0,0,1,0,0,0,0,0,0,0,1,1,4,1 malware/ransomware alert(s); 1 identity review concern(s),0,0,0,3,0,0,0,0,0,0,0,1,Low,,Low,Brand Team
MISSING_HOST::EMP12164,1,0,0,0,0,1,0,0,0,0,0,0,0,1,1,4,1 malware/ransomware alert(s); 1 identity review concern(s),0,0,0,3,0,0,0,0,0,0,0,1,Low,,High,Marketing Dept
MISSING_HOST::EMP12177,1,0,0,0,0,0,0,1,0,0,0,1,0,1,1,4,1 lateral-movement alert(s); 1 identity review concern(s),0,0,0,0,0,2,0,0,0,1,0,1,Low,,High,Purch
MISSING_HOST::EMP12187,1,0,0,1,0,1,0,0,0,0,0,0,0,1,1,4,1 malware/ransomware alert(s); 1 identity review concern(s),0,0,0,3,0,0,0,0,0,0,0,1,Low,,Critical,Information Tech
MISSING_HOST::EMP12195,1,0,0,1,0,1,0,0,0,0,0,0,0,1,1,4,1 malware/ransomware alert(s); 1 identity review concern(s),0,0,0,3,0,0,0,0,0,0,0,1,Low,,Low,Procurement
MISSING_HOST::EMP12239,1,0,1,1,0,0,0,0,0,0,0,0,0,1,1,4,1 identity review concern(s),0,3,0,0,0,0,0,0,0,0,0,1,Low,,Low,Brand Team
MISSING_HOST::EMP12264,1,0,0,0,0,1,0,0,0,0,0,0,0,1,1,4,1 malware/ransomware alert(s); 1 identity review concern(s),0,0,0,3,0,0,0,0,0,0,0,1,Low,,High,Finance
MISSING_HOST::EMP12275,1,0,0,1,0,1,0,0,0,0,0,0,0,1,1,4,1 malware/ransomware alert(s); 1 identity review concern(s),0,0,0,3,0,0,0,0,0,0,0,1,Low,,,Procurement Team
MISSING_HOST::EMP12282,1,0,1,1,0,0,0,0,0,0,0,0,0,1,1,4,1 identity review concern(s),0,3,0,0,0,0,0,0,0,0,0,1,Low,,High,Marketing
MISSING_HOST::EMP12342,1,0,0,1,0,0,1,0,0,0,0,1,0,1,1,4,1 PowerShell alert(s); 1 identity review concern(s),0,0,0,0,2,0,0,0,0,1,0,1,Low,,High,Compliance
MISSING_HOST::EMP12367,1,0,0,0,0,1,0,0,0,0,0,0,0,1,1,4,1 malware/ransomware alert(s); 1 identity review concern(s),0,0,0,3,0,0,0,0,0,0,0,1,Low,,Critical,Procurement Team
MISSING_HOST::EMP12393,1,0,0,1,0,1,0,0,0,0,0,0,0,1,1,4,1 malware/ransomware alert(s); 1 identity review concern(s),0,0,0,3,0,0,0,0,0,0,0,1,Low,,High,Purchase
MISSING_HOST::EMP12471,1,0,0,1,0,1,0,0,0,0,0,0,0,1,1,4,1 malware/ransomware alert(s); 1 identity review concern(s),0,0,0,3,0,0,0,0,0,0,0,1,Low,,Medium,Marketing Dept
MISSING_HOST::EMP12543,1,0,0,1,0,1,0,0,0,0,0,0,0,1,1,4,1 malware/ransomware alert(s); 1 identity review concern(s),0,0,0,3,0,0,0,0,0,0,0,1,Low,,Low,Accounts
MISSING_HOST::EMP12554,1,0,0,1,0,1,0,0,0,0,0,0,0,1,1,4,1 malware/ransomware alert(s); 1 identity review concern(s),0,0,0,3,0,0,0,0,0,0,0,1,Low,,Low,Accounts
MISSING_HOST::EMP12558,1,0,0,0,0,1,0,0,0,0,0,0,0,1,1,4,1 malware/ransomware alert(s); 1 identity review concern(s),0,0,0,3,0,0,0,0,0,0,0,1,Low,,Medium,Mkt
MISSING_HOST::EMP12595,1,0,0,1,0,0,0,0,0,0,0,0,1,1,1,4,1 inactive-user event(s); 1 identity review concern(s),0,0,0,0,0,0,0,0,0,0,3,1,Low,,Medium,Legal
MISSING_HOST::EMP12604,1,0,0,0,0,1,0,0,0,0,0,0,0,1,1,4,1 malware/ransomware alert(s); 1 identity review concern(s),0,0,0,3,0,0,0,0,0,0,0,1,Low,,Medium,Mkt
MISSING_HOST::EMP12679,1,0,0,0,0,1,0,0,0,0,0,0,0,1,1,4,1 malware/ransomware alert(s); 1 identity review concern(s),0,0,0,3,0,0,0,0,0,0,0,1,Low,,Critical,Legal
MISSING_HOST::EMP12770,1,0,1,1,0,0,0,0,0,0,0,0,0,1,1,4,1 identity review concern(s),0,3,0,0,0,0,0,0,0,0,0,1,Low,,Low,Finance
MISSING_HOST::EMP12781,1,0,0,0,0,0,0,0,0,0,0,0,1,1,1,4,1 inactive-user event(s); 1 identity review concern(s),0,0,0,0,0,0,0,0,0,0,3,1,Low,,Critical,Information Technology
MISSING_HOST::EMP12799,1,0,0,0,0,0,0,0,0,0,0,0,1,1,1,4,1 inactive-user event(s); 1 identity review concern(s),0,0,0,0,0,0,0,0,0,0,3,1,Low,,Critical,Ops
MISSING_HOST::EMP12826,1,0,0,0,0,1,0,0,0,0,0,0,0,1,1,4,1 malware/ransomware alert(s); 1 identity review concern(s),0,0,0,3,0,0,0,0,0,0,0,1,Low,,,Legal
MISSING_HOST::EMP12882,1,0,0,1,0,1,0,0,0,0,0,0,0,1,1,4,1 malware/ransomware alert(s); 1 identity review concern(s),0,0,0,3,0,0,0,0,0,0,0,1,Low,,Medium,Legal
MISSING_HOST::EMP12887,1,0,0,1,0,1,0,0,0,0,0,0,0,1,1,4,1 malware/ransomware alert(s); 1 identity review concern(s),0,0,0,3,0,0,0,0,0,0,0,1,Low,,Low,Finance
MISSING_HOST::EMP12916,1,0,0,1,0,1,0,0,0,0,0,0,0,1,1,4,1 malware/ransomware alert(s); 1 identity review concern(s),0,0,0,3,0,0,0,0,0,0,0,1,Low,,High,R&D
MISSING_HOST::EMP12930,1,0,0,1,0,1,0,0,0,0,0,0,0,1,1,4,1 malware/ransomware alert(s); 1 identity review concern(s),0,0,0,3,0,0,0,0,0,0,0,1,Low,,High,Purch
VDR-10053.CORP.LOCAL,1,0,0,0,0,1,0,0,0,0,0,0,0,1,1,4,1 malware/ransomware alert(s); 1 identity review concern(s),0,0,0,3,0,0,0,0,0,0,0,1,Low,VDR-10053.CORP.LOCAL,High,People Team
VDR-10060.CORP.LOCAL,1,0,0,1,0,1,0,0,0,0,0,0,0,1,1,4,1 malware/ransomware alert(s); 1 identity review concern(s),0,0,0,3,0,0,0,0,0,0,0,1,Low,VDR-10060.CORP.LOCAL,High,Purchase
VDR-10110.CORP.LOCAL,1,0,0,1,0,1,0,0,0,0,0,0,0,1,1,4,1 malware/ransomware alert(s); 1 identity review concern(s),0,0,0,3,0,0,0,0,0,0,0,1,Low,VDR-10110.CORP.LOCAL,,Hr Dept
VDR-10138.CORP.LOCAL,1,0,0,0,0,0,0,0,0,0,0,0,1,1,1,4,1 inactive-user event(s); 1 identity review concern(s),0,0,0,0,0,0,0,0,0,0,3,1,Low,VDR-10138.CORP.LOCAL,Low,Legal
VDR-10147,1,0,0,1,0,1,0,0,0,0,0,0,0,1,1,4,1 malware/ransomware alert(s); 1 identity review concern(s),0,0,0,3,0,0,0,0,0,0,0,1,Low,VDR-10147,Critical,Marketing Dept
VDR-10167,1,0,1,0,0,0,0,0,0,0,1,0,0,0,1,4,volume/low-severity activity only,0,3,0,0,0,0,0,0,1,0,0,0,Low,VDR-10167,Medium,Legal Dept
VDR-10278,1,0,0,0,0,1,0,0,0,0,0,0,0,1,1,4,1 malware/ransomware alert(s); 1 identity review concern(s),0,0,0,3,0,0,0,0,0,0,0,1,Low,VDR-10278,Medium,Finance
VDR-10285.CORP.LOCAL,1,0,0,0,0,0,0,0,0,0,0,0,1,1,1,4,1 inactive-user event(s); 1 identity review concern(s),0,0,0,0,0,0,0,0,0,0,3,1,Low,VDR-10285.CORP.LOCAL,Low,Customer Support
VDR-10322,1,0,0,1,0,1,0,0,0,0,0,0,0,1,1,4,1 malware/ransomware alert(s); 1 identity review concern(s),0,0,0,3,0,0,0,0,0,0,0,1,Low,VDR-10322,Medium,
VDR-10335.CORP.LOCAL,1,0,0,1,0,1,0,0,0,0,0,0,0,1,1,4,1 malware/ransomware alert(s); 1 identity review concern(s),0,0,0,3,0,0,0,0,0,0,0,1,Low,VDR-10335.CORP.LOCAL,High,Finance Dept
VDR-10339.CORP.LOCAL,1,0,0,0,0,1,0,0,0,0,0,0,0,1,1,4,1 malware/ransomware alert(s); 1 identity review concern(s),0,0,0,3,0,0,0,0,0,0,0,1,Low,VDR-10339.CORP.LOCAL,Medium,Finance Dept
VDR-10343.CORP.LOCAL,1,0,0,1,0,0,0,0,0,0,0,0,1,1,1,4,1 inactive-user event(s); 1 identity review concern(s),0,0,0,0,0,0,0,0,0,0,3,1,Low,VDR-10343.CORP.LOCAL,High,Sales Dept
VDR-10462.CORP.LOCAL,1,0,0,0,0,1,0,0,0,0,0,0,0,1,1,4,1 malware/ransomware alert(s); 1 identity review concern(s),0,0,0,3,0,0,0,0,0,0,0,1,Low,VDR-10462.CORP.LOCAL,Medium,Information Technology
VDR-10498.CORP.LOCAL,1,0,0,1,0,1,0,0,0,0,0,0,0,1,1,4,1 malware/ransomware alert(s); 1 identity review concern(s),0,0,0,3,0,0,0,0,0,0,0,1,Low,VDR-10498.CORP.LOCAL,High,Mkt
VDR-10519.CORP.LOCAL,1,0,0,0,0,1,0,0,0,0,0,0,0,1,1,4,1 malware/ransomware alert(s); 1 identity review concern(s),0,0,0,3,0,0,0,0,0,0,0,1,Low,VDR-10519.CORP.LOCAL,,Business Sales
VDR-10605.CORP.LOCAL,1,0,0,0,0,1,0,0,0,0,0,0,0,1,1,4,1 malware/ransomware alert(s); 1 identity review concern(s),0,0,0,3,0,0,0,0,0,0,0,1,Low,VDR-10605.CORP.LOCAL,Critical,Procurement Team
VDR-10703,1,0,0,0,0,0,0,0,0,0,1,0,1,0,1,4,1 inactive-user event(s),0,0,0,0,0,0,0,0,1,0,3,0,Low,VDR-10703,Low,Support
VDR-10703.CORP.LOCAL,1,0,0,0,0,0,0,0,0,0,0,0,1,1,1,4,1 inactive-user event(s); 1 identity review concern(s),0,0,0,0,0,0,0,0,0,0,3,1,Low,VDR-10703.CORP.LOCAL,Low,Support
VDR-10757,1,0,0,1,0,1,0,0,0,0,0,0,0,1,1,4,1 malware/ransomware alert(s); 1 identity review concern(s),0,0,0,3,0,0,0,0,0,0,0,1,Low,VDR-10757,High,Customer Support
VDR-10765.CORP.LOCAL,1,0,1,1,0,0,0,0,0,0,0,0,0,1,1,4,1 identity review concern(s),0,3,0,0,0,0,0,0,0,0,0,1,Low,VDR-10765.CORP.LOCAL,Low,Accounts
VDR-10772,1,0,0,0,0,1,0,0,0,0,0,0,0,1,1,4,1 malware/ransomware alert(s); 1 identity review concern(s),0,0,0,3,0,0,0,0,0,0,0,1,Low,VDR-10772,Medium,
VDR-10772.CORP.LOCAL,1,0,0,1,0,1,0,0,0,0,0,0,0,1,1,4,1 malware/ransomware alert(s); 1 identity review concern(s),0,0,0,3,0,0,0,0,0,0,0,1,Low,VDR-10772.CORP.LOCAL,Low,
VDR-10805.CORP.LOCAL,1,0,0,1,0,1,0,0,0,0,0,0,0,1,1,4,1 malware/ransomware alert(s); 1 identity review concern(s),0,0,0,3,0,0,0,0,0,0,0,1,Low,VDR-10805.CORP.LOCAL,High,People Team
VDR-11001,1,0,0,1,0,1,0,0,0,0,0,0,0,1,1,4,1 malware/ransomware alert(s); 1 identity review concern(s),0,0,0,3,0,0,0,0,0,0,0,1,Low,VDR-11001,High,
VDR-11081,1,0,1,0,0,0,0,0,0,0,1,0,0,0,1,4,volume/low-severity activity only,0,3,0,0,0,0,0,0,1,0,0,0,Low,VDR-11081,,Customer Care
VDR-11118,1,0,1,0,0,0,0,0,0,0,1,0,0,0,1,4,volume/low-severity activity only,0,3,0,0,0,0,0,0,1,0,0,0,Low,VDR-11118,High,R&D
VDR-11205.CORP.LOCAL,1,0,0,1,0,1,0,0,0,0,0,0,0,1,1,4,1 malware/ransomware alert(s); 1 identity review concern(s),0,0,0,3,0,0,0,0,0,0,0,1,Low,VDR-11205.CORP.LOCAL,,R&D
VDR-11210.CORP.LOCAL,1,0,0,1,0,1,0,0,0,0,0,0,0,1,1,4,1 malware/ransomware alert(s); 1 identity review concern(s),0,0,0,3,0,0,0,0,0,0,0,1,Low,VDR-11210.CORP.LOCAL,,Sales Team
VDR-11237,1,0,0,0,0,0,0,0,0,0,1,0,1,0,1,4,1 inactive-user event(s),0,0,0,0,0,0,0,0,1,0,3,0,Low,VDR-11237,High,Legal
VDR-11240,1,0,1,1,0,0,0,0,0,0,1,0,0,0,1,4,volume/low-severity activity only,0,3,0,0,0,0,0,0,1,0,0,0,Low,VDR-11240,,Sales
VDR-11279.CORP.LOCAL,1,0,0,1,0,1,0,0,0,0,0,0,0,1,1,4,1 malware/ransomware alert(s); 1 identity review concern(s),0,0,0,3,0,0,0,0,0,0,0,1,Low,VDR-11279.CORP.LOCAL,Critical,Customer Support
VDR-11297,1,0,0,0,0,1,0,0,0,0,0,0,0,1,1,4,1 malware/ransomware alert(s); 1 identity review concern(s),0,0,0,3,0,0,0,0,0,0,0,1,Low,VDR-11297,Medium,Finance Dept
VDR-11327.CORP.LOCAL,1,0,0,1,0,1,0,0,0,0,0,0,0,1,1,4,1 malware/ransomware alert(s); 1 identity review concern(s),0,0,0,3,0,0,0,0,0,0,0,1,Low,VDR-11327.CORP.LOCAL,High,Hr Dept
VDR-11330.CORP.LOCAL,1,0,0,0,0,1,0,0,0,0,0,0,0,1,1,4,1 malware/ransomware alert(s); 1 identity review concern(s),0,0,0,3,0,0,0,0,0,0,0,1,Low,VDR-11330.CORP.LOCAL,,
VDR-11338.CORP.LOCAL,1,0,0,1,0,1,0,0,0,0,0,0,0,1,1,4,1 malware/ransomware alert(s); 1 identity review concern(s),0,0,0,3,0,0,0,0,0,0,0,1,Low,VDR-11338.CORP.LOCAL,Medium,Marketing
VDR-11436.CORP.LOCAL,1,0,0,1,0,1,0,0,0,0,0,0,0,1,1,4,1 malware/ransomware alert(s); 1 identity review concern(s),0,0,0,3,0,0,0,0,0,0,0,1,Low,VDR-11436.CORP.LOCAL,Critical,Innovation
VDR-11494,1,0,1,0,0,0,0,0,0,0,1,0,0,0,1,4,volume/low-severity activity only,0,3,0,0,0,0,0,0,1,0,0,0,Low,VDR-11494,High,Information Tech
VDR-11527,1,0,1,1,0,0,0,0,0,0,1,0,0,0,1,4,volume/low-severity activity only,0,3,0,0,0,0,0,0,1,0,0,0,Low,VDR-11527,Low,Hr
VDR-11537.CORP.LOCAL,1,0,0,0,0,1,0,0,0,0,0,0,0,1,1,4,1 malware/ransomware alert(s); 1 identity review concern(s),0,0,0,3,0,0,0,0,0,0,0,1,Low,VDR-11537.CORP.LOCAL,Low,Purchase
VDR-11555.CORP.LOCAL,1,0,0,0,0,1,0,0,0,0,0,0,0,1,1,4,1 malware/ransomware alert(s); 1 identity review concern(s),0,0,0,3,0,0,0,0,0,0,0,1,Low,VDR-11555.CORP.LOCAL,,R&D
VDR-11606,1,0,1,1,0,0,0,0,0,0,1,0,0,0,1,4,volume/low-severity activity only,0,3,0,0,0,0,0,0,1,0,0,0,Low,VDR-11606,Low,People Team
VDR-11636.CORP.LOCAL,1,0,0,1,0,1,0,0,0,0,0,0,0,1,1,4,1 malware/ransomware alert(s); 1 identity review concern(s),0,0,0,3,0,0,0,0,0,0,0,1,Low,VDR-11636.CORP.LOCAL,High,Fin
VDR-11639.CORP.LOCAL,1,0,0,1,0,1,0,0,0,0,0,0,0,1,1,4,1 malware/ransomware alert(s); 1 identity review concern(s),0,0,0,3,0,0,0,0,0,0,0,1,Low,VDR-11639.CORP.LOCAL,High,Hr
VDR-11675.CORP.LOCAL,1,0,0,1,0,1,0,0,0,0,0,0,0,1,1,4,1 malware/ransomware alert(s); 1 identity review concern(s),0,0,0,3,0,0,0,0,0,0,0,1,Low,VDR-11675.CORP.LOCAL,,People Team
VDR-11811.CORP.LOCAL,1,0,0,0,0,0,0,0,0,0,1,0,1,0,1,4,1 inactive-user event(s),0,0,0,0,0,0,0,0,1,0,3,0,Low,VDR-11811.CORP.LOCAL,High,Legal
VDR-11858.CORP.LOCAL,1,0,0,0,0,1,0,0,0,0,0,0,0,1,1,4,1 malware/ransomware alert(s); 1 identity review concern(s),0,0,0,3,0,0,0,0,0,0,0,1,Low,VDR-11858.CORP.LOCAL,Medium,Procurement Team
VDR-11931,1,0,0,1,0,1,0,0,0,0,0,0,0,1,1,4,1 malware/ransomware alert(s); 1 identity review concern(s),0,0,0,3,0,0,0,0,0,0,0,1,Low,VDR-11931,Critical,It Dept
VDR-11961.CORP.LOCAL,1,0,0,1,0,0,0,0,0,0,0,0,1,1,1,4,1 inactive-user event(s); 1 identity review concern(s),0,0,0,0,0,0,0,0,0,0,3,1,Low,VDR-11961.CORP.LOCAL,High,Cs
VDR-11971,1,0,1,1,0,0,0,0,0,0,1,0,0,0,1,4,volume/low-severity activity only,0,3,0,0,0,0,0,0,1,0,0,0,Low,VDR-11971,Medium,It Support
VDR-12095.CORP.LOCAL,1,0,0,1,0,1,0,0,0,0,0,0,0,1,1,4,1 malware/ransomware alert(s); 1 identity review concern(s),0,0,0,3,0,0,0,0,0,0,0,1,Low,VDR-12095.CORP.LOCAL,High,Compliance
VDR-12129.CORP.LOCAL,1,0,0,0,0,1,0,0,0,0,0,0,0,1,1,4,1 malware/ransomware alert(s); 1 identity review concern(s),0,0,0,3,0,0,0,0,0,0,0,1,Low,VDR-12129.CORP.LOCAL,,Marketing Dept
VDR-12173,1,0,0,1,0,1,0,0,0,0,0,0,0,1,1,4,1 malware/ransomware alert(s); 1 identity review concern(s),0,0,0,3,0,0,0,0,0,0,0,1,Low,VDR-12173,Low,People Team
VDR-12286.CORP.LOCAL,1,0,0,0,0,1,0,0,0,0,0,0,0,1,1,4,1 malware/ransomware alert(s); 1 identity review concern(s),0,0,0,3,0,0,0,0,0,0,0,1,Low,VDR-12286.CORP.LOCAL,Critical,Hr
VDR-12525.CORP.LOCAL,1,0,0,1,0,1,0,0,0,0,0,0,0,1,1,4,1 malware/ransomware alert(s); 1 identity review concern(s),0,0,0,3,0,0,0,0,0,0,0,1,Low,VDR-12525.CORP.LOCAL,Medium,
VDR-12552.CORP.LOCAL,1,0,0,1,0,1,0,0,0,0,0,0,0,1,1,4,1 malware/ransomware alert(s); 1 identity review concern(s),0,0,0,3,0,0,0,0,0,0,0,1,Low,VDR-12552.CORP.LOCAL,Critical,Operations
VDR-12557,1,0,1,0,0,0,0,0,0,0,1,0,0,0,1,4,volume/low-severity activity only,0,3,0,0,0,0,0,0,1,0,0,0,Low,VDR-12557,Critical,Hr
VDR-12590,1,0,1,1,0,0,0,0,0,0,0,0,0,1,1,4,1 identity review concern(s),0,3,0,0,0,0,0,0,0,0,0,1,Low,VDR-12590,High,Brand Team
VDR-12764.CORP.LOCAL,1,0,0,1,0,1,0,0,0,0,0,0,0,1,1,4,1 malware/ransomware alert(s); 1 identity review concern(s),0,0,0,3,0,0,0,0,0,0,0,1,Low,VDR-12764.CORP.LOCAL,Medium,Customer Support
VDR-12771,1,0,1,1,0,0,0,0,0,0,1,0,0,0,1,4,volume/low-severity activity only,0,3,0,0,0,0,0,0,1,0,0,0,Low,VDR-12771,,Rnd
VDR-12956,1,0,0,1,0,0,0,0,0,0,0,0,1,1,1,4,1 inactive-user event(s); 1 identity review concern(s),0,0,0,0,0,0,0,0,0,0,3,1,Low,VDR-12956,High,Customer Support
VDR-12963.CORP.LOCAL,1,0,0,1,0,1,0,0,0,0,0,0,0,1,1,4,1 malware/ransomware alert(s); 1 identity review concern(s),0,0,0,3,0,0,0,0,0,0,0,1,Low,VDR-12963.CORP.LOCAL,Critical,Brand Team
VDR-12976,1,0,0,1,0,1,0,0,0,0,0,0,0,1,1,4,1 malware/ransomware alert(s); 1 identity review concern(s),0,0,0,3,0,0,0,0,0,0,0,1,Low,VDR-12976,Critical,Sales Team
WS-10004.CORP.LOCAL,1,0,0,0,0,1,0,0,0,0,0,0,0,1,1,4,1 malware/ransomware alert(s); 1 identity review concern(s),0,0,0,3,0,0,0,0,0,0,0,1,Low,WS-10004.CORP.LOCAL,Low,Operations Dept
WS-10039.CORP.LOCAL,1,0,0,1,0,1,0,0,0,0,0,0,0,1,1,4,1 malware/ransomware alert(s); 1 identity review concern(s),0,0,0,3,0,0,0,0,0,0,0,1,Low,WS-10039.CORP.LOCAL,Low,Finance
WS-10059,1,0,1,1,0,0,0,0,0,0,1,0,0,0,1,4,volume/low-severity activity only,0,3,0,0,0,0,0,0,1,0,0,0,Low,WS-10059,Critical,Human Resources
WS-10078,1,0,1,1,0,0,0,0,0,0,1,0,0,0,1,4,volume/low-severity activity only,0,3,0,0,0,0,0,0,1,0,0,0,Low,WS-10078,Critical,Research And Development
WS-10088.CORP.LOCAL,1,0,1,0,0,0,0,0,0,0,0,0,0,1,1,4,1 identity review concern(s),0,3,0,0,0,0,0,0,0,0,0,1,Low,WS-10088.CORP.LOCAL,,Business Sales
WS-10117.CORP.LOCAL,1,0,0,1,0,1,0,0,0,0,0,0,0,1,1,4,1 malware/ransomware alert(s); 1 identity review concern(s),0,0,0,3,0,0,0,0,0,0,0,1,Low,WS-10117.CORP.LOCAL,Medium,Information Tech
WS-10145,1,0,0,0,0,0,0,0,0,0,1,0,1,0,1,4,1 inactive-user event(s),0,0,0,0,0,0,0,0,1,0,3,0,Low,WS-10145,Medium,Marketing
WS-10184.CORP.LOCAL,1,0,0,1,0,1,0,0,0,0,0,0,0,1,1,4,1 malware/ransomware alert(s); 1 identity review concern(s),0,0,0,3,0,0,0,0,0,0,0,1,Low,WS-10184.CORP.LOCAL,Low,It
WS-10202.CORP.LOCAL,1,0,0,1,0,1,0,0,0,0,0,0,0,1,1,4,1 malware/ransomware alert(s); 1 identity review concern(s),0,0,0,3,0,0,0,0,0,0,0,1,Low,WS-10202.CORP.LOCAL,Critical,Rnd
WS-10284,1,0,0,1,0,1,0,0,0,0,0,0,0,1,1,4,1 malware/ransomware alert(s); 1 identity review concern(s),0,0,0,3,0,0,0,0,0,0,0,1,Low,WS-10284,Medium,Fin
WS-10376.CORP.LOCAL,1,0,0,0,0,1,0,0,0,0,0,0,0,1,1,4,1 malware/ransomware alert(s); 1 identity review concern(s),0,0,0,3,0,0,0,0,0,0,0,1,Low,WS-10376.CORP.LOCAL,High,It Support
WS-10397,1,0,0,1,0,1,0,0,0,0,0,0,0,1,1,4,1 malware/ransomware alert(s); 1 identity review concern(s),0,0,0,3,0,0,0,0,0,0,0,1,Low,WS-10397,Low,R&D
WS-10400.CORP.LOCAL,1,0,0,1,0,1,0,0,0,0,0,0,0,1,1,4,1 malware/ransomware alert(s); 1 identity review concern(s),0,0,0,3,0,0,0,0,0,0,0,1,Low,WS-10400.CORP.LOCAL,Medium,Legal
WS-10407.CORP.LOCAL,1,0,0,0,0,1,0,0,0,0,0,0,0,1,1,4,1 malware/ransomware alert(s); 1 identity review concern(s),0,0,0,3,0,0,0,0,0,0,0,1,Low,WS-10407.CORP.LOCAL,Medium,Human Resource
WS-10413,1,0,0,1,0,1,0,0,0,0,0,1,0,0,1,4,1 malware/ransomware alert(s),0,0,0,3,0,0,0,0,0,1,0,0,Low,WS-10413,Medium,People Team
WS-10422.CORP.LOCAL,1,0,1,0,0,0,0,0,0,0,0,0,0,1,1,4,1 identity review concern(s),0,3,0,0,0,0,0,0,0,0,0,1,Low,WS-10422.CORP.LOCAL,Critical,Brand Team
WS-10430.CORP.LOCAL,1,0,0,0,0,1,0,0,0,0,0,0,0,1,1,4,1 malware/ransomware alert(s); 1 identity review concern(s),0,0,0,3,0,0,0,0,0,0,0,1,Low,WS-10430.CORP.LOCAL,Critical,Compliance
WS-10456.CORP.LOCAL,1,0,0,1,0,1,0,0,0,0,0,0,0,1,1,4,1 malware/ransomware alert(s); 1 identity review concern(s),0,0,0,3,0,0,0,0,0,0,0,1,Low,WS-10456.CORP.LOCAL,Medium,Supply Chain
WS-10494.CORP.LOCAL,1,0,0,1,0,1,0,0,0,0,0,0,0,1,1,4,1 malware/ransomware alert(s); 1 identity review concern(s),0,0,0,3,0,0,0,0,0,0,0,1,Low,WS-10494.CORP.LOCAL,Low,Legal
WS-10508.CORP.LOCAL,1,0,0,0,0,1,0,0,0,0,0,0,0,1,1,4,1 malware/ransomware alert(s); 1 identity review concern(s),0,0,0,3,0,0,0,0,0,0,0,1,Low,WS-10508.CORP.LOCAL,High,It
WS-10515.CORP.LOCAL,1,0,0,1,0,1,0,0,0,0,0,0,0,1,1,4,1 malware/ransomware alert(s); 1 identity review concern(s),0,0,0,3,0,0,0,0,0,0,0,1,Low,WS-10515.CORP.LOCAL,Critical,People Team
WS-10584.CORP.LOCAL,1,0,0,1,0,1,0,0,0,0,0,0,0,1,1,4,1 malware/ransomware alert(s); 1 identity review concern(s),0,0,0,3,0,0,0,0,0,0,0,1,Low,WS-10584.CORP.LOCAL,High,Innovation
WS-10602.CORP.LOCAL,1,0,0,1,0,1,0,0,0,0,0,0,0,1,1,4,1 malware/ransomware alert(s); 1 identity review concern(s),0,0,0,3,0,0,0,0,0,0,0,1,Low,WS-10602.CORP.LOCAL,Medium,Purchase
WS-10620.CORP.LOCAL,1,0,0,0,0,1,0,0,0,0,0,0,0,1,1,4,1 malware/ransomware alert(s); 1 identity review concern(s),0,0,0,3,0,0,0,0,0,0,0,1,Low,WS-10620.CORP.LOCAL,Low,Ops Team
WS-10704.CORP.LOCAL,1,0,0,1,0,1,0,0,0,0,0,0,0,1,1,4,1 malware/ransomware alert(s); 1 identity review concern(s),0,0,0,3,0,0,0,0,0,0,0,1,Low,WS-10704.CORP.LOCAL,Low,Operations
WS-10725,1,0,1,1,0,0,0,0,0,0,1,0,0,0,1,4,volume/low-severity activity only,0,3,0,0,0,0,0,0,1,0,0,0,Low,WS-10725,Critical,Information Tech
WS-10729.CORP.LOCAL,1,0,0,1,0,1,0,0,0,0,0,0,0,1,1,4,1 malware/ransomware alert(s); 1 identity review concern(s),0,0,0,3,0,0,0,0,0,0,0,1,Low,WS-10729.CORP.LOCAL,Low,Hr
WS-10836,1,0,0,0,0,1,0,0,0,0,0,0,0,1,1,4,1 malware/ransomware alert(s); 1 identity review concern(s),0,0,0,3,0,0,0,0,0,0,0,1,Low,WS-10836,Low,Customer Support
WS-10871,1,0,0,1,0,1,0,0,0,0,0,0,0,1,1,4,1 malware/ransomware alert(s); 1 identity review concern(s),0,0,0,3,0,0,0,0,0,0,0,1,Low,WS-10871,Critical,Ops Team
WS-10916.CORP.LOCAL,1,0,0,1,0,1,0,0,0,0,0,0,0,1,1,4,1 malware/ransomware alert(s); 1 identity review concern(s),0,0,0,3,0,0,0,0,0,0,0,1,Low,WS-10916.CORP.LOCAL,Critical,Human Resource
WS-10970.CORP.LOCAL,1,0,0,1,0,0,0,0,0,0,0,0,1,1,1,4,1 inactive-user event(s); 1 identity review concern(s),0,0,0,0,0,0,0,0,0,0,3,1,Low,WS-10970.CORP.LOCAL,Medium,Human Resources
WS-11067.CORP.LOCAL,1,0,0,0,0,1,0,0,0,0,0,0,0,1,1,4,1 malware/ransomware alert(s); 1 identity review concern(s),0,0,0,3,0,0,0,0,0,0,0,1,Low,WS-11067.CORP.LOCAL,Medium,Brand Team
WS-11111.CORP.LOCAL,1,0,0,1,0,1,0,0,0,0,0,0,0,1,1,4,1 malware/ransomware alert(s); 1 identity review concern(s),0,0,0,3,0,0,0,0,0,0,0,1,Low,WS-11111.CORP.LOCAL,High,Accounts
WS-11143.CORP.LOCAL,1,0,0,0,0,1,0,0,0,0,0,0,0,1,1,4,1 malware/ransomware alert(s); 1 identity review concern(s),0,0,0,3,0,0,0,0,0,0,0,1,Low,WS-11143.CORP.LOCAL,,Cs
WS-11168.CORP.LOCAL,1,0,0,0,0,1,0,0,0,0,0,0,0,1,1,4,1 malware/ransomware alert(s); 1 identity review concern(s),0,0,0,3,0,0,0,0,0,0,0,1,Low,WS-11168.CORP.LOCAL,Critical,Accounts
WS-11286.CORP.LOCAL,1,0,0,0,0,1,0,0,0,0,0,0,0,1,1,4,1 malware/ransomware alert(s); 1 identity review concern(s),0,0,0,3,0,0,0,0,0,0,0,1,Low,WS-11286.CORP.LOCAL,Low,Rd
WS-11315,1,0,0,1,0,1,0,0,0,0,0,0,0,1,1,4,1 malware/ransomware alert(s); 1 identity review concern(s),0,0,0,3,0,0,0,0,0,0,0,1,Low,WS-11315,Low,Ops Team
WS-11354,1,0,0,1,0,1,0,0,0,0,0,0,0,1,1,4,1 malware/ransomware alert(s); 1 identity review concern(s),0,0,0,3,0,0,0,0,0,0,0,1,Low,WS-11354,,Business Sales
WS-11364,1,0,0,0,0,1,0,0,0,0,0,1,0,0,1,4,1 malware/ransomware alert(s),0,0,0,3,0,0,0,0,0,1,0,0,Low,WS-11364,,Rnd
WS-11415.CORP.LOCAL,1,0,0,0,0,1,0,0,0,0,0,0,0,1,1,4,1 malware/ransomware alert(s); 1 identity review concern(s),0,0,0,3,0,0,0,0,0,0,0,1,Low,WS-11415.CORP.LOCAL,Medium,Finance
WS-11521.CORP.LOCAL,1,0,1,0,0,0,0,0,0,0,0,0,0,1,1,4,1 identity review concern(s),0,3,0,0,0,0,0,0,0,0,0,1,Low,WS-11521.CORP.LOCAL,,Operations
WS-11553,1,0,0,1,0,1,0,0,0,0,0,0,0,1,1,4,1 malware/ransomware alert(s); 1 identity review concern(s),0,0,0,3,0,0,0,0,0,0,0,1,Low,WS-11553,Medium,Legal
WS-11595.CORP.LOCAL,1,0,0,1,0,1,0,0,0,0,0,0,0,1,1,4,1 malware/ransomware alert(s); 1 identity review concern(s),0,0,0,3,0,0,0,0,0,0,0,1,Low,WS-11595.CORP.LOCAL,Low,People Team
WS-11711.CORP.LOCAL,1,0,0,0,0,1,0,0,0,0,0,0,0,1,1,4,1 malware/ransomware alert(s); 1 identity review concern(s),0,0,0,3,0,0,0,0,0,0,0,1,Low,WS-11711.CORP.LOCAL,High,Human Resource
WS-11820.CORP.LOCAL,1,0,0,0,0,1,0,0,0,0,0,0,0,1,1,4,1 malware/ransomware alert(s); 1 identity review concern(s),0,0,0,3,0,0,0,0,0,0,0,1,Low,WS-11820.CORP.LOCAL,Medium,
WS-11844.CORP.LOCAL,1,0,0,1,0,1,0,0,0,0,0,0,0,1,1,4,1 malware/ransomware alert(s); 1 identity review concern(s),0,0,0,3,0,0,0,0,0,0,0,1,Low,WS-11844.CORP.LOCAL,Medium,Accounts
WS-11867.CORP.LOCAL,1,0,0,0,0,1,0,0,0,0,0,0,0,1,1,4,1 malware/ransomware alert(s); 1 identity review concern(s),0,0,0,3,0,0,0,0,0,0,0,1,Low,WS-11867.CORP.LOCAL,Low,Finance Dept
WS-11873.CORP.LOCAL,1,0,0,0,0,0,0,0,1,0,0,1,0,1,1,4,1 credential-access alert(s); 1 identity review concern(s),0,0,0,0,0,0,2,0,0,1,0,1,Low,WS-11873.CORP.LOCAL,Low,Business Sales
WS-12192.CORP.LOCAL,1,0,0,1,0,1,0,0,0,0,0,0,0,1,1,4,1 malware/ransomware alert(s); 1 identity review concern(s),0,0,0,3,0,0,0,0,0,0,0,1,Low,WS-12192.CORP.LOCAL,Critical,Marketing
WS-12287.CORP.LOCAL,1,0,0,1,0,1,0,0,0,0,0,0,0,1,1,4,1 malware/ransomware alert(s); 1 identity review concern(s),0,0,0,3,0,0,0,0,0,0,0,1,Low,WS-12287.CORP.LOCAL,High,Operations Dept
WS-12337.CORP.LOCAL,1,0,0,1,0,1,0,0,0,0,0,0,0,1,1,4,1 malware/ransomware alert(s); 1 identity review concern(s),0,0,0,3,0,0,0,0,0,0,0,1,Low,WS-12337.CORP.LOCAL,Low,Accounts
WS-12401,1,0,0,0,0,1,0,0,0,0,0,0,0,1,1,4,1 malware/ransomware alert(s); 1 identity review concern(s),0,0,0,3,0,0,0,0,0,0,0,1,Low,WS-12401,High,Cs
WS-12454,1,0,1,0,0,0,0,0,0,0,0,0,0,1,1,4,1 identity review concern(s),0,3,0,0,0,0,0,0,0,0,0,1,Low,WS-12454,Medium,Procurement Team
WS-12701.CORP.LOCAL,1,0,0,0,0,1,0,0,0,0,0,0,0,1,1,4,1 malware/ransomware alert(s); 1 identity review concern(s),0,0,0,3,0,0,0,0,0,0,0,1,Low,WS-12701.CORP.LOCAL,High,Rnd
WS-12812.CORP.LOCAL,1,0,0,0,0,1,0,0,0,0,0,0,0,1,1,4,1 malware/ransomware alert(s); 1 identity review concern(s),0,0,0,3,0,0,0,0,0,0,0,1,Low,WS-12812.CORP.LOCAL,Medium,Legal
WS-12827.CORP.LOCAL,1,0,0,1,0,1,0,0,0,0,0,0,0,1,1,4,1 malware/ransomware alert(s); 1 identity review concern(s),0,0,0,3,0,0,0,0,0,0,0,1,Low,WS-12827.CORP.LOCAL,Low,Customer Care
WS-12850.CORP.LOCAL,1,0,0,1,0,1,0,0,0,0,0,0,0,1,1,4,1 malware/ransomware alert(s); 1 identity review concern(s),0,0,0,3,0,0,0,0,0,0,0,1,Low,WS-12850.CORP.LOCAL,Medium,Information Tech
WS-12889.CORP.LOCAL,1,0,0,0,0,1,0,0,0,0,0,0,0,1,1,4,1 malware/ransomware alert(s); 1 identity review concern(s),0,0,0,3,0,0,0,0,0,0,0,1,Low,WS-12889.CORP.LOCAL,Low,Rnd
WS-12902.CORP.LOCAL,1,0,0,1,0,1,0,0,0,0,0,0,0,1,1,4,1 malware/ransomware alert(s); 1 identity review concern(s),0,0,0,3,0,0,0,0,0,0,0,1,Low,WS-12902.CORP.LOCAL,Critical,R&D
LPT-10258,3,0,0,2,0,0,0,0,1,0,1,0,0,0,1,3,1 credential-access alert(s),0,0,0,0,0,0,2,0,1,0,0,0,Low,LPT-10258,Medium,It Dept
LPT-12955,3,0,0,2,0,0,1,0,0,0,1,0,0,0,1,3,1 PowerShell alert(s),0,0,0,0,2,0,0,0,1,0,0,0,Low,LPT-12955,Low,Marketing Dept
VDR-11275,3,0,0,1,0,1,0,0,0,0,0,0,0,0,1,3,1 malware/ransomware alert(s),0,0,0,3,0,0,0,0,0,0,0,0,Low,VDR-11275,Medium,Legal Dept
VDR-12002,3,0,0,3,0,1,0,0,0,0,0,0,0,0,1,3,1 malware/ransomware alert(s),0,0,0,3,0,0,0,0,0,0,0,0,Low,VDR-12002,Medium,Information Technology
VDR-12598,3,0,0,2,0,0,0,0,1,0,1,0,0,0,1,3,1 credential-access alert(s),0,0,0,0,0,0,2,0,1,0,0,0,Low,VDR-12598,High,It Support
WS-10261,3,0,0,2,0,0,0,1,0,0,1,0,0,0,1,3,1 lateral-movement alert(s),0,0,0,0,0,2,0,0,1,0,0,0,Low,WS-10261,Medium,Fin
WS-10470,3,0,0,2,0,0,0,0,1,0,1,0,0,0,1,3,1 credential-access alert(s),0,0,0,0,0,0,2,0,1,0,0,0,Low,WS-10470,Critical,Supply Chain
WS-10517,3,0,0,0,0,0,1,0,0,0,1,0,0,0,1,3,1 PowerShell alert(s),0,0,0,0,2,0,0,0,1,0,0,0,Low,WS-10517,Low,Finance Dept
LPT-10122,2,0,1,0,0,0,0,0,0,0,0,0,0,0,1,3,volume/low-severity activity only,0,3,0,0,0,0,0,0,0,0,0,0,Low,LPT-10122,High,Legal Dept
LPT-10321,2,0,0,0,0,0,1,0,0,0,1,0,0,0,1,3,1 PowerShell alert(s),0,0,0,0,2,0,0,0,1,0,0,0,Low,LPT-10321,High,R&D
LPT-10360,2,0,0,2,0,0,0,1,0,0,1,0,0,0,1,3,1 lateral-movement alert(s),0,0,0,0,0,2,0,0,1,0,0,0,Low,LPT-10360,Low,Support
LPT-10691,2,0,0,1,0,0,1,0,0,0,1,0,0,0,1,3,1 PowerShell alert(s),0,0,0,0,2,0,0,0,1,0,0,0,Low,LPT-10691,Medium,Information Tech
LPT-10733,2,0,0,2,0,0,0,0,1,0,1,0,0,0,1,3,1 credential-access alert(s),0,0,0,0,0,0,2,0,1,0,0,0,Low,LPT-10733,Medium,Information Tech
LPT-10738,2,0,0,1,0,0,0,1,0,0,1,0,0,0,1,3,1 lateral-movement alert(s),0,0,0,0,0,2,0,0,1,0,0,0,Low,LPT-10738,Medium,Call Center
LPT-10798,2,0,0,0,0,0,0,0,1,0,1,0,0,0,1,3,1 credential-access alert(s),0,0,0,0,0,0,2,0,1,0,0,0,Low,LPT-10798,High,Operations
LPT-10921,2,0,0,2,0,0,0,0,1,0,1,0,0,0,1,3,1 credential-access alert(s),0,0,0,0,0,0,2,0,1,0,0,0,Low,LPT-10921,Critical,Support
LPT-11200,2,0,0,1,0,0,1,0,0,0,1,0,0,0,1,3,1 PowerShell alert(s),0,0,0,0,2,0,0,0,1,0,0,0,Low,LPT-11200,Low,Operations Dept
LPT-11310,2,0,0,0,0,0,0,1,0,0,1,0,0,0,1,3,1 lateral-movement alert(s),0,0,0,0,0,2,0,0,1,0,0,0,Low,LPT-11310,Medium,Legal
LPT-11485,2,0,0,2,0,0,0,1,0,0,1,0,0,0,1,3,1 lateral-movement alert(s),0,0,0,0,0,2,0,0,1,0,0,0,Low,LPT-11485,High,Sales
LPT-11574,2,0,0,2,0,0,0,0,1,0,1,0,0,0,1,3,1 credential-access alert(s),0,0,0,0,0,0,2,0,1,0,0,0,Low,LPT-11574,Low,Hr
LPT-11736,2,0,0,0,0,1,0,0,0,0,0,0,0,0,1,3,1 malware/ransomware alert(s),0,0,0,3,0,0,0,0,0,0,0,0,Low,LPT-11736,High,Ops Team
LPT-12143,2,0,1,0,0,0,0,0,0,0,0,0,0,0,1,3,volume/low-severity activity only,0,3,0,0,0,0,0,0,0,0,0,0,Low,LPT-12143,Low,Human Resource
LPT-12158,2,0,0,1,0,0,1,0,0,0,1,0,0,0,1,3,1 PowerShell alert(s),0,0,0,0,2,0,0,0,1,0,0,0,Low,LPT-12158,High,Ops
LPT-12182,2,0,0,1,0,0,0,0,0,0,1,0,0,2,1,3,2 identity review concern(s),0,0,0,0,0,0,0,0,1,0,0,2,Low,LPT-12182,Critical,Research And Development
LPT-12249,2,0,1,0,0,0,0,0,0,0,0,0,0,0,1,3,volume/low-severity activity only,0,3,0,0,0,0,0,0,0,0,0,0,Low,LPT-12249,High,Operations
LPT-12300,2,0,0,1,0,0,1,0,0,0,1,0,0,0,1,3,1 PowerShell alert(s),0,0,0,0,2,0,0,0,1,0,0,0,Low,LPT-12300,Low,Customer Care
LPT-12326,2,0,0,2,0,0,0,1,0,0,1,0,0,0,1,3,1 lateral-movement alert(s),0,0,0,0,0,2,0,0,1,0,0,0,Low,LPT-12326,Low,Information Technology
LPT-12582,2,0,0,2,0,1,0,0,0,0,0,0,0,0,1,3,1 malware/ransomware alert(s),0,0,0,3,0,0,0,0,0,0,0,0,Low,LPT-12582,Medium,Sales
LPT-12649,2,0,0,1,0,0,0,1,0,0,1,0,0,0,1,3,1 lateral-movement alert(s),0,0,0,0,0,2,0,0,1,0,0,0,Low,LPT-12649,Medium,Research And Development
LPT-12664,2,0,0,1,0,1,0,0,0,0,0,0,0,0,1,3,1 malware/ransomware alert(s),0,0,0,3,0,0,0,0,0,0,0,0,Low,LPT-12664,Low,Finance
LPT-12735,2,0,0,1,0,0,1,0,0,0,0,1,0,0,1,3,1 PowerShell alert(s),0,0,0,0,2,0,0,0,0,1,0,0,Low,LPT-12735,Medium,Brand Team
LPT-12763,2,0,0,1,0,1,0,0,0,0,0,0,0,0,1,3,1 malware/ransomware alert(s),0,0,0,3,0,0,0,0,0,0,0,0,Low,LPT-12763,High,Marketing Dept
LPT-12924,2,0,0,1,0,0,0,0,1,0,1,0,0,0,1,3,1 credential-access alert(s),0,0,0,0,0,0,2,0,1,0,0,0,Low,LPT-12924,High,Rnd
VDR-11396,2,0,0,2,0,0,0,1,0,0,1,0,0,0,1,3,1 lateral-movement alert(s),0,0,0,0,0,2,0,0,1,0,0,0,Low,VDR-11396,Medium,Legal
VDR-11575,2,0,0,1,0,0,0,0,1,0,1,0,0,0,1,3,1 credential-access alert(s),0,0,0,0,0,0,2,0,1,0,0,0,Low,VDR-11575,High,Sales
VDR-11587,2,0,0,1,0,0,0,0,1,0,1,0,0,0,1,3,1 credential-access alert(s),0,0,0,0,0,0,2,0,1,0,0,0,Low,VDR-11587,Medium,Purch
VDR-12141,2,0,0,2,0,0,0,0,0,0,1,0,0,2,1,3,2 identity review concern(s),0,0,0,0,0,0,0,0,1,0,0,2,Low,VDR-12141,Low,Legal
VDR-12452,2,0,0,1,0,0,0,0,1,0,1,0,0,0,1,3,1 credential-access alert(s),0,0,0,0,0,0,2,0,1,0,0,0,Low,VDR-12452,Critical,It
VDR-12764,2,0,0,2,0,0,0,0,1,0,1,0,0,0,1,3,1 credential-access alert(s),0,0,0,0,0,0,2,0,1,0,0,0,Low,VDR-12764,Low,Customer Support
VDR-12844,2,0,0,2,0,0,1,0,0,0,1,0,0,0,1,3,1 PowerShell alert(s),0,0,0,0,2,0,0,0,1,0,0,0,Low,VDR-12844,Low,Business Sales
WS-10185,2,0,1,0,0,0,0,0,0,0,0,0,0,0,1,3,volume/low-severity activity only,0,3,0,0,0,0,0,0,0,0,0,0,Low,WS-10185,Critical,People Team
WS-10506,2,0,0,1,0,0,0,1,0,0,1,0,0,0,1,3,1 lateral-movement alert(s),0,0,0,0,0,2,0,0,1,0,0,0,Low,WS-10506,Low,Innovation
WS-10681,2,0,0,1,0,1,0,0,0,0,0,0,0,0,1,3,1 malware/ransomware alert(s),0,0,0,3,0,0,0,0,0,0,0,0,Low,WS-10681,Low,Support
WS-11329,2,0,0,2,0,0,0,0,1,0,1,0,0,0,1,3,1 credential-access alert(s),0,0,0,0,0,0,2,0,1,0,0,0,Low,WS-11329,Critical,Human Resource
WS-11513,2,0,0,2,0,1,0,0,0,0,0,0,0,0,1,3,1 malware/ransomware alert(s),0,0,0,3,0,0,0,0,0,0,0,0,Low,WS-11513,High,Rd
WS-11777.CORP.LOCAL,2,0,0,1,0,0,0,0,0,0,1,0,0,2,1,3,2 identity review concern(s),0,0,0,0,0,0,0,0,1,0,0,2,Low,WS-11777.CORP.LOCAL,Low,Sales
WS-11873,2,0,0,1,0,0,0,0,1,0,1,0,0,0,1,3,1 credential-access alert(s),0,0,0,0,0,0,2,0,1,0,0,0,Low,WS-11873,Critical,Business Sales
WS-12261,2,0,0,0,0,0,1,0,0,0,1,0,0,0,1,3,1 PowerShell alert(s),0,0,0,0,2,0,0,0,1,0,0,0,Low,WS-12261,Low,Sales Team
WS-12317,2,0,0,2,0,1,0,0,0,0,0,0,0,0,1,3,1 malware/ransomware alert(s),0,0,0,3,0,0,0,0,0,0,0,0,Low,WS-12317,Low,Ops
WS-12671,2,0,0,1,0,0,1,0,0,0,1,0,0,0,1,3,1 PowerShell alert(s),0,0,0,0,2,0,0,0,1,0,0,0,Low,WS-12671,High,Sales Dept
WS-12938,2,0,0,2,0,0,1,0,0,0,1,0,0,0,1,3,1 PowerShell alert(s),0,0,0,0,2,0,0,0,1,0,0,0,Low,WS-12938,Critical,People Team
LPT-10002.CORP.LOCAL,1,0,0,1,0,0,0,1,0,0,0,0,0,1,1,3,1 lateral-movement alert(s); 1 identity review concern(s),0,0,0,0,0,2,0,0,0,0,0,1,Low,LPT-10002.CORP.LOCAL,Low,Sales
LPT-10026.CORP.LOCAL,1,0,0,1,0,0,1,0,0,0,0,0,0,1,1,3,1 PowerShell alert(s); 1 identity review concern(s),0,0,0,0,2,0,0,0,0,0,0,1,Low,LPT-10026.CORP.LOCAL,Low,It Dept
LPT-10083.CORP.LOCAL,1,0,0,0,0,0,0,0,1,0,0,0,0,1,1,3,1 credential-access alert(s); 1 identity review concern(s),0,0,0,0,0,0,2,0,0,0,0,1,Low,LPT-10083.CORP.LOCAL,Critical,Research And Development
LPT-10215,1,0,0,0,0,1,0,0,0,0,0,0,0,0,1,3,1 malware/ransomware alert(s),0,0,0,3,0,0,0,0,0,0,0,0,Low,LPT-10215,,Procurement Team
LPT-10215.CORP.LOCAL,1,0,0,1,0,0,0,1,0,0,0,0,0,1,1,3,1 lateral-movement alert(s); 1 identity review concern(s),0,0,0,0,0,2,0,0,0,0,0,1,Low,LPT-10215.CORP.LOCAL,High,Procurement Team
LPT-10217.CORP.LOCAL,1,0,0,1,0,0,1,0,0,0,0,0,0,1,1,3,1 PowerShell alert(s); 1 identity review concern(s),0,0,0,0,2,0,0,0,0,0,0,1,Low,LPT-10217.CORP.LOCAL,High,It
LPT-10221,1,0,0,1,0,1,0,0,0,0,0,0,0,0,1,3,1 malware/ransomware alert(s),0,0,0,3,0,0,0,0,0,0,0,0,Low,LPT-10221,,Ops
LPT-10221.CORP.LOCAL,1,0,0,0,0,0,1,0,0,0,0,0,0,1,1,3,1 PowerShell alert(s); 1 identity review concern(s),0,0,0,0,2,0,0,0,0,0,0,1,Low,LPT-10221.CORP.LOCAL,Low,Ops
LPT-10223.CORP.LOCAL,1,0,0,0,0,0,1,0,0,0,0,0,0,1,1,3,1 PowerShell alert(s); 1 identity review concern(s),0,0,0,0,2,0,0,0,0,0,0,1,Low,LPT-10223.CORP.LOCAL,Low,Ops Team
LPT-10271.CORP.LOCAL,1,0,0,1,0,0,0,0,1,0,0,0,0,1,1,3,1 credential-access alert(s); 1 identity review concern(s),0,0,0,0,0,0,2,0,0,0,0,1,Low,LPT-10271.CORP.LOCAL,Medium,Legal
LPT-10277,1,0,0,0,0,0,0,0,0,0,0,0,1,0,1,3,1 inactive-user event(s),0,0,0,0,0,0,0,0,0,0,3,0,Low,LPT-10277,Low,Marketing
LPT-10375,1,0,0,0,0,1,0,0,0,0,0,0,0,0,1,3,1 malware/ransomware alert(s),0,0,0,3,0,0,0,0,0,0,0,0,Low,LPT-10375,Medium,Supply Chain
LPT-10451,1,0,0,1,0,1,0,0,0,0,0,0,0,0,1,3,1 malware/ransomware alert(s),0,0,0,3,0,0,0,0,0,0,0,0,Low,LPT-10451,Critical,Operations Dept
LPT-10557,1,0,0,1,0,1,0,0,0,0,0,0,0,0,1,3,1 malware/ransomware alert(s),0,0,0,3,0,0,0,0,0,0,0,0,Low,LPT-10557,Low,Finance Dept
LPT-10567,1,0,0,1,0,0,1,0,0,0,0,1,0,0,1,3,1 PowerShell alert(s),0,0,0,0,2,0,0,0,0,1,0,0,Low,LPT-10567,Critical,Legal
LPT-10646,1,0,0,0,0,0,0,0,0,0,0,0,1,0,1,3,1 inactive-user event(s),0,0,0,0,0,0,0,0,0,0,3,0,Low,LPT-10646,Critical,People Team
LPT-10676.CORP.LOCAL,1,0,0,1,0,0,0,1,0,0,0,0,0,1,1,3,1 lateral-movement alert(s); 1 identity review concern(s),0,0,0,0,0,2,0,0,0,0,0,1,Low,LPT-10676.CORP.LOCAL,,R&D
LPT-10742,1,0,0,1,0,0,0,0,1,0,0,0,0,1,1,3,1 credential-access alert(s); 1 identity review concern(s),0,0,0,0,0,0,2,0,0,0,0,1,Low,LPT-10742,,Innovation
LPT-10804,1,0,0,0,0,1,0,0,0,0,0,0,0,0,1,3,1 malware/ransomware alert(s),0,0,0,3,0,0,0,0,0,0,0,0,Low,LPT-10804,Low,Procurement
LPT-10880.CORP.LOCAL,1,0,0,1,0,0,0,1,0,0,0,0,0,1,1,3,1 lateral-movement alert(s); 1 identity review concern(s),0,0,0,0,0,2,0,0,0,0,0,1,Low,LPT-10880.CORP.LOCAL,Low,Operations
LPT-10905.CORP.LOCAL,1,0,0,0,0,0,0,0,1,0,0,0,0,1,1,3,1 credential-access alert(s); 1 identity review concern(s),0,0,0,0,0,0,2,0,0,0,0,1,Low,LPT-10905.CORP.LOCAL,Low,Finance
LPT-10912.CORP.LOCAL,1,0,0,1,0,0,0,1,0,0,0,0,0,1,1,3,1 lateral-movement alert(s); 1 identity review concern(s),0,0,0,0,0,2,0,0,0,0,0,1,Low,LPT-10912.CORP.LOCAL,Low,
LPT-10968,1,0,0,1,0,1,0,0,0,0,0,0,0,0,1,3,1 malware/ransomware alert(s),0,0,0,3,0,0,0,0,0,0,0,0,Low,LPT-10968,,Supply Chain
LPT-11005.CORP.LOCAL,1,0,0,1,0,0,0,1,0,0,0,0,0,1,1,3,1 lateral-movement alert(s); 1 identity review concern(s),0,0,0,0,0,2,0,0,0,0,0,1,Low,LPT-11005.CORP.LOCAL,Medium,
LPT-11034,1,0,0,1,0,1,0,0,0,0,0,0,0,0,1,3,1 malware/ransomware alert(s),0,0,0,3,0,0,0,0,0,0,0,0,Low,LPT-11034,Medium,Legal
LPT-11048.CORP.LOCAL,1,0,0,1,0,0,0,1,0,0,0,0,0,1,1,3,1 lateral-movement alert(s); 1 identity review concern(s),0,0,0,0,0,2,0,0,0,0,0,1,Low,LPT-11048.CORP.LOCAL,Medium,Finance
LPT-11105,1,0,0,1,0,1,0,0,0,0,0,0,0,0,1,3,1 malware/ransomware alert(s),0,0,0,3,0,0,0,0,0,0,0,0,Low,LPT-11105,Low,Operations Dept
LPT-11115.CORP.LOCAL,1,0,0,1,0,0,1,0,0,0,0,0,0,1,1,3,1 PowerShell alert(s); 1 identity review concern(s),0,0,0,0,2,0,0,0,0,0,0,1,Low,LPT-11115.CORP.LOCAL,,Mkt
LPT-11149,1,0,0,1,0,1,0,0,0,0,0,0,0,0,1,3,1 malware/ransomware alert(s),0,0,0,3,0,0,0,0,0,0,0,0,Low,LPT-11149,Critical,Marketing Dept
LPT-11176,1,0,0,0,0,1,0,0,0,0,0,0,0,0,1,3,1 malware/ransomware alert(s),0,0,0,3,0,0,0,0,0,0,0,0,Low,LPT-11176,,Procurement Team
LPT-11212.CORP.LOCAL,1,0,0,0,0,0,0,1,0,0,0,0,0,1,1,3,1 lateral-movement alert(s); 1 identity review concern(s),0,0,0,0,0,2,0,0,0,0,0,1,Low,LPT-11212.CORP.LOCAL,Medium,Customer Support
LPT-11259,1,0,0,1,0,0,0,0,1,0,0,0,0,1,1,3,1 credential-access alert(s); 1 identity review concern(s),0,0,0,0,0,0,2,0,0,0,0,1,Low,LPT-11259,Medium,Human Resource
LPT-11341,1,0,0,1,0,0,0,0,0,0,0,0,1,0,1,3,1 inactive-user event(s),0,0,0,0,0,0,0,0,0,0,3,0,Low,LPT-11341,Critical,Call Center
LPT-11414.CORP.LOCAL,1,0,0,1,0,0,1,0,0,0,0,0,0,1,1,3,1 PowerShell alert(s); 1 identity review concern(s),0,0,0,0,2,0,0,0,0,0,0,1,Low,LPT-11414.CORP.LOCAL,Low,Research And Development
LPT-11428,1,0,1,0,0,0,0,0,0,0,0,0,0,0,1,3,volume/low-severity activity only,0,3,0,0,0,0,0,0,0,0,0,0,Low,LPT-11428,High,Compliance
LPT-11453,1,0,0,0,0,1,0,0,0,0,0,0,0,0,1,3,1 malware/ransomware alert(s),0,0,0,3,0,0,0,0,0,0,0,0,Low,LPT-11453,,Sales
LPT-11472.CORP.LOCAL,1,0,0,0,0,0,1,0,0,0,0,0,0,1,1,3,1 PowerShell alert(s); 1 identity review concern(s),0,0,0,0,2,0,0,0,0,0,0,1,Low,LPT-11472.CORP.LOCAL,Medium,Operations
LPT-11571,1,0,0,0,0,1,0,0,0,0,0,0,0,0,1,3,1 malware/ransomware alert(s),0,0,0,3,0,0,0,0,0,0,0,0,Low,LPT-11571,High,R&D
LPT-11573,1,0,0,1,0,0,0,1,0,0,0,0,0,1,1,3,1 lateral-movement alert(s); 1 identity review concern(s),0,0,0,0,0,2,0,0,0,0,0,1,Low,LPT-11573,High,Sales
LPT-11673,1,0,0,0,0,0,0,0,0,0,0,0,1,0,1,3,1 inactive-user event(s),0,0,0,0,0,0,0,0,0,0,3,0,Low,LPT-11673,Critical,Operations
LPT-11741,1,0,0,0,0,1,0,0,0,0,0,0,0,0,1,3,1 malware/ransomware alert(s),0,0,0,3,0,0,0,0,0,0,0,0,Low,LPT-11741,High,Customer Support
LPT-11741.CORP.LOCAL,1,0,0,1,0,0,0,1,0,0,0,0,0,1,1,3,1 lateral-movement alert(s); 1 identity review concern(s),0,0,0,0,0,2,0,0,0,0,0,1,Low,LPT-11741.CORP.LOCAL,High,Customer Support
LPT-11764,1,0,0,1,0,1,0,0,0,0,0,0,0,0,1,3,1 malware/ransomware alert(s),0,0,0,3,0,0,0,0,0,0,0,0,Low,LPT-11764,High,Sales Team
LPT-11770,1,0,0,1,0,0,0,1,0,0,0,0,0,1,1,3,1 lateral-movement alert(s); 1 identity review concern(s),0,0,0,0,0,2,0,0,0,0,0,1,Low,LPT-11770,High,Research And Development
LPT-11837,1,0,0,1,0,1,0,0,0,0,0,0,0,0,1,3,1 malware/ransomware alert(s),0,0,0,3,0,0,0,0,0,0,0,0,Low,LPT-11837,Low,Sales Dept
LPT-11887,1,0,0,0,0,0,0,1,0,0,0,0,0,1,1,3,1 lateral-movement alert(s); 1 identity review concern(s),0,0,0,0,0,2,0,0,0,0,0,1,Low,LPT-11887,Medium,People Team
LPT-11919,1,0,0,1,0,1,0,0,0,0,0,0,0,0,1,3,1 malware/ransomware alert(s),0,0,0,3,0,0,0,0,0,0,0,0,Low,LPT-11919,,Legal
LPT-11984,1,0,0,1,0,1,0,0,0,0,0,0,0,0,1,3,1 malware/ransomware alert(s),0,0,0,3,0,0,0,0,0,0,0,0,Low,LPT-11984,Medium,Legal Dept
LPT-11993.CORP.LOCAL,1,0,0,0,0,0,1,0,0,0,0,0,0,1,1,3,1 PowerShell alert(s); 1 identity review concern(s),0,0,0,0,2,0,0,0,0,0,0,1,Low,LPT-11993.CORP.LOCAL,Low,Information Tech
LPT-12000.CORP.LOCAL,1,0,0,0,0,0,0,0,1,0,0,0,0,1,1,3,1 credential-access alert(s); 1 identity review concern(s),0,0,0,0,0,0,2,0,0,0,0,1,Low,LPT-12000.CORP.LOCAL,Low,Legal
LPT-12006.CORP.LOCAL,1,0,0,0,0,0,0,0,1,0,0,0,0,1,1,3,1 credential-access alert(s); 1 identity review concern(s),0,0,0,0,0,0,2,0,0,0,0,1,Low,LPT-12006.CORP.LOCAL,Medium,Legal
LPT-12011,1,0,1,0,0,0,0,0,0,0,0,0,0,0,1,3,volume/low-severity activity only,0,3,0,0,0,0,0,0,0,0,0,0,Low,LPT-12011,Low,Procurement Team
LPT-12070,1,0,0,1,0,1,0,0,0,0,0,0,0,0,1,3,1 malware/ransomware alert(s),0,0,0,3,0,0,0,0,0,0,0,0,Low,LPT-12070,High,Cs
LPT-12105.CORP.LOCAL,1,0,0,1,0,0,0,0,1,0,0,0,0,1,1,3,1 credential-access alert(s); 1 identity review concern(s),0,0,0,0,0,0,2,0,0,0,0,1,Low,LPT-12105.CORP.LOCAL,Low,Ops
LPT-12114,1,0,0,0,0,1,0,0,0,0,0,0,0,0,1,3,1 malware/ransomware alert(s),0,0,0,3,0,0,0,0,0,0,0,0,Low,LPT-12114,High,R&D
LPT-12133.CORP.LOCAL,1,0,0,1,0,0,1,0,0,0,0,0,0,1,1,3,1 PowerShell alert(s); 1 identity review concern(s),0,0,0,0,2,0,0,0,0,0,0,1,Low,LPT-12133.CORP.LOCAL,Critical,Customer Support
LPT-12138,1,0,0,0,0,1,0,0,0,0,0,0,0,0,1,3,1 malware/ransomware alert(s),0,0,0,3,0,0,0,0,0,0,0,0,Low,LPT-12138,Low,Sales Dept
LPT-12146,1,0,0,1,0,0,0,0,1,0,0,0,0,1,1,3,1 credential-access alert(s); 1 identity review concern(s),0,0,0,0,0,0,2,0,0,0,0,1,Low,LPT-12146,Medium,Mkt
LPT-12149.CORP.LOCAL,1,0,0,1,0,0,1,0,0,0,0,0,0,1,1,3,1 PowerShell alert(s); 1 identity review concern(s),0,0,0,0,2,0,0,0,0,0,0,1,Low,LPT-12149.CORP.LOCAL,High,Legal
LPT-12169.CORP.LOCAL,1,0,0,0,0,0,0,1,0,0,0,0,0,1,1,3,1 lateral-movement alert(s); 1 identity review concern(s),0,0,0,0,0,2,0,0,0,0,0,1,Low,LPT-12169.CORP.LOCAL,,Operations
LPT-12183.CORP.LOCAL,1,0,0,0,0,0,1,0,0,0,0,0,0,1,1,3,1 PowerShell alert(s); 1 identity review concern(s),0,0,0,0,2,0,0,0,0,0,0,1,Low,LPT-12183.CORP.LOCAL,Low,Research And Development
LPT-12202.CORP.LOCAL,1,0,0,1,0,0,0,1,0,0,0,0,0,1,1,3,1 lateral-movement alert(s); 1 identity review concern(s),0,0,0,0,0,2,0,0,0,0,0,1,Low,LPT-12202.CORP.LOCAL,Low,Marketing
LPT-12207,1,0,0,1,0,1,0,0,0,0,0,0,0,0,1,3,1 malware/ransomware alert(s),0,0,0,3,0,0,0,0,0,0,0,0,Low,LPT-12207,Low,Legal
LPT-12252,1,0,0,0,0,1,0,0,0,0,0,0,0,0,1,3,1 malware/ransomware alert(s),0,0,0,3,0,0,0,0,0,0,0,0,Low,LPT-12252,Critical,Human Resources
LPT-12259,1,0,0,1,0,1,0,0,0,0,0,0,0,0,1,3,1 malware/ransomware alert(s),0,0,0,3,0,0,0,0,0,0,0,0,Low,LPT-12259,High,Procurement
LPT-12303,1,0,0,1,0,1,0,0,0,0,0,0,0,0,1,3,1 malware/ransomware alert(s),0,0,0,3,0,0,0,0,0,0,0,0,Low,LPT-12303,Low,Finance
LPT-12380,1,0,0,1,0,0,0,0,0,0,0,0,1,0,1,3,1 inactive-user event(s),0,0,0,0,0,0,0,0,0,0,3,0,Low,LPT-12380,High,Customer Support
LPT-12382,1,0,1,0,0,0,0,0,0,0,0,0,0,0,1,3,volume/low-severity activity only,0,3,0,0,0,0,0,0,0,0,0,0,Low,LPT-12382,Medium,People Team
LPT-12504,1,0,0,0,0,1,0,0,0,0,0,0,0,0,1,3,1 malware/ransomware alert(s),0,0,0,3,0,0,0,0,0,0,0,0,Low,LPT-12504,,Mkt
LPT-12505,1,0,0,0,0,0,1,0,0,0,0,0,0,1,1,3,1 PowerShell alert(s); 1 identity review concern(s),0,0,0,0,2,0,0,0,0,0,0,1,Low,LPT-12505,Low,
LPT-12508,1,0,0,1,0,1,0,0,0,0,0,0,0,0,1,3,1 malware/ransomware alert(s),0,0,0,3,0,0,0,0,0,0,0,0,Low,LPT-12508,High,Hr
LPT-12510,1,0,0,0,0,1,0,0,0,0,0,0,0,0,1,3,1 malware/ransomware alert(s),0,0,0,3,0,0,0,0,0,0,0,0,Low,LPT-12510,High,Compliance
LPT-12565.CORP.LOCAL,1,0,0,1,0,1,0,0,0,0,0,0,0,0,1,3,1 malware/ransomware alert(s),0,0,0,3,0,0,0,0,0,0,0,0,Low,LPT-12565.CORP.LOCAL,Low,Ops
LPT-12583.CORP.LOCAL,1,0,0,1,0,0,0,1,0,0,0,0,0,1,1,3,1 lateral-movement alert(s); 1 identity review concern(s),0,0,0,0,0,2,0,0,0,0,0,1,Low,LPT-12583.CORP.LOCAL,,It
LPT-12670.CORP.LOCAL,1,0,0,0,0,0,0,1,0,0,0,0,0,1,1,3,1 lateral-movement alert(s); 1 identity review concern(s),0,0,0,0,0,2,0,0,0,0,0,1,Low,LPT-12670.CORP.LOCAL,Medium,Procurement
LPT-12700,1,0,0,0,0,0,0,0,1,0,0,0,0,1,1,3,1 credential-access alert(s); 1 identity review concern(s),0,0,0,0,0,0,2,0,0,0,0,1,Low,LPT-12700,Low,Finance
LPT-12769.CORP.LOCAL,1,0,0,1,0,0,0,1,0,0,0,0,0,1,1,3,1 lateral-movement alert(s); 1 identity review concern(s),0,0,0,0,0,2,0,0,0,0,0,1,Low,LPT-12769.CORP.LOCAL,High,Procurement Team
LPT-12779,1,0,0,1,0,1,0,0,0,0,0,0,0,0,1,3,1 malware/ransomware alert(s),0,0,0,3,0,0,0,0,0,0,0,0,Low,LPT-12779,Medium,Finance Dept
LPT-12800.CORP.LOCAL,1,0,0,0,0,0,1,0,0,0,0,0,0,1,1,3,1 PowerShell alert(s); 1 identity review concern(s),0,0,0,0,2,0,0,0,0,0,0,1,Low,LPT-12800.CORP.LOCAL,Critical,Support
LPT-12884,1,0,0,1,0,1,0,0,0,0,0,0,0,0,1,3,1 malware/ransomware alert(s),0,0,0,3,0,0,0,0,0,0,0,0,Low,LPT-12884,High,It
LPT-12899.CORP.LOCAL,1,0,0,1,0,0,0,1,0,0,0,0,0,1,1,3,1 lateral-movement alert(s); 1 identity review concern(s),0,0,0,0,0,2,0,0,0,0,0,1,Low,LPT-12899.CORP.LOCAL,Low,Legal Dept
LPT-12954,1,0,0,1,0,1,0,0,0,0,0,0,0,0,1,3,1 malware/ransomware alert(s),0,0,0,3,0,0,0,0,0,0,0,0,Low,LPT-12954,Medium,Customer Care
MISSING_HOST::EMP10029,1,0,0,0,0,0,0,1,0,0,0,0,0,1,1,3,1 lateral-movement alert(s); 1 identity review concern(s),0,0,0,0,0,2,0,0,0,0,0,1,Low,,Medium,Procurement Team
MISSING_HOST::EMP10039,1,0,0,1,0,0,1,0,0,0,0,0,0,1,1,3,1 PowerShell alert(s); 1 identity review concern(s),0,0,0,0,2,0,0,0,0,0,0,1,Low,,Medium,Finance
MISSING_HOST::EMP10057,1,0,0,1,0,0,1,0,0,0,0,0,0,1,1,3,1 PowerShell alert(s); 1 identity review concern(s),0,0,0,0,2,0,0,0,0,0,0,1,Low,,Low,Mktg
MISSING_HOST::EMP10067,1,0,0,1,0,0,1,0,0,0,0,0,0,1,1,3,1 PowerShell alert(s); 1 identity review concern(s),0,0,0,0,2,0,0,0,0,0,0,1,Low,,,People Team
MISSING_HOST::EMP10069,1,0,0,0,0,0,0,0,1,0,0,0,0,1,1,3,1 credential-access alert(s); 1 identity review concern(s),0,0,0,0,0,0,2,0,0,0,0,1,Low,,Critical,Procurement
MISSING_HOST::EMP10085,1,0,0,0,0,0,1,0,0,0,0,0,0,1,1,3,1 PowerShell alert(s); 1 identity review concern(s),0,0,0,0,2,0,0,0,0,0,0,1,Low,,Critical,Business Sales
MISSING_HOST::EMP10124,1,0,0,0,0,0,0,1,0,0,0,0,0,1,1,3,1 lateral-movement alert(s); 1 identity review concern(s),0,0,0,0,0,2,0,0,0,0,0,1,Low,,,Ops Team
MISSING_HOST::EMP10161,1,0,0,0,0,0,0,1,0,0,0,0,0,1,1,3,1 lateral-movement alert(s); 1 identity review concern(s),0,0,0,0,0,2,0,0,0,0,0,1,Low,,,Human Resource
MISSING_HOST::EMP10274,1,0,0,1,0,0,0,0,1,0,0,0,0,1,1,3,1 credential-access alert(s); 1 identity review concern(s),0,0,0,0,0,0,2,0,0,0,0,1,Low,,Medium,Cs
MISSING_HOST::EMP10325,1,0,0,1,0,0,1,0,0,0,0,0,0,1,1,3,1 PowerShell alert(s); 1 identity review concern(s),0,0,0,0,2,0,0,0,0,0,0,1,Low,,Critical,Sales Team
MISSING_HOST::EMP10395,1,0,0,1,0,0,0,0,1,0,0,0,0,1,1,3,1 credential-access alert(s); 1 identity review concern(s),0,0,0,0,0,0,2,0,0,0,0,1,Low,,High,Finance
MISSING_HOST::EMP10396,1,0,0,1,0,0,0,0,1,0,0,0,0,1,1,3,1 credential-access alert(s); 1 identity review concern(s),0,0,0,0,0,0,2,0,0,0,0,1,Low,,Low,Cs
MISSING_HOST::EMP10508,1,0,0,1,0,0,0,0,1,0,0,0,0,1,1,3,1 credential-access alert(s); 1 identity review concern(s),0,0,0,0,0,0,2,0,0,0,0,1,Low,,Critical,It
MISSING_HOST::EMP10552,1,0,0,1,0,0,0,1,0,0,0,0,0,1,1,3,1 lateral-movement alert(s); 1 identity review concern(s),0,0,0,0,0,2,0,0,0,0,0,1,Low,,,Hr Dept
MISSING_HOST::EMP10558,1,0,0,1,0,0,0,0,1,0,0,0,0,1,1,3,1 credential-access alert(s); 1 identity review concern(s),0,0,0,0,0,0,2,0,0,0,0,1,Low,,,Marketing
MISSING_HOST::EMP10597,1,0,0,0,0,0,0,0,1,0,0,0,0,1,1,3,1 credential-access alert(s); 1 identity review concern(s),0,0,0,0,0,0,2,0,0,0,0,1,Low,,Medium,People Team
MISSING_HOST::EMP10605,1,0,0,0,0,0,1,0,0,0,0,0,0,1,1,3,1 PowerShell alert(s); 1 identity review concern(s),0,0,0,0,2,0,0,0,0,0,0,1,Low,,Low,Procurement Team
MISSING_HOST::EMP10622,1,0,0,1,0,0,0,1,0,0,0,0,0,1,1,3,1 lateral-movement alert(s); 1 identity review concern(s),0,0,0,0,0,2,0,0,0,0,0,1,Low,,Medium,Brand Team
MISSING_HOST::EMP10650,1,0,0,1,0,0,1,0,0,0,0,0,0,1,1,3,1 PowerShell alert(s); 1 identity review concern(s),0,0,0,0,2,0,0,0,0,0,0,1,Low,,,Finance
MISSING_HOST::EMP10656,1,0,0,1,0,0,1,0,0,0,0,0,0,1,1,3,1 PowerShell alert(s); 1 identity review concern(s),0,0,0,0,2,0,0,0,0,0,0,1,Low,,High,Cs
MISSING_HOST::EMP10677,1,0,0,1,0,0,0,0,1,0,0,0,0,1,1,3,1 credential-access alert(s); 1 identity review concern(s),0,0,0,0,0,0,2,0,0,0,0,1,Low,,,Call Center
MISSING_HOST::EMP10685,1,0,0,0,0,0,1,0,0,0,0,0,0,1,1,3,1 PowerShell alert(s); 1 identity review concern(s),0,0,0,0,2,0,0,0,0,0,0,1,Low,,Low,Ops Team
MISSING_HOST::EMP10709,1,0,0,1,0,0,0,1,0,0,0,0,0,1,1,3,1 lateral-movement alert(s); 1 identity review concern(s),0,0,0,0,0,2,0,0,0,0,0,1,Low,,High,Hr Dept
MISSING_HOST::EMP10761,1,0,0,0,0,0,0,1,0,0,0,0,0,1,1,3,1 lateral-movement alert(s); 1 identity review concern(s),0,0,0,0,0,2,0,0,0,0,0,1,Low,,Low,Rnd
MISSING_HOST::EMP10764,1,0,0,1,0,0,0,1,0,0,0,0,0,1,1,3,1 lateral-movement alert(s); 1 identity review concern(s),0,0,0,0,0,2,0,0,0,0,0,1,Low,,High,Purch
MISSING_HOST::EMP10817,1,0,0,1,0,0,1,0,0,0,0,0,0,1,1,3,1 PowerShell alert(s); 1 identity review concern(s),0,0,0,0,2,0,0,0,0,0,0,1,Low,,,Call Center
MISSING_HOST::EMP10850,1,0,0,0,0,0,0,0,1,0,0,0,0,1,1,3,1 credential-access alert(s); 1 identity review concern(s),0,0,0,0,0,0,2,0,0,0,0,1,Low,,Critical,People Team
MISSING_HOST::EMP10853,1,0,0,1,0,0,1,0,0,0,0,0,0,1,1,3,1 PowerShell alert(s); 1 identity review concern(s),0,0,0,0,2,0,0,0,0,0,0,1,Low,,High,Legal
MISSING_HOST::EMP10921,1,0,0,1,0,0,1,0,0,0,0,0,0,1,1,3,1 PowerShell alert(s); 1 identity review concern(s),0,0,0,0,2,0,0,0,0,0,0,1,Low,,,Support
MISSING_HOST::EMP10931,1,0,0,1,0,0,1,0,0,0,0,0,0,1,1,3,1 PowerShell alert(s); 1 identity review concern(s),0,0,0,0,2,0,0,0,0,0,0,1,Low,,Low,Customer Care
MISSING_HOST::EMP10937,1,0,0,0,0,0,1,0,0,0,0,0,0,1,1,3,1 PowerShell alert(s); 1 identity review concern(s),0,0,0,0,2,0,0,0,0,0,0,1,Low,,High,Ops
MISSING_HOST::EMP11023,1,0,0,1,0,0,0,0,1,0,0,0,0,1,1,3,1 credential-access alert(s); 1 identity review concern(s),0,0,0,0,0,0,2,0,0,0,0,1,Low,,,Rd
MISSING_HOST::EMP11089,1,0,0,1,0,0,0,1,0,0,0,0,0,1,1,3,1 lateral-movement alert(s); 1 identity review concern(s),0,0,0,0,0,2,0,0,0,0,0,1,Low,,Low,Customer Support
MISSING_HOST::EMP11162,1,0,0,1,0,0,0,1,0,0,0,0,0,1,1,3,1 lateral-movement alert(s); 1 identity review concern(s),0,0,0,0,0,2,0,0,0,0,0,1,Low,,High,Fin
MISSING_HOST::EMP11201,1,0,0,0,0,0,1,0,0,0,0,0,0,1,1,3,1 PowerShell alert(s); 1 identity review concern(s),0,0,0,0,2,0,0,0,0,0,0,1,Low,,Medium,Finance Dept
MISSING_HOST::EMP11236,1,0,0,0,0,0,0,0,1,0,0,0,0,1,1,3,1 credential-access alert(s); 1 identity review concern(s),0,0,0,0,0,0,2,0,0,0,0,1,Low,,High,Marketing Dept
MISSING_HOST::EMP11259,1,0,0,0,0,0,1,0,0,0,0,0,0,1,1,3,1 PowerShell alert(s); 1 identity review concern(s),0,0,0,0,2,0,0,0,0,0,0,1,Low,,High,Human Resource
MISSING_HOST::EMP11286,1,0,0,1,0,0,1,0,0,0,0,0,0,1,1,3,1 PowerShell alert(s); 1 identity review concern(s),0,0,0,0,2,0,0,0,0,0,0,1,Low,,High,Rd
MISSING_HOST::EMP11394,1,0,0,1,0,0,0,1,0,0,0,0,0,1,1,3,1 lateral-movement alert(s); 1 identity review concern(s),0,0,0,0,0,2,0,0,0,0,0,1,Low,,,Sales Dept
MISSING_HOST::EMP11437,1,0,0,0,0,0,0,1,0,0,0,0,0,1,1,3,1 lateral-movement alert(s); 1 identity review concern(s),0,0,0,0,0,2,0,0,0,0,0,1,Low,,High,Operations
MISSING_HOST::EMP11441,1,0,0,0,0,0,0,1,0,0,0,0,0,1,1,3,1 lateral-movement alert(s); 1 identity review concern(s),0,0,0,0,0,2,0,0,0,0,0,1,Low,,High,Operations
MISSING_HOST::EMP11442,1,0,0,1,0,0,0,1,0,0,0,0,0,1,1,3,1 lateral-movement alert(s); 1 identity review concern(s),0,0,0,0,0,2,0,0,0,0,0,1,Low,,Low,Purch
MISSING_HOST::EMP11444,1,0,0,0,0,0,1,0,0,0,0,0,0,1,1,3,1 PowerShell alert(s); 1 identity review concern(s),0,0,0,0,2,0,0,0,0,0,0,1,Low,,Low,Hr
MISSING_HOST::EMP11510,1,0,0,1,0,0,0,0,1,0,0,0,0,1,1,3,1 credential-access alert(s); 1 identity review concern(s),0,0,0,0,0,0,2,0,0,0,0,1,Low,,Medium,R&D
MISSING_HOST::EMP11556,1,0,0,1,0,0,0,0,1,0,0,0,0,1,1,3,1 credential-access alert(s); 1 identity review concern(s),0,0,0,0,0,0,2,0,0,0,0,1,Low,,Low,Operations
MISSING_HOST::EMP11581,1,0,0,1,0,0,0,0,1,0,0,0,0,1,1,3,1 credential-access alert(s); 1 identity review concern(s),0,0,0,0,0,0,2,0,0,0,0,1,Low,,High,Mktg
MISSING_HOST::EMP11643,1,0,0,0,0,0,0,1,0,0,0,0,0,1,1,3,1 lateral-movement alert(s); 1 identity review concern(s),0,0,0,0,0,2,0,0,0,0,0,1,Low,,Low,Hr
MISSING_HOST::EMP11690,1,0,0,0,0,0,0,1,0,0,0,0,0,1,1,3,1 lateral-movement alert(s); 1 identity review concern(s),0,0,0,0,0,2,0,0,0,0,0,1,Low,,,People Team
MISSING_HOST::EMP11716,1,0,0,1,0,0,1,0,0,0,0,0,0,1,1,3,1 PowerShell alert(s); 1 identity review concern(s),0,0,0,0,2,0,0,0,0,0,0,1,Low,,Critical,It
MISSING_HOST::EMP11735,1,0,0,0,0,0,1,0,0,0,0,0,0,1,1,3,1 PowerShell alert(s); 1 identity review concern(s),0,0,0,0,2,0,0,0,0,0,0,1,Low,,Low,It Dept
MISSING_HOST::EMP11781,1,0,0,0,0,0,0,1,0,0,0,0,0,1,1,3,1 lateral-movement alert(s); 1 identity review concern(s),0,0,0,0,0,2,0,0,0,0,0,1,Low,,High,Finance Dept
MISSING_HOST::EMP11787,1,0,0,1,0,0,0,1,0,0,0,0,0,1,1,3,1 lateral-movement alert(s); 1 identity review concern(s),0,0,0,0,0,2,0,0,0,0,0,1,Low,,Medium,Compliance
MISSING_HOST::EMP11846,1,0,0,1,0,0,1,0,0,0,0,0,0,1,1,3,1 PowerShell alert(s); 1 identity review concern(s),0,0,0,0,2,0,0,0,0,0,0,1,Low,,High,It Dept
MISSING_HOST::EMP11858,1,0,0,1,0,0,0,1,0,0,0,0,0,1,1,3,1 lateral-movement alert(s); 1 identity review concern(s),0,0,0,0,0,2,0,0,0,0,0,1,Low,,High,Procurement Team
MISSING_HOST::EMP11879,1,0,0,0,0,0,0,0,1,0,0,0,0,1,1,3,1 credential-access alert(s); 1 identity review concern(s),0,0,0,0,0,0,2,0,0,0,0,1,Low,,Low,Accounts
MISSING_HOST::EMP11913,1,0,0,0,0,0,1,0,0,0,0,0,0,1,1,3,1 PowerShell alert(s); 1 identity review concern(s),0,0,0,0,2,0,0,0,0,0,0,1,Low,,Low,Business Sales
MISSING_HOST::EMP11919,1,0,0,0,0,0,1,0,0,0,0,0,0,1,1,3,1 PowerShell alert(s); 1 identity review concern(s),0,0,0,0,2,0,0,0,0,0,0,1,Low,,High,Legal
MISSING_HOST::EMP11990,1,0,0,1,0,0,1,0,0,0,0,0,0,1,1,3,1 PowerShell alert(s); 1 identity review concern(s),0,0,0,0,2,0,0,0,0,0,0,1,Low,,High,Legal Dept
MISSING_HOST::EMP12132,1,0,0,1,0,0,1,0,0,0,0,0,0,1,1,3,1 PowerShell alert(s); 1 identity review concern(s),0,0,0,0,2,0,0,0,0,0,0,1,Low,,High,Mktg
MISSING_HOST::EMP12193,1,0,0,1,0,0,0,0,1,0,0,0,0,1,1,3,1 credential-access alert(s); 1 identity review concern(s),0,0,0,0,0,0,2,0,0,0,0,1,Low,,Low,Customer Support
MISSING_HOST::EMP12267,1,0,0,1,0,0,0,0,1,0,0,0,0,1,1,3,1 credential-access alert(s); 1 identity review concern(s),0,0,0,0,0,0,2,0,0,0,0,1,Low,,Low,Cs
MISSING_HOST::EMP12283,1,0,0,1,0,0,0,0,1,0,0,0,0,1,1,3,1 credential-access alert(s); 1 identity review concern(s),0,0,0,0,0,0,2,0,0,0,0,1,Low,,High,Hr Dept
MISSING_HOST::EMP12358,1,0,0,0,0,0,1,0,0,0,0,0,0,1,1,3,1 PowerShell alert(s); 1 identity review concern(s),0,0,0,0,2,0,0,0,0,0,0,1,Low,,High,Research And Development
MISSING_HOST::EMP12405,1,0,0,1,0,0,0,0,1,0,0,0,0,1,1,3,1 credential-access alert(s); 1 identity review concern(s),0,0,0,0,0,0,2,0,0,0,0,1,Low,,Critical,Marketing
MISSING_HOST::EMP12406,1,0,0,1,0,0,1,0,0,0,0,0,0,1,1,3,1 PowerShell alert(s); 1 identity review concern(s),0,0,0,0,2,0,0,0,0,0,0,1,Low,,High,Accounts
MISSING_HOST::EMP12439,1,0,0,1,0,0,0,0,1,0,0,0,0,1,1,3,1 credential-access alert(s); 1 identity review concern(s),0,0,0,0,0,0,2,0,0,0,0,1,Low,,,Legal Dept
MISSING_HOST::EMP12448,1,0,0,0,0,0,1,0,0,0,0,0,0,1,1,3,1 PowerShell alert(s); 1 identity review concern(s),0,0,0,0,2,0,0,0,0,0,0,1,Low,,Critical,Procurement Team
MISSING_HOST::EMP12473,1,0,0,1,0,0,0,0,1,0,0,0,0,1,1,3,1 credential-access alert(s); 1 identity review concern(s),0,0,0,0,0,0,2,0,0,0,0,1,Low,,High,Business Sales
MISSING_HOST::EMP12507,1,0,0,1,0,0,0,1,0,0,0,0,0,1,1,3,1 lateral-movement alert(s); 1 identity review concern(s),0,0,0,0,0,2,0,0,0,0,0,1,Low,,,Information Tech
MISSING_HOST::EMP12551,1,0,0,1,0,0,0,1,0,0,0,0,0,1,1,3,1 lateral-movement alert(s); 1 identity review concern(s),0,0,0,0,0,2,0,0,0,0,0,1,Low,,High,Sales Team
MISSING_HOST::EMP12788,1,0,0,1,0,0,0,1,0,0,0,0,0,1,1,3,1 lateral-movement alert(s); 1 identity review concern(s),0,0,0,0,0,2,0,0,0,0,0,1,Low,,,Marketing Dept
MISSING_HOST::EMP12825,1,0,0,0,0,0,0,1,0,0,0,0,0,1,1,3,1 lateral-movement alert(s); 1 identity review concern(s),0,0,0,0,0,2,0,0,0,0,0,1,Low,,Low,Finance
MISSING_HOST::EMP12947,1,0,0,1,0,0,0,0,1,0,0,0,0,1,1,3,1 credential-access alert(s); 1 identity review concern(s),0,0,0,0,0,0,2,0,0,0,0,1,Low,,Critical,Hr
MISSING_HOST::EMP12964,1,0,0,0,0,0,0,0,1,0,0,0,0,1,1,3,1 credential-access alert(s); 1 identity review concern(s),0,0,0,0,0,0,2,0,0,0,0,1,Low,,,Legal
MISSING_HOST::EMP12971,1,0,0,1,0,0,0,0,1,0,0,0,0,1,1,3,1 credential-access alert(s); 1 identity review concern(s),0,0,0,0,0,0,2,0,0,0,0,1,Low,,Low,Fin
VDR-10012.CORP.LOCAL,1,0,0,1,0,0,0,0,1,0,0,0,0,1,1,3,1 credential-access alert(s); 1 identity review concern(s),0,0,0,0,0,0,2,0,0,0,0,1,Low,VDR-10012.CORP.LOCAL,Low,Operations
VDR-10019.CORP.LOCAL,1,0,0,1,0,0,0,1,0,0,0,1,0,0,1,3,1 lateral-movement alert(s),0,0,0,0,0,2,0,0,0,1,0,0,Low,VDR-10019.CORP.LOCAL,Medium,Business Sales
VDR-10029.CORP.LOCAL,1,0,0,0,0,0,0,0,1,0,0,0,0,1,1,3,1 credential-access alert(s); 1 identity review concern(s),0,0,0,0,0,0,2,0,0,0,0,1,Low,VDR-10029.CORP.LOCAL,Low,Procurement Team
VDR-10162.CORP.LOCAL,1,0,0,1,0,0,0,1,0,0,0,0,0,1,1,3,1 lateral-movement alert(s); 1 identity review concern(s),0,0,0,0,0,2,0,0,0,0,0,1,Low,VDR-10162.CORP.LOCAL,Low,Information Technology
VDR-10270.CORP.LOCAL,1,0,0,1,0,0,0,1,0,0,0,0,0,1,1,3,1 lateral-movement alert(s); 1 identity review concern(s),0,0,0,0,0,2,0,0,0,0,0,1,Low,VDR-10270.CORP.LOCAL,High,Ops Team
VDR-10282.CORP.LOCAL,1,0,0,1,0,0,0,0,1,0,0,0,0,1,1,3,1 credential-access alert(s); 1 identity review concern(s),0,0,0,0,0,0,2,0,0,0,0,1,Low,VDR-10282.CORP.LOCAL,Medium,It
VDR-10354.CORP.LOCAL,1,0,0,1,0,0,0,1,0,0,0,0,0,1,1,3,1 lateral-movement alert(s); 1 identity review concern(s),0,0,0,0,0,2,0,0,0,0,0,1,Low,VDR-10354.CORP.LOCAL,,Hr
VDR-10388,1,0,0,1,0,1,0,0,0,0,0,0,0,0,1,3,1 malware/ransomware alert(s),0,0,0,3,0,0,0,0,0,0,0,0,Low,VDR-10388,Medium,It
VDR-10396,1,0,0,0,0,1,0,0,0,0,0,0,0,0,1,3,1 malware/ransomware alert(s),0,0,0,3,0,0,0,0,0,0,0,0,Low,VDR-10396,Medium,Cs
VDR-10465,1,0,0,1,0,1,0,0,0,0,0,0,0,0,1,3,1 malware/ransomware alert(s),0,0,0,3,0,0,0,0,0,0,0,0,Low,VDR-10465,,Customer Support
VDR-10497,1,0,1,1,0,0,0,0,0,0,0,0,0,0,1,3,volume/low-severity activity only,0,3,0,0,0,0,0,0,0,0,0,0,Low,VDR-10497,Medium,Information Tech
VDR-10523.CORP.LOCAL,1,0,0,1,0,0,0,0,1,0,0,0,0,1,1,3,1 credential-access alert(s); 1 identity review concern(s),0,0,0,0,0,0,2,0,0,0,0,1,Low,VDR-10523.CORP.LOCAL,High,Ops Team
VDR-10529,1,0,0,0,0,0,0,0,1,0,0,0,0,1,1,3,1 credential-access alert(s); 1 identity review concern(s),0,0,0,0,0,0,2,0,0,0,0,1,Low,VDR-10529,High,Procurement
VDR-10550.CORP.LOCAL,1,0,0,1,0,0,0,0,1,0,0,0,0,1,1,3,1 credential-access alert(s); 1 identity review concern(s),0,0,0,0,0,0,2,0,0,0,0,1,Low,VDR-10550.CORP.LOCAL,Critical,Mkt
VDR-10600.CORP.LOCAL,1,0,0,1,0,0,0,0,1,0,0,0,0,1,1,3,1 credential-access alert(s); 1 identity review concern(s),0,0,0,0,0,0,2,0,0,0,0,1,Low,VDR-10600.CORP.LOCAL,Medium,Marketing
VDR-10621,1,0,0,1,0,1,0,0,0,0,0,0,0,0,1,3,1 malware/ransomware alert(s),0,0,0,3,0,0,0,0,0,0,0,0,Low,VDR-10621,Medium,Sales
VDR-10647,1,0,0,0,0,0,0,0,0,0,0,0,1,0,1,3,1 inactive-user event(s),0,0,0,0,0,0,0,0,0,0,3,0,Low,VDR-10647,Medium,Finance Dept
VDR-10656,1,0,0,1,0,1,0,0,0,0,0,0,0,0,1,3,1 malware/ransomware alert(s),0,0,0,3,0,0,0,0,0,0,0,0,Low,VDR-10656,,Cs
VDR-10688,1,0,0,1,0,1,0,0,0,0,0,0,0,0,1,3,1 malware/ransomware alert(s),0,0,0,3,0,0,0,0,0,0,0,0,Low,VDR-10688,,Procurement
VDR-10701,1,0,0,1,0,1,0,0,0,0,0,0,0,0,1,3,1 malware/ransomware alert(s),0,0,0,3,0,0,0,0,0,0,0,0,Low,VDR-10701,Medium,Human Resource
VDR-10715,1,0,0,1,0,0,1,0,0,0,0,0,0,1,1,3,1 PowerShell alert(s); 1 identity review concern(s),0,0,0,0,2,0,0,0,0,0,0,1,Low,VDR-10715,Critical,Purch
VDR-10718.CORP.LOCAL,1,0,0,1,0,0,0,1,0,0,0,0,0,1,1,3,1 lateral-movement alert(s); 1 identity review concern(s),0,0,0,0,0,2,0,0,0,0,0,1,Low,VDR-10718.CORP.LOCAL,High,
VDR-10723.CORP.LOCAL,1,0,0,1,0,0,0,0,1,0,0,0,0,1,1,3,1 credential-access alert(s); 1 identity review concern(s),0,0,0,0,0,0,2,0,0,0,0,1,Low,VDR-10723.CORP.LOCAL,Low,Call Center
VDR-10758,1,0,0,0,0,1,0,0,0,0,0,0,0,0,1,3,1 malware/ransomware alert(s),0,0,0,3,0,0,0,0,0,0,0,0,Low,VDR-10758,Low,Rd
VDR-10780.CORP.LOCAL,1,0,0,0,0,0,0,1,0,0,0,0,0,1,1,3,1 lateral-movement alert(s); 1 identity review concern(s),0,0,0,0,0,2,0,0,0,0,0,1,Low,VDR-10780.CORP.LOCAL,Medium,Innovation
VDR-10801.CORP.LOCAL,1,0,0,1,0,1,0,0,0,0,0,0,0,0,1,3,1 malware/ransomware alert(s),0,0,0,3,0,0,0,0,0,0,0,0,Low,VDR-10801.CORP.LOCAL,,Cs
VDR-10856,1,0,0,1,0,1,0,0,0,0,0,0,0,0,1,3,1 malware/ransomware alert(s),0,0,0,3,0,0,0,0,0,0,0,0,Low,VDR-10856,Low,Support
VDR-10867.CORP.LOCAL,1,0,0,1,0,0,0,1,0,0,0,0,0,1,1,3,1 lateral-movement alert(s); 1 identity review concern(s),0,0,0,0,0,2,0,0,0,0,0,1,Low,VDR-10867.CORP.LOCAL,,Information Technology
VDR-10977.CORP.LOCAL,1,0,0,1,0,0,1,0,0,0,0,0,0,1,1,3,1 PowerShell alert(s); 1 identity review concern(s),0,0,0,0,2,0,0,0,0,0,0,1,Low,VDR-10977.CORP.LOCAL,Low,Operations Dept
VDR-11003.CORP.LOCAL,1,0,0,1,0,0,0,1,0,0,0,0,0,1,1,3,1 lateral-movement alert(s); 1 identity review concern(s),0,0,0,0,0,2,0,0,0,0,0,1,Low,VDR-11003.CORP.LOCAL,High,Legal
VDR-11013.CORP.LOCAL,1,0,0,0,0,0,1,0,0,0,0,0,0,1,1,3,1 PowerShell alert(s); 1 identity review concern(s),0,0,0,0,2,0,0,0,0,0,0,1,Low,VDR-11013.CORP.LOCAL,Critical,Customer Care
VDR-11071,1,0,0,0,0,1,0,0,0,0,0,0,0,0,1,3,1 malware/ransomware alert(s),0,0,0,3,0,0,0,0,0,0,0,0,Low,VDR-11071,,Hr Dept
VDR-11087,1,0,1,1,0,0,0,0,0,0,0,0,0,0,1,3,volume/low-severity activity only,0,3,0,0,0,0,0,0,0,0,0,0,Low,VDR-11087,High,Sales
VDR-11102,1,0,0,1,0,1,0,0,0,0,0,0,0,0,1,3,1 malware/ransomware alert(s),0,0,0,3,0,0,0,0,0,0,0,0,Low,VDR-11102,Critical,Ops
VDR-11147,1,0,0,0,0,1,0,0,0,0,0,0,0,0,1,3,1 malware/ransomware alert(s),0,0,0,3,0,0,0,0,0,0,0,0,Low,VDR-11147,Low,Support
VDR-11195,1,0,0,1,0,0,1,0,0,0,0,0,0,1,1,3,1 PowerShell alert(s); 1 identity review concern(s),0,0,0,0,2,0,0,0,0,0,0,1,Low,VDR-11195,Low,
VDR-11205,1,0,0,0,0,1,0,0,0,0,0,0,0,0,1,3,1 malware/ransomware alert(s),0,0,0,3,0,0,0,0,0,0,0,0,Low,VDR-11205,,R&D
VDR-11253.CORP.LOCAL,1,0,0,1,0,0,1,0,0,0,0,0,0,1,1,3,1 PowerShell alert(s); 1 identity review concern(s),0,0,0,0,2,0,0,0,0,0,0,1,Low,VDR-11253.CORP.LOCAL,Low,Rnd
VDR-11268,1,0,0,0,0,1,0,0,0,0,0,0,0,0,1,3,1 malware/ransomware alert(s),0,0,0,3,0,0,0,0,0,0,0,0,Low,VDR-11268,,Innovation
VDR-11273,1,0,0,1,0,1,0,0,0,0,0,0,0,0,1,3,1 malware/ransomware alert(s),0,0,0,3,0,0,0,0,0,0,0,0,Low,VDR-11273,High,Ops Team
VDR-11307,1,0,0,1,0,0,0,1,0,0,0,0,0,1,1,3,1 lateral-movement alert(s); 1 identity review concern(s),0,0,0,0,0,2,0,0,0,0,0,1,Low,VDR-11307,Medium,Legal
VDR-11386,1,0,0,1,0,1,0,0,0,0,0,0,0,0,1,3,1 malware/ransomware alert(s),0,0,0,3,0,0,0,0,0,0,0,0,Low,VDR-11386,Medium,Ops Team
VDR-11394,1,0,0,1,0,1,0,0,0,0,0,0,0,0,1,3,1 malware/ransomware alert(s),0,0,0,3,0,0,0,0,0,0,0,0,Low,VDR-11394,,Sales Dept
VDR-11419,1,0,0,1,0,1,0,0,0,0,0,0,0,0,1,3,1 malware/ransomware alert(s),0,0,0,3,0,0,0,0,0,0,0,0,Low,VDR-11419,Low,Hr
VDR-11429,1,0,0,0,0,1,0,0,0,0,0,0,0,0,1,3,1 malware/ransomware alert(s),0,0,0,3,0,0,0,0,0,0,0,0,Low,VDR-11429,Low,Marketing
VDR-11510,1,0,0,0,0,1,0,0,0,0,0,0,0,0,1,3,1 malware/ransomware alert(s),0,0,0,3,0,0,0,0,0,0,0,0,Low,VDR-11510,Low,R&D
VDR-11566.CORP.LOCAL,1,0,0,1,0,0,1,0,0,0,0,0,0,1,1,3,1 PowerShell alert(s); 1 identity review concern(s),0,0,0,0,2,0,0,0,0,0,0,1,Low,VDR-11566.CORP.LOCAL,Medium,Human Resource
VDR-11645.CORP.LOCAL,1,0,0,0,0,0,0,0,1,0,0,0,0,1,1,3,1 credential-access alert(s); 1 identity review concern(s),0,0,0,0,0,0,2,0,0,0,0,1,Low,VDR-11645.CORP.LOCAL,Critical,It Support
VDR-11676,1,0,0,0,0,0,0,0,1,0,0,0,0,1,1,3,1 credential-access alert(s); 1 identity review concern(s),0,0,0,0,0,0,2,0,0,0,0,1,Low,VDR-11676,Low,Purch
VDR-11681.CORP.LOCAL,1,0,0,1,0,0,1,0,0,0,0,0,0,1,1,3,1 PowerShell alert(s); 1 identity review concern(s),0,0,0,0,2,0,0,0,0,0,0,1,Low,VDR-11681.CORP.LOCAL,,Sales Dept
VDR-11702.CORP.LOCAL,1,0,0,1,0,0,0,1,0,0,0,0,0,1,1,3,1 lateral-movement alert(s); 1 identity review concern(s),0,0,0,0,0,2,0,0,0,0,0,1,Low,VDR-11702.CORP.LOCAL,Low,Customer Care
VDR-11812,1,0,0,1,0,1,0,0,0,0,0,0,0,0,1,3,1 malware/ransomware alert(s),0,0,0,3,0,0,0,0,0,0,0,0,Low,VDR-11812,Low,Procurement Team
VDR-11921.CORP.LOCAL,1,0,0,1,0,0,0,1,0,0,0,0,0,1,1,3,1 lateral-movement alert(s); 1 identity review concern(s),0,0,0,0,0,2,0,0,0,0,0,1,Low,VDR-11921.CORP.LOCAL,Critical,
VDR-11991,1,0,0,0,0,1,0,0,0,0,0,0,0,0,1,3,1 malware/ransomware alert(s),0,0,0,3,0,0,0,0,0,0,0,0,Low,VDR-11991,Critical,Fin
VDR-12002.CORP.LOCAL,1,0,0,1,0,0,1,0,0,0,0,0,0,1,1,3,1 PowerShell alert(s); 1 identity review concern(s),0,0,0,0,2,0,0,0,0,0,0,1,Low,VDR-12002.CORP.LOCAL,,Information Technology
VDR-12034,1,0,1,1,0,0,0,0,0,0,0,0,0,0,1,3,volume/low-severity activity only,0,3,0,0,0,0,0,0,0,0,0,0,Low,VDR-12034,,Accounts
VDR-12121.CORP.LOCAL,1,0,0,1,0,0,0,1,0,0,0,0,0,1,1,3,1 lateral-movement alert(s); 1 identity review concern(s),0,0,0,0,0,2,0,0,0,0,0,1,Low,VDR-12121.CORP.LOCAL,Medium,It
VDR-12129,1,0,1,0,0,0,0,0,0,0,0,0,0,0,1,3,volume/low-severity activity only,0,3,0,0,0,0,0,0,0,0,0,0,Low,VDR-12129,High,Marketing Dept
VDR-12160.CORP.LOCAL,1,0,0,0,0,0,1,0,0,0,0,0,0,1,1,3,1 PowerShell alert(s); 1 identity review concern(s),0,0,0,0,2,0,0,0,0,0,0,1,Low,VDR-12160.CORP.LOCAL,Critical,It Support
VDR-12200,1,0,0,1,0,1,0,0,0,0,0,0,0,0,1,3,1 malware/ransomware alert(s),0,0,0,3,0,0,0,0,0,0,0,0,Low,VDR-12200,Low,Hr Dept
VDR-12269,1,0,0,1,0,1,0,0,0,0,0,0,0,0,1,3,1 malware/ransomware alert(s),0,0,0,3,0,0,0,0,0,0,0,0,Low,VDR-12269,Low,Ops Team
VDR-12281.CORP.LOCAL,1,0,0,0,0,0,0,0,1,0,0,0,0,1,1,3,1 credential-access alert(s); 1 identity review concern(s),0,0,0,0,0,0,2,0,0,0,0,1,Low,VDR-12281.CORP.LOCAL,High,Marketing
VDR-12348.CORP.LOCAL,1,0,0,1,0,0,0,1,0,0,0,0,0,1,1,3,1 lateral-movement alert(s); 1 identity review concern(s),0,0,0,0,0,2,0,0,0,0,0,1,Low,VDR-12348.CORP.LOCAL,Low,Information Technology
VDR-12388.CORP.LOCAL,1,0,0,1,0,0,0,1,0,0,0,0,0,1,1,3,1 lateral-movement alert(s); 1 identity review concern(s),0,0,0,0,0,2,0,0,0,0,0,1,Low,VDR-12388.CORP.LOCAL,,Sales Dept
VDR-12455.CORP.LOCAL,1,0,0,1,0,0,0,0,1,0,0,0,0,1,1,3,1 credential-access alert(s); 1 identity review concern(s),0,0,0,0,0,0,2,0,0,0,0,1,Low,VDR-12455.CORP.LOCAL,Medium,Ops
VDR-12463,1,0,0,1,0,1,0,0,0,0,0,0,0,0,1,3,1 malware/ransomware alert(s),0,0,0,3,0,0,0,0,0,0,0,0,Low,VDR-12463,Critical,Human Resources
VDR-12464.CORP.LOCAL,1,0,0,1,0,0,1,0,0,0,0,0,0,1,1,3,1 PowerShell alert(s); 1 identity review concern(s),0,0,0,0,2,0,0,0,0,0,0,1,Low,VDR-12464.CORP.LOCAL,High,Legal
VDR-12497.CORP.LOCAL,1,0,0,1,0,0,0,0,0,0,0,0,1,0,1,3,1 inactive-user event(s),0,0,0,0,0,0,0,0,0,0,3,0,Low,VDR-12497.CORP.LOCAL,High,Ops Team
VDR-12598.CORP.LOCAL,1,0,0,1,0,0,0,0,1,0,0,0,0,1,1,3,1 credential-access alert(s); 1 identity review concern(s),0,0,0,0,0,0,2,0,0,0,0,1,Low,VDR-12598.CORP.LOCAL,,It Support
VDR-12624,1,0,0,0,0,0,0,1,0,0,0,1,0,0,1,3,1 lateral-movement alert(s),0,0,0,0,0,2,0,0,0,1,0,0,Low,VDR-12624,Low,Operations Dept
VDR-12624.CORP.LOCAL,1,0,0,1,0,0,1,0,0,0,0,0,0,1,1,3,1 PowerShell alert(s); 1 identity review concern(s),0,0,0,0,2,0,0,0,0,0,0,1,Low,VDR-12624.CORP.LOCAL,Medium,Operations Dept
VDR-12665,1,0,0,1,0,1,0,0,0,0,0,0,0,0,1,3,1 malware/ransomware alert(s),0,0,0,3,0,0,0,0,0,0,0,0,Low,VDR-12665,Medium,Legal
VDR-12707,1,0,0,1,0,1,0,0,0,0,0,0,0,0,1,3,1 malware/ransomware alert(s),0,0,0,3,0,0,0,0,0,0,0,0,Low,VDR-12707,Critical,Mkt
VDR-12758.CORP.LOCAL,1,0,0,1,0,0,0,0,1,0,0,0,0,1,1,3,1 credential-access alert(s); 1 identity review concern(s),0,0,0,0,0,0,2,0,0,0,0,1,Low,VDR-12758.CORP.LOCAL,High,Finance Dept
VDR-12777.CORP.LOCAL,1,0,0,0,0,0,0,1,0,0,0,0,0,1,1,3,1 lateral-movement alert(s); 1 identity review concern(s),0,0,0,0,0,2,0,0,0,0,0,1,Low,VDR-12777.CORP.LOCAL,High,Rnd
VDR-12832,1,0,0,1,0,0,1,0,0,0,0,0,0,1,1,3,1 PowerShell alert(s); 1 identity review concern(s),0,0,0,0,2,0,0,0,0,0,0,1,Low,VDR-12832,Low,Legal Dept
VDR-12835.CORP.LOCAL,1,0,0,1,0,1,0,0,0,0,0,0,0,0,1,3,1 malware/ransomware alert(s),0,0,0,3,0,0,0,0,0,0,0,0,Low,VDR-12835.CORP.LOCAL,Low,Sales Team
VDR-12837,1,0,0,1,0,1,0,0,0,0,0,0,0,0,1,3,1 malware/ransomware alert(s),0,0,0,3,0,0,0,0,0,0,0,0,Low,VDR-12837,High,Innovation
VDR-12856.CORP.LOCAL,1,0,0,1,0,0,0,0,1,0,0,0,0,1,1,3,1 credential-access alert(s); 1 identity review concern(s),0,0,0,0,0,0,2,0,0,0,0,1,Low,VDR-12856.CORP.LOCAL,,Procurement Team
VDR-12880,1,0,0,0,0,1,0,0,0,0,0,0,0,0,1,3,1 malware/ransomware alert(s),0,0,0,3,0,0,0,0,0,0,0,0,Low,VDR-12880,,Finance Dept
VDR-12936,1,0,0,0,0,1,0,0,0,0,0,0,0,0,1,3,1 malware/ransomware alert(s),0,0,0,3,0,0,0,0,0,0,0,0,Low,VDR-12936,Medium,It Support
VDR-12936.CORP.LOCAL,1,0,0,1,0,0,0,1,0,0,0,0,0,1,1,3,1 lateral-movement alert(s); 1 identity review concern(s),0,0,0,0,0,2,0,0,0,0,0,1,Low,VDR-12936.CORP.LOCAL,Low,It Support
VDR-12940,1,0,0,0,0,1,0,0,0,0,0,0,0,0,1,3,1 malware/ransomware alert(s),0,0,0,3,0,0,0,0,0,0,0,0,Low,VDR-12940,Critical,Mktg
VDR-12958.CORP.LOCAL,1,0,0,1,0,0,1,0,0,0,0,0,0,1,1,3,1 PowerShell alert(s); 1 identity review concern(s),0,0,0,0,2,0,0,0,0,0,0,1,Low,VDR-12958.CORP.LOCAL,Medium,R&D
VDR-12971,1,0,0,1,0,1,0,0,0,0,0,0,0,0,1,3,1 malware/ransomware alert(s),0,0,0,3,0,0,0,0,0,0,0,0,Low,VDR-12971,Medium,Fin
VDR-12978,1,0,0,1,0,1,0,0,0,0,0,0,0,0,1,3,1 malware/ransomware alert(s),0,0,0,3,0,0,0,0,0,0,0,0,Low,VDR-12978,Medium,Legal
VDR-12982,1,0,0,1,0,1,0,0,0,0,0,0,0,0,1,3,1 malware/ransomware alert(s),0,0,0,3,0,0,0,0,0,0,0,0,Low,VDR-12982,Medium,Human Resources
VDR-12983.CORP.LOCAL,1,0,0,1,0,0,1,0,0,0,0,0,0,1,1,3,1 PowerShell alert(s); 1 identity review concern(s),0,0,0,0,2,0,0,0,0,0,0,1,Low,VDR-12983.CORP.LOCAL,Medium,Supply Chain
WS-10034.CORP.LOCAL,1,0,0,0,0,0,0,1,0,0,0,0,0,1,1,3,1 lateral-movement alert(s); 1 identity review concern(s),0,0,0,0,0,2,0,0,0,0,0,1,Low,WS-10034.CORP.LOCAL,Medium,Hr
WS-10059.CORP.LOCAL,1,0,0,1,0,0,0,0,1,0,0,0,0,1,1,3,1 credential-access alert(s); 1 identity review concern(s),0,0,0,0,0,0,2,0,0,0,0,1,Low,WS-10059.CORP.LOCAL,,Human Resources
WS-10088,1,0,0,1,0,1,0,0,0,0,0,0,0,0,1,3,1 malware/ransomware alert(s),0,0,0,3,0,0,0,0,0,0,0,0,Low,WS-10088,High,Business Sales
WS-10115.CORP.LOCAL,1,0,0,1,0,0,0,0,1,0,0,0,0,1,1,3,1 credential-access alert(s); 1 identity review concern(s),0,0,0,0,0,0,2,0,0,0,0,1,Low,WS-10115.CORP.LOCAL,Critical,Sales Team
WS-10121.CORP.LOCAL,1,0,0,1,0,0,0,0,1,0,0,0,0,1,1,3,1 credential-access alert(s); 1 identity review concern(s),0,0,0,0,0,0,2,0,0,0,0,1,Low,WS-10121.CORP.LOCAL,High,Rnd
WS-10189,1,0,0,1,0,1,0,0,0,0,0,0,0,0,1,3,1 malware/ransomware alert(s),0,0,0,3,0,0,0,0,0,0,0,0,Low,WS-10189,,Legal
WS-10214,1,0,0,1,0,1,0,0,0,0,0,0,0,0,1,3,1 malware/ransomware alert(s),0,0,0,3,0,0,0,0,0,0,0,0,Low,WS-10214,High,Customer Support
WS-10334.CORP.LOCAL,1,0,0,0,0,0,1,0,0,0,0,0,0,1,1,3,1 PowerShell alert(s); 1 identity review concern(s),0,0,0,0,2,0,0,0,0,0,0,1,Low,WS-10334.CORP.LOCAL,Low,Mkt
WS-10385.CORP.LOCAL,1,0,0,0,0,0,0,1,0,0,0,0,0,1,1,3,1 lateral-movement alert(s); 1 identity review concern(s),0,0,0,0,0,2,0,0,0,0,0,1,Low,WS-10385.CORP.LOCAL,Low,Customer Support
WS-10408,1,0,0,1,0,0,0,1,0,0,0,0,0,1,1,3,1 lateral-movement alert(s); 1 identity review concern(s),0,0,0,0,0,2,0,0,0,0,0,1,Low,WS-10408,High,
WS-10417,1,0,0,0,0,0,1,0,0,0,0,0,0,1,1,3,1 PowerShell alert(s); 1 identity review concern(s),0,0,0,0,2,0,0,0,0,0,0,1,Low,WS-10417,High,Sales Team
WS-10419,1,0,0,1,0,1,0,0,0,0,0,0,0,0,1,3,1 malware/ransomware alert(s),0,0,0,3,0,0,0,0,0,0,0,0,Low,WS-10419,High,Human Resources
WS-10487,1,0,1,1,0,0,0,0,0,0,0,0,0,0,1,3,volume/low-severity activity only,0,3,0,0,0,0,0,0,0,0,0,0,Low,WS-10487,High,It
WS-10507,1,0,0,1,0,1,0,0,0,0,0,0,0,0,1,3,1 malware/ransomware alert(s),0,0,0,3,0,0,0,0,0,0,0,0,Low,WS-10507,Medium,Finance
WS-10508,1,0,0,0,0,1,0,0,0,0,0,0,0,0,1,3,1 malware/ransomware alert(s),0,0,0,3,0,0,0,0,0,0,0,0,Low,WS-10508,Medium,It
WS-10518,1,0,0,0,0,1,0,0,0,0,0,0,0,0,1,3,1 malware/ransomware alert(s),0,0,0,3,0,0,0,0,0,0,0,0,Low,WS-10518,Medium,Human Resources
WS-10582.CORP.LOCAL,1,0,0,0,0,0,0,1,0,0,0,0,0,1,1,3,1 lateral-movement alert(s); 1 identity review concern(s),0,0,0,0,0,2,0,0,0,0,0,1,Low,WS-10582.CORP.LOCAL,Critical,Sales Team
WS-10615.CORP.LOCAL,1,0,0,1,0,0,1,0,0,0,0,0,0,1,1,3,1 PowerShell alert(s); 1 identity review concern(s),0,0,0,0,2,0,0,0,0,0,0,1,Low,WS-10615.CORP.LOCAL,High,Business Sales
WS-10665,1,0,0,1,0,1,0,0,0,0,0,0,0,0,1,3,1 malware/ransomware alert(s),0,0,0,3,0,0,0,0,0,0,0,0,Low,WS-10665,High,Sales Dept
WS-10722.CORP.LOCAL,1,0,0,1,0,0,0,1,0,0,0,0,0,1,1,3,1 lateral-movement alert(s); 1 identity review concern(s),0,0,0,0,0,2,0,0,0,0,0,1,Low,WS-10722.CORP.LOCAL,High,Finance
WS-10730,1,0,0,1,0,1,0,0,0,0,0,0,0,0,1,3,1 malware/ransomware alert(s),0,0,0,3,0,0,0,0,0,0,0,0,Low,WS-10730,High,Sales Dept
WS-10774.CORP.LOCAL,1,0,0,1,0,0,0,0,1,0,0,0,0,1,1,3,1 credential-access alert(s); 1 identity review concern(s),0,0,0,0,0,0,2,0,0,0,0,1,Low,WS-10774.CORP.LOCAL,Low,Finance Dept
WS-10787,1,0,0,1,0,1,0,0,0,0,0,0,0,0,1,3,1 malware/ransomware alert(s),0,0,0,3,0,0,0,0,0,0,0,0,Low,WS-10787,,Operations
WS-10829.CORP.LOCAL,1,0,0,0,0,0,0,0,1,0,0,0,0,1,1,3,1 credential-access alert(s); 1 identity review concern(s),0,0,0,0,0,0,2,0,0,0,0,1,Low,WS-10829.CORP.LOCAL,,Legal
WS-10913,1,0,0,0,0,1,0,0,0,0,0,0,0,0,1,3,1 malware/ransomware alert(s),0,0,0,3,0,0,0,0,0,0,0,0,Low,WS-10913,,Sales Dept
WS-10934.CORP.LOCAL,1,0,0,1,0,0,0,0,1,0,0,0,0,1,1,3,1 credential-access alert(s); 1 identity review concern(s),0,0,0,0,0,0,2,0,0,0,0,1,Low,WS-10934.CORP.LOCAL,Medium,Purch
WS-10973,1,0,1,0,0,0,0,0,0,0,0,0,0,0,1,3,volume/low-severity activity only,0,3,0,0,0,0,0,0,0,0,0,0,Low,WS-10973,Medium,Information Technology
WS-10978,1,0,0,0,0,1,0,0,0,0,0,0,0,0,1,3,1 malware/ransomware alert(s),0,0,0,3,0,0,0,0,0,0,0,0,Low,WS-10978,Critical,Fin
WS-10997,1,0,0,1,0,1,0,0,0,0,0,0,0,0,1,3,1 malware/ransomware alert(s),0,0,0,3,0,0,0,0,0,0,0,0,Low,WS-10997,,Ops Team
WS-11044.CORP.LOCAL,1,0,0,1,0,0,1,0,0,0,0,0,0,1,1,3,1 PowerShell alert(s); 1 identity review concern(s),0,0,0,0,2,0,0,0,0,0,0,1,Low,WS-11044.CORP.LOCAL,High,Sales
WS-11076.CORP.LOCAL,1,0,0,1,0,0,1,0,0,0,0,0,0,1,1,3,1 PowerShell alert(s); 1 identity review concern(s),0,0,0,0,2,0,0,0,0,0,0,1,Low,WS-11076.CORP.LOCAL,Low,Compliance
WS-11077,1,0,0,1,0,0,0,0,0,0,0,0,1,0,1,3,1 inactive-user event(s),0,0,0,0,0,0,0,0,0,0,3,0,Low,WS-11077,High,Sales
WS-11127,1,0,0,0,0,0,0,0,0,0,0,0,1,0,1,3,1 inactive-user event(s),0,0,0,0,0,0,0,0,0,0,3,0,Low,WS-11127,Low,It Support
WS-11153,1,0,0,0,0,1,0,0,0,0,0,0,0,0,1,3,1 malware/ransomware alert(s),0,0,0,3,0,0,0,0,0,0,0,0,Low,WS-11153,Medium,Research And Development
WS-11261,1,0,1,1,0,0,0,0,0,0,0,0,0,0,1,3,volume/low-severity activity only,0,3,0,0,0,0,0,0,0,0,0,0,Low,WS-11261,Critical,Cs
WS-11295.CORP.LOCAL,1,0,0,1,0,0,1,0,0,0,0,0,0,1,1,3,1 PowerShell alert(s); 1 identity review concern(s),0,0,0,0,2,0,0,0,0,0,0,1,Low,WS-11295.CORP.LOCAL,Medium,Legal
WS-11317,1,0,0,0,0,1,0,0,0,0,0,0,0,0,1,3,1 malware/ransomware alert(s),0,0,0,3,0,0,0,0,0,0,0,0,Low,WS-11317,High,Human Resource
WS-11355,1,0,1,1,0,0,0,0,0,0,0,0,0,0,1,3,volume/low-severity activity only,0,3,0,0,0,0,0,0,0,0,0,0,Low,WS-11355,Low,R&D
WS-11362,1,0,0,1,0,1,0,0,0,0,0,0,0,0,1,3,1 malware/ransomware alert(s),0,0,0,3,0,0,0,0,0,0,0,0,Low,WS-11362,Low,Hr Dept
WS-11366.CORP.LOCAL,1,0,0,1,0,1,0,0,0,0,0,0,0,0,1,3,1 malware/ransomware alert(s),0,0,0,3,0,0,0,0,0,0,0,0,Low,WS-11366.CORP.LOCAL,Low,Mkt
WS-11395,1,0,0,1,0,1,0,0,0,0,0,0,0,0,1,3,1 malware/ransomware alert(s),0,0,0,3,0,0,0,0,0,0,0,0,Low,WS-11395,Low,Support
WS-11460.CORP.LOCAL,1,0,0,0,0,0,0,0,1,0,0,0,0,1,1,3,1 credential-access alert(s); 1 identity review concern(s),0,0,0,0,0,0,2,0,0,0,0,1,Low,WS-11460.CORP.LOCAL,Low,Innovation
WS-11473,1,0,0,1,0,1,0,0,0,0,0,0,0,0,1,3,1 malware/ransomware alert(s),0,0,0,3,0,0,0,0,0,0,0,0,Low,WS-11473,Critical,Procurement Team
WS-11486,1,0,0,0,0,0,1,0,0,0,0,0,0,1,1,3,1 PowerShell alert(s); 1 identity review concern(s),0,0,0,0,2,0,0,0,0,0,0,1,Low,WS-11486,Low,Purchase
WS-11486.CORP.LOCAL,1,0,0,1,0,0,0,0,1,0,0,0,0,1,1,3,1 credential-access alert(s); 1 identity review concern(s),0,0,0,0,0,0,2,0,0,0,0,1,Low,WS-11486.CORP.LOCAL,High,Purchase
WS-11496.CORP.LOCAL,1,0,0,0,0,1,0,0,0,0,0,0,0,0,1,3,1 malware/ransomware alert(s),0,0,0,3,0,0,0,0,0,0,0,0,Low,WS-11496.CORP.LOCAL,Medium,Business Sales
WS-11563,1,0,0,0,0,1,0,0,0,0,0,0,0,0,1,3,1 malware/ransomware alert(s),0,0,0,3,0,0,0,0,0,0,0,0,Low,WS-11563,Low,Procurement
WS-11563.CORP.LOCAL,1,0,0,0,0,0,1,0,0,0,0,0,0,1,1,3,1 PowerShell alert(s); 1 identity review concern(s),0,0,0,0,2,0,0,0,0,0,0,1,Low,WS-11563.CORP.LOCAL,Low,Procurement
WS-11565,1,0,0,0,0,1,0,0,0,0,0,0,0,0,1,3,1 malware/ransomware alert(s),0,0,0,3,0,0,0,0,0,0,0,0,Low,WS-11565,Medium,Customer Care
WS-11677.CORP.LOCAL,1,0,0,1,0,0,1,0,0,0,0,0,0,1,1,3,1 PowerShell alert(s); 1 identity review concern(s),0,0,0,0,2,0,0,0,0,0,0,1,Low,WS-11677.CORP.LOCAL,,People Team
WS-11686,1,0,0,0,0,1,0,0,0,0,0,0,0,0,1,3,1 malware/ransomware alert(s),0,0,0,3,0,0,0,0,0,0,0,0,Low,WS-11686,Medium,Operations
WS-11688,1,0,0,1,0,0,0,0,0,0,0,0,1,0,1,3,1 inactive-user event(s),0,0,0,0,0,0,0,0,0,0,3,0,Low,WS-11688,High,Accounts
WS-11698,1,0,1,1,0,0,0,0,0,0,0,0,0,0,1,3,volume/low-severity activity only,0,3,0,0,0,0,0,0,0,0,0,0,Low,WS-11698,Medium,Sales Dept
WS-11708.CORP.LOCAL,1,0,0,1,0,0,1,0,0,0,0,0,0,1,1,3,1 PowerShell alert(s); 1 identity review concern(s),0,0,0,0,2,0,0,0,0,0,0,1,Low,WS-11708.CORP.LOCAL,Critical,Cs
WS-11766,1,0,0,0,0,1,0,0,0,0,0,0,0,0,1,3,1 malware/ransomware alert(s),0,0,0,3,0,0,0,0,0,0,0,0,Low,WS-11766,Medium,Sales
WS-11898,1,0,1,0,0,0,0,0,0,0,0,0,0,0,1,3,volume/low-severity activity only,0,3,0,0,0,0,0,0,0,0,0,0,Low,WS-11898,Critical,Sales Dept
WS-11899,1,0,0,0,0,0,0,1,0,0,0,0,0,1,1,3,1 lateral-movement alert(s); 1 identity review concern(s),0,0,0,0,0,2,0,0,0,0,0,1,Low,WS-11899,High,Customer Support
WS-11911,1,0,0,1,0,1,0,0,0,0,0,0,0,0,1,3,1 malware/ransomware alert(s),0,0,0,3,0,0,0,0,0,0,0,0,Low,WS-11911,Low,Marketing
WS-11939.CORP.LOCAL,1,0,0,1,0,0,1,0,0,0,0,0,0,1,1,3,1 PowerShell alert(s); 1 identity review concern(s),0,0,0,0,2,0,0,0,0,0,0,1,Low,WS-11939.CORP.LOCAL,,Sales Team
WS-11986,1,0,0,0,0,1,0,0,0,0,0,0,0,0,1,3,1 malware/ransomware alert(s),0,0,0,3,0,0,0,0,0,0,0,0,Low,WS-11986,Medium,Customer Care
WS-11994,1,0,0,1,0,0,0,0,1,0,0,1,0,0,1,3,1 credential-access alert(s),0,0,0,0,0,0,2,0,0,1,0,0,Low,WS-11994,Low,Legal
WS-12221,1,0,0,1,0,0,0,0,1,0,0,0,0,1,1,3,1 credential-access alert(s); 1 identity review concern(s),0,0,0,0,0,0,2,0,0,0,0,1,Low,WS-12221,,Customer Support
WS-12230,1,0,0,0,0,1,0,0,0,0,0,0,0,0,1,3,1 malware/ransomware alert(s),0,0,0,3,0,0,0,0,0,0,0,0,Low,WS-12230,Critical,Hr
WS-12242,1,0,0,0,0,1,0,0,0,0,0,0,0,0,1,3,1 malware/ransomware alert(s),0,0,0,3,0,0,0,0,0,0,0,0,Low,WS-12242,Critical,Information Technology
WS-12256.CORP.LOCAL,1,0,0,0,0,0,0,0,1,0,0,0,0,1,1,3,1 credential-access alert(s); 1 identity review concern(s),0,0,0,0,0,0,2,0,0,0,0,1,Low,WS-12256.CORP.LOCAL,High,Hr Dept
WS-12319.CORP.LOCAL,1,0,0,0,0,0,1,0,0,0,0,0,0,1,1,3,1 PowerShell alert(s); 1 identity review concern(s),0,0,0,0,2,0,0,0,0,0,0,1,Low,WS-12319.CORP.LOCAL,Medium,It Dept
WS-12344,1,0,0,0,0,1,0,0,0,0,0,0,0,0,1,3,1 malware/ransomware alert(s),0,0,0,3,0,0,0,0,0,0,0,0,Low,WS-12344,High,Human Resource
WS-12346,1,0,0,1,0,1,0,0,0,0,0,0,0,0,1,3,1 malware/ransomware alert(s),0,0,0,3,0,0,0,0,0,0,0,0,Low,WS-12346,Low,Purch
WS-12393.CORP.LOCAL,1,0,0,0,0,0,0,0,1,0,0,0,0,1,1,3,1 credential-access alert(s); 1 identity review concern(s),0,0,0,0,0,0,2,0,0,0,0,1,Low,WS-12393.CORP.LOCAL,Low,Purchase
WS-12396,1,0,0,1,0,0,0,0,0,0,0,0,1,0,1,3,1 inactive-user event(s),0,0,0,0,0,0,0,0,0,0,3,0,Low,WS-12396,High,It
WS-12442.CORP.LOCAL,1,0,0,1,0,0,0,0,1,0,0,0,0,1,1,3,1 credential-access alert(s); 1 identity review concern(s),0,0,0,0,0,0,2,0,0,0,0,1,Low,WS-12442.CORP.LOCAL,Low,Procurement
WS-12469,1,0,0,1,0,0,0,0,0,0,0,0,1,0,1,3,1 inactive-user event(s),0,0,0,0,0,0,0,0,0,0,3,0,Low,WS-12469,Medium,Finance
WS-12511,1,0,0,1,0,0,0,0,0,0,0,0,1,0,1,3,1 inactive-user event(s),0,0,0,0,0,0,0,0,0,0,3,0,Low,WS-12511,Critical,Human Resource
WS-12549.CORP.LOCAL,1,0,0,1,0,1,0,0,0,0,0,0,0,0,1,3,1 malware/ransomware alert(s),0,0,0,3,0,0,0,0,0,0,0,0,Low,WS-12549.CORP.LOCAL,,Operations
WS-12571,1,0,0,1,0,1,0,0,0,0,0,0,0,0,1,3,1 malware/ransomware alert(s),0,0,0,3,0,0,0,0,0,0,0,0,Low,WS-12571,Low,Customer Care
WS-12619,1,0,0,1,0,1,0,0,0,0,0,0,0,0,1,3,1 malware/ransomware alert(s),0,0,0,3,0,0,0,0,0,0,0,0,Low,WS-12619,,Support
WS-12751.CORP.LOCAL,1,0,0,1,0,0,0,0,1,0,0,0,0,1,1,3,1 credential-access alert(s); 1 identity review concern(s),0,0,0,0,0,0,2,0,0,0,0,1,Low,WS-12751.CORP.LOCAL,Critical,Customer Care
WS-12809,1,0,0,1,0,1,0,0,0,0,0,0,0,0,1,3,1 malware/ransomware alert(s),0,0,0,3,0,0,0,0,0,0,0,0,Low,WS-12809,Low,Marketing Dept
WS-12828,1,0,0,1,0,1,0,0,0,0,0,0,0,0,1,3,1 malware/ransomware alert(s),0,0,0,3,0,0,0,0,0,0,0,0,Low,WS-12828,High,It
WS-12848,1,0,0,1,0,1,0,0,0,0,0,0,0,0,1,3,1 malware/ransomware alert(s),0,0,0,3,0,0,0,0,0,0,0,0,Low,WS-12848,Medium,Finance
WS-12873,1,0,1,1,0,0,0,0,0,0,0,0,0,0,1,3,volume/low-severity activity only,0,3,0,0,0,0,0,0,0,0,0,0,Low,WS-12873,High,Ops
WS-12876,1,0,0,1,0,1,0,0,0,0,0,0,0,0,1,3,1 malware/ransomware alert(s),0,0,0,3,0,0,0,0,0,0,0,0,Low,WS-12876,Medium,Hr Dept
WS-12902,1,0,1,1,0,0,0,0,0,0,0,0,0,0,1,3,volume/low-severity activity only,0,3,0,0,0,0,0,0,0,0,0,0,Low,WS-12902,Medium,R&D
WS-12925,1,0,0,0,0,1,0,0,0,0,0,0,0,0,1,3,1 malware/ransomware alert(s),0,0,0,3,0,0,0,0,0,0,0,0,Low,WS-12925,Medium,Purchase
LPT-12099,4,0,0,3,0,0,0,1,0,0,0,0,0,0,1,2,1 lateral-movement alert(s),0,0,0,0,0,2,0,0,0,0,0,0,Low,LPT-12099,Critical,It Dept
LPT-12973,4,0,0,2,0,0,0,0,1,0,0,0,0,0,1,2,1 credential-access alert(s),0,0,0,0,0,0,2,0,0,0,0,0,Low,LPT-12973,High,Operations
VDR-10260,4,0,0,1,0,0,0,1,0,0,0,0,0,0,1,2,1 lateral-movement alert(s),0,0,0,0,0,2,0,0,0,0,0,0,Low,VDR-10260,High,Sales
LPT-11627,3,0,0,2,0,0,1,0,0,0,0,0,0,0,1,2,1 PowerShell alert(s),0,0,0,0,2,0,0,0,0,0,0,0,Low,LPT-11627,Medium,Finance
LPT-12608,3,0,0,3,0,0,0,1,0,0,0,0,0,0,1,2,1 lateral-movement alert(s),0,0,0,0,0,2,0,0,0,0,0,0,Low,LPT-12608,Medium,Compliance
VDR-10143,3,0,0,2,0,0,0,0,0,0,2,0,0,0,1,2,volume/low-severity activity only,0,0,0,0,0,0,0,0,2,0,0,0,Low,VDR-10143,Low,Customer Care
VDR-11033,3,0,0,2,0,0,0,0,1,0,0,0,0,0,1,2,1 credential-access alert(s),0,0,0,0,0,0,2,0,0,0,0,0,Low,VDR-11033,Medium,Rnd
VDR-11306,3,0,0,3,0,0,1,0,0,0,0,0,0,0,1,2,1 PowerShell alert(s),0,0,0,0,2,0,0,0,0,0,0,0,Low,VDR-11306,Low,Operations
VDR-11490,3,0,0,2,0,0,1,0,0,0,0,0,0,0,1,2,1 PowerShell alert(s),0,0,0,0,2,0,0,0,0,0,0,0,Low,VDR-11490,Critical,Sales
VDR-11877,3,0,0,1,0,0,0,0,0,0,2,0,0,0,1,2,volume/low-severity activity only,0,0,0,0,0,0,0,0,2,0,0,0,Low,VDR-11877,Critical,Supply Chain
WS-10082,3,0,0,2,0,0,0,0,1,0,0,0,0,0,1,2,1 credential-access alert(s),0,0,0,0,0,0,2,0,0,0,0,0,Low,WS-10082,Medium,Hr
LPT-10188,2,0,0,2,0,0,0,0,1,0,0,0,0,0,1,2,1 credential-access alert(s),0,0,0,0,0,0,2,0,0,0,0,0,Low,LPT-10188,Medium,Sales Dept
LPT-10381,2,0,0,1,0,0,0,1,0,0,0,0,0,0,1,2,1 lateral-movement alert(s),0,0,0,0,0,2,0,0,0,0,0,0,Low,LPT-10381,High,Ops
LPT-10434,2,0,0,2,0,0,1,0,0,0,0,0,0,0,1,2,1 PowerShell alert(s),0,0,0,0,2,0,0,0,0,0,0,0,Low,LPT-10434,Low,Marketing Dept
LPT-10734,2,0,0,0,0,0,0,0,1,0,0,0,0,0,1,2,1 credential-access alert(s),0,0,0,0,0,0,2,0,0,0,0,0,Low,LPT-10734,Low,Finance Dept
LPT-10939,2,0,0,1,0,0,0,1,0,0,0,0,0,0,1,2,1 lateral-movement alert(s),0,0,0,0,0,2,0,0,0,0,0,0,Low,LPT-10939,High,Marketing
LPT-11728,2,0,0,2,0,0,1,0,0,0,0,0,0,0,1,2,1 PowerShell alert(s),0,0,0,0,2,0,0,0,0,0,0,0,Low,LPT-11728,Low,Marketing Dept
LPT-11965,2,0,0,1,0,0,0,0,1,0,0,0,0,0,1,2,1 credential-access alert(s),0,0,0,0,0,0,2,0,0,0,0,0,Low,LPT-11965,High,Innovation
LPT-12133,2,0,0,2,0,0,0,0,0,0,0,2,0,0,1,2,volume/low-severity activity only,0,0,0,0,0,0,0,0,0,2,0,0,Low,LPT-12133,High,Customer Support
LPT-12275.CORP.LOCAL,2,0,0,0,0,0,0,0,0,0,0,0,0,2,1,2,2 identity review concern(s),0,0,0,0,0,0,0,0,0,0,0,2,Low,LPT-12275.CORP.LOCAL,High,Procurement Team
LPT-12402,2,0,0,0,0,0,0,0,1,0,0,0,0,0,1,2,1 credential-access alert(s),0,0,0,0,0,0,2,0,0,0,0,0,Low,LPT-12402,High,People Team
LPT-12459,2,0,0,1,0,0,0,0,1,0,0,0,0,0,1,2,1 credential-access alert(s),0,0,0,0,0,0,2,0,0,0,0,0,Low,LPT-12459,Critical,Operations
LPT-12492,2,0,0,2,0,0,0,1,0,0,0,0,0,0,1,2,1 lateral-movement alert(s),0,0,0,0,0,2,0,0,0,0,0,0,Low,LPT-12492,Low,Legal Dept
MISSING_HOST::EMP10796,2,0,0,2,0,0,0,0,0,0,0,0,0,2,1,2,2 identity review concern(s),0,0,0,0,0,0,0,0,0,0,0,2,Low,,,Operations
VDR-10069,2,0,0,1,0,0,0,0,1,0,0,0,0,0,1,2,1 credential-access alert(s),0,0,0,0,0,0,2,0,0,0,0,0,Low,VDR-10069,Medium,Procurement
VDR-10328,2,0,0,1,0,0,0,1,0,0,0,0,0,0,1,2,1 lateral-movement alert(s),0,0,0,0,0,2,0,0,0,0,0,0,Low,VDR-10328,Medium,Legal
VDR-10404,2,0,0,1,0,0,1,0,0,0,0,0,0,0,1,2,1 PowerShell alert(s),0,0,0,0,2,0,0,0,0,0,0,0,Low,VDR-10404,High,It Dept
VDR-10684,2,0,0,1,0,0,0,0,0,0,2,0,0,0,1,2,volume/low-severity activity only,0,0,0,0,0,0,0,0,2,0,0,0,Low,VDR-10684,Low,Brand Team
VDR-10712,2,0,0,0,0,0,1,0,0,0,0,0,0,0,1,2,1 PowerShell alert(s),0,0,0,0,2,0,0,0,0,0,0,0,Low,VDR-10712,Medium,Sales Dept
VDR-10886,2,0,0,1,0,0,0,0,0,0,2,0,0,0,1,2,volume/low-severity activity only,0,0,0,0,0,0,0,0,2,0,0,0,Low,VDR-10886,Critical,Fin
VDR-11377,2,0,0,2,0,0,0,0,0,0,2,0,0,0,1,2,volume/low-severity activity only,0,0,0,0,0,0,0,0,2,0,0,0,Low,VDR-11377,High,Human Resources
VDR-11838,2,0,0,0,0,0,1,0,0,0,0,0,0,0,1,2,1 PowerShell alert(s),0,0,0,0,2,0,0,0,0,0,0,0,Low,VDR-11838,High,Hr Dept
VDR-11853,2,0,0,0,0,0,0,1,0,0,0,0,0,0,1,2,1 lateral-movement alert(s),0,0,0,0,0,2,0,0,0,0,0,0,Low,VDR-11853,Low,Operations
VDR-12021,2,0,0,2,0,0,0,1,0,0,0,0,0,0,1,2,1 lateral-movement alert(s),0,0,0,0,0,2,0,0,0,0,0,0,Low,VDR-12021,Medium,Support
VDR-12284,2,0,0,0,0,0,1,0,0,0,0,0,0,0,1,2,1 PowerShell alert(s),0,0,0,0,2,0,0,0,0,0,0,0,Low,VDR-12284,Critical,It Dept
VDR-12552,2,0,0,1,0,0,0,0,0,0,2,0,0,0,1,2,volume/low-severity activity only,0,0,0,0,0,0,0,0,2,0,0,0,Low,VDR-12552,High,Operations
VDR-12994,2,0,0,0,0,0,1,0,0,0,0,0,0,0,1,2,1 PowerShell alert(s),0,0,0,0,2,0,0,0,0,0,0,0,Low,VDR-12994,Critical,Finance
WS-10048,2,0,0,1,0,0,0,0,1,0,0,0,0,0,1,2,1 credential-access alert(s),0,0,0,0,0,0,2,0,0,0,0,0,Low,WS-10048,Low,Brand Team
WS-10407,2,0,0,1,0,0,0,0,1,0,0,0,0,0,1,2,1 credential-access alert(s),0,0,0,0,0,0,2,0,0,0,0,0,Low,WS-10407,Medium,Human Resource
WS-10546,2,0,0,0,0,0,0,1,0,0,0,0,0,0,1,2,1 lateral-movement alert(s),0,0,0,0,0,2,0,0,0,0,0,0,Low,WS-10546,High,Human Resources
WS-10554,2,0,0,2,0,0,0,1,0,0,0,0,0,0,1,2,1 lateral-movement alert(s),0,0,0,0,0,2,0,0,0,0,0,0,Low,WS-10554,Low,Operations Dept
WS-10572,2,0,0,1,0,0,0,0,1,0,0,0,0,0,1,2,1 credential-access alert(s),0,0,0,0,0,0,2,0,0,0,0,0,Low,WS-10572,Low,R&D
WS-10722,2,0,0,1,0,0,0,0,1,0,0,0,0,0,1,2,1 credential-access alert(s),0,0,0,0,0,0,2,0,0,0,0,0,Low,WS-10722,High,Finance
WS-10911,2,0,0,2,0,0,1,0,0,0,0,0,0,0,1,2,1 PowerShell alert(s),0,0,0,0,2,0,0,0,0,0,0,0,Low,WS-10911,High,Ops
WS-11000,2,0,0,2,0,0,1,0,0,0,0,0,0,0,1,2,1 PowerShell alert(s),0,0,0,0,2,0,0,0,0,0,0,0,Low,WS-11000,Medium,Ops
WS-11497,2,0,0,2,0,0,0,1,0,0,0,0,0,0,1,2,1 lateral-movement alert(s),0,0,0,0,0,2,0,0,0,0,0,0,Low,WS-11497,Medium,Business Sales
WS-11953,2,0,0,2,0,0,0,0,1,0,0,0,0,0,1,2,1 credential-access alert(s),0,0,0,0,0,0,2,0,0,0,0,0,Low,WS-11953,Low,Information Tech
WS-12165,2,0,0,2,0,0,0,1,0,0,0,0,0,0,1,2,1 lateral-movement alert(s),0,0,0,0,0,2,0,0,0,0,0,0,Low,WS-12165,High,Finance
WS-12350,2,0,0,2,0,0,0,0,0,0,1,1,0,0,1,2,volume/low-severity activity only,0,0,0,0,0,0,0,0,1,1,0,0,Low,WS-12350,Critical,Information Tech
WS-12556.CORP.LOCAL,2,0,0,2,0,0,0,0,0,0,0,0,0,2,1,2,2 identity review concern(s),0,0,0,0,0,0,0,0,0,0,0,2,Low,WS-12556.CORP.LOCAL,Medium,Operations
LPT-10002,1,0,0,0,0,0,0,1,0,0,0,0,0,0,1,2,1 lateral-movement alert(s),0,0,0,0,0,2,0,0,0,0,0,0,Low,LPT-10002,Low,Sales
LPT-10025.CORP.LOCAL,1,0,0,0,0,0,0,0,0,0,1,0,0,1,1,2,1 identity review concern(s),0,0,0,0,0,0,0,0,1,0,0,1,Low,LPT-10025.CORP.LOCAL,Low,Finance
LPT-10101.CORP.LOCAL,1,0,0,0,0,0,0,0,0,0,1,0,0,1,1,2,1 identity review concern(s),0,0,0,0,0,0,0,0,1,0,0,1,Low,LPT-10101.CORP.LOCAL,Low,Legal
LPT-10210,1,0,0,1,0,0,0,0,0,0,1,0,0,1,1,2,1 identity review concern(s),0,0,0,0,0,0,0,0,1,0,0,1,Low,LPT-10210,High,Legal Dept
LPT-10274,1,0,0,0,0,0,0,1,0,0,0,0,0,0,1,2,1 lateral-movement alert(s),0,0,0,0,0,2,0,0,0,0,0,0,Low,LPT-10274,Low,Cs
LPT-10327.CORP.LOCAL,1,0,0,1,0,0,0,0,0,0,1,0,0,1,1,2,1 identity review concern(s),0,0,0,0,0,0,0,0,1,0,0,1,Low,LPT-10327.CORP.LOCAL,,Mkt
LPT-10372,1,0,0,1,0,0,0,1,0,0,0,0,0,0,1,2,1 lateral-movement alert(s),0,0,0,0,0,2,0,0,0,0,0,0,Low,LPT-10372,Low,People Team
LPT-10475.CORP.LOCAL,1,0,0,1,0,0,0,1,0,0,0,0,0,0,1,2,1 lateral-movement alert(s),0,0,0,0,0,2,0,0,0,0,0,0,Low,LPT-10475.CORP.LOCAL,High,Information Tech
LPT-10525,1,0,0,1,0,0,0,0,1,0,0,0,0,0,1,2,1 credential-access alert(s),0,0,0,0,0,0,2,0,0,0,0,0,Low,LPT-10525,High,It
LPT-10669,1,0,0,1,0,0,1,0,0,0,0,0,0,0,1,2,1 PowerShell alert(s),0,0,0,0,2,0,0,0,0,0,0,0,Low,LPT-10669,Low,Procurement Team
LPT-10779.CORP.LOCAL,1,0,0,0,0,0,0,0,0,0,1,0,0,1,1,2,1 identity review concern(s),0,0,0,0,0,0,0,0,1,0,0,1,Low,LPT-10779.CORP.LOCAL,High,Mktg
LPT-10785,1,0,0,0,0,0,1,0,0,0,0,0,0,0,1,2,1 PowerShell alert(s),0,0,0,0,2,0,0,0,0,0,0,0,Low,LPT-10785,High,Rd
LPT-10818,1,0,0,1,0,0,1,0,0,0,0,0,0,0,1,2,1 PowerShell alert(s),0,0,0,0,2,0,0,0,0,0,0,0,Low,LPT-10818,Medium,Information Tech
LPT-10860,1,0,0,1,0,0,0,1,0,0,0,0,0,0,1,2,1 lateral-movement alert(s),0,0,0,0,0,2,0,0,0,0,0,0,Low,LPT-10860,Low,Ops Team
LPT-10986,1,0,0,1,0,0,0,1,0,0,0,0,0,0,1,2,1 lateral-movement alert(s),0,0,0,0,0,2,0,0,0,0,0,0,Low,LPT-10986,Medium,Sales Dept
LPT-11028.CORP.LOCAL,1,0,0,1,0,0,0,0,1,0,0,0,0,0,1,2,1 credential-access alert(s),0,0,0,0,0,0,2,0,0,0,0,0,Low,LPT-11028.CORP.LOCAL,,Human Resources
LPT-11097,1,0,0,0,0,0,0,1,0,0,0,0,0,0,1,2,1 lateral-movement alert(s),0,0,0,0,0,2,0,0,0,0,0,0,Low,LPT-11097,Medium,Information Tech
LPT-11116.CORP.LOCAL,1,0,0,1,0,0,0,0,0,0,0,1,0,1,1,2,1 identity review concern(s),0,0,0,0,0,0,0,0,0,1,0,1,Low,LPT-11116.CORP.LOCAL,Medium,Call Center
LPT-11124,1,0,0,1,0,0,1,0,0,0,0,0,0,0,1,2,1 PowerShell alert(s),0,0,0,0,2,0,0,0,0,0,0,0,Low,LPT-11124,Medium,Legal
LPT-11134,1,0,0,1,0,0,0,1,0,0,0,0,0,0,1,2,1 lateral-movement alert(s),0,0,0,0,0,2,0,0,0,0,0,0,Low,LPT-11134,Medium,It Dept
LPT-11162.CORP.LOCAL,1,0,0,0,0,0,0,0,0,0,1,0,0,1,1,2,1 identity review concern(s),0,0,0,0,0,0,0,0,1,0,0,1,Low,LPT-11162.CORP.LOCAL,High,Fin
LPT-11229,1,0,0,1,0,0,0,0,1,0,0,0,0,0,1,2,1 credential-access alert(s),0,0,0,0,0,0,2,0,0,0,0,0,Low,LPT-11229,Critical,People Team
LPT-11270,1,0,0,1,0,0,0,0,0,0,1,0,0,1,1,2,1 identity review concern(s),0,0,0,0,0,0,0,0,1,0,0,1,Low,LPT-11270,Low,
LPT-11274,1,0,0,0,0,0,0,0,1,0,0,0,0,0,1,2,1 credential-access alert(s),0,0,0,0,0,0,2,0,0,0,0,0,Low,LPT-11274,Medium,It
LPT-11465,1,0,0,1,0,0,1,0,0,0,0,0,0,0,1,2,1 PowerShell alert(s),0,0,0,0,2,0,0,0,0,0,0,0,Low,LPT-11465,,Customer Care
LPT-11472,1,0,0,1,0,0,0,0,1,0,0,0,0,0,1,2,1 credential-access alert(s),0,0,0,0,0,0,2,0,0,0,0,0,Low,LPT-11472,Medium,Operations
LPT-11512.CORP.LOCAL,1,0,0,0,0,0,0,0,0,0,1,0,0,1,1,2,1 identity review concern(s),0,0,0,0,0,0,0,0,1,0,0,1,Low,LPT-11512.CORP.LOCAL,Medium,Information Technology
LPT-11522.CORP.LOCAL,1,0,0,0,0,0,0,0,0,0,1,0,0,1,1,2,1 identity review concern(s),0,0,0,0,0,0,0,0,1,0,0,1,Low,LPT-11522.CORP.LOCAL,High,Legal
LPT-11561,1,0,0,1,0,0,0,0,0,0,1,0,0,1,1,2,1 identity review concern(s),0,0,0,0,0,0,0,0,1,0,0,1,Low,LPT-11561,High,It Support
LPT-11649.CORP.LOCAL,1,0,0,0,0,0,0,1,0,0,0,0,0,0,1,2,1 lateral-movement alert(s),0,0,0,0,0,2,0,0,0,0,0,0,Low,LPT-11649.CORP.LOCAL,,Accounts
LPT-11691,1,0,0,0,0,0,0,0,0,0,1,0,0,1,1,2,1 identity review concern(s),0,0,0,0,0,0,0,0,1,0,0,1,Low,LPT-11691,Critical,Mkt
LPT-11701,1,0,0,0,0,0,0,0,1,0,0,0,0,0,1,2,1 credential-access alert(s),0,0,0,0,0,0,2,0,0,0,0,0,Low,LPT-11701,Low,Procurement Team
LPT-11710,1,0,0,1,0,0,0,0,1,0,0,0,0,0,1,2,1 credential-access alert(s),0,0,0,0,0,0,2,0,0,0,0,0,Low,LPT-11710,Critical,Fin
LPT-11745,1,0,0,1,0,0,1,0,0,0,0,0,0,0,1,2,1 PowerShell alert(s),0,0,0,0,2,0,0,0,0,0,0,0,Low,LPT-11745,High,Legal Dept
LPT-11870,1,0,0,0,0,0,0,0,0,0,1,0,0,1,1,2,1 identity review concern(s),0,0,0,0,0,0,0,0,1,0,0,1,Low,LPT-11870,Critical,People Team
LPT-11886,1,0,0,0,0,0,1,0,0,0,0,0,0,0,1,2,1 PowerShell alert(s),0,0,0,0,2,0,0,0,0,0,0,0,Low,LPT-11886,High,Finance
LPT-11906,1,0,0,1,0,0,1,0,0,0,0,0,0,0,1,2,1 PowerShell alert(s),0,0,0,0,2,0,0,0,0,0,0,0,Low,LPT-11906,High,Marketing
LPT-11928,1,0,0,0,0,0,1,0,0,0,0,0,0,0,1,2,1 PowerShell alert(s),0,0,0,0,2,0,0,0,0,0,0,0,Low,LPT-11928,Medium,Customer Care
LPT-12044.CORP.LOCAL,1,0,0,1,0,0,0,0,0,0,1,0,0,1,1,2,1 identity review concern(s),0,0,0,0,0,0,0,0,1,0,0,1,Low,LPT-12044.CORP.LOCAL,Medium,Ops
LPT-12080,1,0,0,0,0,0,0,0,1,0,0,0,0,0,1,2,1 credential-access alert(s),0,0,0,0,0,0,2,0,0,0,0,0,Low,LPT-12080,,Operations
LPT-12080.CORP.LOCAL,1,0,0,1,0,0,0,0,0,0,1,0,0,1,1,2,1 identity review concern(s),0,0,0,0,0,0,0,0,1,0,0,1,Low,LPT-12080.CORP.LOCAL,High,Operations
LPT-12088,1,0,0,1,0,0,0,0,1,0,0,0,0,0,1,2,1 credential-access alert(s),0,0,0,0,0,0,2,0,0,0,0,0,Low,LPT-12088,Low,Purch
LPT-12147,1,0,0,1,0,0,0,1,0,0,0,0,0,0,1,2,1 lateral-movement alert(s),0,0,0,0,0,2,0,0,0,0,0,0,Low,LPT-12147,High,Human Resources
LPT-12203,1,0,0,1,0,0,0,0,0,0,1,0,0,1,1,2,1 identity review concern(s),0,0,0,0,0,0,0,0,1,0,0,1,Low,LPT-12203,Low,Purch
LPT-12227,1,0,0,0,0,0,0,1,0,0,0,0,0,0,1,2,1 lateral-movement alert(s),0,0,0,0,0,2,0,0,0,0,0,0,Low,LPT-12227,High,Rnd
LPT-12377,1,0,0,1,0,0,0,1,0,0,0,0,0,0,1,2,1 lateral-movement alert(s),0,0,0,0,0,2,0,0,0,0,0,0,Low,LPT-12377,High,Cs
LPT-12427.CORP.LOCAL,1,0,0,1,0,0,0,0,0,0,1,0,0,1,1,2,1 identity review concern(s),0,0,0,0,0,0,0,0,1,0,0,1,Low,LPT-12427.CORP.LOCAL,High,Sales Dept
LPT-12516,1,0,0,1,0,0,1,0,0,0,0,0,0,0,1,2,1 PowerShell alert(s),0,0,0,0,2,0,0,0,0,0,0,0,Low,LPT-12516,Low,Human Resource
LPT-12532,1,0,0,0,0,0,0,1,0,0,0,0,0,0,1,2,1 lateral-movement alert(s),0,0,0,0,0,2,0,0,0,0,0,0,Low,LPT-12532,Low,Supply Chain
LPT-12541,1,0,0,0,0,0,0,0,1,0,0,0,0,0,1,2,1 credential-access alert(s),0,0,0,0,0,0,2,0,0,0,0,0,Low,LPT-12541,Low,Support
LPT-12563,1,0,0,1,0,0,1,0,0,0,0,0,0,0,1,2,1 PowerShell alert(s),0,0,0,0,2,0,0,0,0,0,0,0,Low,LPT-12563,,Supply Chain
LPT-12609.CORP.LOCAL,1,0,0,1,0,0,0,0,1,0,0,0,0,0,1,2,1 credential-access alert(s),0,0,0,0,0,0,2,0,0,0,0,0,Low,LPT-12609.CORP.LOCAL,Low,Compliance
LPT-12616.CORP.LOCAL,1,0,0,0,0,0,0,0,0,0,1,0,0,1,1,2,1 identity review concern(s),0,0,0,0,0,0,0,0,1,0,0,1,Low,LPT-12616.CORP.LOCAL,Critical,Customer Care
LPT-12639.CORP.LOCAL,1,0,0,1,0,0,0,1,0,0,0,0,0,0,1,2,1 lateral-movement alert(s),0,0,0,0,0,2,0,0,0,0,0,0,Low,LPT-12639.CORP.LOCAL,Critical,Research And Development
LPT-12654,1,0,0,0,0,0,1,0,0,0,0,0,0,0,1,2,1 PowerShell alert(s),0,0,0,0,2,0,0,0,0,0,0,0,Low,LPT-12654,Low,Hr Dept
LPT-12690,1,0,0,0,0,0,1,0,0,0,0,0,0,0,1,2,1 PowerShell alert(s),0,0,0,0,2,0,0,0,0,0,0,0,Low,LPT-12690,Critical,Procurement
LPT-12741,1,0,0,1,0,0,0,0,1,0,0,0,0,0,1,2,1 credential-access alert(s),0,0,0,0,0,0,2,0,0,0,0,0,Low,LPT-12741,High,Supply Chain
LPT-12759,1,0,0,1,0,0,0,0,1,0,0,0,0,0,1,2,1 credential-access alert(s),0,0,0,0,0,0,2,0,0,0,0,0,Low,LPT-12759,Medium,Sales Team
LPT-12843,1,0,0,1,0,0,0,1,0,0,0,0,0,0,1,2,1 lateral-movement alert(s),0,0,0,0,0,2,0,0,0,0,0,0,Low,LPT-12843,Low,Hr
LPT-12854,1,0,0,0,0,0,0,0,1,0,0,0,0,0,1,2,1 credential-access alert(s),0,0,0,0,0,0,2,0,0,0,0,0,Low,LPT-12854,High,Finance Dept
LPT-12871,1,0,0,1,0,0,0,0,1,0,0,0,0,0,1,2,1 credential-access alert(s),0,0,0,0,0,0,2,0,0,0,0,0,Low,LPT-12871,Critical,Human Resources
LPT-12904.CORP.LOCAL,1,0,0,1,0,0,0,0,0,0,1,0,0,1,1,2,1 identity review concern(s),0,0,0,0,0,0,0,0,1,0,0,1,Low,LPT-12904.CORP.LOCAL,Critical,Sales Team
LPT-12927,1,0,0,1,0,0,0,0,1,0,0,0,0,0,1,2,1 credential-access alert(s),0,0,0,0,0,0,2,0,0,0,0,0,Low,LPT-12927,,Mkt
LPT-12951.CORP.LOCAL,1,0,0,0,0,0,0,0,0,0,1,0,0,1,1,2,1 identity review concern(s),0,0,0,0,0,0,0,0,1,0,0,1,Low,LPT-12951.CORP.LOCAL,Critical,Innovation
MISSING_HOST::EMP10068,1,0,0,1,0,0,0,0,0,0,1,0,0,1,1,2,1 identity review concern(s),0,0,0,0,0,0,0,0,1,0,0,1,Low,,Low,Sales
MISSING_HOST::EMP10157,1,0,0,0,0,0,0,0,0,0,1,0,0,1,1,2,1 identity review concern(s),0,0,0,0,0,0,0,0,1,0,0,1,Low,,Medium,Human Resource
MISSING_HOST::EMP10241,1,0,0,1,0,0,0,0,0,0,1,0,0,1,1,2,1 identity review concern(s),0,0,0,0,0,0,0,0,1,0,0,1,Low,,High,Legal Dept
MISSING_HOST::EMP10472,1,0,0,0,0,0,0,0,0,0,1,0,0,1,1,2,1 identity review concern(s),0,0,0,0,0,0,0,0,1,0,0,1,Low,,Critical,
MISSING_HOST::EMP10493,1,0,0,1,0,0,0,0,0,0,1,0,0,1,1,2,1 identity review concern(s),0,0,0,0,0,0,0,0,1,0,0,1,Low,,Critical,It Dept
MISSING_HOST::EMP10494,1,0,0,1,0,0,0,0,0,0,1,0,0,1,1,2,1 identity review concern(s),0,0,0,0,0,0,0,0,1,0,0,1,Low,,Medium,Legal
MISSING_HOST::EMP10641,1,0,0,1,0,0,0,0,0,0,1,0,0,1,1,2,1 identity review concern(s),0,0,0,0,0,0,0,0,1,0,0,1,Low,,High,Rnd
MISSING_HOST::EMP10924,1,0,0,1,0,0,0,0,0,0,1,0,0,1,1,2,1 identity review concern(s),0,0,0,0,0,0,0,0,1,0,0,1,Low,,Critical,Rnd
MISSING_HOST::EMP11050,1,0,0,0,0,0,0,0,0,0,1,0,0,1,1,2,1 identity review concern(s),0,0,0,0,0,0,0,0,1,0,0,1,Low,,High,Legal
MISSING_HOST::EMP11141,1,0,0,1,0,0,0,0,0,0,1,0,0,1,1,2,1 identity review concern(s),0,0,0,0,0,0,0,0,1,0,0,1,Low,,Medium,Sales Dept
MISSING_HOST::EMP11364,1,0,0,0,0,0,0,0,0,0,1,0,0,1,1,2,1 identity review concern(s),0,0,0,0,0,0,0,0,1,0,0,1,Low,,Medium,Rnd
MISSING_HOST::EMP11529,1,0,0,1,0,0,0,0,0,0,1,0,0,1,1,2,1 identity review concern(s),0,0,0,0,0,0,0,0,1,0,0,1,Low,,Low,Brand Team
MISSING_HOST::EMP11625,1,0,0,1,0,0,0,0,0,0,1,0,0,1,1,2,1 identity review concern(s),0,0,0,0,0,0,0,0,1,0,0,1,Low,,,Operations Dept
MISSING_HOST::EMP11666,1,0,0,0,0,0,0,0,0,0,1,0,0,1,1,2,1 identity review concern(s),0,0,0,0,0,0,0,0,1,0,0,1,Low,,Low,Sales
MISSING_HOST::EMP11714,1,0,0,0,0,0,0,0,0,0,1,0,0,1,1,2,1 identity review concern(s),0,0,0,0,0,0,0,0,1,0,0,1,Low,,Critical,Sales
MISSING_HOST::EMP11718,1,0,0,0,0,0,0,0,0,0,1,0,0,1,1,2,1 identity review concern(s),0,0,0,0,0,0,0,0,1,0,0,1,Low,,Critical,Call Center
MISSING_HOST::EMP11796,1,0,0,0,0,0,0,0,0,0,1,0,0,1,1,2,1 identity review concern(s),0,0,0,0,0,0,0,0,1,0,0,1,Low,,Low,Hr Dept
MISSING_HOST::EMP11968,1,0,0,1,0,0,0,0,0,0,1,0,0,1,1,2,1 identity review concern(s),0,0,0,0,0,0,0,0,1,0,0,1,Low,,Critical,Legal Dept
MISSING_HOST::EMP12293,1,0,0,1,0,0,0,0,0,0,1,0,0,1,1,2,1 identity review concern(s),0,0,0,0,0,0,0,0,1,0,0,1,Low,,High,Innovation
MISSING_HOST::EMP12842,1,0,0,0,0,0,0,0,0,0,1,0,0,1,1,2,1 identity review concern(s),0,0,0,0,0,0,0,0,1,0,0,1,Low,,Critical,Finance Dept
MISSING_HOST::EMP12910,1,0,0,1,0,0,0,0,0,0,1,0,0,1,1,2,1 identity review concern(s),0,0,0,0,0,0,0,0,1,0,0,1,Low,,Low,Rd
VDR-10016,1,0,0,1,0,0,0,0,1,0,0,0,0,0,1,2,1 credential-access alert(s),0,0,0,0,0,0,2,0,0,0,0,0,Low,VDR-10016,,Finance Dept
VDR-10079,1,0,0,1,0,0,1,0,0,0,0,0,0,0,1,2,1 PowerShell alert(s),0,0,0,0,2,0,0,0,0,0,0,0,Low,VDR-10079,Medium,Finance Dept
VDR-10209.CORP.LOCAL,1,0,0,1,0,0,0,0,0,0,1,0,0,1,1,2,1 identity review concern(s),0,0,0,0,0,0,0,0,1,0,0,1,Low,VDR-10209.CORP.LOCAL,Medium,Research And Development
VDR-10218,1,0,0,1,0,0,0,0,1,0,0,0,0,0,1,2,1 credential-access alert(s),0,0,0,0,0,0,2,0,0,0,0,0,Low,VDR-10218,Critical,Customer Support
VDR-10247.CORP.LOCAL,1,0,0,0,0,0,0,0,1,0,0,0,0,0,1,2,1 credential-access alert(s),0,0,0,0,0,0,2,0,0,0,0,0,Low,VDR-10247.CORP.LOCAL,High,Support
VDR-10283,1,0,0,0,0,0,0,1,0,0,0,0,0,0,1,2,1 lateral-movement alert(s),0,0,0,0,0,2,0,0,0,0,0,0,Low,VDR-10283,,Brand Team
VDR-10310,1,0,0,0,0,0,0,1,0,0,0,0,0,0,1,2,1 lateral-movement alert(s),0,0,0,0,0,2,0,0,0,0,0,0,Low,VDR-10310,High,Legal
VDR-10358,1,0,0,1,0,0,1,0,0,0,0,0,0,0,1,2,1 PowerShell alert(s),0,0,0,0,2,0,0,0,0,0,0,0,Low,VDR-10358,High,Mkt
VDR-10362,1,0,0,1,0,0,0,1,0,0,0,0,0,0,1,2,1 lateral-movement alert(s),0,0,0,0,0,2,0,0,0,0,0,0,Low,VDR-10362,High,Innovation
VDR-10363,1,0,0,1,0,0,1,0,0,0,0,0,0,0,1,2,1 PowerShell alert(s),0,0,0,0,2,0,0,0,0,0,0,0,Low,VDR-10363,High,Legal
VDR-10449.CORP.LOCAL,1,0,0,0,0,0,1,0,0,0,0,0,0,0,1,2,1 PowerShell alert(s),0,0,0,0,2,0,0,0,0,0,0,0,Low,VDR-10449.CORP.LOCAL,Critical,Ops
VDR-10477,1,0,0,0,0,0,0,0,1,0,0,0,0,0,1,2,1 credential-access alert(s),0,0,0,0,0,0,2,0,0,0,0,0,Low,VDR-10477,Medium,Ops Team
VDR-10576.CORP.LOCAL,1,0,0,1,0,0,0,0,0,0,1,0,0,1,1,2,1 identity review concern(s),0,0,0,0,0,0,0,0,1,0,0,1,Low,VDR-10576.CORP.LOCAL,Medium,Mkt
VDR-10783,1,0,0,1,0,0,1,0,0,0,0,0,0,0,1,2,1 PowerShell alert(s),0,0,0,0,2,0,0,0,0,0,0,0,Low,VDR-10783,Low,Sales Dept
VDR-10793.CORP.LOCAL,1,0,0,1,0,0,0,0,0,0,1,0,0,1,1,2,1 identity review concern(s),0,0,0,0,0,0,0,0,1,0,0,1,Low,VDR-10793.CORP.LOCAL,Low,Information Tech
VDR-10796,1,0,0,0,0,0,0,0,1,0,0,0,0,0,1,2,1 credential-access alert(s),0,0,0,0,0,0,2,0,0,0,0,0,Low,VDR-10796,Medium,Operations
VDR-10816.CORP.LOCAL,1,0,0,0,0,0,1,0,0,0,0,0,0,0,1,2,1 PowerShell alert(s),0,0,0,0,2,0,0,0,0,0,0,0,Low,VDR-10816.CORP.LOCAL,High,Supply Chain
VDR-10846,1,0,0,0,0,0,0,1,0,0,0,0,0,0,1,2,1 lateral-movement alert(s),0,0,0,0,0,2,0,0,0,0,0,0,Low,VDR-10846,Medium,Legal
VDR-10875,1,0,0,0,0,0,1,0,0,0,0,0,0,0,1,2,1 PowerShell alert(s),0,0,0,0,2,0,0,0,0,0,0,0,Low,VDR-10875,Medium,Customer Care
VDR-10879,1,0,0,0,0,0,0,0,1,0,0,0,0,0,1,2,1 credential-access alert(s),0,0,0,0,0,0,2,0,0,0,0,0,Low,VDR-10879,Low,Supply Chain
VDR-10889,1,0,0,1,0,0,0,1,0,0,0,0,0,0,1,2,1 lateral-movement alert(s),0,0,0,0,0,2,0,0,0,0,0,0,Low,VDR-10889,Low,Mkt
VDR-10919,1,0,0,0,0,0,1,0,0,0,0,0,0,0,1,2,1 PowerShell alert(s),0,0,0,0,2,0,0,0,0,0,0,0,Low,VDR-10919,Low,Sales
VDR-10975,1,0,0,0,0,0,1,0,0,0,0,0,0,0,1,2,1 PowerShell alert(s),0,0,0,0,2,0,0,0,0,0,0,0,Low,VDR-10975,Medium,People Team
VDR-10983,1,0,0,1,0,0,0,0,1,0,0,0,0,0,1,2,1 credential-access alert(s),0,0,0,0,0,0,2,0,0,0,0,0,Low,VDR-10983,High,Research And Development
VDR-10990,1,0,0,1,0,0,1,0,0,0,0,0,0,0,1,2,1 PowerShell alert(s),0,0,0,0,2,0,0,0,0,0,0,0,Low,VDR-10990,High,Sales
VDR-11036,1,0,0,1,0,0,0,1,0,0,0,0,0,0,1,2,1 lateral-movement alert(s),0,0,0,0,0,2,0,0,0,0,0,0,Low,VDR-11036,Low,Information Tech
VDR-11066,1,0,0,0,0,0,1,0,0,0,0,0,0,0,1,2,1 PowerShell alert(s),0,0,0,0,2,0,0,0,0,0,0,0,Low,VDR-11066,Low,People Team
VDR-11083.CORP.LOCAL,1,0,0,0,0,0,0,0,0,0,1,0,0,1,1,2,1 identity review concern(s),0,0,0,0,0,0,0,0,1,0,0,1,Low,VDR-11083.CORP.LOCAL,Critical,Rd
VDR-11213,1,0,0,0,0,0,0,0,1,0,0,0,0,0,1,2,1 credential-access alert(s),0,0,0,0,0,0,2,0,0,0,0,0,Low,VDR-11213,Medium,Compliance
VDR-11227,1,0,0,0,0,0,0,0,1,0,0,0,0,0,1,2,1 credential-access alert(s),0,0,0,0,0,0,2,0,0,0,0,0,Low,VDR-11227,Critical,Human Resource
VDR-11255,1,0,0,0,0,0,0,0,0,0,1,0,0,1,1,2,1 identity review concern(s),0,0,0,0,0,0,0,0,1,0,0,1,Low,VDR-11255,Critical,Information Tech
VDR-11426,1,0,0,1,0,0,0,0,1,0,0,0,0,0,1,2,1 credential-access alert(s),0,0,0,0,0,0,2,0,0,0,0,0,Low,VDR-11426,High,It
VDR-11436,1,0,0,1,0,0,0,0,1,0,0,0,0,0,1,2,1 credential-access alert(s),0,0,0,0,0,0,2,0,0,0,0,0,Low,VDR-11436,Low,Innovation
VDR-11500,1,0,0,1,0,0,1,0,0,0,0,0,0,0,1,2,1 PowerShell alert(s),0,0,0,0,2,0,0,0,0,0,0,0,Low,VDR-11500,Low,Brand Team
VDR-11578,1,0,0,1,0,0,1,0,0,0,0,0,0,0,1,2,1 PowerShell alert(s),0,0,0,0,2,0,0,0,0,0,0,0,Low,VDR-11578,High,Legal
VDR-11611.CORP.LOCAL,1,0,0,1,0,0,0,0,0,0,1,0,0,1,1,2,1 identity review concern(s),0,0,0,0,0,0,0,0,1,0,0,1,Low,VDR-11611.CORP.LOCAL,Medium,Hr Dept
VDR-11731,1,0,0,1,0,0,1,0,0,0,0,0,0,0,1,2,1 PowerShell alert(s),0,0,0,0,2,0,0,0,0,0,0,0,Low,VDR-11731,Medium,Business Sales
VDR-11804.CORP.LOCAL,1,0,0,1,0,0,0,0,0,0,1,0,0,1,1,2,1 identity review concern(s),0,0,0,0,0,0,0,0,1,0,0,1,Low,VDR-11804.CORP.LOCAL,Critical,Information Technology
VDR-11910,1,0,0,1,0,0,0,0,0,0,1,0,0,1,1,2,1 identity review concern(s),0,0,0,0,0,0,0,0,1,0,0,1,Low,VDR-11910,,Human Resources
VDR-11933,1,0,0,1,0,0,1,0,0,0,0,0,0,0,1,2,1 PowerShell alert(s),0,0,0,0,2,0,0,0,0,0,0,0,Low,VDR-11933,Low,Operations Dept
VDR-11946.CORP.LOCAL,1,0,0,1,0,0,1,0,0,0,0,0,0,0,1,2,1 PowerShell alert(s),0,0,0,0,2,0,0,0,0,0,0,0,Low,VDR-11946.CORP.LOCAL,Critical,Mktg
VDR-11979,1,0,0,0,0,0,1,0,0,0,0,0,0,0,1,2,1 PowerShell alert(s),0,0,0,0,2,0,0,0,0,0,0,0,Low,VDR-11979,Low,Procurement Team
VDR-12057,1,0,0,0,0,0,0,1,0,0,0,0,0,0,1,2,1 lateral-movement alert(s),0,0,0,0,0,2,0,0,0,0,0,0,Low,VDR-12057,Low,Purchase
VDR-12187.CORP.LOCAL,1,0,0,1,0,0,0,0,0,0,1,0,0,1,1,2,1 identity review concern(s),0,0,0,0,0,0,0,0,1,0,0,1,Low,VDR-12187.CORP.LOCAL,Critical,Information Tech
VDR-12270,1,0,0,1,0,0,1,0,0,0,0,0,0,0,1,2,1 PowerShell alert(s),0,0,0,0,2,0,0,0,0,0,0,0,Low,VDR-12270,High,Accounts
VDR-12332.CORP.LOCAL,1,0,0,0,0,0,0,0,0,0,1,0,0,1,1,2,1 identity review concern(s),0,0,0,0,0,0,0,0,1,0,0,1,Low,VDR-12332.CORP.LOCAL,Low,
VDR-12348,1,0,0,1,0,0,0,0,1,0,0,0,0,0,1,2,1 credential-access alert(s),0,0,0,0,0,0,2,0,0,0,0,0,Low,VDR-12348,High,Information Technology
VDR-12593,1,0,0,0,0,0,1,0,0,0,0,0,0,0,1,2,1 PowerShell alert(s),0,0,0,0,2,0,0,0,0,0,0,0,Low,VDR-12593,Medium,Marketing
VDR-12684,1,0,0,1,0,0,0,1,0,0,0,0,0,0,1,2,1 lateral-movement alert(s),0,0,0,0,0,2,0,0,0,0,0,0,Low,VDR-12684,Low,Sales Team
VDR-12693.CORP.LOCAL,1,0,0,1,0,0,0,0,0,0,1,0,0,1,1,2,1 identity review concern(s),0,0,0,0,0,0,0,0,1,0,0,1,Low,VDR-12693.CORP.LOCAL,Medium,Legal
VDR-12709,1,0,0,0,0,0,1,0,0,0,0,0,0,0,1,2,1 PowerShell alert(s),0,0,0,0,2,0,0,0,0,0,0,0,Low,VDR-12709,Low,Legal
VDR-12750,1,0,0,0,0,0,1,0,0,0,0,0,0,0,1,2,1 PowerShell alert(s),0,0,0,0,2,0,0,0,0,0,0,0,Low,VDR-12750,High,It
VDR-12804,1,0,0,0,0,0,0,1,0,0,0,0,0,0,1,2,1 lateral-movement alert(s),0,0,0,0,0,2,0,0,0,0,0,0,Low,VDR-12804,Medium,Hr Dept
VDR-12806,1,0,0,1,0,0,0,1,0,0,0,0,0,0,1,2,1 lateral-movement alert(s),0,0,0,0,0,2,0,0,0,0,0,0,Low,VDR-12806,Medium,Human Resource
VDR-12821.CORP.LOCAL,1,0,0,0,0,0,0,0,0,0,1,0,0,1,1,2,1 identity review concern(s),0,0,0,0,0,0,0,0,1,0,0,1,Low,VDR-12821.CORP.LOCAL,,Operations
VDR-12841,1,0,0,1,0,0,0,1,0,0,0,0,0,0,1,2,1 lateral-movement alert(s),0,0,0,0,0,2,0,0,0,0,0,0,Low,VDR-12841,Critical,Rd
VDR-12922,1,0,0,1,0,0,1,0,0,0,0,0,0,0,1,2,1 PowerShell alert(s),0,0,0,0,2,0,0,0,0,0,0,0,Low,VDR-12922,High,Mkt
VDR-12928,1,0,0,1,0,0,1,0,0,0,0,0,0,0,1,2,1 PowerShell alert(s),0,0,0,0,2,0,0,0,0,0,0,0,Low,VDR-12928,High,Hr
VDR-12958,1,0,0,1,0,0,0,1,0,0,0,0,0,0,1,2,1 lateral-movement alert(s),0,0,0,0,0,2,0,0,0,0,0,0,Low,VDR-12958,Medium,R&D
VDR-12975,1,0,0,1,0,0,1,0,0,0,0,0,0,0,1,2,1 PowerShell alert(s),0,0,0,0,2,0,0,0,0,0,0,0,Low,VDR-12975,Low,Sales
VDR-12976.CORP.LOCAL,1,0,0,0,0,0,1,0,0,0,0,0,0,0,1,2,1 PowerShell alert(s),0,0,0,0,2,0,0,0,0,0,0,0,Low,VDR-12976.CORP.LOCAL,High,Sales Team
WS-10023.CORP.LOCAL,1,0,0,1,0,0,0,0,0,0,1,0,0,1,1,2,1 identity review concern(s),0,0,0,0,0,0,0,0,1,0,0,1,Low,WS-10023.CORP.LOCAL,Low,Human Resources
WS-10070,1,0,0,1,0,0,0,0,1,0,0,0,0,0,1,2,1 credential-access alert(s),0,0,0,0,0,0,2,0,0,0,0,0,Low,WS-10070,Medium,Ops Team
WS-10191,1,0,0,1,0,0,0,0,1,0,0,0,0,0,1,2,1 credential-access alert(s),0,0,0,0,0,0,2,0,0,0,0,0,Low,WS-10191,High,Hr
WS-10213,1,0,0,0,0,0,0,0,1,0,0,0,0,0,1,2,1 credential-access alert(s),0,0,0,0,0,0,2,0,0,0,0,0,Low,WS-10213,Medium,Sales
WS-10241,1,0,0,1,0,0,0,1,0,0,0,0,0,0,1,2,1 lateral-movement alert(s),0,0,0,0,0,2,0,0,0,0,0,0,Low,WS-10241,Low,Legal Dept
WS-10242,1,0,0,1,0,0,0,0,1,0,0,0,0,0,1,2,1 credential-access alert(s),0,0,0,0,0,0,2,0,0,0,0,0,Low,WS-10242,Critical,Ops
WS-10338,1,0,0,1,0,0,0,0,1,0,0,0,0,0,1,2,1 credential-access alert(s),0,0,0,0,0,0,2,0,0,0,0,0,Low,WS-10338,High,Human Resource
WS-10391,1,0,0,0,0,0,1,0,0,0,0,0,0,0,1,2,1 PowerShell alert(s),0,0,0,0,2,0,0,0,0,0,0,0,Low,WS-10391,High,It
WS-10394.CORP.LOCAL,1,0,0,1,0,0,0,0,0,0,1,0,0,1,1,2,1 identity review concern(s),0,0,0,0,0,0,0,0,1,0,0,1,Low,WS-10394.CORP.LOCAL,High,Human Resource
WS-10448,1,0,0,1,0,0,0,1,0,0,0,0,0,0,1,2,1 lateral-movement alert(s),0,0,0,0,0,2,0,0,0,0,0,0,Low,WS-10448,Low,Sales Dept
WS-10450,1,0,0,1,0,0,0,1,0,0,0,0,0,0,1,2,1 lateral-movement alert(s),0,0,0,0,0,2,0,0,0,0,0,0,Low,WS-10450,High,Accounts
WS-10453,1,0,0,1,0,0,0,0,1,0,0,0,0,0,1,2,1 credential-access alert(s),0,0,0,0,0,0,2,0,0,0,0,0,Low,WS-10453,,People Team
WS-10487.CORP.LOCAL,1,0,0,1,0,0,0,0,0,0,1,0,0,1,1,2,1 identity review concern(s),0,0,0,0,0,0,0,0,1,0,0,1,Low,WS-10487.CORP.LOCAL,,It
WS-10512,1,0,0,1,0,0,1,0,0,0,0,0,0,0,1,2,1 PowerShell alert(s),0,0,0,0,2,0,0,0,0,0,0,0,Low,WS-10512,,Operations
WS-10683.CORP.LOCAL,1,0,0,1,0,0,0,1,0,0,0,0,0,0,1,2,1 lateral-movement alert(s),0,0,0,0,0,2,0,0,0,0,0,0,Low,WS-10683.CORP.LOCAL,Low,Operations
WS-10686,1,0,0,1,0,0,0,0,0,0,1,0,0,1,1,2,1 identity review concern(s),0,0,0,0,0,0,0,0,1,0,0,1,Low,WS-10686,Medium,Business Sales
WS-10774,1,0,0,1,0,0,0,1,0,0,0,0,0,0,1,2,1 lateral-movement alert(s),0,0,0,0,0,2,0,0,0,0,0,0,Low,WS-10774,Medium,Finance Dept
WS-10812,1,0,0,1,0,0,0,0,1,0,0,0,0,0,1,2,1 credential-access alert(s),0,0,0,0,0,0,2,0,0,0,0,0,Low,WS-10812,High,Sales Team
WS-10849,1,0,0,1,0,0,1,0,0,0,0,0,0,0,1,2,1 PowerShell alert(s),0,0,0,0,2,0,0,0,0,0,0,0,Low,WS-10849,,Sales
WS-10958.CORP.LOCAL,1,0,0,1,0,0,0,0,0,0,1,0,0,1,1,2,1 identity review concern(s),0,0,0,0,0,0,0,0,1,0,0,1,Low,WS-10958.CORP.LOCAL,Critical,R&D
WS-10979,1,0,0,0,0,0,0,0,1,0,0,0,0,0,1,2,1 credential-access alert(s),0,0,0,0,0,0,2,0,0,0,0,0,Low,WS-10979,,Finance
WS-11064,1,0,0,0,0,0,1,0,0,0,0,0,0,0,1,2,1 PowerShell alert(s),0,0,0,0,2,0,0,0,0,0,0,0,Low,WS-11064,,Compliance
WS-11080,1,0,0,1,0,0,0,0,1,0,0,0,0,0,1,2,1 credential-access alert(s),0,0,0,0,0,0,2,0,0,0,0,0,Low,WS-11080,Medium,Rd
WS-11092,1,0,0,0,0,0,0,1,0,0,0,0,0,0,1,2,1 lateral-movement alert(s),0,0,0,0,0,2,0,0,0,0,0,0,Low,WS-11092,,Hr
WS-11110,1,0,0,0,0,0,0,0,0,0,1,0,0,1,1,2,1 identity review concern(s),0,0,0,0,0,0,0,0,1,0,0,1,Low,WS-11110,Low,Customer Support
WS-11442,1,0,0,0,0,0,0,0,1,0,0,0,0,0,1,2,1 credential-access alert(s),0,0,0,0,0,0,2,0,0,0,0,0,Low,WS-11442,,Purch
WS-11481,1,0,0,1,0,0,1,0,0,0,0,0,0,0,1,2,1 PowerShell alert(s),0,0,0,0,2,0,0,0,0,0,0,0,Low,WS-11481,Low,Procurement
WS-11529,1,0,0,1,0,0,0,1,0,0,0,0,0,0,1,2,1 lateral-movement alert(s),0,0,0,0,0,2,0,0,0,0,0,0,Low,WS-11529,,Brand Team
WS-11538.CORP.LOCAL,1,0,0,1,0,0,0,0,0,0,1,0,0,1,1,2,1 identity review concern(s),0,0,0,0,0,0,0,0,1,0,0,1,Low,WS-11538.CORP.LOCAL,Medium,Sales Team
WS-11567,1,0,0,1,0,0,0,1,0,0,0,0,0,0,1,2,1 lateral-movement alert(s),0,0,0,0,0,2,0,0,0,0,0,0,Low,WS-11567,High,Hr
WS-11657.CORP.LOCAL,1,0,0,1,0,0,0,0,0,0,1,0,0,1,1,2,1 identity review concern(s),0,0,0,0,0,0,0,0,1,0,0,1,Low,WS-11657.CORP.LOCAL,High,Business Sales
WS-11672.CORP.LOCAL,1,0,0,1,0,0,0,1,0,0,0,0,0,0,1,2,1 lateral-movement alert(s),0,0,0,0,0,2,0,0,0,0,0,0,Low,WS-11672.CORP.LOCAL,Critical,Mkt
WS-11706,1,0,0,1,0,0,0,0,1,0,0,0,0,0,1,2,1 credential-access alert(s),0,0,0,0,0,0,2,0,0,0,0,0,Low,WS-11706,Low,Operations
WS-11719,1,0,0,0,0,0,0,0,1,0,0,0,0,0,1,2,1 credential-access alert(s),0,0,0,0,0,0,2,0,0,0,0,0,Low,WS-11719,Medium,Sales Dept
WS-11782,1,0,0,1,0,0,0,1,0,0,0,0,0,0,1,2,1 lateral-movement alert(s),0,0,0,0,0,2,0,0,0,0,0,0,Low,WS-11782,High,Customer Support
WS-11878,1,0,0,1,0,0,0,0,1,0,0,0,0,0,1,2,1 credential-access alert(s),0,0,0,0,0,0,2,0,0,0,0,0,Low,WS-11878,Low,Information Tech
WS-12047,1,0,0,1,0,0,0,1,0,0,0,0,0,0,1,2,1 lateral-movement alert(s),0,0,0,0,0,2,0,0,0,0,0,0,Low,WS-12047,Low,Hr
WS-12092,1,0,0,1,0,0,1,0,0,0,0,0,0,0,1,2,1 PowerShell alert(s),0,0,0,0,2,0,0,0,0,0,0,0,Low,WS-12092,High,People Team
WS-12213.CORP.LOCAL,1,0,0,1,0,0,0,1,0,0,0,0,0,0,1,2,1 lateral-movement alert(s),0,0,0,0,0,2,0,0,0,0,0,0,Low,WS-12213.CORP.LOCAL,Low,Rnd
WS-12256,1,0,0,1,0,0,1,0,0,0,0,0,0,0,1,2,1 PowerShell alert(s),0,0,0,0,2,0,0,0,0,0,0,0,Low,WS-12256,,Hr Dept
WS-12387.CORP.LOCAL,1,0,0,0,0,0,0,0,0,0,1,0,0,1,1,2,1 identity review concern(s),0,0,0,0,0,0,0,0,1,0,0,1,Low,WS-12387.CORP.LOCAL,High,Legal
WS-12390.CORP.LOCAL,1,0,0,1,0,0,0,0,0,0,1,0,0,1,1,2,1 identity review concern(s),0,0,0,0,0,0,0,0,1,0,0,1,Low,WS-12390.CORP.LOCAL,Low,Marketing Dept
WS-12442,1,0,0,1,0,0,0,1,0,0,0,0,0,0,1,2,1 lateral-movement alert(s),0,0,0,0,0,2,0,0,0,0,0,0,Low,WS-12442,High,Procurement
WS-12495,1,0,0,1,0,0,1,0,0,0,0,0,0,0,1,2,1 PowerShell alert(s),0,0,0,0,2,0,0,0,0,0,0,0,Low,WS-12495,Medium,Finance Dept
WS-12701,1,0,0,0,0,0,0,0,1,0,0,0,0,0,1,2,1 credential-access alert(s),0,0,0,0,0,0,2,0,0,0,0,0,Low,WS-12701,Medium,Rnd
WS-12713,1,0,0,1,0,0,0,1,0,0,0,0,0,0,1,2,1 lateral-movement alert(s),0,0,0,0,0,2,0,0,0,0,0,0,Low,WS-12713,High,Legal
WS-12765,1,0,0,1,0,0,1,0,0,0,0,0,0,0,1,2,1 PowerShell alert(s),0,0,0,0,2,0,0,0,0,0,0,0,Low,WS-12765,Critical,Legal Dept
WS-12930,1,0,0,1,0,0,1,0,0,0,0,0,0,0,1,2,1 PowerShell alert(s),0,0,0,0,2,0,0,0,0,0,0,0,Low,WS-12930,Low,Purch
WS-12977.CORP.LOCAL,1,0,0,1,0,0,0,0,0,0,1,0,0,1,1,2,1 identity review concern(s),0,0,0,0,0,0,0,0,1,0,0,1,Low,WS-12977.CORP.LOCAL,Low,Legal
VDR-12430,3,0,0,0,0,0,0,0,0,0,1,0,0,0,1,1,volume/low-severity activity only,0,0,0,0,0,0,0,0,1,0,0,0,Low,VDR-12430,Medium,People Team
WS-10832,3,0,0,1,0,0,0,0,0,0,1,0,0,0,1,1,volume/low-severity activity only,0,0,0,0,0,0,0,0,1,0,0,0,Low,WS-10832,Low,Cs
LPT-10227,2,0,0,2,0,0,0,0,0,0,1,0,0,0,1,1,volume/low-severity activity only,0,0,0,0,0,0,0,0,1,0,0,0,Low,LPT-10227,Medium,Information Technology
LPT-10661,2,0,0,2,0,0,0,0,0,0,1,0,0,0,1,1,volume/low-severity activity only,0,0,0,0,0,0,0,0,1,0,0,0,Low,LPT-10661,Critical,R&D
LPT-11742,2,0,0,1,0,0,0,0,0,0,1,0,0,0,1,1,volume/low-severity activity only,0,0,0,0,0,0,0,0,1,0,0,0,Low,LPT-11742,High,Business Sales
VDR-11858,2,0,0,2,0,0,0,0,0,0,1,0,0,0,1,1,volume/low-severity activity only,0,0,0,0,0,0,0,0,1,0,0,0,Low,VDR-11858,Medium,Procurement Team
VDR-12369,2,0,0,1,0,0,0,0,0,0,1,0,0,0,1,1,volume/low-severity activity only,0,0,0,0,0,0,0,0,1,0,0,0,Low,VDR-12369,High,It Dept
WS-10471,2,0,0,1,0,0,0,0,0,0,1,0,0,0,1,1,volume/low-severity activity only,0,0,0,0,0,0,0,0,1,0,0,0,Low,WS-10471,Medium,Legal Dept
WS-12255,2,0,0,2,0,0,0,0,0,0,1,0,0,0,1,1,volume/low-severity activity only,0,0,0,0,0,0,0,0,1,0,0,0,Low,WS-12255,High,Accounts
LPT-10003.CORP.LOCAL,1,0,0,0,0,0,0,0,0,0,0,0,0,1,1,1,1 identity review concern(s),0,0,0,0,0,0,0,0,0,0,0,1,Low,LPT-10003.CORP.LOCAL,Critical,Legal
LPT-10037,1,0,0,0,0,0,0,0,0,0,1,0,0,0,1,1,volume/low-severity activity only,0,0,0,0,0,0,0,0,1,0,0,0,Low,LPT-10037,High,Customer Support
LPT-10186,1,0,0,1,0,0,0,0,0,0,0,0,0,1,1,1,1 identity review concern(s),0,0,0,0,0,0,0,0,0,0,0,1,Low,LPT-10186,High,Rnd
LPT-10405.CORP.LOCAL,1,0,0,1,0,0,0,0,0,0,0,0,0,1,1,1,1 identity review concern(s),0,0,0,0,0,0,0,0,0,0,0,1,Low,LPT-10405.CORP.LOCAL,Critical,Fin
LPT-10423,1,0,0,0,0,0,0,0,0,0,1,0,0,0,1,1,volume/low-severity activity only,0,0,0,0,0,0,0,0,1,0,0,0,Low,LPT-10423,High,Legal
LPT-10483.CORP.LOCAL,1,0,0,1,0,0,0,0,0,0,0,0,0,1,1,1,1 identity review concern(s),0,0,0,0,0,0,0,0,0,0,0,1,Low,LPT-10483.CORP.LOCAL,High,Ops
LPT-10750.CORP.LOCAL,1,0,0,0,0,0,0,0,0,0,0,0,0,1,1,1,1 identity review concern(s),0,0,0,0,0,0,0,0,0,0,0,1,Low,LPT-10750.CORP.LOCAL,High,People Team
LPT-10785.CORP.LOCAL,1,0,0,1,0,0,0,0,0,0,0,0,0,1,1,1,1 identity review concern(s),0,0,0,0,0,0,0,0,0,0,0,1,Low,LPT-10785.CORP.LOCAL,,Rd
LPT-10811.CORP.LOCAL,1,0,0,1,0,0,0,0,0,0,0,0,0,1,1,1,1 identity review concern(s),0,0,0,0,0,0,0,0,0,0,0,1,Low,LPT-10811.CORP.LOCAL,Medium,Human Resource
LPT-10904.CORP.LOCAL,1,0,0,0,0,0,0,0,0,0,0,0,0,1,1,1,1 identity review concern(s),0,0,0,0,0,0,0,0,0,0,0,1,Low,LPT-10904.CORP.LOCAL,High,Operations
LPT-11088,1,0,0,1,0,0,0,0,0,0,1,0,0,0,1,1,volume/low-severity activity only,0,0,0,0,0,0,0,0,1,0,0,0,Low,LPT-11088,Medium,Legal Dept
LPT-11115,1,0,0,0,0,0,0,0,0,0,1,0,0,0,1,1,volume/low-severity activity only,0,0,0,0,0,0,0,0,1,0,0,0,Low,LPT-11115,,Mkt
LPT-11319,1,0,0,1,0,0,0,0,0,0,1,0,0,0,1,1,volume/low-severity activity only,0,0,0,0,0,0,0,0,1,0,0,0,Low,LPT-11319,,Supply Chain
LPT-11432.CORP.LOCAL,1,0,0,1,0,0,0,0,0,0,0,0,0,1,1,1,1 identity review concern(s),0,0,0,0,0,0,0,0,0,0,0,1,Low,LPT-11432.CORP.LOCAL,Critical,It Support
LPT-11478,1,0,0,1,0,0,0,0,0,0,1,0,0,0,1,1,volume/low-severity activity only,0,0,0,0,0,0,0,0,1,0,0,0,Low,LPT-11478,Medium,Legal
LPT-11679.CORP.LOCAL,1,0,0,1,0,0,0,0,0,0,0,0,0,1,1,1,1 identity review concern(s),0,0,0,0,0,0,0,0,0,0,0,1,Low,LPT-11679.CORP.LOCAL,Medium,Purchase
LPT-11775,1,0,0,0,0,0,0,0,0,0,1,0,0,0,1,1,volume/low-severity activity only,0,0,0,0,0,0,0,0,1,0,0,0,Low,LPT-11775,High,Fin
LPT-11825.CORP.LOCAL,1,0,0,1,0,0,0,0,0,0,1,0,0,0,1,1,volume/low-severity activity only,0,0,0,0,0,0,0,0,1,0,0,0,Low,LPT-11825.CORP.LOCAL,High,Brand Team
LPT-11842.CORP.LOCAL,1,0,0,1,0,0,0,0,0,0,0,0,0,1,1,1,1 identity review concern(s),0,0,0,0,0,0,0,0,0,0,0,1,Low,LPT-11842.CORP.LOCAL,Low,
LPT-12000,1,0,0,1,0,0,0,0,0,0,0,0,0,1,1,1,1 identity review concern(s),0,0,0,0,0,0,0,0,0,0,0,1,Low,LPT-12000,Medium,Legal
LPT-12027,1,0,0,1,0,0,0,0,0,0,0,0,0,1,1,1,1 identity review concern(s),0,0,0,0,0,0,0,0,0,0,0,1,Low,LPT-12027,Critical,Mkt
LPT-12070.CORP.LOCAL,1,0,0,0,0,0,0,0,0,0,0,0,0,1,1,1,1 identity review concern(s),0,0,0,0,0,0,0,0,0,0,0,1,Low,LPT-12070.CORP.LOCAL,Low,Cs
LPT-12144,1,0,0,1,0,0,0,0,0,0,0,0,0,1,1,1,1 identity review concern(s),0,0,0,0,0,0,0,0,0,0,0,1,Low,LPT-12144,Low,
LPT-12149,1,0,0,0,0,0,0,0,0,0,1,0,0,0,1,1,volume/low-severity activity only,0,0,0,0,0,0,0,0,1,0,0,0,Low,LPT-12149,,Legal
LPT-12303.CORP.LOCAL,1,0,0,0,0,0,0,0,0,0,0,0,0,1,1,1,1 identity review concern(s),0,0,0,0,0,0,0,0,0,0,0,1,Low,LPT-12303.CORP.LOCAL,,Finance
LPT-12378.CORP.LOCAL,1,0,0,1,0,0,0,0,0,0,0,0,0,1,1,1,1 identity review concern(s),0,0,0,0,0,0,0,0,0,0,0,1,Low,LPT-12378.CORP.LOCAL,Low,Cs
LPT-12407.CORP.LOCAL,1,0,0,1,0,0,0,0,0,0,0,0,0,1,1,1,1 identity review concern(s),0,0,0,0,0,0,0,0,0,0,0,1,Low,LPT-12407.CORP.LOCAL,Low,Ops
LPT-12419,1,0,0,0,0,0,0,0,0,0,1,0,0,0,1,1,volume/low-severity activity only,0,0,0,0,0,0,0,0,1,0,0,0,Low,LPT-12419,High,Customer Support
LPT-12530.CORP.LOCAL,1,0,0,0,0,0,0,0,0,0,0,0,0,1,1,1,1 identity review concern(s),0,0,0,0,0,0,0,0,0,0,0,1,Low,LPT-12530.CORP.LOCAL,Medium,Human Resources
LPT-12585.CORP.LOCAL,1,0,0,1,0,0,0,0,0,0,0,0,0,1,1,1,1 identity review concern(s),0,0,0,0,0,0,0,0,0,0,0,1,Low,LPT-12585.CORP.LOCAL,Low,Operations
LPT-12965.CORP.LOCAL,1,0,0,0,0,0,0,0,0,0,0,0,0,1,1,1,1 identity review concern(s),0,0,0,0,0,0,0,0,0,0,0,1,Low,LPT-12965.CORP.LOCAL,,It
MISSING_HOST::EMP10121,1,0,0,1,0,0,0,0,0,0,0,0,0,1,1,1,1 identity review concern(s),0,0,0,0,0,0,0,0,0,0,0,1,Low,,,Rnd
MISSING_HOST::EMP10162,1,0,0,1,0,0,0,0,0,0,0,0,0,1,1,1,1 identity review concern(s),0,0,0,0,0,0,0,0,0,0,0,1,Low,,Low,Information Technology
MISSING_HOST::EMP10204,1,0,0,1,0,0,0,0,0,0,0,0,0,1,1,1,1 identity review concern(s),0,0,0,0,0,0,0,0,0,0,0,1,Low,,Medium,Customer Care
MISSING_HOST::EMP10362,1,0,0,0,0,0,0,0,0,0,0,0,0,1,1,1,1 identity review concern(s),0,0,0,0,0,0,0,0,0,0,0,1,Low,,,Innovation
MISSING_HOST::EMP10434,1,0,0,0,0,0,0,0,0,0,0,0,0,1,1,1,1 identity review concern(s),0,0,0,0,0,0,0,0,0,0,0,1,Low,,High,Marketing Dept
MISSING_HOST::EMP10566,1,0,0,1,0,0,0,0,0,0,0,0,0,1,1,1,1 identity review concern(s),0,0,0,0,0,0,0,0,0,0,0,1,Low,,High,Hr Dept
MISSING_HOST::EMP10608,1,0,0,1,0,0,0,0,0,0,0,0,0,1,1,1,1 identity review concern(s),0,0,0,0,0,0,0,0,0,0,0,1,Low,,,Call Center
MISSING_HOST::EMP10635,1,0,0,1,0,0,0,0,0,0,0,0,0,1,1,1,1 identity review concern(s),0,0,0,0,0,0,0,0,0,0,0,1,Low,,Critical,It Dept
MISSING_HOST::EMP10747,1,0,0,1,0,0,0,0,0,0,0,0,0,1,1,1,1 identity review concern(s),0,0,0,0,0,0,0,0,0,0,0,1,Low,,Low,Operations Dept
MISSING_HOST::EMP10828,1,0,0,1,0,0,0,0,0,0,0,0,0,1,1,1,1 identity review concern(s),0,0,0,0,0,0,0,0,0,0,0,1,Low,,Low,Hr Dept
MISSING_HOST::EMP10896,1,0,0,0,0,0,0,0,0,0,0,0,0,1,1,1,1 identity review concern(s),0,0,0,0,0,0,0,0,0,0,0,1,Low,,Low,Sales Team
MISSING_HOST::EMP10919,1,0,0,0,0,0,0,0,0,0,0,0,0,1,1,1,1 identity review concern(s),0,0,0,0,0,0,0,0,0,0,0,1,Low,,Medium,Sales
MISSING_HOST::EMP11212,1,0,0,1,0,0,0,0,0,0,0,0,0,1,1,1,1 identity review concern(s),0,0,0,0,0,0,0,0,0,0,0,1,Low,,High,Customer Support
MISSING_HOST::EMP11354,1,0,0,1,0,0,0,0,0,0,0,0,0,1,1,1,1 identity review concern(s),0,0,0,0,0,0,0,0,0,0,0,1,Low,,Medium,Business Sales
MISSING_HOST::EMP11412,1,0,0,1,0,0,0,0,0,0,0,0,0,1,1,1,1 identity review concern(s),0,0,0,0,0,0,0,0,0,0,0,1,Low,,High,Marketing Dept
MISSING_HOST::EMP11481,1,0,0,0,0,0,0,0,0,0,0,0,0,1,1,1,1 identity review concern(s),0,0,0,0,0,0,0,0,0,0,0,1,Low,,Medium,Procurement
MISSING_HOST::EMP11497,1,0,0,1,0,0,0,0,0,0,0,0,0,1,1,1,1 identity review concern(s),0,0,0,0,0,0,0,0,0,0,0,1,Low,,Critical,Business Sales
MISSING_HOST::EMP11623,1,0,0,1,0,0,0,0,0,0,0,0,0,1,1,1,1 identity review concern(s),0,0,0,0,0,0,0,0,0,0,0,1,Low,,Low,Purch
MISSING_HOST::EMP11660,1,0,0,1,0,0,0,0,0,0,0,0,0,1,1,1,1 identity review concern(s),0,0,0,0,0,0,0,0,0,0,0,1,Low,,Low,Innovation
MISSING_HOST::EMP11847,1,0,0,1,0,0,0,0,0,0,0,0,0,1,1,1,1 identity review concern(s),0,0,0,0,0,0,0,0,0,0,0,1,Low,,High,Marketing Dept
MISSING_HOST::EMP11955,1,0,0,0,0,0,0,0,0,0,0,0,0,1,1,1,1 identity review concern(s),0,0,0,0,0,0,0,0,0,0,0,1,Low,,Medium,Accounts
MISSING_HOST::EMP11984,1,0,0,0,0,0,0,0,0,0,0,0,0,1,1,1,1 identity review concern(s),0,0,0,0,0,0,0,0,0,0,0,1,Low,,High,Legal Dept
MISSING_HOST::EMP12017,1,0,0,0,0,0,0,0,0,0,0,0,0,1,1,1,1 identity review concern(s),0,0,0,0,0,0,0,0,0,0,0,1,Low,,Medium,Sales Dept
MISSING_HOST::EMP12030,1,0,0,0,0,0,0,0,0,0,0,0,0,1,1,1,1 identity review concern(s),0,0,0,0,0,0,0,0,0,0,0,1,Low,,Low,Customer Support
MISSING_HOST::EMP12082,1,0,0,0,0,0,0,0,0,0,0,0,0,1,1,1,1 identity review concern(s),0,0,0,0,0,0,0,0,0,0,0,1,Low,,,Procurement Team
MISSING_HOST::EMP12103,1,0,0,0,0,0,0,0,0,0,0,0,0,1,1,1,1 identity review concern(s),0,0,0,0,0,0,0,0,0,0,0,1,Low,,Low,Information Technology
MISSING_HOST::EMP12124,1,0,0,1,0,0,0,0,0,0,0,0,0,1,1,1,1 identity review concern(s),0,0,0,0,0,0,0,0,0,0,0,1,Low,,High,Hr Dept
MISSING_HOST::EMP12152,1,0,0,1,0,0,0,0,0,0,0,0,0,1,1,1,1 identity review concern(s),0,0,0,0,0,0,0,0,0,0,0,1,Low,,Medium,Brand Team
MISSING_HOST::EMP12300,1,0,0,1,0,0,0,0,0,0,0,0,0,1,1,1,1 identity review concern(s),0,0,0,0,0,0,0,0,0,0,0,1,Low,,,Customer Care
MISSING_HOST::EMP12346,1,0,0,0,0,0,0,0,0,0,0,0,0,1,1,1,1 identity review concern(s),0,0,0,0,0,0,0,0,0,0,0,1,Low,,,Purch
MISSING_HOST::EMP12373,1,0,0,0,0,0,0,0,0,0,0,0,0,1,1,1,1 identity review concern(s),0,0,0,0,0,0,0,0,0,0,0,1,Low,,,Operations
MISSING_HOST::EMP12502,1,0,0,0,0,0,0,0,0,0,0,0,0,1,1,1,1 identity review concern(s),0,0,0,0,0,0,0,0,0,0,0,1,Low,,High,Hr Dept
MISSING_HOST::EMP12688,1,0,0,1,0,0,0,0,0,0,0,0,0,1,1,1,1 identity review concern(s),0,0,0,0,0,0,0,0,0,0,0,1,Low,,High,Finance
MISSING_HOST::EMP12726,1,0,0,0,0,0,0,0,0,0,0,0,0,1,1,1,1 identity review concern(s),0,0,0,0,0,0,0,0,0,0,0,1,Low,,Medium,Information Technology
VDR-10071,1,0,0,0,0,0,0,0,0,0,1,0,0,0,1,1,volume/low-severity activity only,0,0,0,0,0,0,0,0,1,0,0,0,Low,VDR-10071,Critical,Finance
VDR-10116.CORP.LOCAL,1,0,0,1,0,0,0,0,0,0,0,0,0,1,1,1,1 identity review concern(s),0,0,0,0,0,0,0,0,0,0,0,1,Low,VDR-10116.CORP.LOCAL,Medium,Marketing
VDR-10168.CORP.LOCAL,1,0,0,1,0,0,0,0,0,0,0,0,0,1,1,1,1 identity review concern(s),0,0,0,0,0,0,0,0,0,0,0,1,Low,VDR-10168.CORP.LOCAL,Critical,Customer Support
VDR-10335,1,0,0,1,0,0,0,0,0,0,1,0,0,0,1,1,volume/low-severity activity only,0,0,0,0,0,0,0,0,1,0,0,0,Low,VDR-10335,Critical,Finance Dept
VDR-10454.CORP.LOCAL,1,0,0,1,0,0,0,0,0,0,0,0,0,1,1,1,1 identity review concern(s),0,0,0,0,0,0,0,0,0,0,0,1,Low,VDR-10454.CORP.LOCAL,Medium,Purchase
VDR-10510,1,0,0,1,0,0,0,0,0,0,1,0,0,0,1,1,volume/low-severity activity only,0,0,0,0,0,0,0,0,1,0,0,0,Low,VDR-10510,Low,Hr Dept
VDR-10677,1,0,0,0,0,0,0,0,0,0,1,0,0,0,1,1,volume/low-severity activity only,0,0,0,0,0,0,0,0,1,0,0,0,Low,VDR-10677,High,Call Center
VDR-10756.CORP.LOCAL,1,0,0,0,0,0,0,0,0,0,0,0,0,1,1,1,1 identity review concern(s),0,0,0,0,0,0,0,0,0,0,0,1,Low,VDR-10756.CORP.LOCAL,,Sales
VDR-10910,1,0,0,1,0,0,0,0,0,0,0,0,0,1,1,1,1 identity review concern(s),0,0,0,0,0,0,0,0,0,0,0,1,Low,VDR-10910,Medium,Purchase
VDR-10930,1,0,0,0,0,0,0,0,0,0,1,0,0,0,1,1,volume/low-severity activity only,0,0,0,0,0,0,0,0,1,0,0,0,Low,VDR-10930,Low,Legal
VDR-10975.CORP.LOCAL,1,0,0,1,0,0,0,0,0,0,0,0,0,1,1,1,1 identity review concern(s),0,0,0,0,0,0,0,0,0,0,0,1,Low,VDR-10975.CORP.LOCAL,Critical,People Team
VDR-11314,1,0,0,0,0,0,0,0,0,0,0,0,0,1,1,1,1 identity review concern(s),0,0,0,0,0,0,0,0,0,0,0,1,Low,VDR-11314,Low,Procurement Team
VDR-11634.CORP.LOCAL,1,0,0,0,0,0,0,0,0,0,0,0,0,1,1,1,1 identity review concern(s),0,0,0,0,0,0,0,0,0,0,0,1,Low,VDR-11634.CORP.LOCAL,Low,Mkt
VDR-11642.CORP.LOCAL,1,0,0,0,0,0,0,0,0,0,0,0,0,1,1,1,1 identity review concern(s),0,0,0,0,0,0,0,0,0,0,0,1,Low,VDR-11642.CORP.LOCAL,High,People Team
VDR-11653,1,0,0,0,0,0,0,0,0,0,1,0,0,0,1,1,volume/low-severity activity only,0,0,0,0,0,0,0,0,1,0,0,0,Low,VDR-11653,Critical,Procurement Team
VDR-11765,1,0,0,0,0,0,0,0,0,0,0,0,0,1,1,1,1 identity review concern(s),0,0,0,0,0,0,0,0,0,0,0,1,Low,VDR-11765,High,Support
VDR-11982.CORP.LOCAL,1,0,0,1,0,0,0,0,0,0,0,0,0,1,1,1,1 identity review concern(s),0,0,0,0,0,0,0,0,0,0,0,1,Low,VDR-11982.CORP.LOCAL,Medium,Human Resources
VDR-12052,1,0,0,1,0,0,0,0,0,0,1,0,0,0,1,1,volume/low-severity activity only,0,0,0,0,0,0,0,0,1,0,0,0,Low,VDR-12052,High,Ops Team
VDR-12286,1,0,0,1,0,0,0,0,0,0,1,0,0,0,1,1,volume/low-severity activity only,0,0,0,0,0,0,0,0,1,0,0,0,Low,VDR-12286,High,Hr
VDR-12423,1,0,0,1,0,0,0,0,0,0,1,0,0,0,1,1,volume/low-severity activity only,0,0,0,0,0,0,0,0,1,0,0,0,Low,VDR-12423,Critical,Information Technology
VDR-12489,1,0,0,1,0,0,0,0,0,0,1,0,0,0,1,1,volume/low-severity activity only,0,0,0,0,0,0,0,0,1,0,0,0,Low,VDR-12489,Low,Hr Dept
VDR-12750.CORP.LOCAL,1,0,0,0,0,0,0,0,0,0,0,0,0,1,1,1,1 identity review concern(s),0,0,0,0,0,0,0,0,0,0,0,1,Low,VDR-12750.CORP.LOCAL,,It
VDR-12859.CORP.LOCAL,1,0,0,0,0,0,0,0,0,0,0,0,0,1,1,1,1 identity review concern(s),0,0,0,0,0,0,0,0,0,0,0,1,Low,VDR-12859.CORP.LOCAL,Low,Marketing
WS-10305,1,0,0,1,0,0,0,0,0,0,1,0,0,0,1,1,volume/low-severity activity only,0,0,0,0,0,0,0,0,1,0,0,0,Low,WS-10305,Medium,Purchase
WS-10530,1,0,0,1,0,0,0,0,0,0,0,0,0,1,1,1,1 identity review concern(s),0,0,0,0,0,0,0,0,0,0,0,1,Low,WS-10530,Critical,Ops
WS-10556,1,0,0,1,0,0,0,0,0,0,1,0,0,0,1,1,volume/low-severity activity only,0,0,0,0,0,0,0,0,1,0,0,0,Low,WS-10556,,Marketing
WS-10582,1,0,0,1,0,0,0,0,0,0,1,0,0,0,1,1,volume/low-severity activity only,0,0,0,0,0,0,0,0,1,0,0,0,Low,WS-10582,,Sales Team
WS-10632.CORP.LOCAL,1,0,0,1,0,0,0,0,0,0,0,0,0,1,1,1,1 identity review concern(s),0,0,0,0,0,0,0,0,0,0,0,1,Low,WS-10632.CORP.LOCAL,High,Brand Team
WS-10746.CORP.LOCAL,1,0,0,0,0,0,0,0,0,0,0,0,0,1,1,1,1 identity review concern(s),0,0,0,0,0,0,0,0,0,0,0,1,Low,WS-10746.CORP.LOCAL,Medium,
WS-10747.CORP.LOCAL,1,0,0,1,0,0,0,0,0,0,0,0,0,1,1,1,1 identity review concern(s),0,0,0,0,0,0,0,0,0,0,0,1,Low,WS-10747.CORP.LOCAL,Critical,Operations Dept
WS-10932,1,0,0,0,0,0,0,0,0,0,1,0,0,0,1,1,volume/low-severity activity only,0,0,0,0,0,0,0,0,1,0,0,0,Low,WS-10932,High,Hr
WS-11043,1,0,0,1,0,0,0,0,0,0,0,0,0,1,1,1,1 identity review concern(s),0,0,0,0,0,0,0,0,0,0,0,1,Low,WS-11043,Medium,Finance Dept
WS-11233.CORP.LOCAL,1,0,0,1,0,0,0,0,0,0,0,0,0,1,1,1,1 identity review concern(s),0,0,0,0,0,0,0,0,0,0,0,1,Low,WS-11233.CORP.LOCAL,,Hr Dept
WS-11245.CORP.LOCAL,1,0,0,1,0,0,0,0,0,0,1,0,0,0,1,1,volume/low-severity activity only,0,0,0,0,0,0,0,0,1,0,0,0,Low,WS-11245.CORP.LOCAL,Medium,Information Tech
WS-11308.CORP.LOCAL,1,0,0,1,0,0,0,0,0,0,0,0,0,1,1,1,1 identity review concern(s),0,0,0,0,0,0,0,0,0,0,0,1,Low,WS-11308.CORP.LOCAL,High,Purchase
WS-11362.CORP.LOCAL,1,0,0,1,0,0,0,0,0,0,0,0,0,1,1,1,1 identity review concern(s),0,0,0,0,0,0,0,0,0,0,0,1,Low,WS-11362.CORP.LOCAL,High,Hr Dept
WS-11370,1,0,0,1,0,0,0,0,0,0,1,0,0,0,1,1,volume/low-severity activity only,0,0,0,0,0,0,0,0,1,0,0,0,Low,WS-11370,Medium,Call Center
WS-11520.CORP.LOCAL,1,0,0,0,0,0,0,0,0,0,0,0,0,1,1,1,1 identity review concern(s),0,0,0,0,0,0,0,0,0,0,0,1,Low,WS-11520.CORP.LOCAL,,Marketing Dept
WS-11601.CORP.LOCAL,1,0,0,1,0,0,0,0,0,0,0,0,0,1,1,1,1 identity review concern(s),0,0,0,0,0,0,0,0,0,0,0,1,Low,WS-11601.CORP.LOCAL,High,Marketing
WS-11686.CORP.LOCAL,1,0,0,1,0,0,0,0,0,0,0,0,0,1,1,1,1 identity review concern(s),0,0,0,0,0,0,0,0,0,0,0,1,Low,WS-11686.CORP.LOCAL,Critical,Operations
WS-11738.CORP.LOCAL,1,0,0,0,0,0,0,0,0,0,0,0,0,1,1,1,1 identity review concern(s),0,0,0,0,0,0,0,0,0,0,0,1,Low,WS-11738.CORP.LOCAL,Critical,Legal Dept
WS-11785,1,0,0,1,0,0,0,0,0,0,1,0,0,0,1,1,volume/low-severity activity only,0,0,0,0,0,0,0,0,1,0,0,0,Low,WS-11785,,People Team
WS-11863.CORP.LOCAL,1,0,0,1,0,0,0,0,0,0,0,0,0,1,1,1,1 identity review concern(s),0,0,0,0,0,0,0,0,0,0,0,1,Low,WS-11863.CORP.LOCAL,Medium,It
WS-11959.CORP.LOCAL,1,0,0,1,0,0,0,0,0,0,0,0,0,1,1,1,1 identity review concern(s),0,0,0,0,0,0,0,0,0,0,0,1,Low,WS-11959.CORP.LOCAL,Low,R&D
WS-11967,1,0,0,1,0,0,0,0,0,0,1,0,0,0,1,1,volume/low-severity activity only,0,0,0,0,0,0,0,0,1,0,0,0,Low,WS-11967,Low,Legal
WS-12385,1,0,0,1,0,0,0,0,0,0,1,0,0,0,1,1,volume/low-severity activity only,0,0,0,0,0,0,0,0,1,0,0,0,Low,WS-12385,Critical,Research And Development
WS-12546.CORP.LOCAL,1,0,0,0,0,0,0,0,0,0,0,0,0,1,1,1,1 identity review concern(s),0,0,0,0,0,0,0,0,0,0,0,1,Low,WS-12546.CORP.LOCAL,Critical,
WS-12632,1,0,0,0,0,0,0,0,0,0,1,0,0,0,1,1,volume/low-severity activity only,0,0,0,0,0,0,0,0,1,0,0,0,Low,WS-12632,High,People Team
WS-12773,1,0,0,0,0,0,0,0,0,0,1,0,0,0,1,1,volume/low-severity activity only,0,0,0,0,0,0,0,0,1,0,0,0,Low,WS-12773,High,Procurement Team
WS-12915.CORP.LOCAL,1,0,0,1,0,0,0,0,0,0,0,0,0,1,1,1,1 identity review concern(s),0,0,0,0,0,0,0,0,0,0,0,1,Low,WS-12915.CORP.LOCAL,High,Finance Dept
LPT-10464,2,0,0,2,0,0,0,0,0,0,0,0,0,0,1,0,volume/low-severity activity only,0,0,0,0,0,0,0,0,0,0,0,0,Low,LPT-10464,High,Operations
LPT-12065,2,0,0,1,0,0,0,0,0,0,0,0,0,0,1,0,volume/low-severity activity only,0,0,0,0,0,0,0,0,0,0,0,0,Low,LPT-12065,High,Purchase
VDR-10793,2,0,0,2,0,0,0,0,0,0,0,0,0,0,1,0,volume/low-severity activity only,0,0,0,0,0,0,0,0,0,0,0,0,Low,VDR-10793,Low,Information Tech
VDR-11532,2,0,0,0,0,0,0,0,0,0,0,0,0,0,1,0,volume/low-severity activity only,0,0,0,0,0,0,0,0,0,0,0,0,Low,VDR-11532,,It
VDR-11892,2,0,0,2,0,0,0,0,0,0,0,0,0,0,1,0,volume/low-severity activity only,0,0,0,0,0,0,0,0,0,0,0,0,Low,VDR-11892,Critical,Human Resource
VDR-12215,2,0,0,2,0,0,0,0,0,0,0,0,0,0,1,0,volume/low-severity activity only,0,0,0,0,0,0,0,0,0,0,0,0,Low,VDR-12215,Critical,Compliance
VDR-12519,2,0,0,1,0,0,0,0,0,0,0,0,0,0,1,0,volume/low-severity activity only,0,0,0,0,0,0,0,0,0,0,0,0,Low,VDR-12519,High,Marketing
WS-10602,2,0,0,0,0,0,0,0,0,0,0,0,0,0,1,0,volume/low-severity activity only,0,0,0,0,0,0,0,0,0,0,0,0,Low,WS-10602,,Purchase
WS-11475,2,0,0,1,0,0,0,0,0,0,0,0,0,0,1,0,volume/low-severity activity only,0,0,0,0,0,0,0,0,0,0,0,0,Low,WS-11475,Low,Finance
LPT-10067,1,0,0,0,0,0,0,0,0,0,0,0,0,0,1,0,volume/low-severity activity only,0,0,0,0,0,0,0,0,0,0,0,0,Low,LPT-10067,,People Team
LPT-10405,1,0,0,1,0,0,0,0,0,0,0,0,0,0,1,0,volume/low-severity activity only,0,0,0,0,0,0,0,0,0,0,0,0,Low,LPT-10405,High,Fin
LPT-10459,1,0,0,1,0,0,0,0,0,0,0,0,0,0,1,0,volume/low-severity activity only,0,0,0,0,0,0,0,0,0,0,0,0,Low,LPT-10459,High,People Team
LPT-10589,1,0,0,1,0,0,0,0,0,0,0,0,0,0,1,0,volume/low-severity activity only,0,0,0,0,0,0,0,0,0,0,0,0,Low,LPT-10589,Low,Accounts
LPT-11052.CORP.LOCAL,1,0,0,0,0,0,0,0,0,0,0,0,0,0,1,0,volume/low-severity activity only,0,0,0,0,0,0,0,0,0,0,0,0,Low,LPT-11052.CORP.LOCAL,Medium,Sales Dept
LPT-11551,1,0,0,0,0,0,0,0,0,0,0,0,0,0,1,0,volume/low-severity activity only,0,0,0,0,0,0,0,0,0,0,0,0,Low,LPT-11551,High,Finance
LPT-12016,1,0,0,1,0,0,0,0,0,0,0,0,0,0,1,0,volume/low-severity activity only,0,0,0,0,0,0,0,0,0,0,0,0,Low,LPT-12016,High,Information Tech
LPT-12045,1,0,0,1,0,0,0,0,0,0,0,0,0,0,1,0,volume/low-severity activity only,0,0,0,0,0,0,0,0,0,0,0,0,Low,LPT-12045,Critical,Innovation
LPT-12103,1,0,0,1,0,0,0,0,0,0,0,0,0,0,1,0,volume/low-severity activity only,0,0,0,0,0,0,0,0,0,0,0,0,Low,LPT-12103,High,Information Technology
LPT-12223,1,0,0,0,0,0,0,0,0,0,0,0,0,0,1,0,volume/low-severity activity only,0,0,0,0,0,0,0,0,0,0,0,0,Low,LPT-12223,Critical,Purch
LPT-12231.CORP.LOCAL,1,0,0,1,0,0,0,0,0,0,0,0,0,0,1,0,volume/low-severity activity only,0,0,0,0,0,0,0,0,0,0,0,0,Low,LPT-12231.CORP.LOCAL,Critical,It Dept
LPT-12258,1,0,0,0,0,0,0,0,0,0,0,0,0,0,1,0,volume/low-severity activity only,0,0,0,0,0,0,0,0,0,0,0,0,Low,LPT-12258,High,Purchase
LPT-12471,1,0,0,0,0,0,0,0,0,0,0,0,0,0,1,0,volume/low-severity activity only,0,0,0,0,0,0,0,0,0,0,0,0,Low,LPT-12471,Medium,Marketing Dept
LPT-12539,1,0,0,0,0,0,0,0,0,0,0,0,0,0,1,0,volume/low-severity activity only,0,0,0,0,0,0,0,0,0,0,0,0,Low,LPT-12539,,Marketing
LPT-12615,1,0,0,0,0,0,0,0,0,0,0,0,0,0,1,0,volume/low-severity activity only,0,0,0,0,0,0,0,0,0,0,0,0,Low,LPT-12615,High,Sales Team
LPT-12657,1,0,0,0,0,0,0,0,0,0,0,0,0,0,1,0,volume/low-severity activity only,0,0,0,0,0,0,0,0,0,0,0,0,Low,LPT-12657,,It
LPT-12739,1,0,0,1,0,0,0,0,0,0,0,0,0,0,1,0,volume/low-severity activity only,0,0,0,0,0,0,0,0,0,0,0,0,Low,LPT-12739,Low,Rnd
LPT-12807,1,0,0,1,0,0,0,0,0,0,0,0,0,0,1,0,volume/low-severity activity only,0,0,0,0,0,0,0,0,0,0,0,0,Low,LPT-12807,Critical,Business Sales
VDR-10535,1,0,0,1,0,0,0,0,0,0,0,0,0,0,1,0,volume/low-severity activity only,0,0,0,0,0,0,0,0,0,0,0,0,Low,VDR-10535,High,People Team
VDR-10713,1,0,0,1,0,0,0,0,0,0,0,0,0,0,1,0,volume/low-severity activity only,0,0,0,0,0,0,0,0,0,0,0,0,Low,VDR-10713,,Mktg
VDR-10759,1,0,0,1,0,0,0,0,0,0,0,0,0,0,1,0,volume/low-severity activity only,0,0,0,0,0,0,0,0,0,0,0,0,Low,VDR-10759,Low,Operations
VDR-10869,1,0,0,1,0,0,0,0,0,0,0,0,0,0,1,0,volume/low-severity activity only,0,0,0,0,0,0,0,0,0,0,0,0,Low,VDR-10869,Low,Human Resource
VDR-10922,1,0,0,0,0,0,0,0,0,0,0,0,0,0,1,0,volume/low-severity activity only,0,0,0,0,0,0,0,0,0,0,0,0,Low,VDR-10922,High,Accounts
VDR-11045,1,0,0,1,0,0,0,0,0,0,0,0,0,0,1,0,volume/low-severity activity only,0,0,0,0,0,0,0,0,0,0,0,0,Low,VDR-11045,Low,Rnd
VDR-11096,1,0,0,1,0,0,0,0,0,0,0,0,0,0,1,0,volume/low-severity activity only,0,0,0,0,0,0,0,0,0,0,0,0,Low,VDR-11096,Medium,People Team
VDR-11122,1,0,0,0,0,0,0,0,0,0,0,0,0,0,1,0,volume/low-severity activity only,0,0,0,0,0,0,0,0,0,0,0,0,Low,VDR-11122,Low,It Support
VDR-11249,1,0,0,0,0,0,0,0,0,0,0,0,0,0,1,0,volume/low-severity activity only,0,0,0,0,0,0,0,0,0,0,0,0,Low,VDR-11249,High,Hr Dept
VDR-11350,1,0,0,0,0,0,0,0,0,0,0,0,0,0,1,0,volume/low-severity activity only,0,0,0,0,0,0,0,0,0,0,0,0,Low,VDR-11350,High,Operations Dept
VDR-11596,1,0,0,0,0,0,0,0,0,0,0,0,0,0,1,0,volume/low-severity activity only,0,0,0,0,0,0,0,0,0,0,0,0,Low,VDR-11596,High,Legal
VDR-11603,1,0,0,1,0,0,0,0,0,0,0,0,0,0,1,0,volume/low-severity activity only,0,0,0,0,0,0,0,0,0,0,0,0,Low,VDR-11603,Low,Human Resources
VDR-11675,1,0,0,1,0,0,0,0,0,0,0,0,0,0,1,0,volume/low-severity activity only,0,0,0,0,0,0,0,0,0,0,0,0,Low,VDR-11675,Critical,People Team
VDR-11888,1,0,0,0,0,0,0,0,0,0,0,0,0,0,1,0,volume/low-severity activity only,0,0,0,0,0,0,0,0,0,0,0,0,Low,VDR-11888,Medium,Call Center
VDR-11927,1,0,0,0,0,0,0,0,0,0,0,0,0,0,1,0,volume/low-severity activity only,0,0,0,0,0,0,0,0,0,0,0,0,Low,VDR-11927,Medium,Human Resources
VDR-12330,1,0,0,0,0,0,0,0,0,0,0,0,0,0,1,0,volume/low-severity activity only,0,0,0,0,0,0,0,0,0,0,0,0,Low,VDR-12330,Low,Legal
VDR-12357,1,0,0,0,0,0,0,0,0,0,0,0,0,0,1,0,volume/low-severity activity only,0,0,0,0,0,0,0,0,0,0,0,0,Low,VDR-12357,High,It Dept
VDR-12964,1,0,0,1,0,0,0,0,0,0,0,0,0,0,1,0,volume/low-severity activity only,0,0,0,0,0,0,0,0,0,0,0,0,Low,VDR-12964,Low,Legal
VDR-12983,1,0,0,1,0,0,0,0,0,0,0,0,0,0,1,0,volume/low-severity activity only,0,0,0,0,0,0,0,0,0,0,0,0,Low,VDR-12983,Critical,Supply Chain
WS-10115,1,0,0,1,0,0,0,0,0,0,0,0,0,0,1,0,volume/low-severity activity only,0,0,0,0,0,0,0,0,0,0,0,0,Low,WS-10115,Critical,Sales Team
WS-10134.CORP.LOCAL,1,0,0,0,0,0,0,0,0,0,0,0,0,0,1,0,volume/low-severity activity only,0,0,0,0,0,0,0,0,0,0,0,0,Low,WS-10134.CORP.LOCAL,High,Human Resource
WS-10280,1,0,0,1,0,0,0,0,0,0,0,0,0,0,1,0,volume/low-severity activity only,0,0,0,0,0,0,0,0,0,0,0,0,Low,WS-10280,Low,It Support
WS-10379,1,0,0,1,0,0,0,0,0,0,0,0,0,0,1,0,volume/low-severity activity only,0,0,0,0,0,0,0,0,0,0,0,0,Low,WS-10379,Critical,It Support
WS-10399,1,0,0,1,0,0,0,0,0,0,0,0,0,0,1,0,volume/low-severity activity only,0,0,0,0,0,0,0,0,0,0,0,0,Low,WS-10399,Low,Human Resource
WS-10620,1,0,0,1,0,0,0,0,0,0,0,0,0,0,1,0,volume/low-severity activity only,0,0,0,0,0,0,0,0,0,0,0,0,Low,WS-10620,High,Ops Team
WS-10649,1,0,0,0,0,0,0,0,0,0,0,0,0,0,1,0,volume/low-severity activity only,0,0,0,0,0,0,0,0,0,0,0,0,Low,WS-10649,Low,Support
WS-10720,1,0,0,1,0,0,0,0,0,0,0,0,0,0,1,0,volume/low-severity activity only,0,0,0,0,0,0,0,0,0,0,0,0,Low,WS-10720,Medium,Rd
WS-10760,1,0,0,0,0,0,0,0,0,0,0,0,0,0,1,0,volume/low-severity activity only,0,0,0,0,0,0,0,0,0,0,0,0,Low,WS-10760,Critical,Procurement
WS-10839,1,0,0,0,0,0,0,0,0,0,0,0,0,0,1,0,volume/low-severity activity only,0,0,0,0,0,0,0,0,0,0,0,0,Low,WS-10839,High,Sales Dept
WS-10971,1,0,0,0,0,0,0,0,0,0,0,0,0,0,1,0,volume/low-severity activity only,0,0,0,0,0,0,0,0,0,0,0,0,Low,WS-10971,,Research And Development
WS-10988,1,0,0,1,0,0,0,0,0,0,0,0,0,0,1,0,volume/low-severity activity only,0,0,0,0,0,0,0,0,0,0,0,0,Low,WS-10988,Low,Ops Team
WS-11089,1,0,0,1,0,0,0,0,0,0,0,0,0,0,1,0,volume/low-severity activity only,0,0,0,0,0,0,0,0,0,0,0,0,Low,WS-11089,High,Customer Support
WS-11135,1,0,0,1,0,0,0,0,0,0,0,0,0,0,1,0,volume/low-severity activity only,0,0,0,0,0,0,0,0,0,0,0,0,Low,WS-11135,High,Sales Dept
WS-11535,1,0,0,1,0,0,0,0,0,0,0,0,0,0,1,0,volume/low-severity activity only,0,0,0,0,0,0,0,0,0,0,0,0,Low,WS-11535,,Hr
WS-11553.CORP.LOCAL,1,0,0,0,0,0,0,0,0,0,0,0,0,0,1,0,volume/low-severity activity only,0,0,0,0,0,0,0,0,0,0,0,0,Low,WS-11553.CORP.LOCAL,Critical,Legal
WS-12125,1,0,0,1,0,0,0,0,0,0,0,0,0,0,1,0,volume/low-severity activity only,0,0,0,0,0,0,0,0,0,0,0,0,Low,WS-12125,Low,Sales Team
WS-12306,1,0,0,0,0,0,0,0,0,0,0,0,0,0,1,0,volume/low-severity activity only,0,0,0,0,0,0,0,0,0,0,0,0,Low,WS-12306,Medium,Legal Dept
WS-12397,1,0,0,0,0,0,0,0,0,0,0,0,0,0,1,0,volume/low-severity activity only,0,0,0,0,0,0,0,0,0,0,0,0,Low,WS-12397,High,Research And Development
WS-12592,1,0,0,1,0,0,0,0,0,0,0,0,0,0,1,0,volume/low-severity activity only,0,0,0,0,0,0,0,0,0,0,0,0,Low,WS-12592,Low,Sales Team
WS-12790,1,0,0,1,0,0,0,0,0,0,0,0,0,0,1,0,volume/low-severity activity only,0,0,0,0,0,0,0,0,0,0,0,0,Low,WS-12790,,People Team
WS-12918,1,0,0,1,0,0,0,0,0,0,0,0,0,0,1,0,volume/low-severity activity only,0,0,0,0,0,0,0,0,0,0,0,0,Low,WS-12918,,Sales Team
