user_id_clean,alert_count,critical_alert_count,high_alert_count,unresolved_alert_count,unresolved_critical_count,malware_or_ransomware_count,powershell_count,lateral_movement_count,credential_access_count,tampering_count,usb_count,impossible_resolution_count,inactive_user_activity_count,identity_join_review_count,associated_user_count,risk_score,risk_reasons,critical_severity_points,high_severity_points,unresolved_critical_points,malware_ransomware_points,powershell_points,lateral_movement_points,credential_access_points,tampering_points,usb_points,impossible_resolution_points,inactive_user_points,identity_review_points,risk_band,full_name,department,employee_status
EMP11374,8,1,2,6,1,3,0,1,1,0,1,0,8,8,1,60,1 critical alert(s); 1 unresolved critical alert(s); 3 malware/ransomware alert(s); 1 lateral-movement alert(s); 1 credential-access alert(s); 8 inactive-user event(s); 8 identity review concern(s),5,6,3,9,0,2,2,0,1,0,24,8,Critical,Vyanjana Ahuja,Hr,Inactive
EMP11218,5,3,1,5,3,2,0,1,1,0,1,0,5,1,1,54,3 critical alert(s); 3 unresolved critical alert(s); 2 malware/ransomware alert(s); 1 lateral-movement alert(s); 1 credential-access alert(s); 5 inactive-user event(s); 1 identity review concern(s),15,3,9,6,0,2,2,0,1,0,15,1,Critical,Karan Goda,Mkt,Disabled
EMP10099,6,2,1,6,2,2,0,1,1,0,1,0,6,5,1,53,2 critical alert(s); 2 unresolved critical alert(s); 2 malware/ransomware alert(s); 1 lateral-movement alert(s); 1 credential-access alert(s); 6 inactive-user event(s); 5 identity review concern(s),10,3,6,6,0,2,2,0,1,0,18,5,Critical,Dev Kanda,Rnd,Disabled
EMP12745,6,0,4,4,0,3,1,1,1,0,0,1,6,6,1,52,3 malware/ransomware alert(s); 1 PowerShell alert(s); 1 lateral-movement alert(s); 1 credential-access alert(s); 6 inactive-user event(s); 6 identity review concern(s),0,12,0,9,2,2,2,0,0,1,18,6,Critical,Prisha Sarkar,Cs,Disabled
EMP10562,8,0,1,8,0,0,2,2,3,0,1,0,8,8,1,50,2 PowerShell alert(s); 2 lateral-movement alert(s); 3 credential-access alert(s); 8 inactive-user event(s); 8 identity review concern(s),0,3,0,0,4,4,6,0,1,0,24,8,Critical,Manan Desai,Purch,Inactive
EMP10238,7,1,2,3,1,3,3,0,0,0,0,0,7,0,1,50,1 critical alert(s); 1 unresolved critical alert(s); 3 malware/ransomware alert(s); 3 PowerShell alert(s); 7 inactive-user event(s),5,6,3,9,6,0,0,0,0,0,21,0,Critical,Sanya Narang,Legal,Inactive
EMP10300,7,0,4,5,0,2,1,3,0,0,1,1,7,1,1,50,2 malware/ransomware alert(s); 1 PowerShell alert(s); 3 lateral-movement alert(s); 7 inactive-user event(s); 1 identity review concern(s),0,12,0,6,2,6,0,0,1,1,21,1,Critical,Adweta Kaur,Rnd,Disabled
EMP11376,7,0,3,5,0,3,0,1,1,0,0,0,7,6,1,49,3 malware/ransomware alert(s); 1 lateral-movement alert(s); 1 credential-access alert(s); 7 inactive-user event(s); 6 identity review concern(s),0,9,0,9,0,2,2,0,0,0,21,6,Critical,Matthew Dalal,R&D,Inactive
EMP10394,9,2,3,6,2,4,0,2,2,0,1,1,0,1,1,48,2 critical alert(s); 2 unresolved critical alert(s); 4 malware/ransomware alert(s); 2 lateral-movement alert(s); 2 credential-access alert(s); 1 identity review concern(s),10,9,6,12,0,4,4,0,1,1,0,1,Critical,Kiaan Suri,Human Resource,
EMP12446,7,1,2,5,1,2,1,1,1,0,0,0,7,1,1,48,1 critical alert(s); 1 unresolved critical alert(s); 2 malware/ransomware alert(s); 1 PowerShell alert(s); 1 lateral-movement alert(s); 1 credential-access alert(s); 7 inactive-user event(s); 1 identity review concern(s),5,6,3,6,2,2,2,0,0,0,21,1,Critical,Aradhana Saha,Human Resource,Disabled
EMP11757,6,1,2,4,1,4,1,0,0,0,0,0,6,0,1,46,1 critical alert(s); 1 unresolved critical alert(s); 4 malware/ransomware alert(s); 1 PowerShell alert(s); 6 inactive-user event(s),5,6,3,12,2,0,0,0,0,0,18,0,Critical,Yashvi Sanghvi,It Support,Inactive
EMP12990,6,2,1,5,1,2,0,0,3,0,0,0,6,0,1,46,2 critical alert(s); 1 unresolved critical alert(s); 2 malware/ransomware alert(s); 3 credential-access alert(s); 6 inactive-user event(s),10,3,3,6,0,0,6,0,0,0,18,0,Critical,Vyanjana Prabhu,Procurement Team,Inactive
EMP11024,7,0,3,3,0,3,0,2,0,0,1,1,7,0,1,45,3 malware/ransomware alert(s); 2 lateral-movement alert(s); 7 inactive-user event(s),0,9,0,9,0,4,0,0,1,1,21,0,Critical,Ubika Koshy,Innovation,Disabled
EMP11862,7,0,2,7,0,3,2,1,1,0,0,0,7,0,1,44,3 malware/ransomware alert(s); 2 PowerShell alert(s); 1 lateral-movement alert(s); 1 credential-access alert(s); 7 inactive-user event(s),0,6,0,9,4,2,2,0,0,0,21,0,Critical,Falguni Parikh,Cs,Inactive
EMP10914,6,0,3,6,0,1,3,0,1,0,0,0,6,6,1,44,1 malware/ransomware alert(s); 3 PowerShell alert(s); 1 credential-access alert(s); 6 inactive-user event(s); 6 identity review concern(s),0,9,0,3,6,0,2,0,0,0,18,6,Critical,Ayushman Parsa,Operations Dept,Disabled
EMP12515,6,1,0,3,1,4,0,1,0,0,0,0,6,4,1,44,1 critical alert(s); 1 unresolved critical alert(s); 4 malware/ransomware alert(s); 1 lateral-movement alert(s); 6 inactive-user event(s); 4 identity review concern(s),5,0,3,12,0,2,0,0,0,0,18,4,Critical,Onveer Wason,Sales,Disabled
EMP11260,6,0,1,6,0,5,0,0,0,0,1,0,6,6,1,43,5 malware/ransomware alert(s); 6 inactive-user event(s); 6 identity review concern(s),0,3,0,15,0,0,0,0,1,0,18,6,Critical,Alexander Gaba,Customer Care,Inactive
EMP10100,7,0,2,3,0,2,2,2,0,0,1,0,7,0,1,42,2 malware/ransomware alert(s); 2 PowerShell alert(s); 2 lateral-movement alert(s); 7 inactive-user event(s),0,6,0,6,4,4,0,0,1,0,21,0,Critical,Turvi Nigam,Sales,Disabled
EMP12162,6,3,1,4,3,4,1,0,0,0,1,0,0,0,1,42,3 critical alert(s); 3 unresolved critical alert(s); 4 malware/ransomware alert(s); 1 PowerShell alert(s),15,3,9,12,2,0,0,0,1,0,0,0,Critical,Megha Garg,Procurement,Active
EMP11224,7,0,0,4,0,3,1,1,0,0,0,0,7,7,1,41,3 malware/ransomware alert(s); 1 PowerShell alert(s); 1 lateral-movement alert(s); 7 inactive-user event(s); 7 identity review concern(s),0,0,0,9,2,2,0,0,0,0,21,7,Critical,Chatresh Upadhyay,Supply Chain,Inactive
EMP10714,6,1,1,3,0,3,0,0,2,0,0,1,6,1,1,41,1 critical alert(s); 3 malware/ransomware alert(s); 2 credential-access alert(s); 6 inactive-user event(s); 1 identity review concern(s),5,3,0,9,0,0,4,0,0,1,18,1,Critical,Matthew Prabhu,Cs,Inactive
EMP11943,6,0,2,5,0,3,0,3,0,0,0,0,6,2,1,41,3 malware/ransomware alert(s); 3 lateral-movement alert(s); 6 inactive-user event(s); 2 identity review concern(s),0,6,0,9,0,6,0,0,0,0,18,2,Critical,Zilmil Warrior,Hr,Inactive
EMP10439,5,0,3,2,0,2,0,2,1,0,0,0,5,5,1,41,2 malware/ransomware alert(s); 2 lateral-movement alert(s); 1 credential-access alert(s); 5 inactive-user event(s); 5 identity review concern(s),0,9,0,6,0,4,2,0,0,0,15,5,Critical,William Sankaran,Ops,Inactive
EMP10041,7,0,2,5,0,2,1,0,1,0,2,0,7,1,1,40,2 malware/ransomware alert(s); 1 PowerShell alert(s); 1 credential-access alert(s); 7 inactive-user event(s); 1 identity review concern(s),0,6,0,6,2,0,2,0,2,0,21,1,Critical,Faris Randhawa,Purchase,Inactive
EMP12409,7,1,1,5,1,1,1,0,1,0,1,0,7,0,1,40,1 critical alert(s); 1 unresolved critical alert(s); 1 malware/ransomware alert(s); 1 PowerShell alert(s); 1 credential-access alert(s); 7 inactive-user event(s),5,3,3,3,2,0,2,0,1,0,21,0,Critical,Omya Mukherjee,Sales Dept,Inactive
EMP10109,6,1,1,4,1,1,2,0,1,0,1,0,6,1,1,40,1 critical alert(s); 1 unresolved critical alert(s); 1 malware/ransomware alert(s); 2 PowerShell alert(s); 1 credential-access alert(s); 6 inactive-user event(s); 1 identity review concern(s),5,3,3,3,4,0,2,0,1,0,18,1,Critical,Warda Raju,Legal,Inactive
EMP11507,6,1,1,3,1,1,2,0,2,0,0,0,6,0,1,40,1 critical alert(s); 1 unresolved critical alert(s); 1 malware/ransomware alert(s); 2 PowerShell alert(s); 2 credential-access alert(s); 6 inactive-user event(s),5,3,3,3,4,0,4,0,0,0,18,0,Critical,Owen Badal,Hr,Inactive
EMP11815,8,2,3,4,1,2,2,1,0,0,3,0,0,2,1,39,2 critical alert(s); 1 unresolved critical alert(s); 2 malware/ransomware alert(s); 2 PowerShell alert(s); 1 lateral-movement alert(s); 2 identity review concern(s),10,9,3,6,4,2,0,0,3,0,0,2,Critical,Yatin Sodhi,Sales,Active
EMP11402,6,0,3,4,0,1,1,2,1,0,1,0,6,0,1,39,1 malware/ransomware alert(s); 1 PowerShell alert(s); 2 lateral-movement alert(s); 1 credential-access alert(s); 6 inactive-user event(s),0,9,0,3,2,4,2,0,1,0,18,0,Critical,Gagan Devan,Customer Support,Inactive
EMP10806,5,1,1,3,1,3,1,0,1,0,0,0,5,0,1,39,1 critical alert(s); 1 unresolved critical alert(s); 3 malware/ransomware alert(s); 1 PowerShell alert(s); 1 credential-access alert(s); 5 inactive-user event(s),5,3,3,9,2,0,2,0,0,0,15,0,Critical,Daniel Nadkarni,Marketing,Disabled
EMP10909,5,1,1,3,1,2,1,0,2,0,0,0,5,1,1,39,1 critical alert(s); 1 unresolved critical alert(s); 2 malware/ransomware alert(s); 1 PowerShell alert(s); 2 credential-access alert(s); 5 inactive-user event(s); 1 identity review concern(s),5,3,3,6,2,0,4,0,0,0,15,1,Critical,Yahvi Gokhale,Cs,Inactive
EMP12218,5,1,2,3,1,2,1,0,0,0,0,1,5,1,1,39,1 critical alert(s); 1 unresolved critical alert(s); 2 malware/ransomware alert(s); 1 PowerShell alert(s); 5 inactive-user event(s); 1 identity review concern(s),5,6,3,6,2,0,0,0,0,1,15,1,Critical,Lakshmi Nigam,Finance,Disabled
EMP10500,4,2,1,3,2,1,1,0,1,0,1,0,4,0,1,39,2 critical alert(s); 2 unresolved critical alert(s); 1 malware/ransomware alert(s); 1 PowerShell alert(s); 1 credential-access alert(s); 4 inactive-user event(s),10,3,6,3,2,0,2,0,1,0,12,0,Critical,Irya Prakash,Sales,Disabled
EMP10771,4,0,4,1,0,3,1,0,0,0,0,0,4,4,1,39,3 malware/ransomware alert(s); 1 PowerShell alert(s); 4 inactive-user event(s); 4 identity review concern(s),0,12,0,9,2,0,0,0,0,0,12,4,Critical,Wriddhish Sachar,It,Inactive
EMP10838,6,3,1,5,3,0,3,1,0,0,2,0,0,1,1,38,3 critical alert(s); 3 unresolved critical alert(s); 3 PowerShell alert(s); 1 lateral-movement alert(s); 1 identity review concern(s),15,3,9,0,6,2,0,0,2,0,0,1,Critical,Damyanti Dasgupta,Finance,Active
EMP10035,5,1,0,2,1,5,0,0,0,0,0,0,5,0,1,38,1 critical alert(s); 1 unresolved critical alert(s); 5 malware/ransomware alert(s); 5 inactive-user event(s),5,0,3,15,0,0,0,0,0,0,15,0,Critical,Tamanna Karan,Call Center,Inactive
EMP10463,5,0,3,3,0,3,0,1,1,0,0,0,5,1,1,38,3 malware/ransomware alert(s); 1 lateral-movement alert(s); 1 credential-access alert(s); 5 inactive-user event(s); 1 identity review concern(s),0,9,0,9,0,2,2,0,0,0,15,1,Critical,Isha Padmanabhan,Innovation,Disabled
EMP12651,5,1,2,2,0,2,1,0,1,0,1,0,5,1,1,38,1 critical alert(s); 2 malware/ransomware alert(s); 1 PowerShell alert(s); 1 credential-access alert(s); 5 inactive-user event(s); 1 identity review concern(s),5,6,0,6,2,0,2,0,1,0,15,1,Critical,Aishani Pillai,Hr Dept,Disabled
EMP12878,5,2,0,3,0,3,0,1,0,0,1,0,5,1,1,38,2 critical alert(s); 3 malware/ransomware alert(s); 1 lateral-movement alert(s); 5 inactive-user event(s); 1 identity review concern(s),10,0,0,9,0,2,0,0,1,0,15,1,Critical,Zayyan Contractor,Customer Support,Inactive
EMP11290,4,1,1,3,1,3,0,0,1,0,0,0,4,4,1,38,1 critical alert(s); 1 unresolved critical alert(s); 3 malware/ransomware alert(s); 1 credential-access alert(s); 4 inactive-user event(s); 4 identity review concern(s),5,3,3,9,0,0,2,0,0,0,12,4,Critical,Ati Patla,Innovation,Disabled
EMP11210,7,2,2,4,1,4,1,1,0,0,1,0,0,1,1,37,2 critical alert(s); 1 unresolved critical alert(s); 4 malware/ransomware alert(s); 1 PowerShell alert(s); 1 lateral-movement alert(s); 1 identity review concern(s),10,6,3,12,2,2,0,0,1,0,0,1,Critical,Warda Bora,Sales Team,Active
EMP12762,7,0,0,6,0,3,0,1,1,0,2,0,7,1,1,37,3 malware/ransomware alert(s); 1 lateral-movement alert(s); 1 credential-access alert(s); 7 inactive-user event(s); 1 identity review concern(s),0,0,0,9,0,2,2,0,2,0,21,1,Critical,Nathaniel Jhaveri,Marketing,Disabled
EMP10511,5,1,1,3,1,1,3,0,0,0,1,0,5,1,1,37,1 critical alert(s); 1 unresolved critical alert(s); 1 malware/ransomware alert(s); 3 PowerShell alert(s); 5 inactive-user event(s); 1 identity review concern(s),5,3,3,3,6,0,0,0,1,0,15,1,Critical,Samaksh Dutt,Finance,Inactive
EMP11536,5,0,2,5,0,5,0,0,0,0,0,0,5,1,1,37,5 malware/ransomware alert(s); 5 inactive-user event(s); 1 identity review concern(s),0,6,0,15,0,0,0,0,0,0,15,1,Critical,Lila Rege,Fin,Disabled
EMP11840,5,1,1,3,1,2,0,0,1,0,0,1,5,2,1,37,1 critical alert(s); 1 unresolved critical alert(s); 2 malware/ransomware alert(s); 1 credential-access alert(s); 5 inactive-user event(s); 2 identity review concern(s),5,3,3,6,0,0,2,0,0,1,15,2,Critical,Triya Singh,Ops Team,Inactive
EMP12526,5,0,1,3,0,3,1,0,1,0,0,1,5,5,1,37,3 malware/ransomware alert(s); 1 PowerShell alert(s); 1 credential-access alert(s); 5 inactive-user event(s); 5 identity review concern(s),0,3,0,9,2,0,2,0,0,1,15,5,Critical,Max Bassi,Fin,Inactive
EMP10708,3,2,1,3,2,3,0,0,0,0,0,0,3,0,1,37,2 critical alert(s); 2 unresolved critical alert(s); 3 malware/ransomware alert(s); 3 inactive-user event(s),10,3,6,9,0,0,0,0,0,0,9,0,Critical,Krisha Dugar,Finance,Disabled
EMP11662,7,1,3,5,1,3,0,1,0,0,1,0,0,7,1,36,1 critical alert(s); 1 unresolved critical alert(s); 3 malware/ransomware alert(s); 1 lateral-movement alert(s); 7 identity review concern(s),5,9,3,9,0,2,0,0,1,0,0,7,Critical,Aishani Dugal,Sales Dept,Active
EMP10112,6,1,0,4,1,1,0,1,1,0,3,0,6,0,1,36,1 critical alert(s); 1 unresolved critical alert(s); 1 malware/ransomware alert(s); 1 lateral-movement alert(s); 1 credential-access alert(s); 6 inactive-user event(s),5,0,3,3,0,2,2,0,3,0,18,0,Critical,Frederick Behl,Fin,Inactive
EMP10527,6,1,3,5,1,2,0,1,2,0,1,0,0,6,1,36,1 critical alert(s); 1 unresolved critical alert(s); 2 malware/ransomware alert(s); 1 lateral-movement alert(s); 2 credential-access alert(s); 6 identity review concern(s),5,9,3,6,0,2,4,0,1,0,0,6,Critical,William Modi,Legal Dept,Active
EMP11973,6,0,0,3,0,3,0,1,0,0,1,0,6,6,1,36,3 malware/ransomware alert(s); 1 lateral-movement alert(s); 6 inactive-user event(s); 6 identity review concern(s),0,0,0,9,0,2,0,0,1,0,18,6,Critical,Edhitha Pathak,R&D,Inactive
EMP12998,6,2,1,3,2,2,1,0,2,0,1,0,0,4,1,36,2 critical alert(s); 2 unresolved critical alert(s); 2 malware/ransomware alert(s); 1 PowerShell alert(s); 2 credential-access alert(s); 4 identity review concern(s),10,3,6,6,2,0,4,0,1,0,0,4,Critical,Aryan Talwar,Human Resources,Active
EMP12043,5,0,1,2,0,2,2,1,0,0,0,1,5,5,1,36,2 malware/ransomware alert(s); 2 PowerShell alert(s); 1 lateral-movement alert(s); 5 inactive-user event(s); 5 identity review concern(s),0,3,0,6,4,2,0,0,0,1,15,5,Critical,Wakeeta Nigam,Purchase,Disabled
EMP11250,4,1,1,2,1,2,0,1,0,0,1,0,4,4,1,36,1 critical alert(s); 1 unresolved critical alert(s); 2 malware/ransomware alert(s); 1 lateral-movement alert(s); 4 inactive-user event(s); 4 identity review concern(s),5,3,3,6,0,2,0,0,1,0,12,4,Critical,Triya Venkataraman,Customer Care,Inactive
EMP11951,4,1,1,3,1,4,0,0,0,0,0,0,4,1,1,36,1 critical alert(s); 1 unresolved critical alert(s); 4 malware/ransomware alert(s); 4 inactive-user event(s); 1 identity review concern(s),5,3,3,12,0,0,0,0,0,0,12,1,Critical,Harsh Dugar,Mktg,Inactive
EMP11558,8,1,3,7,1,2,3,1,0,0,2,0,0,2,1,35,1 critical alert(s); 1 unresolved critical alert(s); 2 malware/ransomware alert(s); 3 PowerShell alert(s); 1 lateral-movement alert(s); 2 identity review concern(s),5,9,3,6,6,2,0,0,2,0,0,2,Critical,Neelima Divan,Brand Team,Active
EMP12073,7,2,2,6,2,3,1,0,0,0,2,0,0,0,1,35,2 critical alert(s); 2 unresolved critical alert(s); 3 malware/ransomware alert(s); 1 PowerShell alert(s),10,6,6,9,2,0,0,0,2,0,0,0,Critical,Yashvi Biswas,Supply Chain,Active
EMP10234,6,2,2,5,2,2,2,0,1,0,0,0,0,1,1,35,2 critical alert(s); 2 unresolved critical alert(s); 2 malware/ransomware alert(s); 2 PowerShell alert(s); 1 credential-access alert(s); 1 identity review concern(s),10,6,6,6,4,0,2,0,0,0,0,1,Critical,Kabir Dhawan,Business Sales,Active
EMP11617,6,0,2,2,0,1,2,0,2,0,0,0,6,0,1,35,1 malware/ransomware alert(s); 2 PowerShell alert(s); 2 credential-access alert(s); 6 inactive-user event(s),0,6,0,3,4,0,4,0,0,0,18,0,Critical,Ryan Sarin,Finance,Inactive
EMP12911,6,1,4,6,1,3,2,1,0,0,0,0,0,0,1,35,1 critical alert(s); 1 unresolved critical alert(s); 3 malware/ransomware alert(s); 2 PowerShell alert(s); 1 lateral-movement alert(s),5,12,3,9,4,2,0,0,0,0,0,0,Critical,Charan Dhawan,Sales Team,Active
EMP10907,5,0,2,3,0,1,1,0,2,0,0,0,5,5,1,35,1 malware/ransomware alert(s); 1 PowerShell alert(s); 2 credential-access alert(s); 5 inactive-user event(s); 5 identity review concern(s),0,6,0,3,2,0,4,0,0,0,15,5,Critical,Sneha Loke,Fin,Disabled
EMP11048,5,3,0,4,3,2,1,1,0,0,0,0,0,1,1,35,3 critical alert(s); 3 unresolved critical alert(s); 2 malware/ransomware alert(s); 1 PowerShell alert(s); 1 lateral-movement alert(s); 1 identity review concern(s),15,0,9,6,2,2,0,0,0,0,0,1,Critical,Quincy Lata,Finance,Active
EMP12268,5,1,1,3,1,1,1,0,1,0,1,1,5,0,1,35,1 critical alert(s); 1 unresolved critical alert(s); 1 malware/ransomware alert(s); 1 PowerShell alert(s); 1 credential-access alert(s); 5 inactive-user event(s),5,3,3,3,2,0,2,0,1,1,15,0,Critical,Krishna Parsa,Sales,Inactive
EMP10281,4,2,0,2,1,2,0,1,1,0,0,0,4,0,1,35,2 critical alert(s); 1 unresolved critical alert(s); 2 malware/ransomware alert(s); 1 lateral-movement alert(s); 1 credential-access alert(s); 4 inactive-user event(s),10,0,3,6,0,2,2,0,0,0,12,0,Critical,Wazir Tak,People Team,Disabled
EMP11042,4,2,0,4,2,0,0,0,0,0,3,0,4,4,1,35,2 critical alert(s); 2 unresolved critical alert(s); 4 inactive-user event(s); 4 identity review concern(s),10,0,6,0,0,0,0,0,3,0,12,4,Critical,Chaman Memon,Finance Dept,Disabled
EMP11113,4,2,1,1,1,1,0,0,0,0,2,0,4,2,1,35,2 critical alert(s); 1 unresolved critical alert(s); 1 malware/ransomware alert(s); 4 inactive-user event(s); 2 identity review concern(s),10,3,3,3,0,0,0,0,2,0,12,2,Critical,Rachana Jani,Support,Inactive
EMP12247,3,2,1,2,1,1,1,0,1,0,0,0,3,3,1,35,2 critical alert(s); 1 unresolved critical alert(s); 1 malware/ransomware alert(s); 1 PowerShell alert(s); 1 credential-access alert(s); 3 inactive-user event(s); 3 identity review concern(s),10,3,3,3,2,0,2,0,0,0,9,3,Critical,Tanish Dasgupta,It Support,Inactive
EMP12424,9,1,4,8,0,3,0,1,1,0,4,0,0,0,1,34,1 critical alert(s); 3 malware/ransomware alert(s); 1 lateral-movement alert(s); 1 credential-access alert(s),5,12,0,9,0,2,2,0,4,0,0,0,Critical,Hamsini Chaudhry,Mkt,Active
EMP10029,7,2,1,3,2,2,0,2,1,0,1,0,0,2,1,34,2 critical alert(s); 2 unresolved critical alert(s); 2 malware/ransomware alert(s); 2 lateral-movement alert(s); 1 credential-access alert(s); 2 identity review concern(s),10,3,6,6,0,4,2,0,1,0,0,2,Critical,Victor Guha,Procurement Team,Active
EMP11599,7,2,1,7,2,4,0,0,0,0,3,0,0,0,1,34,2 critical alert(s); 2 unresolved critical alert(s); 4 malware/ransomware alert(s),10,3,6,12,0,0,0,0,3,0,0,0,Critical,Hardik Krishnan,R&D,
EMP10577,6,1,0,2,0,2,1,0,0,0,3,0,6,0,1,34,1 critical alert(s); 2 malware/ransomware alert(s); 1 PowerShell alert(s); 6 inactive-user event(s),5,0,0,6,2,0,0,0,3,0,18,0,Critical,Divya Lalla,Mktg,Disabled
EMP11972,6,0,1,3,0,2,0,1,2,0,0,0,6,1,1,34,2 malware/ransomware alert(s); 1 lateral-movement alert(s); 2 credential-access alert(s); 6 inactive-user event(s); 1 identity review concern(s),0,3,0,6,0,2,4,0,0,0,18,1,Critical,Yochana Vyas,Business Sales,Disabled
EMP12197,6,0,1,3,0,1,2,2,1,0,0,0,6,0,1,34,1 malware/ransomware alert(s); 2 PowerShell alert(s); 2 lateral-movement alert(s); 1 credential-access alert(s); 6 inactive-user event(s),0,3,0,3,4,4,2,0,0,0,18,0,Critical,Qasim Rout,People Team,Inactive
EMP12673,6,0,0,5,0,3,1,2,0,0,0,0,6,1,1,34,3 malware/ransomware alert(s); 1 PowerShell alert(s); 2 lateral-movement alert(s); 6 inactive-user event(s); 1 identity review concern(s),0,0,0,9,2,4,0,0,0,0,18,1,Critical,Victor Nagar,Finance Dept,Disabled
EMP10343,5,0,2,5,0,1,0,2,0,0,1,0,5,5,1,34,1 malware/ransomware alert(s); 2 lateral-movement alert(s); 5 inactive-user event(s); 5 identity review concern(s),0,6,0,3,0,4,0,0,1,0,15,5,Critical,Ayaan Kala,Sales Dept,Disabled
EMP10674,5,1,0,5,1,2,1,1,0,0,1,0,5,0,1,34,1 critical alert(s); 1 unresolved critical alert(s); 2 malware/ransomware alert(s); 1 PowerShell alert(s); 1 lateral-movement alert(s); 5 inactive-user event(s),5,0,3,6,2,2,0,0,1,0,15,0,Critical,Tripti Iyengar,Information Technology,Inactive
EMP11004,5,0,3,4,0,0,1,2,1,0,0,0,5,2,1,34,1 PowerShell alert(s); 2 lateral-movement alert(s); 1 credential-access alert(s); 5 inactive-user event(s); 2 identity review concern(s),0,9,0,0,2,4,2,0,0,0,15,2,Critical,Yamini Baral,Research And Development,Disabled
EMP11276,5,0,1,1,0,5,0,0,0,0,0,0,5,1,1,34,5 malware/ransomware alert(s); 5 inactive-user event(s); 1 identity review concern(s),0,3,0,15,0,0,0,0,0,0,15,1,Critical,Tripti Cherian,Call Center,Inactive
EMP11577,5,0,1,5,0,2,0,1,1,0,0,1,5,5,1,34,2 malware/ransomware alert(s); 1 lateral-movement alert(s); 1 credential-access alert(s); 5 inactive-user event(s); 5 identity review concern(s),0,3,0,6,0,2,2,0,0,1,15,5,Critical,Yashodhara Sen,Customer Support,Inactive
EMP12352,5,2,1,4,2,3,0,0,2,0,0,1,0,1,1,34,2 critical alert(s); 2 unresolved critical alert(s); 3 malware/ransomware alert(s); 2 credential-access alert(s); 1 identity review concern(s),10,3,6,9,0,0,4,0,0,1,0,1,Critical,Ojas Shere,Operations,Active
EMP12795,4,2,2,3,2,2,0,0,1,0,1,1,0,2,1,34,2 critical alert(s); 2 unresolved critical alert(s); 2 malware/ransomware alert(s); 1 credential-access alert(s); 2 identity review concern(s),10,6,6,6,0,0,2,0,1,1,0,2,Critical,Zehaan Naik,Procurement Team,Active
EMP10222,7,0,5,5,0,4,1,0,0,0,2,0,0,2,1,33,4 malware/ransomware alert(s); 1 PowerShell alert(s); 2 identity review concern(s),0,15,0,12,2,0,0,0,2,0,0,2,Critical,Sachi Bhargava,Operations,Active
EMP11749,6,0,2,5,0,1,0,2,0,0,2,0,6,0,1,33,1 malware/ransomware alert(s); 2 lateral-movement alert(s); 6 inactive-user event(s),0,6,0,3,0,4,0,0,2,0,18,0,Critical,Hamsini Lala,Operations,Inactive
EMP11857,6,0,0,3,0,3,1,1,1,0,0,0,6,0,1,33,3 malware/ransomware alert(s); 1 PowerShell alert(s); 1 lateral-movement alert(s); 1 credential-access alert(s); 6 inactive-user event(s),0,0,0,9,2,2,2,0,0,0,18,0,Critical,Yashawini Bajaj,Compliance,Disabled
EMP10256,5,1,1,3,0,0,2,0,1,0,1,0,5,3,1,33,1 critical alert(s); 2 PowerShell alert(s); 1 credential-access alert(s); 5 inactive-user event(s); 3 identity review concern(s),5,3,0,0,4,0,2,0,1,0,15,3,Critical,Naveen Bhagat,Rnd,Inactive
EMP11125,5,0,2,3,0,1,2,1,0,0,1,0,5,2,1,33,1 malware/ransomware alert(s); 2 PowerShell alert(s); 1 lateral-movement alert(s); 5 inactive-user event(s); 2 identity review concern(s),0,6,0,3,4,2,0,0,1,0,15,2,Critical,Indali Aggarwal,Mktg,Disabled
EMP10387,4,0,2,3,0,3,0,0,1,0,0,0,4,4,1,33,3 malware/ransomware alert(s); 1 credential-access alert(s); 4 inactive-user event(s); 4 identity review concern(s),0,6,0,9,0,0,2,0,0,0,12,4,Critical,Abhimanyu Atwal,Supply Chain,Disabled
EMP10542,4,1,2,3,0,2,0,1,1,0,0,0,4,0,1,33,1 critical alert(s); 2 malware/ransomware alert(s); 1 lateral-movement alert(s); 1 credential-access alert(s); 4 inactive-user event(s),5,6,0,6,0,2,2,0,0,0,12,0,Critical,Jhalak Toor,Marketing Dept,Inactive
EMP11280,4,1,1,4,1,2,0,1,0,0,1,0,4,1,1,33,1 critical alert(s); 1 unresolved critical alert(s); 2 malware/ransomware alert(s); 1 lateral-movement alert(s); 4 inactive-user event(s); 1 identity review concern(s),5,3,3,6,0,2,0,0,1,0,12,1,Critical,Forum Saran,It Support,Disabled
EMP11025,10,1,4,8,1,1,0,2,1,0,2,0,0,1,1,32,1 critical alert(s); 1 unresolved critical alert(s); 1 malware/ransomware alert(s); 2 lateral-movement alert(s); 1 credential-access alert(s); 1 identity review concern(s),5,12,3,3,0,4,2,0,2,0,0,1,Critical,Darsh Patla,Finance,Active
EMP10043,7,1,4,4,0,3,1,0,0,0,3,0,0,1,1,32,1 critical alert(s); 3 malware/ransomware alert(s); 1 PowerShell alert(s); 1 identity review concern(s),5,12,0,9,2,0,0,0,3,0,0,1,Critical,Deepa Wagle,Sales,Active
EMP10486,7,1,3,6,1,2,1,1,2,0,1,0,0,0,1,32,1 critical alert(s); 1 unresolved critical alert(s); 2 malware/ransomware alert(s); 1 PowerShell alert(s); 1 lateral-movement alert(s); 2 credential-access alert(s),5,9,3,6,2,2,4,0,1,0,0,0,Critical,Thomas Kaul,Sales Dept,Active
EMP10716,7,2,2,5,1,1,2,2,0,0,1,0,0,1,1,32,2 critical alert(s); 1 unresolved critical alert(s); 1 malware/ransomware alert(s); 2 PowerShell alert(s); 2 lateral-movement alert(s); 1 identity review concern(s),10,6,3,3,4,4,0,0,1,0,0,1,Critical,Orinder Pal,Ops,Active
EMP12275,7,1,2,4,1,2,2,0,0,0,1,0,0,7,1,32,1 critical alert(s); 1 unresolved critical alert(s); 2 malware/ransomware alert(s); 2 PowerShell alert(s); 7 identity review concern(s),5,6,3,6,4,0,0,0,1,0,0,7,Critical,Indrajit Chander,Procurement Team,Active
EMP11682,6,2,2,4,2,2,0,0,2,0,0,0,0,0,1,32,2 critical alert(s); 2 unresolved critical alert(s); 2 malware/ransomware alert(s); 2 credential-access alert(s),10,6,6,6,0,0,4,0,0,0,0,0,Critical,Azad Sahota,Compliance,Active
EMP12579,6,2,1,3,0,2,0,1,2,0,1,0,0,6,1,32,2 critical alert(s); 2 malware/ransomware alert(s); 1 lateral-movement alert(s); 2 credential-access alert(s); 6 identity review concern(s),10,3,0,6,0,2,4,0,1,0,0,6,Critical,,,
EMP10021,5,1,3,3,1,3,1,0,1,0,0,1,0,1,1,32,1 critical alert(s); 1 unresolved critical alert(s); 3 malware/ransomware alert(s); 1 PowerShell alert(s); 1 credential-access alert(s); 1 identity review concern(s),5,9,3,9,2,0,2,0,0,1,0,1,Critical,Alexander Sha,It,Active
EMP10249,5,0,1,5,0,2,2,0,1,0,0,0,5,2,1,32,2 malware/ransomware alert(s); 2 PowerShell alert(s); 1 credential-access alert(s); 5 inactive-user event(s); 2 identity review concern(s),0,3,0,6,4,0,2,0,0,0,15,2,Critical,Vasatika Loke,Procurement,Disabled
EMP11063,5,2,3,1,0,4,0,0,0,0,1,0,0,0,1,32,2 critical alert(s); 4 malware/ransomware alert(s),10,9,0,12,0,0,0,0,1,0,0,0,Critical,Osha Warrior,Human Resources,Active
EMP11375,5,0,0,3,0,3,0,1,0,0,1,0,5,5,1,32,3 malware/ransomware alert(s); 1 lateral-movement alert(s); 5 inactive-user event(s); 5 identity review concern(s),0,0,0,9,0,2,0,0,1,0,15,5,Critical,Ijaya Sachar,It Dept,Inactive
EMP12457,5,1,1,2,1,1,0,0,0,0,3,0,5,0,1,32,1 critical alert(s); 1 unresolved critical alert(s); 1 malware/ransomware alert(s); 5 inactive-user event(s),5,3,3,3,0,0,0,0,3,0,15,0,Critical,Yashawini Chawla,Compliance,Disabled
EMP10596,4,0,2,2,0,2,1,0,1,0,0,0,4,4,1,32,2 malware/ransomware alert(s); 1 PowerShell alert(s); 1 credential-access alert(s); 4 inactive-user event(s); 4 identity review concern(s),0,6,0,6,2,0,2,0,0,0,12,4,Critical,Wishi Dixit,Hr,Disabled
EMP10655,4,3,0,4,3,0,2,1,1,0,0,0,0,0,1,32,3 critical alert(s); 3 unresolved critical alert(s); 2 PowerShell alert(s); 1 lateral-movement alert(s); 1 credential-access alert(s),15,0,9,0,4,2,2,0,0,0,0,0,Critical,Eshana Bala,Human Resource,Active
EMP11152,4,0,3,3,0,2,0,0,2,0,0,0,4,1,1,32,2 malware/ransomware alert(s); 2 credential-access alert(s); 4 inactive-user event(s); 1 identity review concern(s),0,9,0,6,0,0,4,0,0,0,12,1,Critical,Tanmayi Dara,Supply Chain,Inactive
EMP12338,4,1,1,2,0,3,1,0,0,0,0,0,4,1,1,32,1 critical alert(s); 3 malware/ransomware alert(s); 1 PowerShell alert(s); 4 inactive-user event(s); 1 identity review concern(s),5,3,0,9,2,0,0,0,0,0,12,1,Critical,Geetika Biswas,Operations Dept,Inactive
EMP12840,4,1,1,3,1,1,1,1,0,0,1,0,4,1,1,32,1 critical alert(s); 1 unresolved critical alert(s); 1 malware/ransomware alert(s); 1 PowerShell alert(s); 1 lateral-movement alert(s); 4 inactive-user event(s); 1 identity review concern(s),5,3,3,3,2,2,0,0,1,0,12,1,Critical,Anmol Jaggi,Call Center,Disabled
EMP11550,8,1,2,4,1,4,1,0,1,0,1,0,0,0,1,31,1 critical alert(s); 1 unresolved critical alert(s); 4 malware/ransomware alert(s); 1 PowerShell alert(s); 1 credential-access alert(s),5,6,3,12,2,0,2,0,1,0,0,0,Critical,Gabriel Mukhopadhyay,Mktg,Active
EMP11872,8,0,4,8,0,2,1,0,0,0,3,0,0,8,1,31,2 malware/ransomware alert(s); 1 PowerShell alert(s); 8 identity review concern(s),0,12,0,6,2,0,0,0,3,0,0,8,Critical,Janani Narula,Sales Team,Active
EMP12388,8,2,0,6,2,3,0,1,1,0,1,0,0,1,1,31,2 critical alert(s); 2 unresolved critical alert(s); 3 malware/ransomware alert(s); 1 lateral-movement alert(s); 1 credential-access alert(s); 1 identity review concern(s),10,0,6,9,0,2,2,0,1,0,0,1,Critical,Edhitha Kurian,Sales Dept,Active
EMP10776,6,2,3,3,0,2,2,0,0,0,0,0,0,2,1,31,2 critical alert(s); 2 malware/ransomware alert(s); 2 PowerShell alert(s); 2 identity review concern(s),10,9,0,6,4,0,0,0,0,0,0,2,Critical,Ijaya Goda,Ops,Active
EMP11194,6,0,0,2,0,2,1,1,0,0,2,0,6,1,1,31,2 malware/ransomware alert(s); 1 PowerShell alert(s); 1 lateral-movement alert(s); 6 inactive-user event(s); 1 identity review concern(s),0,0,0,6,2,2,0,0,2,0,18,1,Critical,Shivani Pal,Research And Development,Inactive
EMP11462,6,1,3,3,0,4,0,0,0,0,2,0,0,3,1,31,1 critical alert(s); 4 malware/ransomware alert(s); 3 identity review concern(s),5,9,0,12,0,0,0,0,2,0,0,3,Critical,Tejas Dugar,Operations,Active
EMP11923,6,1,2,6,1,1,0,1,3,0,0,0,0,6,1,31,1 critical alert(s); 1 unresolved critical alert(s); 1 malware/ransomware alert(s); 1 lateral-movement alert(s); 3 credential-access alert(s); 6 identity review concern(s),5,6,3,3,0,2,6,0,0,0,0,6,Critical,Jatin Bansal,Finance,Active
EMP10027,5,0,1,3,0,3,1,0,0,0,1,0,5,1,1,31,3 malware/ransomware alert(s); 1 PowerShell alert(s); 5 inactive-user event(s); 1 identity review concern(s),0,3,0,9,2,0,0,0,1,0,15,1,Critical,Yahvi Tank,Finance Dept,Inactive
EMP10744,5,2,0,4,2,2,0,1,0,0,2,0,0,5,1,31,2 critical alert(s); 2 unresolved critical alert(s); 2 malware/ransomware alert(s); 1 lateral-movement alert(s); 5 identity review concern(s),10,0,6,6,0,2,0,0,2,0,0,5,Critical,Dayamai Din,Ops,Active
EMP11241,5,2,1,4,2,1,2,0,0,0,0,0,0,5,1,31,2 critical alert(s); 2 unresolved critical alert(s); 1 malware/ransomware alert(s); 2 PowerShell alert(s); 5 identity review concern(s),10,3,6,3,4,0,0,0,0,0,0,5,Critical,,,
EMP12981,5,2,2,5,2,2,1,0,0,0,0,1,0,0,1,31,2 critical alert(s); 2 unresolved critical alert(s); 2 malware/ransomware alert(s); 1 PowerShell alert(s),10,6,6,6,2,0,0,0,0,1,0,0,Critical,Ekaraj Biswas,Mkt,Active
EMP11114,4,3,0,3,2,2,0,0,1,0,1,0,0,1,1,31,3 critical alert(s); 2 unresolved critical alert(s); 2 malware/ransomware alert(s); 1 credential-access alert(s); 1 identity review concern(s),15,0,6,6,0,0,2,0,1,0,0,1,Critical,Anamika Iyengar,Operations,Active
EMP12851,9,0,1,6,0,2,0,2,3,0,2,0,0,9,1,30,2 malware/ransomware alert(s); 2 lateral-movement alert(s); 3 credential-access alert(s); 9 identity review concern(s),0,3,0,6,0,4,6,0,2,0,0,9,Critical,,,
EMP10637,7,1,0,4,1,3,2,0,1,0,0,0,0,7,1,30,1 critical alert(s); 1 unresolved critical alert(s); 3 malware/ransomware alert(s); 2 PowerShell alert(s); 1 credential-access alert(s); 7 identity review concern(s),5,0,3,9,4,0,2,0,0,0,0,7,Critical,Hitesh Shroff,Purch,Active
EMP11246,7,1,2,4,1,4,0,2,0,0,0,0,0,0,1,30,1 critical alert(s); 1 unresolved critical alert(s); 4 malware/ransomware alert(s); 2 lateral-movement alert(s),5,6,3,12,0,4,0,0,0,0,0,0,Critical,Logan Guha,It,Active
EMP10251,6,2,0,6,2,0,1,1,0,0,4,0,0,6,1,30,2 critical alert(s); 2 unresolved critical alert(s); 1 PowerShell alert(s); 1 lateral-movement alert(s); 6 identity review concern(s),10,0,6,0,2,2,0,0,4,0,0,6,Critical,,,
EMP12096,6,1,3,5,0,3,0,2,0,0,0,0,0,3,1,30,1 critical alert(s); 3 malware/ransomware alert(s); 2 lateral-movement alert(s); 3 identity review concern(s),5,9,0,9,0,4,0,0,0,0,0,3,Critical,Bhavini Mutti,Operations,Active
EMP12736,6,2,0,5,2,3,0,2,0,0,1,0,0,0,1,30,2 critical alert(s); 2 unresolved critical alert(s); 3 malware/ransomware alert(s); 2 lateral-movement alert(s),10,0,6,9,0,4,0,0,1,0,0,0,Critical,Nimrat Parmer,Legal Dept,Active
EMP10233,5,0,0,3,0,4,0,0,0,0,0,0,5,3,1,30,4 malware/ransomware alert(s); 5 inactive-user event(s); 3 identity review concern(s),0,0,0,12,0,0,0,0,0,0,15,3,Critical,Onveer Borah,Business Sales,Inactive
EMP10355,5,0,1,4,0,2,0,0,3,0,0,0,5,0,1,30,2 malware/ransomware alert(s); 3 credential-access alert(s); 5 inactive-user event(s),0,3,0,6,0,0,6,0,0,0,15,0,Critical,Kavya Bajwa,Sales,Inactive
EMP10455,5,2,1,5,2,1,0,1,2,0,1,1,0,0,1,30,2 critical alert(s); 2 unresolved critical alert(s); 1 malware/ransomware alert(s); 1 lateral-movement alert(s); 2 credential-access alert(s),10,3,6,3,0,2,4,0,1,1,0,0,Critical,Aarnav Sanghvi,It Support,Active
EMP11220,5,3,0,3,2,2,0,0,1,0,0,0,0,1,1,30,3 critical alert(s); 2 unresolved critical alert(s); 2 malware/ransomware alert(s); 1 credential-access alert(s); 1 identity review concern(s),15,0,6,6,0,0,2,0,0,0,0,1,Critical,Pranit Chadha,Sales,Active
EMP11380,5,2,3,2,0,2,1,1,0,0,1,0,0,0,1,30,2 critical alert(s); 2 malware/ransomware alert(s); 1 PowerShell alert(s); 1 lateral-movement alert(s),10,9,0,6,2,2,0,0,1,0,0,0,Critical,Chakrika Sehgal,Hr Dept,Active
EMP10548,4,1,0,3,1,1,0,2,1,0,0,0,4,1,1,30,1 critical alert(s); 1 unresolved critical alert(s); 1 malware/ransomware alert(s); 2 lateral-movement alert(s); 1 credential-access alert(s); 4 inactive-user event(s); 1 identity review concern(s),5,0,3,3,0,4,2,0,0,0,12,1,Critical,Prisha Bhattacharyya,Procurement Team,Inactive
EMP11166,4,0,3,4,0,1,0,1,1,0,1,0,4,1,1,30,1 malware/ransomware alert(s); 1 lateral-movement alert(s); 1 credential-access alert(s); 4 inactive-user event(s); 1 identity review concern(s),0,9,0,3,0,2,2,0,1,0,12,1,Critical,Gauri Dass,Rnd,Disabled
EMP10190,6,1,2,3,0,2,1,1,0,0,2,0,0,6,1,29,1 critical alert(s); 2 malware/ransomware alert(s); 1 PowerShell alert(s); 1 lateral-movement alert(s); 6 identity review concern(s),5,6,0,6,2,2,0,0,2,0,0,6,Critical,Anjali Ganesan,Brand Team,Active
EMP10821,6,0,0,5,0,1,1,1,1,0,2,0,6,0,1,29,1 malware/ransomware alert(s); 1 PowerShell alert(s); 1 lateral-movement alert(s); 1 credential-access alert(s); 6 inactive-user event(s),0,0,0,3,2,2,2,0,2,0,18,0,Critical,Libni Aurora,Customer Care,Inactive
EMP11353,6,1,2,5,0,4,0,1,0,0,1,0,0,3,1,29,1 critical alert(s); 4 malware/ransomware alert(s); 1 lateral-movement alert(s); 3 identity review concern(s),5,6,0,12,0,2,0,0,1,0,0,3,Critical,Anamika Morar,Mkt,Active
EMP12302,6,1,2,6,1,4,1,0,0,0,0,0,0,1,1,29,1 critical alert(s); 1 unresolved critical alert(s); 4 malware/ransomware alert(s); 1 PowerShell alert(s); 1 identity review concern(s),5,6,3,12,2,0,0,0,0,0,0,1,Critical,Jeremiah Barman,Human Resource,Active
EMP10522,5,0,1,4,0,2,0,0,2,0,1,0,5,0,1,29,2 malware/ransomware alert(s); 2 credential-access alert(s); 5 inactive-user event(s),0,3,0,6,0,0,4,0,1,0,15,0,Critical,Widisha Seshadri,Business Sales,Disabled
EMP11841,5,0,1,2,0,1,3,1,0,0,0,0,5,0,1,29,1 malware/ransomware alert(s); 3 PowerShell alert(s); 1 lateral-movement alert(s); 5 inactive-user event(s),0,3,0,3,6,2,0,0,0,0,15,0,Critical,Gaurav Gala,It Support,Disabled
EMP12174,5,0,3,4,0,0,1,1,0,0,1,0,5,0,1,29,1 PowerShell alert(s); 1 lateral-movement alert(s); 5 inactive-user event(s),0,9,0,0,2,2,0,0,1,0,15,0,Critical,Onveer Bansal,Sales,Inactive
EMP12761,5,1,2,3,1,2,0,0,2,0,0,0,0,5,1,29,1 critical alert(s); 1 unresolved critical alert(s); 2 malware/ransomware alert(s); 2 credential-access alert(s); 5 identity review concern(s),5,6,3,6,0,0,4,0,0,0,0,5,Critical,Yagnesh Agrawal,Business Sales,Active
EMP10575,4,2,1,4,2,0,0,1,1,0,2,0,0,4,1,29,2 critical alert(s); 2 unresolved critical alert(s); 1 lateral-movement alert(s); 1 credential-access alert(s); 4 identity review concern(s),10,3,6,0,0,2,2,0,2,0,0,4,Critical,Mahika Choudhary,Customer Care,Active
EMP11493,4,2,1,2,1,3,0,0,0,0,0,0,0,4,1,29,2 critical alert(s); 1 unresolved critical alert(s); 3 malware/ransomware alert(s); 4 identity review concern(s),10,3,3,9,0,0,0,0,0,0,0,4,Critical,Amrita Shanker,Information Technology,Active
EMP12817,4,1,1,4,1,0,1,1,0,0,0,2,4,0,1,29,1 critical alert(s); 1 unresolved critical alert(s); 1 PowerShell alert(s); 1 lateral-movement alert(s); 4 inactive-user event(s),5,3,3,0,2,2,0,0,0,2,12,0,Critical,Suhani Dhar,Purchase,Disabled
EMP11758,3,2,0,2,1,1,0,1,1,0,0,0,3,0,1,29,2 critical alert(s); 1 unresolved critical alert(s); 1 malware/ransomware alert(s); 1 lateral-movement alert(s); 1 credential-access alert(s); 3 inactive-user event(s),10,0,3,3,0,2,2,0,0,0,9,0,Critical,Naksh Madan,Purch,Disabled
EMP11286,7,1,0,4,1,4,3,0,0,0,0,0,0,2,1,28,1 critical alert(s); 1 unresolved critical alert(s); 4 malware/ransomware alert(s); 3 PowerShell alert(s); 2 identity review concern(s),5,0,3,12,6,0,0,0,0,0,0,2,Critical,Quincy Saran,Rd,Active
EMP11865,7,1,0,3,1,5,0,1,0,0,1,1,0,1,1,28,1 critical alert(s); 1 unresolved critical alert(s); 5 malware/ransomware alert(s); 1 lateral-movement alert(s); 1 identity review concern(s),5,0,3,15,0,2,0,0,1,1,0,1,Critical,Rehaan Gola,Finance Dept,On Leave
EMP10136,6,0,0,5,0,1,0,2,0,0,3,0,6,0,1,28,1 malware/ransomware alert(s); 2 lateral-movement alert(s); 6 inactive-user event(s),0,0,0,3,0,4,0,0,3,0,18,0,Critical,Aishani Chanda,People Team,Inactive
EMP10301,6,0,2,1,0,4,0,0,2,0,0,0,0,6,1,28,4 malware/ransomware alert(s); 2 credential-access alert(s); 6 identity review concern(s),0,6,0,12,0,0,4,0,0,0,0,6,Critical,Abeer Bhatnagar,Finance,Active
EMP10800,6,1,3,4,1,1,1,1,1,0,2,0,0,0,1,28,1 critical alert(s); 1 unresolved critical alert(s); 1 malware/ransomware alert(s); 1 PowerShell alert(s); 1 lateral-movement alert(s); 1 credential-access alert(s),5,9,3,3,2,2,2,0,2,0,0,0,Critical,Naveen Bains,Fin,Active
EMP12135,6,1,2,5,1,4,0,1,0,0,0,0,0,0,1,28,1 critical alert(s); 1 unresolved critical alert(s); 4 malware/ransomware alert(s); 1 lateral-movement alert(s),5,6,3,12,0,2,0,0,0,0,0,0,Critical,Arunima Sharaf,Human Resources,Active
EMP12319,6,1,2,3,1,1,4,0,1,0,0,0,0,1,1,28,1 critical alert(s); 1 unresolved critical alert(s); 1 malware/ransomware alert(s); 4 PowerShell alert(s); 1 credential-access alert(s); 1 identity review concern(s),5,6,3,3,8,0,2,0,0,0,0,1,Critical,Chanchal Choudhry,It Dept,Active
EMP12360,6,1,1,4,1,1,0,2,2,0,0,0,0,6,1,28,1 critical alert(s); 1 unresolved critical alert(s); 1 malware/ransomware alert(s); 2 lateral-movement alert(s); 2 credential-access alert(s); 6 identity review concern(s),5,3,3,3,0,4,4,0,0,0,0,6,Critical,Warinder Kunda,Information Tech,Active
EMP10004,5,1,1,3,1,5,0,0,0,0,0,0,0,2,1,28,1 critical alert(s); 1 unresolved critical alert(s); 5 malware/ransomware alert(s); 2 identity review concern(s),5,3,3,15,0,0,0,0,0,0,0,2,Critical,Ekalinga Balan,Operations Dept,Active
EMP10064,5,0,0,3,0,3,0,0,1,0,1,0,5,1,1,28,3 malware/ransomware alert(s); 1 credential-access alert(s); 5 inactive-user event(s); 1 identity review concern(s),0,0,0,9,0,0,2,0,1,0,15,1,Critical,Onveer Seshadri,Ops Team,Disabled
EMP10267,5,2,1,3,1,3,0,0,0,0,1,0,0,2,1,28,2 critical alert(s); 1 unresolved critical alert(s); 3 malware/ransomware alert(s); 2 identity review concern(s),10,3,3,9,0,0,0,0,1,0,0,2,Critical,Rohan Swaminathan,People Team,Active
EMP10504,5,0,1,3,0,1,0,0,2,0,2,1,5,0,1,28,1 malware/ransomware alert(s); 2 credential-access alert(s); 5 inactive-user event(s),0,3,0,3,0,0,4,0,2,1,15,0,Critical,Harsh Kapadia,Purch,Disabled
EMP10982,5,1,1,4,1,2,0,0,3,0,0,0,0,5,1,28,1 critical alert(s); 1 unresolved critical alert(s); 2 malware/ransomware alert(s); 3 credential-access alert(s); 5 identity review concern(s),5,3,3,6,0,0,6,0,0,0,0,5,Critical,Eta Aurora,Ops,Active
EMP11483,5,1,1,5,1,2,1,1,1,0,0,0,0,5,1,28,1 critical alert(s); 1 unresolved critical alert(s); 2 malware/ransomware alert(s); 1 PowerShell alert(s); 1 lateral-movement alert(s); 1 credential-access alert(s); 5 identity review concern(s),5,3,3,6,2,2,2,0,0,0,0,5,Critical,Mekhala Choudhary,Rnd,Active
EMP11499,5,1,3,1,1,2,0,0,2,0,0,0,0,1,1,28,1 critical alert(s); 1 unresolved critical alert(s); 2 malware/ransomware alert(s); 2 credential-access alert(s); 1 identity review concern(s),5,9,3,6,0,0,4,0,0,0,0,1,Critical,Mekhala Oommen,Ops Team,Active
EMP11643,5,2,1,4,2,1,0,2,0,0,1,0,0,1,1,28,2 critical alert(s); 2 unresolved critical alert(s); 1 malware/ransomware alert(s); 2 lateral-movement alert(s); 1 identity review concern(s),10,3,6,3,0,4,0,0,1,0,0,1,Critical,Odika Varughese,Hr,Active
EMP11875,5,0,0,1,0,4,0,0,0,0,1,0,5,0,1,28,4 malware/ransomware alert(s); 5 inactive-user event(s),0,0,0,12,0,0,0,0,1,0,15,0,Critical,Chakrika Chacko,Operations,Inactive
EMP12783,5,2,0,4,2,1,0,2,0,0,0,0,0,5,1,28,2 critical alert(s); 2 unresolved critical alert(s); 1 malware/ransomware alert(s); 2 lateral-movement alert(s); 5 identity review concern(s),10,0,6,3,0,4,0,0,0,0,0,5,Critical,Nitesh Naik,Marketing,Active
EMP12892,5,0,0,4,0,3,0,1,1,0,0,0,5,0,1,28,3 malware/ransomware alert(s); 1 lateral-movement alert(s); 1 credential-access alert(s); 5 inactive-user event(s),0,0,0,9,0,2,2,0,0,0,15,0,Critical,Nirja Bhakta,It Support,Disabled
EMP10314,4,1,0,3,1,1,1,1,0,0,1,0,4,0,1,28,1 critical alert(s); 1 unresolved critical alert(s); 1 malware/ransomware alert(s); 1 PowerShell alert(s); 1 lateral-movement alert(s); 4 inactive-user event(s),5,0,3,3,2,2,0,0,1,0,12,0,Critical,Girindra Dhaliwal,R&D,Inactive
EMP12909,4,1,0,4,1,2,0,0,1,0,0,0,4,0,1,28,1 critical alert(s); 1 unresolved critical alert(s); 2 malware/ransomware alert(s); 1 credential-access alert(s); 4 inactive-user event(s),5,0,3,6,0,0,2,0,0,0,12,0,Critical,Varsha Swamy,Call Center,Disabled
EMP10645,3,2,1,1,0,2,0,0,0,0,0,0,3,0,1,28,2 critical alert(s); 2 malware/ransomware alert(s); 3 inactive-user event(s),10,3,0,6,0,0,0,0,0,0,9,0,Critical,Nikita Sangha,Rd,Inactive
EMP11434,3,1,2,1,1,0,1,1,0,0,1,0,3,0,1,28,1 critical alert(s); 1 unresolved critical alert(s); 1 PowerShell alert(s); 1 lateral-movement alert(s); 3 inactive-user event(s),5,6,3,0,2,2,0,0,1,0,9,0,Critical,Tanmayi Cherian,Finance,Disabled
EMP11945,8,1,1,4,0,3,2,2,0,0,1,1,0,0,1,27,1 critical alert(s); 3 malware/ransomware alert(s); 2 PowerShell alert(s); 2 lateral-movement alert(s),5,3,0,9,4,4,0,0,1,1,0,0,Critical,Ira Shukla,Human Resources,Active
EMP12110,7,1,1,4,0,1,2,2,0,0,0,1,0,7,1,27,1 critical alert(s); 1 malware/ransomware alert(s); 2 PowerShell alert(s); 2 lateral-movement alert(s); 7 identity review concern(s),5,3,0,3,4,4,0,0,0,1,0,7,Critical,Sai Srinivas,Information Tech,Active
EMP12826,7,1,0,3,1,5,1,0,0,0,1,0,0,1,1,27,1 critical alert(s); 1 unresolved critical alert(s); 5 malware/ransomware alert(s); 1 PowerShell alert(s); 1 identity review concern(s),5,0,3,15,2,0,0,0,1,0,0,1,Critical,David Sha,Legal,Active
EMP10042,6,2,1,3,2,1,0,1,0,0,2,0,0,1,1,27,2 critical alert(s); 2 unresolved critical alert(s); 1 malware/ransomware alert(s); 1 lateral-movement alert(s); 1 identity review concern(s),10,3,6,3,0,2,0,0,2,0,0,1,Critical,Mahika Pillay,Sales,Active
EMP12476,6,1,1,3,1,3,0,3,0,0,0,0,0,1,1,27,1 critical alert(s); 1 unresolved critical alert(s); 3 malware/ransomware alert(s); 3 lateral-movement alert(s); 1 identity review concern(s),5,3,3,9,0,6,0,0,0,0,0,1,Critical,Laksh Kakar,Finance Dept,Active
EMP10445,5,1,3,3,1,0,0,3,2,0,0,0,0,0,1,27,1 critical alert(s); 1 unresolved critical alert(s); 3 lateral-movement alert(s); 2 credential-access alert(s),5,9,3,0,0,6,4,0,0,0,0,0,Critical,Charvi Mann,Sales Dept,On Leave
EMP10882,5,2,1,1,1,2,1,1,0,0,1,0,0,0,1,27,2 critical alert(s); 1 unresolved critical alert(s); 2 malware/ransomware alert(s); 1 PowerShell alert(s); 1 lateral-movement alert(s),10,3,3,6,2,2,0,0,1,0,0,0,Critical,Mason Varghese,Finance Dept,Active
EMP10895,5,1,2,3,1,3,0,2,0,0,0,0,0,0,1,27,1 critical alert(s); 1 unresolved critical alert(s); 3 malware/ransomware alert(s); 2 lateral-movement alert(s),5,6,3,9,0,4,0,0,0,0,0,0,Critical,Hardik Basu,Sales Dept,Active
EMP10898,5,0,1,5,0,1,1,0,1,0,1,0,5,1,1,27,1 malware/ransomware alert(s); 1 PowerShell alert(s); 1 credential-access alert(s); 5 inactive-user event(s); 1 identity review concern(s),0,3,0,3,2,0,2,0,1,0,15,1,Critical,Udyati Sagar,Information Tech,Disabled
EMP11410,5,1,2,5,1,3,1,1,0,0,0,0,0,0,1,27,1 critical alert(s); 1 unresolved critical alert(s); 3 malware/ransomware alert(s); 1 PowerShell alert(s); 1 lateral-movement alert(s),5,6,3,9,2,2,0,0,0,0,0,0,Critical,Yagnesh Jayaraman,Information Technology,Active
EMP11564,5,0,3,5,0,4,0,0,0,0,1,0,0,5,1,27,4 malware/ransomware alert(s); 5 identity review concern(s),0,9,0,12,0,0,0,0,1,0,0,5,Critical,Ikbal Bumb,Operations,Active
EMP11739,5,0,0,3,0,2,1,0,1,0,1,0,5,1,1,27,2 malware/ransomware alert(s); 1 PowerShell alert(s); 1 credential-access alert(s); 5 inactive-user event(s); 1 identity review concern(s),0,0,0,6,2,0,2,0,1,0,15,1,Critical,Edhitha Bala,Customer Care,Inactive
EMP12019,5,1,2,5,1,2,1,1,0,0,0,0,0,3,1,27,1 critical alert(s); 1 unresolved critical alert(s); 2 malware/ransomware alert(s); 1 PowerShell alert(s); 1 lateral-movement alert(s); 3 identity review concern(s),5,6,3,6,2,2,0,0,0,0,0,3,Critical,Fariq Mammen,Cs,Active
EMP12277,5,1,2,4,1,1,0,3,0,0,0,0,0,4,1,27,1 critical alert(s); 1 unresolved critical alert(s); 1 malware/ransomware alert(s); 3 lateral-movement alert(s); 4 identity review concern(s),5,6,3,3,0,6,0,0,0,0,0,4,Critical,Luke Puri,Human Resources,Active
EMP12482,5,0,3,3,0,3,1,1,0,0,0,0,0,5,1,27,3 malware/ransomware alert(s); 1 PowerShell alert(s); 1 lateral-movement alert(s); 5 identity review concern(s),0,9,0,9,2,2,0,0,0,0,0,5,Critical,,,
EMP10028,4,3,0,1,1,0,1,1,2,0,0,0,0,1,1,27,3 critical alert(s); 1 unresolved critical alert(s); 1 PowerShell alert(s); 1 lateral-movement alert(s); 2 credential-access alert(s); 1 identity review concern(s),15,0,3,0,2,2,4,0,0,0,0,1,Critical,Siddharth Patil,Sales Team,Active
EMP10565,4,1,3,3,1,2,0,0,1,0,1,0,0,1,1,27,1 critical alert(s); 1 unresolved critical alert(s); 2 malware/ransomware alert(s); 1 credential-access alert(s); 1 identity review concern(s),5,9,3,6,0,0,2,0,1,0,0,1,Critical,Vidhi Balan,Finance,Active
EMP10672,4,2,2,3,1,0,1,0,2,0,0,1,0,1,1,27,2 critical alert(s); 1 unresolved critical alert(s); 1 PowerShell alert(s); 2 credential-access alert(s); 1 identity review concern(s),10,6,3,0,2,0,4,0,0,1,0,1,Critical,Leena Kale,Sales Team,Active
EMP10754,4,0,1,3,0,2,0,1,1,0,0,0,4,2,1,27,2 malware/ransomware alert(s); 1 lateral-movement alert(s); 1 credential-access alert(s); 4 inactive-user event(s); 2 identity review concern(s),0,3,0,6,0,2,2,0,0,0,12,2,Critical,Ekalinga Keer,Accounts,Disabled
EMP11039,4,2,1,3,1,2,0,1,1,0,0,0,0,1,1,27,2 critical alert(s); 1 unresolved critical alert(s); 2 malware/ransomware alert(s); 1 lateral-movement alert(s); 1 credential-access alert(s); 1 identity review concern(s),10,3,3,6,0,2,2,0,0,0,0,1,Critical,Vritti Khalsa,Customer Care,Active
EMP11598,4,0,2,3,0,2,0,0,1,0,1,0,4,0,1,27,2 malware/ransomware alert(s); 1 credential-access alert(s); 4 inactive-user event(s),0,6,0,6,0,0,2,0,1,0,12,0,Critical,Megha Shetty,Business Sales,Disabled
EMP11914,4,0,2,3,0,2,0,0,0,0,2,0,4,1,1,27,2 malware/ransomware alert(s); 4 inactive-user event(s); 1 identity review concern(s),0,6,0,6,0,0,0,0,2,0,12,1,Critical,Krishna Nayak,It Dept,Inactive
EMP12069,4,0,1,1,0,3,0,1,0,0,0,0,4,1,1,27,3 malware/ransomware alert(s); 1 lateral-movement alert(s); 4 inactive-user event(s); 1 identity review concern(s),0,3,0,9,0,2,0,0,0,0,12,1,Critical,Rishi Thaker,Sales,Disabled
EMP12716,4,1,0,2,1,1,0,1,0,0,2,0,4,0,1,27,1 critical alert(s); 1 unresolved critical alert(s); 1 malware/ransomware alert(s); 1 lateral-movement alert(s); 4 inactive-user event(s),5,0,3,3,0,2,0,0,2,0,12,0,Critical,Lakshmi Sen,Sales,Disabled
EMP12333,3,1,0,2,1,1,0,0,2,0,0,1,3,2,1,27,1 critical alert(s); 1 unresolved critical alert(s); 1 malware/ransomware alert(s); 2 credential-access alert(s); 3 inactive-user event(s); 2 identity review concern(s),5,0,3,3,0,0,4,0,0,1,9,2,Critical,Quincy Samra,Human Resource,Inactive
EMP12727,3,1,1,1,1,1,1,1,0,0,0,0,3,0,1,27,1 critical alert(s); 1 unresolved critical alert(s); 1 malware/ransomware alert(s); 1 PowerShell alert(s); 1 lateral-movement alert(s); 3 inactive-user event(s),5,3,3,3,2,2,0,0,0,0,9,0,Critical,Unni Borra,Ops Team,Disabled
EMP10597,7,1,1,4,1,1,0,1,3,0,2,0,0,2,1,26,1 critical alert(s); 1 unresolved critical alert(s); 1 malware/ransomware alert(s); 1 lateral-movement alert(s); 3 credential-access alert(s); 2 identity review concern(s),5,3,3,3,0,2,6,0,2,0,0,2,Critical,Gaurangi Chaudry,People Team,Active
EMP10750,7,0,3,5,0,4,0,2,0,0,0,0,0,1,1,26,4 malware/ransomware alert(s); 2 lateral-movement alert(s); 1 identity review concern(s),0,9,0,12,0,4,0,0,0,0,0,1,Critical,Wazir Bobal,People Team,Active
EMP10912,7,1,0,7,1,2,0,2,0,0,1,0,0,7,1,26,1 critical alert(s); 1 unresolved critical alert(s); 2 malware/ransomware alert(s); 2 lateral-movement alert(s); 7 identity review concern(s),5,0,3,6,0,4,0,0,1,0,0,7,Critical,,,
EMP10977,7,0,4,5,0,2,1,0,1,0,3,0,0,1,1,26,2 malware/ransomware alert(s); 1 PowerShell alert(s); 1 credential-access alert(s); 1 identity review concern(s),0,12,0,6,2,0,2,0,3,0,0,1,Critical,Udyati Trivedi,Operations Dept,Active
EMP11751,7,1,0,5,1,3,0,1,2,0,0,0,0,3,1,26,1 critical alert(s); 1 unresolved critical alert(s); 3 malware/ransomware alert(s); 1 lateral-movement alert(s); 2 credential-access alert(s); 3 identity review concern(s),5,0,3,9,0,2,4,0,0,0,0,3,Critical,Abhimanyu Edwin,Research And Development,Active
EMP10917,6,0,0,5,0,0,1,1,0,0,3,0,6,1,1,26,1 PowerShell alert(s); 1 lateral-movement alert(s); 6 inactive-user event(s); 1 identity review concern(s),0,0,0,0,2,2,0,0,3,0,18,1,Critical,Abha Chaudhary,Finance,Inactive
EMP12281,6,1,1,3,1,2,1,0,2,0,1,1,0,1,1,26,1 critical alert(s); 1 unresolved critical alert(s); 2 malware/ransomware alert(s); 1 PowerShell alert(s); 2 credential-access alert(s); 1 identity review concern(s),5,3,3,6,2,0,4,0,1,1,0,1,Critical,Omkaar Mital,Marketing,Active
EMP12663,6,0,2,4,0,2,1,0,3,0,0,0,0,6,1,26,2 malware/ransomware alert(s); 1 PowerShell alert(s); 3 credential-access alert(s); 6 identity review concern(s),0,6,0,6,2,0,6,0,0,0,0,6,Critical,,,
EMP10667,5,1,2,2,0,2,2,1,0,0,0,0,0,3,1,26,1 critical alert(s); 2 malware/ransomware alert(s); 2 PowerShell alert(s); 1 lateral-movement alert(s); 3 identity review concern(s),5,6,0,6,4,2,0,0,0,0,0,3,Critical,Nathaniel Dhaliwal,It Dept,Active
EMP11095,5,1,2,4,1,3,1,0,0,0,0,0,0,1,1,26,1 critical alert(s); 1 unresolved critical alert(s); 3 malware/ransomware alert(s); 1 PowerShell alert(s); 1 identity review concern(s),5,6,3,9,2,0,0,0,0,0,0,1,Critical,Nicholas Sur,Cs,Active
EMP11262,5,1,3,3,1,1,2,0,0,0,2,0,0,0,1,26,1 critical alert(s); 1 unresolved critical alert(s); 1 malware/ransomware alert(s); 2 PowerShell alert(s),5,9,3,3,4,0,0,0,2,0,0,0,Critical,Devansh Ganguly,Sales,Active
EMP12662,5,0,4,2,0,3,0,0,1,0,1,0,0,2,1,26,3 malware/ransomware alert(s); 1 credential-access alert(s); 2 identity review concern(s),0,12,0,9,0,0,2,0,1,0,0,2,Critical,Charles Padmanabhan,Cs,Active
EMP10194,4,1,2,2,1,2,1,0,0,0,0,0,0,4,1,26,1 critical alert(s); 1 unresolved critical alert(s); 2 malware/ransomware alert(s); 1 PowerShell alert(s); 4 identity review concern(s),5,6,3,6,2,0,0,0,0,0,0,4,Critical,,,
EMP10431,4,0,2,1,0,0,0,1,2,0,1,1,4,0,1,26,1 lateral-movement alert(s); 2 credential-access alert(s); 4 inactive-user event(s),0,6,0,0,0,2,4,0,1,1,12,0,Critical,Girik Salvi,Purchase,Inactive
EMP10533,4,1,2,1,1,3,0,0,1,0,0,0,0,1,1,26,1 critical alert(s); 1 unresolved critical alert(s); 3 malware/ransomware alert(s); 1 credential-access alert(s); 1 identity review concern(s),5,6,3,9,0,0,2,0,0,0,0,1,Critical,Ayaan Kalita,Legal,Active
EMP11367,4,1,0,2,0,1,0,1,2,0,0,0,4,0,1,26,1 critical alert(s); 1 malware/ransomware alert(s); 1 lateral-movement alert(s); 2 credential-access alert(s); 4 inactive-user event(s),5,0,0,3,0,2,4,0,0,0,12,0,Critical,Unnati Sane,Sales Team,Inactive
EMP11449,4,0,1,2,0,0,1,1,1,0,1,0,4,4,1,26,1 PowerShell alert(s); 1 lateral-movement alert(s); 1 credential-access alert(s); 4 inactive-user event(s); 4 identity review concern(s),0,3,0,0,2,2,2,0,1,0,12,4,Critical,Geetika Gaba,Compliance,Disabled
EMP12310,4,1,0,3,0,3,0,0,0,0,0,0,4,0,1,26,1 critical alert(s); 3 malware/ransomware alert(s); 4 inactive-user event(s),5,0,0,9,0,0,0,0,0,0,12,0,Critical,Zashil Chaudhari,Operations,Disabled
EMP12322,4,0,1,3,0,0,2,2,0,0,0,0,4,3,1,26,2 PowerShell alert(s); 2 lateral-movement alert(s); 4 inactive-user event(s); 3 identity review concern(s),0,3,0,0,4,4,0,0,0,0,12,3,Critical,Ekavir Seshadri,It,Disabled
EMP12386,4,0,1,2,0,3,0,1,0,0,0,0,4,0,1,26,3 malware/ransomware alert(s); 1 lateral-movement alert(s); 4 inactive-user event(s),0,3,0,9,0,2,0,0,0,0,12,0,Critical,Diya Vala,It Support,Inactive
EMP12852,4,0,2,2,0,1,0,0,2,0,1,0,4,0,1,26,1 malware/ransomware alert(s); 2 credential-access alert(s); 4 inactive-user event(s),0,6,0,3,0,0,4,0,1,0,12,0,Critical,Warinder Wali,R&D,Inactive
EMP10845,3,2,0,0,0,1,0,0,1,0,1,0,3,1,1,26,2 critical alert(s); 1 malware/ransomware alert(s); 1 credential-access alert(s); 3 inactive-user event(s); 1 identity review concern(s),10,0,0,3,0,0,2,0,1,0,9,1,Critical,Abeer Kashyap,Operations,Inactive
EMP11019,3,1,2,0,0,0,0,2,0,0,1,0,3,1,1,26,1 critical alert(s); 2 lateral-movement alert(s); 3 inactive-user event(s); 1 identity review concern(s),5,6,0,0,0,4,0,0,1,0,9,1,Critical,Rudra Sood,Mkt,Inactive
EMP11797,3,1,1,3,1,0,1,0,1,0,1,0,3,1,1,26,1 critical alert(s); 1 unresolved critical alert(s); 1 PowerShell alert(s); 1 credential-access alert(s); 3 inactive-user event(s); 1 identity review concern(s),5,3,3,0,2,0,2,0,1,0,9,1,Critical,Chatura Rajagopalan,Legal,Inactive
EMP11811,3,1,1,2,1,1,0,0,0,0,1,0,3,2,1,26,1 critical alert(s); 1 unresolved critical alert(s); 1 malware/ransomware alert(s); 3 inactive-user event(s); 2 identity review concern(s),5,3,3,3,0,0,0,0,1,0,9,2,Critical,Ishani Bhardwaj,Legal,Inactive
EMP11611,7,1,0,5,1,4,0,1,0,0,2,0,0,1,1,25,1 critical alert(s); 1 unresolved critical alert(s); 4 malware/ransomware alert(s); 1 lateral-movement alert(s); 1 identity review concern(s),5,0,3,12,0,2,0,0,2,0,0,1,Critical,Sara Ganesh,Hr Dept,Active
EMP12225,7,0,2,5,0,4,2,0,0,0,0,0,0,3,1,25,4 malware/ransomware alert(s); 2 PowerShell alert(s); 3 identity review concern(s),0,6,0,12,4,0,0,0,0,0,0,3,Critical,Pavani Memon,Finance,Active
EMP12683,7,1,1,2,0,3,1,1,0,0,2,0,0,2,1,25,1 critical alert(s); 3 malware/ransomware alert(s); 1 PowerShell alert(s); 1 lateral-movement alert(s); 2 identity review concern(s),5,3,0,9,2,2,0,0,2,0,0,2,Critical,Meghana Grewal,Legal,Active
EMP12833,7,0,3,4,0,2,1,0,2,0,1,1,0,2,1,25,2 malware/ransomware alert(s); 1 PowerShell alert(s); 2 credential-access alert(s); 2 identity review concern(s),0,9,0,6,2,0,4,0,1,1,0,2,Critical,Ubika Dora,Rnd,Active
EMP10141,6,1,1,3,0,4,0,1,0,0,0,0,0,3,1,25,1 critical alert(s); 4 malware/ransomware alert(s); 1 lateral-movement alert(s); 3 identity review concern(s),5,3,0,12,0,2,0,0,0,0,0,3,Critical,Nidhi Murty,Operations,On Leave
EMP11708,6,0,3,5,0,3,2,0,1,0,0,0,0,1,1,25,3 malware/ransomware alert(s); 2 PowerShell alert(s); 1 credential-access alert(s); 1 identity review concern(s),0,9,0,9,4,0,2,0,0,0,0,1,Critical,Rachita Nath,Cs,Active
EMP12474,6,0,4,1,0,3,0,1,1,0,0,0,0,0,1,25,3 malware/ransomware alert(s); 1 lateral-movement alert(s); 1 credential-access alert(s),0,12,0,9,0,2,2,0,0,0,0,0,Critical,Yutika Borde,Operations,Active
EMP12565,6,0,2,2,0,4,1,0,0,0,0,0,0,5,1,25,4 malware/ransomware alert(s); 1 PowerShell alert(s); 5 identity review concern(s),0,6,0,12,2,0,0,0,0,0,0,5,Critical,Vanya Atwal,Ops,Active
EMP11411,5,1,1,3,0,2,0,1,2,0,0,0,0,5,1,25,1 critical alert(s); 2 malware/ransomware alert(s); 1 lateral-movement alert(s); 2 credential-access alert(s); 5 identity review concern(s),5,3,0,6,0,2,4,0,0,0,0,5,Critical,,,
EMP11568,5,0,0,3,0,1,1,0,2,0,1,0,5,0,1,25,1 malware/ransomware alert(s); 1 PowerShell alert(s); 2 credential-access alert(s); 5 inactive-user event(s),0,0,0,3,2,0,4,0,1,0,15,0,Critical,Oviya Shukla,Ops Team,Disabled
EMP12078,5,1,3,2,1,1,0,0,0,0,3,0,0,2,1,25,1 critical alert(s); 1 unresolved critical alert(s); 1 malware/ransomware alert(s); 2 identity review concern(s),5,9,3,3,0,0,0,0,3,0,0,2,Critical,Omya Comar,Business Sales,Active
EMP12093,5,2,0,5,2,0,1,1,2,0,0,0,0,1,1,25,2 critical alert(s); 2 unresolved critical alert(s); 1 PowerShell alert(s); 1 lateral-movement alert(s); 2 credential-access alert(s); 1 identity review concern(s),10,0,6,0,2,2,4,0,0,0,0,1,Critical,Aadhya Bahri,Legal Dept,Active
EMP12210,5,1,1,5,1,3,1,1,0,0,0,1,0,0,1,25,1 critical alert(s); 1 unresolved critical alert(s); 3 malware/ransomware alert(s); 1 PowerShell alert(s); 1 lateral-movement alert(s),5,3,3,9,2,2,0,0,0,1,0,0,Critical,Sarthak Dhillon,Sales Team,Active
EMP12646,5,0,0,4,0,1,2,0,1,0,0,0,5,1,1,25,1 malware/ransomware alert(s); 2 PowerShell alert(s); 1 credential-access alert(s); 5 inactive-user event(s); 1 identity review concern(s),0,0,0,3,4,0,2,0,0,0,15,1,Critical,Lavanya Grover,Information Technology,Disabled
EMP12839,5,0,0,3,0,0,1,1,3,0,0,0,5,0,1,25,1 PowerShell alert(s); 1 lateral-movement alert(s); 3 credential-access alert(s); 5 inactive-user event(s),0,0,0,0,2,2,6,0,0,0,15,0,Critical,Lipika Parsa,Finance,Disabled
EMP12862,5,0,1,2,0,1,1,1,0,0,0,0,5,0,1,25,1 malware/ransomware alert(s); 1 PowerShell alert(s); 1 lateral-movement alert(s); 5 inactive-user event(s),0,3,0,3,2,2,0,0,0,0,15,0,Critical,Mahika Borra,Human Resource,Inactive
EMP10178,4,0,1,4,0,2,1,1,0,0,0,0,4,0,1,25,2 malware/ransomware alert(s); 1 PowerShell alert(s); 1 lateral-movement alert(s); 4 inactive-user event(s),0,3,0,6,2,2,0,0,0,0,12,0,Critical,Tanveer Ghose,Ops,Disabled
EMP10467,4,0,2,3,0,0,2,1,0,0,1,0,4,0,1,25,2 PowerShell alert(s); 1 lateral-movement alert(s); 4 inactive-user event(s),0,6,0,0,4,2,0,0,1,0,12,0,Critical,Maanas Rama,Ops,Inactive
EMP10643,4,0,0,3,0,3,0,0,1,0,0,0,4,2,1,25,3 malware/ransomware alert(s); 1 credential-access alert(s); 4 inactive-user event(s); 2 identity review concern(s),0,0,0,9,0,0,2,0,0,0,12,2,Critical,Abeer Lad,Customer Care,Inactive
EMP11171,4,3,0,0,0,1,2,0,1,0,0,0,0,1,1,25,3 critical alert(s); 1 malware/ransomware alert(s); 2 PowerShell alert(s); 1 credential-access alert(s); 1 identity review concern(s),15,0,0,3,4,0,2,0,0,0,0,1,Critical,Shravya Khalsa,Sales,Active
EMP11184,4,0,2,4,0,1,0,1,1,0,0,0,4,0,1,25,1 malware/ransomware alert(s); 1 lateral-movement alert(s); 1 credential-access alert(s); 4 inactive-user event(s),0,6,0,3,0,2,2,0,0,0,12,0,Critical,Ira Tripathi,Mktg,Inactive
EMP11390,4,2,1,2,1,1,1,0,1,0,1,0,0,1,1,25,2 critical alert(s); 1 unresolved critical alert(s); 1 malware/ransomware alert(s); 1 PowerShell alert(s); 1 credential-access alert(s); 1 identity review concern(s),10,3,3,3,2,0,2,0,1,0,0,1,Critical,Lakshmi Madan,It,Active
EMP12168,4,1,1,3,1,2,1,0,0,0,1,1,0,4,1,25,1 critical alert(s); 1 unresolved critical alert(s); 2 malware/ransomware alert(s); 1 PowerShell alert(s); 4 identity review concern(s),5,3,3,6,2,0,0,0,1,1,0,4,Critical,Balendra Taneja,Finance,Active
EMP12426,4,2,1,2,1,2,0,0,0,0,2,1,0,0,1,25,2 critical alert(s); 1 unresolved critical alert(s); 2 malware/ransomware alert(s),10,3,3,6,0,0,0,0,2,1,0,0,Critical,Raksha Date,Compliance,Active
EMP12478,4,2,0,3,2,3,0,0,0,0,0,0,0,0,1,25,2 critical alert(s); 2 unresolved critical alert(s); 3 malware/ransomware alert(s),10,0,6,9,0,0,0,0,0,0,0,0,Critical,Tanay Khosla,Mkt,Active
EMP12640,4,0,1,3,0,1,1,1,1,0,0,0,4,1,1,25,1 malware/ransomware alert(s); 1 PowerShell alert(s); 1 lateral-movement alert(s); 1 credential-access alert(s); 4 inactive-user event(s); 1 identity review concern(s),0,3,0,3,2,2,2,0,0,0,12,1,Critical,Rajeshri Trivedi,Brand Team,Inactive
EMP12802,4,0,1,3,0,1,2,0,1,0,0,0,4,1,1,25,1 malware/ransomware alert(s); 2 PowerShell alert(s); 1 credential-access alert(s); 4 inactive-user event(s); 1 identity review concern(s),0,3,0,3,4,0,2,0,0,0,12,1,Critical,Fariq Sanghvi,Business Sales,Disabled
EMP10245,3,1,2,2,1,2,0,0,0,0,1,1,0,3,1,25,1 critical alert(s); 1 unresolved critical alert(s); 2 malware/ransomware alert(s); 3 identity review concern(s),5,6,3,6,0,0,0,0,1,1,0,3,Critical,Netra Mitter,Purchase,Active
EMP10633,3,1,0,1,0,2,0,1,0,0,0,0,3,3,1,25,1 critical alert(s); 2 malware/ransomware alert(s); 1 lateral-movement alert(s); 3 inactive-user event(s); 3 identity review concern(s),5,0,0,6,0,2,0,0,0,0,9,3,Critical,Pahal Sidhu,Sales,Inactive
EMP10943,3,1,0,2,1,2,0,0,1,0,0,0,3,0,1,25,1 critical alert(s); 1 unresolved critical alert(s); 2 malware/ransomware alert(s); 1 credential-access alert(s); 3 inactive-user event(s),5,0,3,6,0,0,2,0,0,0,9,0,Critical,Vasudha Mital,Ops,Disabled
EMP11479,3,2,1,2,1,2,0,0,0,0,0,0,0,3,1,25,2 critical alert(s); 1 unresolved critical alert(s); 2 malware/ransomware alert(s); 3 identity review concern(s),10,3,3,6,0,0,0,0,0,0,0,3,Critical,Patrick Dewan,Support,Active
EMP11641,3,1,0,3,1,1,1,1,0,0,0,0,3,1,1,25,1 critical alert(s); 1 unresolved critical alert(s); 1 malware/ransomware alert(s); 1 PowerShell alert(s); 1 lateral-movement alert(s); 3 inactive-user event(s); 1 identity review concern(s),5,0,3,3,2,2,0,0,0,0,9,1,Critical,Chakrika Garde,Mktg,Inactive
EMP12621,3,2,1,2,2,2,0,0,0,0,0,0,0,0,1,25,2 critical alert(s); 2 unresolved critical alert(s); 2 malware/ransomware alert(s),10,3,6,6,0,0,0,0,0,0,0,0,Critical,Vedant Panchal,Support,Active
EMP11067,9,0,0,5,0,6,1,0,1,0,0,1,0,1,1,24,6 malware/ransomware alert(s); 1 PowerShell alert(s); 1 credential-access alert(s); 1 identity review concern(s),0,0,0,18,2,0,2,0,0,1,0,1,Critical,Ekta Ray,Brand Team,Active
EMP12774,8,0,2,4,0,2,0,1,0,0,2,0,0,8,1,24,2 malware/ransomware alert(s); 1 lateral-movement alert(s); 8 identity review concern(s),0,6,0,6,0,2,0,0,2,0,0,8,Critical,Baghyawati Kumer,People Team,Active
EMP10330,6,1,2,4,0,3,1,0,0,0,1,0,0,1,1,24,1 critical alert(s); 3 malware/ransomware alert(s); 1 PowerShell alert(s); 1 identity review concern(s),5,6,0,9,2,0,0,0,1,0,0,1,Critical,Madhavi Saraf,Procurement,Active
EMP10906,6,1,0,5,1,1,0,3,1,0,1,0,0,4,1,24,1 critical alert(s); 1 unresolved critical alert(s); 1 malware/ransomware alert(s); 3 lateral-movement alert(s); 1 credential-access alert(s); 4 identity review concern(s),5,0,3,3,0,6,2,0,1,0,0,4,Critical,Libni Dave,Marketing,On Leave
EMP11415,6,0,3,2,0,2,1,1,2,0,0,0,0,1,1,24,2 malware/ransomware alert(s); 1 PowerShell alert(s); 1 lateral-movement alert(s); 2 credential-access alert(s); 1 identity review concern(s),0,9,0,6,2,2,4,0,0,0,0,1,Critical,Nihal Varkey,Finance,Active
EMP12584,6,1,2,2,0,3,1,0,1,0,0,0,0,0,1,24,1 critical alert(s); 3 malware/ransomware alert(s); 1 PowerShell alert(s); 1 credential-access alert(s),5,6,0,9,2,0,2,0,0,0,0,0,Critical,Falguni Mammen,Operations,Active
EMP10085,5,0,3,3,0,4,1,0,0,0,0,0,0,1,1,24,4 malware/ransomware alert(s); 1 PowerShell alert(s); 1 identity review concern(s),0,9,0,12,2,0,0,0,0,0,0,1,Critical,Maya Gola,Business Sales,Active
EMP10250,5,1,1,5,1,2,1,0,2,0,0,0,0,1,1,24,1 critical alert(s); 1 unresolved critical alert(s); 2 malware/ransomware alert(s); 1 PowerShell alert(s); 2 credential-access alert(s); 1 identity review concern(s),5,3,3,6,2,0,4,0,0,0,0,1,Critical,Vritti Bhalla,Research And Development,Active
EMP10753,5,0,0,1,0,1,0,2,0,0,2,0,5,0,1,24,1 malware/ransomware alert(s); 2 lateral-movement alert(s); 5 inactive-user event(s),0,0,0,3,0,4,0,0,2,0,15,0,Critical,Tanmayi Rai,Procurement,Disabled
EMP10998,5,2,0,4,1,1,0,2,2,0,0,0,0,0,1,24,2 critical alert(s); 1 unresolved critical alert(s); 1 malware/ransomware alert(s); 2 lateral-movement alert(s); 2 credential-access alert(s),10,0,3,3,0,4,4,0,0,0,0,0,Critical,Lopa Sarin,Finance,Active
EMP11028,5,0,3,4,0,1,1,2,1,0,0,0,0,4,1,24,1 malware/ransomware alert(s); 1 PowerShell alert(s); 2 lateral-movement alert(s); 1 credential-access alert(s); 4 identity review concern(s),0,9,0,3,2,4,2,0,0,0,0,4,Critical,Aditya Anne,Human Resources,Active
EMP11921,5,1,1,3,1,1,0,2,0,0,1,0,0,5,1,24,1 critical alert(s); 1 unresolved critical alert(s); 1 malware/ransomware alert(s); 2 lateral-movement alert(s); 5 identity review concern(s),5,3,3,3,0,4,0,0,1,0,0,5,Critical,,,
EMP12537,5,1,2,3,1,2,0,2,0,0,0,0,0,0,1,24,1 critical alert(s); 1 unresolved critical alert(s); 2 malware/ransomware alert(s); 2 lateral-movement alert(s),5,6,3,6,0,4,0,0,0,0,0,0,Critical,Girindra Peri,People Team,Active
EMP12738,5,1,1,5,1,1,0,1,0,0,3,0,0,5,1,24,1 critical alert(s); 1 unresolved critical alert(s); 1 malware/ransomware alert(s); 1 lateral-movement alert(s); 5 identity review concern(s),5,3,3,3,0,2,0,0,3,0,0,5,Critical,,,
EMP10097,4,1,0,2,0,1,0,0,1,0,2,0,4,0,1,24,1 critical alert(s); 1 malware/ransomware alert(s); 1 credential-access alert(s); 4 inactive-user event(s),5,0,0,3,0,0,2,0,2,0,12,0,Critical,Advik Raj,Legal,Inactive
EMP10802,4,1,2,3,1,3,0,0,0,0,0,0,0,1,1,24,1 critical alert(s); 1 unresolved critical alert(s); 3 malware/ransomware alert(s); 1 identity review concern(s),5,6,3,9,0,0,0,0,0,0,0,1,Critical,Panini Gokhale,Finance,Active
EMP11011,4,0,2,4,0,0,0,0,2,0,2,0,4,0,1,24,2 credential-access alert(s); 4 inactive-user event(s),0,6,0,0,0,0,4,0,2,0,12,0,Critical,Adya Divan,Research And Development,Inactive
EMP11328,4,0,1,3,0,2,0,0,0,0,2,0,4,1,1,24,2 malware/ransomware alert(s); 4 inactive-user event(s); 1 identity review concern(s),0,3,0,6,0,0,0,0,2,0,12,1,Critical,Krish Gill,Innovation,Inactive
EMP11391,4,0,0,1,0,2,0,0,2,0,0,0,4,2,1,24,2 malware/ransomware alert(s); 2 credential-access alert(s); 4 inactive-user event(s); 2 identity review concern(s),0,0,0,6,0,0,4,0,0,0,12,2,Critical,Gunbir Dubey,Hr Dept,Disabled
EMP11586,4,0,2,3,0,1,0,0,0,0,3,0,4,0,1,24,1 malware/ransomware alert(s); 4 inactive-user event(s),0,6,0,3,0,0,0,0,3,0,12,0,Critical,Gunbir Goda,Rd,Inactive
EMP11694,4,0,3,3,0,3,0,1,0,0,0,0,0,4,1,24,3 malware/ransomware alert(s); 1 lateral-movement alert(s); 4 identity review concern(s),0,9,0,9,0,2,0,0,0,0,0,4,Critical,,,
EMP11715,4,2,2,4,2,0,0,0,0,0,2,0,0,0,1,24,2 critical alert(s); 2 unresolved critical alert(s),10,6,6,0,0,0,0,0,2,0,0,0,Critical,Harinakshi Kohli,Support,Active
EMP11799,4,1,0,2,0,2,0,0,0,0,1,0,4,0,1,24,1 critical alert(s); 2 malware/ransomware alert(s); 4 inactive-user event(s),5,0,0,6,0,0,0,0,1,0,12,0,Critical,Kamya Ganesan,Legal,Inactive
EMP12243,4,0,3,3,0,3,0,0,1,0,0,0,0,4,1,24,3 malware/ransomware alert(s); 1 credential-access alert(s); 4 identity review concern(s),0,9,0,9,0,0,2,0,0,0,0,4,Critical,Pratyush Thaman,Business Sales,Active
EMP12283,4,1,2,4,1,1,0,1,2,0,0,0,0,1,1,24,1 critical alert(s); 1 unresolved critical alert(s); 1 malware/ransomware alert(s); 1 lateral-movement alert(s); 2 credential-access alert(s); 1 identity review concern(s),5,6,3,3,0,2,4,0,0,0,0,1,Critical,Veer Ramanathan,Hr Dept,Active
EMP12464,4,1,1,4,1,1,1,1,1,0,0,0,0,4,1,24,1 critical alert(s); 1 unresolved critical alert(s); 1 malware/ransomware alert(s); 1 PowerShell alert(s); 1 lateral-movement alert(s); 1 credential-access alert(s); 4 identity review concern(s),5,3,3,3,2,2,2,0,0,0,0,4,Critical,Zaitra Nori,Legal,Active
EMP12603,4,1,1,4,1,2,0,0,1,0,1,0,0,4,1,24,1 critical alert(s); 1 unresolved critical alert(s); 2 malware/ransomware alert(s); 1 credential-access alert(s); 4 identity review concern(s),5,3,3,6,0,0,2,0,1,0,0,4,Critical,,,
EMP12658,4,1,1,4,1,3,0,1,0,0,0,0,0,2,1,24,1 critical alert(s); 1 unresolved critical alert(s); 3 malware/ransomware alert(s); 1 lateral-movement alert(s); 2 identity review concern(s),5,3,3,9,0,2,0,0,0,0,0,2,Critical,Nathaniel Mody,Legal,Active
EMP12827,4,1,1,3,1,4,0,0,0,0,0,0,0,1,1,24,1 critical alert(s); 1 unresolved critical alert(s); 4 malware/ransomware alert(s); 1 identity review concern(s),5,3,3,12,0,0,0,0,0,0,0,1,Critical,Oscar Chhabra,Customer Care,Active
EMP10666,3,0,2,2,0,2,1,0,0,0,0,1,3,0,1,24,2 malware/ransomware alert(s); 1 PowerShell alert(s); 3 inactive-user event(s),0,6,0,6,2,0,0,0,0,1,9,0,Critical,Vinaya Mutti,Finance Dept,Inactive
EMP10707,3,1,0,2,1,0,2,1,0,0,0,1,3,0,1,24,1 critical alert(s); 1 unresolved critical alert(s); 2 PowerShell alert(s); 1 lateral-movement alert(s); 3 inactive-user event(s),5,0,3,0,4,2,0,0,0,1,9,0,Critical,Raksha Mahal,Marketing Dept,Disabled
EMP11053,3,2,0,3,2,0,0,0,2,0,1,0,0,3,1,24,2 critical alert(s); 2 unresolved critical alert(s); 2 credential-access alert(s); 3 identity review concern(s),10,0,6,0,0,0,4,0,1,0,0,3,Critical,Rajata Sandhu,Accounts,Active
EMP11313,3,1,0,2,1,1,1,0,0,0,1,0,3,1,1,24,1 critical alert(s); 1 unresolved critical alert(s); 1 malware/ransomware alert(s); 1 PowerShell alert(s); 3 inactive-user event(s); 1 identity review concern(s),5,0,3,3,2,0,0,0,1,0,9,1,Critical,Gautami Sodhi,R&D,Inactive
EMP11514,3,1,1,2,1,1,0,0,0,0,1,0,3,0,1,24,1 critical alert(s); 1 unresolved critical alert(s); 1 malware/ransomware alert(s); 3 inactive-user event(s),5,3,3,3,0,0,0,0,1,0,9,0,Critical,Dakshesh Chaudhari,Support,Inactive
EMP12164,8,2,0,4,1,1,1,1,0,0,2,0,0,1,1,23,2 critical alert(s); 1 unresolved critical alert(s); 1 malware/ransomware alert(s); 1 PowerShell alert(s); 1 lateral-movement alert(s); 1 identity review concern(s),10,0,3,3,2,2,0,0,2,0,0,1,Critical,Ekansh Mangal,Marketing Dept,Active
EMP10096,7,0,4,5,0,0,0,3,1,0,3,0,0,0,1,23,3 lateral-movement alert(s); 1 credential-access alert(s),0,12,0,0,0,6,2,0,3,0,0,0,Critical,Lopa Sethi,Marketing Dept,Active
EMP10498,6,1,0,4,1,3,1,1,0,0,1,0,0,1,1,23,1 critical alert(s); 1 unresolved critical alert(s); 3 malware/ransomware alert(s); 1 PowerShell alert(s); 1 lateral-movement alert(s); 1 identity review concern(s),5,0,3,9,2,2,0,0,1,0,0,1,Critical,Janaki Pathak,Mkt,Active
EMP10613,6,1,0,4,0,2,1,0,2,0,0,0,0,6,1,23,1 critical alert(s); 2 malware/ransomware alert(s); 1 PowerShell alert(s); 2 credential-access alert(s); 6 identity review concern(s),5,0,0,6,2,0,4,0,0,0,0,6,Critical,Pavani Bansal,Legal,Active
EMP10662,6,1,1,2,0,2,0,0,1,0,1,0,0,6,1,23,1 critical alert(s); 2 malware/ransomware alert(s); 1 credential-access alert(s); 6 identity review concern(s),5,3,0,6,0,0,2,0,1,0,0,6,Critical,Watika Sant,Human Resource,Active
EMP10745,6,0,4,4,0,3,0,0,0,0,2,0,0,0,1,23,3 malware/ransomware alert(s),0,12,0,9,0,0,0,0,2,0,0,0,Critical,Lopa Bali,Operations,Active
EMP11069,6,1,1,3,1,2,0,1,0,0,1,1,0,2,1,23,1 critical alert(s); 1 unresolved critical alert(s); 2 malware/ransomware alert(s); 1 lateral-movement alert(s); 2 identity review concern(s),5,3,3,6,0,2,0,0,1,1,0,2,Critical,Vihaan Oak,Procurement Team,On Leave
EMP11427,6,1,0,5,1,2,0,2,0,0,2,0,0,3,1,23,1 critical alert(s); 1 unresolved critical alert(s); 2 malware/ransomware alert(s); 2 lateral-movement alert(s); 3 identity review concern(s),5,0,3,6,0,4,0,0,2,0,0,3,Critical,Niharika Murty,Operations,Active
EMP11679,6,1,2,6,1,1,1,1,0,0,1,0,0,1,1,23,1 critical alert(s); 1 unresolved critical alert(s); 1 malware/ransomware alert(s); 1 PowerShell alert(s); 1 lateral-movement alert(s); 1 identity review concern(s),5,6,3,3,2,2,0,0,1,0,0,1,Critical,Jacob Devan,Purchase,Active
EMP11680,6,0,3,4,0,3,1,0,1,0,1,0,0,0,1,23,3 malware/ransomware alert(s); 1 PowerShell alert(s); 1 credential-access alert(s),0,9,0,9,2,0,2,0,1,0,0,0,Critical,Widisha Parikh,Accounts,Active
EMP12606,6,1,1,4,1,2,1,0,1,0,1,1,0,0,1,23,1 critical alert(s); 1 unresolved critical alert(s); 2 malware/ransomware alert(s); 1 PowerShell alert(s); 1 credential-access alert(s),5,3,3,6,2,0,2,0,1,1,0,0,Critical,Ishani Mitra,Finance,Active
EMP10495,5,0,4,5,0,0,0,4,1,0,0,0,0,1,1,23,4 lateral-movement alert(s); 1 credential-access alert(s); 1 identity review concern(s),0,12,0,0,0,8,2,0,0,0,0,1,Critical,Tanmayi Thaman,Procurement Team,Active
EMP10876,5,0,3,3,0,3,1,1,0,0,0,0,0,1,1,23,3 malware/ransomware alert(s); 1 PowerShell alert(s); 1 lateral-movement alert(s); 1 identity review concern(s),0,9,0,9,2,2,0,0,0,0,0,1,Critical,Aashi Sridhar,Legal,Active
EMP10896,5,2,1,2,0,1,2,0,1,0,0,0,0,1,1,23,2 critical alert(s); 1 malware/ransomware alert(s); 2 PowerShell alert(s); 1 credential-access alert(s); 1 identity review concern(s),10,3,0,3,4,0,2,0,0,0,0,1,Critical,Omisha Raju,Sales Team,Active
EMP11932,5,0,2,2,0,3,0,0,1,0,1,0,0,5,1,23,3 malware/ransomware alert(s); 1 credential-access alert(s); 5 identity review concern(s),0,6,0,9,0,0,2,0,1,0,0,5,Critical,Mahika Chakraborty,Purch,Active
EMP12030,5,2,1,1,0,1,0,1,0,0,2,1,0,2,1,23,2 critical alert(s); 1 malware/ransomware alert(s); 1 lateral-movement alert(s); 2 identity review concern(s),10,3,0,3,0,2,0,0,2,1,0,2,Critical,Urishilla Dugar,Customer Support,Active
EMP12064,5,1,1,2,1,3,0,0,1,0,1,0,0,0,1,23,1 critical alert(s); 1 unresolved critical alert(s); 3 malware/ransomware alert(s); 1 credential-access alert(s),5,3,3,9,0,0,2,0,1,0,0,0,Critical,Nathaniel Deep,Rnd,Active
EMP12178,5,0,2,2,0,2,2,0,1,0,0,0,0,5,1,23,2 malware/ransomware alert(s); 2 PowerShell alert(s); 1 credential-access alert(s); 5 identity review concern(s),0,6,0,6,4,0,2,0,0,0,0,5,Critical,Orinder Gera,Fin,Active
EMP12965,5,1,1,4,1,2,1,0,1,0,0,0,0,2,1,23,1 critical alert(s); 1 unresolved critical alert(s); 2 malware/ransomware alert(s); 1 PowerShell alert(s); 1 credential-access alert(s); 2 identity review concern(s),5,3,3,6,2,0,2,0,0,0,0,2,Critical,Ijaya Narasimhan,It,Active
EMP10086,4,0,1,2,0,1,2,0,0,0,1,0,4,0,1,23,1 malware/ransomware alert(s); 2 PowerShell alert(s); 4 inactive-user event(s),0,3,0,3,4,0,0,0,1,0,12,0,Critical,Qarin Gulati,Purchase,Inactive
EMP10114,4,0,2,1,0,0,0,1,0,0,3,0,4,0,1,23,1 lateral-movement alert(s); 4 inactive-user event(s),0,6,0,0,0,2,0,0,3,0,12,0,Critical,Chatura Dube,Mktg,Inactive
EMP10308,4,0,1,3,0,2,0,0,0,0,2,0,4,0,1,23,2 malware/ransomware alert(s); 4 inactive-user event(s),0,3,0,6,0,0,0,0,2,0,12,0,Critical,Teerth Seshadri,R&D,Disabled
EMP10671,4,1,1,3,0,0,0,0,1,0,1,0,4,0,1,23,1 critical alert(s); 1 credential-access alert(s); 4 inactive-user event(s),5,3,0,0,0,0,2,0,1,0,12,0,Critical,Harinakshi Mukhopadhyay,Hr Dept,Inactive
EMP10693,4,0,1,3,0,0,0,2,1,0,1,1,4,0,1,23,2 lateral-movement alert(s); 1 credential-access alert(s); 4 inactive-user event(s),0,3,0,0,0,4,2,0,1,1,12,0,Critical,Wriddhish Babu,Supply Chain,Disabled
EMP10848,4,0,0,2,0,2,1,0,0,0,1,2,4,0,1,23,2 malware/ransomware alert(s); 1 PowerShell alert(s); 4 inactive-user event(s),0,0,0,6,2,0,0,0,1,2,12,0,Critical,Vrishti Vala,Brand Team,Disabled
EMP10954,4,2,0,3,1,1,2,0,1,0,0,0,0,1,1,23,2 critical alert(s); 1 unresolved critical alert(s); 1 malware/ransomware alert(s); 2 PowerShell alert(s); 1 credential-access alert(s); 1 identity review concern(s),10,0,3,3,4,0,2,0,0,0,0,1,Critical,Balendra Chada,Support,Active
EMP11420,4,0,1,4,0,1,0,0,2,0,1,0,4,0,1,23,1 malware/ransomware alert(s); 2 credential-access alert(s); 4 inactive-user event(s),0,3,0,3,0,0,4,0,1,0,12,0,Critical,Ayush Yogi,Ops,Inactive
EMP11610,4,0,0,2,0,1,1,1,0,0,0,0,4,4,1,23,1 malware/ransomware alert(s); 1 PowerShell alert(s); 1 lateral-movement alert(s); 4 inactive-user event(s); 4 identity review concern(s),0,0,0,3,2,2,0,0,0,0,12,4,Critical,Daksh Dhar,Finance,Disabled
EMP11761,4,1,0,3,1,3,0,0,1,0,0,0,0,4,1,23,1 critical alert(s); 1 unresolved critical alert(s); 3 malware/ransomware alert(s); 1 credential-access alert(s); 4 identity review concern(s),5,0,3,9,0,0,2,0,0,0,0,4,Critical,Onveer Kohli,Hr,Active
EMP11904,4,1,2,4,1,0,0,3,0,0,1,0,0,2,1,23,1 critical alert(s); 1 unresolved critical alert(s); 3 lateral-movement alert(s); 2 identity review concern(s),5,6,3,0,0,6,0,0,1,0,0,2,Critical,Yashawini Comar,Innovation,Active
EMP12186,4,0,2,2,0,4,0,0,0,0,0,1,0,4,1,23,4 malware/ransomware alert(s); 4 identity review concern(s),0,6,0,12,0,0,0,0,0,1,0,4,Critical,Yashvi Vasa,Operations,Active
EMP12706,4,0,1,3,0,1,2,0,0,0,1,0,4,0,1,23,1 malware/ransomware alert(s); 2 PowerShell alert(s); 4 inactive-user event(s),0,3,0,3,4,0,0,0,1,0,12,0,Critical,Inaya Rastogi,Legal,Disabled
EMP12781,4,0,1,2,0,2,0,0,0,0,1,0,4,1,1,23,2 malware/ransomware alert(s); 4 inactive-user event(s); 1 identity review concern(s),0,3,0,6,0,0,0,0,1,0,12,1,Critical,Rachit Dugal,Information Technology,Inactive
EMP10062,3,0,2,2,0,0,1,1,1,0,0,0,3,2,1,23,1 PowerShell alert(s); 1 lateral-movement alert(s); 1 credential-access alert(s); 3 inactive-user event(s); 2 identity review concern(s),0,6,0,0,2,2,2,0,0,0,9,2,Critical,Samesh Mitra,Operations Dept,Inactive
EMP11403,3,1,0,1,1,0,0,0,1,0,1,0,3,3,1,23,1 critical alert(s); 1 unresolved critical alert(s); 1 credential-access alert(s); 3 inactive-user event(s); 3 identity review concern(s),5,0,3,0,0,0,2,0,1,0,9,3,Critical,Raksha Saxena,Customer Support,Inactive
EMP11281,2,2,0,1,1,0,1,0,1,0,0,0,2,0,1,23,2 critical alert(s); 1 unresolved critical alert(s); 1 PowerShell alert(s); 1 credential-access alert(s); 2 inactive-user event(s),10,0,3,0,2,0,2,0,0,0,6,0,Critical,Amol Talwar,Information Technology,Inactive
EMP11267,7,1,1,3,0,3,1,0,1,0,1,0,0,0,1,22,1 critical alert(s); 3 malware/ransomware alert(s); 1 PowerShell alert(s); 1 credential-access alert(s),5,3,0,9,2,0,2,0,1,0,0,0,Critical,Indira Tella,Rd,Active
EMP11346,7,0,2,5,0,2,1,2,2,0,0,0,0,0,1,22,2 malware/ransomware alert(s); 1 PowerShell alert(s); 2 lateral-movement alert(s); 2 credential-access alert(s),0,6,0,6,2,4,4,0,0,0,0,0,Critical,Anirudh Ahuja,Hr,Active
EMP12095,7,1,0,5,0,3,1,0,2,0,1,0,0,1,1,22,1 critical alert(s); 3 malware/ransomware alert(s); 1 PowerShell alert(s); 2 credential-access alert(s); 1 identity review concern(s),5,0,0,9,2,0,4,0,1,0,0,1,Critical,Ira Mannan,Compliance,Active
EMP10040,6,0,3,6,0,3,0,2,0,0,0,0,0,0,1,22,3 malware/ransomware alert(s); 2 lateral-movement alert(s),0,9,0,9,0,4,0,0,0,0,0,0,Critical,Kevin Tara,It Dept,Active
EMP12067,6,0,4,4,0,2,1,0,0,0,1,1,0,0,1,22,2 malware/ransomware alert(s); 1 PowerShell alert(s),0,12,0,6,2,0,0,0,1,1,0,0,Critical,Qarin Bhagat,Research And Development,Active
EMP12686,6,0,2,4,0,1,1,0,2,0,1,0,0,6,1,22,1 malware/ransomware alert(s); 1 PowerShell alert(s); 2 credential-access alert(s); 6 identity review concern(s),0,6,0,3,2,0,4,0,1,0,0,6,Critical,Tara Muni,Operations,Active
EMP12968,6,1,0,5,1,1,1,2,2,0,0,0,0,1,1,22,1 critical alert(s); 1 unresolved critical alert(s); 1 malware/ransomware alert(s); 1 PowerShell alert(s); 2 lateral-movement alert(s); 2 credential-access alert(s); 1 identity review concern(s),5,0,3,3,2,4,4,0,0,0,0,1,Critical,Guneet Dewan,Support,Active
EMP10488,5,0,3,4,0,1,1,0,1,0,1,0,0,5,1,22,1 malware/ransomware alert(s); 1 PowerShell alert(s); 1 credential-access alert(s); 5 identity review concern(s),0,9,0,3,2,0,2,0,1,0,0,5,Critical,Maanas Anand,Information Tech,Active
EMP10626,5,2,0,2,1,2,0,0,1,0,1,0,0,0,1,22,2 critical alert(s); 1 unresolved critical alert(s); 2 malware/ransomware alert(s); 1 credential-access alert(s),10,0,3,6,0,0,2,0,1,0,0,0,Critical,Sara Bhattacharyya,Human Resource,Active
EMP10778,5,0,3,5,0,2,0,1,2,0,0,0,0,1,1,22,2 malware/ransomware alert(s); 1 lateral-movement alert(s); 2 credential-access alert(s); 1 identity review concern(s),0,9,0,6,0,2,4,0,0,0,0,1,Critical,Gaurang De,Operations Dept,
EMP10825,5,1,1,4,1,2,0,1,1,0,1,0,0,0,1,22,1 critical alert(s); 1 unresolved critical alert(s); 2 malware/ransomware alert(s); 1 lateral-movement alert(s); 1 credential-access alert(s),5,3,3,6,0,2,2,0,1,0,0,0,Critical,Abeer Mishra,Innovation,Active
EMP10899,5,0,3,2,0,3,1,0,0,0,1,0,0,1,1,22,3 malware/ransomware alert(s); 1 PowerShell alert(s); 1 identity review concern(s),0,9,0,9,2,0,0,0,1,0,0,1,Critical,Raagini Anne,Procurement Team,Active
EMP10967,5,0,4,5,0,1,1,0,2,0,0,0,0,1,1,22,1 malware/ransomware alert(s); 1 PowerShell alert(s); 2 credential-access alert(s); 1 identity review concern(s),0,12,0,3,2,0,4,0,0,0,0,1,Critical,Ikshita Luthra,Sales Dept,Active
EMP11999,5,1,1,5,1,2,1,1,0,0,0,0,0,1,1,22,1 critical alert(s); 1 unresolved critical alert(s); 2 malware/ransomware alert(s); 1 PowerShell alert(s); 1 lateral-movement alert(s); 1 identity review concern(s),5,3,3,6,2,2,0,0,0,0,0,1,Critical,Udant Dyal,Innovation,Active
EMP10137,4,1,2,3,1,1,0,1,1,0,1,0,0,0,1,22,1 critical alert(s); 1 unresolved critical alert(s); 1 malware/ransomware alert(s); 1 lateral-movement alert(s); 1 credential-access alert(s),5,6,3,3,0,2,2,0,1,0,0,0,Critical,Varsha Prabhakar,Purchase,
EMP10175,4,2,0,1,1,2,0,1,0,0,0,0,0,1,1,22,2 critical alert(s); 1 unresolved critical alert(s); 2 malware/ransomware alert(s); 1 lateral-movement alert(s); 1 identity review concern(s),10,0,3,6,0,2,0,0,0,0,0,1,Critical,Benjamin Rau,Purch,Active
EMP10296,4,1,1,2,1,1,0,1,0,0,2,0,0,4,1,22,1 critical alert(s); 1 unresolved critical alert(s); 1 malware/ransomware alert(s); 1 lateral-movement alert(s); 4 identity review concern(s),5,3,3,3,0,2,0,0,2,0,0,4,Critical,,,
EMP11076,4,1,0,4,1,2,2,0,0,0,0,0,0,4,1,22,1 critical alert(s); 1 unresolved critical alert(s); 2 malware/ransomware alert(s); 2 PowerShell alert(s); 4 identity review concern(s),5,0,3,6,4,0,0,0,0,0,0,4,Critical,Bina Rana,Compliance,Active
EMP11078,4,0,0,1,0,2,0,0,1,0,0,0,4,2,1,22,2 malware/ransomware alert(s); 1 credential-access alert(s); 4 inactive-user event(s); 2 identity review concern(s),0,0,0,6,0,0,2,0,0,0,12,2,Critical,Dayita Apte,Sales Dept,Disabled
EMP11079,4,1,2,2,1,1,2,0,0,0,1,0,0,0,1,22,1 critical alert(s); 1 unresolved critical alert(s); 1 malware/ransomware alert(s); 2 PowerShell alert(s),5,6,3,3,4,0,0,0,1,0,0,0,Critical,Teerth Andra,It Support,Active
EMP11145,4,0,0,3,0,2,0,0,1,0,1,0,4,1,1,22,2 malware/ransomware alert(s); 1 credential-access alert(s); 4 inactive-user event(s); 1 identity review concern(s),0,0,0,6,0,0,2,0,1,0,12,1,Critical,Sathvik Krishnamurthy,Sales Team,Inactive
EMP11204,4,0,0,1,0,0,0,3,0,0,0,0,4,4,1,22,3 lateral-movement alert(s); 4 inactive-user event(s); 4 identity review concern(s),0,0,0,0,0,6,0,0,0,0,12,4,Critical,Karan Zachariah,Sales Team,Inactive
EMP11316,4,0,1,2,0,1,0,1,0,0,2,0,4,0,1,22,1 malware/ransomware alert(s); 1 lateral-movement alert(s); 4 inactive-user event(s),0,3,0,3,0,2,0,0,2,0,12,0,Critical,Dalaja Sankar,Brand Team,Disabled
EMP11671,4,0,0,3,0,1,0,3,0,0,0,0,4,1,1,22,1 malware/ransomware alert(s); 3 lateral-movement alert(s); 4 inactive-user event(s); 1 identity review concern(s),0,0,0,3,0,6,0,0,0,0,12,1,Critical,Viraj Chaudhuri,Marketing,Disabled
EMP11699,4,1,2,3,0,2,1,0,1,0,0,0,0,1,1,22,1 critical alert(s); 2 malware/ransomware alert(s); 1 PowerShell alert(s); 1 credential-access alert(s); 1 identity review concern(s),5,6,0,6,2,0,2,0,0,0,0,1,Critical,Vansha Mani,Operations,Active
EMP11798,4,2,1,4,2,0,1,0,0,0,1,0,0,0,1,22,2 critical alert(s); 2 unresolved critical alert(s); 1 PowerShell alert(s),10,3,6,0,2,0,0,0,1,0,0,0,Critical,Jack Madan,Purchase,Active
EMP11949,4,0,0,2,0,1,1,2,0,0,0,0,4,1,1,22,1 malware/ransomware alert(s); 1 PowerShell alert(s); 2 lateral-movement alert(s); 4 inactive-user event(s); 1 identity review concern(s),0,0,0,3,2,4,0,0,0,0,12,1,Critical,Nirja Munshi,Compliance,Inactive
EMP11961,4,0,0,1,0,1,2,0,0,0,0,0,4,3,1,22,1 malware/ransomware alert(s); 2 PowerShell alert(s); 4 inactive-user event(s); 3 identity review concern(s),0,0,0,3,4,0,0,0,0,0,12,3,Critical,Benjamin Srinivasan,Cs,Inactive
EMP12015,4,0,0,2,0,1,2,1,0,0,0,0,4,1,1,22,1 malware/ransomware alert(s); 2 PowerShell alert(s); 1 lateral-movement alert(s); 4 inactive-user event(s); 1 identity review concern(s),0,0,0,3,4,2,0,0,0,0,12,1,Critical,Warhi Sarraf,Rnd,Inactive
EMP12123,4,0,0,4,0,1,2,0,1,0,0,1,4,0,1,22,1 malware/ransomware alert(s); 2 PowerShell alert(s); 1 credential-access alert(s); 4 inactive-user event(s),0,0,0,3,4,0,2,0,0,1,12,0,Critical,Chavvi Naidu,Rd,Disabled
EMP12155,4,0,0,3,0,1,0,0,1,0,1,0,4,4,1,22,1 malware/ransomware alert(s); 1 credential-access alert(s); 4 inactive-user event(s); 4 identity review concern(s),0,0,0,3,0,0,2,0,1,0,12,4,Critical,Ekansh Soni,Mkt,Disabled
EMP12172,4,0,0,2,0,1,3,0,0,0,0,0,4,1,1,22,1 malware/ransomware alert(s); 3 PowerShell alert(s); 4 inactive-user event(s); 1 identity review concern(s),0,0,0,3,6,0,0,0,0,0,12,1,Critical,Dominic Bose,Ops,Disabled
EMP12293,4,1,1,3,1,1,0,1,0,0,2,0,0,4,1,22,1 critical alert(s); 1 unresolved critical alert(s); 1 malware/ransomware alert(s); 1 lateral-movement alert(s); 4 identity review concern(s),5,3,3,3,0,2,0,0,2,0,0,4,Critical,Nidhi Pillai,Innovation,Active
EMP12483,4,1,2,2,0,1,2,0,1,0,0,0,0,2,1,22,1 critical alert(s); 1 malware/ransomware alert(s); 2 PowerShell alert(s); 1 credential-access alert(s); 2 identity review concern(s),5,6,0,3,4,0,2,0,0,0,0,2,Critical,Aarna Virk,Sales Team,Active
EMP12595,4,0,1,4,0,0,2,1,0,0,0,0,4,1,1,22,2 PowerShell alert(s); 1 lateral-movement alert(s); 4 inactive-user event(s); 1 identity review concern(s),0,3,0,0,4,2,0,0,0,0,12,1,Critical,Tara Thakur,Legal,Inactive
EMP10113,3,1,1,3,1,2,0,0,1,0,0,0,0,3,1,22,1 critical alert(s); 1 unresolved critical alert(s); 2 malware/ransomware alert(s); 1 credential-access alert(s); 3 identity review concern(s),5,3,3,6,0,0,2,0,0,0,0,3,Critical,Mitesh Rajagopalan,Business Sales,Active
EMP10285,3,1,0,2,1,1,0,0,0,0,1,0,3,1,1,22,1 critical alert(s); 1 unresolved critical alert(s); 1 malware/ransomware alert(s); 3 inactive-user event(s); 1 identity review concern(s),5,0,3,3,0,0,0,0,1,0,9,1,Critical,Varenya Nagar,Customer Support,Disabled
EMP10651,3,0,1,2,0,1,1,0,1,0,0,1,3,2,1,22,1 malware/ransomware alert(s); 1 PowerShell alert(s); 1 credential-access alert(s); 3 inactive-user event(s); 2 identity review concern(s),0,3,0,3,2,0,2,0,0,1,9,2,Critical,Pranit Srinivas,Rd,Inactive
EMP10852,3,0,2,2,0,0,1,2,0,0,0,1,3,0,1,22,1 PowerShell alert(s); 2 lateral-movement alert(s); 3 inactive-user event(s),0,6,0,0,2,4,0,0,0,1,9,0,Critical,Janani Sen,Operations Dept,Inactive
EMP11332,3,1,0,2,1,1,1,0,0,0,0,0,3,0,1,22,1 critical alert(s); 1 unresolved critical alert(s); 1 malware/ransomware alert(s); 1 PowerShell alert(s); 3 inactive-user event(s),5,0,3,3,2,0,0,0,0,0,9,0,Critical,Shivansh Parmer,Mktg,Disabled
EMP11725,3,0,1,2,0,2,0,0,0,0,1,0,3,3,1,22,2 malware/ransomware alert(s); 3 inactive-user event(s); 3 identity review concern(s),0,3,0,6,0,0,0,0,1,0,9,3,Critical,Advik Wagle,Rnd,Disabled
EMP11744,3,1,0,2,0,2,1,0,0,0,0,0,3,0,1,22,1 critical alert(s); 2 malware/ransomware alert(s); 1 PowerShell alert(s); 3 inactive-user event(s),5,0,0,6,2,0,0,0,0,0,9,0,Critical,Avi Basak,Finance,Disabled
EMP11772,3,2,0,2,1,2,0,0,1,0,0,0,0,1,1,22,2 critical alert(s); 1 unresolved critical alert(s); 2 malware/ransomware alert(s); 1 credential-access alert(s); 1 identity review concern(s),10,0,3,6,0,0,2,0,0,0,0,1,Critical,Mohini Munshi,Hr,Active
EMP12314,3,1,1,2,1,2,0,0,1,0,0,0,0,3,1,22,1 critical alert(s); 1 unresolved critical alert(s); 2 malware/ransomware alert(s); 1 credential-access alert(s); 3 identity review concern(s),5,3,3,6,0,0,2,0,0,0,0,3,Critical,Urmi Gandhi,Brand Team,Active
EMP12687,3,0,2,2,0,0,1,1,1,0,0,0,3,1,1,22,1 PowerShell alert(s); 1 lateral-movement alert(s); 1 credential-access alert(s); 3 inactive-user event(s); 1 identity review concern(s),0,6,0,0,2,2,2,0,0,0,9,1,Critical,Garima Narasimhan,Supply Chain,Disabled
EMP12945,3,1,0,3,1,1,1,0,0,0,0,0,3,0,1,22,1 critical alert(s); 1 unresolved critical alert(s); 1 malware/ransomware alert(s); 1 PowerShell alert(s); 3 inactive-user event(s),5,0,3,3,2,0,0,0,0,0,9,0,Critical,Ekapad Dass,Compliance,Disabled
EMP10485,8,0,1,2,0,3,1,2,1,0,1,0,0,0,1,21,3 malware/ransomware alert(s); 1 PowerShell alert(s); 2 lateral-movement alert(s); 1 credential-access alert(s),0,3,0,9,2,4,2,0,1,0,0,0,Critical,Hardik Kuruvilla,Customer Support,Active
EMP10333,7,1,0,5,1,3,1,0,1,0,0,0,0,0,1,21,1 critical alert(s); 1 unresolved critical alert(s); 3 malware/ransomware alert(s); 1 PowerShell alert(s); 1 credential-access alert(s),5,0,3,9,2,0,2,0,0,0,0,0,Critical,Hitesh Khanna,Information Tech,Active
EMP11252,7,0,1,1,0,1,4,1,1,0,0,1,0,2,1,21,1 malware/ransomware alert(s); 4 PowerShell alert(s); 1 lateral-movement alert(s); 1 credential-access alert(s); 2 identity review concern(s),0,3,0,3,8,2,2,0,0,1,0,2,Critical,Zayan Bhalla,Procurement,Active
EMP11995,7,0,1,6,0,4,0,1,1,0,0,1,0,1,1,21,4 malware/ransomware alert(s); 1 lateral-movement alert(s); 1 credential-access alert(s); 1 identity review concern(s),0,3,0,12,0,2,2,0,0,1,0,1,Critical,Dhriti Sami,Compliance,Active
EMP10403,6,0,2,3,0,1,2,3,0,0,0,1,0,1,1,21,1 malware/ransomware alert(s); 2 PowerShell alert(s); 3 lateral-movement alert(s); 1 identity review concern(s),0,6,0,3,4,6,0,0,0,1,0,1,Critical,Ethan Setty,Support,Active
EMP10981,6,1,1,4,0,3,0,0,1,0,1,0,0,1,1,21,1 critical alert(s); 3 malware/ransomware alert(s); 1 credential-access alert(s); 1 identity review concern(s),5,3,0,9,0,0,2,0,1,0,0,1,Critical,Jasmit Apte,Business Sales,Active
EMP11061,6,1,1,4,1,1,0,0,1,0,3,0,0,2,1,21,1 critical alert(s); 1 unresolved critical alert(s); 1 malware/ransomware alert(s); 1 credential-access alert(s); 2 identity review concern(s),5,3,3,3,0,0,2,0,3,0,0,2,Critical,Ekansh Ahuja,Mktg,Active
EMP11234,6,1,0,6,1,2,0,1,1,0,2,0,0,1,1,21,1 critical alert(s); 1 unresolved critical alert(s); 2 malware/ransomware alert(s); 1 lateral-movement alert(s); 1 credential-access alert(s); 1 identity review concern(s),5,0,3,6,0,2,2,0,2,0,0,1,Critical,Gaurika Chopra,Brand Team,Active
EMP12193,6,1,0,4,1,1,0,1,2,0,1,1,0,2,1,21,1 critical alert(s); 1 unresolved critical alert(s); 1 malware/ransomware alert(s); 1 lateral-movement alert(s); 2 credential-access alert(s); 2 identity review concern(s),5,0,3,3,0,2,4,0,1,1,0,2,Critical,Raagini Palla,Customer Support,Active
EMP12311,6,1,0,1,1,2,0,2,1,0,1,0,0,0,1,21,1 critical alert(s); 1 unresolved critical alert(s); 2 malware/ransomware alert(s); 2 lateral-movement alert(s); 1 credential-access alert(s),5,0,3,6,0,4,2,0,1,0,0,0,Critical,Vasatika Vig,Procurement Team,Active
EMP12356,6,0,2,3,0,3,2,0,1,0,0,0,0,0,1,21,3 malware/ransomware alert(s); 2 PowerShell alert(s); 1 credential-access alert(s),0,6,0,9,4,0,2,0,0,0,0,0,Critical,Vasatika Dhar,R&D,Active
EMP12393,6,1,0,1,0,2,2,0,2,0,0,0,0,2,1,21,1 critical alert(s); 2 malware/ransomware alert(s); 2 PowerShell alert(s); 2 credential-access alert(s); 2 identity review concern(s),5,0,0,6,4,0,4,0,0,0,0,2,Critical,Fitan Vohra,Purchase,Active
EMP12972,6,0,2,3,0,3,1,0,1,0,1,0,0,1,1,21,3 malware/ransomware alert(s); 1 PowerShell alert(s); 1 credential-access alert(s); 1 identity review concern(s),0,6,0,9,2,0,2,0,1,0,0,1,Critical,Yadavi Taneja,Business Sales,Active
EMP10106,5,0,3,4,0,2,2,1,0,0,0,0,0,0,1,21,2 malware/ransomware alert(s); 2 PowerShell alert(s); 1 lateral-movement alert(s),0,9,0,6,4,2,0,0,0,0,0,0,Critical,Charles Sharaf,Finance,
EMP10290,5,0,2,3,0,2,1,1,0,0,1,0,0,4,1,21,2 malware/ransomware alert(s); 1 PowerShell alert(s); 1 lateral-movement alert(s); 4 identity review concern(s),0,6,0,6,2,2,0,0,1,0,0,4,Critical,Lakshit Sule,Ops Team,Active
EMP10528,5,0,1,4,0,3,2,0,0,0,0,0,0,5,1,21,3 malware/ransomware alert(s); 2 PowerShell alert(s); 5 identity review concern(s),0,3,0,9,4,0,0,0,0,0,0,5,Critical,Luke Nagi,Human Resource,Active
EMP10606,5,1,0,3,0,1,0,3,1,0,0,0,0,5,1,21,1 critical alert(s); 1 malware/ransomware alert(s); 3 lateral-movement alert(s); 1 credential-access alert(s); 5 identity review concern(s),5,0,0,3,0,6,2,0,0,0,0,5,Critical,Hemani Bose,Ops Team,Active
EMP10746,5,1,1,3,0,1,2,0,0,0,1,0,0,5,1,21,1 critical alert(s); 1 malware/ransomware alert(s); 2 PowerShell alert(s); 5 identity review concern(s),5,3,0,3,4,0,0,0,1,0,0,5,Critical,,,
EMP10756,5,1,1,2,1,1,1,2,0,0,0,0,0,1,1,21,1 critical alert(s); 1 unresolved critical alert(s); 1 malware/ransomware alert(s); 1 PowerShell alert(s); 2 lateral-movement alert(s); 1 identity review concern(s),5,3,3,3,2,4,0,0,0,0,0,1,Critical,Mugdha Shah,Sales,Active
EMP11302,5,1,0,2,1,2,1,0,1,0,1,0,0,2,1,21,1 critical alert(s); 1 unresolved critical alert(s); 2 malware/ransomware alert(s); 1 PowerShell alert(s); 1 credential-access alert(s); 2 identity review concern(s),5,0,3,6,2,0,2,0,1,0,0,2,Critical,Ubika Bhakta,Finance Dept,Active
EMP11399,5,1,1,4,1,2,1,0,0,0,2,0,0,0,1,21,1 critical alert(s); 1 unresolved critical alert(s); 2 malware/ransomware alert(s); 1 PowerShell alert(s),5,3,3,6,2,0,0,0,2,0,0,0,Critical,Rehaan Trivedi,Customer Care,Active
EMP12202,5,1,1,3,1,1,0,1,1,0,1,1,0,1,1,21,1 critical alert(s); 1 unresolved critical alert(s); 1 malware/ransomware alert(s); 1 lateral-movement alert(s); 1 credential-access alert(s); 1 identity review concern(s),5,3,3,3,0,2,2,0,1,1,0,1,Critical,Upma Kohli,Marketing,Active
EMP12499,5,0,3,3,0,2,0,1,2,0,0,0,0,0,1,21,2 malware/ransomware alert(s); 1 lateral-movement alert(s); 2 credential-access alert(s),0,9,0,6,0,2,4,0,0,0,0,0,Critical,Naveen Borah,Fin,Active
EMP12748,5,0,2,1,0,2,1,0,0,0,2,0,0,5,1,21,2 malware/ransomware alert(s); 1 PowerShell alert(s); 5 identity review concern(s),0,6,0,6,2,0,0,0,2,0,0,5,Critical,,,
EMP12887,5,1,1,4,0,2,1,1,1,0,0,0,0,1,1,21,1 critical alert(s); 2 malware/ransomware alert(s); 1 PowerShell alert(s); 1 lateral-movement alert(s); 1 credential-access alert(s); 1 identity review concern(s),5,3,0,6,2,2,2,0,0,0,0,1,Critical,Gautam Ganguly,Finance,Active
EMP12984,5,1,2,4,1,1,1,0,1,0,0,0,0,0,1,21,1 critical alert(s); 1 unresolved critical alert(s); 1 malware/ransomware alert(s); 1 PowerShell alert(s); 1 credential-access alert(s),5,6,3,3,2,0,2,0,0,0,0,0,Critical,Krish Nair,Customer Care,Active
EMP10212,4,1,1,4,1,1,2,0,1,0,0,0,0,1,1,21,1 critical alert(s); 1 unresolved critical alert(s); 1 malware/ransomware alert(s); 2 PowerShell alert(s); 1 credential-access alert(s); 1 identity review concern(s),5,3,3,3,4,0,2,0,0,0,0,1,Critical,Advaith Agate,Rd,Active
EMP10316,4,1,2,3,1,1,0,1,1,0,0,0,0,0,1,21,1 critical alert(s); 1 unresolved critical alert(s); 1 malware/ransomware alert(s); 1 lateral-movement alert(s); 1 credential-access alert(s),5,6,3,3,0,2,2,0,0,0,0,0,Critical,Keya Basu,Legal,Active
EMP10468,4,1,0,2,1,2,0,0,1,0,1,0,0,4,1,21,1 critical alert(s); 1 unresolved critical alert(s); 2 malware/ransomware alert(s); 1 credential-access alert(s); 4 identity review concern(s),5,0,3,6,0,0,2,0,1,0,0,4,Critical,Inaya Vala,Supply Chain,Active
EMP10532,4,1,0,3,1,4,0,0,0,0,0,0,0,1,1,21,1 critical alert(s); 1 unresolved critical alert(s); 4 malware/ransomware alert(s); 1 identity review concern(s),5,0,3,12,0,0,0,0,0,0,0,1,Critical,Jack Mallick,R&D,Active
EMP10534,4,0,0,3,0,1,0,2,0,0,0,1,4,1,1,21,1 malware/ransomware alert(s); 2 lateral-movement alert(s); 4 inactive-user event(s); 1 identity review concern(s),0,0,0,3,0,4,0,0,0,1,12,1,Critical,Liam Sidhu,People Team,Disabled
EMP10553,4,1,1,3,1,3,0,0,0,0,0,0,0,1,1,21,1 critical alert(s); 1 unresolved critical alert(s); 3 malware/ransomware alert(s); 1 identity review concern(s),5,3,3,9,0,0,0,0,0,0,0,1,Critical,Nirja Kar,Ops,Active
EMP10560,4,0,1,2,0,2,0,0,0,0,0,0,4,0,1,21,2 malware/ransomware alert(s); 4 inactive-user event(s),0,3,0,6,0,0,0,0,0,0,12,0,Critical,Jasmit Ramaswamy,Operations,Inactive
EMP10994,4,0,0,3,0,1,0,2,1,0,0,0,4,0,1,21,1 malware/ransomware alert(s); 2 lateral-movement alert(s); 1 credential-access alert(s); 4 inactive-user event(s),0,0,0,3,0,4,2,0,0,0,12,0,Critical,Gaurav Konda,Rd,Inactive
EMP11482,4,0,4,2,0,2,0,0,0,0,2,0,0,1,1,21,2 malware/ransomware alert(s); 1 identity review concern(s),0,12,0,6,0,0,0,0,2,0,0,1,Critical,Simon Srinivasan,Ops,Active
EMP11496,4,0,2,3,0,4,0,0,0,0,0,0,0,3,1,21,4 malware/ransomware alert(s); 3 identity review concern(s),0,6,0,12,0,0,0,0,0,0,0,3,Critical,Veda Gala,Business Sales,Active
EMP11665,4,1,0,3,1,2,1,0,0,0,1,0,0,4,1,21,1 critical alert(s); 1 unresolved critical alert(s); 2 malware/ransomware alert(s); 1 PowerShell alert(s); 4 identity review concern(s),5,0,3,6,2,0,0,0,1,0,0,4,Critical,,,
EMP11707,4,0,0,2,0,0,1,2,0,0,1,1,4,1,1,21,1 PowerShell alert(s); 2 lateral-movement alert(s); 4 inactive-user event(s); 1 identity review concern(s),0,0,0,0,2,4,0,0,1,1,12,1,Critical,Hemal Rama,Accounts,Inactive
EMP11713,4,2,0,3,1,2,0,0,1,0,0,0,0,0,1,21,2 critical alert(s); 1 unresolved critical alert(s); 2 malware/ransomware alert(s); 1 credential-access alert(s),10,0,3,6,0,0,2,0,0,0,0,0,Critical,Gabriel Pal,Rnd,Active
EMP11748,4,2,0,4,2,0,1,0,0,0,3,0,0,0,1,21,2 critical alert(s); 2 unresolved critical alert(s); 1 PowerShell alert(s),10,0,6,0,2,0,0,0,3,0,0,0,Critical,Nicholas Aggarwal,Purchase,Active
EMP11929,4,1,0,4,1,4,0,0,0,0,0,0,0,1,1,21,1 critical alert(s); 1 unresolved critical alert(s); 4 malware/ransomware alert(s); 1 identity review concern(s),5,0,3,12,0,0,0,0,0,0,0,1,Critical,Jagat Gulati,People Team,Active
EMP12071,4,1,1,4,1,2,1,1,0,0,0,0,0,0,1,21,1 critical alert(s); 1 unresolved critical alert(s); 2 malware/ransomware alert(s); 1 PowerShell alert(s); 1 lateral-movement alert(s),5,3,3,6,2,2,0,0,0,0,0,0,Critical,Bhavna Deshpande,Cs,Active
EMP12253,4,1,1,3,1,3,0,0,0,0,1,0,0,0,1,21,1 critical alert(s); 1 unresolved critical alert(s); 3 malware/ransomware alert(s),5,3,3,9,0,0,0,0,1,0,0,0,Critical,Hitesh Dani,Supply Chain,Active
EMP12335,4,0,2,3,0,3,1,0,0,0,0,0,0,4,1,21,3 malware/ransomware alert(s); 1 PowerShell alert(s); 4 identity review concern(s),0,6,0,9,2,0,0,0,0,0,0,4,Critical,Ijaya Pandey,Finance Dept,Active
EMP12391,4,1,1,2,1,2,0,1,1,0,0,0,0,0,1,21,1 critical alert(s); 1 unresolved critical alert(s); 2 malware/ransomware alert(s); 1 lateral-movement alert(s); 1 credential-access alert(s),5,3,3,6,0,2,2,0,0,0,0,0,Critical,Pooja Iyengar,Operations Dept,Active
EMP12403,4,0,1,3,0,0,0,0,1,0,0,0,4,4,1,21,1 credential-access alert(s); 4 inactive-user event(s); 4 identity review concern(s),0,3,0,0,0,0,2,0,0,0,12,4,Critical,Andrew Vasa,Sales,Disabled
EMP12600,4,1,0,4,1,1,0,1,2,0,0,0,0,4,1,21,1 critical alert(s); 1 unresolved critical alert(s); 1 malware/ransomware alert(s); 1 lateral-movement alert(s); 2 credential-access alert(s); 4 identity review concern(s),5,0,3,3,0,2,4,0,0,0,0,4,Critical,Aarnav Kaul,Legal,Active
EMP12780,4,0,0,1,0,0,1,0,1,0,2,2,4,1,1,21,1 PowerShell alert(s); 1 credential-access alert(s); 4 inactive-user event(s); 1 identity review concern(s),0,0,0,0,2,0,2,0,2,2,12,1,Critical,Michael Zacharia,Legal,Inactive
EMP12799,4,0,1,2,0,1,0,0,1,0,0,0,4,1,1,21,1 malware/ransomware alert(s); 1 credential-access alert(s); 4 inactive-user event(s); 1 identity review concern(s),0,3,0,3,0,0,2,0,0,0,12,1,Critical,Yashodhara Desai,Ops,Inactive
EMP10046,3,1,1,1,0,0,0,0,2,0,0,0,3,0,1,21,1 critical alert(s); 2 credential-access alert(s); 3 inactive-user event(s),5,3,0,0,0,0,4,0,0,0,9,0,Critical,Aadi Boase,Legal,Inactive
EMP10169,3,1,1,3,1,2,0,0,0,0,1,0,0,3,1,21,1 critical alert(s); 1 unresolved critical alert(s); 2 malware/ransomware alert(s); 3 identity review concern(s),5,3,3,6,0,0,0,0,1,0,0,3,Critical,Anirudh Rai,Ops,Active
EMP10244,3,1,0,1,1,0,1,0,0,0,0,0,3,2,1,21,1 critical alert(s); 1 unresolved critical alert(s); 1 PowerShell alert(s); 3 inactive-user event(s); 2 identity review concern(s),5,0,3,0,2,0,0,0,0,0,9,2,Critical,Bishakha Chopra,Marketing,Inactive
EMP10625,3,1,0,2,1,0,1,0,1,0,0,0,3,0,1,21,1 critical alert(s); 1 unresolved critical alert(s); 1 PowerShell alert(s); 1 credential-access alert(s); 3 inactive-user event(s),5,0,3,0,2,0,2,0,0,0,9,0,Critical,Dominic Loyal,Supply Chain,Inactive
EMP11065,3,1,1,3,1,3,0,0,0,0,0,0,0,1,1,21,1 critical alert(s); 1 unresolved critical alert(s); 3 malware/ransomware alert(s); 1 identity review concern(s),5,3,3,9,0,0,0,0,0,0,0,1,Critical,Benjamin Toor,Operations Dept,Active
EMP11301,3,0,1,2,0,2,0,0,1,0,0,0,3,1,1,21,2 malware/ransomware alert(s); 1 credential-access alert(s); 3 inactive-user event(s); 1 identity review concern(s),0,3,0,6,0,0,2,0,0,0,9,1,Critical,Kabir Tandon,Brand Team,Disabled
EMP11342,3,0,2,1,0,1,1,0,0,0,0,0,3,1,1,21,1 malware/ransomware alert(s); 1 PowerShell alert(s); 3 inactive-user event(s); 1 identity review concern(s),0,6,0,3,2,0,0,0,0,0,9,1,Critical,Devansh Hora,Finance,Inactive
EMP11523,3,2,1,2,1,1,0,0,1,0,0,0,0,0,1,21,2 critical alert(s); 1 unresolved critical alert(s); 1 malware/ransomware alert(s); 1 credential-access alert(s),10,3,3,3,0,0,2,0,0,0,0,0,Critical,Urvi D’Alia,Sales,Active
EMP12553,3,1,0,3,1,0,0,1,0,0,1,1,3,0,1,21,1 critical alert(s); 1 unresolved critical alert(s); 1 lateral-movement alert(s); 3 inactive-user event(s),5,0,3,0,0,2,0,0,1,1,9,0,Critical,Tanish Kurian,It,Disabled
EMP12639,3,1,1,3,1,2,0,1,0,0,0,0,0,2,1,21,1 critical alert(s); 1 unresolved critical alert(s); 2 malware/ransomware alert(s); 1 lateral-movement alert(s); 2 identity review concern(s),5,3,3,6,0,2,0,0,0,0,0,2,Critical,Chakrika Shankar,Research And Development,Active
EMP12786,3,1,1,1,0,1,0,0,0,0,1,0,3,0,1,21,1 critical alert(s); 1 malware/ransomware alert(s); 3 inactive-user event(s),5,3,0,3,0,0,0,0,1,0,9,0,Critical,Lucky Chand,Procurement Team,Disabled
EMP10126,2,1,1,0,0,1,0,0,1,0,0,0,2,2,1,21,1 critical alert(s); 1 malware/ransomware alert(s); 1 credential-access alert(s); 2 inactive-user event(s); 2 identity review concern(s),5,3,0,3,0,0,2,0,0,0,6,2,Critical,Unnati Dass,Finance,Inactive
EMP11690,8,0,0,6,0,3,2,2,1,0,0,0,0,1,1,20,3 malware/ransomware alert(s); 2 PowerShell alert(s); 2 lateral-movement alert(s); 1 credential-access alert(s); 1 identity review concern(s),0,0,0,9,4,4,2,0,0,0,0,1,Critical,Madhav Handa,People Team,Active
EMP10710,7,0,2,3,0,3,0,1,1,0,1,0,0,0,1,20,3 malware/ransomware alert(s); 1 lateral-movement alert(s); 1 credential-access alert(s),0,6,0,9,0,2,2,0,1,0,0,0,Critical,Hamsini Bassi,R&D,Active
EMP10878,7,1,2,6,0,1,1,1,0,0,2,0,0,0,1,20,1 critical alert(s); 1 malware/ransomware alert(s); 1 PowerShell alert(s); 1 lateral-movement alert(s),5,6,0,3,2,2,0,0,2,0,0,0,Critical,Irya Manda,R&D,Active
EMP12814,7,0,0,4,0,5,0,1,1,0,0,1,0,0,1,20,5 malware/ransomware alert(s); 1 lateral-movement alert(s); 1 credential-access alert(s),0,0,0,15,0,2,2,0,0,1,0,0,Critical,Harini Tandon,Finance Dept,Active
EMP10307,6,0,2,3,0,3,1,1,0,0,0,0,0,1,1,20,3 malware/ransomware alert(s); 1 PowerShell alert(s); 1 lateral-movement alert(s); 1 identity review concern(s),0,6,0,9,2,2,0,0,0,0,0,1,Critical,Gavin Rama,Ops Team,Active
EMP10549,6,1,2,2,0,1,1,1,0,0,1,0,0,1,1,20,1 critical alert(s); 1 malware/ransomware alert(s); 1 PowerShell alert(s); 1 lateral-movement alert(s); 1 identity review concern(s),5,6,0,3,2,2,0,0,1,0,0,1,Critical,Inaya Garg,Support,Active
EMP11130,6,1,0,6,1,1,1,1,2,0,0,0,0,1,1,20,1 critical alert(s); 1 unresolved critical alert(s); 1 malware/ransomware alert(s); 1 PowerShell alert(s); 1 lateral-movement alert(s); 2 credential-access alert(s); 1 identity review concern(s),5,0,3,3,2,2,4,0,0,0,0,1,Critical,Radhika Sampath,It,Active
EMP11433,6,0,1,3,0,2,1,1,0,0,1,0,0,6,1,20,2 malware/ransomware alert(s); 1 PowerShell alert(s); 1 lateral-movement alert(s); 6 identity review concern(s),0,3,0,6,2,2,0,0,1,0,0,6,Critical,Urvashi Kata,Marketing Dept,Active
EMP10317,5,0,5,4,0,1,1,0,0,0,0,0,0,0,1,20,1 malware/ransomware alert(s); 1 PowerShell alert(s),0,15,0,3,2,0,0,0,0,0,0,0,Critical,Girik Merchant,Customer Support,Active
EMP11050,5,0,1,2,0,3,0,1,0,0,1,0,0,5,1,20,3 malware/ransomware alert(s); 1 lateral-movement alert(s); 5 identity review concern(s),0,3,0,9,0,2,0,0,1,0,0,5,Critical,Radhika Uppal,Legal,
EMP11211,5,0,3,5,0,2,2,0,0,0,1,0,0,0,1,20,2 malware/ransomware alert(s); 2 PowerShell alert(s),0,9,0,6,4,0,0,0,1,0,0,0,Critical,Gagan Sunder,Hr,Active
EMP11279,5,1,0,4,1,2,1,1,0,0,1,0,0,1,1,20,1 critical alert(s); 1 unresolved critical alert(s); 2 malware/ransomware alert(s); 1 PowerShell alert(s); 1 lateral-movement alert(s); 1 identity review concern(s),5,0,3,6,2,2,0,0,1,0,0,1,Critical,Balhaar Dhar,Customer Support,Active
EMP11443,5,1,1,4,0,3,0,1,0,0,1,0,0,0,1,20,1 critical alert(s); 3 malware/ransomware alert(s); 1 lateral-movement alert(s),5,3,0,9,0,2,0,0,1,0,0,0,Critical,Xavier Sarma,Operations,Active
EMP11522,5,1,2,2,1,0,1,1,0,0,1,0,0,1,1,20,1 critical alert(s); 1 unresolved critical alert(s); 1 PowerShell alert(s); 1 lateral-movement alert(s); 1 identity review concern(s),5,6,3,0,2,2,0,0,1,0,0,1,Critical,Gunbir Rajagopal,Legal,Active
EMP11582,5,1,0,5,1,2,0,0,0,0,1,0,0,5,1,20,1 critical alert(s); 1 unresolved critical alert(s); 2 malware/ransomware alert(s); 5 identity review concern(s),5,0,3,6,0,0,0,0,1,0,0,5,Critical,,,
EMP11652,5,1,2,4,1,1,1,0,0,0,0,0,0,1,1,20,1 critical alert(s); 1 unresolved critical alert(s); 1 malware/ransomware alert(s); 1 PowerShell alert(s); 1 identity review concern(s),5,6,3,3,2,0,0,0,0,0,0,1,Critical,Omaja Gala,Legal,Active
EMP12219,5,1,0,3,1,2,1,2,0,0,0,0,0,0,1,20,1 critical alert(s); 1 unresolved critical alert(s); 2 malware/ransomware alert(s); 1 PowerShell alert(s); 2 lateral-movement alert(s),5,0,3,6,2,4,0,0,0,0,0,0,Critical,Dalaja Lata,Compliance,Active
EMP12248,5,1,0,4,1,2,1,2,0,0,0,0,0,0,1,20,1 critical alert(s); 1 unresolved critical alert(s); 2 malware/ransomware alert(s); 1 PowerShell alert(s); 2 lateral-movement alert(s),5,0,3,6,2,4,0,0,0,0,0,0,Critical,Darsh Choudhry,Accounts,Active
EMP12345,5,1,0,4,1,4,0,0,0,0,0,0,0,0,1,20,1 critical alert(s); 1 unresolved critical alert(s); 4 malware/ransomware alert(s),5,0,3,12,0,0,0,0,0,0,0,0,Critical,Edhitha Dugal,Operations,Active
EMP12485,5,0,1,3,0,3,0,0,1,0,1,0,0,5,1,20,3 malware/ransomware alert(s); 1 credential-access alert(s); 5 identity review concern(s),0,3,0,9,0,0,2,0,1,0,0,5,Critical,Kamya Deo,Support,Active
EMP12594,5,1,1,5,1,2,0,1,0,0,1,0,0,0,1,20,1 critical alert(s); 1 unresolved critical alert(s); 2 malware/ransomware alert(s); 1 lateral-movement alert(s),5,3,3,6,0,2,0,0,1,0,0,0,Critical,Yahvi Ramanathan,Human Resources,
EMP12626,5,1,1,4,1,1,1,2,0,0,0,0,0,0,1,20,1 critical alert(s); 1 unresolved critical alert(s); 1 malware/ransomware alert(s); 1 PowerShell alert(s); 2 lateral-movement alert(s),5,3,3,3,2,4,0,0,0,0,0,0,Critical,Nimrat Rattan,Business Sales,Active
EMP12660,5,1,0,1,1,3,0,1,0,0,0,1,0,0,1,20,1 critical alert(s); 1 unresolved critical alert(s); 3 malware/ransomware alert(s); 1 lateral-movement alert(s),5,0,3,9,0,2,0,0,0,1,0,0,Critical,Girik Bhat,Finance,Active
EMP12821,5,1,2,2,0,0,1,1,1,0,2,0,0,1,1,20,1 critical alert(s); 1 PowerShell alert(s); 1 lateral-movement alert(s); 1 credential-access alert(s); 1 identity review concern(s),5,6,0,0,2,2,2,0,2,0,0,1,Critical,Nicholas Thakur,Operations,Active
EMP10017,4,0,3,3,0,1,1,1,1,0,0,1,0,1,1,20,1 malware/ransomware alert(s); 1 PowerShell alert(s); 1 lateral-movement alert(s); 1 credential-access alert(s); 1 identity review concern(s),0,9,0,3,2,2,2,0,0,1,0,1,Critical,Vritti Sengupta,Sales Team,Active
EMP10094,4,1,1,3,0,3,0,0,1,0,0,1,0,0,1,20,1 critical alert(s); 3 malware/ransomware alert(s); 1 credential-access alert(s),5,3,0,9,0,0,2,0,0,1,0,0,Critical,Abha Varkey,Call Center,Active
EMP10543,4,1,0,3,1,3,0,0,0,0,1,0,0,2,1,20,1 critical alert(s); 1 unresolved critical alert(s); 3 malware/ransomware alert(s); 2 identity review concern(s),5,0,3,9,0,0,0,0,1,0,0,2,Critical,Bhavna Ramesh,Rd,Active
EMP10773,4,2,0,2,1,1,0,1,1,0,0,0,0,0,1,20,2 critical alert(s); 1 unresolved critical alert(s); 1 malware/ransomware alert(s); 1 lateral-movement alert(s); 1 credential-access alert(s),10,0,3,3,0,2,2,0,0,0,0,0,Critical,Banjeet Trivedi,Accounts,Active
EMP10777,4,1,0,4,1,3,0,1,0,0,0,0,0,1,1,20,1 critical alert(s); 1 unresolved critical alert(s); 3 malware/ransomware alert(s); 1 lateral-movement alert(s); 1 identity review concern(s),5,0,3,9,0,2,0,0,0,0,0,1,Critical,Ekanta Bumb,Finance Dept,Active
EMP10847,4,0,3,3,0,3,0,1,0,0,0,0,0,0,1,20,3 malware/ransomware alert(s); 1 lateral-movement alert(s),0,9,0,9,0,2,0,0,0,0,0,0,Critical,Vidhi Krishna,Call Center,On Leave
EMP10908,4,1,1,2,1,2,0,0,1,0,1,0,0,0,1,20,1 critical alert(s); 1 unresolved critical alert(s); 2 malware/ransomware alert(s); 1 credential-access alert(s),5,3,3,6,0,0,2,0,1,0,0,0,Critical,Bhavya Shah,Rnd,Active
EMP11338,4,0,3,3,0,2,0,1,1,0,0,0,0,1,1,20,2 malware/ransomware alert(s); 1 lateral-movement alert(s); 1 credential-access alert(s); 1 identity review concern(s),0,9,0,6,0,2,2,0,0,0,0,1,Critical,Vansha Virk,Marketing,Active
EMP11421,4,1,0,4,1,1,2,0,0,0,1,0,0,4,1,20,1 critical alert(s); 1 unresolved critical alert(s); 1 malware/ransomware alert(s); 2 PowerShell alert(s); 4 identity review concern(s),5,0,3,3,4,0,0,0,1,0,0,4,Critical,Bina Kar,Sales,Active
EMP11467,4,1,0,4,1,3,0,0,0,0,1,0,0,2,1,20,1 critical alert(s); 1 unresolved critical alert(s); 3 malware/ransomware alert(s); 2 identity review concern(s),5,0,3,9,0,0,0,0,1,0,0,2,Critical,Balhaar Chahal,Information Technology,Active
EMP11537,4,1,0,2,1,3,1,0,0,0,0,0,0,1,1,20,1 critical alert(s); 1 unresolved critical alert(s); 3 malware/ransomware alert(s); 1 PowerShell alert(s); 1 identity review concern(s),5,0,3,9,2,0,0,0,0,0,0,1,Critical,Nachiket Subramaniam,Purchase,Active
EMP11601,4,1,1,4,1,1,0,2,0,0,0,0,0,2,1,20,1 critical alert(s); 1 unresolved critical alert(s); 1 malware/ransomware alert(s); 2 lateral-movement alert(s); 2 identity review concern(s),5,3,3,3,0,4,0,0,0,0,0,2,Critical,Ethan Choudhry,Marketing,Active
EMP11803,4,1,1,3,1,3,0,0,0,0,0,0,0,0,1,20,1 critical alert(s); 1 unresolved critical alert(s); 3 malware/ransomware alert(s),5,3,3,9,0,0,0,0,0,0,0,0,Critical,Yashawini Salvi,Fin,Active
EMP12734,4,0,0,3,0,1,0,1,1,0,0,0,4,1,1,20,1 malware/ransomware alert(s); 1 lateral-movement alert(s); 1 credential-access alert(s); 4 inactive-user event(s); 1 identity review concern(s),0,0,0,3,0,2,2,0,0,0,12,1,Critical,Xavier Kade,R&D,Disabled
EMP10786,3,1,0,1,1,0,0,1,0,0,0,0,3,1,1,20,1 critical alert(s); 1 unresolved critical alert(s); 1 lateral-movement alert(s); 3 inactive-user event(s); 1 identity review concern(s),5,0,3,0,0,2,0,0,0,0,9,1,Critical,Gavin Samra,Accounts,Disabled
EMP10789,3,0,1,3,0,2,1,0,0,0,0,0,3,0,1,20,2 malware/ransomware alert(s); 1 PowerShell alert(s); 3 inactive-user event(s),0,3,0,6,2,0,0,0,0,0,9,0,Critical,Jasmit Bose,Mkt,Disabled
EMP10980,3,0,1,2,0,1,0,1,1,0,0,0,3,1,1,20,1 malware/ransomware alert(s); 1 lateral-movement alert(s); 1 credential-access alert(s); 3 inactive-user event(s); 1 identity review concern(s),0,3,0,3,0,2,2,0,0,0,9,1,Critical,Imaran Dayal,Purchase,Disabled
EMP11007,3,1,2,3,1,0,0,1,2,0,0,0,0,0,1,20,1 critical alert(s); 1 unresolved critical alert(s); 1 lateral-movement alert(s); 2 credential-access alert(s),5,6,3,0,0,2,4,0,0,0,0,0,Critical,Pushti Bhatia,Cs,Active
EMP11174,3,2,0,2,1,1,0,1,0,0,1,0,0,1,1,20,2 critical alert(s); 1 unresolved critical alert(s); 1 malware/ransomware alert(s); 1 lateral-movement alert(s); 1 identity review concern(s),10,0,3,3,0,2,0,0,1,0,0,1,Critical,Max Ganguly,Accounts,Active
EMP11230,3,0,0,2,0,2,0,1,0,0,0,0,3,3,1,20,2 malware/ransomware alert(s); 1 lateral-movement alert(s); 3 inactive-user event(s); 3 identity review concern(s),0,0,0,6,0,2,0,0,0,0,9,3,Critical,Urishilla Dewan,Research And Development,Inactive
EMP11271,3,2,0,2,1,2,0,0,0,0,1,0,0,0,1,20,2 critical alert(s); 1 unresolved critical alert(s); 2 malware/ransomware alert(s),10,0,3,6,0,0,0,0,1,0,0,0,Critical,Krishna Hayre,Support,Active
EMP11502,3,0,1,1,0,1,0,2,0,0,0,0,3,1,1,20,1 malware/ransomware alert(s); 2 lateral-movement alert(s); 3 inactive-user event(s); 1 identity review concern(s),0,3,0,3,0,4,0,0,0,0,9,1,Critical,Wyatt Jani,Call Center,Inactive
EMP12179,3,0,2,3,0,1,1,0,0,0,0,0,3,0,1,20,1 malware/ransomware alert(s); 1 PowerShell alert(s); 3 inactive-user event(s),0,6,0,3,2,0,0,0,0,0,9,0,Critical,Bhavika Naidu,Business Sales,Disabled
EMP12475,3,0,0,2,0,2,0,0,1,0,0,0,3,3,1,20,2 malware/ransomware alert(s); 1 credential-access alert(s); 3 inactive-user event(s); 3 identity review concern(s),0,0,0,6,0,0,2,0,0,0,9,3,Critical,Kabir Joshi,Compliance,Inactive
EMP12855,3,1,1,3,1,2,1,0,0,0,0,0,0,1,1,20,1 critical alert(s); 1 unresolved critical alert(s); 2 malware/ransomware alert(s); 1 PowerShell alert(s); 1 identity review concern(s),5,3,3,6,2,0,0,0,0,0,0,1,Critical,Yahvi Sinha,Operations,Active
EMP10297,2,1,0,2,1,1,0,0,1,0,0,0,2,1,1,20,1 critical alert(s); 1 unresolved critical alert(s); 1 malware/ransomware alert(s); 1 credential-access alert(s); 2 inactive-user event(s); 1 identity review concern(s),5,0,3,3,0,0,2,0,0,0,6,1,Critical,Simon Dara,Supply Chain,Inactive
EMP10887,2,1,0,1,1,1,1,0,0,0,0,0,2,1,1,20,1 critical alert(s); 1 unresolved critical alert(s); 1 malware/ransomware alert(s); 1 PowerShell alert(s); 2 inactive-user event(s); 1 identity review concern(s),5,0,3,3,2,0,0,0,0,0,6,1,Critical,Ekapad Agarwal,Mkt,Disabled
EMP11372,2,1,0,2,1,0,1,0,0,0,1,1,2,2,1,20,1 critical alert(s); 1 unresolved critical alert(s); 1 PowerShell alert(s); 2 inactive-user event(s); 2 identity review concern(s),5,0,3,0,2,0,0,0,1,1,6,2,Critical,Nikita D’Alia,Research And Development,Inactive
EMP11767,2,1,1,1,1,0,0,1,0,0,1,0,2,0,1,20,1 critical alert(s); 1 unresolved critical alert(s); 1 lateral-movement alert(s); 2 inactive-user event(s),5,3,3,0,0,2,0,0,1,0,6,0,Critical,Harita Kakar,Support,Disabled
EMP11926,2,0,2,2,0,2,0,0,0,0,0,0,2,2,1,20,2 malware/ransomware alert(s); 2 inactive-user event(s); 2 identity review concern(s),0,6,0,6,0,0,0,0,0,0,6,2,Critical,Chatresh Varty,Finance Dept,Inactive
EMP12677,9,0,0,7,0,5,0,2,0,0,0,0,0,0,1,19,5 malware/ransomware alert(s); 2 lateral-movement alert(s),0,0,0,15,0,4,0,0,0,0,0,0,High,Vincent Hayre,Hr Dept,Active
EMP12950,7,1,1,3,0,2,0,1,1,0,1,0,0,0,1,19,1 critical alert(s); 2 malware/ransomware alert(s); 1 lateral-movement alert(s); 1 credential-access alert(s),5,3,0,6,0,2,2,0,1,0,0,0,High,Idika Dhawan,Sales Team,Active
EMP10104,6,1,0,6,1,2,0,1,1,0,1,0,0,0,1,19,1 critical alert(s); 1 unresolved critical alert(s); 2 malware/ransomware alert(s); 1 lateral-movement alert(s); 1 credential-access alert(s),5,0,3,6,0,2,2,0,1,0,0,0,High,Leena Kalla,Legal Dept,Active
EMP11175,6,1,1,4,1,0,1,1,2,0,0,0,0,0,1,19,1 critical alert(s); 1 unresolved critical alert(s); 1 PowerShell alert(s); 1 lateral-movement alert(s); 2 credential-access alert(s),5,3,3,0,2,2,4,0,0,0,0,0,High,David Jayaraman,R&D,Active
EMP11397,6,0,1,3,0,1,2,0,0,0,3,0,0,6,1,19,1 malware/ransomware alert(s); 2 PowerShell alert(s); 6 identity review concern(s),0,3,0,3,4,0,0,0,3,0,0,6,High,Kalpit Palla,Sales,Active
EMP11580,6,1,0,5,1,1,2,0,2,0,0,0,0,0,1,19,1 critical alert(s); 1 unresolved critical alert(s); 1 malware/ransomware alert(s); 2 PowerShell alert(s); 2 credential-access alert(s),5,0,3,3,4,0,4,0,0,0,0,0,High,Hemangini Goda,Sales,Active
EMP11755,6,0,1,3,0,3,0,0,2,0,1,1,0,1,1,19,3 malware/ransomware alert(s); 2 credential-access alert(s); 1 identity review concern(s),0,3,0,9,0,0,4,0,1,1,0,1,High,Daksh Zachariah,Information Technology,Active
EMP12267,6,1,1,4,0,1,0,0,2,0,2,0,0,2,1,19,1 critical alert(s); 1 malware/ransomware alert(s); 2 credential-access alert(s); 2 identity review concern(s),5,3,0,3,0,0,4,0,2,0,0,2,High,Nandini Sabharwal,Cs,Active
EMP12355,6,0,1,5,0,2,2,1,0,0,1,0,0,3,1,19,2 malware/ransomware alert(s); 2 PowerShell alert(s); 1 lateral-movement alert(s); 3 identity review concern(s),0,3,0,6,4,2,0,0,1,0,0,3,High,Jai Sehgal,Hr Dept,Active
EMP12722,6,1,0,2,0,2,2,0,1,0,1,0,0,1,1,19,1 critical alert(s); 2 malware/ransomware alert(s); 2 PowerShell alert(s); 1 credential-access alert(s); 1 identity review concern(s),5,0,0,6,4,0,2,0,1,0,0,1,High,Falak Lanka,Innovation,Active
EMP10323,5,0,3,4,0,1,0,0,3,0,1,0,0,0,1,19,1 malware/ransomware alert(s); 3 credential-access alert(s),0,9,0,3,0,0,6,0,1,0,0,0,High,Mohini Dani,Sales,Active
EMP10592,5,0,3,2,0,2,0,1,0,0,2,0,0,0,1,19,2 malware/ransomware alert(s); 1 lateral-movement alert(s),0,9,0,6,0,2,0,0,2,0,0,0,High,Upma Oommen,Ops Team,Active
EMP10761,5,0,1,3,0,2,0,1,1,0,1,0,0,5,1,19,2 malware/ransomware alert(s); 1 lateral-movement alert(s); 1 credential-access alert(s); 5 identity review concern(s),0,3,0,6,0,2,2,0,1,0,0,5,High,Dayita Dasgupta,Rnd,Active
EMP10904,5,1,0,3,1,2,1,0,1,0,0,0,0,1,1,19,1 critical alert(s); 1 unresolved critical alert(s); 2 malware/ransomware alert(s); 1 PowerShell alert(s); 1 credential-access alert(s); 1 identity review concern(s),5,0,3,6,2,0,2,0,0,0,0,1,High,Timothy Sur,Operations,Active
EMP11015,5,1,0,3,1,3,1,0,0,0,0,0,0,0,1,19,1 critical alert(s); 1 unresolved critical alert(s); 3 malware/ransomware alert(s); 1 PowerShell alert(s),5,0,3,9,2,0,0,0,0,0,0,0,High,Eiravati Dyal,Information Technology,Active
EMP11155,5,0,2,3,0,2,0,2,1,0,0,1,0,0,1,19,2 malware/ransomware alert(s); 2 lateral-movement alert(s); 1 credential-access alert(s),0,6,0,6,0,4,2,0,0,1,0,0,High,Andrew Sura,Sales Team,Active
EMP11385,5,1,1,4,1,1,0,1,1,0,1,0,0,0,1,19,1 critical alert(s); 1 unresolved critical alert(s); 1 malware/ransomware alert(s); 1 lateral-movement alert(s); 1 credential-access alert(s),5,3,3,3,0,2,2,0,1,0,0,0,High,Dalaja Bakshi,R&D,Active
EMP11605,5,0,1,5,0,1,1,1,2,0,0,0,0,5,1,19,1 malware/ransomware alert(s); 1 PowerShell alert(s); 1 lateral-movement alert(s); 2 credential-access alert(s); 5 identity review concern(s),0,3,0,3,2,2,4,0,0,0,0,5,High,Chakrika Sharma,Information Tech,Active
EMP11638,5,0,1,5,0,3,0,0,1,0,0,0,0,5,1,19,3 malware/ransomware alert(s); 1 credential-access alert(s); 5 identity review concern(s),0,3,0,9,0,0,2,0,0,0,0,5,High,Daniel Kala,Rnd,Active
EMP11846,5,1,1,3,0,1,1,2,0,0,1,0,0,1,1,19,1 critical alert(s); 1 malware/ransomware alert(s); 1 PowerShell alert(s); 2 lateral-movement alert(s); 1 identity review concern(s),5,3,0,3,2,4,0,0,1,0,0,1,High,Chakrika Mohanty,It Dept,Active
EMP11974,5,0,2,3,0,3,1,0,0,0,1,0,0,1,1,19,3 malware/ransomware alert(s); 1 PowerShell alert(s); 1 identity review concern(s),0,6,0,9,2,0,0,0,1,0,0,1,High,Wyatt Sibal,It Support,Active
EMP12102,5,0,2,4,0,3,1,0,0,0,1,0,0,1,1,19,3 malware/ransomware alert(s); 1 PowerShell alert(s); 1 identity review concern(s),0,6,0,9,2,0,0,0,1,0,0,1,High,Gaurang Cheema,Operations,Active
EMP12118,5,0,2,2,0,3,0,0,1,0,1,0,0,1,1,19,3 malware/ransomware alert(s); 1 credential-access alert(s); 1 identity review concern(s),0,6,0,9,0,0,2,0,1,0,0,1,High,Diya Sidhu,Information Tech,Active
EMP12869,5,1,0,3,1,1,1,1,2,0,0,0,0,0,1,19,1 critical alert(s); 1 unresolved critical alert(s); 1 malware/ransomware alert(s); 1 PowerShell alert(s); 1 lateral-movement alert(s); 2 credential-access alert(s),5,0,3,3,2,2,4,0,0,0,0,0,High,Anika Parsa,R&D,Active
EMP10337,4,1,1,4,1,1,0,1,1,0,1,0,0,0,1,19,1 critical alert(s); 1 unresolved critical alert(s); 1 malware/ransomware alert(s); 1 lateral-movement alert(s); 1 credential-access alert(s),5,3,3,3,0,2,2,0,1,0,0,0,High,Lucky Balakrishnan,Information Tech,Active
EMP10616,4,0,2,3,0,1,2,0,1,0,0,0,0,4,1,19,1 malware/ransomware alert(s); 2 PowerShell alert(s); 1 credential-access alert(s); 4 identity review concern(s),0,6,0,3,4,0,2,0,0,0,0,4,High,Isha Bir,Cs,Active
EMP10805,4,1,1,2,0,2,1,0,1,0,0,0,0,1,1,19,1 critical alert(s); 2 malware/ransomware alert(s); 1 PowerShell alert(s); 1 credential-access alert(s); 1 identity review concern(s),5,3,0,6,2,0,2,0,0,0,0,1,High,Udarsh Kannan,People Team,Active
EMP11779,4,1,0,3,1,3,1,0,0,0,0,0,0,0,1,19,1 critical alert(s); 1 unresolved critical alert(s); 3 malware/ransomware alert(s); 1 PowerShell alert(s),5,0,3,9,2,0,0,0,0,0,0,0,High,Hardik Pathak,Mktg,Active
EMP11997,4,1,0,2,1,3,0,1,0,0,0,0,0,0,1,19,1 critical alert(s); 1 unresolved critical alert(s); 3 malware/ransomware alert(s); 1 lateral-movement alert(s),5,0,3,9,0,2,0,0,0,0,0,0,High,Zayan Sidhu,Human Resource,Active
EMP12060,4,0,0,0,0,1,0,0,1,0,1,0,4,1,1,19,1 malware/ransomware alert(s); 1 credential-access alert(s); 4 inactive-user event(s); 1 identity review concern(s),0,0,0,3,0,0,2,0,1,0,12,1,High,Vrishti Chadha,Cs,Disabled
EMP12105,4,1,0,2,1,0,0,2,2,0,0,1,0,2,1,19,1 critical alert(s); 1 unresolved critical alert(s); 2 lateral-movement alert(s); 2 credential-access alert(s); 2 identity review concern(s),5,0,3,0,0,4,4,0,0,1,0,2,High,Jatin Khare,Ops,Active
EMP12591,4,2,1,2,0,0,3,0,0,0,0,0,0,0,1,19,2 critical alert(s); 3 PowerShell alert(s),10,3,0,0,6,0,0,0,0,0,0,0,High,Gavin Golla,Legal,Active
EMP12672,4,1,0,4,1,3,1,0,0,0,0,0,0,0,1,19,1 critical alert(s); 1 unresolved critical alert(s); 3 malware/ransomware alert(s); 1 PowerShell alert(s),5,0,3,9,2,0,0,0,0,0,0,0,High,Meera Kulkarni,Ops Team,Active
EMP12744,4,0,3,2,0,2,1,1,0,0,0,0,0,0,1,19,2 malware/ransomware alert(s); 1 PowerShell alert(s); 1 lateral-movement alert(s),0,9,0,6,2,2,0,0,0,0,0,0,High,Wakeeta Dubey,R&D,On Leave
EMP12801,4,0,0,3,0,0,0,1,2,0,0,0,4,1,1,19,1 lateral-movement alert(s); 2 credential-access alert(s); 4 inactive-user event(s); 1 identity review concern(s),0,0,0,0,0,2,4,0,0,0,12,1,High,Ishwar Bose,Mkt,Inactive
EMP12999,4,0,1,2,0,0,0,1,1,0,0,0,4,0,1,19,1 lateral-movement alert(s); 1 credential-access alert(s); 4 inactive-user event(s),0,3,0,0,0,2,2,0,0,0,12,0,High,Girik Upadhyay,People Team,Inactive
EMP10202,3,1,1,3,1,1,1,0,1,0,0,0,0,1,1,19,1 critical alert(s); 1 unresolved critical alert(s); 1 malware/ransomware alert(s); 1 PowerShell alert(s); 1 credential-access alert(s); 1 identity review concern(s),5,3,3,3,2,0,2,0,0,0,0,1,High,Adweta Bera,Rnd,Active
EMP10286,3,0,3,1,0,2,1,0,0,0,0,0,0,2,1,19,2 malware/ransomware alert(s); 1 PowerShell alert(s); 2 identity review concern(s),0,9,0,6,2,0,0,0,0,0,0,2,High,Hamsini Bandi,Human Resources,Active
EMP10826,3,0,1,3,0,2,0,0,0,0,0,0,3,1,1,19,2 malware/ransomware alert(s); 3 inactive-user event(s); 1 identity review concern(s),0,3,0,6,0,0,0,0,0,0,9,1,High,Nihal Garde,Information Technology,Disabled
EMP10827,3,1,0,3,1,2,0,1,0,0,0,0,0,3,1,19,1 critical alert(s); 1 unresolved critical alert(s); 2 malware/ransomware alert(s); 1 lateral-movement alert(s); 3 identity review concern(s),5,0,3,6,0,2,0,0,0,0,0,3,High,Henry Raman,Ops Team,Active
EMP10927,3,0,1,2,0,1,1,0,0,0,1,0,3,1,1,19,1 malware/ransomware alert(s); 1 PowerShell alert(s); 3 inactive-user event(s); 1 identity review concern(s),0,3,0,3,2,0,0,0,1,0,9,1,High,Ekta Batra,Operations Dept,Disabled
EMP10929,3,1,1,2,1,1,1,1,0,0,0,0,0,1,1,19,1 critical alert(s); 1 unresolved critical alert(s); 1 malware/ransomware alert(s); 1 PowerShell alert(s); 1 lateral-movement alert(s); 1 identity review concern(s),5,3,3,3,2,2,0,0,0,0,0,1,High,Aarini Bora,Mktg,On Leave
EMP11082,3,0,1,1,0,0,1,2,0,0,0,0,3,1,1,19,1 PowerShell alert(s); 2 lateral-movement alert(s); 3 inactive-user event(s); 1 identity review concern(s),0,3,0,0,2,4,0,0,0,0,9,1,High,Om Jain,It Support,Disabled
EMP11128,3,0,1,0,0,1,0,1,1,0,0,0,3,0,1,19,1 malware/ransomware alert(s); 1 lateral-movement alert(s); 1 credential-access alert(s); 3 inactive-user event(s),0,3,0,3,0,2,2,0,0,0,9,0,High,Pratyush Deshpande,Hr Dept,Disabled
EMP11192,3,0,1,0,0,0,1,1,1,0,0,0,3,1,1,19,1 PowerShell alert(s); 1 lateral-movement alert(s); 1 credential-access alert(s); 3 inactive-user event(s); 1 identity review concern(s),0,3,0,0,2,2,2,0,0,0,9,1,High,Vamakshi Divan,Information Tech,Inactive
EMP11254,3,1,1,3,1,2,0,0,0,0,1,0,0,1,1,19,1 critical alert(s); 1 unresolved critical alert(s); 2 malware/ransomware alert(s); 1 identity review concern(s),5,3,3,6,0,0,0,0,1,0,0,1,High,Siddharth Chadha,Hr Dept,Active
EMP11571,3,1,1,1,0,3,0,0,0,0,0,0,0,2,1,19,1 critical alert(s); 3 malware/ransomware alert(s); 2 identity review concern(s),5,3,0,9,0,0,0,0,0,0,0,2,High,Vidhi Bansal,R&D,Active
EMP12061,3,2,1,1,0,1,0,0,1,0,1,0,0,0,1,19,2 critical alert(s); 1 malware/ransomware alert(s); 1 credential-access alert(s),10,3,0,3,0,0,2,0,1,0,0,0,High,Harish Sura,Information Tech,Active
EMP12098,3,0,1,3,0,1,0,1,1,0,0,0,3,0,1,19,1 malware/ransomware alert(s); 1 lateral-movement alert(s); 1 credential-access alert(s); 3 inactive-user event(s),0,3,0,3,0,2,2,0,0,0,9,0,High,Caleb Pandit,Compliance,Disabled
EMP12340,3,0,2,2,0,0,1,0,0,0,2,0,3,0,1,19,1 PowerShell alert(s); 3 inactive-user event(s),0,6,0,0,2,0,0,0,2,0,9,0,High,Gautami Contractor,It Support,Disabled
EMP12428,3,1,2,3,1,0,0,0,0,0,3,0,0,2,1,19,1 critical alert(s); 1 unresolved critical alert(s); 2 identity review concern(s),5,6,3,0,0,0,0,0,3,0,0,2,High,Mekhala Devan,Finance,Active
EMP12601,3,0,1,2,0,1,1,0,1,0,0,0,3,0,1,19,1 malware/ransomware alert(s); 1 PowerShell alert(s); 1 credential-access alert(s); 3 inactive-user event(s),0,3,0,3,2,0,2,0,0,0,9,0,High,Dominic Bawa,Operations,Disabled
EMP12682,3,0,0,2,0,1,0,2,0,0,0,0,3,3,1,19,1 malware/ransomware alert(s); 2 lateral-movement alert(s); 3 inactive-user event(s); 3 identity review concern(s),0,0,0,3,0,4,0,0,0,0,9,3,High,Yuvraj Talwar,Ops,Inactive
EMP12732,3,1,1,1,0,2,0,0,0,0,1,1,0,3,1,19,1 critical alert(s); 2 malware/ransomware alert(s); 3 identity review concern(s),5,3,0,6,0,0,0,0,1,1,0,3,High,Zehaan Dar,Compliance,Active
EMP12737,3,0,1,2,0,1,0,2,0,0,0,0,3,0,1,19,1 malware/ransomware alert(s); 2 lateral-movement alert(s); 3 inactive-user event(s),0,3,0,3,0,4,0,0,0,0,9,0,High,Kashish Raman,Information Technology,Inactive
EMP12897,3,1,1,2,1,2,1,0,0,0,0,0,0,0,1,19,1 critical alert(s); 1 unresolved critical alert(s); 2 malware/ransomware alert(s); 1 PowerShell alert(s),5,3,3,6,2,0,0,0,0,0,0,0,High,Sarthak Kohli,Ops Team,Active
EMP10509,2,1,0,2,1,1,0,1,0,0,0,0,2,0,1,19,1 critical alert(s); 1 unresolved critical alert(s); 1 malware/ransomware alert(s); 1 lateral-movement alert(s); 2 inactive-user event(s),5,0,3,3,0,2,0,0,0,0,6,0,High,Ishanvi Dugar,Rnd,Inactive
EMP10815,2,1,0,2,1,1,0,0,0,0,1,1,2,0,1,19,1 critical alert(s); 1 unresolved critical alert(s); 1 malware/ransomware alert(s); 2 inactive-user event(s),5,0,3,3,0,0,0,0,1,1,6,0,High,Samesh Padmanabhan,Ops Team,Disabled
EMP10946,2,1,0,2,1,1,1,0,0,0,0,0,2,0,1,19,1 critical alert(s); 1 unresolved critical alert(s); 1 malware/ransomware alert(s); 1 PowerShell alert(s); 2 inactive-user event(s),5,0,3,3,2,0,0,0,0,0,6,0,High,Ekbal Chandra,Accounts,Inactive
EMP11106,2,2,0,2,2,0,0,0,0,0,1,0,0,2,1,19,2 critical alert(s); 2 unresolved critical alert(s); 2 identity review concern(s),10,0,6,0,0,0,0,0,1,0,0,2,High,Veer Batra,Call Center,Active
EMP11288,2,1,0,1,1,1,0,1,0,0,0,0,2,0,1,19,1 critical alert(s); 1 unresolved critical alert(s); 1 malware/ransomware alert(s); 1 lateral-movement alert(s); 2 inactive-user event(s),5,0,3,3,0,2,0,0,0,0,6,0,High,Urvashi Rege,Compliance,Inactive
EMP11590,2,1,0,2,1,0,0,1,1,0,0,0,2,1,1,19,1 critical alert(s); 1 unresolved critical alert(s); 1 lateral-movement alert(s); 1 credential-access alert(s); 2 inactive-user event(s); 1 identity review concern(s),5,0,3,0,0,2,2,0,0,0,6,1,High,Mahika Som,Operations,Disabled
EMP11669,2,2,0,2,2,0,0,0,1,0,1,0,0,0,1,19,2 critical alert(s); 2 unresolved critical alert(s); 1 credential-access alert(s),10,0,6,0,0,0,2,0,1,0,0,0,High,Hitesh Patil,It Support,Active
EMP12053,2,1,0,2,1,0,1,0,0,0,1,0,2,2,1,19,1 critical alert(s); 1 unresolved critical alert(s); 1 PowerShell alert(s); 2 inactive-user event(s); 2 identity review concern(s),5,0,3,0,2,0,0,0,1,0,6,2,High,Joshua Setty,Human Resources,Inactive
EMP12180,2,0,2,2,0,2,0,0,0,0,0,1,2,0,1,19,2 malware/ransomware alert(s); 2 inactive-user event(s),0,6,0,6,0,0,0,0,0,1,6,0,High,Anika Gill,Mkt,Inactive
EMP12725,2,1,1,2,1,0,1,0,0,0,0,0,2,0,1,19,1 critical alert(s); 1 unresolved critical alert(s); 1 PowerShell alert(s); 2 inactive-user event(s),5,3,3,0,2,0,0,0,0,0,6,0,High,Gunbir Viswanathan,Support,Inactive
EMP11683,9,0,1,6,0,2,1,2,1,0,1,0,0,0,1,18,2 malware/ransomware alert(s); 1 PowerShell alert(s); 2 lateral-movement alert(s); 1 credential-access alert(s),0,3,0,6,2,4,2,0,1,0,0,0,High,Maanav Venkatesh,Mkt,Active
EMP12429,8,0,1,5,0,1,5,0,1,0,0,0,0,0,1,18,1 malware/ransomware alert(s); 5 PowerShell alert(s); 1 credential-access alert(s),0,3,0,3,10,0,2,0,0,0,0,0,High,Meera Bains,Mkt,Active
EMP10068,7,0,1,4,0,2,2,0,1,0,1,1,0,1,1,18,2 malware/ransomware alert(s); 2 PowerShell alert(s); 1 credential-access alert(s); 1 identity review concern(s),0,3,0,6,4,0,2,0,1,1,0,1,High,Bahadurjit Ganesan,Sales,Active
EMP10953,7,0,2,7,0,2,1,0,1,0,2,0,0,0,1,18,2 malware/ransomware alert(s); 1 PowerShell alert(s); 1 credential-access alert(s),0,6,0,6,2,0,2,0,2,0,0,0,High,Laban Sankar,Customer Care,Active
EMP12580,6,1,1,4,1,1,1,1,0,0,0,0,0,0,1,18,1 critical alert(s); 1 unresolved critical alert(s); 1 malware/ransomware alert(s); 1 PowerShell alert(s); 1 lateral-movement alert(s),5,3,3,3,2,2,0,0,0,0,0,0,High,Lohit Muni,Business Sales,
EMP10292,5,0,1,2,0,5,0,0,0,0,0,0,0,0,1,18,5 malware/ransomware alert(s),0,3,0,15,0,0,0,0,0,0,0,0,High,Falguni Rajan,Hr,Active
EMP11148,5,0,1,3,0,2,1,0,1,0,0,0,0,5,1,18,2 malware/ransomware alert(s); 1 PowerShell alert(s); 1 credential-access alert(s); 5 identity review concern(s),0,3,0,6,2,0,2,0,0,0,0,5,High,Bhanumati Mukhopadhyay,Human Resource,Active
EMP11322,5,1,1,2,0,1,1,0,0,0,2,0,0,3,1,18,1 critical alert(s); 1 malware/ransomware alert(s); 1 PowerShell alert(s); 3 identity review concern(s),5,3,0,3,2,0,0,0,2,0,0,3,High,Agastya Subramanian,It Dept,Active
EMP11687,5,0,3,4,0,0,2,1,1,0,1,0,0,0,1,18,2 PowerShell alert(s); 1 lateral-movement alert(s); 1 credential-access alert(s),0,9,0,0,4,2,2,0,1,0,0,0,High,Wridesh Karpe,Information Tech,Active
EMP12498,5,0,3,2,0,1,0,1,1,0,1,0,0,1,1,18,1 malware/ransomware alert(s); 1 lateral-movement alert(s); 1 credential-access alert(s); 1 identity review concern(s),0,9,0,3,0,2,2,0,1,0,0,1,High,Lekha Kapoor,Innovation,Active
EMP12589,5,0,2,2,0,2,0,0,2,0,1,0,0,1,1,18,2 malware/ransomware alert(s); 2 credential-access alert(s); 1 identity review concern(s),0,6,0,6,0,0,4,0,1,0,0,1,High,Pratyush Pillay,Mktg,Active
EMP12835,5,0,1,4,0,2,1,0,1,0,1,0,0,4,1,18,2 malware/ransomware alert(s); 1 PowerShell alert(s); 1 credential-access alert(s); 4 identity review concern(s),0,3,0,6,2,0,2,0,1,0,0,4,High,Reva Pal,Sales Team,Active
EMP10001,4,0,1,2,0,3,0,0,1,0,0,0,0,4,1,18,3 malware/ransomware alert(s); 1 credential-access alert(s); 4 identity review concern(s),0,3,0,9,0,0,2,0,0,0,0,4,High,Anjali Sandal,People Team,Active
EMP10044,4,0,1,2,0,2,0,2,0,0,0,1,0,4,1,18,2 malware/ransomware alert(s); 2 lateral-movement alert(s); 4 identity review concern(s),0,3,0,6,0,4,0,0,0,1,0,4,High,,,
EMP10162,4,1,1,4,1,0,0,1,1,0,1,0,0,2,1,18,1 critical alert(s); 1 unresolved critical alert(s); 1 lateral-movement alert(s); 1 credential-access alert(s); 2 identity review concern(s),5,3,3,0,0,2,2,0,1,0,0,2,High,Jason Dayal,Information Technology,Active
EMP10397,4,0,2,3,0,2,1,0,1,0,0,0,0,2,1,18,2 malware/ransomware alert(s); 1 PowerShell alert(s); 1 credential-access alert(s); 2 identity review concern(s),0,6,0,6,2,0,2,0,0,0,0,2,High,Kala Jani,R&D,Active
EMP10743,4,0,3,2,0,2,1,0,0,0,1,0,0,0,1,18,2 malware/ransomware alert(s); 1 PowerShell alert(s),0,9,0,6,2,0,0,0,1,0,0,0,High,Yashodhara Dugar,It Support,Active
EMP10824,4,0,3,2,0,1,1,0,0,0,0,0,0,4,1,18,1 malware/ransomware alert(s); 1 PowerShell alert(s); 4 identity review concern(s),0,9,0,3,2,0,0,0,0,0,0,4,High,Atharv Keer,Support,Active
EMP11173,4,1,0,3,1,2,0,1,0,0,1,0,0,1,1,18,1 critical alert(s); 1 unresolved critical alert(s); 2 malware/ransomware alert(s); 1 lateral-movement alert(s); 1 identity review concern(s),5,0,3,6,0,2,0,0,1,0,0,1,High,Adya Mutti,Legal,Active
EMP11466,4,0,1,1,0,3,1,0,0,0,0,0,0,4,1,18,3 malware/ransomware alert(s); 1 PowerShell alert(s); 4 identity review concern(s),0,3,0,9,2,0,0,0,0,0,0,4,High,Eta Bajwa,Human Resources,Active
EMP11505,4,0,2,2,0,3,0,0,1,0,0,1,0,0,1,18,3 malware/ransomware alert(s); 1 credential-access alert(s),0,6,0,9,0,0,2,0,0,1,0,0,High,Caleb Khurana,Hr Dept,Active
EMP11518,4,2,0,0,0,2,0,1,0,0,0,0,0,0,1,18,2 critical alert(s); 2 malware/ransomware alert(s); 1 lateral-movement alert(s),10,0,0,6,0,2,0,0,0,0,0,0,High,Vyanjana Chopra,Mkt,Active
EMP11642,4,1,0,2,1,3,0,0,0,0,0,0,0,1,1,18,1 critical alert(s); 1 unresolved critical alert(s); 3 malware/ransomware alert(s); 1 identity review concern(s),5,0,3,9,0,0,0,0,0,0,0,1,High,Samesh Tandon,People Team,Active
EMP11830,4,0,2,3,0,2,1,0,0,0,0,0,0,4,1,18,2 malware/ransomware alert(s); 1 PowerShell alert(s); 4 identity review concern(s),0,6,0,6,2,0,0,0,0,0,0,4,High,,,
EMP11876,4,1,1,4,1,0,1,1,1,0,0,1,0,0,1,18,1 critical alert(s); 1 unresolved critical alert(s); 1 PowerShell alert(s); 1 lateral-movement alert(s); 1 credential-access alert(s),5,3,3,0,2,2,2,0,0,1,0,0,High,Yochana Sinha,Hr Dept,Active
EMP12234,4,2,0,2,1,0,1,0,1,0,1,0,0,0,1,18,2 critical alert(s); 1 unresolved critical alert(s); 1 PowerShell alert(s); 1 credential-access alert(s),10,0,3,0,2,0,2,0,1,0,0,0,High,Tristan Ravi,Ops Team,
EMP12263,4,0,3,2,0,1,0,1,1,0,1,0,0,1,1,18,1 malware/ransomware alert(s); 1 lateral-movement alert(s); 1 credential-access alert(s); 1 identity review concern(s),0,9,0,3,0,2,2,0,1,0,0,1,High,Vamakshi Raval,Finance,Active
EMP12487,4,1,2,4,1,1,0,0,0,0,1,0,0,0,1,18,1 critical alert(s); 1 unresolved critical alert(s); 1 malware/ransomware alert(s),5,6,3,3,0,0,0,0,1,0,0,0,High,Keya Khanna,Legal,Active
EMP12497,4,0,0,3,0,0,1,0,0,0,1,0,4,3,1,18,1 PowerShell alert(s); 4 inactive-user event(s); 3 identity review concern(s),0,0,0,0,2,0,0,0,1,0,12,3,High,Ethan Dave,Ops Team,Inactive
EMP12583,4,0,3,4,0,2,0,1,0,0,0,0,0,1,1,18,2 malware/ransomware alert(s); 1 lateral-movement alert(s); 1 identity review concern(s),0,9,0,6,0,2,0,0,0,0,0,1,High,Pallavi Dhingra,It,Active
EMP10357,3,1,1,2,1,2,0,0,0,0,0,0,0,1,1,18,1 critical alert(s); 1 unresolved critical alert(s); 2 malware/ransomware alert(s); 1 identity review concern(s),5,3,3,6,0,0,0,0,0,0,0,1,High,Bahadurjit Hegde,It Dept,
EMP10516,3,0,0,3,0,2,1,0,0,0,0,0,3,1,1,18,2 malware/ransomware alert(s); 1 PowerShell alert(s); 3 inactive-user event(s); 1 identity review concern(s),0,0,0,6,2,0,0,0,0,0,9,1,High,Wakeeta Rattan,R&D,Inactive
EMP10627,3,1,1,1,0,1,2,0,0,0,0,0,0,3,1,18,1 critical alert(s); 1 malware/ransomware alert(s); 2 PowerShell alert(s); 3 identity review concern(s),5,3,0,3,4,0,0,0,0,0,0,3,High,Tara Devan,Operations,Active
EMP10630,3,0,0,2,0,1,0,2,0,0,0,0,3,2,1,18,1 malware/ransomware alert(s); 2 lateral-movement alert(s); 3 inactive-user event(s); 2 identity review concern(s),0,0,0,3,0,4,0,0,0,0,9,2,High,Banjeet Vyas,Mktg,Inactive
EMP10668,3,0,1,2,0,2,0,0,0,0,0,0,3,0,1,18,2 malware/ransomware alert(s); 3 inactive-user event(s),0,3,0,6,0,0,0,0,0,0,9,0,High,Oliver Suresh,Operations Dept,Disabled
EMP10763,3,0,0,0,0,1,0,0,2,0,0,0,3,2,1,18,1 malware/ransomware alert(s); 2 credential-access alert(s); 3 inactive-user event(s); 2 identity review concern(s),0,0,0,3,0,0,4,0,0,0,9,2,High,Nitesh Sekhon,Purch,Inactive
EMP10920,3,1,0,2,1,2,0,0,0,0,1,0,0,3,1,18,1 critical alert(s); 1 unresolved critical alert(s); 2 malware/ransomware alert(s); 3 identity review concern(s),5,0,3,6,0,0,0,0,1,0,0,3,High,Lakshit Divan,Legal,Active
EMP10950,3,2,0,2,1,0,1,1,0,0,1,0,0,0,1,18,2 critical alert(s); 1 unresolved critical alert(s); 1 PowerShell alert(s); 1 lateral-movement alert(s),10,0,3,0,2,2,0,0,1,0,0,0,High,Girik Pai,Operations,
EMP10970,3,0,1,3,0,1,0,0,1,0,0,0,3,1,1,18,1 malware/ransomware alert(s); 1 credential-access alert(s); 3 inactive-user event(s); 1 identity review concern(s),0,3,0,3,0,0,2,0,0,0,9,1,High,Geetika Palla,Human Resources,Disabled
EMP11164,3,1,0,2,1,1,1,0,1,0,0,0,0,3,1,18,1 critical alert(s); 1 unresolved critical alert(s); 1 malware/ransomware alert(s); 1 PowerShell alert(s); 1 credential-access alert(s); 3 identity review concern(s),5,0,3,3,2,0,2,0,0,0,0,3,High,Laksh Swamy,People Team,Active
EMP11347,3,1,1,1,0,1,0,2,0,0,0,0,0,3,1,18,1 critical alert(s); 1 malware/ransomware alert(s); 2 lateral-movement alert(s); 3 identity review concern(s),5,3,0,3,0,4,0,0,0,0,0,3,High,Shravya Chopra,Legal,Active
EMP11389,3,0,0,3,0,2,0,0,1,0,0,0,3,1,1,18,2 malware/ransomware alert(s); 1 credential-access alert(s); 3 inactive-user event(s); 1 identity review concern(s),0,0,0,6,0,0,2,0,0,0,9,1,High,Aadhya Uppal,Legal Dept,Inactive
EMP11447,3,1,1,2,1,0,0,3,0,0,0,1,0,0,1,18,1 critical alert(s); 1 unresolved critical alert(s); 3 lateral-movement alert(s),5,3,3,0,0,6,0,0,0,1,0,0,High,Ranbir Shanker,Sales Team,Active
EMP11459,3,0,1,2,0,1,0,0,1,0,1,0,3,0,1,18,1 malware/ransomware alert(s); 1 credential-access alert(s); 3 inactive-user event(s),0,3,0,3,0,0,2,0,1,0,9,0,High,Yagnesh Solanki,Legal,Inactive
EMP11492,3,0,0,1,0,3,0,0,0,0,0,0,3,0,1,18,3 malware/ransomware alert(s); 3 inactive-user event(s),0,0,0,9,0,0,0,0,0,0,9,0,High,Vasudha Sridhar,R&D,Inactive
EMP11548,3,0,1,3,0,1,0,0,1,0,1,0,3,0,1,18,1 malware/ransomware alert(s); 1 credential-access alert(s); 3 inactive-user event(s),0,3,0,3,0,0,2,0,1,0,9,0,High,Suhani Kapur,Legal,Inactive
EMP11733,3,1,1,2,0,1,0,1,1,0,0,0,0,3,1,18,1 critical alert(s); 1 malware/ransomware alert(s); 1 lateral-movement alert(s); 1 credential-access alert(s); 3 identity review concern(s),5,3,0,3,0,2,2,0,0,0,0,3,High,Vivaan Sagar,Marketing,Active
EMP12001,3,0,3,2,0,2,0,0,0,0,0,0,0,3,1,18,2 malware/ransomware alert(s); 3 identity review concern(s),0,9,0,6,0,0,0,0,0,0,0,3,High,,,
EMP12101,3,1,1,3,1,1,0,1,1,0,0,0,0,0,1,18,1 critical alert(s); 1 unresolved critical alert(s); 1 malware/ransomware alert(s); 1 lateral-movement alert(s); 1 credential-access alert(s),5,3,3,3,0,2,2,0,0,0,0,0,High,Agastya Sule,Legal Dept,Active
EMP12109,3,1,1,1,1,1,2,0,0,0,0,0,0,0,1,18,1 critical alert(s); 1 unresolved critical alert(s); 1 malware/ransomware alert(s); 2 PowerShell alert(s),5,3,3,3,4,0,0,0,0,0,0,0,High,Nitesh Deol,Ops,Active
EMP12364,3,0,1,3,0,0,0,0,2,0,1,0,3,1,1,18,2 credential-access alert(s); 3 inactive-user event(s); 1 identity review concern(s),0,3,0,0,0,0,4,0,1,0,9,1,High,Ria Yadav,Sales Team,Disabled
EMP12631,3,1,1,1,1,1,1,0,0,0,1,0,0,1,1,18,1 critical alert(s); 1 unresolved critical alert(s); 1 malware/ransomware alert(s); 1 PowerShell alert(s); 1 identity review concern(s),5,3,3,3,2,0,0,0,1,0,0,1,High,Shivani Madan,Sales Team,Active
EMP12872,3,1,2,0,0,1,0,1,0,0,1,0,0,1,1,18,1 critical alert(s); 1 malware/ransomware alert(s); 1 lateral-movement alert(s); 1 identity review concern(s),5,6,0,3,0,2,0,0,1,0,0,1,High,Divya Chakrabarti,Rd,Active
EMP12985,3,1,1,2,1,2,0,0,0,0,1,0,0,0,1,18,1 critical alert(s); 1 unresolved critical alert(s); 2 malware/ransomware alert(s),5,3,3,6,0,0,0,0,1,0,0,0,High,Champak Batra,It,Active
EMP10047,2,1,0,2,1,1,0,0,0,0,1,0,2,0,1,18,1 critical alert(s); 1 unresolved critical alert(s); 1 malware/ransomware alert(s); 2 inactive-user event(s),5,0,3,3,0,0,0,0,1,0,6,0,High,Neel Acharya,Sales Dept,Inactive
EMP10207,2,0,2,2,0,1,0,0,1,0,0,0,2,1,1,18,1 malware/ransomware alert(s); 1 credential-access alert(s); 2 inactive-user event(s); 1 identity review concern(s),0,6,0,3,0,0,2,0,0,0,6,1,High,Tanveer Dutt,Purchase,Disabled
EMP10653,2,0,2,1,0,1,0,1,0,0,0,1,2,0,1,18,1 malware/ransomware alert(s); 1 lateral-movement alert(s); 2 inactive-user event(s),0,6,0,3,0,2,0,0,0,1,6,0,High,Qasim Gole,Human Resource,Inactive
EMP10987,2,1,0,2,1,0,1,0,1,0,0,0,2,0,1,18,1 critical alert(s); 1 unresolved critical alert(s); 1 PowerShell alert(s); 1 credential-access alert(s); 2 inactive-user event(s),5,0,3,0,2,0,2,0,0,0,6,0,High,Irya Raval,Finance Dept,Inactive
EMP11326,2,1,1,2,1,1,0,1,0,0,0,0,0,2,1,18,1 critical alert(s); 1 unresolved critical alert(s); 1 malware/ransomware alert(s); 1 lateral-movement alert(s); 2 identity review concern(s),5,3,3,3,0,2,0,0,0,0,0,2,High,Aarini Rajan,Operations,Active
EMP12425,2,1,1,2,1,1,0,0,1,0,0,0,0,2,1,18,1 critical alert(s); 1 unresolved critical alert(s); 1 malware/ransomware alert(s); 1 credential-access alert(s); 2 identity review concern(s),5,3,3,3,0,0,2,0,0,0,0,2,High,,,
EMP12316,6,1,2,5,0,0,0,2,1,0,0,0,0,0,1,17,1 critical alert(s); 2 lateral-movement alert(s); 1 credential-access alert(s),5,6,0,0,0,4,2,0,0,0,0,0,High,Libni Boase,Ops,Active
EMP10058,5,0,3,4,0,1,0,0,0,0,3,0,0,2,1,17,1 malware/ransomware alert(s); 2 identity review concern(s),0,9,0,3,0,0,0,0,3,0,0,2,High,Ishanvi Chakraborty,Ops Team,Active
EMP10264,5,0,3,3,0,2,0,0,0,0,2,0,0,0,1,17,2 malware/ransomware alert(s),0,9,0,6,0,0,0,0,2,0,0,0,High,Laban Mangat,Sales Team,Active
EMP10279,5,0,1,3,0,3,0,1,1,0,0,0,0,1,1,17,3 malware/ransomware alert(s); 1 lateral-movement alert(s); 1 credential-access alert(s); 1 identity review concern(s),0,3,0,9,0,2,2,0,0,0,0,1,High,Rayaan Kari,Operations,On Leave
EMP10892,5,0,2,3,0,2,0,0,2,0,1,0,0,0,1,17,2 malware/ransomware alert(s); 2 credential-access alert(s),0,6,0,6,0,0,4,0,1,0,0,0,High,Vasana Behl,Hr,Active
EMP11649,5,1,0,2,0,0,0,2,1,0,2,0,0,4,1,17,1 critical alert(s); 2 lateral-movement alert(s); 1 credential-access alert(s); 4 identity review concern(s),5,0,0,0,0,4,2,0,2,0,0,4,High,Ekbal Dhar,Accounts,Active
EMP11660,5,0,2,5,0,0,0,3,0,0,0,0,0,5,1,17,3 lateral-movement alert(s); 5 identity review concern(s),0,6,0,0,0,6,0,0,0,0,0,5,High,Naksh Ramachandran,Innovation,Active
EMP12051,5,1,0,4,1,1,1,1,1,0,0,0,0,0,1,17,1 critical alert(s); 1 unresolved critical alert(s); 1 malware/ransomware alert(s); 1 PowerShell alert(s); 1 lateral-movement alert(s); 1 credential-access alert(s),5,0,3,3,2,2,2,0,0,0,0,0,High,Warda Dey,R&D,Active
EMP12273,5,0,1,3,0,4,0,1,0,0,0,0,0,0,1,17,4 malware/ransomware alert(s); 1 lateral-movement alert(s),0,3,0,12,0,2,0,0,0,0,0,0,High,Ekaraj Kumar,Finance Dept,Active
EMP12336,5,1,0,2,1,1,2,0,0,0,2,0,0,0,1,17,1 critical alert(s); 1 unresolved critical alert(s); 1 malware/ransomware alert(s); 2 PowerShell alert(s),5,0,3,3,4,0,0,0,2,0,0,0,High,Yatin Patla,Ops Team,Active
EMP12450,5,0,1,4,0,1,0,1,1,0,2,0,0,5,1,17,1 malware/ransomware alert(s); 1 lateral-movement alert(s); 1 credential-access alert(s); 5 identity review concern(s),0,3,0,3,0,2,2,0,2,0,0,5,High,Hiral Bansal,Rd,Active
EMP12693,5,0,2,3,0,1,0,2,0,0,1,0,0,3,1,17,1 malware/ransomware alert(s); 2 lateral-movement alert(s); 3 identity review concern(s),0,6,0,3,0,4,0,0,1,0,0,3,High,Shaurya Gade,Legal,Active
EMP12699,5,0,1,4,0,4,1,0,0,0,0,0,0,0,1,17,4 malware/ransomware alert(s); 1 PowerShell alert(s),0,3,0,12,2,0,0,0,0,0,0,0,High,Edhitha Balasubramanian,Finance Dept,Active
EMP12724,5,0,2,3,0,0,2,0,0,0,2,0,0,5,1,17,2 PowerShell alert(s); 5 identity review concern(s),0,6,0,0,4,0,0,0,2,0,0,5,High,,,
EMP12979,5,0,0,4,0,3,0,0,1,0,1,0,0,5,1,17,3 malware/ransomware alert(s); 1 credential-access alert(s); 5 identity review concern(s),0,0,0,9,0,0,2,0,1,0,0,5,High,Megha Sant,Sales Dept,Active
EMP10065,4,0,2,4,0,3,0,0,1,0,0,0,0,0,1,17,3 malware/ransomware alert(s); 1 credential-access alert(s),0,6,0,9,0,0,2,0,0,0,0,0,High,Chandresh Prashad,Hr,Active
EMP10204,4,1,0,4,1,1,0,2,0,0,0,1,0,1,1,17,1 critical alert(s); 1 unresolved critical alert(s); 1 malware/ransomware alert(s); 2 lateral-movement alert(s); 1 identity review concern(s),5,0,3,3,0,4,0,0,0,1,0,1,High,Zaitra Cherian,Customer Care,Active
EMP10209,4,1,0,4,1,2,0,0,0,0,1,1,0,1,1,17,1 critical alert(s); 1 unresolved critical alert(s); 2 malware/ransomware alert(s); 1 identity review concern(s),5,0,3,6,0,0,0,0,1,1,0,1,High,Anirudh Kaul,Research And Development,Active
EMP10315,4,0,2,3,0,1,0,2,0,0,1,1,0,2,1,17,1 malware/ransomware alert(s); 2 lateral-movement alert(s); 2 identity review concern(s),0,6,0,3,0,4,0,0,1,1,0,2,High,Girindra Pathak,Hr Dept,Active
EMP10336,4,0,3,2,0,0,2,0,2,0,0,0,0,0,1,17,2 PowerShell alert(s); 2 credential-access alert(s),0,9,0,0,4,0,4,0,0,0,0,0,High,Umang Radhakrishnan,Hr,Active
EMP10433,4,1,0,3,0,2,0,0,1,0,0,0,0,4,1,17,1 critical alert(s); 2 malware/ransomware alert(s); 1 credential-access alert(s); 4 identity review concern(s),5,0,0,6,0,0,2,0,0,0,0,4,High,Nandini Ravel,Finance,
EMP10769,4,1,0,3,1,2,0,0,0,0,2,0,0,1,1,17,1 critical alert(s); 1 unresolved critical alert(s); 2 malware/ransomware alert(s); 1 identity review concern(s),5,0,3,6,0,0,0,0,2,0,0,1,High,Aashi Joshi,Brand Team,Active
EMP10916,4,1,0,4,1,1,0,0,2,0,1,0,0,1,1,17,1 critical alert(s); 1 unresolved critical alert(s); 1 malware/ransomware alert(s); 2 credential-access alert(s); 1 identity review concern(s),5,0,3,3,0,0,4,0,1,0,0,1,High,Chavvi Thaman,Human Resource,Active
EMP10934,4,1,0,3,1,1,0,1,1,0,1,0,0,1,1,17,1 critical alert(s); 1 unresolved critical alert(s); 1 malware/ransomware alert(s); 1 lateral-movement alert(s); 1 credential-access alert(s); 1 identity review concern(s),5,0,3,3,0,2,2,0,1,0,0,1,High,Triveni Kohli,Purch,Active
EMP11225,4,1,0,4,1,1,1,0,2,0,0,0,0,0,1,17,1 critical alert(s); 1 unresolved critical alert(s); 1 malware/ransomware alert(s); 1 PowerShell alert(s); 2 credential-access alert(s),5,0,3,3,2,0,4,0,0,0,0,0,High,Tanay Viswanathan,Operations,Active
EMP11233,4,1,1,3,1,0,0,1,1,0,1,0,0,1,1,17,1 critical alert(s); 1 unresolved critical alert(s); 1 lateral-movement alert(s); 1 credential-access alert(s); 1 identity review concern(s),5,3,3,0,0,2,2,0,1,0,0,1,High,Shivansh Karan,Hr Dept,Active
EMP11265,4,1,0,2,1,1,0,1,2,0,0,0,0,0,1,17,1 critical alert(s); 1 unresolved critical alert(s); 1 malware/ransomware alert(s); 1 lateral-movement alert(s); 2 credential-access alert(s),5,0,3,3,0,2,4,0,0,0,0,0,High,Gayathri Mangal,Legal,Active
EMP11272,4,1,1,3,0,1,1,1,0,0,0,0,0,2,1,17,1 critical alert(s); 1 malware/ransomware alert(s); 1 PowerShell alert(s); 1 lateral-movement alert(s); 2 identity review concern(s),5,3,0,3,2,2,0,0,0,0,0,2,High,Umang Loke,Ops Team,Active
EMP11278,4,1,1,2,0,1,0,2,0,0,1,1,0,0,1,17,1 critical alert(s); 1 malware/ransomware alert(s); 2 lateral-movement alert(s),5,3,0,3,0,4,0,0,1,1,0,0,High,Niharika Lad,Purch,Active
EMP11337,4,1,0,2,1,2,0,1,0,0,0,1,0,0,1,17,1 critical alert(s); 1 unresolved critical alert(s); 2 malware/ransomware alert(s); 1 lateral-movement alert(s),5,0,3,6,0,2,0,0,0,1,0,0,High,Siddharth Brahmbhatt,Supply Chain,Active
EMP11352,4,0,3,3,0,2,1,0,0,0,0,0,0,0,1,17,2 malware/ransomware alert(s); 1 PowerShell alert(s),0,9,0,6,2,0,0,0,0,0,0,0,High,Umang Chaudry,Cs,Active
EMP11592,4,0,1,3,0,2,1,1,0,0,0,0,0,4,1,17,2 malware/ransomware alert(s); 1 PowerShell alert(s); 1 lateral-movement alert(s); 4 identity review concern(s),0,3,0,6,2,2,0,0,0,0,0,4,High,Manthan Badal,Legal Dept,Active
EMP11724,4,1,0,4,1,2,1,0,0,0,1,0,0,0,1,17,1 critical alert(s); 1 unresolved critical alert(s); 2 malware/ransomware alert(s); 1 PowerShell alert(s),5,0,3,6,2,0,0,0,1,0,0,0,High,Indrajit Palla,Research And Development,
EMP11817,4,0,1,4,0,2,2,0,0,0,0,0,0,4,1,17,2 malware/ransomware alert(s); 2 PowerShell alert(s); 4 identity review concern(s),0,3,0,6,4,0,0,0,0,0,0,4,High,,,
EMP11867,4,0,2,2,0,3,0,0,0,0,1,0,0,1,1,17,3 malware/ransomware alert(s); 1 identity review concern(s),0,6,0,9,0,0,0,0,1,0,0,1,High,Balveer Bandi,Finance Dept,Active
EMP12229,4,0,2,4,0,2,1,0,0,0,1,1,0,1,1,17,2 malware/ransomware alert(s); 1 PowerShell alert(s); 1 identity review concern(s),0,6,0,6,2,0,0,0,1,1,0,1,High,Kritika Chakraborty,People Team,Active
EMP12481,4,1,0,3,1,2,0,1,0,0,1,0,0,0,1,17,1 critical alert(s); 1 unresolved critical alert(s); 2 malware/ransomware alert(s); 1 lateral-movement alert(s),5,0,3,6,0,2,0,0,1,0,0,0,High,Samaksh Dey,Operations Dept,Active
EMP12551,4,1,0,3,1,2,0,1,0,0,0,0,0,1,1,17,1 critical alert(s); 1 unresolved critical alert(s); 2 malware/ransomware alert(s); 1 lateral-movement alert(s); 1 identity review concern(s),5,0,3,6,0,2,0,0,0,0,0,1,High,Warinder Jaggi,Sales Team,Active
EMP12554,4,1,0,3,1,1,0,0,2,0,1,0,0,1,1,17,1 critical alert(s); 1 unresolved critical alert(s); 1 malware/ransomware alert(s); 2 credential-access alert(s); 1 identity review concern(s),5,0,3,3,0,0,4,0,1,0,0,1,High,Shivansh Bail,Accounts,Active
EMP12796,4,0,2,4,0,2,0,2,0,0,0,1,0,0,1,17,2 malware/ransomware alert(s); 2 lateral-movement alert(s),0,6,0,6,0,4,0,0,0,1,0,0,High,Charvi Krishnan,Procurement,Active
EMP12889,4,0,2,2,0,1,0,1,0,0,2,0,0,4,1,17,1 malware/ransomware alert(s); 1 lateral-movement alert(s); 4 identity review concern(s),0,6,0,3,0,2,0,0,2,0,0,4,High,Ekaja D’Alia,Rnd,Active
EMP12912,4,1,0,2,1,1,1,0,2,0,0,0,0,0,1,17,1 critical alert(s); 1 unresolved critical alert(s); 1 malware/ransomware alert(s); 1 PowerShell alert(s); 2 credential-access alert(s),5,0,3,3,2,0,4,0,0,0,0,0,High,Chaitaly Seshadri,Marketing,Active
EMP10055,3,1,1,1,0,2,0,0,1,0,0,0,0,1,1,17,1 critical alert(s); 2 malware/ransomware alert(s); 1 credential-access alert(s); 1 identity review concern(s),5,3,0,6,0,0,2,0,0,0,0,1,High,Joshua Gera,Sales,Active
EMP10120,3,0,1,3,0,1,0,0,1,0,0,0,3,0,1,17,1 malware/ransomware alert(s); 1 credential-access alert(s); 3 inactive-user event(s),0,3,0,3,0,0,2,0,0,0,9,0,High,Lakshit Mand,Compliance,Inactive
EMP10166,3,0,0,1,0,0,0,0,2,0,1,0,3,3,1,17,2 credential-access alert(s); 3 inactive-user event(s); 3 identity review concern(s),0,0,0,0,0,0,4,0,1,0,9,3,High,Omkaar Balan,Mktg,Inactive
EMP10206,3,2,0,0,0,1,0,2,0,0,0,0,0,0,1,17,2 critical alert(s); 1 malware/ransomware alert(s); 2 lateral-movement alert(s),10,0,0,3,0,4,0,0,0,0,0,0,High,Mitali Raja,Procurement,Active
EMP10547,3,0,2,2,0,1,0,2,0,0,0,1,0,3,1,17,1 malware/ransomware alert(s); 2 lateral-movement alert(s); 3 identity review concern(s),0,6,0,3,0,4,0,0,0,1,0,3,High,Tristan Mukherjee,Business Sales,Active
EMP10762,3,1,1,0,0,2,1,0,0,0,0,1,0,0,1,17,1 critical alert(s); 2 malware/ransomware alert(s); 1 PowerShell alert(s),5,3,0,6,2,0,0,0,0,1,0,0,High,Quincy Choudhary,Legal,Active
EMP11068,3,0,0,2,0,2,0,0,1,0,0,0,3,0,1,17,2 malware/ransomware alert(s); 1 credential-access alert(s); 3 inactive-user event(s),0,0,0,6,0,0,2,0,0,0,9,0,High,Yasti Swamy,It Dept,Inactive
EMP11101,3,0,0,0,0,2,0,0,1,0,0,0,3,0,1,17,2 malware/ransomware alert(s); 1 credential-access alert(s); 3 inactive-user event(s),0,0,0,6,0,0,2,0,0,0,9,0,High,Harsh Dass,Sales,Disabled
EMP11140,3,1,1,1,1,1,0,0,1,0,0,0,0,1,1,17,1 critical alert(s); 1 unresolved critical alert(s); 1 malware/ransomware alert(s); 1 credential-access alert(s); 1 identity review concern(s),5,3,3,3,0,0,2,0,0,0,0,1,High,Anusha Roy,Purchase,Active
EMP11154,3,1,0,2,1,2,0,1,0,0,0,0,0,1,1,17,1 critical alert(s); 1 unresolved critical alert(s); 2 malware/ransomware alert(s); 1 lateral-movement alert(s); 1 identity review concern(s),5,0,3,6,0,2,0,0,0,0,0,1,High,Rachita Peri,Compliance,Active
EMP11361,3,1,1,2,1,2,0,0,0,0,0,0,0,0,1,17,1 critical alert(s); 1 unresolved critical alert(s); 2 malware/ransomware alert(s),5,3,3,6,0,0,0,0,0,0,0,0,High,Inaya Sridhar,Human Resource,Active
EMP11437,3,1,0,2,1,2,0,1,0,0,0,0,0,1,1,17,1 critical alert(s); 1 unresolved critical alert(s); 2 malware/ransomware alert(s); 1 lateral-movement alert(s); 1 identity review concern(s),5,0,3,6,0,2,0,0,0,0,0,1,High,Waida Anand,Operations,Active
EMP11491,3,0,2,3,0,2,1,0,0,0,0,0,0,3,1,17,2 malware/ransomware alert(s); 1 PowerShell alert(s); 3 identity review concern(s),0,6,0,6,2,0,0,0,0,0,0,3,High,,,
EMP11631,3,0,0,2,0,2,1,0,0,0,0,0,3,0,1,17,2 malware/ransomware alert(s); 1 PowerShell alert(s); 3 inactive-user event(s),0,0,0,6,2,0,0,0,0,0,9,0,High,Libni Ahuja,Operations,Inactive
EMP11648,3,0,1,2,0,1,1,0,0,0,0,0,3,0,1,17,1 malware/ransomware alert(s); 1 PowerShell alert(s); 3 inactive-user event(s),0,3,0,3,2,0,0,0,0,0,9,0,High,Parth Varma,Mkt,Inactive
EMP11668,3,1,1,1,1,1,0,0,0,0,0,0,0,3,1,17,1 critical alert(s); 1 unresolved critical alert(s); 1 malware/ransomware alert(s); 3 identity review concern(s),5,3,3,3,0,0,0,0,0,0,0,3,High,Jeremiah Salvi,Research And Development,Active
EMP11776,3,1,1,1,1,0,2,1,0,0,0,0,0,0,1,17,1 critical alert(s); 1 unresolved critical alert(s); 2 PowerShell alert(s); 1 lateral-movement alert(s),5,3,3,0,4,2,0,0,0,0,0,0,High,Amrita Hayer,Brand Team,Active
EMP11883,3,0,0,2,0,0,1,0,2,0,0,0,3,2,1,17,1 PowerShell alert(s); 2 credential-access alert(s); 3 inactive-user event(s); 2 identity review concern(s),0,0,0,0,2,0,4,0,0,0,9,2,High,Falak Handa,Customer Support,Inactive
EMP11954,3,0,3,1,0,2,0,1,0,0,0,0,0,0,1,17,2 malware/ransomware alert(s); 1 lateral-movement alert(s),0,9,0,6,0,2,0,0,0,0,0,0,High,Krishna Mukherjee,Ops Team,Active
EMP11970,3,0,0,2,0,2,0,0,0,0,1,1,3,0,1,17,2 malware/ransomware alert(s); 3 inactive-user event(s),0,0,0,6,0,0,0,0,1,1,9,0,High,Devansh Sule,It Dept,Inactive
EMP11988,3,0,3,3,0,2,0,0,0,0,1,1,0,0,1,17,2 malware/ransomware alert(s),0,9,0,6,0,0,0,0,1,1,0,0,High,Hemal Gokhale,Supply Chain,Active
EMP12014,3,0,1,1,0,0,1,1,0,0,1,0,3,0,1,17,1 PowerShell alert(s); 1 lateral-movement alert(s); 3 inactive-user event(s),0,3,0,0,2,2,0,0,1,0,9,0,High,Yadavi Karan,Procurement,Disabled
EMP12059,3,0,0,2,0,1,0,0,1,0,1,0,3,2,1,17,1 malware/ransomware alert(s); 1 credential-access alert(s); 3 inactive-user event(s); 2 identity review concern(s),0,0,0,3,0,0,2,0,1,0,9,2,High,Qushi Sandhu,It Support,Inactive
EMP12199,3,1,1,3,1,2,0,0,0,0,0,0,0,0,1,17,1 critical alert(s); 1 unresolved critical alert(s); 2 malware/ransomware alert(s),5,3,3,6,0,0,0,0,0,0,0,0,High,Deepa Verma,Finance Dept,Active
EMP12241,3,1,0,3,1,2,1,0,0,0,0,0,0,1,1,17,1 critical alert(s); 1 unresolved critical alert(s); 2 malware/ransomware alert(s); 1 PowerShell alert(s); 1 identity review concern(s),5,0,3,6,2,0,0,0,0,0,0,1,High,Charvi Khare,Mkt,Active
EMP12318,3,0,1,2,0,1,0,1,0,0,0,0,3,0,1,17,1 malware/ransomware alert(s); 1 lateral-movement alert(s); 3 inactive-user event(s),0,3,0,3,0,2,0,0,0,0,9,0,High,Jacob Karnik,Mkt,Inactive
EMP12324,3,1,1,1,1,0,0,1,0,0,1,0,0,3,1,17,1 critical alert(s); 1 unresolved critical alert(s); 1 lateral-movement alert(s); 3 identity review concern(s),5,3,3,0,0,2,0,0,1,0,0,3,High,Krishna Panchal,Business Sales,Active
EMP12331,3,1,0,1,1,3,0,0,0,0,0,0,0,0,1,17,1 critical alert(s); 1 unresolved critical alert(s); 3 malware/ransomware alert(s),5,0,3,9,0,0,0,0,0,0,0,0,High,Janani Dugar,Cs,Active
EMP12384,3,1,2,2,1,1,0,0,0,0,0,0,0,0,1,17,1 critical alert(s); 1 unresolved critical alert(s); 1 malware/ransomware alert(s),5,6,3,3,0,0,0,0,0,0,0,0,High,Pushti Choudhary,Purch,Active
EMP12437,3,0,1,2,0,0,0,0,1,0,0,0,3,3,1,17,1 credential-access alert(s); 3 inactive-user event(s); 3 identity review concern(s),0,3,0,0,0,0,2,0,0,0,9,3,High,Reva Nanda,Sales,Inactive
EMP12517,3,1,0,1,1,0,2,0,1,0,0,0,0,3,1,17,1 critical alert(s); 1 unresolved critical alert(s); 2 PowerShell alert(s); 1 credential-access alert(s); 3 identity review concern(s),5,0,3,0,4,0,2,0,0,0,0,3,High,Nakul Dave,Sales,Active
EMP12625,3,0,0,2,0,2,0,0,1,0,0,0,3,0,1,17,2 malware/ransomware alert(s); 1 credential-access alert(s); 3 inactive-user event(s),0,0,0,6,0,0,2,0,0,0,9,0,High,Caleb Loke,Hr Dept,Disabled
EMP12647,3,0,1,0,0,1,0,1,0,0,0,0,3,0,1,17,1 malware/ransomware alert(s); 1 lateral-movement alert(s); 3 inactive-user event(s),0,3,0,3,0,2,0,0,0,0,9,0,High,Ayush Tiwari,Sales,Disabled
EMP12711,3,0,0,3,0,2,0,0,1,0,0,0,3,0,1,17,2 malware/ransomware alert(s); 1 credential-access alert(s); 3 inactive-user event(s),0,0,0,6,0,0,2,0,0,0,9,0,High,Chanchal Tiwari,Innovation,Inactive
EMP12757,3,0,0,1,0,1,1,1,0,0,0,1,3,0,1,17,1 malware/ransomware alert(s); 1 PowerShell alert(s); 1 lateral-movement alert(s); 3 inactive-user event(s),0,0,0,3,2,2,0,0,0,1,9,0,High,Ishita Bhatt,Marketing Dept,Inactive
EMP12804,3,1,0,2,1,1,1,1,0,0,0,0,0,2,1,17,1 critical alert(s); 1 unresolved critical alert(s); 1 malware/ransomware alert(s); 1 PowerShell alert(s); 1 lateral-movement alert(s); 2 identity review concern(s),5,0,3,3,2,2,0,0,0,0,0,2,High,Libni Guha,Hr Dept,Active
EMP12919,3,0,0,2,0,2,1,0,0,0,0,0,3,0,1,17,2 malware/ransomware alert(s); 1 PowerShell alert(s); 3 inactive-user event(s),0,0,0,6,2,0,0,0,0,0,9,0,High,Baghyawati Boase,Hr,Disabled
EMP12944,3,1,0,2,1,3,0,0,0,0,0,0,0,0,1,17,1 critical alert(s); 1 unresolved critical alert(s); 3 malware/ransomware alert(s),5,0,3,9,0,0,0,0,0,0,0,0,High,Sai Barad,Legal,Active
EMP12947,3,1,0,3,1,2,0,0,1,0,0,0,0,1,1,17,1 critical alert(s); 1 unresolved critical alert(s); 2 malware/ransomware alert(s); 1 credential-access alert(s); 1 identity review concern(s),5,0,3,6,0,0,2,0,0,0,0,1,High,Yash Sur,Hr,Active
EMP12961,3,1,1,2,1,1,1,0,0,0,0,1,0,0,1,17,1 critical alert(s); 1 unresolved critical alert(s); 1 malware/ransomware alert(s); 1 PowerShell alert(s),5,3,3,3,2,0,0,0,0,1,0,0,High,Chatura Char,Ops Team,Active
EMP12996,3,0,1,1,0,0,0,2,0,0,1,0,3,0,1,17,2 lateral-movement alert(s); 3 inactive-user event(s),0,3,0,0,0,4,0,0,1,0,9,0,High,Pushti Pillay,Innovation,Disabled
EMP10262,2,2,0,1,1,0,1,0,1,0,0,0,0,0,1,17,2 critical alert(s); 1 unresolved critical alert(s); 1 PowerShell alert(s); 1 credential-access alert(s),10,0,3,0,2,0,2,0,0,0,0,0,High,Ekaraj Bhatnagar,Ops Team,Active
EMP10526,2,1,0,1,1,0,1,0,0,0,1,0,2,0,1,17,1 critical alert(s); 1 unresolved critical alert(s); 1 PowerShell alert(s); 2 inactive-user event(s),5,0,3,0,2,0,0,0,1,0,6,0,High,Tanveer Reddy,It,Inactive
EMP11108,2,1,0,1,0,1,0,0,1,0,0,0,2,1,1,17,1 critical alert(s); 1 malware/ransomware alert(s); 1 credential-access alert(s); 2 inactive-user event(s); 1 identity review concern(s),5,0,0,3,0,0,2,0,0,0,6,1,High,Urvashi Palan,Finance,Disabled
EMP11379,2,1,0,1,1,0,0,1,0,0,0,1,2,0,1,17,1 critical alert(s); 1 unresolved critical alert(s); 1 lateral-movement alert(s); 2 inactive-user event(s),5,0,3,0,0,2,0,0,0,1,6,0,High,Victor Manne,Business Sales,Disabled
EMP11688,2,1,0,2,1,0,0,0,1,0,0,0,2,1,1,17,1 critical alert(s); 1 unresolved critical alert(s); 1 credential-access alert(s); 2 inactive-user event(s); 1 identity review concern(s),5,0,3,0,0,0,2,0,0,0,6,1,High,Pranav Master,Accounts,Inactive
EMP11722,2,1,1,2,1,0,1,1,0,0,0,0,0,2,1,17,1 critical alert(s); 1 unresolved critical alert(s); 1 PowerShell alert(s); 1 lateral-movement alert(s); 2 identity review concern(s),5,3,3,0,2,2,0,0,0,0,0,2,High,Jyoti Gaba,Sales Dept,Active
EMP11885,2,1,1,1,1,1,1,0,0,0,0,0,0,1,1,17,1 critical alert(s); 1 unresolved critical alert(s); 1 malware/ransomware alert(s); 1 PowerShell alert(s); 1 identity review concern(s),5,3,3,3,2,0,0,0,0,0,0,1,High,Bhavika Kalla,Purchase,Active
EMP12176,2,1,1,2,1,0,1,0,1,0,0,0,0,2,1,17,1 critical alert(s); 1 unresolved critical alert(s); 1 PowerShell alert(s); 1 credential-access alert(s); 2 identity review concern(s),5,3,3,0,2,0,2,0,0,0,0,2,High,Theodore Chander,It Support,Active
EMP12361,2,1,1,2,1,1,1,0,0,0,0,1,0,0,1,17,1 critical alert(s); 1 unresolved critical alert(s); 1 malware/ransomware alert(s); 1 PowerShell alert(s),5,3,3,3,2,0,0,0,0,1,0,0,High,Ethan Jani,Legal,Active
EMP10006,6,1,0,4,0,1,3,0,1,0,0,0,0,0,1,16,1 critical alert(s); 1 malware/ransomware alert(s); 3 PowerShell alert(s); 1 credential-access alert(s),5,0,0,3,6,0,2,0,0,0,0,0,High,Ekta Kuruvilla,Mktg,Active
EMP10061,6,0,0,4,0,4,0,2,0,0,0,0,0,0,1,16,4 malware/ransomware alert(s); 2 lateral-movement alert(s),0,0,0,12,0,4,0,0,0,0,0,0,High,Bahadurjit Mishra,Cs,Active
EMP10692,6,0,1,3,0,3,1,0,1,0,0,0,0,0,1,16,3 malware/ransomware alert(s); 1 PowerShell alert(s); 1 credential-access alert(s),0,3,0,9,2,0,2,0,0,0,0,0,High,Nitara Shukla,Sales,Active
EMP11258,6,0,0,5,0,4,0,0,2,0,0,0,0,0,1,16,4 malware/ransomware alert(s); 2 credential-access alert(s),0,0,0,12,0,0,4,0,0,0,0,0,High,Vinaya Barad,Business Sales,Active
EMP11336,6,0,2,3,0,2,1,0,1,0,0,0,0,0,1,16,2 malware/ransomware alert(s); 1 PowerShell alert(s); 1 credential-access alert(s),0,6,0,6,2,0,2,0,0,0,0,0,High,Darpan Batra,It Dept,Active
EMP11562,6,0,1,2,0,3,0,0,1,0,2,0,0,0,1,16,3 malware/ransomware alert(s); 1 credential-access alert(s),0,3,0,9,0,0,2,0,2,0,0,0,High,Upkaar Chaudhary,Procurement Team,Active
EMP11955,6,0,2,0,0,1,2,0,0,0,1,0,0,2,1,16,1 malware/ransomware alert(s); 2 PowerShell alert(s); 2 identity review concern(s),0,6,0,3,4,0,0,0,1,0,0,2,High,Ronith Narayan,Accounts,Active
EMP11959,6,0,0,3,0,5,0,0,0,0,0,0,0,1,1,16,5 malware/ransomware alert(s); 1 identity review concern(s),0,0,0,15,0,0,0,0,0,0,0,1,High,Nathaniel Das,R&D,Active
EMP12187,6,0,0,5,0,4,0,0,0,0,2,0,0,2,1,16,4 malware/ransomware alert(s); 2 identity review concern(s),0,0,0,12,0,0,0,0,2,0,0,2,High,Frado Nigam,Information Tech,Active
EMP10080,5,0,2,3,0,1,1,0,2,0,0,0,0,1,1,16,1 malware/ransomware alert(s); 1 PowerShell alert(s); 2 credential-access alert(s); 1 identity review concern(s),0,6,0,3,2,0,4,0,0,0,0,1,High,Ubika Anne,Supply Chain,Active
EMP10144,5,0,0,5,0,1,1,2,1,0,0,0,0,5,1,16,1 malware/ransomware alert(s); 1 PowerShell alert(s); 2 lateral-movement alert(s); 1 credential-access alert(s); 5 identity review concern(s),0,0,0,3,2,4,2,0,0,0,0,5,High,,,
EMP10622,5,0,1,5,0,1,0,1,1,0,1,0,0,5,1,16,1 malware/ransomware alert(s); 1 lateral-movement alert(s); 1 credential-access alert(s); 5 identity review concern(s),0,3,0,3,0,2,2,0,1,0,0,5,High,Yashoda Sur,Brand Team,Active
EMP10807,5,1,0,1,0,1,1,1,1,0,0,0,0,2,1,16,1 critical alert(s); 1 malware/ransomware alert(s); 1 PowerShell alert(s); 1 lateral-movement alert(s); 1 credential-access alert(s); 2 identity review concern(s),5,0,0,3,2,2,2,0,0,0,0,2,High,Vidhi Kuruvilla,It Support,On Leave
EMP10872,5,1,0,4,0,2,1,0,0,0,2,0,0,1,1,16,1 critical alert(s); 2 malware/ransomware alert(s); 1 PowerShell alert(s); 1 identity review concern(s),5,0,0,6,2,0,0,0,2,0,0,1,High,Vanya Upadhyay,Rd,Active
EMP11678,5,0,2,2,0,1,2,0,0,0,1,1,0,1,1,16,1 malware/ransomware alert(s); 2 PowerShell alert(s); 1 identity review concern(s),0,6,0,3,4,0,0,0,1,1,0,1,High,Alka Tata,Customer Support,Active
EMP11802,5,0,2,4,0,2,0,2,0,0,0,0,0,0,1,16,2 malware/ransomware alert(s); 2 lateral-movement alert(s),0,6,0,6,0,4,0,0,0,0,0,0,High,Hemani Saxena,It Support,Active
EMP12023,5,0,1,2,0,2,0,0,0,0,2,0,0,5,1,16,2 malware/ransomware alert(s); 5 identity review concern(s),0,3,0,6,0,0,0,0,2,0,0,5,High,Balveer Babu,Brand Team,Active
EMP12046,5,1,0,5,1,2,0,1,0,0,0,0,0,0,1,16,1 critical alert(s); 1 unresolved critical alert(s); 2 malware/ransomware alert(s); 1 lateral-movement alert(s),5,0,3,6,0,2,0,0,0,0,0,0,High,Pushti Misra,Fin,Active
EMP12784,5,0,1,2,0,3,2,0,0,0,0,0,0,0,1,16,3 malware/ransomware alert(s); 2 PowerShell alert(s),0,3,0,9,4,0,0,0,0,0,0,0,High,Urmi Vala,Human Resource,Active
EMP12788,5,0,2,3,0,2,0,1,0,0,1,0,0,1,1,16,2 malware/ransomware alert(s); 1 lateral-movement alert(s); 1 identity review concern(s),0,6,0,6,0,2,0,0,1,0,0,1,High,Utkarsh Vora,Marketing Dept,Active
EMP12949,5,0,2,4,0,1,1,0,2,0,1,0,0,0,1,16,1 malware/ransomware alert(s); 1 PowerShell alert(s); 2 credential-access alert(s),0,6,0,3,2,0,4,0,1,0,0,0,High,Chandresh Samra,R&D,Active
EMP10014,4,0,1,4,0,2,0,1,0,0,1,0,0,4,1,16,2 malware/ransomware alert(s); 1 lateral-movement alert(s); 4 identity review concern(s),0,3,0,6,0,2,0,0,1,0,0,4,High,,,
EMP10019,4,1,0,3,1,0,0,2,0,0,0,1,0,3,1,16,1 critical alert(s); 1 unresolved critical alert(s); 2 lateral-movement alert(s); 3 identity review concern(s),5,0,3,0,0,4,0,0,0,1,0,3,High,Vasana Bhasin,Business Sales,Active
EMP10271,4,0,2,3,0,2,0,0,1,0,1,0,0,1,1,16,2 malware/ransomware alert(s); 1 credential-access alert(s); 1 identity review concern(s),0,6,0,6,0,0,2,0,1,0,0,1,High,Widisha Nagy,Legal,Active
EMP10421,4,1,0,2,0,1,1,1,0,0,0,0,0,4,1,16,1 critical alert(s); 1 malware/ransomware alert(s); 1 PowerShell alert(s); 1 lateral-movement alert(s); 4 identity review concern(s),5,0,0,3,2,2,0,0,0,0,0,4,High,Omya Tailor,It Dept,Active
EMP10440,4,0,0,3,0,4,0,0,0,0,0,0,0,4,1,16,4 malware/ransomware alert(s); 4 identity review concern(s),0,0,0,12,0,0,0,0,0,0,0,4,High,Laksh Kari,It Support,Active
EMP10449,4,0,1,2,0,2,1,0,1,0,0,0,0,3,1,16,2 malware/ransomware alert(s); 1 PowerShell alert(s); 1 credential-access alert(s); 3 identity review concern(s),0,3,0,6,2,0,2,0,0,0,0,3,High,Jagvi Sengupta,Ops,Active
EMP10469,4,0,2,2,0,1,1,0,0,0,1,0,0,4,1,16,1 malware/ransomware alert(s); 1 PowerShell alert(s); 4 identity review concern(s),0,6,0,3,2,0,0,0,1,0,0,4,High,Kavya Pandit,Rnd,Active
EMP10541,4,1,0,2,0,3,1,0,0,0,0,0,0,0,1,16,1 critical alert(s); 3 malware/ransomware alert(s); 1 PowerShell alert(s),5,0,0,9,2,0,0,0,0,0,0,0,High,Bhanumati Walla,Rnd,Active
EMP10598,4,0,2,1,0,2,0,0,2,0,0,0,0,0,1,16,2 malware/ransomware alert(s); 2 credential-access alert(s),0,6,0,6,0,0,4,0,0,0,0,0,High,Ekalinga Walla,It Dept,Active
EMP10603,4,1,1,3,1,1,1,0,0,0,0,0,0,0,1,16,1 critical alert(s); 1 unresolved critical alert(s); 1 malware/ransomware alert(s); 1 PowerShell alert(s),5,3,3,3,2,0,0,0,0,0,0,0,High,Jatin Baral,Legal Dept,Active
EMP11163,4,0,2,2,0,2,1,0,0,0,1,1,0,0,1,16,2 malware/ransomware alert(s); 1 PowerShell alert(s),0,6,0,6,2,0,0,0,1,1,0,0,High,Chameli Srinivas,Compliance,Active
EMP11382,4,0,2,2,0,1,0,0,3,0,0,0,0,1,1,16,1 malware/ransomware alert(s); 3 credential-access alert(s); 1 identity review concern(s),0,6,0,3,0,0,6,0,0,0,0,1,High,Ishanvi Ravel,Procurement Team,Active
EMP11630,4,0,0,3,0,0,1,0,0,0,1,0,4,1,1,16,1 PowerShell alert(s); 4 inactive-user event(s); 1 identity review concern(s),0,0,0,0,2,0,0,0,1,0,12,1,High,Lakshmi Lalla,Procurement Team,Inactive
EMP11705,4,1,0,1,1,0,0,1,3,0,0,0,0,0,1,16,1 critical alert(s); 1 unresolved critical alert(s); 1 lateral-movement alert(s); 3 credential-access alert(s),5,0,3,0,0,2,6,0,0,0,0,0,High,Arin Bir,Operations,Active
EMP11721,4,0,2,3,0,2,0,0,1,0,1,0,0,1,1,16,2 malware/ransomware alert(s); 1 credential-access alert(s); 1 identity review concern(s),0,6,0,6,0,0,2,0,1,0,0,1,High,Frederick Vasa,It,Active
EMP11735,4,1,1,2,0,1,1,1,0,0,0,0,0,1,1,16,1 critical alert(s); 1 malware/ransomware alert(s); 1 PowerShell alert(s); 1 lateral-movement alert(s); 1 identity review concern(s),5,3,0,3,2,2,0,0,0,0,0,1,High,Dayamai Dora,It Dept,Active
EMP11788,4,0,2,3,0,3,0,0,0,0,0,0,0,1,1,16,3 malware/ransomware alert(s); 1 identity review concern(s),0,6,0,9,0,0,0,0,0,0,0,1,High,Yadavi Kaur,Mktg,Active
EMP11824,4,0,2,4,0,2,0,1,1,0,0,0,0,0,1,16,2 malware/ransomware alert(s); 1 lateral-movement alert(s); 1 credential-access alert(s),0,6,0,6,0,2,2,0,0,0,0,0,High,Pranav Kunda,Procurement Team,Active
EMP12032,4,0,1,4,0,2,0,0,1,0,1,0,0,4,1,16,2 malware/ransomware alert(s); 1 credential-access alert(s); 4 identity review concern(s),0,3,0,6,0,0,2,0,1,0,0,4,High,Alka Jayaraman,Legal,Active
EMP12291,4,0,2,2,0,2,1,1,0,0,0,0,0,0,1,16,2 malware/ransomware alert(s); 1 PowerShell alert(s); 1 lateral-movement alert(s),0,6,0,6,2,2,0,0,0,0,0,0,High,Bina Sem,Business Sales,Active
EMP12341,4,0,3,2,0,0,1,0,1,0,1,0,0,2,1,16,1 PowerShell alert(s); 1 credential-access alert(s); 2 identity review concern(s),0,9,0,0,2,0,2,0,1,0,0,2,High,Vedhika Raj,Hr Dept,Active
EMP12367,4,1,0,1,0,2,0,0,2,0,0,0,0,1,1,16,1 critical alert(s); 2 malware/ransomware alert(s); 2 credential-access alert(s); 1 identity review concern(s),5,0,0,6,0,0,4,0,0,0,0,1,High,Rushil Contractor,Procurement Team,Active
EMP12578,4,1,2,2,0,1,0,0,0,0,2,0,0,0,1,16,1 critical alert(s); 1 malware/ransomware alert(s),5,6,0,3,0,0,0,0,2,0,0,0,High,Krisha Bansal,Legal,Active
EMP12792,4,0,1,2,0,1,1,2,0,0,0,0,0,4,1,16,1 malware/ransomware alert(s); 1 PowerShell alert(s); 2 lateral-movement alert(s); 4 identity review concern(s),0,3,0,3,2,4,0,0,0,0,0,4,High,Hemal Anne,Cs,Active
EMP12907,4,1,0,2,1,0,3,1,0,0,0,0,0,0,1,16,1 critical alert(s); 1 unresolved critical alert(s); 3 PowerShell alert(s); 1 lateral-movement alert(s),5,0,3,0,6,2,0,0,0,0,0,0,High,Ekani Kalita,It Dept,Active
EMP12953,4,1,0,3,1,1,1,0,1,0,1,0,0,0,1,16,1 critical alert(s); 1 unresolved critical alert(s); 1 malware/ransomware alert(s); 1 PowerShell alert(s); 1 credential-access alert(s),5,0,3,3,2,0,2,0,1,0,0,0,High,Qadim Saxena,Brand Team,Active
EMP12993,4,1,0,1,0,3,0,1,0,0,0,0,0,0,1,16,1 critical alert(s); 3 malware/ransomware alert(s); 1 lateral-movement alert(s),5,0,0,9,0,2,0,0,0,0,0,0,High,Omaja Mann,Legal,Active
EMP10119,3,1,1,1,0,1,0,0,1,0,0,0,0,3,1,16,1 critical alert(s); 1 malware/ransomware alert(s); 1 credential-access alert(s); 3 identity review concern(s),5,3,0,3,0,0,2,0,0,0,0,3,High,Orinder Sarraf,It Dept,Active
EMP10177,3,1,1,3,1,0,0,2,0,0,1,0,0,0,1,16,1 critical alert(s); 1 unresolved critical alert(s); 2 lateral-movement alert(s),5,3,3,0,0,4,0,0,1,0,0,0,High,Jason Rege,Sales,Active
EMP10309,3,0,2,0,0,1,0,0,2,0,0,0,0,3,1,16,1 malware/ransomware alert(s); 2 credential-access alert(s); 3 identity review concern(s),0,6,0,3,0,0,4,0,0,0,0,3,High,Hardik Dani,Sales Team,Active
EMP10584,3,1,0,2,0,3,0,0,0,0,0,0,0,2,1,16,1 critical alert(s); 3 malware/ransomware alert(s); 2 identity review concern(s),5,0,0,9,0,0,0,0,0,0,0,2,High,Rishi Suresh,Innovation,Active
EMP10736,3,0,1,2,0,1,0,0,0,0,1,0,3,0,1,16,1 malware/ransomware alert(s); 3 inactive-user event(s),0,3,0,3,0,0,0,0,1,0,9,0,High,Jackson Cherian,Rnd,Disabled
EMP10854,3,1,0,2,1,2,0,0,0,0,1,1,0,0,1,16,1 critical alert(s); 1 unresolved critical alert(s); 2 malware/ransomware alert(s),5,0,3,6,0,0,0,0,1,1,0,0,High,Upkaar Pathak,Ops Team,Active
EMP10901,3,1,0,3,1,1,0,1,0,0,1,1,0,1,1,16,1 critical alert(s); 1 unresolved critical alert(s); 1 malware/ransomware alert(s); 1 lateral-movement alert(s); 1 identity review concern(s),5,0,3,3,0,2,0,0,1,1,0,1,High,Gaurika Babu,Mkt,Active
EMP11111,3,1,0,3,1,1,1,1,0,0,0,0,0,1,1,16,1 critical alert(s); 1 unresolved critical alert(s); 1 malware/ransomware alert(s); 1 PowerShell alert(s); 1 lateral-movement alert(s); 1 identity review concern(s),5,0,3,3,2,2,0,0,0,0,0,1,High,Anamika Nagarajan,Accounts,Active
EMP11112,3,1,0,2,1,2,1,0,0,0,0,0,0,0,1,16,1 critical alert(s); 1 unresolved critical alert(s); 2 malware/ransomware alert(s); 1 PowerShell alert(s),5,0,3,6,2,0,0,0,0,0,0,0,High,Umang Raval,Operations Dept,Active
EMP11150,3,1,0,2,1,2,1,0,0,0,0,0,0,0,1,16,1 critical alert(s); 1 unresolved critical alert(s); 2 malware/ransomware alert(s); 1 PowerShell alert(s),5,0,3,6,2,0,0,0,0,0,0,0,High,Nicholas Swaminathan,Ops,Active
EMP11256,3,0,1,3,0,0,1,0,0,0,2,0,3,0,1,16,1 PowerShell alert(s); 3 inactive-user event(s),0,3,0,0,2,0,0,0,2,0,9,0,High,Odika Ray,Sales Dept,Disabled
EMP11325,3,0,1,2,0,1,0,0,0,0,1,0,3,0,1,16,1 malware/ransomware alert(s); 3 inactive-user event(s),0,3,0,3,0,0,0,0,1,0,9,0,High,Vaishnavi Barad,Purchase,Disabled
EMP11488,3,1,1,1,0,2,0,0,0,0,0,1,0,1,1,16,1 critical alert(s); 2 malware/ransomware alert(s); 1 identity review concern(s),5,3,0,6,0,0,0,0,0,1,0,1,High,Gaurangi Viswanathan,R&D,Active
EMP11644,3,1,1,2,1,1,0,1,0,0,0,0,0,0,1,16,1 critical alert(s); 1 unresolved critical alert(s); 1 malware/ransomware alert(s); 1 lateral-movement alert(s),5,3,3,3,0,2,0,0,0,0,0,0,High,Ayushman Dara,Hr Dept,Active
EMP11657,3,1,0,3,1,1,0,1,0,0,1,0,0,2,1,16,1 critical alert(s); 1 unresolved critical alert(s); 1 malware/ransomware alert(s); 1 lateral-movement alert(s); 2 identity review concern(s),5,0,3,3,0,2,0,0,1,0,0,2,High,Yadavi Balay,Business Sales,Active
EMP11805,3,1,0,2,1,2,0,1,0,0,0,0,0,0,1,16,1 critical alert(s); 1 unresolved critical alert(s); 2 malware/ransomware alert(s); 1 lateral-movement alert(s),5,0,3,6,0,2,0,0,0,0,0,0,High,Liam Sarma,Sales,Active
EMP11827,3,1,1,2,0,1,0,1,1,0,0,0,0,1,1,16,1 critical alert(s); 1 malware/ransomware alert(s); 1 lateral-movement alert(s); 1 credential-access alert(s); 1 identity review concern(s),5,3,0,3,0,2,2,0,0,0,0,1,High,Aditya Krishnan,Legal,Active
EMP11828,3,0,0,1,0,0,1,1,1,0,0,0,3,1,1,16,1 PowerShell alert(s); 1 lateral-movement alert(s); 1 credential-access alert(s); 3 inactive-user event(s); 1 identity review concern(s),0,0,0,0,2,2,2,0,0,0,9,1,High,Maanas Madan,Rnd,Inactive
EMP11934,3,0,2,2,0,2,0,0,0,0,1,0,0,3,1,16,2 malware/ransomware alert(s); 3 identity review concern(s),0,6,0,6,0,0,0,0,1,0,0,3,High,Nicholas Varma,Legal Dept,Active
EMP12160,3,1,0,2,1,1,2,0,0,0,0,0,0,1,1,16,1 critical alert(s); 1 unresolved critical alert(s); 1 malware/ransomware alert(s); 2 PowerShell alert(s); 1 identity review concern(s),5,0,3,3,4,0,0,0,0,0,0,1,High,Ladli Chanda,It Support,Active
EMP12239,3,1,1,2,0,1,0,0,1,0,0,0,0,3,1,16,1 critical alert(s); 1 malware/ransomware alert(s); 1 credential-access alert(s); 3 identity review concern(s),5,3,0,3,0,0,2,0,0,0,0,3,High,Zilmil Minhas,Brand Team,Active
EMP12372,3,1,1,2,1,0,0,2,0,0,0,0,0,1,1,16,1 critical alert(s); 1 unresolved critical alert(s); 2 lateral-movement alert(s); 1 identity review concern(s),5,3,3,0,0,4,0,0,0,0,0,1,High,Chavvi Dey,Purch,Active
EMP12374,3,0,1,1,0,0,0,0,0,0,1,0,3,3,1,16,3 inactive-user event(s); 3 identity review concern(s),0,3,0,0,0,0,0,0,1,0,9,3,High,Indali Hari,Operations,Disabled
EMP12443,3,1,1,2,1,0,0,0,2,0,0,0,0,1,1,16,1 critical alert(s); 1 unresolved critical alert(s); 2 credential-access alert(s); 1 identity review concern(s),5,3,3,0,0,0,4,0,0,0,0,1,High,Chanakya Raj,Legal,Active
EMP12644,3,1,0,1,1,2,0,0,1,0,0,0,0,0,1,16,1 critical alert(s); 1 unresolved critical alert(s); 2 malware/ransomware alert(s); 1 credential-access alert(s),5,0,3,6,0,0,2,0,0,0,0,0,High,Yashvi Chatterjee,Human Resource,On Leave
EMP12691,3,1,0,3,1,0,1,0,1,0,1,0,0,3,1,16,1 critical alert(s); 1 unresolved critical alert(s); 1 PowerShell alert(s); 1 credential-access alert(s); 3 identity review concern(s),5,0,3,0,2,0,2,0,1,0,0,3,High,Meera Hora,Legal Dept,Active
EMP12746,3,1,0,3,1,1,0,0,0,0,2,0,0,3,1,16,1 critical alert(s); 1 unresolved critical alert(s); 1 malware/ransomware alert(s); 3 identity review concern(s),5,0,3,3,0,0,0,0,2,0,0,3,High,Neha Pal,Rnd,Active
EMP12747,3,0,0,2,0,1,0,0,2,0,0,0,3,0,1,16,1 malware/ransomware alert(s); 2 credential-access alert(s); 3 inactive-user event(s),0,0,0,3,0,0,4,0,0,0,9,0,High,Chanakya Keer,Brand Team,Inactive
EMP12768,3,1,0,3,1,2,0,1,0,0,0,0,0,0,1,16,1 critical alert(s); 1 unresolved critical alert(s); 2 malware/ransomware alert(s); 1 lateral-movement alert(s),5,0,3,6,0,2,0,0,0,0,0,0,High,Harita Divan,Purch,Active
EMP12769,3,1,0,3,1,1,0,2,0,0,0,0,0,1,1,16,1 critical alert(s); 1 unresolved critical alert(s); 1 malware/ransomware alert(s); 2 lateral-movement alert(s); 1 identity review concern(s),5,0,3,3,0,4,0,0,0,0,0,1,High,Banjeet Savant,Procurement Team,Active
EMP12803,3,1,0,2,1,1,0,0,2,0,0,1,0,0,1,16,1 critical alert(s); 1 unresolved critical alert(s); 1 malware/ransomware alert(s); 2 credential-access alert(s),5,0,3,3,0,0,4,0,0,1,0,0,High,Yuvraj Sachar,Legal Dept,Active
EMP10660,2,2,0,1,1,0,0,0,1,0,0,0,0,1,1,16,2 critical alert(s); 1 unresolved critical alert(s); 1 credential-access alert(s); 1 identity review concern(s),10,0,3,0,0,0,2,0,0,0,0,1,High,Maanav Oak,Customer Support,Active
EMP10711,2,1,1,1,1,1,0,1,0,0,0,0,0,0,1,16,1 critical alert(s); 1 unresolved critical alert(s); 1 malware/ransomware alert(s); 1 lateral-movement alert(s),5,3,3,3,0,2,0,0,0,0,0,0,High,Ayushman Chowdhury,It Dept,Active
EMP11185,2,1,1,1,1,1,0,0,0,0,1,0,0,1,1,16,1 critical alert(s); 1 unresolved critical alert(s); 1 malware/ransomware alert(s); 1 identity review concern(s),5,3,3,3,0,0,0,0,1,0,0,1,High,Abhiram Iyengar,Information Tech,Active
EMP11219,2,1,0,2,1,0,0,1,0,0,0,0,2,0,1,16,1 critical alert(s); 1 unresolved critical alert(s); 1 lateral-movement alert(s); 2 inactive-user event(s),5,0,3,0,0,2,0,0,0,0,6,0,High,Nilima Nanda,Information Tech,Disabled
EMP11368,2,1,0,1,0,1,0,1,0,0,0,0,2,0,1,16,1 critical alert(s); 1 malware/ransomware alert(s); 1 lateral-movement alert(s); 2 inactive-user event(s),5,0,0,3,0,2,0,0,0,0,6,0,High,Hardik Sundaram,R&D,Inactive
EMP11524,2,0,1,1,0,2,0,0,0,0,0,0,2,1,1,16,2 malware/ransomware alert(s); 2 inactive-user event(s); 1 identity review concern(s),0,3,0,6,0,0,0,0,0,0,6,1,High,Veda Srinivasan,Business Sales,Disabled
EMP11600,2,1,1,2,1,0,1,0,0,0,1,0,0,2,1,16,1 critical alert(s); 1 unresolved critical alert(s); 1 PowerShell alert(s); 2 identity review concern(s),5,3,3,0,2,0,0,0,1,0,0,2,High,,,
EMP12220,2,1,0,2,1,0,0,1,0,0,0,0,2,0,1,16,1 critical alert(s); 1 unresolved critical alert(s); 1 lateral-movement alert(s); 2 inactive-user event(s),5,0,3,0,0,2,0,0,0,0,6,0,High,Adweta Rastogi,Call Center,Disabled
EMP12296,2,1,0,2,1,2,0,0,0,0,0,0,0,2,1,16,1 critical alert(s); 1 unresolved critical alert(s); 2 malware/ransomware alert(s); 2 identity review concern(s),5,0,3,6,0,0,0,0,0,0,0,2,High,Eesha Nayak,Marketing Dept,On Leave
EMP12366,2,1,0,2,1,1,1,0,0,0,0,1,0,2,1,16,1 critical alert(s); 1 unresolved critical alert(s); 1 malware/ransomware alert(s); 1 PowerShell alert(s); 2 identity review concern(s),5,0,3,3,2,0,0,0,0,1,0,2,High,Oscar Lad,Brand Team,Active
EMP12520,2,1,1,2,1,0,0,1,1,0,0,0,0,1,1,16,1 critical alert(s); 1 unresolved critical alert(s); 1 lateral-movement alert(s); 1 credential-access alert(s); 1 identity review concern(s),5,3,3,0,0,2,2,0,0,0,0,1,High,Anamika Hegde,Research And Development,Active
EMP12605,2,0,1,2,0,1,0,0,1,0,0,0,2,2,1,16,1 malware/ransomware alert(s); 1 credential-access alert(s); 2 inactive-user event(s); 2 identity review concern(s),0,3,0,3,0,0,2,0,0,0,6,2,High,Tripti Chander,Call Center,Inactive
EMP12668,2,1,1,2,1,1,0,1,0,0,0,0,0,0,1,16,1 critical alert(s); 1 unresolved critical alert(s); 1 malware/ransomware alert(s); 1 lateral-movement alert(s),5,3,3,3,0,2,0,0,0,0,0,0,High,Manya Chaudry,Purchase,Active
EMP11300,7,1,0,3,0,3,0,0,0,0,0,0,0,1,1,15,1 critical alert(s); 3 malware/ransomware alert(s); 1 identity review concern(s),5,0,0,9,0,0,0,0,0,0,0,1,High,Ekantika Venkataraman,Information Tech,On Leave
EMP10022,6,0,2,6,0,1,0,0,2,0,2,0,0,0,1,15,1 malware/ransomware alert(s); 2 credential-access alert(s),0,6,0,3,0,0,4,0,2,0,0,0,High,Zarna Chawla,Call Center,Active
EMP10039,6,0,0,4,0,2,2,0,1,0,1,0,0,2,1,15,2 malware/ransomware alert(s); 2 PowerShell alert(s); 1 credential-access alert(s); 2 identity review concern(s),0,0,0,6,4,0,2,0,1,0,0,2,High,Janya Tella,Finance,Active
EMP10462,6,0,0,2,0,4,1,0,0,0,0,0,0,1,1,15,4 malware/ransomware alert(s); 1 PowerShell alert(s); 1 identity review concern(s),0,0,0,12,2,0,0,0,0,0,0,1,High,Damyanti Barad,Information Technology,Active
EMP11730,6,0,0,2,0,4,0,0,1,0,0,1,0,0,1,15,4 malware/ransomware alert(s); 1 credential-access alert(s),0,0,0,12,0,0,2,0,0,1,0,0,High,Wridesh Rajan,Purch,Active
EMP11912,6,0,1,4,0,2,0,0,0,0,3,0,0,3,1,15,2 malware/ransomware alert(s); 3 identity review concern(s),0,3,0,6,0,0,0,0,3,0,0,3,High,Vinaya Ravi,Hr,Active
EMP12570,6,0,1,6,0,2,0,2,0,0,1,0,0,1,1,15,2 malware/ransomware alert(s); 2 lateral-movement alert(s); 1 identity review concern(s),0,3,0,6,0,4,0,0,1,0,0,1,High,Ekiya Dube,Finance Dept,Active
EMP10060,5,0,1,4,0,3,0,1,0,0,0,0,0,1,1,15,3 malware/ransomware alert(s); 1 lateral-movement alert(s); 1 identity review concern(s),0,3,0,9,0,2,0,0,0,0,0,1,High,Aarna Gera,Purchase,Active
EMP10302,5,1,1,4,0,2,0,0,0,0,1,0,0,0,1,15,1 critical alert(s); 2 malware/ransomware alert(s),5,3,0,6,0,0,0,0,1,0,0,0,High,Harrison Ramakrishnan,Call Center,Active
EMP10414,5,0,1,3,0,1,2,2,0,0,0,1,0,0,1,15,1 malware/ransomware alert(s); 2 PowerShell alert(s); 2 lateral-movement alert(s),0,3,0,3,4,4,0,0,0,1,0,0,High,Garima Bedi,People Team,Active
EMP10604,5,0,1,5,0,2,1,0,1,0,0,0,0,2,1,15,2 malware/ransomware alert(s); 1 PowerShell alert(s); 1 credential-access alert(s); 2 identity review concern(s),0,3,0,6,2,0,2,0,0,0,0,2,High,Brinda Wali,Customer Support,Active
EMP10945,5,0,1,0,0,1,0,0,3,0,1,1,0,1,1,15,1 malware/ransomware alert(s); 3 credential-access alert(s); 1 identity review concern(s),0,3,0,3,0,0,6,0,1,1,0,1,High,Sachi Shetty,Finance Dept,Active
EMP11141,5,0,2,3,0,0,2,0,1,0,2,0,0,1,1,15,2 PowerShell alert(s); 1 credential-access alert(s); 1 identity review concern(s),0,6,0,0,4,0,2,0,2,0,0,1,High,Champak Banerjee,Sales Dept,Active
EMP11186,5,0,0,3,0,2,0,0,1,0,2,0,0,5,1,15,2 malware/ransomware alert(s); 1 credential-access alert(s); 5 identity review concern(s),0,0,0,6,0,0,2,0,2,0,0,5,High,Christopher Chaudhary,Support,
EMP11245,5,0,1,3,0,1,0,1,0,0,3,0,0,4,1,15,1 malware/ransomware alert(s); 1 lateral-movement alert(s); 4 identity review concern(s),0,3,0,3,0,2,0,0,3,0,0,4,High,Vaishnavi Loyal,Information Tech,Active
EMP12017,5,1,1,2,0,0,0,1,1,0,2,0,0,1,1,15,1 critical alert(s); 1 lateral-movement alert(s); 1 credential-access alert(s); 1 identity review concern(s),5,3,0,0,0,2,2,0,2,0,0,1,High,Abdul Anne,Sales Dept,Active
EMP12320,5,0,2,2,0,1,1,1,0,0,2,0,0,0,1,15,1 malware/ransomware alert(s); 1 PowerShell alert(s); 1 lateral-movement alert(s),0,6,0,3,2,2,0,0,2,0,0,0,High,Warinder Pai,Legal Dept,Active
EMP12440,5,0,2,3,0,1,1,0,1,0,1,1,0,0,1,15,1 malware/ransomware alert(s); 1 PowerShell alert(s); 1 credential-access alert(s),0,6,0,3,2,0,2,0,1,1,0,0,High,Nisha Kari,Information Tech,Active
EMP12915,5,1,1,2,0,0,1,1,1,0,0,0,0,1,1,15,1 critical alert(s); 1 PowerShell alert(s); 1 lateral-movement alert(s); 1 credential-access alert(s); 1 identity review concern(s),5,3,0,0,2,2,2,0,0,0,0,1,High,Ria Dar,Finance Dept,Active
EMP10053,4,0,1,3,0,2,1,1,0,0,0,1,0,1,1,15,2 malware/ransomware alert(s); 1 PowerShell alert(s); 1 lateral-movement alert(s); 1 identity review concern(s),0,3,0,6,2,2,0,0,0,1,0,1,High,Yashodhara Arora,People Team,Active
EMP10057,4,0,1,3,0,3,1,0,0,0,0,0,0,1,1,15,3 malware/ransomware alert(s); 1 PowerShell alert(s); 1 identity review concern(s),0,3,0,9,2,0,0,0,0,0,0,1,High,Nimrat Nair,Mktg,Active
EMP10272,4,0,2,3,0,1,0,2,1,0,0,0,0,0,1,15,1 malware/ransomware alert(s); 2 lateral-movement alert(s); 1 credential-access alert(s),0,6,0,3,0,4,2,0,0,0,0,0,High,Chandani Sane,Call Center,Active
EMP10478,4,0,2,2,0,1,1,0,2,0,0,0,0,0,1,15,1 malware/ransomware alert(s); 1 PowerShell alert(s); 2 credential-access alert(s),0,6,0,3,2,0,4,0,0,0,0,0,High,Aachal Mani,Business Sales,Active
EMP11005,4,0,1,3,0,2,0,1,0,0,0,0,0,4,1,15,2 malware/ransomware alert(s); 1 lateral-movement alert(s); 4 identity review concern(s),0,3,0,6,0,2,0,0,0,0,0,4,High,,,
EMP11086,4,0,2,1,0,1,2,0,1,0,0,0,0,0,1,15,1 malware/ransomware alert(s); 2 PowerShell alert(s); 1 credential-access alert(s),0,6,0,3,4,0,2,0,0,0,0,0,High,Chaman Krish,Mktg,Active
EMP11201,4,0,1,3,0,0,1,0,3,0,0,0,0,4,1,15,1 PowerShell alert(s); 3 credential-access alert(s); 4 identity review concern(s),0,3,0,0,2,0,6,0,0,0,0,4,High,Pooja Bava,Finance Dept,On Leave
EMP11295,4,1,0,3,1,1,1,0,0,0,1,0,0,1,1,15,1 critical alert(s); 1 unresolved critical alert(s); 1 malware/ransomware alert(s); 1 PowerShell alert(s); 1 identity review concern(s),5,0,3,3,2,0,0,0,1,0,0,1,High,Utkarsh Bakshi,Legal,Active
EMP11392,4,0,2,3,0,1,0,3,0,0,0,0,0,0,1,15,1 malware/ransomware alert(s); 3 lateral-movement alert(s),0,6,0,3,0,6,0,0,0,0,0,0,High,Qadim Zacharia,Compliance,Active
EMP11440,4,0,3,3,0,1,0,1,0,0,1,0,0,0,1,15,1 malware/ransomware alert(s); 1 lateral-movement alert(s),0,9,0,3,0,2,0,0,1,0,0,0,High,Yutika Raju,Hr Dept,Active
EMP11487,4,0,3,3,0,1,1,0,0,0,1,0,0,0,1,15,1 malware/ransomware alert(s); 1 PowerShell alert(s),0,9,0,3,2,0,0,0,1,0,0,0,High,Manya Sridhar,Ops,Active
EMP11540,4,0,1,2,0,2,1,0,1,0,0,0,0,2,1,15,2 malware/ransomware alert(s); 1 PowerShell alert(s); 1 credential-access alert(s); 2 identity review concern(s),0,3,0,6,2,0,2,0,0,0,0,2,High,Daksh Ravel,Information Technology,Active
EMP11543,4,0,2,3,0,1,1,0,0,0,2,0,0,2,1,15,1 malware/ransomware alert(s); 1 PowerShell alert(s); 2 identity review concern(s),0,6,0,3,2,0,0,0,2,0,0,2,High,Aarini Chandran,Legal,Active
EMP11554,4,0,3,2,0,1,0,0,0,0,3,0,0,0,1,15,1 malware/ransomware alert(s),0,9,0,3,0,0,0,0,3,0,0,0,High,Charles Shah,Sales Dept,
EMP12085,4,1,0,2,1,1,0,1,1,0,0,0,0,0,1,15,1 critical alert(s); 1 unresolved critical alert(s); 1 malware/ransomware alert(s); 1 lateral-movement alert(s); 1 credential-access alert(s),5,0,3,3,0,2,2,0,0,0,0,0,High,Samarth Kanda,Sales,Active
EMP12237,4,0,0,4,0,3,0,1,0,0,0,0,0,4,1,15,3 malware/ransomware alert(s); 1 lateral-movement alert(s); 4 identity review concern(s),0,0,0,9,0,2,0,0,0,0,0,4,High,Guneet Zacharia,Supply Chain,Active
EMP12530,4,1,0,1,1,0,1,1,1,0,0,0,0,1,1,15,1 critical alert(s); 1 unresolved critical alert(s); 1 PowerShell alert(s); 1 lateral-movement alert(s); 1 credential-access alert(s); 1 identity review concern(s),5,0,3,0,2,2,2,0,0,0,0,1,High,Wazir Das,Human Resources,Active
EMP12698,4,1,1,1,0,1,0,0,1,0,1,0,0,1,1,15,1 critical alert(s); 1 malware/ransomware alert(s); 1 credential-access alert(s); 1 identity review concern(s),5,3,0,3,0,0,2,0,1,0,0,1,High,Amol Gole,Legal Dept,Active
EMP12718,4,0,2,2,0,1,1,2,0,0,0,0,0,0,1,15,1 malware/ransomware alert(s); 1 PowerShell alert(s); 2 lateral-movement alert(s),0,6,0,3,2,4,0,0,0,0,0,0,High,Vrishti Dewan,Compliance,Active
EMP12777,4,0,2,3,0,0,1,2,1,0,0,0,0,1,1,15,1 PowerShell alert(s); 2 lateral-movement alert(s); 1 credential-access alert(s); 1 identity review concern(s),0,6,0,0,2,4,2,0,0,0,0,1,High,Yamini Lal,Rnd,Active
EMP12916,4,0,1,2,0,2,0,2,0,0,0,0,0,2,1,15,2 malware/ransomware alert(s); 2 lateral-movement alert(s); 2 identity review concern(s),0,3,0,6,0,4,0,0,0,0,0,2,High,Kashvi Toor,R&D,Active
EMP10066,3,0,3,3,0,0,0,0,3,0,0,0,0,0,1,15,3 credential-access alert(s),0,9,0,0,0,0,6,0,0,0,0,0,High,Zinal Venkataraman,Rnd,Active
EMP10235,3,1,1,1,0,0,1,1,1,0,0,0,0,1,1,15,1 critical alert(s); 1 PowerShell alert(s); 1 lateral-movement alert(s); 1 credential-access alert(s); 1 identity review concern(s),5,3,0,0,2,2,2,0,0,0,0,1,High,Zayan Sarin,Innovation,On Leave
EMP10255,3,1,0,3,1,1,2,0,0,0,0,0,0,0,1,15,1 critical alert(s); 1 unresolved critical alert(s); 1 malware/ransomware alert(s); 2 PowerShell alert(s),5,0,3,3,4,0,0,0,0,0,0,0,High,Jonathan Sem,It,Active
EMP10311,3,1,0,2,1,1,1,0,1,0,0,0,0,0,1,15,1 critical alert(s); 1 unresolved critical alert(s); 1 malware/ransomware alert(s); 1 PowerShell alert(s); 1 credential-access alert(s),5,0,3,3,2,0,2,0,0,0,0,0,High,Lakshmi Golla,Procurement Team,Active
EMP10412,3,0,2,1,0,1,1,1,0,0,0,0,0,2,1,15,1 malware/ransomware alert(s); 1 PowerShell alert(s); 1 lateral-movement alert(s); 2 identity review concern(s),0,6,0,3,2,2,0,0,0,0,0,2,High,Rohan Dada,It Dept,Active
EMP10481,3,1,1,1,0,1,1,1,0,0,0,0,0,0,1,15,1 critical alert(s); 1 malware/ransomware alert(s); 1 PowerShell alert(s); 1 lateral-movement alert(s),5,3,0,3,2,2,0,0,0,0,0,0,High,Charles Majumdar,Marketing,Active
EMP10540,3,0,1,2,0,1,0,0,0,0,0,0,3,0,1,15,1 malware/ransomware alert(s); 3 inactive-user event(s),0,3,0,3,0,0,0,0,0,0,9,0,High,Zinal Samra,Hr Dept,Inactive
EMP10636,3,0,2,2,0,1,0,2,0,0,0,0,0,2,1,15,1 malware/ransomware alert(s); 2 lateral-movement alert(s); 2 identity review concern(s),0,6,0,3,0,4,0,0,0,0,0,2,High,Udyati Dubey,Finance,Active
EMP10862,3,0,2,2,0,0,1,1,1,0,0,0,0,3,1,15,1 PowerShell alert(s); 1 lateral-movement alert(s); 1 credential-access alert(s); 3 identity review concern(s),0,6,0,0,2,2,2,0,0,0,0,3,High,Gauri Nagi,Fin,Active
EMP11199,3,0,1,2,0,0,0,0,1,0,1,0,3,0,1,15,1 credential-access alert(s); 3 inactive-user event(s),0,3,0,0,0,0,2,0,1,0,9,0,High,Ikshita Mital,People Team,Inactive
EMP11318,3,0,0,0,0,0,0,2,1,0,0,0,3,0,1,15,2 lateral-movement alert(s); 1 credential-access alert(s); 3 inactive-user event(s),0,0,0,0,0,4,2,0,0,0,9,0,High,Kritika Nori,It Dept,Inactive
EMP11388,3,0,2,3,0,1,2,0,0,0,0,0,0,2,1,15,1 malware/ransomware alert(s); 2 PowerShell alert(s); 2 identity review concern(s),0,6,0,3,4,0,0,0,0,0,0,2,High,Victor Dani,Finance,Active
EMP11469,3,1,0,2,1,1,0,0,2,0,0,0,0,0,1,15,1 critical alert(s); 1 unresolved critical alert(s); 1 malware/ransomware alert(s); 2 credential-access alert(s),5,0,3,3,0,0,4,0,0,0,0,0,High,Janya Ganesh,It Dept,Active
EMP11515,3,0,1,2,0,3,0,0,0,0,0,0,0,3,1,15,3 malware/ransomware alert(s); 3 identity review concern(s),0,3,0,9,0,0,0,0,0,0,0,3,High,Yashoda Kalita,Finance,Active
EMP11654,3,0,0,2,0,1,0,1,0,0,1,0,3,0,1,15,1 malware/ransomware alert(s); 1 lateral-movement alert(s); 3 inactive-user event(s),0,0,0,3,0,2,0,0,1,0,9,0,High,Rachita Nagi,Hr Dept,Inactive
EMP11693,3,0,1,2,0,3,0,0,0,0,0,0,0,3,1,15,3 malware/ransomware alert(s); 3 identity review concern(s),0,3,0,9,0,0,0,0,0,0,0,3,High,Madhav Murthy,Sales,Active
EMP11718,3,0,2,2,0,2,0,0,0,0,1,0,0,2,1,15,2 malware/ransomware alert(s); 2 identity review concern(s),0,6,0,6,0,0,0,0,1,0,0,2,High,Ishaan Ratta,Call Center,Active
EMP11895,3,1,0,3,1,0,1,2,0,0,0,0,0,1,1,15,1 critical alert(s); 1 unresolved critical alert(s); 1 PowerShell alert(s); 2 lateral-movement alert(s); 1 identity review concern(s),5,0,3,0,2,4,0,0,0,0,0,1,High,Ayushman Dave,Operations,Active
EMP11976,3,0,1,1,0,3,0,0,0,0,0,0,0,3,1,15,3 malware/ransomware alert(s); 3 identity review concern(s),0,3,0,9,0,0,0,0,0,0,0,3,High,Jacob Viswanathan,Sales Team,Active
EMP12209,3,1,1,0,0,1,0,2,0,0,0,0,0,0,1,15,1 critical alert(s); 1 malware/ransomware alert(s); 2 lateral-movement alert(s),5,3,0,3,0,4,0,0,0,0,0,0,High,Gaurang Pathak,Supply Chain,Active
EMP12581,3,0,1,3,0,0,0,1,0,0,1,0,3,0,1,15,1 lateral-movement alert(s); 3 inactive-user event(s),0,3,0,0,0,2,0,0,1,0,9,0,High,Sai Sani,Finance Dept,Inactive
EMP12585,3,1,0,3,1,2,0,0,0,0,0,0,0,1,1,15,1 critical alert(s); 1 unresolved critical alert(s); 2 malware/ransomware alert(s); 1 identity review concern(s),5,0,3,6,0,0,0,0,0,0,0,1,High,Lakshmi Narula,Operations,Active
EMP12712,3,0,0,3,0,2,0,0,0,0,0,0,3,0,1,15,2 malware/ransomware alert(s); 3 inactive-user event(s),0,0,0,6,0,0,0,0,0,0,9,0,High,Dayita Char,It Support,Disabled
EMP12857,3,1,0,3,1,2,0,0,0,0,1,0,0,0,1,15,1 critical alert(s); 1 unresolved critical alert(s); 2 malware/ransomware alert(s),5,0,3,6,0,0,0,0,1,0,0,0,High,Edhitha Loyal,Purchase,Active
EMP12858,3,1,1,1,0,2,0,0,0,0,0,1,0,0,1,15,1 critical alert(s); 2 malware/ransomware alert(s),5,3,0,6,0,0,0,0,0,1,0,0,High,Devansh Sen,Purch,Active
EMP10198,2,1,1,1,1,1,0,0,0,0,1,0,0,0,1,15,1 critical alert(s); 1 unresolved critical alert(s); 1 malware/ransomware alert(s),5,3,3,3,0,0,0,0,1,0,0,0,High,Ansh Barad,Innovation,Active
EMP10370,2,1,0,2,1,0,0,0,0,0,1,0,2,0,1,15,1 critical alert(s); 1 unresolved critical alert(s); 2 inactive-user event(s),5,0,3,0,0,0,0,0,1,0,6,0,High,Tejas Dhaliwal,Customer Support,Disabled
EMP10424,2,1,0,2,1,2,0,0,0,0,0,0,0,1,1,15,1 critical alert(s); 1 unresolved critical alert(s); 2 malware/ransomware alert(s); 1 identity review concern(s),5,0,3,6,0,0,0,0,0,0,0,1,High,Eesha Basu,Brand Team,Active
EMP10792,2,0,1,2,0,2,0,0,0,0,0,0,2,0,1,15,2 malware/ransomware alert(s); 2 inactive-user event(s),0,3,0,6,0,0,0,0,0,0,6,0,High,Zayan Khanna,Operations,Inactive
EMP10834,2,0,2,2,0,0,1,0,0,0,0,0,2,1,1,15,1 PowerShell alert(s); 2 inactive-user event(s); 1 identity review concern(s),0,6,0,0,2,0,0,0,0,0,6,1,High,Warda Rege,Compliance,Disabled
EMP10926,2,1,0,2,1,1,0,0,1,0,0,0,0,2,1,15,1 critical alert(s); 1 unresolved critical alert(s); 1 malware/ransomware alert(s); 1 credential-access alert(s); 2 identity review concern(s),5,0,3,3,0,0,2,0,0,0,0,2,High,Ishaan Narang,Purch,Active
EMP11085,2,1,1,2,1,0,1,1,0,0,0,0,0,0,1,15,1 critical alert(s); 1 unresolved critical alert(s); 1 PowerShell alert(s); 1 lateral-movement alert(s),5,3,3,0,2,2,0,0,0,0,0,0,High,Finn Kurian,Support,Active
EMP11142,2,1,1,2,1,0,0,1,1,0,0,0,0,0,1,15,1 critical alert(s); 1 unresolved critical alert(s); 1 lateral-movement alert(s); 1 credential-access alert(s),5,3,3,0,0,2,2,0,0,0,0,0,High,Vasatika Sidhu,R&D,Active
EMP11557,2,1,0,2,1,0,0,0,0,0,1,0,2,0,1,15,1 critical alert(s); 1 unresolved critical alert(s); 2 inactive-user event(s),5,0,3,0,0,0,0,0,1,0,6,0,High,Oscar Kari,Sales,Disabled
EMP11661,2,0,1,1,0,2,0,0,0,0,0,0,2,0,1,15,2 malware/ransomware alert(s); 2 inactive-user event(s),0,3,0,6,0,0,0,0,0,0,6,0,High,Rachana Badami,Finance Dept,Inactive
EMP11689,2,1,0,0,0,1,0,0,0,0,1,0,2,0,1,15,1 critical alert(s); 1 malware/ransomware alert(s); 2 inactive-user event(s),5,0,0,3,0,0,0,0,1,0,6,0,High,Vaishnavi Kant,Fin,Disabled
EMP11717,2,1,0,2,1,0,0,0,0,0,1,0,2,0,1,15,1 critical alert(s); 1 unresolved critical alert(s); 2 inactive-user event(s),5,0,3,0,0,0,0,0,1,0,6,0,High,Jatin Saha,It Dept,Inactive
EMP11975,2,0,1,1,0,2,0,0,0,0,0,0,2,0,1,15,2 malware/ransomware alert(s); 2 inactive-user event(s),0,3,0,6,0,0,0,0,0,0,6,0,High,Turvi Munshi,Ops Team,Inactive
EMP12012,2,0,2,1,0,0,1,0,0,0,0,0,2,1,1,15,1 PowerShell alert(s); 2 inactive-user event(s); 1 identity review concern(s),0,6,0,0,2,0,0,0,0,0,6,1,High,Chakradhar Koshy,Procurement,Disabled
EMP12022,2,1,1,2,1,0,1,0,1,0,0,0,0,0,1,15,1 critical alert(s); 1 unresolved critical alert(s); 1 PowerShell alert(s); 1 credential-access alert(s),5,3,3,0,2,0,2,0,0,0,0,0,High,Zayyan Dayal,Operations Dept,Active
EMP12233,2,0,1,1,0,2,0,0,0,0,0,0,2,0,1,15,2 malware/ransomware alert(s); 2 inactive-user event(s),0,3,0,6,0,0,0,0,0,0,6,0,High,Manan Apte,Ops,Disabled
EMP12313,2,1,1,2,1,0,0,1,0,0,1,0,0,1,1,15,1 critical alert(s); 1 unresolved critical alert(s); 1 lateral-movement alert(s); 1 identity review concern(s),5,3,3,0,0,2,0,0,1,0,0,1,High,Advay Zacharia,Information Tech,Active
EMP12538,2,1,1,2,1,0,1,0,1,0,0,0,0,0,1,15,1 critical alert(s); 1 unresolved critical alert(s); 1 PowerShell alert(s); 1 credential-access alert(s),5,3,3,0,2,0,2,0,0,0,0,0,High,Ekapad Nayar,Marketing Dept,Active
EMP12637,2,1,1,1,1,0,2,0,0,0,0,0,0,0,1,15,1 critical alert(s); 1 unresolved critical alert(s); 2 PowerShell alert(s),5,3,3,0,4,0,0,0,0,0,0,0,High,Ijaya Naik,Ops,Active
EMP12678,2,1,0,2,1,1,0,1,0,0,0,0,0,2,1,15,1 critical alert(s); 1 unresolved critical alert(s); 1 malware/ransomware alert(s); 1 lateral-movement alert(s); 2 identity review concern(s),5,0,3,3,0,2,0,0,0,0,0,2,High,,,
EMP10378,7,0,1,5,0,0,1,2,2,0,1,0,0,0,1,14,1 PowerShell alert(s); 2 lateral-movement alert(s); 2 credential-access alert(s),0,3,0,0,2,4,4,0,1,0,0,0,High,Falguni Gera,Operations Dept,Active
EMP11387,6,0,0,5,0,3,2,0,0,0,0,0,0,1,1,14,3 malware/ransomware alert(s); 2 PowerShell alert(s); 1 identity review concern(s),0,0,0,9,4,0,0,0,0,0,0,1,High,Ethan Shanker,Operations,Active
EMP10605,5,0,0,3,0,3,1,0,0,0,1,0,0,2,1,14,3 malware/ransomware alert(s); 1 PowerShell alert(s); 2 identity review concern(s),0,0,0,9,2,0,0,0,1,0,0,2,High,Owen Kashyap,Procurement Team,Active
EMP10697,5,1,0,3,1,2,0,0,0,0,0,0,0,0,1,14,1 critical alert(s); 1 unresolved critical alert(s); 2 malware/ransomware alert(s),5,0,3,6,0,0,0,0,0,0,0,0,High,Omisha Suri,It Support,Active
EMP10740,5,0,1,5,0,1,1,3,0,0,0,0,0,0,1,14,1 malware/ransomware alert(s); 1 PowerShell alert(s); 3 lateral-movement alert(s),0,3,0,3,2,6,0,0,0,0,0,0,High,Devansh Raman,Finance,Active
EMP10741,5,0,2,4,0,1,1,0,0,0,2,0,0,1,1,14,1 malware/ransomware alert(s); 1 PowerShell alert(s); 1 identity review concern(s),0,6,0,3,2,0,0,0,2,0,0,1,High,Libni Bhatnagar,It Dept,Active
EMP10808,5,0,1,3,0,1,0,3,1,0,0,0,0,0,1,14,1 malware/ransomware alert(s); 3 lateral-movement alert(s); 1 credential-access alert(s),0,3,0,3,0,6,2,0,0,0,0,0,High,Chakrika Wable,Information Technology,Active
EMP11197,5,0,1,3,0,2,0,1,1,0,0,0,0,1,1,14,2 malware/ransomware alert(s); 1 lateral-movement alert(s); 1 credential-access alert(s); 1 identity review concern(s),0,3,0,6,0,2,2,0,0,0,0,1,High,Oliver Venkataraman,Sales Dept,Active
EMP11431,5,0,2,5,0,1,0,1,1,0,1,0,0,0,1,14,1 malware/ransomware alert(s); 1 lateral-movement alert(s); 1 credential-access alert(s),0,6,0,3,0,2,2,0,1,0,0,0,High,Diya Dutt,Procurement,Active
EMP11636,5,0,0,2,0,4,0,0,0,0,1,0,0,1,1,14,4 malware/ransomware alert(s); 1 identity review concern(s),0,0,0,12,0,0,0,0,1,0,0,1,High,Yasti Wagle,Fin,Active
EMP11937,5,1,0,4,0,2,0,0,1,0,1,0,0,0,1,14,1 critical alert(s); 2 malware/ransomware alert(s); 1 credential-access alert(s),5,0,0,6,0,0,2,0,1,0,0,0,High,Omya Arya,Support,Active
EMP12635,5,1,1,5,1,0,0,1,0,0,1,0,0,0,1,14,1 critical alert(s); 1 unresolved critical alert(s); 1 lateral-movement alert(s),5,3,3,0,0,2,0,0,1,0,0,0,High,Ikbal Sharaf,Purch,Active
EMP12642,5,0,2,3,0,1,0,0,2,0,1,0,0,0,1,14,1 malware/ransomware alert(s); 2 credential-access alert(s),0,6,0,3,0,0,4,0,1,0,0,0,High,Jalsa Nagy,Customer Care,Active
EMP12694,5,0,0,3,0,4,0,0,1,0,0,0,0,0,1,14,4 malware/ransomware alert(s); 1 credential-access alert(s),0,0,0,12,0,0,2,0,0,0,0,0,High,Chaitaly Dugal,Customer Support,Active
EMP12898,5,1,0,3,0,2,0,0,0,0,3,0,0,0,1,14,1 critical alert(s); 2 malware/ransomware alert(s),5,0,0,6,0,0,0,0,3,0,0,0,High,Unnati Kaur,Legal Dept,Active
EMP10083,4,0,1,2,0,1,0,1,1,0,0,0,0,4,1,14,1 malware/ransomware alert(s); 1 lateral-movement alert(s); 1 credential-access alert(s); 4 identity review concern(s),0,3,0,3,0,2,2,0,0,0,0,4,High,Hemang Pingle,Research And Development,Active
EMP10436,4,0,2,3,0,1,1,1,0,0,0,0,0,1,1,14,1 malware/ransomware alert(s); 1 PowerShell alert(s); 1 lateral-movement alert(s); 1 identity review concern(s),0,6,0,3,2,2,0,0,0,0,0,1,High,Omkaar Pau,Sales,Active
EMP10461,4,0,0,1,0,2,0,1,1,0,0,0,0,4,1,14,2 malware/ransomware alert(s); 1 lateral-movement alert(s); 1 credential-access alert(s); 4 identity review concern(s),0,0,0,6,0,2,2,0,0,0,0,4,High,Nidra Mahal,Research And Development,Active
EMP10732,4,0,1,2,0,3,0,0,1,0,0,0,0,0,1,14,3 malware/ransomware alert(s); 1 credential-access alert(s),0,3,0,9,0,0,2,0,0,0,0,0,High,Peter Khatri,Support,On Leave
EMP10858,4,0,1,3,0,2,1,1,0,0,0,1,0,0,1,14,2 malware/ransomware alert(s); 1 PowerShell alert(s); 1 lateral-movement alert(s),0,3,0,6,2,2,0,0,0,1,0,0,High,Aditya Bhakta,Supply Chain,Active
EMP10949,4,0,2,4,0,1,0,1,0,0,2,0,0,1,1,14,1 malware/ransomware alert(s); 1 lateral-movement alert(s); 1 identity review concern(s),0,6,0,3,0,2,0,0,2,0,0,1,High,Rachita Gala,Cs,Active
EMP11062,4,1,0,1,0,0,1,2,1,0,0,0,0,1,1,14,1 critical alert(s); 1 PowerShell alert(s); 2 lateral-movement alert(s); 1 credential-access alert(s); 1 identity review concern(s),5,0,0,0,2,4,2,0,0,0,0,1,High,Vedant Halder,Legal,Active
EMP11212,4,1,0,1,0,1,0,2,0,0,0,0,0,2,1,14,1 critical alert(s); 1 malware/ransomware alert(s); 2 lateral-movement alert(s); 2 identity review concern(s),5,0,0,3,0,4,0,0,0,0,0,2,High,Naksh Kalita,Customer Support,Active
EMP11247,4,0,1,3,0,2,1,1,0,0,0,0,0,1,1,14,2 malware/ransomware alert(s); 1 PowerShell alert(s); 1 lateral-movement alert(s); 1 identity review concern(s),0,3,0,6,2,2,0,0,0,0,0,1,High,Riya Khare,Operations Dept,Active
EMP11393,4,0,1,3,0,3,0,0,0,0,1,0,0,1,1,14,3 malware/ransomware alert(s); 1 identity review concern(s),0,3,0,9,0,0,0,0,1,0,0,1,High,Rishi Iyengar,Sales Team,Active
EMP11438,4,1,0,3,1,1,0,1,0,0,1,0,0,0,1,14,1 critical alert(s); 1 unresolved critical alert(s); 1 malware/ransomware alert(s); 1 lateral-movement alert(s),5,0,3,3,0,2,0,0,1,0,0,0,High,Joshua Patel,Support,Active
EMP11519,4,0,2,1,0,0,1,0,0,0,2,0,0,4,1,14,1 PowerShell alert(s); 4 identity review concern(s),0,6,0,0,2,0,0,0,2,0,0,4,High,Jagvi Kar,Finance,On Leave
EMP11583,4,0,0,2,0,3,0,0,0,0,0,1,0,4,1,14,3 malware/ransomware alert(s); 4 identity review concern(s),0,0,0,9,0,0,0,0,0,1,0,4,High,,,
EMP11604,4,0,3,2,0,0,0,1,1,0,1,0,0,0,1,14,1 lateral-movement alert(s); 1 credential-access alert(s),0,9,0,0,0,2,2,0,1,0,0,0,High,Aashi Bajaj,Rnd,Active
EMP11632,4,0,0,2,0,2,1,1,0,0,0,0,0,4,1,14,2 malware/ransomware alert(s); 1 PowerShell alert(s); 1 lateral-movement alert(s); 4 identity review concern(s),0,0,0,6,2,2,0,0,0,0,0,4,High,Wridesh Thakur,Brand Team,Active
EMP11741,4,0,0,3,0,3,0,1,0,0,0,0,0,3,1,14,3 malware/ransomware alert(s); 1 lateral-movement alert(s); 3 identity review concern(s),0,0,0,9,0,2,0,0,0,0,0,3,High,Warda Rajagopal,Customer Support,Active
EMP11894,4,0,2,2,0,0,0,0,1,0,2,0,0,4,1,14,1 credential-access alert(s); 4 identity review concern(s),0,6,0,0,0,0,2,0,2,0,0,4,High,Hema Grover,Information Technology,Active
EMP11964,4,0,1,4,0,2,1,1,0,0,0,0,0,1,1,14,2 malware/ransomware alert(s); 1 PowerShell alert(s); 1 lateral-movement alert(s); 1 identity review concern(s),0,3,0,6,2,2,0,0,0,0,0,1,High,Priya Lad,Hr Dept,Active
EMP11982,4,0,2,4,0,0,1,2,0,0,0,0,0,2,1,14,1 PowerShell alert(s); 2 lateral-movement alert(s); 2 identity review concern(s),0,6,0,0,2,4,0,0,0,0,0,2,High,Parth Raval,Human Resources,Active
EMP12007,4,0,3,4,0,0,2,0,0,0,1,0,0,0,1,14,2 PowerShell alert(s),0,9,0,0,4,0,0,0,1,0,0,0,High,Rajata Sem,Purchase,Active
EMP12140,4,1,0,3,0,1,1,1,1,0,0,0,0,0,1,14,1 critical alert(s); 1 malware/ransomware alert(s); 1 PowerShell alert(s); 1 lateral-movement alert(s); 1 credential-access alert(s),5,0,0,3,2,2,2,0,0,0,0,0,High,Neelima Koshy,Human Resources,Active
EMP12157,4,0,1,2,0,2,1,1,0,0,0,0,0,1,1,14,2 malware/ransomware alert(s); 1 PowerShell alert(s); 1 lateral-movement alert(s); 1 identity review concern(s),0,3,0,6,2,2,0,0,0,0,0,1,High,Vansha Chadha,Brand Team,Active
EMP12171,4,1,0,2,0,1,1,1,0,0,1,0,0,1,1,14,1 critical alert(s); 1 malware/ransomware alert(s); 1 PowerShell alert(s); 1 lateral-movement alert(s); 1 identity review concern(s),5,0,0,3,2,2,0,0,1,0,0,1,High,Bishakha Bajaj,Hr Dept,Active
EMP12272,4,0,0,3,0,1,2,1,0,0,0,1,0,4,1,14,1 malware/ransomware alert(s); 2 PowerShell alert(s); 1 lateral-movement alert(s); 4 identity review concern(s),0,0,0,3,4,2,0,0,0,1,0,4,High,,,
EMP12543,4,0,1,2,0,2,0,0,2,0,0,0,0,1,1,14,2 malware/ransomware alert(s); 2 credential-access alert(s); 1 identity review concern(s),0,3,0,6,0,0,4,0,0,0,0,1,High,Zayan Gole,Accounts,Active
EMP12577,4,0,0,2,0,2,1,1,0,0,0,0,0,4,1,14,2 malware/ransomware alert(s); 1 PowerShell alert(s); 1 lateral-movement alert(s); 4 identity review concern(s),0,0,0,6,2,2,0,0,0,0,0,4,High,Kala Rai,Rnd,Active
EMP10076,3,1,0,2,1,1,0,0,1,0,1,0,0,0,1,14,1 critical alert(s); 1 unresolved critical alert(s); 1 malware/ransomware alert(s); 1 credential-access alert(s),5,0,3,3,0,0,2,0,1,0,0,0,High,Yamini Tata,Rd,Active
EMP10146,3,0,2,3,0,2,0,0,1,0,0,0,0,0,1,14,2 malware/ransomware alert(s); 1 credential-access alert(s),0,6,0,6,0,0,2,0,0,0,0,0,High,Maanas Reddy,Finance Dept,Active
EMP10148,3,0,2,1,0,2,1,0,0,0,0,0,0,0,1,14,2 malware/ransomware alert(s); 1 PowerShell alert(s),0,6,0,6,2,0,0,0,0,0,0,0,High,Ria Ramakrishnan,Information Tech,Active
EMP10268,3,1,1,2,0,0,0,1,2,0,0,0,0,0,1,14,1 critical alert(s); 1 lateral-movement alert(s); 2 credential-access alert(s),5,3,0,0,0,2,4,0,0,0,0,0,High,Yagnesh Parikh,Ops Team,Active
EMP10617,3,1,0,1,1,1,1,0,0,0,1,0,0,0,1,14,1 critical alert(s); 1 unresolved critical alert(s); 1 malware/ransomware alert(s); 1 PowerShell alert(s),5,0,3,3,2,0,0,0,1,0,0,0,High,Gaurav Rajagopal,Customer Support,Active
EMP10619,3,1,0,3,1,1,1,0,0,0,1,0,0,0,1,14,1 critical alert(s); 1 unresolved critical alert(s); 1 malware/ransomware alert(s); 1 PowerShell alert(s),5,0,3,3,2,0,0,0,1,0,0,0,High,Qabil Dhaliwal,Legal Dept,Active
EMP10670,3,0,0,1,0,1,0,0,0,0,1,0,3,1,1,14,1 malware/ransomware alert(s); 3 inactive-user event(s); 1 identity review concern(s),0,0,0,3,0,0,0,0,1,0,9,1,High,Lekha Prabhu,It Dept,Inactive
EMP10698,3,0,1,1,0,2,0,0,1,0,0,0,0,3,1,14,2 malware/ransomware alert(s); 1 credential-access alert(s); 3 identity review concern(s),0,3,0,6,0,0,2,0,0,0,0,3,High,Yashvi Korpal,Rnd,Active
EMP10712,3,1,0,1,1,1,1,0,0,0,0,0,0,1,1,14,1 critical alert(s); 1 unresolved critical alert(s); 1 malware/ransomware alert(s); 1 PowerShell alert(s); 1 identity review concern(s),5,0,3,3,2,0,0,0,0,0,0,1,High,Manya Bhatti,Sales Dept,Active
EMP11008,3,0,2,2,0,2,0,0,1,0,0,0,0,0,1,14,2 malware/ransomware alert(s); 1 credential-access alert(s),0,6,0,6,0,0,2,0,0,0,0,0,High,Jason Ravi,Ops,Active
EMP11034,3,0,1,3,0,3,0,0,0,0,0,0,0,2,1,14,3 malware/ransomware alert(s); 2 identity review concern(s),0,3,0,9,0,0,0,0,0,0,0,2,High,Anamika Gala,Legal,Active
EMP11094,3,1,0,2,1,0,1,1,1,0,0,0,0,0,1,14,1 critical alert(s); 1 unresolved critical alert(s); 1 PowerShell alert(s); 1 lateral-movement alert(s); 1 credential-access alert(s),5,0,3,0,2,2,2,0,0,0,0,0,High,Bimala Narasimhan,Ops Team,Active
EMP11170,3,0,2,2,0,1,0,1,1,0,0,0,0,1,1,14,1 malware/ransomware alert(s); 1 lateral-movement alert(s); 1 credential-access alert(s); 1 identity review concern(s),0,6,0,3,0,2,2,0,0,0,0,1,High,Upasna Kuruvilla,Call Center,Active
EMP11253,3,1,0,3,1,1,1,0,0,0,0,0,0,1,1,14,1 critical alert(s); 1 unresolved critical alert(s); 1 malware/ransomware alert(s); 1 PowerShell alert(s); 1 identity review concern(s),5,0,3,3,2,0,0,0,0,0,0,1,High,Bachittar Sathe,Rnd,Active
EMP11409,3,1,1,2,0,1,0,0,1,0,0,0,0,1,1,14,1 critical alert(s); 1 malware/ransomware alert(s); 1 credential-access alert(s); 1 identity review concern(s),5,3,0,3,0,0,2,0,0,0,0,1,High,Anay Din,Procurement,Active
EMP11526,3,1,1,2,0,1,1,0,0,0,1,0,0,0,1,14,1 critical alert(s); 1 malware/ransomware alert(s); 1 PowerShell alert(s),5,3,0,3,2,0,0,0,1,0,0,0,High,Devansh Nazareth,Purchase,Active
EMP11569,3,0,2,2,0,1,2,0,0,0,0,1,0,0,1,14,1 malware/ransomware alert(s); 2 PowerShell alert(s),0,6,0,3,4,0,0,0,0,1,0,0,High,Lakshit Dutt,Accounts,Active
EMP11637,3,1,0,3,1,2,0,0,0,0,0,0,0,0,1,14,1 critical alert(s); 1 unresolved critical alert(s); 2 malware/ransomware alert(s),5,0,3,6,0,0,0,0,0,0,0,0,High,Daniel Raj,People Team,Active
EMP11860,3,0,2,3,0,2,0,0,0,0,1,0,0,1,1,14,2 malware/ransomware alert(s); 1 identity review concern(s),0,6,0,6,0,0,0,0,1,0,0,1,High,Gautami Johal,Sales Team,On Leave
EMP11990,3,0,1,3,0,2,1,0,0,0,0,0,0,3,1,14,2 malware/ransomware alert(s); 1 PowerShell alert(s); 3 identity review concern(s),0,3,0,6,2,0,0,0,0,0,0,3,High,Neel Bhalla,Legal Dept,Active
EMP12020,3,1,1,2,0,1,1,0,0,0,1,0,0,0,1,14,1 critical alert(s); 1 malware/ransomware alert(s); 1 PowerShell alert(s),5,3,0,3,2,0,0,0,1,0,0,0,High,Wyatt Sharaf,Procurement Team,Active
EMP12148,3,0,0,1,0,0,0,1,1,0,1,0,3,0,1,14,1 lateral-movement alert(s); 1 credential-access alert(s); 3 inactive-user event(s),0,0,0,0,0,2,2,0,1,0,9,0,High,Ridhi Kota,Business Sales,Disabled
EMP12163,3,0,1,2,0,3,0,0,0,0,0,1,0,1,1,14,3 malware/ransomware alert(s); 1 identity review concern(s),0,3,0,9,0,0,0,0,0,1,0,1,High,Ethan Dhillon,Fin,Active
EMP12435,3,0,1,2,0,0,0,0,1,0,0,0,3,0,1,14,1 credential-access alert(s); 3 inactive-user event(s),0,3,0,0,0,0,2,0,0,0,9,0,High,Vasana Pandey,Call Center,Inactive
EMP12445,3,0,3,1,0,0,2,0,0,0,1,0,0,0,1,14,2 PowerShell alert(s),0,9,0,0,4,0,0,0,1,0,0,0,High,Madhavi Pandya,Human Resources,Active
EMP12452,3,1,0,2,1,0,1,0,1,0,1,0,0,1,1,14,1 critical alert(s); 1 unresolved critical alert(s); 1 PowerShell alert(s); 1 credential-access alert(s); 1 identity review concern(s),5,0,3,0,2,0,2,0,1,0,0,1,High,Hritik Raman,It,Active
EMP12503,3,0,2,2,0,2,0,1,0,0,0,0,0,0,1,14,2 malware/ransomware alert(s); 1 lateral-movement alert(s),0,6,0,6,0,2,0,0,0,0,0,0,High,Gautam Sastry,Support,Active
EMP12609,3,1,0,2,0,1,0,1,1,0,0,0,0,2,1,14,1 critical alert(s); 1 malware/ransomware alert(s); 1 lateral-movement alert(s); 1 credential-access alert(s); 2 identity review concern(s),5,0,0,3,0,2,2,0,0,0,0,2,High,Gagan Sankar,Compliance,Active
EMP12618,3,0,0,2,0,1,1,0,0,0,0,0,3,0,1,14,1 malware/ransomware alert(s); 1 PowerShell alert(s); 3 inactive-user event(s),0,0,0,3,2,0,0,0,0,0,9,0,High,Mohini Kaul,Finance,Inactive
EMP12697,3,0,0,2,0,1,0,0,0,0,1,0,3,1,1,14,1 malware/ransomware alert(s); 3 inactive-user event(s); 1 identity review concern(s),0,0,0,3,0,0,0,0,1,0,9,1,High,Damini Dara,Finance,Inactive
EMP12726,3,1,0,2,1,1,1,0,0,0,0,0,0,1,1,14,1 critical alert(s); 1 unresolved critical alert(s); 1 malware/ransomware alert(s); 1 PowerShell alert(s); 1 identity review concern(s),5,0,3,3,2,0,0,0,0,0,0,1,High,Kamya Rana,Information Technology,Active
EMP12751,3,0,1,1,0,2,0,0,1,0,0,0,0,3,1,14,2 malware/ransomware alert(s); 1 credential-access alert(s); 3 identity review concern(s),0,3,0,6,0,0,2,0,0,0,0,3,High,William Narang,Customer Care,Active
EMP12847,3,0,0,2,0,1,1,0,0,0,0,0,3,0,1,14,1 malware/ransomware alert(s); 1 PowerShell alert(s); 3 inactive-user event(s),0,0,0,3,2,0,0,0,0,0,9,0,High,Faraj Shanker,Human Resources,Disabled
EMP10005,2,0,1,1,0,1,1,0,0,0,0,0,2,0,1,14,1 malware/ransomware alert(s); 1 PowerShell alert(s); 2 inactive-user event(s),0,3,0,3,2,0,0,0,0,0,6,0,High,Adweta Seth,Support,Inactive
EMP10015,2,0,1,2,0,1,1,0,0,0,0,0,2,0,1,14,1 malware/ransomware alert(s); 1 PowerShell alert(s); 2 inactive-user event(s),0,3,0,3,2,0,0,0,0,0,6,0,High,Isaiah Swaminathan,Marketing Dept,Inactive
EMP10173,2,1,0,1,1,2,0,0,0,0,0,0,0,0,1,14,1 critical alert(s); 1 unresolved critical alert(s); 2 malware/ransomware alert(s),5,0,3,6,0,0,0,0,0,0,0,0,High,Dalbir Sem,R&D,On Leave
EMP10246,2,0,1,2,0,1,0,0,1,0,0,0,2,0,1,14,1 malware/ransomware alert(s); 1 credential-access alert(s); 2 inactive-user event(s),0,3,0,3,0,0,2,0,0,0,6,0,High,Rohan Dash,Legal,Disabled
EMP10252,2,1,1,2,1,0,0,0,0,0,1,0,0,2,1,14,1 critical alert(s); 1 unresolved critical alert(s); 2 identity review concern(s),5,3,3,0,0,0,0,0,1,0,0,2,High,Darsh Bal,R&D,Active
EMP10332,2,1,0,2,1,2,0,0,0,0,0,0,0,0,1,14,1 critical alert(s); 1 unresolved critical alert(s); 2 malware/ransomware alert(s),5,0,3,6,0,0,0,0,0,0,0,0,High,Ijaya Palla,Procurement Team,Active
EMP10342,2,0,0,0,0,2,0,0,0,0,0,0,2,2,1,14,2 malware/ransomware alert(s); 2 inactive-user event(s); 2 identity review concern(s),0,0,0,6,0,0,0,0,0,0,6,2,High,Harita Bhasin,Supply Chain,Disabled
EMP10475,2,1,0,2,1,1,0,1,0,0,0,0,0,1,1,14,1 critical alert(s); 1 unresolved critical alert(s); 1 malware/ransomware alert(s); 1 lateral-movement alert(s); 1 identity review concern(s),5,0,3,3,0,2,0,0,0,0,0,1,High,Nachiket Bhatia,Information Tech,Active
EMP10544,2,0,1,2,0,1,0,1,0,0,0,0,2,0,1,14,1 malware/ransomware alert(s); 1 lateral-movement alert(s); 2 inactive-user event(s),0,3,0,3,0,2,0,0,0,0,6,0,High,Harita Sura,Hr Dept,Disabled
EMP10664,2,1,0,2,1,2,0,0,0,0,0,0,0,0,1,14,1 critical alert(s); 1 unresolved critical alert(s); 2 malware/ransomware alert(s),5,0,3,6,0,0,0,0,0,0,0,0,High,Yauvani Bajwa,Operations Dept,Active
EMP10682,2,0,1,0,0,0,2,0,0,0,0,0,2,1,1,14,2 PowerShell alert(s); 2 inactive-user event(s); 1 identity review concern(s),0,3,0,0,4,0,0,0,0,0,6,1,High,Dhruv Sami,Rd,Inactive
EMP10889,2,1,0,2,1,1,0,1,0,0,0,0,0,1,1,14,1 critical alert(s); 1 unresolved critical alert(s); 1 malware/ransomware alert(s); 1 lateral-movement alert(s); 1 identity review concern(s),5,0,3,3,0,2,0,0,0,0,0,1,High,Chanchal Tank,Mkt,Active
EMP11070,2,0,1,1,0,1,0,0,0,0,1,0,2,1,1,14,1 malware/ransomware alert(s); 2 inactive-user event(s); 1 identity review concern(s),0,3,0,3,0,0,0,0,1,0,6,1,High,Megha Arya,Legal,Inactive
EMP11176,2,1,0,1,1,1,1,0,0,0,0,0,0,1,1,14,1 critical alert(s); 1 unresolved critical alert(s); 1 malware/ransomware alert(s); 1 PowerShell alert(s); 1 identity review concern(s),5,0,3,3,2,0,0,0,0,0,0,1,High,Saanvi Dass,Procurement Team,Active
EMP11321,2,0,1,2,0,1,0,1,0,0,0,0,2,0,1,14,1 malware/ransomware alert(s); 1 lateral-movement alert(s); 2 inactive-user event(s),0,3,0,3,0,2,0,0,0,0,6,0,High,Arin Rattan,Legal,Inactive
EMP11323,2,0,1,1,0,0,1,0,0,0,1,1,2,1,1,14,1 PowerShell alert(s); 2 inactive-user event(s); 1 identity review concern(s),0,3,0,0,2,0,0,0,1,1,6,1,High,Frederick Shetty,Support,Inactive
EMP11324,2,1,0,2,1,1,0,0,0,0,1,0,0,2,1,14,1 critical alert(s); 1 unresolved critical alert(s); 1 malware/ransomware alert(s); 2 identity review concern(s),5,0,3,3,0,0,0,0,1,0,0,2,High,Yash Rattan,Sales,Active
EMP11720,2,1,0,2,1,2,0,0,0,0,0,0,0,0,1,14,1 critical alert(s); 1 unresolved critical alert(s); 2 malware/ransomware alert(s),5,0,3,6,0,0,0,0,0,0,0,0,High,Faqid Dixit,Research And Development,Active
EMP11731,2,1,0,2,1,1,1,0,0,0,0,0,0,1,1,14,1 critical alert(s); 1 unresolved critical alert(s); 1 malware/ransomware alert(s); 1 PowerShell alert(s); 1 identity review concern(s),5,0,3,3,2,0,0,0,0,0,0,1,High,Mahika Bhargava,Business Sales,Active
EMP11746,2,1,0,2,1,2,0,0,0,0,0,0,0,0,1,14,1 critical alert(s); 1 unresolved critical alert(s); 2 malware/ransomware alert(s),5,0,3,6,0,0,0,0,0,0,0,0,High,Nimrat Chhabra,Hr,Active
EMP11831,2,1,0,1,1,2,0,0,0,0,0,0,0,0,1,14,1 critical alert(s); 1 unresolved critical alert(s); 2 malware/ransomware alert(s),5,0,3,6,0,0,0,0,0,0,0,0,High,Chaaya Vasa,Supply Chain,Active
EMP11977,2,1,0,2,1,2,0,0,0,0,0,0,0,0,1,14,1 critical alert(s); 1 unresolved critical alert(s); 2 malware/ransomware alert(s),5,0,3,6,0,0,0,0,0,0,0,0,High,Rudra Gokhale,It,Active
EMP12114,2,1,0,1,1,1,0,1,0,0,0,0,0,1,1,14,1 critical alert(s); 1 unresolved critical alert(s); 1 malware/ransomware alert(s); 1 lateral-movement alert(s); 1 identity review concern(s),5,0,3,3,0,2,0,0,0,0,0,1,High,Omkaar Srinivasan,R&D,Active
EMP12150,2,0,1,1,0,0,1,0,1,0,0,0,2,1,1,14,1 PowerShell alert(s); 1 credential-access alert(s); 2 inactive-user event(s); 1 identity review concern(s),0,3,0,0,2,0,2,0,0,0,6,1,High,Ekta Pall,Legal,Inactive
EMP12159,2,0,0,2,0,2,0,0,0,0,0,0,2,2,1,14,2 malware/ransomware alert(s); 2 inactive-user event(s); 2 identity review concern(s),0,0,0,6,0,0,0,0,0,0,6,2,High,Mitesh Chaudhry,Rnd,Inactive
EMP12264,2,1,0,1,1,1,0,1,0,0,0,0,0,1,1,14,1 critical alert(s); 1 unresolved critical alert(s); 1 malware/ransomware alert(s); 1 lateral-movement alert(s); 1 identity review concern(s),5,0,3,3,0,2,0,0,0,0,0,1,High,Yoshita Kaur,Finance,Active
EMP12299,2,0,2,2,0,0,0,0,0,0,2,0,2,0,1,14,2 inactive-user event(s),0,6,0,0,0,0,0,0,2,0,6,0,High,Arunima Dube,Sales Team,Inactive
EMP12566,2,0,1,2,0,1,0,0,0,0,1,0,2,1,1,14,1 malware/ransomware alert(s); 2 inactive-user event(s); 1 identity review concern(s),0,3,0,3,0,0,0,0,1,0,6,1,High,Upadhriti Wason,Innovation,Inactive
EMP12680,2,1,1,1,1,0,1,0,0,0,1,0,0,0,1,14,1 critical alert(s); 1 unresolved critical alert(s); 1 PowerShell alert(s),5,3,3,0,2,0,0,0,1,0,0,0,High,Ranveer Gokhale,Legal Dept,Active
EMP12906,2,1,1,0,0,2,0,0,0,0,0,0,0,0,1,14,1 critical alert(s); 2 malware/ransomware alert(s),5,3,0,6,0,0,0,0,0,0,0,0,High,Aishani Dayal,Sales Dept,Active
EMP11882,1,1,0,1,1,1,0,0,0,0,0,0,1,0,1,14,1 critical alert(s); 1 unresolved critical alert(s); 1 malware/ransomware alert(s); 1 inactive-user event(s),5,0,3,3,0,0,0,0,0,0,3,0,High,Sai Garde,Human Resource,Disabled
EMP10784,7,0,0,7,0,3,1,0,0,0,0,0,0,2,1,13,3 malware/ransomware alert(s); 1 PowerShell alert(s); 2 identity review concern(s),0,0,0,9,2,0,0,0,0,0,0,2,High,Charles Kohli,Legal,Active
EMP10696,6,0,1,2,0,1,1,1,1,0,1,0,0,0,1,13,1 malware/ransomware alert(s); 1 PowerShell alert(s); 1 lateral-movement alert(s); 1 credential-access alert(s),0,3,0,3,2,2,2,0,1,0,0,0,High,George Krishnamurthy,Legal,Active
EMP10850,6,0,0,2,0,2,0,0,1,0,3,0,0,2,1,13,2 malware/ransomware alert(s); 1 credential-access alert(s); 2 identity review concern(s),0,0,0,6,0,0,2,0,3,0,0,2,High,Faqid Char,People Team,Active
EMP11714,6,0,0,2,0,2,1,0,0,0,3,1,0,1,1,13,2 malware/ransomware alert(s); 1 PowerShell alert(s); 1 identity review concern(s),0,0,0,6,2,0,0,0,3,1,0,1,High,Ekaraj Nagar,Sales,Active
EMP10118,5,0,1,3,0,1,1,1,1,0,0,1,0,0,1,13,1 malware/ransomware alert(s); 1 PowerShell alert(s); 1 lateral-movement alert(s); 1 credential-access alert(s),0,3,0,3,2,2,2,0,0,1,0,0,High,Sneha Prakash,Sales,Active
EMP10121,5,0,1,4,0,0,0,1,3,0,0,0,0,2,1,13,1 lateral-movement alert(s); 3 credential-access alert(s); 2 identity review concern(s),0,3,0,0,0,2,6,0,0,0,0,2,High,Mason Sarna,Rnd,Active
EMP10400,5,0,0,4,0,2,1,0,2,0,0,0,0,1,1,13,2 malware/ransomware alert(s); 1 PowerShell alert(s); 2 credential-access alert(s); 1 identity review concern(s),0,0,0,6,2,0,4,0,0,0,0,1,High,Hemang Rana,Legal,Active
EMP10492,5,0,1,5,0,3,0,0,0,0,1,0,0,0,1,13,3 malware/ransomware alert(s),0,3,0,9,0,0,0,0,1,0,0,0,High,Anamika Mutti,Legal Dept,Active
EMP10766,5,0,1,5,0,2,0,0,1,0,2,0,0,0,1,13,2 malware/ransomware alert(s); 1 credential-access alert(s),0,3,0,6,0,0,2,0,2,0,0,0,High,Vedika Kala,Sales,Active
EMP10817,5,0,1,5,0,1,3,0,0,0,0,0,0,1,1,13,1 malware/ransomware alert(s); 3 PowerShell alert(s); 1 identity review concern(s),0,3,0,3,6,0,0,0,0,0,0,1,High,Geetika Ganesh,Call Center,Active
EMP11056,5,0,2,4,0,0,0,1,1,0,3,0,0,0,1,13,1 lateral-movement alert(s); 1 credential-access alert(s),0,6,0,0,0,2,2,0,3,0,0,0,High,Yashoda Chada,Legal,Active
EMP11116,5,0,1,4,0,1,0,1,1,0,0,2,0,1,1,13,1 malware/ransomware alert(s); 1 lateral-movement alert(s); 1 credential-access alert(s); 1 identity review concern(s),0,3,0,3,0,2,2,0,0,2,0,1,High,Sneha Devi,Call Center,Active
EMP11263,5,0,1,4,0,2,1,0,0,0,1,0,0,1,1,13,2 malware/ransomware alert(s); 1 PowerShell alert(s); 1 identity review concern(s),0,3,0,6,2,0,0,0,1,0,0,1,High,Anirudh Warrior,Human Resource,Active
EMP11289,5,0,1,5,0,2,0,0,2,0,0,0,0,0,1,13,2 malware/ransomware alert(s); 2 credential-access alert(s),0,3,0,6,0,0,4,0,0,0,0,0,High,Alka Mody,Brand Team,Active
EMP11538,5,0,0,4,0,3,0,1,0,0,1,0,0,1,1,13,3 malware/ransomware alert(s); 1 lateral-movement alert(s); 1 identity review concern(s),0,0,0,9,0,2,0,0,1,0,0,1,High,Jai Chanda,Sales Team,Active
EMP11916,5,0,1,4,0,1,1,1,1,0,0,1,0,0,1,13,1 malware/ransomware alert(s); 1 PowerShell alert(s); 1 lateral-movement alert(s); 1 credential-access alert(s),0,3,0,3,2,2,2,0,0,1,0,0,High,Chandran Batta,Hr Dept,Active
EMP11998,5,0,1,5,0,2,2,0,0,0,0,0,0,0,1,13,2 malware/ransomware alert(s); 2 PowerShell alert(s),0,3,0,6,4,0,0,0,0,0,0,0,High,Nakul Sastry,Rnd,Active
EMP12702,5,0,2,3,0,1,1,0,0,0,1,0,0,1,1,13,1 malware/ransomware alert(s); 1 PowerShell alert(s); 1 identity review concern(s),0,6,0,3,2,0,0,0,1,0,0,1,High,Samuel Dubey,Supply Chain,Active
EMP12798,5,0,1,2,0,2,1,1,0,0,0,0,0,0,1,13,2 malware/ransomware alert(s); 1 PowerShell alert(s); 1 lateral-movement alert(s),0,3,0,6,2,2,0,0,0,0,0,0,High,Abhimanyu Trivedi,Sales Team,Active
EMP12893,5,0,2,3,0,1,0,0,2,0,0,0,0,0,1,13,1 malware/ransomware alert(s); 2 credential-access alert(s),0,6,0,3,0,0,4,0,0,0,0,0,High,Anay Dubey,Support,Active
EMP10049,4,0,3,4,0,0,0,1,1,0,0,0,0,0,1,13,1 lateral-movement alert(s); 1 credential-access alert(s),0,9,0,0,0,2,2,0,0,0,0,0,High,Luke Walia,Finance,Active
EMP10052,4,0,1,3,0,0,1,1,0,0,2,0,0,4,1,13,1 PowerShell alert(s); 1 lateral-movement alert(s); 4 identity review concern(s),0,3,0,0,2,2,0,0,2,0,0,4,High,,,
EMP10216,4,0,2,1,0,1,1,0,1,0,0,0,0,0,1,13,1 malware/ransomware alert(s); 1 PowerShell alert(s); 1 credential-access alert(s),0,6,0,3,2,0,2,0,0,0,0,0,High,Nitesh Devi,It Support,Active
EMP10217,4,0,1,4,0,2,1,0,0,0,1,0,0,1,1,13,2 malware/ransomware alert(s); 1 PowerShell alert(s); 1 identity review concern(s),0,3,0,6,2,0,0,0,1,0,0,1,High,Balvan Shere,It,Active
EMP10398,4,0,1,4,0,2,0,1,1,0,0,0,0,0,1,13,2 malware/ransomware alert(s); 1 lateral-movement alert(s); 1 credential-access alert(s),0,3,0,6,0,2,2,0,0,0,0,0,High,Lila Mall,Procurement Team,Active
EMP10482,4,0,2,4,0,0,0,2,0,0,1,1,0,1,1,13,2 lateral-movement alert(s); 1 identity review concern(s),0,6,0,0,0,4,0,0,1,1,0,1,High,Zayyan Pal,Information Tech,Active
EMP10585,4,0,1,2,0,3,0,0,0,0,1,0,0,0,1,13,3 malware/ransomware alert(s),0,3,0,9,0,0,0,0,1,0,0,0,High,Jagdish Reddy,Human Resource,Active
EMP10705,4,1,0,1,0,0,2,0,0,0,0,0,0,4,1,13,1 critical alert(s); 2 PowerShell alert(s); 4 identity review concern(s),5,0,0,0,4,0,0,0,0,0,0,4,High,Bimala Raval,Marketing Dept,Active
EMP10883,4,0,1,3,0,2,1,0,1,0,0,0,0,0,1,13,2 malware/ransomware alert(s); 1 PowerShell alert(s); 1 credential-access alert(s),0,3,0,6,2,0,2,0,0,0,0,0,High,Daniel Rattan,Accounts,Active
EMP10974,4,0,0,4,0,1,2,1,0,0,0,0,0,4,1,13,1 malware/ransomware alert(s); 2 PowerShell alert(s); 1 lateral-movement alert(s); 4 identity review concern(s),0,0,0,3,4,2,0,0,0,0,0,4,High,Laksh Dani,Purchase,Active
EMP11371,4,0,2,2,0,1,0,1,1,0,0,0,0,0,1,13,1 malware/ransomware alert(s); 1 lateral-movement alert(s); 1 credential-access alert(s),0,6,0,3,0,2,2,0,0,0,0,0,High,Chanakya Sharaf,Legal,Active
EMP11489,4,1,0,3,1,1,0,0,1,0,0,0,0,0,1,13,1 critical alert(s); 1 unresolved critical alert(s); 1 malware/ransomware alert(s); 1 credential-access alert(s),5,0,3,3,0,0,2,0,0,0,0,0,High,Anya Gandhi,Finance,Active
EMP11498,4,0,1,3,0,2,0,0,1,0,1,0,0,1,1,13,2 malware/ransomware alert(s); 1 credential-access alert(s); 1 identity review concern(s),0,3,0,6,0,0,2,0,1,0,0,1,High,Lakshmi Biswas,Purch,Active
EMP11541,4,0,1,3,0,2,1,0,1,0,0,0,0,0,1,13,2 malware/ransomware alert(s); 1 PowerShell alert(s); 1 credential-access alert(s),0,3,0,6,2,0,2,0,0,0,0,0,High,Anamika Nanda,Sales Dept,
EMP11645,4,0,1,2,0,2,0,0,1,0,1,0,0,1,1,13,2 malware/ransomware alert(s); 1 credential-access alert(s); 1 identity review concern(s),0,3,0,6,0,0,2,0,1,0,0,1,High,Falak Chhabra,It Support,Active
EMP11666,4,0,2,3,0,1,0,0,0,0,2,0,0,2,1,13,1 malware/ransomware alert(s); 2 identity review concern(s),0,6,0,3,0,0,0,0,2,0,0,2,High,Jai Purohit,Sales,Active
EMP11716,4,0,0,2,0,1,2,0,1,0,0,0,0,4,1,13,1 malware/ransomware alert(s); 2 PowerShell alert(s); 1 credential-access alert(s); 4 identity review concern(s),0,0,0,3,4,0,2,0,0,0,0,4,High,Samaksh Buch,It,Active
EMP11796,4,0,2,2,0,1,0,1,0,0,1,0,0,1,1,13,1 malware/ransomware alert(s); 1 lateral-movement alert(s); 1 identity review concern(s),0,6,0,3,0,2,0,0,1,0,0,1,High,Teerth Sura,Hr Dept,Active
EMP11813,4,0,1,3,0,1,1,1,1,0,0,1,0,0,1,13,1 malware/ransomware alert(s); 1 PowerShell alert(s); 1 lateral-movement alert(s); 1 credential-access alert(s),0,3,0,3,2,2,2,0,0,1,0,0,High,Aarush Krishna,Customer Support,Active
EMP11834,4,0,1,2,0,1,0,0,1,0,1,0,0,4,1,13,1 malware/ransomware alert(s); 1 credential-access alert(s); 4 identity review concern(s),0,3,0,3,0,0,2,0,1,0,0,4,High,Aryan Shankar,Operations,Active
EMP11847,4,1,0,4,1,0,1,1,0,0,0,0,0,1,1,13,1 critical alert(s); 1 unresolved critical alert(s); 1 PowerShell alert(s); 1 lateral-movement alert(s); 1 identity review concern(s),5,0,3,0,2,2,0,0,0,0,0,1,High,Vinaya Lal,Marketing Dept,Active
EMP11989,4,0,1,2,0,2,1,1,0,0,0,0,0,0,1,13,2 malware/ransomware alert(s); 1 PowerShell alert(s); 1 lateral-movement alert(s),0,3,0,6,2,2,0,0,0,0,0,0,High,Jonathan Bail,Customer Care,Active
EMP12088,4,0,0,3,0,2,0,0,2,0,0,0,0,3,1,13,2 malware/ransomware alert(s); 2 credential-access alert(s); 3 identity review concern(s),0,0,0,6,0,0,4,0,0,0,0,3,High,Timothy Chad,Purch,Active
EMP12170,4,0,1,1,0,2,0,0,2,0,0,0,0,0,1,13,2 malware/ransomware alert(s); 2 credential-access alert(s),0,3,0,6,0,0,4,0,0,0,0,0,High,Rachana Chana,Finance,Active
EMP12354,4,1,0,2,0,0,1,2,0,0,1,1,0,0,1,13,1 critical alert(s); 1 PowerShell alert(s); 2 lateral-movement alert(s),5,0,0,0,2,4,0,0,1,1,0,0,High,Gagan Raman,Ops,Active
EMP12473,4,0,1,3,0,2,0,0,1,0,1,0,0,1,1,13,2 malware/ransomware alert(s); 1 credential-access alert(s); 1 identity review concern(s),0,3,0,6,0,0,2,0,1,0,0,1,High,Anmol Bajwa,Business Sales,Active
EMP12819,4,0,1,2,0,2,1,1,0,0,0,0,0,0,1,13,2 malware/ransomware alert(s); 1 PowerShell alert(s); 1 lateral-movement alert(s),0,3,0,6,2,2,0,0,0,0,0,0,High,Chakradhar Nagi,Rd,Active
EMP12939,4,0,1,2,0,2,1,1,0,0,0,0,0,0,1,13,2 malware/ransomware alert(s); 1 PowerShell alert(s); 1 lateral-movement alert(s),0,3,0,6,2,2,0,0,0,0,0,0,High,Dhruv Narain,Legal,Active
EMP10105,3,0,1,0,0,3,0,0,0,0,0,0,0,1,1,13,3 malware/ransomware alert(s); 1 identity review concern(s),0,3,0,9,0,0,0,0,0,0,0,1,High,Quincy Kunda,It Support,Active
EMP10236,3,0,2,1,0,0,1,0,2,0,0,0,0,1,1,13,1 PowerShell alert(s); 2 credential-access alert(s); 1 identity review concern(s),0,6,0,0,2,0,4,0,0,0,0,1,High,Hiral Yadav,Rd,Active
EMP10247,3,0,1,2,0,2,0,0,1,0,0,0,0,2,1,13,2 malware/ransomware alert(s); 1 credential-access alert(s); 2 identity review concern(s),0,3,0,6,0,0,2,0,0,0,0,2,High,Aadhya Shan,Support,Active
EMP10346,3,0,2,2,0,1,1,1,0,0,0,0,0,0,1,13,1 malware/ransomware alert(s); 1 PowerShell alert(s); 1 lateral-movement alert(s),0,6,0,3,2,2,0,0,0,0,0,0,High,Dipta Oza,Legal,Active
EMP10383,3,0,2,0,0,2,0,0,0,0,1,0,0,0,1,13,2 malware/ransomware alert(s),0,6,0,6,0,0,0,0,1,0,0,0,High,Krishna Oak,Sales Dept,Active
EMP10438,3,1,0,2,1,0,1,1,0,0,1,0,0,0,1,13,1 critical alert(s); 1 unresolved critical alert(s); 1 PowerShell alert(s); 1 lateral-movement alert(s),5,0,3,0,2,2,0,0,1,0,0,0,High,Urmi Gulati,Marketing,Active
EMP10472,3,0,1,1,0,2,0,0,0,0,1,0,0,3,1,13,2 malware/ransomware alert(s); 3 identity review concern(s),0,3,0,6,0,0,0,0,1,0,0,3,High,,,
EMP10514,3,0,2,3,0,2,0,0,0,0,1,0,0,0,1,13,2 malware/ransomware alert(s),0,6,0,6,0,0,0,0,1,0,0,0,High,Abhiram Rajagopal,Mktg,Active
EMP10583,3,0,2,2,0,1,1,1,0,0,0,0,0,0,1,13,1 malware/ransomware alert(s); 1 PowerShell alert(s); 1 lateral-movement alert(s),0,6,0,3,2,2,0,0,0,0,0,0,High,Peter Johal,Rd,Active
EMP10631,3,0,2,3,0,1,0,1,0,0,1,0,0,1,1,13,1 malware/ransomware alert(s); 1 lateral-movement alert(s); 1 identity review concern(s),0,6,0,3,0,2,0,0,1,0,0,1,High,Wishi Handa,Legal,Active
EMP10779,3,1,1,1,0,0,1,0,0,0,1,1,0,1,1,13,1 critical alert(s); 1 PowerShell alert(s); 1 identity review concern(s),5,3,0,0,2,0,0,0,1,1,0,1,High,Qabil Bhavsar,Mktg,Active
EMP10843,3,1,0,2,1,0,1,0,0,0,2,1,0,0,1,13,1 critical alert(s); 1 unresolved critical alert(s); 1 PowerShell alert(s),5,0,3,0,2,0,0,0,2,1,0,0,High,Amol Dayal,Operations,Active
EMP10851,3,0,1,2,0,3,0,0,0,0,0,0,0,1,1,13,3 malware/ransomware alert(s); 1 identity review concern(s),0,3,0,9,0,0,0,0,0,0,0,1,High,Darpan Kapoor,Brand Team,Active
EMP10893,3,1,0,2,0,2,1,0,0,0,0,0,0,0,1,13,1 critical alert(s); 2 malware/ransomware alert(s); 1 PowerShell alert(s),5,0,0,6,2,0,0,0,0,0,0,0,High,Yash Sawhney,Compliance,Active
EMP10894,3,0,2,0,0,0,1,2,0,0,0,1,0,0,1,13,1 PowerShell alert(s); 2 lateral-movement alert(s),0,6,0,0,2,4,0,0,0,1,0,0,High,Balhaar Shukla,Compliance,Active
EMP10897,3,0,1,2,0,1,0,1,1,0,0,0,0,3,1,13,1 malware/ransomware alert(s); 1 lateral-movement alert(s); 1 credential-access alert(s); 3 identity review concern(s),0,3,0,3,0,2,2,0,0,0,0,3,High,Tanvi Singh,R&D,Active
EMP11099,3,1,0,1,1,1,0,1,0,0,0,0,0,0,1,13,1 critical alert(s); 1 unresolved critical alert(s); 1 malware/ransomware alert(s); 1 lateral-movement alert(s),5,0,3,3,0,2,0,0,0,0,0,0,High,Aashi Kapadia,Sales,Active
EMP11103,3,1,0,1,0,1,1,0,0,0,0,0,0,3,1,13,1 critical alert(s); 1 malware/ransomware alert(s); 1 PowerShell alert(s); 3 identity review concern(s),5,0,0,3,2,0,0,0,0,0,0,3,High,Naksh Khalsa,Finance Dept,Active
EMP11138,3,0,2,3,0,0,2,1,0,0,0,1,0,0,1,13,2 PowerShell alert(s); 1 lateral-movement alert(s),0,6,0,0,4,2,0,0,0,1,0,0,High,Pooja Bassi,Operations Dept,Active
EMP11167,3,0,2,1,0,2,0,0,0,0,1,0,0,0,1,13,2 malware/ransomware alert(s),0,6,0,6,0,0,0,0,1,0,0,0,High,Yagnesh Goswami,Rnd,
EMP11217,3,1,1,1,0,1,0,0,0,0,1,0,0,1,1,13,1 critical alert(s); 1 malware/ransomware alert(s); 1 identity review concern(s),5,3,0,3,0,0,0,0,1,0,0,1,High,Harinakshi Bhatia,Ops Team,Active
EMP11239,3,0,1,2,0,2,0,0,0,0,1,0,0,3,1,13,2 malware/ransomware alert(s); 3 identity review concern(s),0,3,0,6,0,0,0,0,1,0,0,3,High,Benjamin Bhatia,Call Center,Active
EMP11355,3,0,2,2,0,1,0,1,0,0,0,0,0,2,1,13,1 malware/ransomware alert(s); 1 lateral-movement alert(s); 2 identity review concern(s),0,6,0,3,0,2,0,0,0,0,0,2,High,Finn Bahl,R&D,Active
EMP11363,3,0,1,3,0,1,1,0,1,0,0,0,0,3,1,13,1 malware/ransomware alert(s); 1 PowerShell alert(s); 1 credential-access alert(s); 3 identity review concern(s),0,3,0,3,2,0,2,0,0,0,0,3,High,Chatura Sankar,Accounts,Active
EMP11404,3,0,2,3,0,2,0,0,0,0,1,0,0,0,1,13,2 malware/ransomware alert(s),0,6,0,6,0,0,0,0,1,0,0,0,High,Siya Baria,Research And Development,Active
EMP11423,3,0,0,3,0,0,0,1,0,0,2,0,3,0,1,13,1 lateral-movement alert(s); 3 inactive-user event(s),0,0,0,0,0,2,0,0,2,0,9,0,High,Krishna Sama,Mkt,Disabled
EMP11655,3,0,2,0,0,1,0,2,0,0,0,0,0,0,1,13,1 malware/ransomware alert(s); 2 lateral-movement alert(s),0,6,0,3,0,4,0,0,0,0,0,0,High,Gautam Sama,Legal,Active
EMP11658,3,0,1,2,0,2,0,0,1,0,0,0,0,2,1,13,2 malware/ransomware alert(s); 1 credential-access alert(s); 2 identity review concern(s),0,3,0,6,0,0,2,0,0,0,0,2,High,Abha Baria,It Support,Active
EMP11822,3,0,2,2,0,1,1,1,0,0,0,0,0,0,1,13,1 malware/ransomware alert(s); 1 PowerShell alert(s); 1 lateral-movement alert(s),0,6,0,3,2,2,0,0,0,0,0,0,High,Chatresh Cheema,Purch,Active
EMP12287,3,0,2,3,0,1,0,0,1,0,1,0,0,1,1,13,1 malware/ransomware alert(s); 1 credential-access alert(s); 1 identity review concern(s),0,6,0,3,0,0,2,0,1,0,0,1,High,Vritti Rajagopalan,Operations Dept,Active
EMP12370,3,1,0,1,0,1,0,2,0,0,0,0,0,1,1,13,1 critical alert(s); 1 malware/ransomware alert(s); 2 lateral-movement alert(s); 1 identity review concern(s),5,0,0,3,0,4,0,0,0,0,0,1,High,Robert De,Ops,Active
EMP12387,3,0,2,1,0,1,0,1,0,0,1,0,0,1,1,13,1 malware/ransomware alert(s); 1 lateral-movement alert(s); 1 identity review concern(s),0,6,0,3,0,2,0,0,1,0,0,1,High,Advik Sura,Legal,Active
EMP12420,3,0,2,2,0,0,1,0,1,0,1,1,0,1,1,13,1 PowerShell alert(s); 1 credential-access alert(s); 1 identity review concern(s),0,6,0,0,2,0,2,0,1,1,0,1,High,Fitan Natarajan,It Dept,Active
EMP12431,3,0,1,3,0,1,1,1,0,0,0,0,0,3,1,13,1 malware/ransomware alert(s); 1 PowerShell alert(s); 1 lateral-movement alert(s); 3 identity review concern(s),0,3,0,3,2,2,0,0,0,0,0,3,High,Lohit Raja,Supply Chain,Active
EMP12444,3,0,0,3,0,0,1,1,0,0,0,0,3,0,1,13,1 PowerShell alert(s); 1 lateral-movement alert(s); 3 inactive-user event(s),0,0,0,0,2,2,0,0,0,0,9,0,High,Raagini Bhakta,Ops,Inactive
EMP12495,3,1,0,2,0,0,1,1,1,0,0,0,0,2,1,13,1 critical alert(s); 1 PowerShell alert(s); 1 lateral-movement alert(s); 1 credential-access alert(s); 2 identity review concern(s),5,0,0,0,2,2,2,0,0,0,0,2,High,Chandani Jain,Finance Dept,Active
EMP12518,3,0,1,2,0,3,0,0,0,0,0,0,0,1,1,13,3 malware/ransomware alert(s); 1 identity review concern(s),0,3,0,9,0,0,0,0,0,0,0,1,High,Rushil Kuruvilla,Compliance,Active
EMP12836,3,0,2,0,0,2,0,0,0,0,1,0,0,0,1,13,2 malware/ransomware alert(s),0,6,0,6,0,0,0,0,1,0,0,0,High,Avi Babu,Cs,Active
EMP10013,2,1,0,2,1,1,1,0,0,0,0,0,0,0,1,13,1 critical alert(s); 1 unresolved critical alert(s); 1 malware/ransomware alert(s); 1 PowerShell alert(s),5,0,3,3,2,0,0,0,0,0,0,0,High,Azaan Bhagat,Finance,Active
EMP10139,2,0,0,1,0,1,0,0,1,0,0,0,2,2,1,13,1 malware/ransomware alert(s); 1 credential-access alert(s); 2 inactive-user event(s); 2 identity review concern(s),0,0,0,3,0,0,2,0,0,0,6,2,High,Isaac Dugar,Legal,Disabled
EMP10159,2,1,1,2,1,0,0,1,0,0,0,0,0,0,1,13,1 critical alert(s); 1 unresolved critical alert(s); 1 lateral-movement alert(s),5,3,3,0,0,2,0,0,0,0,0,0,High,Dayita Kant,Ops Team,Active
EMP10305,2,1,0,2,1,1,0,0,0,0,1,0,0,1,1,13,1 critical alert(s); 1 unresolved critical alert(s); 1 malware/ransomware alert(s); 1 identity review concern(s),5,0,3,3,0,0,0,0,1,0,0,1,High,Raagini Naidu,Purchase,Active
EMP10356,2,0,1,0,0,0,2,0,0,0,0,0,2,0,1,13,2 PowerShell alert(s); 2 inactive-user event(s),0,3,0,0,4,0,0,0,0,0,6,0,High,Samaksh Munshi,Legal,Inactive
EMP10503,2,0,1,1,0,1,0,0,0,0,1,0,2,0,1,13,1 malware/ransomware alert(s); 2 inactive-user event(s),0,3,0,3,0,0,0,0,1,0,6,0,High,Girish Dyal,Sales Team,Inactive
EMP10555,2,0,2,1,0,2,0,0,0,0,0,1,0,0,1,13,2 malware/ransomware alert(s),0,6,0,6,0,0,0,0,0,1,0,0,High,Vrishti Lala,Mkt,
EMP10609,2,0,0,1,0,2,0,0,0,0,0,0,2,1,1,13,2 malware/ransomware alert(s); 2 inactive-user event(s); 1 identity review concern(s),0,0,0,6,0,0,0,0,0,0,6,1,High,Bhavya Oza,Operations,Disabled
EMP10727,2,0,2,1,0,1,0,1,0,0,0,0,0,2,1,13,1 malware/ransomware alert(s); 1 lateral-movement alert(s); 2 identity review concern(s),0,6,0,3,0,2,0,0,0,0,0,2,High,,,
EMP10767,2,0,0,0,0,2,0,0,0,0,0,0,2,1,1,13,2 malware/ransomware alert(s); 2 inactive-user event(s); 1 identity review concern(s),0,0,0,6,0,0,0,0,0,0,6,1,High,Pallavi Kunda,Operations,Disabled
EMP10948,2,1,1,2,1,0,1,0,0,0,0,0,0,0,1,13,1 critical alert(s); 1 unresolved critical alert(s); 1 PowerShell alert(s),5,3,3,0,2,0,0,0,0,0,0,0,High,Yamini Dubey,Information Tech,Active
EMP10995,2,0,0,1,0,1,0,0,1,0,0,0,2,2,1,13,1 malware/ransomware alert(s); 1 credential-access alert(s); 2 inactive-user event(s); 2 identity review concern(s),0,0,0,3,0,0,2,0,0,0,6,2,High,Triveni Keer,Sales,Inactive
EMP11191,2,1,0,2,1,0,0,1,1,0,0,1,0,0,1,13,1 critical alert(s); 1 unresolved critical alert(s); 1 lateral-movement alert(s); 1 credential-access alert(s),5,0,3,0,0,2,2,0,0,1,0,0,High,Ekbal Shah,It Dept,Active
EMP11214,2,1,1,1,1,0,0,0,1,0,0,0,0,0,1,13,1 critical alert(s); 1 unresolved critical alert(s); 1 credential-access alert(s),5,3,3,0,0,0,2,0,0,0,0,0,High,Frado Toor,Hr,Active
EMP11534,2,0,0,2,0,2,0,0,0,0,0,0,2,1,1,13,2 malware/ransomware alert(s); 2 inactive-user event(s); 1 identity review concern(s),0,0,0,6,0,0,0,0,0,0,6,1,High,Xavier Bal,Customer Support,Disabled
EMP12058,2,2,0,1,1,0,0,0,0,0,0,0,0,0,1,13,2 critical alert(s); 1 unresolved critical alert(s),10,0,3,0,0,0,0,0,0,0,0,0,High,Girindra Goyal,Business Sales,Active
EMP12089,2,1,1,0,0,1,1,0,0,0,0,0,0,0,1,13,1 critical alert(s); 1 malware/ransomware alert(s); 1 PowerShell alert(s),5,3,0,3,2,0,0,0,0,0,0,0,High,Yahvi Raghavan,Hr Dept,Active
EMP12106,2,1,0,1,1,1,0,1,0,0,0,0,0,0,1,13,1 critical alert(s); 1 unresolved critical alert(s); 1 malware/ransomware alert(s); 1 lateral-movement alert(s),5,0,3,3,0,2,0,0,0,0,0,0,High,Rachana Gokhale,R&D,Active
EMP12134,2,1,0,2,1,1,0,0,1,0,0,0,0,0,1,13,1 critical alert(s); 1 unresolved critical alert(s); 1 malware/ransomware alert(s); 1 credential-access alert(s),5,0,3,3,0,0,2,0,0,0,0,0,High,Ayush Mital,Finance,Active
EMP12184,2,0,0,1,0,1,1,0,0,0,0,0,2,2,1,13,1 malware/ransomware alert(s); 1 PowerShell alert(s); 2 inactive-user event(s); 2 identity review concern(s),0,0,0,3,2,0,0,0,0,0,6,2,High,Manan Sharaf,Ops Team,Disabled
EMP12188,2,0,1,2,0,0,0,1,1,0,0,0,2,0,1,13,1 lateral-movement alert(s); 1 credential-access alert(s); 2 inactive-user event(s),0,3,0,0,0,2,2,0,0,0,6,0,High,Sai Puri,Rd,Inactive
EMP12204,2,0,0,2,0,2,0,0,0,0,0,0,2,1,1,13,2 malware/ransomware alert(s); 2 inactive-user event(s); 1 identity review concern(s),0,0,0,6,0,0,0,0,0,0,6,1,High,Upasna Batra,Finance Dept,Inactive
EMP12232,2,0,2,2,0,0,0,0,0,0,1,0,2,0,1,13,2 inactive-user event(s),0,6,0,0,0,0,0,0,1,0,6,0,High,Idika Sani,Operations Dept,Inactive
EMP12390,2,1,0,2,1,1,0,0,0,0,1,0,0,1,1,13,1 critical alert(s); 1 unresolved critical alert(s); 1 malware/ransomware alert(s); 1 identity review concern(s),5,0,3,3,0,0,0,0,1,0,0,1,High,Hemani Mohanty,Marketing Dept,Active
EMP12414,2,1,0,0,0,1,1,0,0,0,0,1,0,2,1,13,1 critical alert(s); 1 malware/ransomware alert(s); 1 PowerShell alert(s); 2 identity review concern(s),5,0,0,3,2,0,0,0,0,1,0,2,High,Ishani Bava,Finance,Active
EMP12449,2,0,2,2,0,1,0,1,0,0,0,0,0,2,1,13,1 malware/ransomware alert(s); 1 lateral-movement alert(s); 2 identity review concern(s),0,6,0,3,0,2,0,0,0,0,0,2,High,Azad Natarajan,Procurement Team,Active
EMP12612,2,0,0,1,0,2,0,0,0,0,0,0,2,1,1,13,2 malware/ransomware alert(s); 2 inactive-user event(s); 1 identity review concern(s),0,0,0,6,0,0,0,0,0,0,6,1,High,Advay Dani,Rnd,Inactive
EMP12623,2,0,2,1,0,1,0,1,0,0,0,0,0,2,1,13,1 malware/ransomware alert(s); 1 lateral-movement alert(s); 2 identity review concern(s),0,6,0,3,0,2,0,0,0,0,0,2,High,Jalsa Krishna,Procurement,Active
EMP12696,2,1,0,2,1,1,0,0,0,0,1,1,0,0,1,13,1 critical alert(s); 1 unresolved critical alert(s); 1 malware/ransomware alert(s),5,0,3,3,0,0,0,0,1,1,0,0,High,Gaurang Rao,Mktg,Active
EMP12721,2,0,1,1,0,0,0,0,1,0,1,0,2,1,1,13,1 credential-access alert(s); 2 inactive-user event(s); 1 identity review concern(s),0,3,0,0,0,0,2,0,1,0,6,1,High,Advika Pai,Procurement,Disabled
EMP10156,6,0,0,3,0,3,0,0,0,0,1,0,0,2,1,12,3 malware/ransomware alert(s); 2 identity review concern(s),0,0,0,9,0,0,0,0,1,0,0,2,High,Laban Muni,Support,Active
EMP11003,6,1,0,5,0,0,0,1,1,0,2,0,0,1,1,12,1 critical alert(s); 1 lateral-movement alert(s); 1 credential-access alert(s); 1 identity review concern(s),5,0,0,0,0,2,2,0,2,0,0,1,High,Yashasvi Nayar,Legal,Active
EMP11006,6,0,0,0,0,3,0,1,0,0,1,0,0,0,1,12,3 malware/ransomware alert(s); 1 lateral-movement alert(s),0,0,0,9,0,2,0,0,1,0,0,0,High,Raksha Khanna,Operations,Active
EMP11335,6,0,0,4,0,1,1,2,1,0,1,0,0,0,1,12,1 malware/ransomware alert(s); 1 PowerShell alert(s); 2 lateral-movement alert(s); 1 credential-access alert(s),0,0,0,3,2,4,2,0,1,0,0,0,High,Warda Ghose,Procurement,Active
EMP12502,6,0,2,3,0,0,0,1,1,0,1,0,0,1,1,12,1 lateral-movement alert(s); 1 credential-access alert(s); 1 identity review concern(s),0,6,0,0,0,2,2,0,1,0,0,1,High,Bina Agate,Hr Dept,Active
EMP10365,5,0,1,3,0,2,0,0,0,0,3,0,0,0,1,12,2 malware/ransomware alert(s),0,3,0,6,0,0,0,0,3,0,0,0,High,Qushi Patla,Legal,Active
EMP10371,5,0,1,3,0,1,2,1,0,0,0,0,0,0,1,12,1 malware/ransomware alert(s); 2 PowerShell alert(s); 1 lateral-movement alert(s),0,3,0,3,4,2,0,0,0,0,0,0,High,Oviya Wason,Finance Dept,Active
EMP10588,5,0,0,5,0,3,1,0,0,0,0,0,0,1,1,12,3 malware/ransomware alert(s); 1 PowerShell alert(s); 1 identity review concern(s),0,0,0,9,2,0,0,0,0,0,0,1,High,Gaurav Kibe,Finance,Active
EMP10600,5,0,0,5,0,1,0,1,2,0,1,0,0,2,1,12,1 malware/ransomware alert(s); 1 lateral-movement alert(s); 2 credential-access alert(s); 2 identity review concern(s),0,0,0,3,0,2,4,0,1,0,0,2,High,Pallavi Deshpande,Marketing,Active
EMP10641,5,0,0,5,0,0,0,2,1,0,1,0,0,5,1,12,2 lateral-movement alert(s); 1 credential-access alert(s); 5 identity review concern(s),0,0,0,0,0,4,2,0,1,0,0,5,High,Qadim Kari,Rnd,Active
EMP10661,5,0,0,5,0,2,0,1,0,0,1,0,0,3,1,12,2 malware/ransomware alert(s); 1 lateral-movement alert(s); 3 identity review concern(s),0,0,0,6,0,2,0,0,1,0,0,3,High,Yug Lalla,R&D,On Leave
EMP11503,5,0,0,3,0,2,1,1,1,0,0,0,0,0,1,12,2 malware/ransomware alert(s); 1 PowerShell alert(s); 1 lateral-movement alert(s); 1 credential-access alert(s),0,0,0,6,2,2,2,0,0,0,0,0,High,Turvi Pillay,Support,Active
EMP11634,5,0,1,3,0,2,1,0,0,0,0,0,0,1,1,12,2 malware/ransomware alert(s); 1 PowerShell alert(s); 1 identity review concern(s),0,3,0,6,2,0,0,0,0,0,0,1,High,Xavier Thaker,Mkt,Active
EMP11712,5,0,0,3,0,2,3,0,0,0,0,0,0,0,1,12,2 malware/ransomware alert(s); 3 PowerShell alert(s),0,0,0,6,6,0,0,0,0,0,0,0,High,Vasatika Kunda,Information Tech,Active
EMP11769,5,0,1,3,0,1,1,1,0,0,2,0,0,0,1,12,1 malware/ransomware alert(s); 1 PowerShell alert(s); 1 lateral-movement alert(s),0,3,0,3,2,2,0,0,2,0,0,0,High,Jeremiah Sastry,Information Technology,Active
EMP12558,5,0,1,2,0,2,0,0,1,0,0,0,0,1,1,12,2 malware/ransomware alert(s); 1 credential-access alert(s); 1 identity review concern(s),0,3,0,6,0,0,2,0,0,0,0,1,High,Nidra Vasa,Mkt,Active
EMP10248,4,0,0,4,0,4,0,0,0,0,0,0,0,0,1,12,4 malware/ransomware alert(s),0,0,0,12,0,0,0,0,0,0,0,0,High,Yachana Sharaf,Customer Care,Active
EMP10339,4,0,1,2,0,1,1,0,1,0,0,1,0,1,1,12,1 malware/ransomware alert(s); 1 PowerShell alert(s); 1 credential-access alert(s); 1 identity review concern(s),0,3,0,3,2,0,2,0,0,1,0,1,High,Amara Mitter,Finance Dept,Active
EMP10389,4,0,1,1,0,2,0,1,0,0,1,0,0,0,1,12,2 malware/ransomware alert(s); 1 lateral-movement alert(s),0,3,0,6,0,2,0,0,1,0,0,0,High,Manbir Toor,Sales,Active
EMP10569,4,0,1,4,0,1,1,1,1,0,0,0,0,0,1,12,1 malware/ransomware alert(s); 1 PowerShell alert(s); 1 lateral-movement alert(s); 1 credential-access alert(s),0,3,0,3,2,2,2,0,0,0,0,0,High,Wridesh Bedi,It,Active
EMP10685,4,0,1,1,0,2,1,0,0,0,0,0,0,1,1,12,2 malware/ransomware alert(s); 1 PowerShell alert(s); 1 identity review concern(s),0,3,0,6,2,0,0,0,0,0,0,1,High,Anamika Sundaram,Ops Team,Active
EMP10794,4,0,0,1,0,1,1,1,0,0,1,0,0,4,1,12,1 malware/ransomware alert(s); 1 PowerShell alert(s); 1 lateral-movement alert(s); 4 identity review concern(s),0,0,0,3,2,2,0,0,1,0,0,4,High,,,
EMP10841,4,0,1,3,0,1,1,1,1,0,0,0,0,0,1,12,1 malware/ransomware alert(s); 1 PowerShell alert(s); 1 lateral-movement alert(s); 1 credential-access alert(s),0,3,0,3,2,2,2,0,0,0,0,0,High,Luke Mohan,It,Active
EMP10918,4,0,1,1,0,1,1,0,2,0,0,0,0,0,1,12,1 malware/ransomware alert(s); 1 PowerShell alert(s); 2 credential-access alert(s),0,3,0,3,2,0,4,0,0,0,0,0,High,Isha Vyas,Ops,Active
EMP10925,4,0,1,4,0,1,1,1,1,0,0,0,0,0,1,12,1 malware/ransomware alert(s); 1 PowerShell alert(s); 1 lateral-movement alert(s); 1 credential-access alert(s),0,3,0,3,2,2,2,0,0,0,0,0,High,Ranveer Kapadia,Purchase,Active
EMP10992,4,0,1,3,0,1,1,2,0,0,0,0,0,0,1,12,1 malware/ransomware alert(s); 1 PowerShell alert(s); 2 lateral-movement alert(s),0,3,0,3,2,4,0,0,0,0,0,0,High,Charita Kala,Purchase,Active
EMP11117,4,0,0,2,0,2,0,1,0,0,0,0,0,4,1,12,2 malware/ransomware alert(s); 1 lateral-movement alert(s); 4 identity review concern(s),0,0,0,6,0,2,0,0,0,0,0,4,High,,,
EMP11169,4,0,1,4,0,2,0,0,1,0,1,0,0,0,1,12,2 malware/ransomware alert(s); 1 credential-access alert(s),0,3,0,6,0,0,2,0,1,0,0,0,High,Jackson Chaudhary,Operations,Active
EMP11357,4,0,1,3,0,2,0,1,0,0,1,0,0,0,1,12,2 malware/ransomware alert(s); 1 lateral-movement alert(s),0,3,0,6,0,2,0,0,1,0,0,0,High,Nandini Buch,Compliance,Active
EMP11525,4,0,1,2,0,3,0,0,0,0,0,0,0,0,1,12,3 malware/ransomware alert(s),0,3,0,9,0,0,0,0,0,0,0,0,High,Yamini Cherian,Procurement,Active
EMP11545,4,0,2,1,0,0,1,2,0,0,0,0,0,0,1,12,1 PowerShell alert(s); 2 lateral-movement alert(s),0,6,0,0,2,4,0,0,0,0,0,0,High,Hritik Shan,Purch,Active
EMP11615,4,0,0,4,0,2,1,1,0,0,0,1,0,1,1,12,2 malware/ransomware alert(s); 1 PowerShell alert(s); 1 lateral-movement alert(s); 1 identity review concern(s),0,0,0,6,2,2,0,0,0,1,0,1,High,Akshay Maharaj,Finance,Active
EMP11784,4,0,0,3,0,3,0,0,1,0,0,0,0,1,1,12,3 malware/ransomware alert(s); 1 credential-access alert(s); 1 identity review concern(s),0,0,0,9,0,0,2,0,0,0,0,1,High,Nandini Rajan,Customer Support,Active
EMP12013,4,0,1,3,0,0,2,0,2,0,0,0,0,1,1,12,2 PowerShell alert(s); 2 credential-access alert(s); 1 identity review concern(s),0,3,0,0,4,0,4,0,0,0,0,1,High,Faris Bhandari,Call Center,Active
EMP12195,4,0,0,3,0,3,0,1,0,0,0,0,0,1,1,12,3 malware/ransomware alert(s); 1 lateral-movement alert(s); 1 identity review concern(s),0,0,0,9,0,2,0,0,0,0,0,1,High,Balendra Jha,Procurement,Active
EMP12337,4,0,1,3,0,2,1,0,0,0,0,0,0,1,1,12,2 malware/ransomware alert(s); 1 PowerShell alert(s); 1 identity review concern(s),0,3,0,6,2,0,0,0,0,0,0,1,High,Yashica Kata,Accounts,Active
EMP12395,4,1,0,2,0,0,2,0,1,0,1,0,0,0,1,12,1 critical alert(s); 2 PowerShell alert(s); 1 credential-access alert(s),5,0,0,0,4,0,2,0,1,0,0,0,High,Alexander Vohra,It Support,
EMP12406,4,0,1,3,0,1,2,0,0,0,1,0,0,1,1,12,1 malware/ransomware alert(s); 2 PowerShell alert(s); 1 identity review concern(s),0,3,0,3,4,0,0,0,1,0,0,1,High,Aahana Bandi,Accounts,Active
EMP12451,4,0,1,3,0,2,1,0,0,0,1,0,0,0,1,12,2 malware/ransomware alert(s); 1 PowerShell alert(s),0,3,0,6,2,0,0,0,1,0,0,0,High,Prisha Chhabra,Purch,Active
EMP12468,4,0,0,1,0,2,0,2,0,0,0,1,0,1,1,12,2 malware/ransomware alert(s); 2 lateral-movement alert(s); 1 identity review concern(s),0,0,0,6,0,4,0,0,0,1,0,1,High,Manan Mittal,It Support,Active
EMP12477,4,0,0,4,0,1,1,1,0,0,1,0,0,4,1,12,1 malware/ransomware alert(s); 1 PowerShell alert(s); 1 lateral-movement alert(s); 4 identity review concern(s),0,0,0,3,2,2,0,0,1,0,0,4,High,,,
EMP12501,4,0,1,3,0,1,0,2,1,0,0,0,0,0,1,12,1 malware/ransomware alert(s); 2 lateral-movement alert(s); 1 credential-access alert(s),0,3,0,3,0,4,2,0,0,0,0,0,High,Damyanti Misra,Marketing,Active
EMP12564,4,0,0,3,0,2,0,0,2,0,0,2,0,0,1,12,2 malware/ransomware alert(s); 2 credential-access alert(s),0,0,0,6,0,0,4,0,0,2,0,0,High,Rishi Krishna,Brand Team,Active
EMP12717,4,0,1,3,0,1,1,2,0,0,0,0,0,0,1,12,1 malware/ransomware alert(s); 1 PowerShell alert(s); 2 lateral-movement alert(s),0,3,0,3,2,4,0,0,0,0,0,0,High,Amara Ratti,Fin,Active
EMP12877,4,0,2,4,0,0,1,1,1,0,0,0,0,0,1,12,1 PowerShell alert(s); 1 lateral-movement alert(s); 1 credential-access alert(s),0,6,0,0,2,2,2,0,0,0,0,0,High,Quincy Setty,Mktg,Active
EMP12966,4,0,1,2,0,3,0,0,0,0,0,0,0,0,1,12,3 malware/ransomware alert(s),0,3,0,9,0,0,0,0,0,0,0,0,High,Veer Lal,Finance,Active
EMP10087,3,0,1,1,0,2,0,0,1,0,0,0,0,1,1,12,2 malware/ransomware alert(s); 1 credential-access alert(s); 1 identity review concern(s),0,3,0,6,0,0,2,0,0,0,0,1,High,Janani Dyal,Finance,Active
EMP10124,3,0,1,2,0,2,0,1,0,0,0,0,0,1,1,12,2 malware/ransomware alert(s); 1 lateral-movement alert(s); 1 identity review concern(s),0,3,0,6,0,2,0,0,0,0,0,1,High,Sathvik Kadakia,Ops Team,Active
EMP10133,3,1,0,2,1,0,1,0,1,0,0,0,0,0,1,12,1 critical alert(s); 1 unresolved critical alert(s); 1 PowerShell alert(s); 1 credential-access alert(s),5,0,3,0,2,0,2,0,0,0,0,0,High,Liam Kunda,Procurement,Active
EMP10158,3,0,2,2,0,0,1,0,1,0,1,0,0,1,1,12,1 PowerShell alert(s); 1 credential-access alert(s); 1 identity review concern(s),0,6,0,0,2,0,2,0,1,0,0,1,High,Tristan Subramaniam,Accounts,Active
EMP10184,3,0,2,3,0,1,0,0,0,0,2,0,0,1,1,12,1 malware/ransomware alert(s); 1 identity review concern(s),0,6,0,3,0,0,0,0,2,0,0,1,High,Varsha Mall,It,Active
EMP10429,3,1,0,1,0,0,0,1,2,0,0,0,0,1,1,12,1 critical alert(s); 1 lateral-movement alert(s); 2 credential-access alert(s); 1 identity review concern(s),5,0,0,0,0,2,4,0,0,0,0,1,High,Dominic Sood,Cs,Active
EMP10501,3,0,1,3,0,0,0,0,0,0,0,0,3,0,1,12,3 inactive-user event(s),0,3,0,0,0,0,0,0,0,0,9,0,High,Dominic Mand,Hr Dept,Disabled
EMP10579,3,0,2,2,0,0,0,0,0,0,3,0,0,3,1,12,3 identity review concern(s),0,6,0,0,0,0,0,0,3,0,0,3,High,Ekta Edwin,Information Tech,Active
EMP10721,3,0,2,3,0,1,0,0,1,0,0,1,0,0,1,12,1 malware/ransomware alert(s); 1 credential-access alert(s),0,6,0,3,0,0,2,0,0,1,0,0,High,Chameli Rama,Mktg,
EMP10819,3,0,2,3,0,1,0,0,1,0,1,0,0,0,1,12,1 malware/ransomware alert(s); 1 credential-access alert(s),0,6,0,3,0,0,2,0,1,0,0,0,High,Oni Wable,Procurement,Active
EMP10829,3,0,1,1,0,2,0,0,1,0,0,0,0,1,1,12,2 malware/ransomware alert(s); 1 credential-access alert(s); 1 identity review concern(s),0,3,0,6,0,0,2,0,0,0,0,1,High,Chaman Goda,Legal,Active
EMP11018,3,0,2,3,0,0,1,1,1,0,0,0,0,0,1,12,1 PowerShell alert(s); 1 lateral-movement alert(s); 1 credential-access alert(s),0,6,0,0,2,2,2,0,0,0,0,0,High,Edhitha Saini,Finance Dept,Active
EMP11179,3,0,2,3,0,1,0,0,1,0,1,0,0,0,1,12,1 malware/ransomware alert(s); 1 credential-access alert(s),0,6,0,3,0,0,2,0,1,0,0,0,High,Ishani Tak,Customer Support,Active
EMP11282,3,0,2,2,0,0,1,2,0,0,0,0,0,0,1,12,1 PowerShell alert(s); 2 lateral-movement alert(s),0,6,0,0,2,4,0,0,0,0,0,0,High,Jason Doshi,Mkt,Active
EMP11298,3,0,0,2,0,3,0,0,0,0,0,0,0,3,1,12,3 malware/ransomware alert(s); 3 identity review concern(s),0,0,0,9,0,0,0,0,0,0,0,3,High,,,
EMP11330,3,0,1,2,0,1,0,0,1,0,1,0,0,3,1,12,1 malware/ransomware alert(s); 1 credential-access alert(s); 3 identity review concern(s),0,3,0,3,0,0,2,0,1,0,0,3,High,,,
EMP11339,3,0,2,2,0,0,0,1,1,0,1,0,0,1,1,12,1 lateral-movement alert(s); 1 credential-access alert(s); 1 identity review concern(s),0,6,0,0,0,2,2,0,1,0,0,1,High,Mitesh Koshy,Mktg,Active
EMP11461,3,0,1,1,0,3,0,0,0,0,0,0,0,0,1,12,3 malware/ransomware alert(s),0,3,0,9,0,0,0,0,0,0,0,0,High,Laksh Luthra,Operations,Active
EMP11531,3,0,1,2,0,2,0,0,1,0,0,0,0,1,1,12,2 malware/ransomware alert(s); 1 credential-access alert(s); 1 identity review concern(s),0,3,0,6,0,0,2,0,0,0,0,1,High,Lakshit Barad,Sales,Active
EMP11602,3,0,2,1,0,1,0,0,1,0,1,0,0,0,1,12,1 malware/ransomware alert(s); 1 credential-access alert(s),0,6,0,3,0,0,2,0,1,0,0,0,High,Ekavir Nigam,Ops Team,Active
EMP11624,3,0,2,0,0,0,1,0,0,0,1,0,0,3,1,12,1 PowerShell alert(s); 3 identity review concern(s),0,6,0,0,2,0,0,0,1,0,0,3,High,Bishakha Ghose,Business Sales,Active
EMP11670,3,0,1,2,0,1,0,0,1,0,1,0,0,3,1,12,1 malware/ransomware alert(s); 1 credential-access alert(s); 3 identity review concern(s),0,3,0,3,0,0,2,0,1,0,0,3,High,Vritti Badal,Information Tech,Active
EMP11806,3,1,0,2,1,0,0,0,1,0,2,0,0,0,1,12,1 critical alert(s); 1 unresolved critical alert(s); 1 credential-access alert(s),5,0,3,0,0,0,2,0,2,0,0,0,High,Shivansh Goyal,Fin,Active
EMP11967,3,0,1,2,0,2,0,0,0,0,1,0,0,2,1,12,2 malware/ransomware alert(s); 2 identity review concern(s),0,3,0,6,0,0,0,0,1,0,0,2,High,Geetika Ratti,Legal,Active
EMP11993,3,0,1,1,0,2,1,0,0,0,0,0,0,1,1,12,2 malware/ransomware alert(s); 1 PowerShell alert(s); 1 identity review concern(s),0,3,0,6,2,0,0,0,0,0,0,1,High,Yashodhara Baria,Information Tech,Active
EMP12009,3,0,2,3,0,0,2,0,0,0,1,0,0,1,1,12,2 PowerShell alert(s); 1 identity review concern(s),0,6,0,0,4,0,0,0,1,0,0,1,High,Gautam Bala,Marketing Dept,Active
EMP12216,3,0,1,2,0,0,0,0,0,0,0,0,3,0,1,12,3 inactive-user event(s),0,3,0,0,0,0,0,0,0,0,9,0,High,Urvashi Handa,Customer Support,Inactive
EMP12298,3,0,0,3,0,0,1,0,0,0,1,0,3,0,1,12,1 PowerShell alert(s); 3 inactive-user event(s),0,0,0,0,2,0,0,0,1,0,9,0,High,Siya Bhandari,Compliance,Disabled
EMP12323,3,1,0,1,0,2,0,0,0,0,1,0,0,0,1,12,1 critical alert(s); 2 malware/ransomware alert(s),5,0,0,6,0,0,0,0,1,0,0,0,High,Tanvi Bal,Sales Dept,Active
EMP12329,3,1,1,2,0,1,0,0,0,0,1,0,0,0,1,12,1 critical alert(s); 1 malware/ransomware alert(s),5,3,0,3,0,0,0,0,1,0,0,0,High,Sara Puri,Business Sales,Active
EMP12375,3,0,1,3,0,2,1,0,0,0,0,0,0,1,1,12,2 malware/ransomware alert(s); 1 PowerShell alert(s); 1 identity review concern(s),0,3,0,6,2,0,0,0,0,0,0,1,High,Benjamin Sama,Legal,Active
EMP12522,3,0,1,3,0,3,0,0,0,0,0,0,0,0,1,12,3 malware/ransomware alert(s),0,3,0,9,0,0,0,0,0,0,0,0,High,Kabir Thakur,Sales Dept,Active
EMP12531,3,1,0,2,0,0,0,3,0,0,0,0,0,1,1,12,1 critical alert(s); 3 lateral-movement alert(s); 1 identity review concern(s),5,0,0,0,0,6,0,0,0,0,0,1,High,Vincent Bora,Business Sales,Active
EMP12555,3,0,0,2,0,0,0,1,0,0,1,0,3,0,1,12,1 lateral-movement alert(s); 3 inactive-user event(s),0,0,0,0,0,2,0,0,1,0,9,0,High,Fitan Dada,Legal Dept,Disabled
EMP12610,3,0,1,3,0,3,0,0,0,0,0,0,0,0,1,12,3 malware/ransomware alert(s),0,3,0,9,0,0,0,0,0,0,0,0,High,Vasudha Raj,Cs,Active
EMP12617,3,1,0,2,0,1,0,1,1,0,0,0,0,0,1,12,1 critical alert(s); 1 malware/ransomware alert(s); 1 lateral-movement alert(s); 1 credential-access alert(s),5,0,0,3,0,2,2,0,0,0,0,0,High,Hemangini Sundaram,Legal Dept,Active
EMP12743,3,1,1,1,0,0,0,0,1,0,2,0,0,0,1,12,1 critical alert(s); 1 credential-access alert(s),5,3,0,0,0,0,2,0,2,0,0,0,High,Nidra Nanda,Procurement Team,Active
EMP12794,3,0,2,2,0,2,0,0,0,0,0,0,0,0,1,12,2 malware/ransomware alert(s),0,6,0,6,0,0,0,0,0,0,0,0,High,Madhav Char,People Team,Active
EMP12806,3,0,1,3,0,1,0,1,1,0,0,0,0,2,1,12,1 malware/ransomware alert(s); 1 lateral-movement alert(s); 1 credential-access alert(s); 2 identity review concern(s),0,3,0,3,0,2,2,0,0,0,0,2,High,Rajata Lalla,Human Resource,Active
EMP10051,2,0,2,2,0,0,0,0,2,0,0,0,0,2,1,12,2 credential-access alert(s); 2 identity review concern(s),0,6,0,0,0,0,4,0,0,0,0,2,High,,,
EMP10154,2,0,0,1,0,1,0,0,0,0,1,0,2,2,1,12,1 malware/ransomware alert(s); 2 inactive-user event(s); 2 identity review concern(s),0,0,0,3,0,0,0,0,1,0,6,2,High,Gagan Pandey,Ops,Disabled
EMP10179,2,0,0,2,0,1,0,0,1,0,0,1,2,0,1,12,1 malware/ransomware alert(s); 1 credential-access alert(s); 2 inactive-user event(s),0,0,0,3,0,0,2,0,0,1,6,0,High,Ridhi Kadakia,Finance,Inactive
EMP10313,2,0,2,1,0,2,0,0,0,0,0,0,0,0,1,12,2 malware/ransomware alert(s),0,6,0,6,0,0,0,0,0,0,0,0,High,Nathaniel Seshadri,Rnd,Active
EMP10345,2,1,1,1,0,1,0,0,0,0,1,0,0,0,1,12,1 critical alert(s); 1 malware/ransomware alert(s),5,3,0,3,0,0,0,0,1,0,0,0,High,Samar Setty,Finance,Active
EMP10382,2,0,0,1,0,1,1,0,0,0,0,0,2,1,1,12,1 malware/ransomware alert(s); 1 PowerShell alert(s); 2 inactive-user event(s); 1 identity review concern(s),0,0,0,3,2,0,0,0,0,0,6,1,High,Janani Deep,Ops,Inactive
EMP10384,2,1,0,1,1,0,2,0,0,0,0,0,0,0,1,12,1 critical alert(s); 1 unresolved critical alert(s); 2 PowerShell alert(s),5,0,3,0,4,0,0,0,0,0,0,0,High,Aradhana Shankar,Accounts,Active
EMP10484,2,1,0,1,1,1,0,0,0,0,1,0,0,0,1,12,1 critical alert(s); 1 unresolved critical alert(s); 1 malware/ransomware alert(s),5,0,3,3,0,0,0,0,1,0,0,0,High,Amol Natt,Supply Chain,Active
EMP10564,2,1,0,0,0,1,1,0,0,0,0,0,0,2,1,12,1 critical alert(s); 1 malware/ransomware alert(s); 1 PowerShell alert(s); 2 identity review concern(s),5,0,0,3,2,0,0,0,0,0,0,2,High,Rayaan Aggarwal,Purch,Active
EMP10928,2,0,2,0,0,2,0,0,0,0,0,0,0,0,1,12,2 malware/ransomware alert(s),0,6,0,6,0,0,0,0,0,0,0,0,High,Baljiwan Das,Sales Dept,Active
EMP10991,2,0,1,2,0,0,1,0,0,0,1,0,2,0,1,12,1 PowerShell alert(s); 2 inactive-user event(s),0,3,0,0,2,0,0,0,1,0,6,0,High,Anthony Vora,Sales,Disabled
EMP11021,2,1,0,2,1,0,1,0,1,0,0,0,0,0,1,12,1 critical alert(s); 1 unresolved critical alert(s); 1 PowerShell alert(s); 1 credential-access alert(s),5,0,3,0,2,0,2,0,0,0,0,0,High,Gaurika Raman,Information Technology,Active
EMP11023,2,1,0,2,1,0,0,0,1,0,0,0,0,2,1,12,1 critical alert(s); 1 unresolved critical alert(s); 1 credential-access alert(s); 2 identity review concern(s),5,0,3,0,0,0,2,0,0,0,0,2,High,Aashi Raju,Rd,Active
EMP11209,2,0,2,2,0,1,0,1,0,0,0,0,0,1,1,12,1 malware/ransomware alert(s); 1 lateral-movement alert(s); 1 identity review concern(s),0,6,0,3,0,2,0,0,0,0,0,1,High,Oscar Bumb,It,Active
EMP11222,2,1,0,2,1,0,1,1,0,0,0,0,0,0,1,12,1 critical alert(s); 1 unresolved critical alert(s); 1 PowerShell alert(s); 1 lateral-movement alert(s),5,0,3,0,2,2,0,0,0,0,0,0,High,Vasatika Saraf,Human Resources,Active
EMP11315,2,1,0,2,1,1,0,0,0,0,0,0,0,1,1,12,1 critical alert(s); 1 unresolved critical alert(s); 1 malware/ransomware alert(s); 1 identity review concern(s),5,0,3,3,0,0,0,0,0,0,0,1,High,Yash Choudhary,Ops Team,Active
EMP11320,2,0,2,0,0,2,0,0,0,0,0,0,0,0,1,12,2 malware/ransomware alert(s),0,6,0,6,0,0,0,0,0,0,0,0,High,Qasim Munshi,Customer Care,Active
EMP11383,2,1,1,1,1,0,0,0,0,0,1,0,0,0,1,12,1 critical alert(s); 1 unresolved critical alert(s),5,3,3,0,0,0,0,0,1,0,0,0,High,Nilima Goda,Information Tech,Active
EMP11588,2,1,0,1,1,1,0,0,0,0,1,0,0,0,1,12,1 critical alert(s); 1 unresolved critical alert(s); 1 malware/ransomware alert(s),5,0,3,3,0,0,0,0,1,0,0,0,High,Ati Choudhury,R&D,Active
EMP11626,2,0,0,1,0,0,0,0,2,0,0,0,2,2,1,12,2 credential-access alert(s); 2 inactive-user event(s); 2 identity review concern(s),0,0,0,0,0,0,4,0,0,0,6,2,High,Charita Hari,It Support,Inactive
EMP11656,2,0,2,1,0,1,0,0,1,0,0,0,0,1,1,12,1 malware/ransomware alert(s); 1 credential-access alert(s); 1 identity review concern(s),0,6,0,3,0,0,2,0,0,0,0,1,High,Qabil Sastry,Mkt,Active
EMP11726,2,0,1,2,0,0,1,0,0,0,1,0,2,0,1,12,1 PowerShell alert(s); 2 inactive-user event(s),0,3,0,0,2,0,0,0,1,0,6,0,High,Leena Virk,Purchase,Inactive
EMP11832,2,0,0,1,0,2,0,0,0,0,0,0,2,0,1,12,2 malware/ransomware alert(s); 2 inactive-user event(s),0,0,0,6,0,0,0,0,0,0,6,0,High,Chakradev Vyas,Rd,Disabled
EMP11944,2,1,0,2,1,0,0,1,1,0,0,0,0,0,1,12,1 critical alert(s); 1 unresolved critical alert(s); 1 lateral-movement alert(s); 1 credential-access alert(s),5,0,3,0,0,2,2,0,0,0,0,0,High,Logan Shroff,Finance Dept,Active
EMP12035,2,0,0,1,0,0,0,1,1,0,0,0,2,2,1,12,1 lateral-movement alert(s); 1 credential-access alert(s); 2 inactive-user event(s); 2 identity review concern(s),0,0,0,0,0,2,2,0,0,0,6,2,High,Omya Seshadri,Call Center,Disabled
EMP12128,2,0,0,1,0,1,0,1,0,0,0,0,2,1,1,12,1 malware/ransomware alert(s); 1 lateral-movement alert(s); 2 inactive-user event(s); 1 identity review concern(s),0,0,0,3,0,2,0,0,0,0,6,1,High,Anthony Cheema,Finance,Disabled
EMP12175,2,0,0,1,0,2,0,0,0,0,0,0,2,0,1,12,2 malware/ransomware alert(s); 2 inactive-user event(s),0,0,0,6,0,0,0,0,0,0,6,0,High,Ira Kaul,Innovation,Disabled
EMP12198,2,0,0,2,0,1,1,0,0,0,0,0,2,1,1,12,1 malware/ransomware alert(s); 1 PowerShell alert(s); 2 inactive-user event(s); 1 identity review concern(s),0,0,0,3,2,0,0,0,0,0,6,1,High,Abhiram Bhatt,Customer Support,Inactive
EMP12250,2,0,0,2,0,0,1,0,1,0,0,0,2,2,1,12,1 PowerShell alert(s); 1 credential-access alert(s); 2 inactive-user event(s); 2 identity review concern(s),0,0,0,0,2,0,2,0,0,0,6,2,High,Jyoti Rajagopal,Operations,Inactive
EMP12251,2,0,2,2,0,1,1,0,0,0,0,0,0,1,1,12,1 malware/ransomware alert(s); 1 PowerShell alert(s); 1 identity review concern(s),0,6,0,3,2,0,0,0,0,0,0,1,High,Isaac Rajagopal,Mktg,Active
EMP12408,2,1,0,2,1,0,0,0,2,0,0,0,0,0,1,12,1 critical alert(s); 1 unresolved critical alert(s); 2 credential-access alert(s),5,0,3,0,0,0,4,0,0,0,0,0,High,Laban Dewan,Supply Chain,Active
EMP12410,2,0,0,2,0,1,0,1,0,0,0,0,2,1,1,12,1 malware/ransomware alert(s); 1 lateral-movement alert(s); 2 inactive-user event(s); 1 identity review concern(s),0,0,0,3,0,2,0,0,0,0,6,1,High,Samar Tank,Operations,Disabled
EMP12415,2,1,1,1,0,1,0,0,0,0,1,0,0,0,1,12,1 critical alert(s); 1 malware/ransomware alert(s),5,3,0,3,0,0,0,0,1,0,0,0,High,Naveen Tara,Information Tech,Active
EMP12470,2,0,1,1,0,0,0,0,0,0,2,0,2,1,1,12,2 inactive-user event(s); 1 identity review concern(s),0,3,0,0,0,0,0,0,2,0,6,1,High,Saanvi Manda,Finance,Inactive
EMP12490,2,0,1,2,0,0,0,0,1,0,1,0,2,0,1,12,1 credential-access alert(s); 2 inactive-user event(s),0,3,0,0,0,0,2,0,1,0,6,0,High,Laban Sridhar,Hr Dept,Inactive
EMP12527,2,0,0,2,0,1,1,0,0,0,0,0,2,1,1,12,1 malware/ransomware alert(s); 1 PowerShell alert(s); 2 inactive-user event(s); 1 identity review concern(s),0,0,0,3,2,0,0,0,0,0,6,1,High,Joshua Dash,Ops Team,Disabled
EMP12562,2,0,0,1,0,1,1,0,0,0,0,0,2,1,1,12,1 malware/ransomware alert(s); 1 PowerShell alert(s); 2 inactive-user event(s); 1 identity review concern(s),0,0,0,3,2,0,0,0,0,0,6,1,High,Xiti Murty,It,Inactive
EMP12627,2,0,2,2,0,0,0,1,1,0,0,0,0,2,1,12,1 lateral-movement alert(s); 1 credential-access alert(s); 2 identity review concern(s),0,6,0,0,0,2,2,0,0,0,0,2,High,Brijesh Chaudry,Marketing,Active
EMP12704,2,0,0,1,0,1,1,0,0,0,0,0,2,1,1,12,1 malware/ransomware alert(s); 1 PowerShell alert(s); 2 inactive-user event(s); 1 identity review concern(s),0,0,0,3,2,0,0,0,0,0,6,1,High,Vedhika Khatri,Procurement Team,Disabled
EMP12731,2,1,0,2,1,0,0,0,0,0,2,0,0,2,1,12,1 critical alert(s); 1 unresolved critical alert(s); 2 identity review concern(s),5,0,3,0,0,0,0,0,2,0,0,2,High,Shivansh Mani,Purchase,Active
EMP12824,2,0,0,2,0,2,0,0,0,0,0,0,2,0,1,12,2 malware/ransomware alert(s); 2 inactive-user event(s),0,0,0,6,0,0,0,0,0,0,6,0,High,Dominic Borde,Operations Dept,Inactive
EMP12894,2,0,2,2,0,2,0,0,0,0,0,0,0,0,1,12,2 malware/ransomware alert(s),0,6,0,6,0,0,0,0,0,0,0,0,High,Yashawini Saran,Legal Dept,Active
EMP12896,2,1,0,1,0,1,1,0,0,0,0,0,0,2,1,12,1 critical alert(s); 1 malware/ransomware alert(s); 1 PowerShell alert(s); 2 identity review concern(s),5,0,0,3,2,0,0,0,0,0,0,2,High,Pahal Shere,Legal Dept,Active
EMP12926,2,1,0,1,1,0,1,1,0,0,0,0,0,0,1,12,1 critical alert(s); 1 unresolved critical alert(s); 1 PowerShell alert(s); 1 lateral-movement alert(s),5,0,3,0,2,2,0,0,0,0,0,0,High,Ronith Bhatti,Sales,Active
EMP10595,1,1,0,1,1,1,0,0,0,0,0,0,0,1,1,12,1 critical alert(s); 1 unresolved critical alert(s); 1 malware/ransomware alert(s); 1 identity review concern(s),5,0,3,3,0,0,0,0,0,0,0,1,High,Chaitanya Sodhi,Cs,Active
EMP11477,1,1,0,1,1,1,0,0,0,0,0,0,0,1,1,12,1 critical alert(s); 1 unresolved critical alert(s); 1 malware/ransomware alert(s); 1 identity review concern(s),5,0,3,3,0,0,0,0,0,0,0,1,High,Odika Mann,Ops Team,Active
EMP12434,1,1,0,1,1,1,0,0,0,0,0,0,0,1,1,12,1 critical alert(s); 1 unresolved critical alert(s); 1 malware/ransomware alert(s); 1 identity review concern(s),5,0,3,3,0,0,0,0,0,0,0,1,High,Radha Arya,Sales,Active
EMP10420,7,0,0,5,0,2,0,1,1,0,1,0,0,0,1,11,2 malware/ransomware alert(s); 1 lateral-movement alert(s); 1 credential-access alert(s),0,0,0,6,0,2,2,0,1,0,0,0,High,Yauvani Narasimhan,Business Sales,Active
EMP10270,5,0,0,3,0,1,0,2,1,0,0,1,0,1,1,11,1 malware/ransomware alert(s); 2 lateral-movement alert(s); 1 credential-access alert(s); 1 identity review concern(s),0,0,0,3,0,4,2,0,0,1,0,1,High,Upkaar Doshi,Ops Team,Active
EMP10350,5,0,1,5,0,2,0,1,0,0,0,0,0,0,1,11,2 malware/ransomware alert(s); 1 lateral-movement alert(s),0,3,0,6,0,2,0,0,0,0,0,0,High,Ansh Majumdar,Finance,Active
EMP10437,5,0,0,3,0,2,0,2,0,0,0,0,0,1,1,11,2 malware/ransomware alert(s); 2 lateral-movement alert(s); 1 identity review concern(s),0,0,0,6,0,4,0,0,0,0,0,1,High,Wazir Parikh,Sales,Active
EMP11566,5,0,0,4,0,2,1,0,0,0,2,0,0,1,1,11,2 malware/ransomware alert(s); 1 PowerShell alert(s); 1 identity review concern(s),0,0,0,6,2,0,0,0,2,0,0,1,High,Ekani Panchal,Human Resource,Active
EMP11629,5,0,0,4,0,2,0,0,2,0,1,0,0,0,1,11,2 malware/ransomware alert(s); 2 credential-access alert(s),0,0,0,6,0,0,4,0,1,0,0,0,High,Max Subramanian,Innovation,Active
EMP11774,5,0,1,5,0,1,1,0,1,0,0,0,0,1,1,11,1 malware/ransomware alert(s); 1 PowerShell alert(s); 1 credential-access alert(s); 1 identity review concern(s),0,3,0,3,2,0,2,0,0,0,0,1,High,Oliver Gokhale,Customer Support,Active
EMP11807,5,1,0,2,0,0,0,1,1,0,2,0,0,0,1,11,1 critical alert(s); 1 lateral-movement alert(s); 1 credential-access alert(s),5,0,0,0,0,2,2,0,2,0,0,0,High,Waida Rai,Business Sales,Active
EMP11908,5,0,1,5,0,0,0,2,2,0,0,0,0,0,1,11,2 lateral-movement alert(s); 2 credential-access alert(s),0,3,0,0,0,4,4,0,0,0,0,0,High,Hitesh Keer,Support,On Leave
EMP12025,5,0,1,4,0,1,0,1,1,0,1,0,0,0,1,11,1 malware/ransomware alert(s); 1 lateral-movement alert(s); 1 credential-access alert(s),0,3,0,3,0,2,2,0,1,0,0,0,High,Oliver Devan,Rnd,Active
EMP12856,5,0,0,5,0,0,2,1,2,0,0,0,0,1,1,11,2 PowerShell alert(s); 1 lateral-movement alert(s); 2 credential-access alert(s); 1 identity review concern(s),0,0,0,0,4,2,4,0,0,0,0,1,High,Bishakha Vohra,Procurement Team,Active
EMP10045,4,0,1,3,0,0,4,0,0,0,0,0,0,0,1,11,4 PowerShell alert(s),0,3,0,0,8,0,0,0,0,0,0,0,High,Kiaan Sen,Marketing,Active
EMP10153,4,0,0,2,0,1,1,1,0,0,0,0,0,4,1,11,1 malware/ransomware alert(s); 1 PowerShell alert(s); 1 lateral-movement alert(s); 4 identity review concern(s),0,0,0,3,2,2,0,0,0,0,0,4,High,Arunima Lanka,Operations,Active
EMP10348,4,0,0,3,0,1,1,0,2,0,0,0,0,2,1,11,1 malware/ransomware alert(s); 1 PowerShell alert(s); 2 credential-access alert(s); 2 identity review concern(s),0,0,0,3,2,0,4,0,0,0,0,2,High,Nirja Wable,Customer Support,Active
EMP10454,4,0,1,2,0,1,2,0,0,0,0,0,0,1,1,11,1 malware/ransomware alert(s); 2 PowerShell alert(s); 1 identity review concern(s),0,3,0,3,4,0,0,0,0,0,0,1,High,Udyati Rastogi,Purchase,Active
EMP10494,4,0,1,4,0,1,0,0,0,0,3,0,0,2,1,11,1 malware/ransomware alert(s); 2 identity review concern(s),0,3,0,3,0,0,0,0,3,0,0,2,High,Anvi Chakrabarti,Legal,Active
EMP10538,4,0,0,4,0,3,0,0,1,0,0,0,0,0,1,11,3 malware/ransomware alert(s); 1 credential-access alert(s),0,0,0,9,0,0,2,0,0,0,0,0,High,Indali Dora,Customer Support,Active
EMP10578,4,0,1,3,0,2,1,0,0,0,0,0,0,0,1,11,2 malware/ransomware alert(s); 1 PowerShell alert(s),0,3,0,6,2,0,0,0,0,0,0,0,High,Janaki Halder,Research And Development,Active
EMP10615,4,0,2,3,0,0,1,1,0,0,0,0,0,1,1,11,1 PowerShell alert(s); 1 lateral-movement alert(s); 1 identity review concern(s),0,6,0,0,2,2,0,0,0,0,0,1,High,Nikita Majumdar,Business Sales,Active
EMP10868,4,0,0,2,0,0,1,1,1,0,1,0,0,4,1,11,1 PowerShell alert(s); 1 lateral-movement alert(s); 1 credential-access alert(s); 4 identity review concern(s),0,0,0,0,2,2,2,0,1,0,0,4,High,Raghav Kannan,Information Tech,Active
EMP11178,4,0,1,2,0,0,1,1,1,0,1,1,0,0,1,11,1 PowerShell alert(s); 1 lateral-movement alert(s); 1 credential-access alert(s),0,3,0,0,2,2,2,0,1,1,0,0,High,Mason Goyal,Purchase,Active
EMP11238,4,0,0,2,0,1,1,1,0,0,0,0,0,4,1,11,1 malware/ransomware alert(s); 1 PowerShell alert(s); 1 lateral-movement alert(s); 4 identity review concern(s),0,0,0,3,2,2,0,0,0,0,0,4,High,Brinda Kade,Operations Dept,On Leave
EMP11432,4,0,1,4,0,1,1,1,0,0,0,0,0,1,1,11,1 malware/ransomware alert(s); 1 PowerShell alert(s); 1 lateral-movement alert(s); 1 identity review concern(s),0,3,0,3,2,2,0,0,0,0,0,1,High,Vasudha Dass,It Support,Active
EMP11501,4,0,2,2,0,0,2,0,0,0,1,0,0,0,1,11,2 PowerShell alert(s),0,6,0,0,4,0,0,0,1,0,0,0,High,Bakhshi Swamy,Sales,Active
EMP11517,4,0,0,3,0,1,0,0,2,0,1,1,0,2,1,11,1 malware/ransomware alert(s); 2 credential-access alert(s); 2 identity review concern(s),0,0,0,3,0,0,4,0,1,1,0,2,High,Anita Dutt,Hr,Active
EMP11556,4,0,1,2,0,1,0,0,2,0,0,0,0,1,1,11,1 malware/ransomware alert(s); 2 credential-access alert(s); 1 identity review concern(s),0,3,0,3,0,0,4,0,0,0,0,1,High,Bishakha Mangat,Operations,Active
EMP11672,4,0,0,3,0,2,0,1,0,0,0,0,0,3,1,11,2 malware/ransomware alert(s); 1 lateral-movement alert(s); 3 identity review concern(s),0,0,0,6,0,2,0,0,0,0,0,3,High,Ishwar Ganesan,Mkt,Active
EMP11938,4,1,0,1,0,0,0,1,1,0,2,0,0,0,1,11,1 critical alert(s); 1 lateral-movement alert(s); 1 credential-access alert(s),5,0,0,0,0,2,2,0,2,0,0,0,High,Omya Choudhury,Operations,Active
EMP12066,4,0,0,3,0,3,0,1,0,0,0,0,0,0,1,11,3 malware/ransomware alert(s); 1 lateral-movement alert(s),0,0,0,9,0,2,0,0,0,0,0,0,High,David Sampath,Customer Care,Active
EMP12097,4,0,1,3,0,1,1,1,0,0,1,0,0,0,1,11,1 malware/ransomware alert(s); 1 PowerShell alert(s); 1 lateral-movement alert(s),0,3,0,3,2,2,0,0,1,0,0,0,High,Rachit Balan,R&D,Active
EMP12108,4,0,1,4,0,2,0,0,0,0,2,0,0,0,1,11,2 malware/ransomware alert(s),0,3,0,6,0,0,0,0,2,0,0,0,High,Yug Rajan,Human Resource,Active
EMP12133,4,0,1,4,0,0,1,1,0,0,0,2,0,2,1,11,1 PowerShell alert(s); 1 lateral-movement alert(s); 2 identity review concern(s),0,3,0,0,2,2,0,0,0,2,0,2,High,Kashvi Badal,Customer Support,On Leave
EMP12149,4,0,0,2,0,1,2,0,0,0,1,0,0,3,1,11,1 malware/ransomware alert(s); 2 PowerShell alert(s); 3 identity review concern(s),0,0,0,3,4,0,0,0,1,0,0,3,High,Teerth Chowdhury,Legal,Active
EMP12213,4,0,0,3,0,1,0,1,1,0,1,0,0,3,1,11,1 malware/ransomware alert(s); 1 lateral-movement alert(s); 1 credential-access alert(s); 3 identity review concern(s),0,0,0,3,0,2,2,0,1,0,0,3,High,Vidhi Sabharwal,Rnd,Active
EMP12231,4,0,0,2,0,2,0,0,1,0,0,0,0,3,1,11,2 malware/ransomware alert(s); 1 credential-access alert(s); 3 identity review concern(s),0,0,0,6,0,0,2,0,0,0,0,3,High,Bhavika Kala,It Dept,Active
EMP12556,4,0,1,4,0,1,0,0,0,0,1,0,0,4,1,11,1 malware/ransomware alert(s); 4 identity review concern(s),0,3,0,3,0,0,0,0,1,0,0,4,High,Siya Baria,Operations,Active
EMP12868,4,0,1,2,0,0,1,2,0,0,0,0,0,2,1,11,1 PowerShell alert(s); 2 lateral-movement alert(s); 2 identity review concern(s),0,3,0,0,2,4,0,0,0,0,0,2,High,Jason Goda,Purch,Active
EMP10092,3,1,0,2,0,1,0,1,0,0,1,0,0,0,1,11,1 critical alert(s); 1 malware/ransomware alert(s); 1 lateral-movement alert(s),5,0,0,3,0,2,0,0,1,0,0,0,High,Dakshesh Ramakrishnan,Operations,Active
EMP10196,3,1,0,2,0,0,0,2,0,0,0,0,0,2,1,11,1 critical alert(s); 2 lateral-movement alert(s); 2 identity review concern(s),5,0,0,0,0,4,0,0,0,0,0,2,High,Omaja Soman,Ops Team,Active
EMP10221,3,0,1,1,0,1,1,0,0,0,1,0,0,2,1,11,1 malware/ransomware alert(s); 1 PowerShell alert(s); 2 identity review concern(s),0,3,0,3,2,0,0,0,1,0,0,2,High,Wakeeta Sur,Ops,
EMP10254,3,0,1,1,0,2,0,1,0,0,0,0,0,0,1,11,2 malware/ransomware alert(s); 1 lateral-movement alert(s),0,3,0,6,0,2,0,0,0,0,0,0,High,Wriddhish Arora,Finance,Active
EMP10402,3,0,1,3,0,2,0,1,0,0,0,0,0,0,1,11,2 malware/ransomware alert(s); 1 lateral-movement alert(s),0,3,0,6,0,2,0,0,0,0,0,0,High,Bhavini Gaba,Support,Active
EMP10422,3,0,2,1,0,1,0,0,0,0,1,0,0,1,1,11,1 malware/ransomware alert(s); 1 identity review concern(s),0,6,0,3,0,0,0,0,1,0,0,1,High,Yuvraj Bahl,Brand Team,Active
EMP10430,3,0,1,2,0,1,1,0,1,0,0,0,0,1,1,11,1 malware/ransomware alert(s); 1 PowerShell alert(s); 1 credential-access alert(s); 1 identity review concern(s),0,3,0,3,2,0,2,0,0,0,0,1,High,Dhruv Bose,Compliance,Active
EMP10519,3,0,1,2,0,1,1,0,1,0,0,0,0,1,1,11,1 malware/ransomware alert(s); 1 PowerShell alert(s); 1 credential-access alert(s); 1 identity review concern(s),0,3,0,3,2,0,2,0,0,0,0,1,High,Joshua Modi,Business Sales,Active
EMP10570,3,0,1,2,0,2,1,0,0,0,0,0,0,0,1,11,2 malware/ransomware alert(s); 1 PowerShell alert(s),0,3,0,6,2,0,0,0,0,0,0,0,High,Lila Rajagopalan,R&D,Active
EMP10634,3,0,1,2,0,2,1,0,0,0,0,0,0,0,1,11,2 malware/ransomware alert(s); 1 PowerShell alert(s),0,3,0,6,2,0,0,0,0,0,0,0,High,Utkarsh Murty,Procurement Team,Active
EMP10679,3,0,1,3,0,2,0,0,1,0,0,0,0,0,1,11,2 malware/ransomware alert(s); 1 credential-access alert(s),0,3,0,6,0,0,2,0,0,0,0,0,High,Ira Khanna,It Support,Active
EMP10735,3,0,1,1,0,1,1,0,1,0,0,0,0,1,1,11,1 malware/ransomware alert(s); 1 PowerShell alert(s); 1 credential-access alert(s); 1 identity review concern(s),0,3,0,3,2,0,2,0,0,0,0,1,High,Chatresh Murthy,Information Tech,Active
EMP10765,3,0,2,2,0,0,0,1,1,0,0,0,0,1,1,11,1 lateral-movement alert(s); 1 credential-access alert(s); 1 identity review concern(s),0,6,0,0,0,2,2,0,0,0,0,1,High,Fiyaz Narayanan,Accounts,Active
EMP10781,3,0,0,1,0,2,0,0,1,0,0,0,0,3,1,11,2 malware/ransomware alert(s); 1 credential-access alert(s); 3 identity review concern(s),0,0,0,6,0,0,2,0,0,0,0,3,High,,,
EMP10791,3,0,1,2,0,2,0,0,1,0,0,0,0,0,1,11,2 malware/ransomware alert(s); 1 credential-access alert(s),0,3,0,6,0,0,2,0,0,0,0,0,High,Ishani Date,Finance,Active
EMP10828,3,1,0,2,1,0,0,0,1,0,0,0,0,1,1,11,1 critical alert(s); 1 unresolved critical alert(s); 1 credential-access alert(s); 1 identity review concern(s),5,0,3,0,0,0,2,0,0,0,0,1,High,Vincent Anne,Hr Dept,Active
EMP10885,3,0,1,3,0,2,1,0,0,0,0,0,0,0,1,11,2 malware/ransomware alert(s); 1 PowerShell alert(s),0,3,0,6,2,0,0,0,0,0,0,0,High,Tara Dash,Legal,On Leave
EMP10933,3,0,2,0,0,1,0,0,0,0,2,0,0,0,1,11,1 malware/ransomware alert(s),0,6,0,3,0,0,0,0,2,0,0,0,High,Saksham Balay,Human Resource,Active
EMP10961,3,0,2,2,0,1,0,0,1,0,0,0,0,0,1,11,1 malware/ransomware alert(s); 1 credential-access alert(s),0,6,0,3,0,0,2,0,0,0,0,0,High,Samar Deep,Information Technology,Active
EMP11057,3,0,1,1,0,2,0,1,0,0,0,0,0,0,1,11,2 malware/ransomware alert(s); 1 lateral-movement alert(s),0,3,0,6,0,2,0,0,0,0,0,0,High,Turvi Devan,Purch,Active
EMP11075,3,0,0,2,0,0,0,1,0,0,0,0,3,0,1,11,1 lateral-movement alert(s); 3 inactive-user event(s),0,0,0,0,0,2,0,0,0,0,9,0,High,Gopal Uppal,Purchase,Inactive
EMP11090,3,0,1,3,0,1,0,1,0,0,0,0,0,3,1,11,1 malware/ransomware alert(s); 1 lateral-movement alert(s); 3 identity review concern(s),0,3,0,3,0,2,0,0,0,0,0,3,High,,,
EMP11100,3,0,2,3,0,1,1,0,0,0,0,0,0,0,1,11,1 malware/ransomware alert(s); 1 PowerShell alert(s),0,6,0,3,2,0,0,0,0,0,0,0,High,Vasatika Buch,Operations,Active
EMP11109,3,0,1,2,0,1,0,0,1,0,0,0,0,3,1,11,1 malware/ransomware alert(s); 1 credential-access alert(s); 3 identity review concern(s),0,3,0,3,0,0,2,0,0,0,0,3,High,Ekapad Murthy,Call Center,Active
EMP11123,3,0,1,3,0,1,0,0,2,0,0,0,0,1,1,11,1 malware/ransomware alert(s); 2 credential-access alert(s); 1 identity review concern(s),0,3,0,3,0,0,4,0,0,0,0,1,High,Samesh Tak,Accounts,Active
EMP11177,3,0,1,2,0,2,0,0,1,0,0,0,0,0,1,11,2 malware/ransomware alert(s); 1 credential-access alert(s),0,3,0,6,0,0,2,0,0,0,0,0,High,Lekha Jhaveri,Legal,Active
EMP11261,3,0,2,2,0,1,0,0,0,0,0,0,0,2,1,11,1 malware/ransomware alert(s); 2 identity review concern(s),0,6,0,3,0,0,0,0,0,0,0,2,High,Krishna Nayar,Cs,Active
EMP11307,3,0,2,1,0,0,0,1,0,0,0,0,0,3,1,11,1 lateral-movement alert(s); 3 identity review concern(s),0,6,0,0,0,2,0,0,0,0,0,3,High,Ethan Narasimhan,Legal,Active
EMP11327,3,0,1,2,0,1,1,0,1,0,0,0,0,1,1,11,1 malware/ransomware alert(s); 1 PowerShell alert(s); 1 credential-access alert(s); 1 identity review concern(s),0,3,0,3,2,0,2,0,0,0,0,1,High,Zayyan Naidu,Hr Dept,Active
EMP11412,3,1,0,2,0,1,1,0,0,0,0,0,0,1,1,11,1 critical alert(s); 1 malware/ransomware alert(s); 1 PowerShell alert(s); 1 identity review concern(s),5,0,0,3,2,0,0,0,0,0,0,1,High,Praneel Panchal,Marketing Dept,Active
EMP11422,3,1,0,1,0,1,0,1,0,0,1,0,0,0,1,11,1 critical alert(s); 1 malware/ransomware alert(s); 1 lateral-movement alert(s),5,0,0,3,0,2,0,0,1,0,0,0,High,Rishi Contractor,Cs,Active
EMP11508,3,1,0,3,1,0,1,0,0,0,1,0,0,0,1,11,1 critical alert(s); 1 unresolved critical alert(s); 1 PowerShell alert(s),5,0,3,0,2,0,0,0,1,0,0,0,High,Qarin Prabhu,Accounts,Active
EMP11585,3,0,1,1,0,1,0,1,1,0,0,0,0,1,1,11,1 malware/ransomware alert(s); 1 lateral-movement alert(s); 1 credential-access alert(s); 1 identity review concern(s),0,3,0,3,0,2,2,0,0,0,0,1,High,Ekantika Natarajan,Sales,Active
EMP11704,3,0,1,3,0,0,1,1,0,0,1,0,0,3,1,11,1 PowerShell alert(s); 1 lateral-movement alert(s); 3 identity review concern(s),0,3,0,0,2,2,0,0,1,0,0,3,High,Abeer Goel,Mkt,Active
EMP11793,3,0,2,2,0,1,1,0,0,0,0,0,0,0,1,11,1 malware/ransomware alert(s); 1 PowerShell alert(s),0,6,0,3,2,0,0,0,0,0,0,0,High,Nathan Mall,Innovation,Active
EMP11900,3,0,1,2,0,2,0,0,1,0,0,0,0,0,1,11,2 malware/ransomware alert(s); 1 credential-access alert(s),0,3,0,6,0,0,2,0,0,0,0,0,High,Chanakya Bora,Research And Development,Active
EMP12120,3,0,1,2,0,2,0,0,1,0,0,0,0,0,1,11,2 malware/ransomware alert(s); 1 credential-access alert(s),0,3,0,6,0,0,2,0,0,0,0,0,High,Sachi Brar,Brand Team,Active
EMP12288,3,0,1,2,0,2,0,0,1,0,0,0,0,0,1,11,2 malware/ransomware alert(s); 1 credential-access alert(s),0,3,0,6,0,0,2,0,0,0,0,0,High,Vasatika Ravi,Operations Dept,Active
EMP12294,3,0,1,1,0,1,1,1,0,0,0,0,0,1,1,11,1 malware/ransomware alert(s); 1 PowerShell alert(s); 1 lateral-movement alert(s); 1 identity review concern(s),0,3,0,3,2,2,0,0,0,0,0,1,High,Avni Bhagat,Legal,Active
EMP12416,3,0,1,2,0,0,2,0,0,0,1,0,0,3,1,11,2 PowerShell alert(s); 3 identity review concern(s),0,3,0,0,4,0,0,0,1,0,0,3,High,Harish Bhatia,Legal,Active
EMP12462,3,0,0,1,0,2,0,1,0,0,0,0,0,3,1,11,2 malware/ransomware alert(s); 1 lateral-movement alert(s); 3 identity review concern(s),0,0,0,6,0,2,0,0,0,0,0,3,High,Chavvi Prashad,It,Active
EMP12488,3,1,1,1,0,0,0,0,1,0,1,0,0,0,1,11,1 critical alert(s); 1 credential-access alert(s),5,3,0,0,0,0,2,0,1,0,0,0,High,Jhalak Ben,Operations,Active
EMP12513,3,0,1,2,0,1,0,1,0,0,0,0,0,3,1,11,1 malware/ransomware alert(s); 1 lateral-movement alert(s); 3 identity review concern(s),0,3,0,3,0,2,0,0,0,0,0,3,High,Chakradev Chakraborty,Call Center,Active
EMP12542,3,0,2,2,0,0,0,1,1,0,0,0,0,1,1,11,1 lateral-movement alert(s); 1 credential-access alert(s); 1 identity review concern(s),0,6,0,0,0,2,2,0,0,0,0,1,High,Karan Bala,Business Sales,Active
EMP12572,3,0,2,1,0,0,1,0,1,0,1,0,0,0,1,11,1 PowerShell alert(s); 1 credential-access alert(s),0,6,0,0,2,0,2,0,1,0,0,0,High,Nathan Wali,Mktg,Active
EMP12614,3,1,0,2,0,1,0,0,0,0,0,0,0,3,1,11,1 critical alert(s); 1 malware/ransomware alert(s); 3 identity review concern(s),5,0,0,3,0,0,0,0,0,0,0,3,High,Anusha Bhargava,Customer Care,Active
EMP12670,3,0,1,2,0,0,0,1,2,0,0,1,0,1,1,11,1 lateral-movement alert(s); 2 credential-access alert(s); 1 identity review concern(s),0,3,0,0,0,2,4,0,0,1,0,1,High,Maanas Tata,Procurement,Active
EMP12770,3,0,2,3,0,1,0,0,0,0,1,0,0,1,1,11,1 malware/ransomware alert(s); 1 identity review concern(s),0,6,0,3,0,0,0,0,1,0,0,1,High,Azad Ahluwalia,Finance,Active
EMP12787,3,0,1,2,0,1,0,1,1,0,0,0,0,1,1,11,1 malware/ransomware alert(s); 1 lateral-movement alert(s); 1 credential-access alert(s); 1 identity review concern(s),0,3,0,3,0,2,2,0,0,0,0,1,High,Sachi Sane,Cs,Active
EMP12820,3,0,1,1,0,2,1,0,0,0,0,0,0,0,1,11,2 malware/ransomware alert(s); 1 PowerShell alert(s),0,3,0,6,2,0,0,0,0,0,0,0,High,Chandran Ganesan,Legal,Active
EMP12882,3,0,1,2,0,1,2,0,0,0,0,0,0,1,1,11,1 malware/ransomware alert(s); 2 PowerShell alert(s); 1 identity review concern(s),0,3,0,3,4,0,0,0,0,0,0,1,High,Hemangini Dhaliwal,Legal,Active
EMP12888,3,0,1,3,0,1,1,0,1,0,0,1,0,0,1,11,1 malware/ransomware alert(s); 1 PowerShell alert(s); 1 credential-access alert(s),0,3,0,3,2,0,2,0,0,1,0,0,High,Mekhala Jani,Operations,Active
EMP12917,3,0,2,2,0,1,0,0,1,0,0,0,0,0,1,11,1 malware/ransomware alert(s); 1 credential-access alert(s),0,6,0,3,0,0,2,0,0,0,0,0,High,Charita Mannan,Sales,Active
EMP12959,3,0,1,2,0,2,0,1,0,0,0,0,0,0,1,11,2 malware/ransomware alert(s); 1 lateral-movement alert(s),0,3,0,6,0,2,0,0,0,0,0,0,High,Libni Lala,Sales,Active
EMP10108,2,1,0,2,1,0,0,1,0,0,1,0,0,0,1,11,1 critical alert(s); 1 unresolved critical alert(s); 1 lateral-movement alert(s),5,0,3,0,0,2,0,0,1,0,0,0,High,Aahana Samra,Rnd,Active
EMP10167,2,0,2,1,0,0,0,0,1,0,1,1,0,1,1,11,1 credential-access alert(s); 1 identity review concern(s),0,6,0,0,0,0,2,0,1,1,0,1,High,Kamala Babu,Legal Dept,Active
EMP10393,2,0,2,1,0,0,0,1,0,0,1,0,0,2,1,11,1 lateral-movement alert(s); 2 identity review concern(s),0,6,0,0,0,2,0,0,1,0,0,2,High,,,
EMP10520,2,1,0,2,1,1,0,0,0,0,0,0,0,0,1,11,1 critical alert(s); 1 unresolved critical alert(s); 1 malware/ransomware alert(s),5,0,3,3,0,0,0,0,0,0,0,0,High,Diya Tandon,It,On Leave
EMP10573,2,1,0,0,0,2,0,0,0,0,0,0,0,0,1,11,1 critical alert(s); 2 malware/ransomware alert(s),5,0,0,6,0,0,0,0,0,0,0,0,High,Alexander Bumb,Finance,Active
EMP10610,2,1,0,1,1,0,0,1,0,0,1,0,0,0,1,11,1 critical alert(s); 1 unresolved critical alert(s); 1 lateral-movement alert(s),5,0,3,0,0,2,0,0,1,0,0,0,High,Ojasvi Gour,Hr,Active
EMP10659,2,0,0,2,0,1,0,0,1,0,0,0,2,0,1,11,1 malware/ransomware alert(s); 1 credential-access alert(s); 2 inactive-user event(s),0,0,0,3,0,0,2,0,0,0,6,0,High,Pahal Sethi,Customer Support,Inactive
EMP10720,2,1,0,2,1,0,1,0,0,0,0,0,0,1,1,11,1 critical alert(s); 1 unresolved critical alert(s); 1 PowerShell alert(s); 1 identity review concern(s),5,0,3,0,2,0,0,0,0,0,0,1,High,Victor Chaudhuri,Rd,Active
EMP10965,2,0,2,1,0,1,0,1,0,0,0,0,0,0,1,11,1 malware/ransomware alert(s); 1 lateral-movement alert(s),0,6,0,3,0,2,0,0,0,0,0,0,High,Nisha Walla,Mktg,Active
EMP10969,2,0,0,2,0,0,0,1,0,0,1,0,2,2,1,11,1 lateral-movement alert(s); 2 inactive-user event(s); 2 identity review concern(s),0,0,0,0,0,2,0,0,1,0,6,2,High,Urvashi Upadhyay,Human Resource,Disabled
EMP10971,2,1,0,1,1,0,0,1,0,0,0,0,0,1,1,11,1 critical alert(s); 1 unresolved critical alert(s); 1 lateral-movement alert(s); 1 identity review concern(s),5,0,3,0,0,2,0,0,0,0,0,1,High,Chavvi Loyal,Research And Development,Active
EMP10976,2,0,0,2,0,1,1,0,0,0,0,0,2,0,1,11,1 malware/ransomware alert(s); 1 PowerShell alert(s); 2 inactive-user event(s),0,0,0,3,2,0,0,0,0,0,6,0,High,Michael Dhillon,It Dept,Disabled
EMP10986,2,1,0,2,1,0,0,1,0,0,0,0,0,1,1,11,1 critical alert(s); 1 unresolved critical alert(s); 1 lateral-movement alert(s); 1 identity review concern(s),5,0,3,0,0,2,0,0,0,0,0,1,High,Raksha Sethi,Sales Dept,Active
EMP10993,2,1,1,1,0,0,0,1,0,0,1,0,0,0,1,11,1 critical alert(s); 1 lateral-movement alert(s),5,3,0,0,0,2,0,0,1,0,0,0,High,Bhanumati Raja,Research And Development,Active
EMP11240,2,0,2,2,0,1,0,0,0,0,1,0,0,1,1,11,1 malware/ransomware alert(s); 1 identity review concern(s),0,6,0,3,0,0,0,0,1,0,0,1,High,Mekhala Shenoy,Sales,Active
EMP11283,2,1,0,2,1,0,1,0,0,0,1,0,0,0,1,11,1 critical alert(s); 1 unresolved critical alert(s); 1 PowerShell alert(s),5,0,3,0,2,0,0,0,1,0,0,0,High,Ranbir Kalita,Ops Team,Active
EMP11369,2,0,0,1,0,1,0,0,1,0,0,0,2,0,1,11,1 malware/ransomware alert(s); 1 credential-access alert(s); 2 inactive-user event(s),0,0,0,3,0,0,2,0,0,0,6,0,High,Sachi Mishra,Marketing,Disabled
EMP11458,2,0,1,2,0,0,1,0,0,0,0,0,2,0,1,11,1 PowerShell alert(s); 2 inactive-user event(s),0,3,0,0,2,0,0,0,0,0,6,0,High,Agastya Wali,Call Center,Disabled
EMP11584,2,0,0,0,0,1,1,0,0,0,0,0,2,0,1,11,1 malware/ransomware alert(s); 1 PowerShell alert(s); 2 inactive-user event(s),0,0,0,3,2,0,0,0,0,0,6,0,High,Indali Walla,Compliance,Disabled
EMP11589,2,1,0,1,1,1,0,0,0,0,0,0,0,0,1,11,1 critical alert(s); 1 unresolved critical alert(s); 1 malware/ransomware alert(s),5,0,3,3,0,0,0,0,0,0,0,0,High,Gaurangi Patel,Ops Team,Active
EMP11664,2,0,1,2,0,0,0,0,0,0,2,0,2,0,1,11,2 inactive-user event(s),0,3,0,0,0,0,0,0,2,0,6,0,High,Qabil Vig,Procurement,Inactive
EMP11737,2,0,0,2,0,1,0,0,1,0,0,0,2,0,1,11,1 malware/ransomware alert(s); 1 credential-access alert(s); 2 inactive-user event(s),0,0,0,3,0,0,2,0,0,0,6,0,High,Fitan Rana,Ops Team,Disabled
EMP11752,2,0,1,2,0,1,0,1,0,0,0,1,0,2,1,11,1 malware/ransomware alert(s); 1 lateral-movement alert(s); 2 identity review concern(s),0,3,0,3,0,2,0,0,0,1,0,2,High,Nachiket Singh,Legal Dept,Active
EMP11790,2,0,2,2,0,0,1,1,0,0,0,0,0,1,1,11,1 PowerShell alert(s); 1 lateral-movement alert(s); 1 identity review concern(s),0,6,0,0,2,2,0,0,0,0,0,1,High,Amrita Shah,Sales Dept,Active
EMP11948,2,0,1,2,0,2,0,0,0,0,0,0,0,2,1,11,2 malware/ransomware alert(s); 2 identity review concern(s),0,3,0,6,0,0,0,0,0,0,0,2,High,Kamya Ram,Sales,Active
EMP11958,2,1,0,1,1,0,1,0,0,0,1,0,0,0,1,11,1 critical alert(s); 1 unresolved critical alert(s); 1 PowerShell alert(s),5,0,3,0,2,0,0,0,1,0,0,0,High,Vanya Parekh,Hr,Active
EMP11960,2,0,2,1,0,0,0,0,1,0,1,0,0,2,1,11,1 credential-access alert(s); 2 identity review concern(s),0,6,0,0,0,0,2,0,1,0,0,2,High,Finn Mall,Fin,Active
EMP12131,2,0,0,0,0,1,1,0,0,0,0,0,2,0,1,11,1 malware/ransomware alert(s); 1 PowerShell alert(s); 2 inactive-user event(s),0,0,0,3,2,0,0,0,0,0,6,0,High,Chaaya Sodhi,Cs,Inactive
EMP12228,2,0,0,0,0,1,1,0,0,0,0,0,2,0,1,11,1 malware/ransomware alert(s); 1 PowerShell alert(s); 2 inactive-user event(s),0,0,0,3,2,0,0,0,0,0,6,0,High,Falguni Thaman,Ops Team,Disabled
EMP12246,2,1,0,1,0,1,0,0,1,0,0,1,0,0,1,11,1 critical alert(s); 1 malware/ransomware alert(s); 1 credential-access alert(s),5,0,0,3,0,0,2,0,0,1,0,0,High,Unni Hayer,Finance,Active
EMP12321,2,0,0,1,0,0,1,0,0,0,1,1,2,1,1,11,1 PowerShell alert(s); 2 inactive-user event(s); 1 identity review concern(s),0,0,0,0,2,0,0,0,1,1,6,1,High,Bhavani Khare,Information Tech,Inactive
EMP12484,2,1,0,2,1,0,0,1,0,0,1,0,0,0,1,11,1 critical alert(s); 1 unresolved critical alert(s); 1 lateral-movement alert(s),5,0,3,0,0,2,0,0,1,0,0,0,High,Aahana Seth,Sales Dept,Active
EMP12535,2,1,1,0,0,0,1,0,0,0,1,0,0,0,1,11,1 critical alert(s); 1 PowerShell alert(s),5,3,0,0,2,0,0,0,1,0,0,0,High,Girik Thaman,Finance,Active
EMP12729,2,0,1,1,0,2,0,0,0,0,0,1,0,1,1,11,2 malware/ransomware alert(s); 1 identity review concern(s),0,3,0,6,0,0,0,0,0,1,0,1,High,Bhavani More,Call Center,Active
EMP12754,2,0,0,2,0,1,0,0,1,0,0,0,2,0,1,11,1 malware/ransomware alert(s); 1 credential-access alert(s); 2 inactive-user event(s),0,0,0,3,0,0,2,0,0,0,6,0,High,Brijesh Dube,Human Resource,Disabled
EMP12838,2,0,2,1,0,1,0,1,0,0,0,0,0,0,1,11,1 malware/ransomware alert(s); 1 lateral-movement alert(s),0,6,0,3,0,2,0,0,0,0,0,0,High,Samesh Parmer,Hr Dept,Active
EMP12845,2,0,2,1,0,0,0,2,0,0,0,0,0,1,1,11,2 lateral-movement alert(s); 1 identity review concern(s),0,6,0,0,0,4,0,0,0,0,0,1,High,Gaurika Tandon,Rd,Active
EMP12853,2,1,0,0,0,1,0,1,0,0,0,1,0,0,1,11,1 critical alert(s); 1 malware/ransomware alert(s); 1 lateral-movement alert(s),5,0,0,3,0,2,0,0,0,1,0,0,High,Advika Thakur,Support,Active
EMP12923,2,0,1,2,0,0,1,0,0,0,0,0,2,0,1,11,1 PowerShell alert(s); 2 inactive-user event(s),0,3,0,0,2,0,0,0,0,0,6,0,High,Lohit Kulkarni,Sales,Disabled
EMP10452,1,1,0,1,1,1,0,0,0,0,0,0,0,0,1,11,1 critical alert(s); 1 unresolved critical alert(s); 1 malware/ransomware alert(s),5,0,3,3,0,0,0,0,0,0,0,0,High,Udyati Sangha,Innovation,Active
EMP10539,1,1,0,1,1,0,0,0,1,0,0,0,0,1,1,11,1 critical alert(s); 1 unresolved critical alert(s); 1 credential-access alert(s); 1 identity review concern(s),5,0,3,0,0,0,2,0,0,0,0,1,High,Varsha Gera,Marketing Dept,Active
EMP11137,1,1,0,0,0,1,0,0,0,0,0,0,1,0,1,11,1 critical alert(s); 1 malware/ransomware alert(s); 1 inactive-user event(s),5,0,0,3,0,0,0,0,0,0,3,0,High,Shivani Deol,Ops,Inactive
EMP11146,1,1,0,1,1,1,0,0,0,0,0,0,0,0,1,11,1 critical alert(s); 1 unresolved critical alert(s); 1 malware/ransomware alert(s),5,0,3,3,0,0,0,0,0,0,0,0,High,Tanay Halder,Legal,Active
EMP11159,1,1,0,1,1,1,0,0,0,0,0,0,0,0,1,11,1 critical alert(s); 1 unresolved critical alert(s); 1 malware/ransomware alert(s),5,0,3,3,0,0,0,0,0,0,0,0,High,Adya Shetty,People Team,Active
EMP11349,1,1,0,1,1,0,0,0,1,0,0,0,0,1,1,11,1 critical alert(s); 1 unresolved critical alert(s); 1 credential-access alert(s); 1 identity review concern(s),5,0,3,0,0,0,2,0,0,0,0,1,High,Widisha Basak,It Dept,Active
EMP11559,1,1,0,1,1,1,0,0,0,0,0,0,0,0,1,11,1 critical alert(s); 1 unresolved critical alert(s); 1 malware/ransomware alert(s),5,0,3,3,0,0,0,0,0,0,0,0,High,Girish Jayaraman,Rd,
EMP11760,1,1,0,1,1,1,0,0,0,0,0,0,0,0,1,11,1 critical alert(s); 1 unresolved critical alert(s); 1 malware/ransomware alert(s),5,0,3,3,0,0,0,0,0,0,0,0,High,Kashvi Shere,Call Center,Active
EMP11763,1,1,0,1,1,0,0,0,1,0,0,0,0,1,1,11,1 critical alert(s); 1 unresolved critical alert(s); 1 credential-access alert(s); 1 identity review concern(s),5,0,3,0,0,0,2,0,0,0,0,1,High,,,
EMP11941,1,1,0,1,1,1,0,0,0,0,0,0,0,0,1,11,1 critical alert(s); 1 unresolved critical alert(s); 1 malware/ransomware alert(s),5,0,3,3,0,0,0,0,0,0,0,0,High,Yatan Chander,Information Tech,Active
EMP12111,1,1,0,1,1,0,0,0,1,0,0,0,0,1,1,11,1 critical alert(s); 1 unresolved critical alert(s); 1 credential-access alert(s); 1 identity review concern(s),5,0,3,0,0,0,2,0,0,0,0,1,High,,,
EMP12212,1,1,0,1,1,1,0,0,0,0,0,0,0,0,1,11,1 critical alert(s); 1 unresolved critical alert(s); 1 malware/ransomware alert(s),5,0,3,3,0,0,0,0,0,0,0,0,High,Matthew Bath,Customer Support,Active
EMP12742,1,1,0,1,1,1,0,0,0,0,0,0,0,0,1,11,1 critical alert(s); 1 unresolved critical alert(s); 1 malware/ransomware alert(s),5,0,3,3,0,0,0,0,0,0,0,0,High,Upasna Sha,People Team,Active
EMP12791,1,1,0,1,1,1,0,0,0,0,0,0,0,0,1,11,1 critical alert(s); 1 unresolved critical alert(s); 1 malware/ransomware alert(s),5,0,3,3,0,0,0,0,0,0,0,0,High,Rehaan Kothari,Information Technology,Active
EMP12834,1,1,0,1,1,0,0,0,0,0,0,0,1,0,1,11,1 critical alert(s); 1 unresolved critical alert(s); 1 inactive-user event(s),5,0,3,0,0,0,0,0,0,0,3,0,High,Falan Suri,Purch,Disabled
EMP10243,6,0,0,4,0,1,1,1,1,0,1,0,0,0,1,10,1 malware/ransomware alert(s); 1 PowerShell alert(s); 1 lateral-movement alert(s); 1 credential-access alert(s),0,0,0,3,2,2,2,0,1,0,0,0,High,Fariq Atwal,Procurement,Active
EMP10090,5,0,0,4,0,2,1,0,0,0,2,0,0,0,1,10,2 malware/ransomware alert(s); 1 PowerShell alert(s),0,0,0,6,2,0,0,0,2,0,0,0,High,Yashasvi Chacko,Hr Dept,Active
EMP10944,5,0,0,2,0,3,0,0,0,0,0,1,0,0,1,10,3 malware/ransomware alert(s),0,0,0,9,0,0,0,0,0,1,0,0,High,Quincy Goda,Fin,Active
EMP11560,5,0,0,4,0,2,0,1,1,0,0,0,0,0,1,10,2 malware/ransomware alert(s); 1 lateral-movement alert(s); 1 credential-access alert(s),0,0,0,6,0,2,2,0,0,0,0,0,High,Osha Nadig,Ops Team,Active
EMP11612,5,0,0,3,0,2,0,0,1,0,1,0,0,1,1,10,2 malware/ransomware alert(s); 1 credential-access alert(s); 1 identity review concern(s),0,0,0,6,0,0,2,0,1,0,0,1,High,Aarush Vasa,Operations,Active
EMP11711,5,0,0,3,0,1,0,1,1,0,2,0,0,1,1,10,1 malware/ransomware alert(s); 1 lateral-movement alert(s); 1 credential-access alert(s); 1 identity review concern(s),0,0,0,3,0,2,2,0,2,0,0,1,High,Kai Chatterjee,Human Resource,Active
EMP12636,5,0,1,3,0,1,0,1,1,0,0,0,0,0,1,10,1 malware/ransomware alert(s); 1 lateral-movement alert(s); 1 credential-access alert(s),0,3,0,3,0,2,2,0,0,0,0,0,High,Chandani Pant,Purchase,Active
EMP12890,5,0,1,2,0,1,1,1,0,0,0,0,0,0,1,10,1 malware/ransomware alert(s); 1 PowerShell alert(s); 1 lateral-movement alert(s),0,3,0,3,2,2,0,0,0,0,0,0,High,Vedhika Sami,Rnd,Active
EMP10026,4,0,0,3,0,2,1,0,0,0,0,1,0,1,1,10,2 malware/ransomware alert(s); 1 PowerShell alert(s); 1 identity review concern(s),0,0,0,6,2,0,0,0,0,1,0,1,High,Hemang Pandya,It Dept,Active
EMP10050,4,0,1,4,0,0,1,0,2,0,1,0,0,0,1,10,1 PowerShell alert(s); 2 credential-access alert(s),0,3,0,0,2,0,4,0,1,0,0,0,High,Zayan Pandit,Procurement,Active
EMP10385,4,0,0,2,0,1,1,1,1,0,0,0,0,1,1,10,1 malware/ransomware alert(s); 1 PowerShell alert(s); 1 lateral-movement alert(s); 1 credential-access alert(s); 1 identity review concern(s),0,0,0,3,2,2,2,0,0,0,0,1,High,Max Varghese,Customer Support,Active
EMP10483,4,0,1,3,0,2,0,0,0,0,0,0,0,1,1,10,2 malware/ransomware alert(s); 1 identity review concern(s),0,3,0,6,0,0,0,0,0,0,0,1,High,Theodore Oommen,Ops,Active
EMP10723,4,0,1,3,0,1,0,0,1,0,1,0,0,1,1,10,1 malware/ransomware alert(s); 1 credential-access alert(s); 1 identity review concern(s),0,3,0,3,0,0,2,0,1,0,0,1,High,Ekaraj Nath,Call Center,Active
EMP10809,4,0,0,4,0,3,0,0,0,0,1,0,0,0,1,10,3 malware/ransomware alert(s),0,0,0,9,0,0,0,0,1,0,0,0,High,Advaith Tiwari,Fin,Active
EMP10811,4,0,1,3,0,2,0,0,0,0,0,0,0,1,1,10,2 malware/ransomware alert(s); 1 identity review concern(s),0,3,0,6,0,0,0,0,0,0,0,1,High,Diya Ratta,Human Resource,Active
EMP10866,4,0,1,4,0,0,0,2,1,0,0,0,0,1,1,10,2 lateral-movement alert(s); 1 credential-access alert(s); 1 identity review concern(s),0,3,0,0,0,4,2,0,0,0,0,1,High,Ayush Sami,It Support,On Leave
EMP10903,4,0,0,4,0,2,1,1,0,0,0,0,0,0,1,10,2 malware/ransomware alert(s); 1 PowerShell alert(s); 1 lateral-movement alert(s),0,0,0,6,2,2,0,0,0,0,0,0,High,Unni Guha,Ops Team,Active
EMP10924,4,0,1,3,0,1,1,0,0,0,1,0,0,1,1,10,1 malware/ransomware alert(s); 1 PowerShell alert(s); 1 identity review concern(s),0,3,0,3,2,0,0,0,1,0,0,1,High,Noah Ranganathan,Rnd,Active
EMP10960,4,0,1,1,0,2,0,0,0,0,1,0,0,0,1,10,2 malware/ransomware alert(s),0,3,0,6,0,0,0,0,1,0,0,0,High,Mason Rao,Operations,Active
EMP11049,4,0,0,3,0,2,0,2,0,0,0,0,0,0,1,10,2 malware/ransomware alert(s); 2 lateral-movement alert(s),0,0,0,6,0,4,0,0,0,0,0,0,High,Qushi Acharya,Operations,On Leave
EMP11091,4,0,1,3,0,1,0,1,1,0,0,0,0,0,1,10,1 malware/ransomware alert(s); 1 lateral-movement alert(s); 1 credential-access alert(s),0,3,0,3,0,2,2,0,0,0,0,0,High,Nathaniel Wadhwa,Human Resources,Active
EMP11549,4,0,0,3,0,0,1,2,1,0,0,0,0,2,1,10,1 PowerShell alert(s); 2 lateral-movement alert(s); 1 credential-access alert(s); 2 identity review concern(s),0,0,0,0,2,4,2,0,0,0,0,2,High,Nidhi Chada,Customer Care,Active
EMP11727,4,0,0,3,0,2,0,2,0,0,0,0,0,0,1,10,2 malware/ransomware alert(s); 2 lateral-movement alert(s),0,0,0,6,0,4,0,0,0,0,0,0,High,Bhavya Sem,Information Technology,On Leave
EMP11781,4,0,0,1,0,1,1,2,0,0,0,0,0,1,1,10,1 malware/ransomware alert(s); 1 PowerShell alert(s); 2 lateral-movement alert(s); 1 identity review concern(s),0,0,0,3,2,4,0,0,0,0,0,1,High,Vivaan Sur,Finance Dept,Active
EMP11787,4,0,1,3,0,0,2,1,0,0,0,0,0,1,1,10,2 PowerShell alert(s); 1 lateral-movement alert(s); 1 identity review concern(s),0,3,0,0,4,2,0,0,0,0,0,1,High,Lajita Buch,Compliance,Active
EMP11825,4,0,0,2,0,1,0,1,0,0,2,0,0,3,1,10,1 malware/ransomware alert(s); 1 lateral-movement alert(s); 3 identity review concern(s),0,0,0,3,0,2,0,0,2,0,0,3,High,Dipta Bala,Brand Team,Active
EMP11843,4,0,1,4,0,1,0,0,1,0,1,1,0,0,1,10,1 malware/ransomware alert(s); 1 credential-access alert(s),0,3,0,3,0,0,2,0,1,1,0,0,High,Sarthak Baria,Support,Active
EMP11962,4,0,1,4,0,1,1,0,1,0,0,0,0,0,1,10,1 malware/ransomware alert(s); 1 PowerShell alert(s); 1 credential-access alert(s),0,3,0,3,2,0,2,0,0,0,0,0,High,Abhimanyu Krishnamurthy,Mktg,
EMP12191,4,0,0,2,0,2,2,0,0,0,0,0,0,0,1,10,2 malware/ransomware alert(s); 2 PowerShell alert(s),0,0,0,6,4,0,0,0,0,0,0,0,High,Varsha Sekhon,Operations,Active
EMP12226,4,0,1,3,0,1,0,2,0,0,0,0,0,0,1,10,1 malware/ransomware alert(s); 2 lateral-movement alert(s),0,3,0,3,0,4,0,0,0,0,0,0,High,Udant Palla,It,Active
EMP12301,4,0,1,1,0,1,0,0,2,0,0,0,0,0,1,10,1 malware/ransomware alert(s); 2 credential-access alert(s),0,3,0,3,0,0,4,0,0,0,0,0,High,Yauvani Viswanathan,People Team,Active
EMP12309,4,0,1,2,0,1,0,1,1,0,0,0,0,0,1,10,1 malware/ransomware alert(s); 1 lateral-movement alert(s); 1 credential-access alert(s),0,3,0,3,0,2,2,0,0,0,0,0,High,Ira Ahuja,Human Resources,Active
EMP12368,4,0,1,3,0,0,1,2,0,0,1,0,0,0,1,10,1 PowerShell alert(s); 2 lateral-movement alert(s),0,3,0,0,2,4,0,0,1,0,0,0,High,Lohit Sarma,Mkt,Active
EMP12448,4,0,1,2,0,0,1,1,0,0,2,0,0,1,1,10,1 PowerShell alert(s); 1 lateral-movement alert(s); 1 identity review concern(s),0,3,0,0,2,2,0,0,2,0,0,1,High,Aarna Magar,Procurement Team,Active
EMP12849,4,0,1,2,0,1,0,0,2,0,0,0,0,0,1,10,1 malware/ransomware alert(s); 2 credential-access alert(s),0,3,0,3,0,0,4,0,0,0,0,0,High,Eiravati Agrawal,Cs,Active
EMP10134,3,0,1,1,0,1,0,0,1,0,0,0,0,2,1,10,1 malware/ransomware alert(s); 1 credential-access alert(s); 2 identity review concern(s),0,3,0,3,0,0,2,0,0,0,0,2,High,Sai Bedi,Human Resource,Active
EMP10181,3,0,1,1,0,1,2,0,0,0,0,0,0,0,1,10,1 malware/ransomware alert(s); 2 PowerShell alert(s),0,3,0,3,4,0,0,0,0,0,0,0,High,Tamanna Banik,Rd,Active
EMP10193,3,0,0,2,0,3,0,0,0,0,0,0,0,1,1,10,3 malware/ransomware alert(s); 1 identity review concern(s),0,0,0,9,0,0,0,0,0,0,0,1,High,Ekbal Bhatti,Human Resources,Active
EMP10231,3,0,1,1,0,1,0,0,2,0,0,0,0,0,1,10,1 malware/ransomware alert(s); 2 credential-access alert(s),0,3,0,3,0,0,4,0,0,0,0,0,High,Gopal Prabhakar,Mkt,Active
EMP10310,3,0,1,2,0,0,1,1,0,0,1,0,0,2,1,10,1 PowerShell alert(s); 1 lateral-movement alert(s); 2 identity review concern(s),0,3,0,0,2,2,0,0,1,0,0,2,High,Gabriel Trivedi,Legal,Active
EMP10359,3,0,2,3,0,0,1,1,0,0,0,0,0,0,1,10,1 PowerShell alert(s); 1 lateral-movement alert(s),0,6,0,0,2,2,0,0,0,0,0,0,High,Vidhi Saini,Procurement,
EMP10505,3,1,0,0,0,1,0,0,1,0,0,0,0,0,1,10,1 critical alert(s); 1 malware/ransomware alert(s); 1 credential-access alert(s),5,0,0,3,0,0,2,0,0,0,0,0,High,Agastya Pai,Legal,Active
EMP10508,3,0,0,1,0,2,0,0,1,0,0,0,0,2,1,10,2 malware/ransomware alert(s); 1 credential-access alert(s); 2 identity review concern(s),0,0,0,6,0,0,2,0,0,0,0,2,High,Nandini Kade,It,Active
EMP10521,3,0,0,1,0,1,0,1,1,0,0,0,0,3,1,10,1 malware/ransomware alert(s); 1 lateral-movement alert(s); 1 credential-access alert(s); 3 identity review concern(s),0,0,0,3,0,2,2,0,0,0,0,3,High,,,
EMP10593,3,0,1,2,0,1,0,0,2,0,0,0,0,0,1,10,1 malware/ransomware alert(s); 2 credential-access alert(s),0,3,0,3,0,0,4,0,0,0,0,0,High,Christopher Mital,Support,Active
EMP10644,3,0,0,2,0,2,0,0,0,0,1,0,0,3,1,10,2 malware/ransomware alert(s); 3 identity review concern(s),0,0,0,6,0,0,0,0,1,0,0,3,High,,,
EMP10680,3,0,1,0,0,1,1,0,1,0,0,0,0,0,1,10,1 malware/ransomware alert(s); 1 PowerShell alert(s); 1 credential-access alert(s),0,3,0,3,2,0,2,0,0,0,0,0,High,Chanchal Srivastava,Purchase,Active
EMP10683,3,1,0,1,0,0,0,1,0,0,1,0,0,2,1,10,1 critical alert(s); 1 lateral-movement alert(s); 2 identity review concern(s),5,0,0,0,0,2,0,0,1,0,0,2,High,Shaurya Saini,Operations,Active
EMP10729,3,0,0,1,0,1,0,1,1,0,0,0,0,3,1,10,1 malware/ransomware alert(s); 1 lateral-movement alert(s); 1 credential-access alert(s); 3 identity review concern(s),0,0,0,3,0,2,2,0,0,0,0,3,High,Inaya Chaudhuri,Hr,Active
EMP10788,3,0,1,1,0,1,0,1,1,0,0,0,0,0,1,10,1 malware/ransomware alert(s); 1 lateral-movement alert(s); 1 credential-access alert(s),0,3,0,3,0,2,2,0,0,0,0,0,High,Tarak Som,Finance,Active
EMP10799,3,0,1,2,0,1,0,1,0,0,1,0,0,1,1,10,1 malware/ransomware alert(s); 1 lateral-movement alert(s); 1 identity review concern(s),0,3,0,3,0,2,0,0,1,0,0,1,High,Baljiwan Raju,Purchase,Active
EMP10801,3,0,0,3,0,2,0,0,1,0,0,0,0,2,1,10,2 malware/ransomware alert(s); 1 credential-access alert(s); 2 identity review concern(s),0,0,0,6,0,0,2,0,0,0,0,2,High,Ansh Brahmbhatt,Cs,Active
EMP10955,3,0,1,3,0,1,0,1,1,0,0,0,0,0,1,10,1 malware/ransomware alert(s); 1 lateral-movement alert(s); 1 credential-access alert(s),0,3,0,3,0,2,2,0,0,0,0,0,High,Janya Kuruvilla,Mkt,On Leave
EMP10958,3,0,2,3,0,0,0,0,0,0,3,0,0,1,1,10,1 identity review concern(s),0,6,0,0,0,0,0,0,3,0,0,1,High,Azaan Sampath,R&D,Active
EMP11040,3,0,0,1,0,1,1,0,1,0,0,0,0,3,1,10,1 malware/ransomware alert(s); 1 PowerShell alert(s); 1 credential-access alert(s); 3 identity review concern(s),0,0,0,3,2,0,2,0,0,0,0,3,High,Aarav Suri,Customer Support,Active
EMP11054,3,0,1,2,0,0,1,0,0,0,2,0,0,3,1,10,1 PowerShell alert(s); 3 identity review concern(s),0,3,0,0,2,0,0,0,2,0,0,3,High,Leela Gill,It Support,Active
EMP11072,3,0,1,3,0,1,2,0,0,0,0,0,0,0,1,10,1 malware/ransomware alert(s); 2 PowerShell alert(s),0,3,0,3,4,0,0,0,0,0,0,0,High,Yashoda Kannan,Research And Development,Active
EMP11132,3,0,1,1,0,2,0,0,0,0,0,1,0,0,1,10,2 malware/ransomware alert(s),0,3,0,6,0,0,0,0,0,1,0,0,High,Yug Om,Sales Dept,Active
EMP11165,3,0,1,2,0,2,0,0,0,0,1,0,0,0,1,10,2 malware/ransomware alert(s),0,3,0,6,0,0,0,0,1,0,0,0,High,Balhaar Thakkar,Legal Dept,Active
EMP11182,3,1,0,1,0,1,0,1,0,0,0,0,0,0,1,10,1 critical alert(s); 1 malware/ransomware alert(s); 1 lateral-movement alert(s),5,0,0,3,0,2,0,0,0,0,0,0,High,Ethan Madan,Finance,Active
EMP11436,3,0,0,3,0,2,0,0,1,0,0,0,0,2,1,10,2 malware/ransomware alert(s); 1 credential-access alert(s); 2 identity review concern(s),0,0,0,6,0,0,2,0,0,0,0,2,High,Christopher Sarna,Innovation,Active
EMP11448,3,0,1,3,0,1,0,1,0,0,1,0,0,1,1,10,1 malware/ransomware alert(s); 1 lateral-movement alert(s); 1 identity review concern(s),0,3,0,3,0,2,0,0,1,0,0,1,High,Aishani Mandal,Fin,Active
EMP11484,3,0,1,2,0,1,0,2,0,0,0,0,0,0,1,10,1 malware/ransomware alert(s); 2 lateral-movement alert(s),0,3,0,3,0,4,0,0,0,0,0,0,High,Waida Dyal,Innovation,Active
EMP11530,3,0,2,2,0,1,0,0,0,0,1,0,0,0,1,10,1 malware/ransomware alert(s),0,6,0,3,0,0,0,0,1,0,0,0,High,Parth Pandey,Operations Dept,Active
EMP11677,3,0,1,1,0,1,1,0,0,0,1,0,0,1,1,10,1 malware/ransomware alert(s); 1 PowerShell alert(s); 1 identity review concern(s),0,3,0,3,2,0,0,0,1,0,0,1,High,Sachi Bains,People Team,Active
EMP11764,3,0,1,3,0,1,0,0,1,0,0,0,0,2,1,10,1 malware/ransomware alert(s); 1 credential-access alert(s); 2 identity review concern(s),0,3,0,3,0,0,2,0,0,0,0,2,High,Charles Subramaniam,Sales Team,Active
EMP11826,3,0,1,1,0,2,0,0,0,0,0,0,0,1,1,10,2 malware/ransomware alert(s); 1 identity review concern(s),0,3,0,6,0,0,0,0,0,0,0,1,High,Rohan Dasgupta,Mkt,Active
EMP11852,3,0,1,2,0,1,0,1,0,0,0,1,0,1,1,10,1 malware/ransomware alert(s); 1 lateral-movement alert(s); 1 identity review concern(s),0,3,0,3,0,2,0,0,0,1,0,1,High,Kevin Pillai,Support,Active
EMP11930,3,0,1,1,0,1,1,1,0,0,0,0,0,0,1,10,1 malware/ransomware alert(s); 1 PowerShell alert(s); 1 lateral-movement alert(s),0,3,0,3,2,2,0,0,0,0,0,0,High,Upma Mani,Operations Dept,
EMP12040,3,0,0,2,0,2,0,0,0,0,1,0,0,3,1,10,2 malware/ransomware alert(s); 3 identity review concern(s),0,0,0,6,0,0,0,0,1,0,0,3,High,Warjas Ratta,Customer Support,Active
EMP12166,3,0,0,2,0,1,0,1,1,0,0,0,0,3,1,10,1 malware/ransomware alert(s); 1 lateral-movement alert(s); 1 credential-access alert(s); 3 identity review concern(s),0,0,0,3,0,2,2,0,0,0,0,3,High,Advika Barman,Call Center,Active
EMP12244,3,0,0,2,0,2,0,0,0,0,1,0,0,3,1,10,2 malware/ransomware alert(s); 3 identity review concern(s),0,0,0,6,0,0,0,0,1,0,0,3,High,Ekiya Andra,Operations Dept,Active
EMP12282,3,0,2,1,0,0,0,0,1,0,0,1,0,1,1,10,1 credential-access alert(s); 1 identity review concern(s),0,6,0,0,0,0,2,0,0,1,0,1,High,Chaitaly Prashad,Marketing,Active
EMP12394,3,0,1,2,0,1,0,0,2,0,0,0,0,0,1,10,1 malware/ransomware alert(s); 2 credential-access alert(s),0,3,0,3,0,0,4,0,0,0,0,0,High,Udarsh Kadakia,Information Technology,Active
EMP12399,3,0,1,2,0,1,0,0,2,0,0,0,0,0,1,10,1 malware/ransomware alert(s); 2 credential-access alert(s),0,3,0,3,0,0,4,0,0,0,0,0,High,Osha Aggarwal,Finance,Active
EMP12417,3,0,1,2,0,1,1,0,1,0,0,0,0,0,1,10,1 malware/ransomware alert(s); 1 PowerShell alert(s); 1 credential-access alert(s),0,3,0,3,2,0,2,0,0,0,0,0,High,Harinakshi Loyal,Sales Dept,Active
EMP12567,3,0,0,1,0,1,1,1,0,0,0,0,0,3,1,10,1 malware/ransomware alert(s); 1 PowerShell alert(s); 1 lateral-movement alert(s); 3 identity review concern(s),0,0,0,3,2,2,0,0,0,0,0,3,High,,,
EMP12616,3,0,1,1,0,0,0,1,0,0,2,0,0,3,1,10,1 lateral-movement alert(s); 3 identity review concern(s),0,3,0,0,0,2,0,0,2,0,0,3,High,Widisha Maharaj,Customer Care,Active
EMP12630,3,1,0,1,0,0,1,1,0,0,1,0,0,0,1,10,1 critical alert(s); 1 PowerShell alert(s); 1 lateral-movement alert(s),5,0,0,0,2,2,0,0,1,0,0,0,High,Darpan Kadakia,Rd,On Leave
EMP12735,3,0,1,2,0,1,1,0,0,0,0,1,0,1,1,10,1 malware/ransomware alert(s); 1 PowerShell alert(s); 1 identity review concern(s),0,3,0,3,2,0,0,0,0,1,0,1,High,Irya Mall,Brand Team,Active
EMP12775,3,0,0,2,0,1,1,0,1,0,0,0,0,3,1,10,1 malware/ransomware alert(s); 1 PowerShell alert(s); 1 credential-access alert(s); 3 identity review concern(s),0,0,0,3,2,0,2,0,0,0,0,3,High,Azad Dara,Research And Development,On Leave
EMP12785,3,1,0,1,0,1,0,0,1,0,0,0,0,0,1,10,1 critical alert(s); 1 malware/ransomware alert(s); 1 credential-access alert(s),5,0,0,3,0,0,2,0,0,0,0,0,High,Yauvani Bal,Rd,Active
EMP12850,3,0,0,2,0,3,0,0,0,0,0,0,0,1,1,10,3 malware/ransomware alert(s); 1 identity review concern(s),0,0,0,9,0,0,0,0,0,0,0,1,High,Jatin Nigam,Information Tech,Active
EMP12861,3,0,1,2,0,1,1,0,1,0,0,0,0,0,1,10,1 malware/ransomware alert(s); 1 PowerShell alert(s); 1 credential-access alert(s),0,3,0,3,2,0,2,0,0,0,0,0,High,Lakshmi Gill,Accounts,Active
EMP12935,3,0,1,1,0,1,0,1,1,0,0,0,0,0,1,10,1 malware/ransomware alert(s); 1 lateral-movement alert(s); 1 credential-access alert(s),0,3,0,3,0,2,2,0,0,0,0,0,High,Abha Naik,Procurement,Active
EMP12938,3,0,1,3,0,1,1,0,0,0,1,0,0,1,1,10,1 malware/ransomware alert(s); 1 PowerShell alert(s); 1 identity review concern(s),0,3,0,3,2,0,0,0,1,0,0,1,High,Ojasvi Gade,People Team,Active
EMP12963,3,0,1,2,0,1,0,1,0,0,1,0,0,1,1,10,1 malware/ransomware alert(s); 1 lateral-movement alert(s); 1 identity review concern(s),0,3,0,3,0,2,0,0,1,0,0,1,High,Balendra Rao,Brand Team,Active
EMP10023,2,1,0,2,1,0,0,0,0,0,1,0,0,1,1,10,1 critical alert(s); 1 unresolved critical alert(s); 1 identity review concern(s),5,0,3,0,0,0,0,0,1,0,0,1,High,Tara Talwar,Human Resources,Active
EMP10056,2,0,0,1,0,0,0,0,1,0,1,1,2,0,1,10,1 credential-access alert(s); 2 inactive-user event(s),0,0,0,0,0,0,2,0,1,1,6,0,High,Anvi Parmar,Supply Chain,Inactive
EMP10091,2,0,0,1,0,0,1,1,0,0,0,0,2,0,1,10,1 PowerShell alert(s); 1 lateral-movement alert(s); 2 inactive-user event(s),0,0,0,0,2,2,0,0,0,0,6,0,High,Aishani Parmer,Human Resource,Inactive
EMP10123,2,0,1,1,0,1,0,0,1,0,0,0,0,2,1,10,1 malware/ransomware alert(s); 1 credential-access alert(s); 2 identity review concern(s),0,3,0,3,0,0,2,0,0,0,0,2,High,Raksha Verma,Marketing,Active
EMP10230,2,0,1,1,0,2,0,0,0,0,0,0,0,1,1,10,2 malware/ransomware alert(s); 1 identity review concern(s),0,3,0,6,0,0,0,0,0,0,0,1,High,Sarthak Rajagopalan,Brand Team,Active
EMP10351,2,1,0,0,0,1,0,0,1,0,0,0,0,0,1,10,1 critical alert(s); 1 malware/ransomware alert(s); 1 credential-access alert(s),5,0,0,3,0,0,2,0,0,0,0,0,High,Rudra Chakraborty,Support,Active
EMP10353,2,1,0,1,0,1,0,0,1,0,0,0,0,0,1,10,1 critical alert(s); 1 malware/ransomware alert(s); 1 credential-access alert(s),5,0,0,3,0,0,2,0,0,0,0,0,High,Lajita Rao,People Team,Active
EMP10408,2,0,1,1,0,1,0,1,0,0,0,0,0,2,1,10,1 malware/ransomware alert(s); 1 lateral-movement alert(s); 2 identity review concern(s),0,3,0,3,0,2,0,0,0,0,0,2,High,,,
EMP10428,2,0,0,2,0,0,2,0,0,0,0,0,2,0,1,10,2 PowerShell alert(s); 2 inactive-user event(s),0,0,0,0,4,0,0,0,0,0,6,0,High,Chaitanya Pingle,Ops Team,Inactive
EMP10755,2,1,1,1,0,0,0,0,1,0,0,0,0,0,1,10,1 critical alert(s); 1 credential-access alert(s),5,3,0,0,0,0,2,0,0,0,0,0,High,Bhavini Acharya,Innovation,Active
EMP10963,2,0,1,2,0,1,0,1,0,0,0,0,0,2,1,10,1 malware/ransomware alert(s); 1 lateral-movement alert(s); 2 identity review concern(s),0,3,0,3,0,2,0,0,0,0,0,2,High,Yash Boase,Supply Chain,Active
EMP10996,2,0,1,1,0,1,0,0,1,0,0,0,0,2,1,10,1 malware/ransomware alert(s); 1 credential-access alert(s); 2 identity review concern(s),0,3,0,3,0,0,2,0,0,0,0,2,High,Oeshi Bal,Finance,Active
EMP10999,2,0,1,2,0,1,1,0,0,0,0,0,0,2,1,10,1 malware/ransomware alert(s); 1 PowerShell alert(s); 2 identity review concern(s),0,3,0,3,2,0,0,0,0,0,0,2,High,Yoshita Raval,Cs,Active
EMP11047,2,0,1,2,0,1,1,0,0,0,0,0,0,2,1,10,1 malware/ransomware alert(s); 1 PowerShell alert(s); 2 identity review concern(s),0,3,0,3,2,0,0,0,0,0,0,2,High,Riya Trivedi,Research And Development,Active
EMP11168,2,0,1,1,0,2,0,0,0,0,0,0,0,1,1,10,2 malware/ransomware alert(s); 1 identity review concern(s),0,3,0,6,0,0,0,0,0,0,0,1,High,Daksh Maharaj,Accounts,Active
EMP11213,2,1,0,0,0,0,0,1,1,0,0,0,0,1,1,10,1 critical alert(s); 1 lateral-movement alert(s); 1 credential-access alert(s); 1 identity review concern(s),5,0,0,0,0,2,2,0,0,0,0,1,High,Divya Gupta,Compliance,Active
EMP11297,2,0,1,0,0,2,0,0,0,0,0,0,0,1,1,10,2 malware/ransomware alert(s); 1 identity review concern(s),0,3,0,6,0,0,0,0,0,0,0,1,High,Zansi Sodhi,Finance Dept,Active
EMP11435,2,0,1,1,0,1,1,0,0,0,0,0,0,2,1,10,1 malware/ransomware alert(s); 1 PowerShell alert(s); 2 identity review concern(s),0,3,0,3,2,0,0,0,0,0,0,2,High,Kalpit Das,Innovation,Active
EMP11471,2,1,1,1,0,0,1,0,0,0,0,0,0,0,1,10,1 critical alert(s); 1 PowerShell alert(s),5,3,0,0,2,0,0,0,0,0,0,0,High,Meera Bath,Legal,Active
EMP11476,2,1,0,0,0,1,0,0,1,0,0,0,0,0,1,10,1 critical alert(s); 1 malware/ransomware alert(s); 1 credential-access alert(s),5,0,0,3,0,0,2,0,0,0,0,0,High,Chameli Bajwa,Research And Development,Active
EMP11547,2,0,1,2,0,1,1,0,0,0,0,0,0,2,1,10,1 malware/ransomware alert(s); 1 PowerShell alert(s); 2 identity review concern(s),0,3,0,3,2,0,0,0,0,0,0,2,High,,,
EMP11572,2,1,0,0,0,1,0,1,0,0,0,0,0,0,1,10,1 critical alert(s); 1 malware/ransomware alert(s); 1 lateral-movement alert(s),5,0,0,3,0,2,0,0,0,0,0,0,High,Peter Chowdhury,Sales,Active
EMP11698,2,0,2,2,0,1,0,0,0,0,0,0,0,1,1,10,1 malware/ransomware alert(s); 1 identity review concern(s),0,6,0,3,0,0,0,0,0,0,0,1,High,Mahika Sarraf,Sales Dept,Active
EMP11703,2,1,0,2,1,0,0,1,0,0,0,0,0,0,1,10,1 critical alert(s); 1 unresolved critical alert(s); 1 lateral-movement alert(s),5,0,3,0,0,2,0,0,0,0,0,0,High,Jagdish Mammen,Information Tech,Active
EMP11816,2,1,0,1,0,1,0,1,0,0,0,0,0,0,1,10,1 critical alert(s); 1 malware/ransomware alert(s); 1 lateral-movement alert(s),5,0,0,3,0,2,0,0,0,0,0,0,High,Alexander Dhar,Finance,Active
EMP11819,2,0,0,0,0,0,1,1,0,0,0,0,2,0,1,10,1 PowerShell alert(s); 1 lateral-movement alert(s); 2 inactive-user event(s),0,0,0,0,2,2,0,0,0,0,6,0,High,Nitara Dass,Legal Dept,Disabled
EMP11864,2,0,1,2,0,1,0,0,1,0,0,0,0,2,1,10,1 malware/ransomware alert(s); 1 credential-access alert(s); 2 identity review concern(s),0,3,0,3,0,0,2,0,0,0,0,2,High,Isaac Bir,Mktg,Active
EMP11890,2,0,1,1,0,0,0,0,0,0,1,0,2,0,1,10,2 inactive-user event(s),0,3,0,0,0,0,0,0,1,0,6,0,High,Zansi Baria,Purch,Disabled
EMP11902,2,0,0,2,0,1,0,0,0,0,1,0,2,0,1,10,1 malware/ransomware alert(s); 2 inactive-user event(s),0,0,0,3,0,0,0,0,1,0,6,0,High,Forum Bala,Customer Care,Inactive
EMP11905,2,0,1,1,0,1,0,1,0,0,0,0,0,2,1,10,1 malware/ransomware alert(s); 1 lateral-movement alert(s); 2 identity review concern(s),0,3,0,3,0,2,0,0,0,0,0,2,High,Mahika Srinivas,Purchase,Active
EMP11957,2,0,1,1,0,1,1,0,0,0,0,0,0,2,1,10,1 malware/ransomware alert(s); 1 PowerShell alert(s); 2 identity review concern(s),0,3,0,3,2,0,0,0,0,0,0,2,High,Noah Tailor,Finance,Active
EMP11996,2,1,0,2,1,0,0,0,0,0,0,0,0,2,1,10,1 critical alert(s); 1 unresolved critical alert(s); 2 identity review concern(s),5,0,3,0,0,0,0,0,0,0,0,2,High,Harshil Chana,Information Technology,Active
EMP12077,2,1,0,1,1,0,0,1,0,0,0,0,0,0,1,10,1 critical alert(s); 1 unresolved critical alert(s); 1 lateral-movement alert(s),5,0,3,0,0,2,0,0,0,0,0,0,High,Jai Dube,Human Resource,Active
EMP12156,2,0,0,2,0,0,0,0,1,0,1,1,2,0,1,10,1 credential-access alert(s); 2 inactive-user event(s),0,0,0,0,0,0,2,0,1,1,6,0,High,Oscar Tak,Legal Dept,Disabled
EMP12181,2,1,0,0,0,1,0,1,0,0,0,0,0,0,1,10,1 critical alert(s); 1 malware/ransomware alert(s); 1 lateral-movement alert(s),5,0,0,3,0,2,0,0,0,0,0,0,High,Hemal Kohli,Mktg,Active
EMP12211,2,0,1,1,0,1,0,0,1,0,0,0,0,2,1,10,1 malware/ransomware alert(s); 1 credential-access alert(s); 2 identity review concern(s),0,3,0,3,0,0,2,0,0,0,0,2,High,Samar Bal,Purchase,Active
EMP12224,2,0,2,2,0,0,1,1,0,0,0,0,0,0,1,10,1 PowerShell alert(s); 1 lateral-movement alert(s),0,6,0,0,2,2,0,0,0,0,0,0,High,Qushi Shenoy,Legal,Active
EMP12342,2,0,1,2,0,1,1,0,0,0,0,1,0,1,1,10,1 malware/ransomware alert(s); 1 PowerShell alert(s); 1 identity review concern(s),0,3,0,3,2,0,0,0,0,1,0,1,High,Lohit Doctor,Compliance,Active
EMP12404,2,1,0,1,0,1,1,0,0,0,0,0,0,0,1,10,1 critical alert(s); 1 malware/ransomware alert(s); 1 PowerShell alert(s),5,0,0,3,2,0,0,0,0,0,0,0,High,Ekiya Chakraborty,Marketing Dept,Active
EMP12418,2,1,0,0,0,1,0,0,0,0,0,0,0,2,1,10,1 critical alert(s); 1 malware/ransomware alert(s); 2 identity review concern(s),5,0,0,3,0,0,0,0,0,0,0,2,High,,,
EMP12652,2,1,0,2,1,0,0,0,1,0,0,0,0,0,1,10,1 critical alert(s); 1 unresolved critical alert(s); 1 credential-access alert(s),5,0,3,0,0,0,2,0,0,0,0,0,High,Oliver Seshadri,Accounts,Active
EMP12653,2,0,0,2,0,0,2,0,0,0,0,0,2,0,1,10,2 PowerShell alert(s); 2 inactive-user event(s),0,0,0,0,4,0,0,0,0,0,6,0,High,Andrew Sabharwal,Rnd,Disabled
EMP12733,2,0,0,2,0,0,0,1,0,0,1,0,2,1,1,10,1 lateral-movement alert(s); 2 inactive-user event(s); 1 identity review concern(s),0,0,0,0,0,2,0,0,1,0,6,1,High,Nilima Basak,Purch,Disabled
EMP12812,2,0,1,1,0,2,0,0,0,0,0,0,0,1,1,10,2 malware/ransomware alert(s); 1 identity review concern(s),0,3,0,6,0,0,0,0,0,0,0,1,High,Abdul Shankar,Legal,Active
EMP12846,2,1,0,0,0,1,1,0,0,0,0,0,0,0,1,10,1 critical alert(s); 1 malware/ransomware alert(s); 1 PowerShell alert(s),5,0,0,3,2,0,0,0,0,0,0,0,High,Waida Som,Information Technology,Active
EMP12875,2,0,1,2,0,1,0,0,0,0,1,1,0,2,1,10,1 malware/ransomware alert(s); 2 identity review concern(s),0,3,0,3,0,0,0,0,1,1,0,2,High,Darika Wali,Call Center,Active
EMP12900,2,0,0,2,0,0,1,1,0,0,0,0,2,0,1,10,1 PowerShell alert(s); 1 lateral-movement alert(s); 2 inactive-user event(s),0,0,0,0,2,2,0,0,0,0,6,0,High,Jai Bora,Supply Chain,Inactive
EMP12914,2,1,0,1,1,0,0,1,0,0,0,0,0,0,1,10,1 critical alert(s); 1 unresolved critical alert(s); 1 lateral-movement alert(s),5,0,3,0,0,2,0,0,0,0,0,0,High,Timothy Doshi,Sales Team,Active
EMP10132,1,1,0,1,1,0,0,0,1,0,0,0,0,0,1,10,1 critical alert(s); 1 unresolved critical alert(s); 1 credential-access alert(s),5,0,3,0,0,0,2,0,0,0,0,0,High,Eiravati Prabhu,Mktg,Active
EMP10170,1,1,0,1,1,0,0,1,0,0,0,0,0,0,1,10,1 critical alert(s); 1 unresolved critical alert(s); 1 lateral-movement alert(s),5,0,3,0,0,2,0,0,0,0,0,0,High,Nathaniel Prakash,Cs,Active
EMP10347,1,1,0,1,1,0,0,0,0,0,1,0,0,1,1,10,1 critical alert(s); 1 unresolved critical alert(s); 1 identity review concern(s),5,0,3,0,0,0,0,0,1,0,0,1,High,Jacob Chadha,Support,Active
EMP10947,1,1,0,0,0,0,0,0,1,0,0,0,1,0,1,10,1 critical alert(s); 1 credential-access alert(s); 1 inactive-user event(s),5,0,0,0,0,0,2,0,0,0,3,0,High,Vansha Choudhury,Business Sales,Inactive
EMP11248,1,1,0,1,1,0,1,0,0,0,0,0,0,0,1,10,1 critical alert(s); 1 unresolved critical alert(s); 1 PowerShell alert(s),5,0,3,0,2,0,0,0,0,0,0,0,High,Noah Kata,Rnd,Active
EMP11729,1,0,1,1,0,1,0,0,0,0,0,0,1,1,1,10,1 malware/ransomware alert(s); 1 inactive-user event(s); 1 identity review concern(s),0,3,0,3,0,0,0,0,0,0,3,1,High,Anvi Biswas,Sales Dept,Disabled
EMP11856,1,1,0,1,1,0,0,1,0,0,0,0,0,0,1,10,1 critical alert(s); 1 unresolved critical alert(s); 1 lateral-movement alert(s),5,0,3,0,0,2,0,0,0,0,0,0,High,Isha Nadkarni,Rd,On Leave
EMP11956,1,1,0,1,1,0,0,0,1,0,0,0,0,0,1,10,1 critical alert(s); 1 unresolved critical alert(s); 1 credential-access alert(s),5,0,3,0,0,0,2,0,0,0,0,0,High,Damini Loke,Customer Support,Active
EMP12560,1,1,0,1,1,0,0,0,1,0,0,0,0,0,1,10,1 critical alert(s); 1 unresolved critical alert(s); 1 credential-access alert(s),5,0,3,0,0,0,2,0,0,0,0,0,High,Pooja Jani,R&D,Active
EMP12655,1,1,0,1,1,0,0,1,0,0,0,0,0,0,1,10,1 critical alert(s); 1 unresolved critical alert(s); 1 lateral-movement alert(s),5,0,3,0,0,2,0,0,0,0,0,0,High,Agastya Sarraf,Customer Support,Active
EMP11681,6,0,0,2,0,1,1,1,0,0,1,0,0,1,1,9,1 malware/ransomware alert(s); 1 PowerShell alert(s); 1 lateral-movement alert(s); 1 identity review concern(s),0,0,0,3,2,2,0,0,1,0,0,1,Medium,Ayushman Varty,Sales Dept,Active
EMP10003,5,0,0,3,0,1,1,0,1,0,1,0,0,1,1,9,1 malware/ransomware alert(s); 1 PowerShell alert(s); 1 credential-access alert(s); 1 identity review concern(s),0,0,0,3,2,0,2,0,1,0,0,1,Medium,Orinder Buch,Legal,On Leave
EMP10318,5,0,0,2,0,1,2,0,1,0,0,0,0,0,1,9,1 malware/ransomware alert(s); 2 PowerShell alert(s); 1 credential-access alert(s),0,0,0,3,4,0,2,0,0,0,0,0,Medium,Saumya Mody,Information Technology,
EMP10545,5,0,0,3,0,2,0,1,0,0,1,0,0,0,1,9,2 malware/ransomware alert(s); 1 lateral-movement alert(s),0,0,0,6,0,2,0,0,1,0,0,0,Medium,Zayyan Mohan,Operations,Active
EMP11172,5,0,1,3,0,0,1,0,1,0,2,0,0,0,1,9,1 PowerShell alert(s); 1 credential-access alert(s),0,3,0,0,2,0,2,0,2,0,0,0,Medium,Victor Khalsa,Human Resources,Active
EMP11818,5,0,0,3,0,1,0,2,1,0,0,0,0,0,1,9,1 malware/ransomware alert(s); 2 lateral-movement alert(s); 1 credential-access alert(s),0,0,0,3,0,4,2,0,0,0,0,0,Medium,Triveni Ranganathan,Sales Dept,Active
EMP12432,5,0,1,4,0,1,0,0,1,0,1,0,0,0,1,9,1 malware/ransomware alert(s); 1 credential-access alert(s),0,3,0,3,0,0,2,0,1,0,0,0,Medium,Bhavika Mangat,Support,Active
EMP12602,5,0,1,3,0,0,0,0,2,0,2,0,0,0,1,9,2 credential-access alert(s),0,3,0,0,0,0,4,0,2,0,0,0,Medium,Anmol Solanki,Human Resources,Active
EMP10011,4,0,0,2,0,1,1,1,1,0,0,0,0,0,1,9,1 malware/ransomware alert(s); 1 PowerShell alert(s); 1 lateral-movement alert(s); 1 credential-access alert(s),0,0,0,3,2,2,2,0,0,0,0,0,Medium,Wriddhish Dey,Fin,Active
EMP10012,4,0,1,3,0,0,1,0,1,0,1,0,0,1,1,9,1 PowerShell alert(s); 1 credential-access alert(s); 1 identity review concern(s),0,3,0,0,2,0,2,0,1,0,0,1,Medium,Netra Vasa,Operations,Active
EMP10223,4,0,0,1,0,1,1,0,1,0,1,0,0,1,1,9,1 malware/ransomware alert(s); 1 PowerShell alert(s); 1 credential-access alert(s); 1 identity review concern(s),0,0,0,3,2,0,2,0,1,0,0,1,Medium,Zinal Hari,Ops Team,Active
EMP10435,4,0,0,0,0,1,1,1,1,0,0,0,0,0,1,9,1 malware/ransomware alert(s); 1 PowerShell alert(s); 1 lateral-movement alert(s); 1 credential-access alert(s),0,0,0,3,2,2,2,0,0,0,0,0,Medium,Triveni Palla,Finance Dept,Active
EMP11223,4,0,0,4,0,1,1,1,1,0,0,0,0,0,1,9,1 malware/ransomware alert(s); 1 PowerShell alert(s); 1 lateral-movement alert(s); 1 credential-access alert(s),0,0,0,3,2,2,2,0,0,0,0,0,Medium,Gauri Kannan,Mktg,Active
EMP11235,4,1,0,1,0,0,0,0,1,0,2,0,0,0,1,9,1 critical alert(s); 1 credential-access alert(s),5,0,0,0,0,0,2,0,2,0,0,0,Medium,Hritik Dar,Legal Dept,Active
EMP11269,4,0,0,3,0,3,0,0,0,0,0,0,0,0,1,9,3 malware/ransomware alert(s),0,0,0,9,0,0,0,0,0,0,0,0,Medium,Ekavir Kalita,Finance,Active
EMP11754,4,0,0,3,0,2,0,1,0,0,1,0,0,0,1,9,2 malware/ransomware alert(s); 1 lateral-movement alert(s),0,0,0,6,0,2,0,0,1,0,0,0,Medium,Girindra Uppal,Customer Support,Active
EMP11810,4,0,1,4,0,0,1,1,1,0,0,0,0,0,1,9,1 PowerShell alert(s); 1 lateral-movement alert(s); 1 credential-access alert(s),0,3,0,0,2,2,2,0,0,0,0,0,Medium,Isaiah Merchant,It Support,Active
EMP11845,4,0,1,2,0,0,1,1,1,0,0,0,0,0,1,9,1 PowerShell alert(s); 1 lateral-movement alert(s); 1 credential-access alert(s),0,3,0,0,2,2,2,0,0,0,0,0,Medium,Rajeshri Shetty,Legal,Active
EMP11922,4,0,0,3,0,2,0,1,0,0,0,1,0,0,1,9,2 malware/ransomware alert(s); 1 lateral-movement alert(s),0,0,0,6,0,2,0,0,0,1,0,0,Medium,William Rajan,Operations Dept,Active
EMP12122,4,0,1,4,0,0,1,1,0,0,0,0,0,2,1,9,1 PowerShell alert(s); 1 lateral-movement alert(s); 2 identity review concern(s),0,3,0,0,2,2,0,0,0,0,0,2,Medium,Barkha Saini,R&D,On Leave
EMP12206,4,0,1,1,0,1,0,1,0,0,1,0,0,0,1,9,1 malware/ransomware alert(s); 1 lateral-movement alert(s),0,3,0,3,0,2,0,0,1,0,0,0,Medium,Utkarsh Mittal,Ops,Active
EMP12620,4,0,0,3,0,2,0,0,1,0,0,1,0,0,1,9,2 malware/ransomware alert(s); 1 credential-access alert(s),0,0,0,6,0,0,2,0,0,1,0,0,Medium,Onkar Khalsa,Finance,Active
EMP12810,4,0,0,4,0,1,2,1,0,0,0,0,0,0,1,9,1 malware/ransomware alert(s); 2 PowerShell alert(s); 1 lateral-movement alert(s),0,0,0,3,4,2,0,0,0,0,0,0,Medium,Garima Kant,Cs,Active
EMP12874,4,0,0,2,0,2,0,1,0,0,1,0,0,0,1,9,2 malware/ransomware alert(s); 1 lateral-movement alert(s),0,0,0,6,0,2,0,0,1,0,0,0,Medium,Dayita Kannan,Information Tech,Active
EMP12921,4,0,1,2,0,0,1,0,1,0,2,0,0,0,1,9,1 PowerShell alert(s); 1 credential-access alert(s),0,3,0,0,2,0,2,0,2,0,0,0,Medium,Kashvi Vala,Procurement Team,Active
EMP10016,3,0,0,3,0,1,1,0,1,0,0,0,0,2,1,9,1 malware/ransomware alert(s); 1 PowerShell alert(s); 1 credential-access alert(s); 2 identity review concern(s),0,0,0,3,2,0,2,0,0,0,0,2,Medium,Jacob Ranganathan,Finance Dept,Active
EMP10054,3,0,1,2,0,1,0,1,0,0,1,0,0,0,1,9,1 malware/ransomware alert(s); 1 lateral-movement alert(s),0,3,0,3,0,2,0,0,1,0,0,0,Medium,Aradhana Bahl,Accounts,Active
EMP10098,3,0,0,3,0,3,0,0,0,0,0,0,0,0,1,9,3 malware/ransomware alert(s),0,0,0,9,0,0,0,0,0,0,0,0,Medium,Maya Yadav,Innovation,Active
EMP10117,3,0,1,2,0,1,0,0,0,0,2,0,0,1,1,9,1 malware/ransomware alert(s); 1 identity review concern(s),0,3,0,3,0,0,0,0,2,0,0,1,Medium,Ikshita Muni,Information Tech,Active
EMP10211,3,0,0,0,0,3,0,0,0,0,0,0,0,0,1,9,3 malware/ransomware alert(s),0,0,0,9,0,0,0,0,0,0,0,0,Medium,Krishna Seth,Operations,Active
EMP10295,3,0,1,2,0,2,0,0,0,0,0,0,0,0,1,9,2 malware/ransomware alert(s),0,3,0,6,0,0,0,0,0,0,0,0,Medium,Eesha Parikh,Mktg,Active
EMP10444,3,0,1,2,0,1,1,0,0,0,1,0,0,0,1,9,1 malware/ransomware alert(s); 1 PowerShell alert(s),0,3,0,3,2,0,0,0,1,0,0,0,Medium,Vedika Krishnamurthy,Legal,Active
EMP10460,3,0,1,2,0,0,2,0,1,0,0,0,0,0,1,9,2 PowerShell alert(s); 1 credential-access alert(s),0,3,0,0,4,0,2,0,0,0,0,0,Medium,Jatin Mangal,Legal,Active
EMP10515,3,0,0,2,0,2,0,1,0,0,0,0,0,1,1,9,2 malware/ransomware alert(s); 1 lateral-movement alert(s); 1 identity review concern(s),0,0,0,6,0,2,0,0,0,0,0,1,Medium,Anamika Bir,People Team,Active
EMP10608,3,0,0,2,0,2,0,0,0,0,0,0,0,3,1,9,2 malware/ransomware alert(s); 3 identity review concern(s),0,0,0,6,0,0,0,0,0,0,0,3,Medium,Yagnesh Dutta,Call Center,Active
EMP10618,3,1,0,1,0,1,0,0,0,0,1,0,0,0,1,9,1 critical alert(s); 1 malware/ransomware alert(s),5,0,0,3,0,0,0,0,1,0,0,0,Medium,Yuvraj Ganesan,Sales Dept,Active
EMP10635,3,0,1,2,0,1,0,1,0,0,0,0,0,1,1,9,1 malware/ransomware alert(s); 1 lateral-movement alert(s); 1 identity review concern(s),0,3,0,3,0,2,0,0,0,0,0,1,Medium,Lopa Sehgal,It Dept,Active
EMP10718,3,0,0,1,0,0,1,1,1,0,0,0,0,3,1,9,1 PowerShell alert(s); 1 lateral-movement alert(s); 1 credential-access alert(s); 3 identity review concern(s),0,0,0,0,2,2,2,0,0,0,0,3,Medium,,,
EMP10816,3,0,1,2,0,0,1,0,0,0,2,0,0,2,1,9,1 PowerShell alert(s); 2 identity review concern(s),0,3,0,0,2,0,0,0,2,0,0,2,Medium,Panini Sachdev,Supply Chain,Active
EMP10937,3,0,0,1,0,2,1,0,0,0,0,0,0,1,1,9,2 malware/ransomware alert(s); 1 PowerShell alert(s); 1 identity review concern(s),0,0,0,6,2,0,0,0,0,0,0,1,Medium,Ridhi Kumer,Ops,Active
EMP10962,3,0,0,1,0,1,0,0,2,0,0,1,0,1,1,9,1 malware/ransomware alert(s); 2 credential-access alert(s); 1 identity review concern(s),0,0,0,3,0,0,4,0,0,1,0,1,Medium,Aarav Sankaran,Legal,Active
EMP10985,3,0,1,2,0,1,0,1,0,0,1,0,0,0,1,9,1 malware/ransomware alert(s); 1 lateral-movement alert(s),0,3,0,3,0,2,0,0,1,0,0,0,Medium,Maanas Nori,Fin,Active
EMP11143,3,0,0,0,0,2,1,0,0,0,0,0,0,1,1,9,2 malware/ransomware alert(s); 1 PowerShell alert(s); 1 identity review concern(s),0,0,0,6,2,0,0,0,0,0,0,1,Medium,Vidhi Zacharia,Cs,Active
EMP11257,3,0,0,2,0,2,0,1,0,0,0,0,0,1,1,9,2 malware/ransomware alert(s); 1 lateral-movement alert(s); 1 identity review concern(s),0,0,0,6,0,2,0,0,0,0,0,1,Medium,Kala Cheema,Cs,Active
EMP11294,3,0,0,2,0,3,0,0,0,0,0,0,0,0,1,9,3 malware/ransomware alert(s),0,0,0,9,0,0,0,0,0,0,0,0,Medium,Forum Gala,Hr Dept,Active
EMP11299,3,0,1,2,0,0,1,0,1,0,1,1,0,0,1,9,1 PowerShell alert(s); 1 credential-access alert(s),0,3,0,0,2,0,2,0,1,1,0,0,Medium,Ojasvi Vohra,Compliance,Active
EMP11331,3,0,1,1,0,0,0,3,0,0,0,0,0,0,1,9,3 lateral-movement alert(s),0,3,0,0,0,6,0,0,0,0,0,0,Medium,Harshil Seshadri,It Dept,Active
EMP11418,3,0,1,1,0,1,1,0,0,0,1,0,0,0,1,9,1 malware/ransomware alert(s); 1 PowerShell alert(s),0,3,0,3,2,0,0,0,1,0,0,0,Medium,Yutika Doctor,Marketing,Active
EMP11485,3,0,1,3,0,0,0,1,1,0,1,0,0,1,1,9,1 lateral-movement alert(s); 1 credential-access alert(s); 1 identity review concern(s),0,3,0,0,0,2,2,0,1,0,0,1,Medium,Harita Patel,Sales,Active
EMP11528,3,0,1,1,0,0,2,1,0,0,0,0,0,0,1,9,2 PowerShell alert(s); 1 lateral-movement alert(s),0,3,0,0,4,2,0,0,0,0,0,0,Medium,Udyati Thaker,Procurement,Active
EMP11736,3,0,1,0,0,1,1,0,0,0,0,0,0,1,1,9,1 malware/ransomware alert(s); 1 PowerShell alert(s); 1 identity review concern(s),0,3,0,3,2,0,0,0,0,0,0,1,Medium,Vanya Desai,Ops Team,Active
EMP11884,3,0,1,3,0,1,0,0,1,0,1,0,0,0,1,9,1 malware/ransomware alert(s); 1 credential-access alert(s),0,3,0,3,0,0,2,0,1,0,0,0,Medium,Ranbir Bobal,It Support,Active
EMP12050,3,0,0,1,0,1,0,0,1,0,0,1,0,3,1,9,1 malware/ransomware alert(s); 1 credential-access alert(s); 3 identity review concern(s),0,0,0,3,0,0,2,0,0,1,0,3,Medium,Aditya Nayar,Purchase,Active
EMP12117,3,0,1,3,0,1,0,1,0,0,1,0,0,0,1,9,1 malware/ransomware alert(s); 1 lateral-movement alert(s),0,3,0,3,0,2,0,0,1,0,0,0,Medium,Timothy Yadav,Legal,Active
EMP12137,3,0,0,1,0,3,0,0,0,0,0,0,0,0,1,9,3 malware/ransomware alert(s),0,0,0,9,0,0,0,0,0,0,0,0,Medium,Logan Ramakrishnan,Innovation,Active
EMP12152,3,0,0,2,0,2,0,0,0,0,0,0,0,3,1,9,2 malware/ransomware alert(s); 3 identity review concern(s),0,0,0,6,0,0,0,0,0,0,0,3,Medium,Suhani Sinha,Brand Team,Active
EMP12201,3,0,0,3,0,0,0,3,0,0,0,0,0,3,1,9,3 lateral-movement alert(s); 3 identity review concern(s),0,0,0,0,0,6,0,0,0,0,0,3,Medium,Jai Chander,Innovation,Active
EMP12208,3,1,0,1,0,0,1,0,0,0,2,0,0,0,1,9,1 critical alert(s); 1 PowerShell alert(s),5,0,0,0,2,0,0,0,2,0,0,0,Medium,Sarthak Zacharia,Hr Dept,Active
EMP12325,3,0,0,2,0,3,0,0,0,0,0,0,0,0,1,9,3 malware/ransomware alert(s),0,0,0,9,0,0,0,0,0,0,0,0,Medium,Laban Sankar,Human Resources,Active
EMP12332,3,0,1,2,0,0,1,0,0,0,1,0,0,3,1,9,1 PowerShell alert(s); 3 identity review concern(s),0,3,0,0,2,0,0,0,1,0,0,3,Medium,,,
EMP12507,3,0,1,2,0,1,0,1,0,0,0,0,0,1,1,9,1 malware/ransomware alert(s); 1 lateral-movement alert(s); 1 identity review concern(s),0,3,0,3,0,2,0,0,0,0,0,1,Medium,Anusha Doshi,Information Tech,Active
EMP12514,3,0,0,2,0,2,0,0,0,0,0,0,0,3,1,9,2 malware/ransomware alert(s); 3 identity review concern(s),0,0,0,6,0,0,0,0,0,0,0,3,Medium,Krisha Iyengar,Information Tech,Active
EMP12525,3,0,0,3,0,1,1,0,0,0,1,0,0,3,1,9,1 malware/ransomware alert(s); 1 PowerShell alert(s); 3 identity review concern(s),0,0,0,3,2,0,0,0,1,0,0,3,Medium,,,
EMP12604,3,0,1,1,0,1,0,0,0,0,1,1,0,1,1,9,1 malware/ransomware alert(s); 1 identity review concern(s),0,3,0,3,0,0,0,0,1,1,0,1,Medium,Aachal Balan,Mkt,Active
EMP12607,3,0,0,1,0,1,0,1,0,0,1,0,0,3,1,9,1 malware/ransomware alert(s); 1 lateral-movement alert(s); 3 identity review concern(s),0,0,0,3,0,2,0,0,1,0,0,3,Medium,Alka Ranganathan,Finance Dept,Active
EMP12676,3,0,0,1,0,3,0,0,0,0,0,0,0,0,1,9,3 malware/ransomware alert(s),0,0,0,9,0,0,0,0,0,0,0,0,Medium,Urvashi Suri,Compliance,Active
EMP12679,3,0,0,1,0,2,0,0,1,0,0,0,0,1,1,9,2 malware/ransomware alert(s); 1 credential-access alert(s); 1 identity review concern(s),0,0,0,6,0,0,2,0,0,0,0,1,Medium,Eiravati Venkatesh,Legal,Active
EMP12825,3,0,0,2,0,2,0,1,0,0,0,0,0,1,1,9,2 malware/ransomware alert(s); 1 lateral-movement alert(s); 1 identity review concern(s),0,0,0,6,0,2,0,0,0,0,0,1,Medium,Indali Goswami,Finance,Active
EMP12908,3,0,0,3,0,1,0,1,0,0,1,0,0,3,1,9,1 malware/ransomware alert(s); 1 lateral-movement alert(s); 3 identity review concern(s),0,0,0,3,0,2,0,0,1,0,0,3,Medium,Yahvi Mangal,Supply Chain,Active
EMP10009,2,0,1,2,0,2,0,0,0,0,0,0,0,0,1,9,2 malware/ransomware alert(s),0,3,0,6,0,0,0,0,0,0,0,0,Medium,Waida Tandon,Customer Care,Active
EMP10072,2,1,0,1,0,1,0,0,0,0,1,0,0,0,1,9,1 critical alert(s); 1 malware/ransomware alert(s),5,0,0,3,0,0,0,0,1,0,0,0,Medium,Bhavika Wagle,R&D,Active
EMP10161,2,0,1,1,0,1,0,1,0,0,0,0,0,1,1,9,1 malware/ransomware alert(s); 1 lateral-movement alert(s); 1 identity review concern(s),0,3,0,3,0,2,0,0,0,0,0,1,Medium,Timothy Hegde,Human Resource,Active
EMP10219,2,0,1,1,0,1,0,1,0,0,0,1,0,0,1,9,1 malware/ransomware alert(s); 1 lateral-movement alert(s),0,3,0,3,0,2,0,0,0,1,0,0,Medium,Ira Barad,Ops,Active
EMP10284,2,0,1,1,0,1,0,0,1,0,0,0,0,1,1,9,1 malware/ransomware alert(s); 1 credential-access alert(s); 1 identity review concern(s),0,3,0,3,0,0,2,0,0,0,0,1,Medium,Nihal Kamdar,Fin,Active
EMP10299,2,0,1,2,0,2,0,0,0,0,0,0,0,0,1,9,2 malware/ransomware alert(s),0,3,0,6,0,0,0,0,0,0,0,0,Medium,Anmol Bhatt,Procurement,Active
EMP10306,2,0,1,2,0,2,0,0,0,0,0,0,0,0,1,9,2 malware/ransomware alert(s),0,3,0,6,0,0,0,0,0,0,0,0,Medium,Saanvi Loke,Ops Team,Active
EMP10312,2,0,1,1,0,1,1,0,0,0,0,0,0,1,1,9,1 malware/ransomware alert(s); 1 PowerShell alert(s); 1 identity review concern(s),0,3,0,3,2,0,0,0,0,0,0,1,Medium,Urmi Bansal,Supply Chain,Active
EMP10568,2,0,1,1,0,2,0,0,0,0,0,0,0,0,1,9,2 malware/ransomware alert(s),0,3,0,6,0,0,0,0,0,0,0,0,Medium,Mekhala Nadig,Business Sales,Active
EMP10594,2,1,0,1,0,0,0,2,0,0,0,0,0,0,1,9,1 critical alert(s); 2 lateral-movement alert(s),5,0,0,0,0,4,0,0,0,0,0,0,Medium,Gabriel Mistry,Ops Team,Active
EMP10623,2,0,1,2,0,0,1,0,1,0,0,0,0,2,1,9,1 PowerShell alert(s); 1 credential-access alert(s); 2 identity review concern(s),0,3,0,0,2,0,2,0,0,0,0,2,Medium,Deepa Bahl,Cs,Active
EMP10673,2,1,0,1,0,0,1,1,0,0,0,0,0,0,1,9,1 critical alert(s); 1 PowerShell alert(s); 1 lateral-movement alert(s),5,0,0,0,2,2,0,0,0,0,0,0,Medium,Robert Bandi,Support,Active
EMP10678,2,0,0,1,0,2,0,0,0,0,0,2,0,1,1,9,2 malware/ransomware alert(s); 1 identity review concern(s),0,0,0,6,0,0,0,0,0,2,0,1,Medium,Avi Kalla,Purchase,Active
EMP10687,2,1,0,1,0,0,1,0,1,0,0,0,0,0,1,9,1 critical alert(s); 1 PowerShell alert(s); 1 credential-access alert(s),5,0,0,0,2,0,2,0,0,0,0,0,Medium,Vaishnavi Dora,Legal,Active
EMP11001,2,0,1,1,0,1,0,0,0,0,1,0,0,2,1,9,1 malware/ransomware alert(s); 2 identity review concern(s),0,3,0,3,0,0,0,0,1,0,0,2,Medium,,,
EMP11026,2,0,0,2,0,1,0,0,0,0,0,0,2,0,1,9,1 malware/ransomware alert(s); 2 inactive-user event(s),0,0,0,3,0,0,0,0,0,0,6,0,Medium,Daksha Narasimhan,It Dept,Disabled
EMP11035,2,0,0,0,0,1,0,0,0,0,0,0,2,0,1,9,1 malware/ransomware alert(s); 2 inactive-user event(s),0,0,0,3,0,0,0,0,0,0,6,0,Medium,Umang Dugal,Rd,Inactive
EMP11207,2,0,1,1,0,2,0,0,0,0,0,0,0,0,1,9,2 malware/ransomware alert(s),0,3,0,6,0,0,0,0,0,0,0,0,Medium,Dhriti Choudhary,Operations Dept,Active
EMP11304,2,0,1,0,0,2,0,0,0,0,0,0,0,0,1,9,2 malware/ransomware alert(s),0,3,0,6,0,0,0,0,0,0,0,0,Medium,Amruta Parsa,Support,Active
EMP11333,2,0,1,2,0,1,0,0,0,0,1,0,0,2,1,9,1 malware/ransomware alert(s); 2 identity review concern(s),0,3,0,3,0,0,0,0,1,0,0,2,Medium,Meera Sule,Legal,Active
EMP11576,2,0,2,2,0,1,0,0,0,0,0,0,0,0,1,9,1 malware/ransomware alert(s),0,6,0,3,0,0,0,0,0,0,0,0,Medium,Timothy Maharaj,Support,Active
EMP11621,2,0,1,1,0,2,0,0,0,0,0,0,0,0,1,9,2 malware/ransomware alert(s),0,3,0,6,0,0,0,0,0,0,0,0,Medium,Wriddhish Chaudhari,Rd,Active
EMP11768,2,0,0,0,0,0,0,1,0,0,1,0,2,0,1,9,1 lateral-movement alert(s); 2 inactive-user event(s),0,0,0,0,0,2,0,0,1,0,6,0,Medium,Anvi Mukherjee,Purchase,Disabled
EMP11789,2,0,2,1,0,1,0,0,0,0,0,0,0,0,1,9,1 malware/ransomware alert(s),0,6,0,3,0,0,0,0,0,0,0,0,Medium,Hiral Devi,Operations,Active
EMP11833,2,0,1,1,0,1,0,0,1,0,0,1,0,0,1,9,1 malware/ransomware alert(s); 1 credential-access alert(s),0,3,0,3,0,0,2,0,0,1,0,0,Medium,Janya Wagle,Sales,Active
EMP11915,2,0,1,0,0,2,0,0,0,0,0,0,0,0,1,9,2 malware/ransomware alert(s),0,3,0,6,0,0,0,0,0,0,0,0,Medium,Jasmit Panchal,It,Active
EMP11940,2,0,1,0,0,1,0,1,0,0,0,1,0,0,1,9,1 malware/ransomware alert(s); 1 lateral-movement alert(s),0,3,0,3,0,2,0,0,0,1,0,0,Medium,Jairaj Jayaraman,Brand Team,Active
EMP12042,2,1,0,1,0,0,2,0,0,0,0,0,0,0,1,9,1 critical alert(s); 2 PowerShell alert(s),5,0,0,0,4,0,0,0,0,0,0,0,Medium,Nikita Gala,Human Resource,Active
EMP12062,2,0,1,1,0,2,0,0,0,0,0,0,0,0,1,9,2 malware/ransomware alert(s),0,3,0,6,0,0,0,0,0,0,0,0,Medium,Manan Bhattacharyya,Sales Dept,Active
EMP12154,2,0,0,1,0,1,0,0,0,0,0,0,2,0,1,9,1 malware/ransomware alert(s); 2 inactive-user event(s),0,0,0,3,0,0,0,0,0,0,6,0,Medium,Aadi Sidhu,Information Tech,Inactive
EMP12167,2,0,1,2,0,2,0,0,0,0,0,0,0,0,1,9,2 malware/ransomware alert(s),0,3,0,6,0,0,0,0,0,0,0,0,Medium,Isaiah Salvi,It Dept,Active
EMP12257,2,0,0,1,0,2,0,0,0,0,0,1,0,2,1,9,2 malware/ransomware alert(s); 2 identity review concern(s),0,0,0,6,0,0,0,0,0,1,0,2,Medium,Hritik Deo,Ops,Active
EMP12308,2,0,2,2,0,0,1,0,0,0,1,0,0,0,1,9,1 PowerShell alert(s),0,6,0,0,2,0,0,0,1,0,0,0,Medium,Omaja Bhalla,Legal,Active
EMP12377,2,0,1,2,0,1,0,1,0,0,0,0,0,1,1,9,1 malware/ransomware alert(s); 1 lateral-movement alert(s); 1 identity review concern(s),0,3,0,3,0,2,0,0,0,0,0,1,Medium,Omkaar Peri,Cs,Active
EMP12458,2,0,0,2,0,0,1,0,0,0,1,0,2,0,1,9,1 PowerShell alert(s); 2 inactive-user event(s),0,0,0,0,2,0,0,0,1,0,6,0,Medium,Pavani Kara,Legal Dept,Inactive
EMP12466,2,0,0,1,0,0,0,0,1,0,1,0,2,0,1,9,1 credential-access alert(s); 2 inactive-user event(s),0,0,0,0,0,0,2,0,1,0,6,0,Medium,Ojasvi Natt,Hr,Inactive
EMP12505,2,0,1,1,0,0,2,0,0,0,0,0,0,2,1,9,2 PowerShell alert(s); 2 identity review concern(s),0,3,0,0,4,0,0,0,0,0,0,2,Medium,,,
EMP12557,2,0,2,1,0,0,0,0,0,0,2,0,0,1,1,9,1 identity review concern(s),0,6,0,0,0,0,0,0,2,0,0,1,Medium,Brinda Sibal,Hr,Active
EMP12571,2,0,1,2,0,1,0,0,0,0,1,1,0,1,1,9,1 malware/ransomware alert(s); 1 identity review concern(s),0,3,0,3,0,0,0,0,1,1,0,1,Medium,Gaurika Thakkar,Customer Care,Active
EMP12641,2,0,1,1,0,2,0,0,0,0,0,0,0,0,1,9,2 malware/ransomware alert(s),0,3,0,6,0,0,0,0,0,0,0,0,Medium,Christopher Sandhu,Innovation,Active
EMP12645,2,0,2,1,0,0,0,1,0,0,1,0,0,0,1,9,1 lateral-movement alert(s),0,6,0,0,0,2,0,0,1,0,0,0,Medium,Hemani Bhagat,Ops,Active
EMP12684,2,1,0,1,0,0,0,1,0,0,1,0,0,1,1,9,1 critical alert(s); 1 lateral-movement alert(s); 1 identity review concern(s),5,0,0,0,0,2,0,0,1,0,0,1,Medium,Omaja Venkatesh,Sales Team,Active
EMP12723,2,0,1,1,0,2,0,0,0,0,0,0,0,0,1,9,2 malware/ransomware alert(s),0,3,0,6,0,0,0,0,0,0,0,0,Medium,Tripti Datta,Mktg,Active
EMP12822,2,0,1,2,0,2,0,0,0,0,0,0,0,0,1,9,2 malware/ransomware alert(s),0,3,0,6,0,0,0,0,0,0,0,0,Medium,Neelima Verma,Finance,
EMP12873,2,0,2,2,0,0,1,0,0,0,0,0,0,1,1,9,1 PowerShell alert(s); 1 identity review concern(s),0,6,0,0,2,0,0,0,0,0,0,1,Medium,Anusha Sengupta,Ops,
EMP12895,2,0,1,1,0,1,0,0,0,0,1,0,0,2,1,9,1 malware/ransomware alert(s); 2 identity review concern(s),0,3,0,3,0,0,0,0,1,0,0,2,Medium,,,
EMP10239,1,0,1,0,0,1,0,0,0,0,0,0,1,0,1,9,1 malware/ransomware alert(s); 1 inactive-user event(s),0,3,0,3,0,0,0,0,0,0,3,0,Medium,Jatin Chada,Rd,Disabled
EMP10340,1,0,1,1,0,1,0,0,0,0,0,0,1,0,1,9,1 malware/ransomware alert(s); 1 inactive-user event(s),0,3,0,3,0,0,0,0,0,0,3,0,Medium,Prisha Venkataraman,Fin,Disabled
EMP11208,1,0,1,0,0,1,0,0,0,0,0,0,1,0,1,9,1 malware/ransomware alert(s); 1 inactive-user event(s),0,3,0,3,0,0,0,0,0,0,3,0,Medium,Utkarsh Tata,Marketing,Inactive
EMP11244,1,1,0,1,1,0,0,0,0,0,1,0,0,0,1,9,1 critical alert(s); 1 unresolved critical alert(s),5,0,3,0,0,0,0,0,1,0,0,0,Medium,Qasim Bahl,Human Resources,Active
EMP11542,1,0,1,1,0,1,0,0,0,0,0,0,1,0,1,9,1 malware/ransomware alert(s); 1 inactive-user event(s),0,3,0,3,0,0,0,0,0,0,3,0,Medium,Warinder Thakur,Operations,Disabled
EMP11646,1,1,0,1,1,0,0,0,0,0,1,0,0,0,1,9,1 critical alert(s); 1 unresolved critical alert(s),5,0,3,0,0,0,0,0,1,0,0,0,Medium,Fariq Bajwa,Purch,Active
EMP11861,1,0,1,1,0,1,0,0,0,0,0,0,1,0,1,9,1 malware/ransomware alert(s); 1 inactive-user event(s),0,3,0,3,0,0,0,0,0,0,3,0,Medium,Wazir Khatri,It,Disabled
EMP11896,1,0,1,1,0,1,0,0,0,0,0,0,1,0,1,9,1 malware/ransomware alert(s); 1 inactive-user event(s),0,3,0,3,0,0,0,0,0,0,3,0,Medium,Urmi Pall,Accounts,Inactive
EMP12074,1,1,0,1,1,0,0,0,0,0,1,0,0,0,1,9,1 critical alert(s); 1 unresolved critical alert(s),5,0,3,0,0,0,0,0,1,0,0,0,Medium,Qadim Mallick,Innovation,Active
EMP12094,1,0,1,1,0,0,1,0,0,0,0,0,1,1,1,9,1 PowerShell alert(s); 1 inactive-user event(s); 1 identity review concern(s),0,3,0,0,2,0,0,0,0,0,3,1,Medium,Gautam Samra,Procurement Team,Disabled
EMP12205,1,0,1,0,0,1,0,0,0,0,0,0,1,0,1,9,1 malware/ransomware alert(s); 1 inactive-user event(s),0,3,0,3,0,0,0,0,0,0,3,0,Medium,Avni Sani,Information Technology,Disabled
EMP12381,1,1,0,0,0,1,0,0,0,0,0,0,0,1,1,9,1 critical alert(s); 1 malware/ransomware alert(s); 1 identity review concern(s),5,0,0,3,0,0,0,0,0,0,0,1,Medium,Lucky Sarkar,Accounts,Active
EMP12778,1,0,1,0,0,0,1,0,0,0,0,0,1,1,1,9,1 PowerShell alert(s); 1 inactive-user event(s); 1 identity review concern(s),0,3,0,0,2,0,0,0,0,0,3,1,Medium,Ethan Babu,Operations Dept,Inactive
EMP12932,1,1,0,1,1,0,0,0,0,0,1,0,0,0,1,9,1 critical alert(s); 1 unresolved critical alert(s),5,0,3,0,0,0,0,0,1,0,0,0,Medium,Dalbir Ahuja,Customer Care,Active
EMP12222,5,0,0,4,0,0,0,1,2,0,2,0,0,0,1,8,1 lateral-movement alert(s); 2 credential-access alert(s),0,0,0,0,0,2,4,0,2,0,0,0,Medium,Nidra Garde,Accounts,Active
EMP12588,5,0,0,3,0,0,2,0,2,0,0,0,0,0,1,8,2 PowerShell alert(s); 2 credential-access alert(s),0,0,0,0,4,0,4,0,0,0,0,0,Medium,Raksha Gokhale,Business Sales,Active
EMP12955,5,0,0,3,0,0,1,1,0,0,2,0,0,2,1,8,1 PowerShell alert(s); 1 lateral-movement alert(s); 2 identity review concern(s),0,0,0,0,2,2,0,0,2,0,0,2,Medium,Eiravati Mammen,Marketing Dept,Active
EMP10034,4,0,0,1,0,1,0,1,1,0,0,0,0,1,1,8,1 malware/ransomware alert(s); 1 lateral-movement alert(s); 1 credential-access alert(s); 1 identity review concern(s),0,0,0,3,0,2,2,0,0,0,0,1,Medium,Lajita Varkey,Hr,Active
EMP10160,4,0,0,4,0,2,0,0,0,0,2,0,0,0,1,8,2 malware/ransomware alert(s),0,0,0,6,0,0,0,0,2,0,0,0,Medium,Leena Dhar,It Dept,Active
EMP10368,4,0,0,4,0,0,1,3,0,0,0,0,0,0,1,8,1 PowerShell alert(s); 3 lateral-movement alert(s),0,0,0,0,2,6,0,0,0,0,0,0,Medium,Turvi Sarkar,Supply Chain,Active
EMP10480,4,0,0,1,0,2,0,0,0,0,2,0,0,0,1,8,2 malware/ransomware alert(s),0,0,0,6,0,0,0,0,2,0,0,0,Medium,Kamya Taneja,Sales,Active
EMP10490,4,0,0,3,0,2,0,0,0,0,2,0,0,0,1,8,2 malware/ransomware alert(s),0,0,0,6,0,0,0,0,2,0,0,0,Medium,Rajata Wason,Operations,On Leave
EMP10574,4,0,1,4,0,0,1,1,0,0,1,0,0,0,1,8,1 PowerShell alert(s); 1 lateral-movement alert(s),0,3,0,0,2,2,0,0,1,0,0,0,Medium,Forum Devi,Marketing,Active
EMP10747,4,0,2,3,0,0,0,0,0,0,0,0,0,2,1,8,2 identity review concern(s),0,6,0,0,0,0,0,0,0,0,0,2,Medium,Yashica Patla,Operations Dept,Active
EMP10764,4,0,0,3,0,1,0,2,0,0,0,0,0,1,1,8,1 malware/ransomware alert(s); 2 lateral-movement alert(s); 1 identity review concern(s),0,0,0,3,0,4,0,0,0,0,0,1,Medium,Rachana Madan,Purch,Active
EMP10793,4,0,1,4,0,0,1,0,0,0,1,0,0,2,1,8,1 PowerShell alert(s); 2 identity review concern(s),0,3,0,0,2,0,0,0,1,0,0,2,Medium,Widisha Chhabra,Information Tech,Active
EMP10881,4,0,0,0,0,2,1,0,0,0,0,0,0,0,1,8,2 malware/ransomware alert(s); 1 PowerShell alert(s),0,0,0,6,2,0,0,0,0,0,0,0,Medium,Umang Datta,Sales,Active
EMP11285,4,0,0,4,0,1,0,0,0,0,1,0,0,4,1,8,1 malware/ransomware alert(s); 4 identity review concern(s),0,0,0,3,0,0,0,0,1,0,0,4,Medium,Azad Joshi,Accounts,Active
EMP11581,4,0,0,3,0,1,0,1,1,0,0,0,0,1,1,8,1 malware/ransomware alert(s); 1 lateral-movement alert(s); 1 credential-access alert(s); 1 identity review concern(s),0,0,0,3,0,2,2,0,0,0,0,1,Medium,Onkar Mital,Mktg,Active
EMP11771,4,0,0,2,0,2,0,1,0,0,0,0,0,0,1,8,2 malware/ransomware alert(s); 1 lateral-movement alert(s),0,0,0,6,0,2,0,0,0,0,0,0,Medium,Gopal Walia,Finance,Active
EMP11850,4,1,0,3,0,0,0,0,0,0,3,0,0,0,1,8,1 critical alert(s),5,0,0,0,0,0,0,0,3,0,0,0,Medium,Eshana Nigam,Ops,Active
EMP11858,4,0,0,3,0,1,0,1,0,0,1,0,0,2,1,8,1 malware/ransomware alert(s); 1 lateral-movement alert(s); 2 identity review concern(s),0,0,0,3,0,2,0,0,1,0,0,2,Medium,Robert Raj,Procurement Team,Active
EMP12082,4,0,0,2,0,1,2,0,0,0,0,0,0,1,1,8,1 malware/ransomware alert(s); 2 PowerShell alert(s); 1 identity review concern(s),0,0,0,3,4,0,0,0,0,0,0,1,Medium,Nikita Toor,Procurement Team,Active
EMP12169,4,0,0,2,0,0,1,1,1,0,1,0,0,1,1,8,1 PowerShell alert(s); 1 lateral-movement alert(s); 1 credential-access alert(s); 1 identity review concern(s),0,0,0,0,2,2,2,0,1,0,0,1,Medium,Banjeet Bains,Operations,Active
EMP12358,4,0,0,1,0,0,3,0,0,0,1,0,0,1,1,8,3 PowerShell alert(s); 1 identity review concern(s),0,0,0,0,6,0,0,0,1,0,0,1,Medium,Peter Bumb,Research And Development,Active
EMP12760,4,0,0,3,0,2,1,0,0,0,0,0,0,0,1,8,2 malware/ransomware alert(s); 1 PowerShell alert(s),0,0,0,6,2,0,0,0,0,0,0,0,Medium,Vrishti Mall,Information Tech,Active
EMP12977,4,0,0,4,0,1,0,1,0,0,2,0,0,1,1,8,1 malware/ransomware alert(s); 1 lateral-movement alert(s); 1 identity review concern(s),0,0,0,3,0,2,0,0,2,0,0,1,Medium,Aryan Korpal,Legal,Active
EMP10007,3,0,1,3,0,1,0,0,0,0,2,0,0,0,1,8,1 malware/ransomware alert(s),0,3,0,3,0,0,0,0,2,0,0,0,Medium,Janya Bhatia,Ops,Active
EMP10075,3,0,0,2,0,2,0,1,0,0,0,0,0,0,1,8,2 malware/ransomware alert(s); 1 lateral-movement alert(s),0,0,0,6,0,2,0,0,0,0,0,0,Medium,Maanas Chanda,Information Technology,Active
EMP10228,3,0,0,1,0,2,0,1,0,0,0,0,0,0,1,8,2 malware/ransomware alert(s); 1 lateral-movement alert(s),0,0,0,6,0,2,0,0,0,0,0,0,Medium,Patrick Bajaj,Fin,Active
EMP10273,3,0,2,1,0,0,0,1,0,0,0,0,0,0,1,8,1 lateral-movement alert(s),0,6,0,0,0,2,0,0,0,0,0,0,Medium,Reva Parsa,Finance Dept,Active
EMP10291,3,0,0,2,0,1,0,1,0,0,0,0,0,3,1,8,1 malware/ransomware alert(s); 1 lateral-movement alert(s); 3 identity review concern(s),0,0,0,3,0,2,0,0,0,0,0,3,Medium,,,
EMP10426,3,0,1,1,0,1,0,1,0,0,0,0,0,0,1,8,1 malware/ransomware alert(s); 1 lateral-movement alert(s),0,3,0,3,0,2,0,0,0,0,0,0,Medium,Banjeet Mishra,Legal,Active
EMP10479,3,0,0,3,0,1,0,0,1,0,1,1,0,1,1,8,1 malware/ransomware alert(s); 1 credential-access alert(s); 1 identity review concern(s),0,0,0,3,0,0,2,0,1,1,0,1,Medium,Ayushman Nagy,Legal,Active
EMP10531,3,0,1,2,0,0,1,1,0,0,1,0,0,0,1,8,1 PowerShell alert(s); 1 lateral-movement alert(s),0,3,0,0,2,2,0,0,1,0,0,0,Medium,Omkaar Kalita,Supply Chain,Active
EMP10558,3,0,1,2,0,0,0,1,1,0,0,0,0,1,1,8,1 lateral-movement alert(s); 1 credential-access alert(s); 1 identity review concern(s),0,3,0,0,0,2,2,0,0,0,0,1,Medium,Amaira Sood,Marketing,Active
EMP10571,3,0,0,2,0,1,0,1,0,0,0,0,0,3,1,8,1 malware/ransomware alert(s); 1 lateral-movement alert(s); 3 identity review concern(s),0,0,0,3,0,2,0,0,0,0,0,3,Medium,Amol Saran,Legal,Active
EMP10576,3,0,0,3,0,2,0,0,0,0,1,0,0,1,1,8,2 malware/ransomware alert(s); 1 identity review concern(s),0,0,0,6,0,0,0,0,1,0,0,1,Medium,Nicholas Gola,Mkt,Active
EMP10650,3,0,1,2,0,0,1,0,1,0,0,0,0,1,1,8,1 PowerShell alert(s); 1 credential-access alert(s); 1 identity review concern(s),0,3,0,0,2,0,2,0,0,0,0,1,Medium,Darika Sha,Finance,Active
EMP10676,3,0,1,2,0,0,0,1,1,0,0,0,0,1,1,8,1 lateral-movement alert(s); 1 credential-access alert(s); 1 identity review concern(s),0,3,0,0,0,2,2,0,0,0,0,1,Medium,Yauvani Mannan,R&D,Active
EMP10695,3,0,1,3,0,0,1,0,0,0,0,0,0,3,1,8,1 PowerShell alert(s); 3 identity review concern(s),0,3,0,0,2,0,0,0,0,0,0,3,Medium,,,
EMP10709,3,0,1,3,0,0,0,1,1,0,0,0,0,1,1,8,1 lateral-movement alert(s); 1 credential-access alert(s); 1 identity review concern(s),0,3,0,0,0,2,2,0,0,0,0,1,Medium,Christopher Rajagopal,Hr Dept,Active
EMP10724,3,0,0,1,0,2,1,0,0,0,0,0,0,0,1,8,2 malware/ransomware alert(s); 1 PowerShell alert(s),0,0,0,6,2,0,0,0,0,0,0,0,Medium,Yashica Chokshi,Hr Dept,Active
EMP10726,3,1,0,2,0,0,0,1,0,0,1,0,0,0,1,8,1 critical alert(s); 1 lateral-movement alert(s),5,0,0,0,0,2,0,0,1,0,0,0,Medium,Orinder Sanghvi,Information Tech,Active
EMP10728,3,0,1,2,0,1,0,0,1,0,0,0,0,0,1,8,1 malware/ransomware alert(s); 1 credential-access alert(s),0,3,0,3,0,0,2,0,0,0,0,0,Medium,Harita Lall,Ops Team,On Leave
EMP10739,3,0,1,2,0,0,1,1,0,0,1,0,0,0,1,8,1 PowerShell alert(s); 1 lateral-movement alert(s),0,3,0,0,2,2,0,0,1,0,0,0,Medium,Bhavna Bhalla,Legal,Active
EMP10867,3,0,0,1,0,1,1,1,0,0,0,0,0,1,1,8,1 malware/ransomware alert(s); 1 PowerShell alert(s); 1 lateral-movement alert(s); 1 identity review concern(s),0,0,0,3,2,2,0,0,0,0,0,1,Medium,Nathan Madan,Information Technology,Active
EMP10874,3,0,0,3,0,2,1,0,0,0,0,0,0,0,1,8,2 malware/ransomware alert(s); 1 PowerShell alert(s),0,0,0,6,2,0,0,0,0,0,0,0,Medium,Dominic Shenoy,Human Resources,Active
EMP10905,3,0,0,2,0,1,1,0,1,0,0,0,0,1,1,8,1 malware/ransomware alert(s); 1 PowerShell alert(s); 1 credential-access alert(s); 1 identity review concern(s),0,0,0,3,2,0,2,0,0,0,0,1,Medium,Widisha Garg,Finance,Active
EMP11022,3,0,1,2,0,0,1,1,0,0,1,0,0,0,1,8,1 PowerShell alert(s); 1 lateral-movement alert(s),0,3,0,0,2,2,0,0,1,0,0,0,Medium,Faris Mander,Legal Dept,Active
EMP11104,3,0,1,1,0,0,0,1,1,0,1,0,0,0,1,8,1 lateral-movement alert(s); 1 credential-access alert(s),0,3,0,0,0,2,2,0,1,0,0,0,Medium,Jack Chacko,Marketing,Active
EMP11359,3,0,0,3,0,1,0,0,0,0,2,0,0,3,1,8,1 malware/ransomware alert(s); 3 identity review concern(s),0,0,0,3,0,0,0,0,2,0,0,3,Medium,,,
EMP11365,3,0,1,2,0,0,1,1,0,0,1,0,0,0,1,8,1 PowerShell alert(s); 1 lateral-movement alert(s),0,3,0,0,2,2,0,0,1,0,0,0,Medium,Osha Modi,Business Sales,Active
EMP11366,3,0,0,3,0,2,0,0,0,0,0,0,0,2,1,8,2 malware/ransomware alert(s); 2 identity review concern(s),0,0,0,6,0,0,0,0,0,0,0,2,Medium,Jagat Mohanty,Mkt,
EMP11441,3,0,0,2,0,1,0,1,0,0,1,1,0,1,1,8,1 malware/ransomware alert(s); 1 lateral-movement alert(s); 1 identity review concern(s),0,0,0,3,0,2,0,0,1,1,0,1,Medium,Qabil Kumar,Operations,Active
EMP11455,3,0,0,1,0,2,0,0,1,0,0,0,0,0,1,8,2 malware/ransomware alert(s); 1 credential-access alert(s),0,0,0,6,0,0,2,0,0,0,0,0,Medium,Leena Hayer,Accounts,Active
EMP11520,3,0,1,1,0,0,1,1,0,0,0,0,0,1,1,8,1 PowerShell alert(s); 1 lateral-movement alert(s); 1 identity review concern(s),0,3,0,0,2,2,0,0,0,0,0,1,Medium,Kevin Vig,Marketing Dept,Active
EMP11613,3,0,1,2,0,1,1,0,0,0,0,0,0,0,1,8,1 malware/ransomware alert(s); 1 PowerShell alert(s),0,3,0,3,2,0,0,0,0,0,0,0,Medium,Kevin Ahuja,Human Resource,Active
EMP11639,3,0,0,3,0,1,1,0,1,0,0,0,0,1,1,8,1 malware/ransomware alert(s); 1 PowerShell alert(s); 1 credential-access alert(s); 1 identity review concern(s),0,0,0,3,2,0,2,0,0,0,0,1,Medium,Farhan Bedi,Hr,Active
EMP11674,3,0,0,1,0,2,1,0,0,0,0,0,0,0,1,8,2 malware/ransomware alert(s); 1 PowerShell alert(s),0,0,0,6,2,0,0,0,0,0,0,0,Medium,Sudiksha Shenoy,Business Sales,Active
EMP11723,3,0,0,1,0,1,0,0,0,0,2,0,0,3,1,8,1 malware/ransomware alert(s); 3 identity review concern(s),0,0,0,3,0,0,0,0,2,0,0,3,Medium,Yashica Pandey,Sales,Active
EMP11753,3,0,1,2,0,1,1,0,0,0,0,0,0,0,1,8,1 malware/ransomware alert(s); 1 PowerShell alert(s),0,3,0,3,2,0,0,0,0,0,0,0,Medium,Anay Sen,Sales Dept,Active
EMP11918,3,0,0,3,0,1,1,1,0,0,0,0,0,1,1,8,1 malware/ransomware alert(s); 1 PowerShell alert(s); 1 lateral-movement alert(s); 1 identity review concern(s),0,0,0,3,2,2,0,0,0,0,0,1,Medium,Lekha Dhawan,Purchase,Active
EMP11953,3,0,1,3,0,0,0,1,1,0,0,0,0,1,1,8,1 lateral-movement alert(s); 1 credential-access alert(s); 1 identity review concern(s),0,3,0,0,0,2,2,0,0,0,0,1,Medium,Mitali Bains,Information Tech,Active
EMP11968,3,0,0,3,0,2,0,0,0,0,1,0,0,1,1,8,2 malware/ransomware alert(s); 1 identity review concern(s),0,0,0,6,0,0,0,0,1,0,0,1,Medium,Ojasvi Keer,Legal Dept,Active
EMP12008,3,0,1,1,0,1,0,1,0,0,0,0,0,0,1,8,1 malware/ransomware alert(s); 1 lateral-movement alert(s),0,3,0,3,0,2,0,0,0,0,0,0,Medium,Neel Balay,Customer Care,Active
EMP12044,3,0,1,2,0,1,0,0,0,0,1,0,0,1,1,8,1 malware/ransomware alert(s); 1 identity review concern(s),0,3,0,3,0,0,0,0,1,0,0,1,Medium,Daksh Swamy,Ops,Active
EMP12121,3,0,0,2,0,1,1,1,0,0,0,0,0,1,1,8,1 malware/ransomware alert(s); 1 PowerShell alert(s); 1 lateral-movement alert(s); 1 identity review concern(s),0,0,0,3,2,2,0,0,0,0,0,1,Medium,Aishani Raja,It,Active
EMP12127,3,0,1,2,0,0,2,0,0,0,1,0,0,0,1,8,2 PowerShell alert(s),0,3,0,0,4,0,0,0,1,0,0,0,Medium,Oscar Gopal,Finance Dept,Active
EMP12153,3,0,0,3,0,2,1,0,0,0,0,0,0,0,1,8,2 malware/ransomware alert(s); 1 PowerShell alert(s),0,0,0,6,2,0,0,0,0,0,0,0,Medium,Abdul Deep,Human Resource,Active
EMP12245,3,0,1,2,0,0,0,1,0,0,1,1,0,1,1,8,1 lateral-movement alert(s); 1 identity review concern(s),0,3,0,0,0,2,0,0,1,1,0,1,Medium,Hitesh Kadakia,Sales Dept,Active
EMP12304,3,0,1,3,0,0,0,0,2,0,1,0,0,0,1,8,2 credential-access alert(s),0,3,0,0,0,0,4,0,1,0,0,0,Medium,Hiral Sheth,Marketing,Active
EMP12405,3,0,0,3,0,1,0,0,2,0,0,0,0,1,1,8,1 malware/ransomware alert(s); 2 credential-access alert(s); 1 identity review concern(s),0,0,0,3,0,0,4,0,0,0,0,1,Medium,Netra Madan,Marketing,Active
EMP12447,3,0,0,1,0,1,0,1,0,0,0,0,0,3,1,8,1 malware/ransomware alert(s); 1 lateral-movement alert(s); 3 identity review concern(s),0,0,0,3,0,2,0,0,0,0,0,3,Medium,Umang Sharma,Information Technology,Active
EMP12546,3,0,0,1,0,1,0,0,1,0,0,0,0,3,1,8,1 malware/ransomware alert(s); 1 credential-access alert(s); 3 identity review concern(s),0,0,0,3,0,0,2,0,0,0,0,3,Medium,,,
EMP12596,3,0,1,1,0,1,0,1,0,0,0,0,0,0,1,8,1 malware/ransomware alert(s); 1 lateral-movement alert(s),0,3,0,3,0,2,0,0,0,0,0,0,Medium,Hamsini Jayaraman,Human Resource,Active
EMP12638,3,0,0,3,0,2,1,0,0,0,0,0,0,0,1,8,2 malware/ransomware alert(s); 1 PowerShell alert(s),0,0,0,6,2,0,0,0,0,0,0,0,Medium,Rachana Tank,R&D,Active
EMP12648,3,0,0,3,0,2,1,0,0,0,0,0,0,0,1,8,2 malware/ransomware alert(s); 1 PowerShell alert(s),0,0,0,6,2,0,0,0,0,0,0,0,Medium,Theodore Ratti,Customer Care,Active
EMP12659,3,0,1,2,0,0,0,1,1,0,1,0,0,0,1,8,1 lateral-movement alert(s); 1 credential-access alert(s),0,3,0,0,0,2,2,0,1,0,0,0,Medium,Chatura Swaminathan,Compliance,Active
EMP12669,3,1,0,1,0,1,0,0,0,0,0,0,0,0,1,8,1 critical alert(s); 1 malware/ransomware alert(s),5,0,0,3,0,0,0,0,0,0,0,0,Medium,Vyanjana Jayaraman,Legal,Active
EMP12703,3,0,0,2,0,2,0,0,1,0,0,0,0,0,1,8,2 malware/ransomware alert(s); 1 credential-access alert(s),0,0,0,6,0,0,2,0,0,0,0,0,Medium,Viraj Handa,Sales Dept,Active
EMP12931,3,0,0,3,0,0,0,2,0,0,1,0,0,3,1,8,2 lateral-movement alert(s); 3 identity review concern(s),0,0,0,0,0,4,0,0,1,0,0,3,Medium,Janya Bora,Human Resource,Active
EMP12988,3,0,1,2,0,0,2,0,0,0,1,0,0,0,1,8,2 PowerShell alert(s),0,3,0,0,4,0,0,0,1,0,0,0,Medium,Zinal Munshi,Legal,Active
EMP10008,2,0,1,1,0,1,0,0,1,0,0,0,0,0,1,8,1 malware/ransomware alert(s); 1 credential-access alert(s),0,3,0,3,0,0,2,0,0,0,0,0,Medium,Wakeeta Joshi,Fin,Active
EMP10253,2,0,1,2,0,1,0,0,1,0,0,0,0,0,1,8,1 malware/ransomware alert(s); 1 credential-access alert(s),0,3,0,3,0,0,2,0,0,0,0,0,Medium,Forum Sharma,Legal,Active
EMP10259,2,0,1,1,0,1,0,0,1,0,0,0,0,0,1,8,1 malware/ransomware alert(s); 1 credential-access alert(s),0,3,0,3,0,0,2,0,0,0,0,0,Medium,Hemal Palla,Finance,Active
EMP10304,2,0,0,2,0,2,0,0,0,0,0,0,0,2,1,8,2 malware/ransomware alert(s); 2 identity review concern(s),0,0,0,6,0,0,0,0,0,0,0,2,Medium,Tanay Bandi,Operations,Active
EMP10344,2,0,1,2,0,1,0,1,0,0,0,0,0,0,1,8,1 malware/ransomware alert(s); 1 lateral-movement alert(s),0,3,0,3,0,2,0,0,0,0,0,0,Medium,Frado Sheth,Human Resources,Active
EMP10432,2,0,1,0,0,1,0,1,0,0,0,0,0,0,1,8,1 malware/ransomware alert(s); 1 lateral-movement alert(s),0,3,0,3,0,2,0,0,0,0,0,0,Medium,Omya Gole,Finance Dept,
EMP10457,2,0,1,1,0,1,0,0,1,0,0,0,0,0,1,8,1 malware/ransomware alert(s); 1 credential-access alert(s),0,3,0,3,0,0,2,0,0,0,0,0,Medium,Darsh Sura,Sales Dept,Active
EMP10550,2,0,1,1,0,0,1,0,1,0,0,0,0,1,1,8,1 PowerShell alert(s); 1 credential-access alert(s); 1 identity review concern(s),0,3,0,0,2,0,2,0,0,0,0,1,Medium,Harini Chakrabarti,Mkt,Active
EMP10552,2,0,1,2,0,0,1,1,0,0,0,0,0,1,1,8,1 PowerShell alert(s); 1 lateral-movement alert(s); 1 identity review concern(s),0,3,0,0,2,2,0,0,0,0,0,1,Medium,Xalak Tiwari,Hr Dept,Active
EMP10563,2,0,1,1,0,1,0,0,1,0,0,0,0,0,1,8,1 malware/ransomware alert(s); 1 credential-access alert(s),0,3,0,3,0,0,2,0,0,0,0,0,Medium,Unnati Rau,Legal Dept,Active
EMP10642,2,0,1,1,0,1,0,1,0,0,0,0,0,0,1,8,1 malware/ransomware alert(s); 1 lateral-movement alert(s),0,3,0,3,0,2,0,0,0,0,0,0,Medium,Umang Dhaliwal,Operations,Active
EMP10652,2,1,0,1,0,1,0,0,0,0,0,0,0,0,1,8,1 critical alert(s); 1 malware/ransomware alert(s),5,0,0,3,0,0,0,0,0,0,0,0,Medium,Ayush Srinivasan,Cs,Active
EMP10703,2,0,0,0,0,0,0,0,0,0,1,0,2,1,1,8,2 inactive-user event(s); 1 identity review concern(s),0,0,0,0,0,0,0,0,1,0,6,1,Medium,Rachana Nath,Support,Inactive
EMP10719,2,0,1,2,0,1,1,0,0,0,0,0,0,0,1,8,1 malware/ransomware alert(s); 1 PowerShell alert(s),0,3,0,3,2,0,0,0,0,0,0,0,Medium,Chanakya Taneja,Legal,Active
EMP10772,2,0,0,1,0,2,0,0,0,0,0,0,0,2,1,8,2 malware/ransomware alert(s); 2 identity review concern(s),0,0,0,6,0,0,0,0,0,0,0,2,Medium,,,
EMP10775,2,0,1,1,0,1,0,1,0,0,0,0,0,0,1,8,1 malware/ransomware alert(s); 1 lateral-movement alert(s),0,3,0,3,0,2,0,0,0,0,0,0,Medium,Vamakshi Chacko,Finance Dept,Active
EMP10844,2,0,0,1,0,2,0,0,0,0,0,0,0,2,1,8,2 malware/ransomware alert(s); 2 identity review concern(s),0,0,0,6,0,0,0,0,0,0,0,2,Medium,Saksham Vohra,Supply Chain,Active
EMP10935,2,0,0,2,0,1,0,1,0,0,0,1,0,2,1,8,1 malware/ransomware alert(s); 1 lateral-movement alert(s); 2 identity review concern(s),0,0,0,3,0,2,0,0,0,1,0,2,Medium,Ojas Barad,Operations,Active
EMP10959,2,0,1,1,0,1,1,0,0,0,0,0,0,0,1,8,1 malware/ransomware alert(s); 1 PowerShell alert(s),0,3,0,3,2,0,0,0,0,0,0,0,Medium,Ira Bhatnagar,It,Active
EMP11009,2,0,0,1,0,2,0,0,0,0,0,0,0,2,1,8,2 malware/ransomware alert(s); 2 identity review concern(s),0,0,0,6,0,0,0,0,0,0,0,2,Medium,Lekha Anne,Legal,Active
EMP11073,2,0,0,0,0,2,0,0,0,0,0,0,0,2,1,8,2 malware/ransomware alert(s); 2 identity review concern(s),0,0,0,6,0,0,0,0,0,0,0,2,Medium,,,
EMP11074,2,0,1,0,0,1,0,0,1,0,0,0,0,0,1,8,1 malware/ransomware alert(s); 1 credential-access alert(s),0,3,0,3,0,0,2,0,0,0,0,0,Medium,Guneet Uppal,Finance,Active
EMP11292,2,0,1,1,0,1,0,0,1,0,0,0,0,0,1,8,1 malware/ransomware alert(s); 1 credential-access alert(s),0,3,0,3,0,0,2,0,0,0,0,0,Medium,Harsh Sem,Sales Dept,Active
EMP11308,2,0,1,2,0,1,0,0,0,0,0,0,0,2,1,8,1 malware/ransomware alert(s); 2 identity review concern(s),0,3,0,3,0,0,0,0,0,0,0,2,Medium,Turvi Yohannan,Purchase,Active
EMP11334,2,0,0,2,0,0,0,1,0,0,0,0,2,0,1,8,1 lateral-movement alert(s); 2 inactive-user event(s),0,0,0,0,0,2,0,0,0,0,6,0,Medium,Varsha Ramanathan,Mktg,Inactive
EMP11373,2,0,1,2,0,1,0,0,1,0,0,0,0,0,1,8,1 malware/ransomware alert(s); 1 credential-access alert(s),0,3,0,3,0,0,2,0,0,0,0,0,Medium,Vanya Barman,Sales Dept,Active
EMP11430,2,0,1,2,0,1,0,0,1,0,0,0,0,0,1,8,1 malware/ransomware alert(s); 1 credential-access alert(s),0,3,0,3,0,0,2,0,0,0,0,0,Medium,Chasmum Nadkarni,Mkt,Active
EMP11439,2,1,0,0,0,0,0,1,0,0,0,1,0,0,1,8,1 critical alert(s); 1 lateral-movement alert(s),5,0,0,0,0,2,0,0,0,1,0,0,Medium,Bhavya Morar,Rd,Active
EMP11460,2,0,1,0,0,0,1,0,1,0,0,0,0,1,1,8,1 PowerShell alert(s); 1 credential-access alert(s); 1 identity review concern(s),0,3,0,0,2,0,2,0,0,0,0,1,Medium,Meera Ranganathan,Innovation,Active
EMP11516,2,1,0,1,0,0,0,0,1,0,1,0,0,0,1,8,1 critical alert(s); 1 credential-access alert(s),5,0,0,0,0,0,2,0,1,0,0,0,Medium,Ria Batra,Mktg,Active
EMP11618,2,0,0,1,0,0,0,0,1,0,0,0,2,0,1,8,1 credential-access alert(s); 2 inactive-user event(s),0,0,0,0,0,0,2,0,0,0,6,0,Medium,Hemangini Sathe,It,Disabled
EMP11814,2,0,1,0,0,1,0,1,0,0,0,0,0,0,1,8,1 malware/ransomware alert(s); 1 lateral-movement alert(s),0,3,0,3,0,2,0,0,0,0,0,0,Medium,Dipta Agate,Procurement,Active
EMP11871,2,0,1,0,0,1,1,0,0,0,0,0,0,0,1,8,1 malware/ransomware alert(s); 1 PowerShell alert(s),0,3,0,3,2,0,0,0,0,0,0,0,Medium,Vedant Kar,Ops,Active
EMP11874,2,0,1,1,0,1,0,0,0,0,0,0,0,2,1,8,1 malware/ransomware alert(s); 2 identity review concern(s),0,3,0,3,0,0,0,0,0,0,0,2,Medium,Dayita Rout,Research And Development,Active
EMP11886,2,0,1,0,0,0,1,1,0,0,0,0,0,1,1,8,1 PowerShell alert(s); 1 lateral-movement alert(s); 1 identity review concern(s),0,3,0,0,2,2,0,0,0,0,0,1,Medium,Bhavya Sura,Finance,Active
EMP11924,2,0,1,2,0,1,0,0,1,0,0,0,0,0,1,8,1 malware/ransomware alert(s); 1 credential-access alert(s),0,3,0,3,0,0,2,0,0,0,0,0,Medium,Chandani Palan,It Dept,Active
EMP11925,2,0,0,0,0,0,1,0,0,0,0,0,2,0,1,8,1 PowerShell alert(s); 2 inactive-user event(s),0,0,0,0,2,0,0,0,0,0,6,0,Medium,Triya Narasimhan,Hr Dept,Inactive
EMP11947,2,0,2,2,0,0,0,0,0,0,2,0,0,0,1,8,volume/low-severity activity only,0,6,0,0,0,0,0,0,2,0,0,0,Medium,Xalak Handa,Information Technology,Active
EMP11952,2,1,0,0,0,0,0,1,0,0,1,0,0,0,1,8,1 critical alert(s); 1 lateral-movement alert(s),5,0,0,0,0,2,0,0,1,0,0,0,Medium,Kavya Char,Customer Care,Active
EMP11978,2,0,1,1,0,1,1,0,0,0,0,0,0,0,1,8,1 malware/ransomware alert(s); 1 PowerShell alert(s),0,3,0,3,2,0,0,0,0,0,0,0,Medium,Krishna Prashad,Mkt,On Leave
EMP11980,2,0,1,1,0,1,1,0,0,0,0,0,0,0,1,8,1 malware/ransomware alert(s); 1 PowerShell alert(s),0,3,0,3,2,0,0,0,0,0,0,0,Medium,Eta Saran,Mkt,Active
EMP12072,2,0,1,1,0,1,1,0,0,0,0,0,0,0,1,8,1 malware/ransomware alert(s); 1 PowerShell alert(s),0,3,0,3,2,0,0,0,0,0,0,0,Medium,Vrinda Sankar,Innovation,Active
EMP12081,2,0,1,2,0,1,0,0,1,0,0,0,0,0,1,8,1 malware/ransomware alert(s); 1 credential-access alert(s),0,3,0,3,0,0,2,0,0,0,0,0,Medium,Jeevika Bajwa,It Dept,Active
EMP12083,2,0,0,1,0,2,0,0,0,0,0,0,0,2,1,8,2 malware/ransomware alert(s); 2 identity review concern(s),0,0,0,6,0,0,0,0,0,0,0,2,Medium,,,
EMP12091,2,0,0,1,0,2,0,0,0,0,0,0,0,2,1,8,2 malware/ransomware alert(s); 2 identity review concern(s),0,0,0,6,0,0,0,0,0,0,0,2,Medium,Chakrika Mittal,Sales,Active
EMP12100,2,0,1,2,0,1,1,0,0,0,0,0,0,0,1,8,1 malware/ransomware alert(s); 1 PowerShell alert(s),0,3,0,3,2,0,0,0,0,0,0,0,Medium,Abdul Narain,Rd,Active
EMP12236,2,0,1,1,0,1,0,0,1,0,0,0,0,0,1,8,1 malware/ransomware alert(s); 1 credential-access alert(s),0,3,0,3,0,0,2,0,0,0,0,0,Medium,Faris Garde,Business Sales,Active
EMP12285,2,0,1,0,0,1,0,1,0,0,0,0,0,0,1,8,1 malware/ransomware alert(s); 1 lateral-movement alert(s),0,3,0,3,0,2,0,0,0,0,0,0,Medium,Fariq Koshy,Finance,Active
EMP12315,2,0,2,2,0,0,0,0,1,0,0,0,0,0,1,8,1 credential-access alert(s),0,6,0,0,0,0,2,0,0,0,0,0,Medium,Laksh Sama,Sales,Active
EMP12427,2,0,1,2,0,1,0,0,0,0,1,0,0,1,1,8,1 malware/ransomware alert(s); 1 identity review concern(s),0,3,0,3,0,0,0,0,1,0,0,1,Medium,Oviya Mannan,Sales Dept,Active
EMP12480,2,0,1,2,0,1,0,0,0,0,0,0,0,2,1,8,1 malware/ransomware alert(s); 2 identity review concern(s),0,3,0,3,0,0,0,0,0,0,0,2,Medium,Harita Dutta,It Support,Active
EMP12544,2,0,0,1,0,1,0,0,1,0,0,1,0,2,1,8,1 malware/ransomware alert(s); 1 credential-access alert(s); 2 identity review concern(s),0,0,0,3,0,0,2,0,0,1,0,2,Medium,Jason Memon,Finance,Active
EMP12633,2,0,1,2,0,1,1,0,0,0,0,0,0,0,1,8,1 malware/ransomware alert(s); 1 PowerShell alert(s),0,3,0,3,2,0,0,0,0,0,0,0,Medium,Aishani Sem,Legal,Active
EMP12654,2,0,1,1,0,0,1,1,0,0,0,0,0,1,1,8,1 PowerShell alert(s); 1 lateral-movement alert(s); 1 identity review concern(s),0,3,0,0,2,2,0,0,0,0,0,1,Medium,Charvi Tella,Hr Dept,Active
EMP12656,2,0,1,2,0,1,0,0,1,0,0,0,0,0,1,8,1 malware/ransomware alert(s); 1 credential-access alert(s),0,3,0,3,0,0,2,0,0,0,0,0,Medium,Amaira Nath,Purchase,Active
EMP12688,2,0,1,1,0,1,0,0,0,0,0,0,0,2,1,8,1 malware/ransomware alert(s); 2 identity review concern(s),0,3,0,3,0,0,0,0,0,0,0,2,Medium,Jackson Parmer,Finance,Active
EMP12700,2,0,1,1,0,0,0,1,1,0,0,0,0,1,1,8,1 lateral-movement alert(s); 1 credential-access alert(s); 1 identity review concern(s),0,3,0,0,0,2,2,0,0,0,0,1,Medium,Zilmil Sur,Finance,Active
EMP12800,2,0,1,0,0,0,2,0,0,0,0,0,0,1,1,8,2 PowerShell alert(s); 1 identity review concern(s),0,3,0,0,4,0,0,0,0,0,0,1,Medium,Pooja Sani,Support,Active
EMP12818,2,0,1,0,0,1,0,1,0,0,0,0,0,0,1,8,1 malware/ransomware alert(s); 1 lateral-movement alert(s),0,3,0,3,0,2,0,0,0,0,0,0,Medium,Henry Nori,Sales Team,Active
EMP12899,2,0,1,2,0,0,0,1,1,0,0,0,0,1,1,8,1 lateral-movement alert(s); 1 credential-access alert(s); 1 identity review concern(s),0,3,0,0,0,2,2,0,0,0,0,1,Medium,Nidhi Dayal,Legal Dept,Active
EMP10030,1,1,0,1,1,0,0,0,0,0,0,0,0,0,1,8,1 critical alert(s); 1 unresolved critical alert(s),5,0,3,0,0,0,0,0,0,0,0,0,Medium,Karan Hari,Purch,Active
EMP10131,1,1,0,0,0,1,0,0,0,0,0,0,0,0,1,8,1 critical alert(s); 1 malware/ransomware alert(s),5,0,0,3,0,0,0,0,0,0,0,0,Medium,Arya Ratta,Sales,Active
EMP10401,1,1,0,0,0,1,0,0,0,0,0,0,0,0,1,8,1 critical alert(s); 1 malware/ransomware alert(s),5,0,0,3,0,0,0,0,0,0,0,0,Medium,Bhavna Sandal,Sales Dept,Active
EMP10599,1,0,1,1,0,0,0,1,0,0,0,0,1,0,1,8,1 lateral-movement alert(s); 1 inactive-user event(s),0,3,0,0,0,2,0,0,0,0,3,0,Medium,Anmol Sawhney,Rd,Disabled
EMP10877,1,0,1,0,0,0,0,0,1,0,0,0,1,0,1,8,1 credential-access alert(s); 1 inactive-user event(s),0,3,0,0,0,0,2,0,0,0,3,0,Medium,Amara Sawhney,Hr Dept,Disabled
EMP10984,1,0,1,0,0,0,0,1,0,0,0,0,1,0,1,8,1 lateral-movement alert(s); 1 inactive-user event(s),0,3,0,0,0,2,0,0,0,0,3,0,Medium,Gaurav Borde,Operations Dept,Disabled
EMP11121,1,1,0,0,0,0,0,0,0,0,0,0,1,0,1,8,1 critical alert(s); 1 inactive-user event(s),5,0,0,0,0,0,0,0,0,0,3,0,Medium,Divya Narain,Compliance,Disabled
EMP11156,1,1,0,1,1,0,0,0,0,0,0,0,0,0,1,8,1 critical alert(s); 1 unresolved critical alert(s),5,0,3,0,0,0,0,0,0,0,0,0,Medium,Ria Srivastava,Purch,Active
EMP12351,1,1,0,0,0,1,0,0,0,0,0,0,0,0,1,8,1 critical alert(s); 1 malware/ransomware alert(s),5,0,0,3,0,0,0,0,0,0,0,0,Medium,Zansi Batta,Hr Dept,Active
EMP12460,1,0,1,1,0,0,0,0,1,0,0,0,1,0,1,8,1 credential-access alert(s); 1 inactive-user event(s),0,3,0,0,0,0,2,0,0,0,3,0,Medium,Reyansh Chana,It,Disabled
EMP12493,1,1,0,1,1,0,0,0,0,0,0,0,0,0,1,8,1 critical alert(s); 1 unresolved critical alert(s),5,0,3,0,0,0,0,0,0,0,0,0,Medium,Ojasvi Vohra,Information Tech,Active
EMP10116,5,0,0,3,0,1,0,1,0,0,1,0,0,1,1,7,1 malware/ransomware alert(s); 1 lateral-movement alert(s); 1 identity review concern(s),0,0,0,3,0,2,0,0,1,0,0,1,Medium,Wahab Bir,Marketing,Active
EMP10165,4,0,0,3,0,1,1,1,0,0,0,0,0,0,1,7,1 malware/ransomware alert(s); 1 PowerShell alert(s); 1 lateral-movement alert(s),0,0,0,3,2,2,0,0,0,0,0,0,Medium,Leela Sankaran,Procurement Team,Active
EMP10374,4,0,1,2,0,0,1,0,0,0,2,0,0,0,1,7,1 PowerShell alert(s),0,3,0,0,2,0,0,0,2,0,0,0,Medium,Hemani Venkataraman,Legal Dept,Active
EMP10410,4,0,0,3,0,1,0,1,1,0,0,0,0,0,1,7,1 malware/ransomware alert(s); 1 lateral-movement alert(s); 1 credential-access alert(s),0,0,0,3,0,2,2,0,0,0,0,0,Medium,Onveer Om,Supply Chain,Active
EMP10536,4,0,1,4,0,0,0,0,1,0,2,0,0,0,1,7,1 credential-access alert(s),0,3,0,0,0,0,2,0,2,0,0,0,Medium,Leela Ganesh,Information Technology,Active
EMP10614,4,0,1,4,0,0,1,0,1,0,0,0,0,0,1,7,1 PowerShell alert(s); 1 credential-access alert(s),0,3,0,0,2,0,2,0,0,0,0,0,Medium,Radha Dash,Sales Dept,On Leave
EMP10684,4,0,0,3,0,0,1,0,0,0,3,0,0,2,1,7,1 PowerShell alert(s); 2 identity review concern(s),0,0,0,0,2,0,0,0,3,0,0,2,Medium,Kashish Sarin,Brand Team,Active
EMP11188,4,0,1,2,0,0,0,0,2,0,0,0,0,0,1,7,2 credential-access alert(s),0,3,0,0,0,0,4,0,0,0,0,0,Medium,Pranav Dara,Mkt,Active
EMP11236,4,0,0,2,0,0,0,1,1,0,2,0,0,1,1,7,1 lateral-movement alert(s); 1 credential-access alert(s); 1 identity review concern(s),0,0,0,0,0,2,2,0,2,0,0,1,Medium,Jagdish Chaudhry,Marketing Dept,Active
EMP11381,4,0,0,3,0,1,2,0,0,0,0,0,0,0,1,7,1 malware/ransomware alert(s); 2 PowerShell alert(s),0,0,0,3,4,0,0,0,0,0,0,0,Medium,Jairaj Acharya,Hr Dept,Active
EMP11444,4,0,0,1,0,0,2,1,0,0,0,0,0,1,1,7,2 PowerShell alert(s); 1 lateral-movement alert(s); 1 identity review concern(s),0,0,0,0,4,2,0,0,0,0,0,1,Medium,Nitesh Dugar,Hr,Active
EMP11511,4,0,0,2,0,1,1,1,0,0,0,0,0,0,1,7,1 malware/ransomware alert(s); 1 PowerShell alert(s); 1 lateral-movement alert(s),0,0,0,3,2,2,0,0,0,0,0,0,Medium,Sudiksha Raman,R&D,Active
EMP11709,4,0,0,2,0,1,1,1,0,0,0,0,0,0,1,7,1 malware/ransomware alert(s); 1 PowerShell alert(s); 1 lateral-movement alert(s),0,0,0,3,2,2,0,0,0,0,0,0,Medium,Bhavna Patel,Information Tech,Active
EMP12005,4,0,0,2,0,1,2,0,0,0,0,0,0,0,1,7,1 malware/ransomware alert(s); 2 PowerShell alert(s),0,0,0,3,4,0,0,0,0,0,0,0,Medium,Xavier Date,Sales Dept,Active
EMP12373,4,0,1,2,0,0,0,1,0,0,1,0,0,1,1,7,1 lateral-movement alert(s); 1 identity review concern(s),0,3,0,0,0,2,0,0,1,0,0,1,Medium,Mitali Goel,Operations,Active
EMP12392,4,0,0,3,0,2,0,0,0,0,1,0,0,0,1,7,2 malware/ransomware alert(s),0,0,0,6,0,0,0,0,1,0,0,0,Medium,Jagvi Baral,Sales Team,Active
EMP12439,4,0,1,3,0,0,0,0,1,0,1,0,0,1,1,7,1 credential-access alert(s); 1 identity review concern(s),0,3,0,0,0,0,2,0,1,0,0,1,Medium,Zinal Agarwal,Legal Dept,Active
EMP12521,4,0,0,2,0,2,0,0,0,0,1,0,0,0,1,7,2 malware/ransomware alert(s),0,0,0,6,0,0,0,0,1,0,0,0,Medium,Jackson Sarma,Brand Team,Active
EMP10067,3,0,0,1,0,1,1,0,0,0,0,0,0,2,1,7,1 malware/ransomware alert(s); 1 PowerShell alert(s); 2 identity review concern(s),0,0,0,3,2,0,0,0,0,0,0,2,Medium,Wyatt Bora,People Team,Active
EMP10125,3,0,0,2,0,1,0,0,2,0,0,0,0,0,1,7,1 malware/ransomware alert(s); 2 credential-access alert(s),0,0,0,3,0,0,4,0,0,0,0,0,Medium,Bishakha Varkey,Legal,Active
EMP10208,3,0,0,2,0,1,1,0,0,0,1,1,0,0,1,7,1 malware/ransomware alert(s); 1 PowerShell alert(s),0,0,0,3,2,0,0,0,1,1,0,0,Medium,Liam Agate,Sales Dept,Active
EMP10288,3,0,0,1,0,1,0,1,1,0,0,0,0,0,1,7,1 malware/ransomware alert(s); 1 lateral-movement alert(s); 1 credential-access alert(s),0,0,0,3,0,2,2,0,0,0,0,0,Medium,Jyoti Guha,Finance Dept,Active
EMP10327,3,0,0,2,0,1,0,0,1,0,1,0,0,1,1,7,1 malware/ransomware alert(s); 1 credential-access alert(s); 1 identity review concern(s),0,0,0,3,0,0,2,0,1,0,0,1,Medium,Tanish Setty,Mkt,Active
EMP10360,3,0,0,2,0,1,0,1,0,0,1,0,0,1,1,7,1 malware/ransomware alert(s); 1 lateral-movement alert(s); 1 identity review concern(s),0,0,0,3,0,2,0,0,1,0,0,1,Medium,Nitara Bedi,Support,Active
EMP10380,3,0,0,1,0,2,0,0,0,0,1,0,0,0,1,7,2 malware/ransomware alert(s),0,0,0,6,0,0,0,0,1,0,0,0,Medium,Thomas Barad,Mktg,Active
EMP10418,3,0,0,2,0,1,0,2,0,0,0,0,0,0,1,7,1 malware/ransomware alert(s); 2 lateral-movement alert(s),0,0,0,3,0,4,0,0,0,0,0,0,Medium,Jairaj Arora,Research And Development,Active
EMP10506,3,0,0,2,0,1,0,1,0,0,1,0,0,1,1,7,1 malware/ransomware alert(s); 1 lateral-movement alert(s); 1 identity review concern(s),0,0,0,3,0,2,0,0,1,0,0,1,Medium,Ekanta Ravel,Innovation,Active
EMP10639,3,0,1,2,0,0,0,2,0,0,0,0,0,0,1,7,2 lateral-movement alert(s),0,3,0,0,0,4,0,0,0,0,0,0,Medium,Gabriel Dugal,Innovation,Active
EMP10654,3,0,1,1,0,1,0,0,0,0,1,0,0,0,1,7,1 malware/ransomware alert(s),0,3,0,3,0,0,0,0,1,0,0,0,Medium,Vamakshi Ravel,Ops,Active
EMP10734,3,0,1,0,0,0,0,0,1,0,1,0,0,1,1,7,1 credential-access alert(s); 1 identity review concern(s),0,3,0,0,0,0,2,0,1,0,0,1,Medium,Jason Sangha,Finance Dept,Active
EMP11052,3,0,1,2,0,0,1,0,0,0,0,0,0,2,1,7,1 PowerShell alert(s); 2 identity review concern(s),0,3,0,0,2,0,0,0,0,0,0,2,Medium,Lajita Dhingra,Sales Dept,Active
EMP11158,3,0,1,1,0,1,0,0,0,0,1,0,0,0,1,7,1 malware/ransomware alert(s),0,3,0,3,0,0,0,0,1,0,0,0,Medium,Ikshita Sampath,It Dept,Active
EMP11196,3,0,0,3,0,1,0,0,2,0,0,0,0,0,1,7,1 malware/ransomware alert(s); 2 credential-access alert(s),0,0,0,3,0,0,4,0,0,0,0,0,Medium,Odika Rajagopal,Ops,Active
EMP11266,3,0,1,2,0,0,1,1,0,0,0,0,0,0,1,7,1 PowerShell alert(s); 1 lateral-movement alert(s),0,3,0,0,2,2,0,0,0,0,0,0,Medium,Barkha Sahota,Brand Team,Active
EMP11378,3,0,0,2,0,1,0,2,0,0,0,0,0,0,1,7,1 malware/ransomware alert(s); 2 lateral-movement alert(s),0,0,0,3,0,4,0,0,0,0,0,0,Medium,Chasmum Sachdeva,Compliance,Active
EMP11495,3,0,0,3,0,1,1,0,1,0,0,0,0,0,1,7,1 malware/ransomware alert(s); 1 PowerShell alert(s); 1 credential-access alert(s),0,0,0,3,2,0,2,0,0,0,0,0,Medium,Darpan Morar,Finance,Active
EMP11504,3,0,0,1,0,1,2,0,0,0,0,0,0,0,1,7,1 malware/ransomware alert(s); 2 PowerShell alert(s),0,0,0,3,4,0,0,0,0,0,0,0,Medium,Qabil Sharma,Information Tech,Active
EMP11778,3,0,0,2,0,2,0,0,0,0,1,0,0,0,1,7,2 malware/ransomware alert(s),0,0,0,6,0,0,0,0,1,0,0,0,Medium,Viraj Wadhwa,Marketing Dept,Active
EMP11863,3,0,1,2,0,0,0,0,1,0,1,0,0,1,1,7,1 credential-access alert(s); 1 identity review concern(s),0,3,0,0,0,0,2,0,1,0,0,1,Medium,Chandresh Chakrabarti,It,Active
EMP11873,3,0,0,1,0,0,0,0,2,0,1,1,0,1,1,7,2 credential-access alert(s); 1 identity review concern(s),0,0,0,0,0,0,4,0,1,1,0,1,Medium,Jasmit Badal,Business Sales,Active
EMP11880,3,0,1,2,0,0,1,0,0,0,2,0,0,0,1,7,1 PowerShell alert(s),0,3,0,0,2,0,0,0,2,0,0,0,Medium,Yashvi Din,Mkt,Active
EMP12065,3,0,1,2,0,1,0,0,0,0,0,0,0,1,1,7,1 malware/ransomware alert(s); 1 identity review concern(s),0,3,0,3,0,0,0,0,0,0,0,1,Medium,Dev Barad,Purchase,Active
EMP12079,3,0,0,1,0,1,0,1,1,0,0,0,0,0,1,7,1 malware/ransomware alert(s); 1 lateral-movement alert(s); 1 credential-access alert(s),0,0,0,3,0,2,2,0,0,0,0,0,Medium,Upasna Choudhary,Call Center,Active
EMP12238,3,0,1,2,0,0,1,0,0,0,1,1,0,0,1,7,1 PowerShell alert(s),0,3,0,0,2,0,0,0,1,1,0,0,Medium,Chatura Sahni,Ops Team,Active
EMP12456,3,0,0,0,0,2,0,0,0,0,1,0,0,0,1,7,2 malware/ransomware alert(s),0,0,0,6,0,0,0,0,1,0,0,0,Medium,Ira Shroff,Procurement,Active
EMP12534,3,0,0,3,0,1,1,1,0,0,0,0,0,0,1,7,1 malware/ransomware alert(s); 1 PowerShell alert(s); 1 lateral-movement alert(s),0,0,0,3,2,2,0,0,0,0,0,0,Medium,Anvi Soni,Hr Dept,Active
EMP12764,3,0,0,3,0,1,0,0,1,0,1,0,0,1,1,7,1 malware/ransomware alert(s); 1 credential-access alert(s); 1 identity review concern(s),0,0,0,3,0,0,2,0,1,0,0,1,Medium,Urmi Dey,Customer Support,Active
EMP12797,3,0,0,3,0,1,0,1,1,0,0,0,0,0,1,7,1 malware/ransomware alert(s); 1 lateral-movement alert(s); 1 credential-access alert(s),0,0,0,3,0,2,2,0,0,0,0,0,Medium,Idika Badal,Sales,Active
EMP12991,3,0,0,2,0,1,1,1,0,0,0,0,0,0,1,7,1 malware/ransomware alert(s); 1 PowerShell alert(s); 1 lateral-movement alert(s),0,0,0,3,2,2,0,0,0,0,0,0,Medium,Vasatika Kapoor,Mkt,On Leave
EMP10020,2,0,1,1,0,1,0,0,0,0,1,0,0,0,1,7,1 malware/ransomware alert(s),0,3,0,3,0,0,0,0,1,0,0,0,Medium,Pranit Raja,Hr,Active
EMP10059,2,0,1,2,0,0,0,0,1,0,1,0,0,1,1,7,1 credential-access alert(s); 1 identity review concern(s),0,3,0,0,0,0,2,0,1,0,0,1,Medium,Warjas Sachar,Human Resources,Active
EMP10077,2,0,1,1,0,0,0,1,1,0,0,0,0,0,1,7,1 lateral-movement alert(s); 1 credential-access alert(s),0,3,0,0,0,2,2,0,0,0,0,0,Medium,Tejas Panchal,Purch,Active
EMP10088,2,0,1,1,0,1,0,0,0,0,0,0,0,1,1,7,1 malware/ransomware alert(s); 1 identity review concern(s),0,3,0,3,0,0,0,0,0,0,0,1,Medium,Hema Yadav,Business Sales,Active
EMP10093,2,0,0,2,0,1,1,0,0,0,0,0,0,2,1,7,1 malware/ransomware alert(s); 1 PowerShell alert(s); 2 identity review concern(s),0,0,0,3,2,0,0,0,0,0,0,2,Medium,Pahal Roy,Procurement Team,Active
EMP10127,2,0,1,2,0,0,1,0,1,0,0,0,0,0,1,7,1 PowerShell alert(s); 1 credential-access alert(s),0,3,0,0,2,0,2,0,0,0,0,0,Medium,Ryan Tella,Finance Dept,Active
EMP10225,2,0,0,1,0,0,0,0,0,0,1,0,2,0,1,7,2 inactive-user event(s),0,0,0,0,0,0,0,0,1,0,6,0,Medium,Aahana Rama,Call Center,Disabled
EMP10320,2,0,1,2,0,1,0,0,0,0,1,0,0,0,1,7,1 malware/ransomware alert(s),0,3,0,3,0,0,0,0,1,0,0,0,Medium,Hredhaan Tank,Mktg,Active
EMP10366,2,0,1,1,0,0,0,1,1,0,0,0,0,0,1,7,1 lateral-movement alert(s); 1 credential-access alert(s),0,3,0,0,0,2,2,0,0,0,0,0,Medium,Zinal Saha,Human Resource,Active
EMP10386,2,0,2,0,0,0,0,0,0,0,1,0,0,0,1,7,volume/low-severity activity only,0,6,0,0,0,0,0,0,1,0,0,0,Medium,Ikshita Bains,Finance,Active
EMP10416,2,0,1,2,0,1,0,0,0,0,1,0,0,0,1,7,1 malware/ransomware alert(s),0,3,0,3,0,0,0,0,1,0,0,0,Medium,Arunima Tata,Fin,Active
EMP10629,2,0,1,1,0,1,0,0,0,0,0,1,0,0,1,7,1 malware/ransomware alert(s),0,3,0,3,0,0,0,0,0,1,0,0,Medium,Ojasvi Majumdar,Operations Dept,On Leave
EMP10632,2,0,1,1,0,0,1,0,0,0,0,0,0,2,1,7,1 PowerShell alert(s); 2 identity review concern(s),0,3,0,0,2,0,0,0,0,0,0,2,Medium,Dayita Malhotra,Brand Team,Active
EMP10663,2,0,1,1,0,0,1,0,1,0,0,0,0,0,1,7,1 PowerShell alert(s); 1 credential-access alert(s),0,3,0,0,2,0,2,0,0,0,0,0,Medium,Urmi Dixit,Sales,Active
EMP10737,2,0,1,1,0,1,0,0,0,0,1,0,0,0,1,7,1 malware/ransomware alert(s),0,3,0,3,0,0,0,0,1,0,0,0,Medium,Ayaan Mangat,Human Resource,Active
EMP10835,2,0,1,1,0,0,0,1,0,0,0,0,0,2,1,7,1 lateral-movement alert(s); 2 identity review concern(s),0,3,0,0,0,2,0,0,0,0,0,2,Medium,Samesh Amble,Legal,Active
EMP10842,2,0,0,2,0,1,0,1,0,0,0,0,0,2,1,7,1 malware/ransomware alert(s); 1 lateral-movement alert(s); 2 identity review concern(s),0,0,0,3,0,2,0,0,0,0,0,2,Medium,,,
EMP10900,2,0,0,1,0,1,1,0,0,0,0,0,0,2,1,7,1 malware/ransomware alert(s); 1 PowerShell alert(s); 2 identity review concern(s),0,0,0,3,2,0,0,0,0,0,0,2,Medium,,,
EMP11010,2,0,1,0,0,0,1,1,0,0,0,0,0,0,1,7,1 PowerShell alert(s); 1 lateral-movement alert(s),0,3,0,0,2,2,0,0,0,0,0,0,Medium,Kiaan Issac,Mktg,Active
EMP11027,2,0,1,1,0,0,0,0,2,0,0,0,0,0,1,7,2 credential-access alert(s),0,3,0,0,0,0,4,0,0,0,0,0,Medium,Abha Manda,Information Tech,Active
EMP11030,2,0,0,1,0,1,0,1,0,0,0,0,0,2,1,7,1 malware/ransomware alert(s); 1 lateral-movement alert(s); 2 identity review concern(s),0,0,0,3,0,2,0,0,0,0,0,2,Medium,Saanvi Srinivasan,Customer Support,Active
EMP11038,2,0,1,1,0,1,0,0,0,0,1,0,0,0,1,7,1 malware/ransomware alert(s),0,3,0,3,0,0,0,0,1,0,0,0,Medium,Samaksh Acharya,Business Sales,Active
EMP11084,2,0,0,2,0,2,0,0,0,0,0,1,0,0,1,7,2 malware/ransomware alert(s),0,0,0,6,0,0,0,0,0,1,0,0,Medium,Yadavi Pandit,Innovation,Active
EMP11098,2,0,0,1,0,1,1,0,0,0,0,0,0,2,1,7,1 malware/ransomware alert(s); 1 PowerShell alert(s); 2 identity review concern(s),0,0,0,3,2,0,0,0,0,0,0,2,Medium,Rajeshri Uppal,Hr Dept,
EMP11126,2,0,1,2,0,0,0,2,0,0,0,0,0,0,1,7,2 lateral-movement alert(s),0,3,0,0,0,4,0,0,0,0,0,0,Medium,Liam Murthy,Finance,Active
EMP11205,2,0,0,1,0,2,0,0,0,0,0,0,0,1,1,7,2 malware/ransomware alert(s); 1 identity review concern(s),0,0,0,6,0,0,0,0,0,0,0,1,Medium,Mitali Tandon,R&D,On Leave
EMP11206,2,0,0,2,0,1,0,0,1,0,0,0,0,2,1,7,1 malware/ransomware alert(s); 1 credential-access alert(s); 2 identity review concern(s),0,0,0,3,0,0,2,0,0,0,0,2,Medium,Guneet Lalla,Legal,Active
EMP11311,2,0,0,1,0,1,0,1,0,0,0,0,0,2,1,7,1 malware/ransomware alert(s); 1 lateral-movement alert(s); 2 identity review concern(s),0,0,0,3,0,2,0,0,0,0,0,2,Medium,Balvan Jani,Sales Dept,Active
EMP11358,2,0,1,2,0,0,1,0,1,0,0,0,0,0,1,7,1 PowerShell alert(s); 1 credential-access alert(s),0,3,0,0,2,0,2,0,0,0,0,0,Medium,Lavanya Pillai,It,Active
EMP11408,2,0,1,1,0,1,0,0,0,0,1,0,0,0,1,7,1 malware/ransomware alert(s),0,3,0,3,0,0,0,0,1,0,0,0,Medium,Balendra Dixit,It,Active
EMP11428,2,0,2,0,0,0,0,0,0,0,0,0,0,1,1,7,1 identity review concern(s),0,6,0,0,0,0,0,0,0,0,0,1,Medium,Vidhi Gulati,Compliance,Active
EMP11429,2,0,0,0,0,2,0,0,0,0,0,0,0,1,1,7,2 malware/ransomware alert(s); 1 identity review concern(s),0,0,0,6,0,0,0,0,0,0,0,1,Medium,Peter Agarwal,Marketing,Active
EMP11463,2,0,0,0,0,2,0,0,0,0,0,1,0,0,1,7,2 malware/ransomware alert(s),0,0,0,6,0,0,0,0,0,1,0,0,Medium,Widisha Hari,It Support,Active
EMP11506,2,0,1,2,0,0,0,0,2,0,0,0,0,0,1,7,2 credential-access alert(s),0,3,0,0,0,0,4,0,0,0,0,0,Medium,Charvi Bera,Customer Care,Active
EMP11512,2,0,1,1,0,0,0,0,0,0,2,1,0,1,1,7,1 identity review concern(s),0,3,0,0,0,0,0,0,2,1,0,1,Medium,Samesh Sangha,Information Technology,Active
EMP11546,2,0,1,2,0,0,1,1,0,0,0,0,0,0,1,7,1 PowerShell alert(s); 1 lateral-movement alert(s),0,3,0,0,2,2,0,0,0,0,0,0,Medium,Aachal Chand,Innovation,Active
EMP11594,2,0,1,2,0,0,1,1,0,0,0,0,0,0,1,7,1 PowerShell alert(s); 1 lateral-movement alert(s),0,3,0,0,2,2,0,0,0,0,0,0,Medium,Vrinda Ganesan,Customer Support,Active
EMP11596,2,0,1,1,0,1,0,0,0,0,0,0,0,1,1,7,1 malware/ransomware alert(s); 1 identity review concern(s),0,3,0,3,0,0,0,0,0,0,0,1,Medium,Avi Kant,Legal,Active
EMP11616,2,0,0,0,0,1,0,0,0,0,1,1,0,2,1,7,1 malware/ransomware alert(s); 2 identity review concern(s),0,0,0,3,0,0,0,0,1,1,0,2,Medium,Arunima Sampath,Operations,Active
EMP11653,2,0,1,0,0,0,0,0,1,0,1,0,0,1,1,7,1 credential-access alert(s); 1 identity review concern(s),0,3,0,0,0,0,2,0,1,0,0,1,Medium,Balhaar Bhakta,Procurement Team,Active
EMP11696,2,0,1,2,0,1,0,0,0,0,1,0,0,0,1,7,1 malware/ransomware alert(s),0,3,0,3,0,0,0,0,1,0,0,0,Medium,Amrita Saran,Sales Team,Active
EMP11697,2,0,1,1,0,0,0,2,0,0,0,0,0,0,1,7,2 lateral-movement alert(s),0,3,0,0,0,4,0,0,0,0,0,0,Medium,Gautami Batra,Sales Team,On Leave
EMP11762,2,0,1,2,0,1,0,0,0,0,1,0,0,0,1,7,1 malware/ransomware alert(s),0,3,0,3,0,0,0,0,1,0,0,0,Medium,Bhavya Khanna,Hr Dept,Active
EMP11821,2,0,1,2,0,1,0,0,0,0,1,0,0,0,1,7,1 malware/ransomware alert(s),0,3,0,3,0,0,0,0,1,0,0,0,Medium,Caleb Murty,Mkt,Active
EMP11901,2,0,1,0,0,0,1,0,1,0,0,0,0,0,1,7,1 PowerShell alert(s); 1 credential-access alert(s),0,3,0,0,2,0,2,0,0,0,0,0,Medium,Radha Acharya,Rd,Active
EMP11963,2,0,1,1,0,0,2,0,0,0,0,0,0,0,1,7,2 PowerShell alert(s),0,3,0,0,4,0,0,0,0,0,0,0,Medium,Sanya Ram,Sales,Active
EMP12037,2,0,1,2,0,1,0,0,0,0,1,0,0,0,1,7,1 malware/ransomware alert(s),0,3,0,3,0,0,0,0,1,0,0,0,Medium,Aayush Sha,Rnd,On Leave
EMP12045,2,1,0,1,0,0,0,0,0,0,1,0,0,1,1,7,1 critical alert(s); 1 identity review concern(s),5,0,0,0,0,0,0,0,1,0,0,1,Medium,Girik Gaba,Innovation,Active
EMP12107,2,0,0,2,0,1,0,0,1,0,0,0,0,2,1,7,1 malware/ransomware alert(s); 1 credential-access alert(s); 2 identity review concern(s),0,0,0,3,0,0,2,0,0,0,0,2,Medium,Dalbir Kale,Hr,Active
EMP12129,2,0,1,0,0,1,0,0,0,0,0,0,0,1,1,7,1 malware/ransomware alert(s); 1 identity review concern(s),0,3,0,3,0,0,0,0,0,0,0,1,Medium,Praneel Raju,Marketing Dept,Active
EMP12259,2,0,0,2,0,2,0,0,0,0,0,0,0,1,1,7,2 malware/ransomware alert(s); 1 identity review concern(s),0,0,0,6,0,0,0,0,0,0,0,1,Medium,Yashasvi Mammen,Procurement,Active
EMP12260,2,0,1,1,0,1,0,0,0,0,1,0,0,0,1,7,1 malware/ransomware alert(s),0,3,0,3,0,0,0,0,1,0,0,0,Medium,Patrick Salvi,Rnd,
EMP12371,2,0,1,1,0,1,0,0,0,0,1,0,0,0,1,7,1 malware/ransomware alert(s),0,3,0,3,0,0,0,0,1,0,0,0,Medium,Keya Basak,Customer Care,Active
EMP12413,2,0,0,1,0,1,1,0,0,0,0,0,0,2,1,7,1 malware/ransomware alert(s); 1 PowerShell alert(s); 2 identity review concern(s),0,0,0,3,2,0,0,0,0,0,0,2,Medium,Lopa Dhawan,Marketing Dept,Active
EMP12421,2,0,0,2,0,1,0,1,0,0,0,0,0,2,1,7,1 malware/ransomware alert(s); 1 lateral-movement alert(s); 2 identity review concern(s),0,0,0,3,0,2,0,0,0,0,0,2,Medium,Manan Savant,Finance,Active
EMP12436,2,0,1,1,0,0,1,0,1,0,0,0,0,0,1,7,1 PowerShell alert(s); 1 credential-access alert(s),0,3,0,0,2,0,2,0,0,0,0,0,Medium,Om Bawa,Information Tech,Active
EMP12472,2,0,1,2,0,1,0,0,0,0,1,0,0,0,1,7,1 malware/ransomware alert(s),0,3,0,3,0,0,0,0,1,0,0,0,Medium,Qadim Lalla,Customer Support,Active
EMP12622,2,0,0,1,0,1,1,0,0,0,0,0,0,2,1,7,1 malware/ransomware alert(s); 1 PowerShell alert(s); 2 identity review concern(s),0,0,0,3,2,0,0,0,0,0,0,2,Medium,Bimala Kuruvilla,Sales Dept,Active
EMP12776,2,0,0,2,0,1,0,0,1,0,0,0,0,2,1,7,1 malware/ransomware alert(s); 1 credential-access alert(s); 2 identity review concern(s),0,0,0,3,0,0,2,0,0,0,0,2,Medium,,,
EMP12782,2,0,1,0,0,0,0,1,1,0,0,0,0,0,1,7,1 lateral-movement alert(s); 1 credential-access alert(s),0,3,0,0,0,2,2,0,0,0,0,0,Medium,Harsh Patla,Purch,Active
EMP12793,2,0,1,2,0,0,1,0,1,0,0,0,0,0,1,7,1 PowerShell alert(s); 1 credential-access alert(s),0,3,0,0,2,0,2,0,0,0,0,0,Medium,Raksha Dugal,Purch,Active
EMP12902,2,0,1,2,0,1,0,0,0,0,0,0,0,1,1,7,1 malware/ransomware alert(s); 1 identity review concern(s),0,3,0,3,0,0,0,0,0,0,0,1,Medium,Kalpit Salvi,R&D,Active
EMP12969,2,0,0,2,0,1,0,1,0,0,0,0,0,2,1,7,1 malware/ransomware alert(s); 1 lateral-movement alert(s); 2 identity review concern(s),0,0,0,3,0,2,0,0,0,0,0,2,Medium,Ekanta Deshmukh,Mktg,Active
EMP12980,2,0,1,2,0,1,0,0,0,0,1,0,0,0,1,7,1 malware/ransomware alert(s),0,3,0,3,0,0,0,0,1,0,0,0,Medium,Girik Pingle,Innovation,Active
EMP12987,2,0,1,1,0,0,1,0,1,0,0,0,0,0,1,7,1 PowerShell alert(s); 1 credential-access alert(s),0,3,0,0,2,0,2,0,0,0,0,0,Medium,Owen Vala,It,Active
EMP12995,2,0,1,2,0,0,0,1,0,0,0,2,0,0,1,7,1 lateral-movement alert(s),0,3,0,0,0,2,0,0,0,2,0,0,Medium,Harrison Mangal,Procurement Team,Active
EMP10128,1,0,1,0,0,1,0,0,0,0,0,1,0,0,1,7,1 malware/ransomware alert(s),0,3,0,3,0,0,0,0,0,1,0,0,Medium,Adweta Bhagat,Research And Development,On Leave
EMP10152,1,0,1,1,0,1,0,0,0,0,0,0,0,1,1,7,1 malware/ransomware alert(s); 1 identity review concern(s),0,3,0,3,0,0,0,0,0,0,0,1,Medium,,,
EMP10373,1,0,0,0,0,1,0,0,0,0,0,0,1,1,1,7,1 malware/ransomware alert(s); 1 inactive-user event(s); 1 identity review concern(s),0,0,0,3,0,0,0,0,0,0,3,1,Medium,Teerth Sandal,People Team,Inactive
EMP10442,1,1,0,0,0,0,0,1,0,0,0,0,0,0,1,7,1 critical alert(s); 1 lateral-movement alert(s),5,0,0,0,0,2,0,0,0,0,0,0,Medium,Darpan Kapur,It Support,Active
EMP10496,1,1,0,0,0,0,0,1,0,0,0,0,0,0,1,7,1 critical alert(s); 1 lateral-movement alert(s),5,0,0,0,0,2,0,0,0,0,0,0,Medium,Ati Chaudhary,Mkt,Active
EMP10941,1,0,1,0,0,1,0,0,0,0,0,0,0,1,1,7,1 malware/ransomware alert(s); 1 identity review concern(s),0,3,0,3,0,0,0,0,0,0,0,1,Medium,Tanveer Murty,Customer Care,Active
EMP11136,1,0,1,1,0,1,0,0,0,0,0,0,0,1,1,7,1 malware/ransomware alert(s); 1 identity review concern(s),0,3,0,3,0,0,0,0,0,0,0,1,Medium,Chaman Ravi,Operations,Active
EMP11193,1,1,0,0,0,0,0,1,0,0,0,0,0,0,1,7,1 critical alert(s); 1 lateral-movement alert(s),5,0,0,0,0,2,0,0,0,0,0,0,Medium,Nikita Rao,Human Resource,Active
EMP11228,1,0,1,0,0,1,0,0,0,0,0,0,0,1,1,7,1 malware/ransomware alert(s); 1 identity review concern(s),0,3,0,3,0,0,0,0,0,0,0,1,Medium,Tanmayi Dhar,People Team,Active
EMP11987,1,0,1,1,0,0,0,0,0,0,1,0,1,0,1,7,1 inactive-user event(s),0,3,0,0,0,0,0,0,1,0,3,0,Medium,Madhav Samra,Support,Inactive
EMP12026,1,1,0,0,0,0,0,0,1,0,0,0,0,0,1,7,1 critical alert(s); 1 credential-access alert(s),5,0,0,0,0,0,2,0,0,0,0,0,Medium,Bhavna Patla,Rd,Active
EMP12305,1,1,0,0,0,0,0,1,0,0,0,0,0,0,1,7,1 critical alert(s); 1 lateral-movement alert(s),5,0,0,0,0,2,0,0,0,0,0,0,Medium,Viraj Chandran,Customer Care,
EMP12412,1,0,1,0,0,1,0,0,0,0,0,0,0,1,1,7,1 malware/ransomware alert(s); 1 identity review concern(s),0,3,0,3,0,0,0,0,0,0,0,1,Medium,William Swamy,Finance,Active
EMP12528,1,0,1,1,0,1,0,0,0,0,0,0,0,1,1,7,1 malware/ransomware alert(s); 1 identity review concern(s),0,3,0,3,0,0,0,0,0,0,0,1,Medium,Qabil Bose,R&D,On Leave
EMP12573,1,1,0,0,0,0,0,0,1,0,0,0,0,0,1,7,1 critical alert(s); 1 credential-access alert(s),5,0,0,0,0,0,2,0,0,0,0,0,Medium,Udant Mukherjee,It,Active
EMP12755,1,0,1,1,0,1,0,0,0,0,0,0,0,1,1,7,1 malware/ransomware alert(s); 1 identity review concern(s),0,3,0,3,0,0,0,0,0,0,0,1,Medium,Wriddhish Barad,It Support,Active
EMP12681,5,0,0,5,0,2,0,0,0,0,0,0,0,0,1,6,2 malware/ransomware alert(s),0,0,0,6,0,0,0,0,0,0,0,0,Medium,Abha Borah,Purchase,Active
EMP10324,4,0,0,0,0,0,2,0,1,0,0,0,0,0,1,6,2 PowerShell alert(s); 1 credential-access alert(s),0,0,0,0,4,0,2,0,0,0,0,0,Medium,Hemal Menon,Sales,Active
EMP10832,4,0,1,2,0,0,0,0,0,0,2,0,0,1,1,6,1 identity review concern(s),0,3,0,0,0,0,0,0,2,0,0,1,Medium,Irya Memon,Cs,Active
EMP11935,4,0,0,3,0,1,0,1,0,0,1,0,0,0,1,6,1 malware/ransomware alert(s); 1 lateral-movement alert(s),0,0,0,3,0,2,0,0,1,0,0,0,Medium,Pooja Sinha,Finance Dept,Active
EMP12002,4,0,0,4,0,1,1,0,0,0,0,0,0,1,1,6,1 malware/ransomware alert(s); 1 PowerShell alert(s); 1 identity review concern(s),0,0,0,3,2,0,0,0,0,0,0,1,Medium,Ria Jain,Information Technology,Active
EMP12086,4,0,0,3,0,0,0,1,1,0,2,0,0,0,1,6,1 lateral-movement alert(s); 1 credential-access alert(s),0,0,0,0,0,2,2,0,2,0,0,0,Medium,Vincent Dube,Research And Development,Active
EMP12561,4,0,1,2,0,0,0,1,0,0,1,0,0,0,1,6,1 lateral-movement alert(s),0,3,0,0,0,2,0,0,1,0,0,0,Medium,Oviya Pradhan,Human Resource,Active
EMP12598,4,0,0,3,0,0,0,0,2,0,1,0,0,1,1,6,2 credential-access alert(s); 1 identity review concern(s),0,0,0,0,0,0,4,0,1,0,0,1,Medium,Teerth Naidu,It Support,Active
EMP12842,4,0,0,3,0,0,0,2,0,0,1,0,0,1,1,6,2 lateral-movement alert(s); 1 identity review concern(s),0,0,0,0,0,4,0,0,1,0,0,1,Medium,Isaac Raj,Finance Dept,Active
EMP12865,4,0,0,0,0,1,0,0,0,0,2,1,0,0,1,6,1 malware/ransomware alert(s),0,0,0,3,0,0,0,0,2,1,0,0,Medium,Frederick Sama,Innovation,Active
EMP10150,3,0,0,3,0,2,0,0,0,0,0,0,0,0,1,6,2 malware/ransomware alert(s),0,0,0,6,0,0,0,0,0,0,0,0,Medium,Matthew Chatterjee,Marketing Dept,Active
EMP10157,3,0,0,2,0,1,0,0,0,0,2,0,0,1,1,6,1 malware/ransomware alert(s); 1 identity review concern(s),0,0,0,3,0,0,0,0,2,0,0,1,Medium,Raghav Dutt,Human Resource,Active
EMP10168,3,0,0,3,0,1,0,0,1,0,0,0,0,1,1,6,1 malware/ransomware alert(s); 1 credential-access alert(s); 1 identity review concern(s),0,0,0,3,0,0,2,0,0,0,0,1,Medium,Kamala Chakrabarti,Customer Support,Active
EMP10174,3,0,0,2,0,0,1,2,0,0,0,0,0,0,1,6,1 PowerShell alert(s); 2 lateral-movement alert(s),0,0,0,0,2,4,0,0,0,0,0,0,Medium,Ridhi Iyer,Ops,Active
EMP10197,3,0,0,2,0,1,0,0,1,0,1,0,0,0,1,6,1 malware/ransomware alert(s); 1 credential-access alert(s),0,0,0,3,0,0,2,0,1,0,0,0,Medium,Fitan Om,Cs,Active
EMP10276,3,0,0,2,0,1,0,1,0,0,1,0,0,0,1,6,1 malware/ransomware alert(s); 1 lateral-movement alert(s),0,0,0,3,0,2,0,0,1,0,0,0,Medium,Manthan Bansal,Purchase,Active
EMP10352,3,0,0,1,0,1,1,0,0,0,1,0,0,0,1,6,1 malware/ransomware alert(s); 1 PowerShell alert(s),0,0,0,3,2,0,0,0,1,0,0,0,Medium,Anya Bahl,Information Tech,Active
EMP10407,3,0,0,1,0,1,0,0,1,0,0,0,0,1,1,6,1 malware/ransomware alert(s); 1 credential-access alert(s); 1 identity review concern(s),0,0,0,3,0,0,2,0,0,0,0,1,Medium,Abha Agrawal,Human Resource,Active
EMP10411,3,0,0,1,0,2,0,0,0,0,0,0,0,0,1,6,2 malware/ransomware alert(s),0,0,0,6,0,0,0,0,0,0,0,0,Medium,Shivani Pillay,Legal Dept,Active
EMP10690,3,0,1,1,0,0,1,0,0,0,1,0,0,0,1,6,1 PowerShell alert(s),0,3,0,0,2,0,0,0,1,0,0,0,Medium,Umang Sahni,Operations,Active
EMP10749,3,0,0,2,0,0,0,3,0,0,0,0,0,0,1,6,3 lateral-movement alert(s),0,0,0,0,0,6,0,0,0,0,0,0,Medium,Madhav Khosla,Innovation,Active
EMP10751,3,1,0,2,0,0,0,0,0,0,1,0,0,0,1,6,1 critical alert(s),5,0,0,0,0,0,0,0,1,0,0,0,Medium,Robert Cherian,Rnd,Active
EMP10770,3,0,1,1,0,0,1,0,0,0,1,0,0,0,1,6,1 PowerShell alert(s),0,3,0,0,2,0,0,0,1,0,0,0,Medium,Ryan Goel,Support,Active
EMP10790,3,0,0,1,0,1,0,0,0,0,0,0,0,3,1,6,1 malware/ransomware alert(s); 3 identity review concern(s),0,0,0,3,0,0,0,0,0,0,0,3,Medium,Janani Barad,Accounts,Active
EMP10797,3,0,1,2,0,1,0,0,0,0,0,0,0,0,1,6,1 malware/ransomware alert(s),0,3,0,3,0,0,0,0,0,0,0,0,Medium,Harita Koshy,Purchase,Active
EMP10873,3,0,0,3,0,0,1,1,1,0,0,0,0,0,1,6,1 PowerShell alert(s); 1 lateral-movement alert(s); 1 credential-access alert(s),0,0,0,0,2,2,2,0,0,0,0,0,Medium,Jack Kamdar,Rd,Active
EMP10902,3,0,1,2,0,0,0,1,0,0,1,0,0,0,1,6,1 lateral-movement alert(s),0,3,0,0,0,2,0,0,1,0,0,0,Medium,Meghana Wali,Information Tech,Active
EMP10921,3,0,0,3,0,0,1,0,1,0,1,0,0,1,1,6,1 PowerShell alert(s); 1 credential-access alert(s); 1 identity review concern(s),0,0,0,0,2,0,2,0,1,0,0,1,Medium,Arunima Dhingra,Support,Active
EMP10966,3,0,0,0,0,1,0,0,1,0,1,0,0,0,1,6,1 malware/ransomware alert(s); 1 credential-access alert(s),0,0,0,3,0,0,2,0,1,0,0,0,Medium,Abhimanyu Dhar,Legal,Active
EMP11083,3,0,0,2,0,1,0,0,0,0,2,0,0,1,1,6,1 malware/ransomware alert(s); 1 identity review concern(s),0,0,0,3,0,0,0,0,2,0,0,1,Medium,Dipta Muni,Rd,On Leave
EMP11107,3,0,0,2,0,0,2,1,0,0,0,0,0,0,1,6,2 PowerShell alert(s); 1 lateral-movement alert(s),0,0,0,0,4,2,0,0,0,0,0,0,Medium,Warhi Grewal,Business Sales,On Leave
EMP11221,3,0,1,3,0,0,1,0,0,0,1,0,0,0,1,6,1 PowerShell alert(s),0,3,0,0,2,0,0,0,1,0,0,0,Medium,Qabil Lanka,Legal,Active
EMP11303,3,0,2,1,0,0,0,0,0,0,0,0,0,0,1,6,volume/low-severity activity only,0,6,0,0,0,0,0,0,0,0,0,0,Medium,Vaishnavi Khanna,Brand Team,Active
EMP11312,3,0,0,0,0,2,0,0,0,0,0,0,0,0,1,6,2 malware/ransomware alert(s),0,0,0,6,0,0,0,0,0,0,0,0,Medium,Lekha Raman,Ops,Active
EMP11417,3,0,0,2,0,1,0,1,0,0,1,0,0,0,1,6,1 malware/ransomware alert(s); 1 lateral-movement alert(s),0,0,0,3,0,2,0,0,1,0,0,0,Medium,Faris Agarwal,R&D,Active
EMP11445,3,0,0,2,0,1,1,0,0,0,1,0,0,0,1,6,1 malware/ransomware alert(s); 1 PowerShell alert(s),0,0,0,3,2,0,0,0,1,0,0,0,Medium,Urvashi Dugar,Procurement Team,Active
EMP11464,3,0,1,3,0,0,0,0,1,0,1,0,0,0,1,6,1 credential-access alert(s),0,3,0,0,0,0,2,0,1,0,0,0,Medium,Lekha Luthra,Research And Development,Active
EMP11794,3,0,0,2,0,1,1,0,0,0,1,0,0,0,1,6,1 malware/ransomware alert(s); 1 PowerShell alert(s),0,0,0,3,2,0,0,0,1,0,0,0,Medium,Chatura Gopal,Procurement Team,Active
EMP11795,3,0,0,3,0,0,0,0,3,0,0,0,0,0,1,6,3 credential-access alert(s),0,0,0,0,0,0,6,0,0,0,0,0,Medium,Agastya Kala,Ops,Active
EMP11804,3,0,0,3,0,0,1,1,0,0,1,0,0,1,1,6,1 PowerShell alert(s); 1 lateral-movement alert(s); 1 identity review concern(s),0,0,0,0,2,2,0,0,1,0,0,1,Medium,Tarak Hegde,Information Technology,Active
EMP11851,3,0,0,3,0,2,0,0,0,0,0,0,0,0,1,6,2 malware/ransomware alert(s),0,0,0,6,0,0,0,0,0,0,0,0,Medium,Faqid Choudhry,It Dept,Active
EMP11854,3,0,0,2,0,0,1,2,0,0,0,0,0,0,1,6,1 PowerShell alert(s); 2 lateral-movement alert(s),0,0,0,0,2,4,0,0,0,0,0,0,Medium,Rayaan Sani,Sales,Active
EMP12039,3,0,1,1,0,0,0,1,0,0,1,0,0,0,1,6,1 lateral-movement alert(s),0,3,0,0,0,2,0,0,1,0,0,0,Medium,Arunima Sridhar,Hr,Active
EMP12054,3,0,0,2,0,1,1,0,0,0,1,0,0,0,1,6,1 malware/ransomware alert(s); 1 PowerShell alert(s),0,0,0,3,2,0,0,0,1,0,0,0,Medium,Amara Sur,Ops Team,Active
EMP12104,3,0,0,1,0,2,0,0,0,0,0,0,0,0,1,6,2 malware/ransomware alert(s),0,0,0,6,0,0,0,0,0,0,0,0,Medium,Ikbal Dewan,Rnd,Active
EMP12307,3,0,0,2,0,1,0,1,0,0,1,0,0,0,1,6,1 malware/ransomware alert(s); 1 lateral-movement alert(s),0,0,0,3,0,2,0,0,1,0,0,0,Medium,Saksham Rege,Brand Team,Active
EMP12398,3,0,0,2,0,1,0,1,0,0,1,0,0,0,1,6,1 malware/ransomware alert(s); 1 lateral-movement alert(s),0,0,0,3,0,2,0,0,1,0,0,0,Medium,Advay Kari,Mkt,Active
EMP12523,3,0,0,2,0,0,1,1,1,0,0,0,0,0,1,6,1 PowerShell alert(s); 1 lateral-movement alert(s); 1 credential-access alert(s),0,0,0,0,2,2,2,0,0,0,0,0,Medium,Lohit Bhasin,Human Resources,Active
EMP12536,3,0,0,2,0,1,0,0,1,0,1,0,0,0,1,6,1 malware/ransomware alert(s); 1 credential-access alert(s),0,0,0,3,0,0,2,0,1,0,0,0,Medium,Ojasvi Varkey,Brand Team,Active
EMP12552,3,0,0,2,0,1,0,0,0,0,2,0,0,1,1,6,1 malware/ransomware alert(s); 1 identity review concern(s),0,0,0,3,0,0,0,0,2,0,0,1,Medium,Pooja Suresh,Operations,Active
EMP12666,3,0,0,2,0,2,0,0,0,0,0,0,0,0,1,6,2 malware/ransomware alert(s),0,0,0,6,0,0,0,0,0,0,0,0,Medium,Harish Sampath,Accounts,Active
EMP12864,3,0,0,2,0,0,1,0,1,0,1,1,0,0,1,6,1 PowerShell alert(s); 1 credential-access alert(s),0,0,0,0,2,0,2,0,1,1,0,0,Medium,Pooja Choudhary,Marketing Dept,Active
EMP12891,3,0,0,1,0,2,0,0,0,0,0,0,0,0,1,6,2 malware/ransomware alert(s),0,0,0,6,0,0,0,0,0,0,0,0,Medium,Balhaar Desai,Marketing Dept,
EMP12951,3,0,0,0,0,0,2,0,0,0,1,0,0,1,1,6,2 PowerShell alert(s); 1 identity review concern(s),0,0,0,0,4,0,0,0,1,0,0,1,Medium,Urvi Golla,Innovation,Active
EMP10073,2,0,0,2,0,2,0,0,0,0,0,0,0,0,1,6,2 malware/ransomware alert(s),0,0,0,6,0,0,0,0,0,0,0,0,Medium,Eta Saini,Marketing Dept,Active
EMP10081,2,0,0,2,0,2,0,0,0,0,0,0,0,0,1,6,2 malware/ransomware alert(s),0,0,0,6,0,0,0,0,0,0,0,0,Medium,Yamini Solanki,Accounts,Active
EMP10111,2,0,1,1,0,1,0,0,0,0,0,0,0,0,1,6,1 malware/ransomware alert(s),0,3,0,3,0,0,0,0,0,0,0,0,Medium,Jai Memon,Operations,Active
EMP10151,2,0,0,2,0,2,0,0,0,0,0,0,0,0,1,6,2 malware/ransomware alert(s),0,0,0,6,0,0,0,0,0,0,0,0,Medium,Anmol Shroff,Finance Dept,Active
EMP10187,2,0,1,0,0,1,0,0,0,0,0,0,0,0,1,6,1 malware/ransomware alert(s),0,3,0,3,0,0,0,0,0,0,0,0,Medium,Samar Khare,Sales,Active
EMP10199,2,0,0,0,0,2,0,0,0,0,0,0,0,0,1,6,2 malware/ransomware alert(s),0,0,0,6,0,0,0,0,0,0,0,0,Medium,Nathan Sampath,Ops Team,Active
EMP10210,2,0,1,2,0,0,0,0,0,0,2,0,0,1,1,6,1 identity review concern(s),0,3,0,0,0,0,0,0,2,0,0,1,Medium,Yahvi Modi,Legal Dept,Active
EMP10215,2,0,0,1,0,1,0,1,0,0,0,0,0,1,1,6,1 malware/ransomware alert(s); 1 lateral-movement alert(s); 1 identity review concern(s),0,0,0,3,0,2,0,0,0,0,0,1,Medium,Anirudh Das,Procurement Team,Active
EMP10232,2,0,0,2,0,0,0,2,0,0,0,0,0,2,1,6,2 lateral-movement alert(s); 2 identity review concern(s),0,0,0,0,0,4,0,0,0,0,0,2,Medium,Reva Bansal,Fin,Active
EMP10266,2,0,0,1,0,0,0,2,0,0,0,0,0,2,1,6,2 lateral-movement alert(s); 2 identity review concern(s),0,0,0,0,0,4,0,0,0,0,0,2,Medium,,,
EMP10293,2,0,1,2,0,0,1,0,0,0,1,0,0,0,1,6,1 PowerShell alert(s),0,3,0,0,2,0,0,0,1,0,0,0,Medium,Hamsini Nair,Call Center,Active
EMP10396,2,0,0,1,0,1,0,0,1,0,0,0,0,1,1,6,1 malware/ransomware alert(s); 1 credential-access alert(s); 1 identity review concern(s),0,0,0,3,0,0,2,0,0,0,0,1,Medium,Bhavini Bhakta,Cs,Active
EMP10441,2,0,1,2,0,0,0,1,0,0,1,0,0,0,1,6,1 lateral-movement alert(s),0,3,0,0,0,2,0,0,1,0,0,0,Medium,Utkarsh Dass,Marketing,
EMP10450,2,0,0,2,0,1,0,1,0,0,0,0,0,1,1,6,1 malware/ransomware alert(s); 1 lateral-movement alert(s); 1 identity review concern(s),0,0,0,3,0,2,0,0,0,0,0,1,Medium,Charles Mohanty,Accounts,On Leave
EMP10474,2,0,0,2,0,0,0,0,0,0,0,0,2,0,1,6,2 inactive-user event(s),0,0,0,0,0,0,0,0,0,0,6,0,Medium,Ekani Wadhwa,Operations Dept,Inactive
EMP10499,2,0,1,1,0,1,0,0,0,0,0,0,0,0,1,6,1 malware/ransomware alert(s),0,3,0,3,0,0,0,0,0,0,0,0,Medium,Umang Hans,Hr,Active
EMP10587,2,0,0,2,0,2,0,0,0,0,0,0,0,0,1,6,2 malware/ransomware alert(s),0,0,0,6,0,0,0,0,0,0,0,0,Medium,Janani Padmanabhan,Information Technology,Active
EMP10624,2,0,0,2,0,2,0,0,0,0,0,0,0,0,1,6,2 malware/ransomware alert(s),0,0,0,6,0,0,0,0,0,0,0,0,Medium,Sachi Pradhan,Information Technology,Active
EMP10638,2,0,0,1,0,2,0,0,0,0,0,0,0,0,1,6,2 malware/ransomware alert(s),0,0,0,6,0,0,0,0,0,0,0,0,Medium,Onkar Vohra,Fin,Active
EMP10656,2,0,0,2,0,1,1,0,0,0,0,0,0,1,1,6,1 malware/ransomware alert(s); 1 PowerShell alert(s); 1 identity review concern(s),0,0,0,3,2,0,0,0,0,0,0,1,Medium,Daksh Pau,Cs,Active
EMP10694,2,0,0,1,0,2,0,0,0,0,0,0,0,0,1,6,2 malware/ransomware alert(s),0,0,0,6,0,0,0,0,0,0,0,0,Medium,Ekaja Bhagat,Customer Care,Active
EMP10795,2,0,0,2,0,1,1,0,0,0,0,1,0,0,1,6,1 malware/ransomware alert(s); 1 PowerShell alert(s),0,0,0,3,2,0,0,0,0,1,0,0,Medium,Aditya Nagarajan,People Team,Active
EMP10831,2,1,0,1,0,0,0,0,0,0,1,0,0,0,1,6,1 critical alert(s),5,0,0,0,0,0,0,0,1,0,0,0,Medium,Nilima Bahri,Operations Dept,
EMP10833,2,0,1,2,0,0,0,0,0,0,0,1,0,2,1,6,2 identity review concern(s),0,3,0,0,0,0,0,0,0,1,0,2,Medium,Jagdish Bhatia,Human Resource,Active
EMP11012,2,0,0,0,0,2,0,0,0,0,0,0,0,0,1,6,2 malware/ransomware alert(s),0,0,0,6,0,0,0,0,0,0,0,0,Medium,Shivansh Korpal,R&D,Active
EMP11016,2,0,1,2,0,1,0,0,0,0,0,0,0,0,1,6,1 malware/ransomware alert(s),0,3,0,3,0,0,0,0,0,0,0,0,Medium,Neel Joshi,Innovation,Active
EMP11020,2,0,1,1,0,0,1,0,0,0,0,1,0,0,1,6,1 PowerShell alert(s),0,3,0,0,2,0,0,0,0,1,0,0,Medium,Yochana Johal,Hr,Active
EMP11134,2,0,0,2,0,1,0,1,0,0,0,0,0,1,1,6,1 malware/ransomware alert(s); 1 lateral-movement alert(s); 1 identity review concern(s),0,0,0,3,0,2,0,0,0,0,0,1,Medium,Ganga Yogi,It Dept,Active
EMP11181,2,0,1,2,0,1,0,0,0,0,0,0,0,0,1,6,1 malware/ransomware alert(s),0,3,0,3,0,0,0,0,0,0,0,0,Medium,Ira Korpal,Support,Active
EMP11259,2,0,0,1,0,0,1,0,1,0,0,0,0,2,1,6,1 PowerShell alert(s); 1 credential-access alert(s); 2 identity review concern(s),0,0,0,0,2,0,2,0,0,0,0,2,Medium,Kashish Chaudhari,Human Resource,Active
EMP11345,2,0,1,2,0,1,0,0,0,0,0,0,0,0,1,6,1 malware/ransomware alert(s),0,3,0,3,0,0,0,0,0,0,0,0,Medium,Lipika Gupta,It Support,Active
EMP11348,2,0,1,0,0,1,0,0,0,0,0,0,0,0,1,6,1 malware/ransomware alert(s),0,3,0,3,0,0,0,0,0,0,0,0,Medium,Amaira Karpe,Legal Dept,Active
EMP11360,2,0,0,2,0,1,0,0,0,0,1,0,0,2,1,6,1 malware/ransomware alert(s); 2 identity review concern(s),0,0,0,3,0,0,0,0,1,0,0,2,Medium,,,
EMP11364,2,0,0,0,0,1,0,0,0,0,1,1,0,1,1,6,1 malware/ransomware alert(s); 1 identity review concern(s),0,0,0,3,0,0,0,0,1,1,0,1,Medium,Vrinda Ratta,Rnd,Active
EMP11394,2,0,0,2,0,1,0,1,0,0,0,0,0,1,1,6,1 malware/ransomware alert(s); 1 lateral-movement alert(s); 1 identity review concern(s),0,0,0,3,0,2,0,0,0,0,0,1,Medium,Anamika Deshpande,Sales Dept,Active
EMP11470,2,0,0,2,0,1,0,0,0,0,1,0,0,2,1,6,1 malware/ransomware alert(s); 2 identity review concern(s),0,0,0,3,0,0,0,0,1,0,0,2,Medium,Vansha Lalla,Marketing,Active
EMP11486,2,0,0,1,0,0,1,0,1,0,0,0,0,2,1,6,1 PowerShell alert(s); 1 credential-access alert(s); 2 identity review concern(s),0,0,0,0,2,0,2,0,0,0,0,2,Medium,Ethan Mukherjee,Purchase,Active
EMP11510,2,0,0,1,0,1,0,0,1,0,0,0,0,1,1,6,1 malware/ransomware alert(s); 1 credential-access alert(s); 1 identity review concern(s),0,0,0,3,0,0,2,0,0,0,0,1,Medium,Yashoda Kapur,R&D,Active
EMP11544,2,0,0,2,0,0,1,1,0,0,0,0,0,2,1,6,1 PowerShell alert(s); 1 lateral-movement alert(s); 2 identity review concern(s),0,0,0,0,2,2,0,0,0,0,0,2,Medium,Gautam Thakur,Hr Dept,Active
EMP11563,2,0,0,0,0,1,1,0,0,0,0,0,0,1,1,6,1 malware/ransomware alert(s); 1 PowerShell alert(s); 1 identity review concern(s),0,0,0,3,2,0,0,0,0,0,0,1,Medium,Jeet Raju,Procurement,Active
EMP11614,2,0,1,1,0,0,0,1,0,0,1,0,0,0,1,6,1 lateral-movement alert(s),0,3,0,0,0,2,0,0,1,0,0,0,Medium,Lucky Goda,Hr,Active
EMP11663,2,0,1,1,0,0,1,0,0,0,1,0,0,0,1,6,1 PowerShell alert(s),0,3,0,0,2,0,0,0,1,0,0,0,Medium,Jagrati Bava,Legal,Active
EMP11786,2,0,1,1,0,1,0,0,0,0,0,0,0,0,1,6,1 malware/ransomware alert(s),0,3,0,3,0,0,0,0,0,0,0,0,Medium,Garima Arora,Information Tech,Active
EMP11855,2,0,1,2,0,1,0,0,0,0,0,0,0,0,1,6,1 malware/ransomware alert(s),0,3,0,3,0,0,0,0,0,0,0,0,Medium,Neel Majumdar,Legal,Active
EMP11889,2,0,0,1,0,2,0,0,0,0,0,0,0,0,1,6,2 malware/ransomware alert(s),0,0,0,6,0,0,0,0,0,0,0,0,Medium,Atharv Shukla,Legal Dept,Active
EMP11897,2,0,1,1,0,1,0,0,0,0,0,0,0,0,1,6,1 malware/ransomware alert(s),0,3,0,3,0,0,0,0,0,0,0,0,Medium,Bimala Khosla,It Dept,Active
EMP11919,2,0,0,1,0,1,1,0,0,0,0,0,0,1,1,6,1 malware/ransomware alert(s); 1 PowerShell alert(s); 1 identity review concern(s),0,0,0,3,2,0,0,0,0,0,0,1,Medium,Aachal Tara,Legal,Active
EMP11985,2,0,1,1,0,1,0,0,0,0,0,0,0,0,1,6,1 malware/ransomware alert(s),0,3,0,3,0,0,0,0,0,0,0,0,Medium,Yochana Shere,Compliance,Active
EMP12297,2,0,0,1,0,1,0,0,1,0,0,1,0,0,1,6,1 malware/ransomware alert(s); 1 credential-access alert(s),0,0,0,3,0,0,2,0,0,1,0,0,Medium,Bhanumati Anand,Mkt,Active
EMP12343,2,0,1,1,0,0,1,0,0,0,1,0,0,0,1,6,1 PowerShell alert(s),0,3,0,0,2,0,0,0,1,0,0,0,Medium,Anamika Anne,Rnd,Active
EMP12433,2,0,0,2,0,0,1,0,1,0,0,0,0,2,1,6,1 PowerShell alert(s); 1 credential-access alert(s); 2 identity review concern(s),0,0,0,0,2,0,2,0,0,0,0,2,Medium,Osha Dora,Information Technology,Active
EMP12559,2,0,1,1,0,0,0,1,0,0,0,1,0,0,1,6,1 lateral-movement alert(s),0,3,0,0,0,2,0,0,0,1,0,0,Medium,Tristan Agarwal,Legal Dept,On Leave
EMP12568,2,0,0,1,0,2,0,0,0,0,0,0,0,0,1,6,2 malware/ransomware alert(s),0,0,0,6,0,0,0,0,0,0,0,0,Medium,Netra Kumar,Business Sales,Active
EMP12586,2,0,0,1,0,2,0,0,0,0,0,0,0,0,1,6,2 malware/ransomware alert(s),0,0,0,6,0,0,0,0,0,0,0,0,Medium,Sai Mitra,Innovation,Active
EMP12624,2,0,0,1,0,0,1,1,0,0,0,1,0,1,1,6,1 PowerShell alert(s); 1 lateral-movement alert(s); 1 identity review concern(s),0,0,0,0,2,2,0,0,0,1,0,1,Medium,Yahvi Oommen,Operations Dept,Active
EMP12657,2,0,1,0,0,0,0,0,1,0,0,0,0,1,1,6,1 credential-access alert(s); 1 identity review concern(s),0,3,0,0,0,0,2,0,0,0,0,1,Medium,Gagan Boase,It,Active
EMP12674,2,0,0,1,0,1,0,1,0,0,0,1,0,0,1,6,1 malware/ransomware alert(s); 1 lateral-movement alert(s),0,0,0,3,0,2,0,0,0,1,0,0,Medium,Geetika Khurana,Ops,Active
EMP12701,2,0,0,0,0,1,0,0,1,0,0,0,0,1,1,6,1 malware/ransomware alert(s); 1 credential-access alert(s); 1 identity review concern(s),0,0,0,3,0,0,2,0,0,0,0,1,Medium,Baghyawati Nori,Rnd,Active
EMP12830,2,0,0,0,0,2,0,0,0,0,0,0,0,0,1,6,2 malware/ransomware alert(s),0,0,0,6,0,0,0,0,0,0,0,0,Medium,Jairaj Ben,Operations Dept,Active
EMP12843,2,0,0,2,0,1,0,1,0,0,0,0,0,1,1,6,1 malware/ransomware alert(s); 1 lateral-movement alert(s); 1 identity review concern(s),0,0,0,3,0,2,0,0,0,0,0,1,Medium,Shivani Bhattacharyya,Hr,Active
EMP12863,2,0,1,0,0,1,0,0,0,0,0,0,0,0,1,6,1 malware/ransomware alert(s),0,3,0,3,0,0,0,0,0,0,0,0,Medium,Darsh Bera,Rd,Active
EMP12930,2,0,0,2,0,1,1,0,0,0,0,0,0,1,1,6,1 malware/ransomware alert(s); 1 PowerShell alert(s); 1 identity review concern(s),0,0,0,3,2,0,0,0,0,0,0,1,Medium,Harsh Lall,Purch,Active
EMP12936,2,0,0,1,0,1,0,1,0,0,0,0,0,1,1,6,1 malware/ransomware alert(s); 1 lateral-movement alert(s); 1 identity review concern(s),0,0,0,3,0,2,0,0,0,0,0,1,Medium,Orinder Karpe,It Support,On Leave
EMP12960,2,0,0,1,0,2,0,0,0,0,0,0,0,0,1,6,2 malware/ransomware alert(s),0,0,0,6,0,0,0,0,0,0,0,0,Medium,Ekansh Bedi,It Dept,Active
EMP12971,2,0,0,2,0,1,0,0,1,0,0,0,0,1,1,6,1 malware/ransomware alert(s); 1 credential-access alert(s); 1 identity review concern(s),0,0,0,3,0,0,2,0,0,0,0,1,Medium,Ekansh Bhardwaj,Fin,Active
EMP12976,2,0,0,1,0,1,1,0,0,0,0,0,0,1,1,6,1 malware/ransomware alert(s); 1 PowerShell alert(s); 1 identity review concern(s),0,0,0,3,2,0,0,0,0,0,0,1,Medium,Aayush Koshy,Sales Team,Active
EMP10024,1,0,0,0,0,1,0,0,0,0,0,0,1,0,1,6,1 malware/ransomware alert(s); 1 inactive-user event(s),0,0,0,3,0,0,0,0,0,0,3,0,Medium,Krishna Narang,Human Resources,Disabled
EMP10192,1,0,1,1,0,0,0,0,1,0,0,0,0,1,1,6,1 credential-access alert(s); 1 identity review concern(s),0,3,0,0,0,0,2,0,0,0,0,1,Medium,Ridhi Bala,Operations,Active
EMP10237,1,0,0,0,0,0,1,0,0,0,0,0,1,1,1,6,1 PowerShell alert(s); 1 inactive-user event(s); 1 identity review concern(s),0,0,0,0,2,0,0,0,0,0,3,1,Medium,Naksh Anand,Procurement,Inactive
EMP10240,1,0,0,1,0,1,0,0,0,0,0,0,1,0,1,6,1 malware/ransomware alert(s); 1 inactive-user event(s),0,0,0,3,0,0,0,0,0,0,3,0,Medium,Jalsa Bhatti,Mktg,Disabled
EMP10298,1,0,1,1,0,0,0,0,1,0,0,0,0,1,1,6,1 credential-access alert(s); 1 identity review concern(s),0,3,0,0,0,0,2,0,0,0,0,1,Medium,,,
EMP10349,1,0,0,1,0,1,0,0,0,0,0,0,1,0,1,6,1 malware/ransomware alert(s); 1 inactive-user event(s),0,0,0,3,0,0,0,0,0,0,3,0,Medium,Vedant Kashyap,Legal,Inactive
EMP10361,1,0,0,0,0,0,0,1,0,0,0,1,1,0,1,6,1 lateral-movement alert(s); 1 inactive-user event(s),0,0,0,0,0,2,0,0,0,1,3,0,Medium,Onkar Butala,It Support,Disabled
EMP10367,1,0,0,1,0,1,0,0,0,0,0,0,1,0,1,6,1 malware/ransomware alert(s); 1 inactive-user event(s),0,0,0,3,0,0,0,0,0,0,3,0,Medium,Abeer Nori,Business Sales,Disabled
EMP10369,1,0,0,0,0,1,0,0,0,0,0,0,1,0,1,6,1 malware/ransomware alert(s); 1 inactive-user event(s),0,0,0,3,0,0,0,0,0,0,3,0,Medium,Jasmit Buch,Customer Support,Disabled
EMP10377,1,0,0,0,0,0,0,0,1,0,0,0,1,1,1,6,1 credential-access alert(s); 1 inactive-user event(s); 1 identity review concern(s),0,0,0,0,0,0,2,0,0,0,3,1,Medium,Balvan Sodhi,Business Sales,Disabled
EMP10415,1,0,1,1,0,1,0,0,0,0,0,0,0,0,1,6,1 malware/ransomware alert(s),0,3,0,3,0,0,0,0,0,0,0,0,Medium,Hredhaan Dave,Customer Care,Active
EMP10427,1,0,0,1,0,1,0,0,0,0,0,0,1,0,1,6,1 malware/ransomware alert(s); 1 inactive-user event(s),0,0,0,3,0,0,0,0,0,0,3,0,Medium,Mahika Sura,Legal,Disabled
EMP10446,1,0,1,1,0,1,0,0,0,0,0,0,0,0,1,6,1 malware/ransomware alert(s),0,3,0,3,0,0,0,0,0,0,0,0,Medium,Arunima Ramaswamy,It Dept,Active
EMP10466,1,0,1,0,0,1,0,0,0,0,0,0,0,0,1,6,1 malware/ransomware alert(s),0,3,0,3,0,0,0,0,0,0,0,0,Medium,Tanvi Mane,Legal Dept,Active
EMP10657,1,0,0,1,0,0,0,1,0,0,0,0,1,1,1,6,1 lateral-movement alert(s); 1 inactive-user event(s); 1 identity review concern(s),0,0,0,0,0,2,0,0,0,0,3,1,Medium,Kala Contractor,Ops,Disabled
EMP10702,1,0,0,1,0,0,0,0,1,0,0,0,1,1,1,6,1 credential-access alert(s); 1 inactive-user event(s); 1 identity review concern(s),0,0,0,0,0,0,2,0,0,0,3,1,Medium,Anjali Merchant,Marketing,Inactive
EMP10731,1,0,1,1,0,1,0,0,0,0,0,0,0,0,1,6,1 malware/ransomware alert(s),0,3,0,3,0,0,0,0,0,0,0,0,Medium,Charles Dash,Sales,Active
EMP10830,1,0,0,1,0,0,1,0,0,0,0,0,1,1,1,6,1 PowerShell alert(s); 1 inactive-user event(s); 1 identity review concern(s),0,0,0,0,2,0,0,0,0,0,3,1,Medium,Warjas Wason,Procurement,Disabled
EMP10859,1,0,1,1,0,1,0,0,0,0,0,0,0,0,1,6,1 malware/ransomware alert(s),0,3,0,3,0,0,0,0,0,0,0,0,Medium,Gautami Kibe,Sales,Active
EMP10864,1,0,1,1,0,0,1,0,0,0,0,0,0,1,1,6,1 PowerShell alert(s); 1 identity review concern(s),0,3,0,0,2,0,0,0,0,0,0,1,Medium,Nidra Bora,Ops Team,Active
EMP10884,1,0,1,0,0,1,0,0,0,0,0,0,0,0,1,6,1 malware/ransomware alert(s),0,3,0,3,0,0,0,0,0,0,0,0,Medium,Ayushman Ravi,Marketing Dept,Active
EMP10923,1,0,1,1,0,1,0,0,0,0,0,0,0,0,1,6,1 malware/ransomware alert(s),0,3,0,3,0,0,0,0,0,0,0,0,Medium,Aryan Pillay,It Dept,Active
EMP10938,1,0,1,1,0,1,0,0,0,0,0,0,0,0,1,6,1 malware/ransomware alert(s),0,3,0,3,0,0,0,0,0,0,0,0,Medium,Alka Memon,Cs,Active
EMP10942,1,0,1,0,0,0,0,0,1,0,0,0,0,1,1,6,1 credential-access alert(s); 1 identity review concern(s),0,3,0,0,0,0,2,0,0,0,0,1,Medium,Udarsh Chokshi,Rnd,Active
EMP10972,1,0,1,1,0,0,0,0,0,0,0,0,1,0,1,6,1 inactive-user event(s),0,3,0,0,0,0,0,0,0,0,3,0,Medium,Zaitra Hayre,Operations,Inactive
EMP10989,1,0,0,1,0,0,0,1,0,0,0,0,1,1,1,6,1 lateral-movement alert(s); 1 inactive-user event(s); 1 identity review concern(s),0,0,0,0,0,2,0,0,0,0,3,1,Medium,Samaksh Arya,Legal,Disabled
EMP11405,1,0,1,1,0,1,0,0,0,0,0,0,0,0,1,6,1 malware/ransomware alert(s),0,3,0,3,0,0,0,0,0,0,0,0,Medium,Yug Modi,Brand Team,Active
EMP11425,1,0,1,1,0,1,0,0,0,0,0,0,0,0,1,6,1 malware/ransomware alert(s),0,3,0,3,0,0,0,0,0,0,0,0,Medium,Hemang Desai,Finance,Active
EMP11450,1,0,0,0,0,1,0,0,0,0,0,0,1,0,1,6,1 malware/ransomware alert(s); 1 inactive-user event(s),0,0,0,3,0,0,0,0,0,0,3,0,Medium,Radha Bera,Accounts,Disabled
EMP11474,1,0,1,0,0,0,0,1,0,0,0,0,0,1,1,6,1 lateral-movement alert(s); 1 identity review concern(s),0,3,0,0,0,2,0,0,0,0,0,1,Medium,Ishwar Sha,Operations Dept,Active
EMP11509,1,0,1,1,0,1,0,0,0,0,0,0,0,0,1,6,1 malware/ransomware alert(s),0,3,0,3,0,0,0,0,0,0,0,0,Medium,Deepa Keer,Business Sales,Active
EMP11597,1,0,1,1,0,1,0,0,0,0,0,0,0,0,1,6,1 malware/ransomware alert(s),0,3,0,3,0,0,0,0,0,0,0,0,Medium,Isha Bhargava,It Support,
EMP11640,1,0,1,0,0,0,0,1,0,0,0,0,0,1,1,6,1 lateral-movement alert(s); 1 identity review concern(s),0,3,0,0,0,2,0,0,0,0,0,1,Medium,Meghana Chana,Cs,Active
EMP11650,1,0,0,1,0,1,0,0,0,0,0,0,1,0,1,6,1 malware/ransomware alert(s); 1 inactive-user event(s),0,0,0,3,0,0,0,0,0,0,3,0,Medium,Charita Rattan,Information Technology,Disabled
EMP11700,1,0,0,1,0,1,0,0,0,0,0,0,1,0,1,6,1 malware/ransomware alert(s); 1 inactive-user event(s),0,0,0,3,0,0,0,0,0,0,3,0,Medium,Bahadurjit Ratta,Business Sales,Disabled
EMP11734,1,0,1,1,0,0,0,1,0,0,0,0,0,1,1,6,1 lateral-movement alert(s); 1 identity review concern(s),0,3,0,0,0,2,0,0,0,0,0,1,Medium,Arunima Chad,It Support,
EMP11869,1,0,0,1,0,1,0,0,0,0,0,0,1,0,1,6,1 malware/ransomware alert(s); 1 inactive-user event(s),0,0,0,3,0,0,0,0,0,0,3,0,Medium,Oni Varkey,Finance,Inactive
EMP11907,1,0,1,1,0,1,0,0,0,0,0,0,0,0,1,6,1 malware/ransomware alert(s),0,3,0,3,0,0,0,0,0,0,0,0,Medium,Wridesh Wable,Legal Dept,Active
EMP11966,1,0,1,0,0,1,0,0,0,0,0,0,0,0,1,6,1 malware/ransomware alert(s),0,3,0,3,0,0,0,0,0,0,0,0,Medium,Varsha Bhakta,Finance,Active
EMP11981,1,0,0,1,0,1,0,0,0,0,0,0,1,0,1,6,1 malware/ransomware alert(s); 1 inactive-user event(s),0,0,0,3,0,0,0,0,0,0,3,0,Medium,Logan Nagi,Hr,Disabled
EMP12056,1,0,1,1,0,1,0,0,0,0,0,0,0,0,1,6,1 malware/ransomware alert(s),0,3,0,3,0,0,0,0,0,0,0,0,Medium,Chakradev Ramaswamy,Compliance,Active
EMP12076,1,0,1,1,0,1,0,0,0,0,0,0,0,0,1,6,1 malware/ransomware alert(s),0,3,0,3,0,0,0,0,0,0,0,0,Medium,Saumya Puri,Finance,Active
EMP12189,1,0,0,1,0,1,0,0,0,0,0,0,1,0,1,6,1 malware/ransomware alert(s); 1 inactive-user event(s),0,0,0,3,0,0,0,0,0,0,3,0,Medium,Neel Shankar,Operations,Disabled
EMP12217,1,0,1,0,0,1,0,0,0,0,0,0,0,0,1,6,1 malware/ransomware alert(s),0,3,0,3,0,0,0,0,0,0,0,0,Medium,Hiral Bobal,R&D,Active
EMP12262,1,0,1,0,0,1,0,0,0,0,0,0,0,0,1,6,1 malware/ransomware alert(s),0,3,0,3,0,0,0,0,0,0,0,0,Medium,Damyanti Lal,Information Tech,Active
EMP12265,1,0,1,0,0,0,1,0,0,0,0,0,0,1,1,6,1 PowerShell alert(s); 1 identity review concern(s),0,3,0,0,2,0,0,0,0,0,0,1,Medium,Charvi Saraf,Supply Chain,Active
EMP12278,1,0,0,1,0,0,0,0,1,0,0,0,1,1,1,6,1 credential-access alert(s); 1 inactive-user event(s); 1 identity review concern(s),0,0,0,0,0,0,2,0,0,0,3,1,Medium,Liam Goda,Business Sales,Disabled
EMP12312,1,0,1,1,0,1,0,0,0,0,0,0,0,0,1,6,1 malware/ransomware alert(s),0,3,0,3,0,0,0,0,0,0,0,0,Medium,Ranbir Kumar,Accounts,
EMP12467,1,0,0,1,0,0,0,1,0,0,0,0,1,1,1,6,1 lateral-movement alert(s); 1 inactive-user event(s); 1 identity review concern(s),0,0,0,0,0,2,0,0,0,0,3,1,Medium,Chaitaly Char,Operations Dept,Inactive
EMP12486,1,0,1,1,0,1,0,0,0,0,0,0,0,0,1,6,1 malware/ransomware alert(s),0,3,0,3,0,0,0,0,0,0,0,0,Medium,Charvi Om,Hr,Active
EMP12500,1,0,1,0,0,1,0,0,0,0,0,0,0,0,1,6,1 malware/ransomware alert(s),0,3,0,3,0,0,0,0,0,0,0,0,Medium,Shivansh Taneja,It Dept,Active
EMP12512,1,0,1,0,0,0,0,0,1,0,0,0,0,1,1,6,1 credential-access alert(s); 1 identity review concern(s),0,3,0,0,0,0,2,0,0,0,0,1,Medium,Nihal Lanka,Cs,Active
EMP12545,1,0,1,1,0,1,0,0,0,0,0,0,0,0,1,6,1 malware/ransomware alert(s),0,3,0,3,0,0,0,0,0,0,0,0,Medium,Odika Gara,Rd,Active
EMP12569,1,0,0,1,0,0,1,0,0,0,0,0,1,1,1,6,1 PowerShell alert(s); 1 inactive-user event(s); 1 identity review concern(s),0,0,0,0,2,0,0,0,0,0,3,1,Medium,Mitali Bhardwaj,People Team,Disabled
EMP12575,1,0,1,1,0,0,0,0,1,0,0,0,0,1,1,6,1 credential-access alert(s); 1 identity review concern(s),0,3,0,0,0,0,2,0,0,0,0,1,Medium,Nandini Kothari,Marketing Dept,
EMP12613,1,0,1,1,0,1,0,0,0,0,0,0,0,0,1,6,1 malware/ransomware alert(s),0,3,0,3,0,0,0,0,0,0,0,0,Medium,Jagdish Sinha,Procurement,Active
EMP12730,1,0,1,1,0,1,0,0,0,0,0,0,0,0,1,6,1 malware/ransomware alert(s),0,3,0,3,0,0,0,0,0,0,0,0,Medium,Maya Bava,Rnd,Active
EMP12811,1,0,1,1,0,0,0,0,1,0,0,0,0,1,1,6,1 credential-access alert(s); 1 identity review concern(s),0,3,0,0,0,0,2,0,0,0,0,1,Medium,Forum Kala,Procurement Team,Active
EMP12881,1,0,1,0,0,0,1,0,0,0,0,0,0,1,1,6,1 PowerShell alert(s); 1 identity review concern(s),0,3,0,0,2,0,0,0,0,0,0,1,Medium,,,
EMP12901,1,0,1,1,0,0,1,0,0,0,0,0,0,1,1,6,1 PowerShell alert(s); 1 identity review concern(s),0,3,0,0,2,0,0,0,0,0,0,1,Medium,,,
EMP12943,1,0,1,0,0,1,0,0,0,0,0,0,0,0,1,6,1 malware/ransomware alert(s),0,3,0,3,0,0,0,0,0,0,0,0,Medium,Jatin Garde,Supply Chain,Active
EMP12957,1,0,1,0,0,1,0,0,0,0,0,0,0,0,1,6,1 malware/ransomware alert(s),0,3,0,3,0,0,0,0,0,0,0,0,Medium,Liam Saran,It,Active
EMP10000,4,0,0,2,0,0,0,0,1,0,3,0,0,0,1,5,1 credential-access alert(s),0,0,0,0,0,0,2,0,3,0,0,0,Medium,Vrinda Dua,Hr Dept,Active
EMP10287,4,0,0,3,0,1,0,0,0,0,1,1,0,0,1,5,1 malware/ransomware alert(s),0,0,0,3,0,0,0,0,1,1,0,0,Medium,Edhitha Muni,Ops,Active
EMP11619,4,0,0,2,0,1,0,1,0,0,0,0,0,0,1,5,1 malware/ransomware alert(s); 1 lateral-movement alert(s),0,0,0,3,0,2,0,0,0,0,0,0,Medium,Ekiya Banik,Supply Chain,Active
EMP10036,3,0,0,2,0,1,0,1,0,0,0,0,0,0,1,5,1 malware/ransomware alert(s); 1 lateral-movement alert(s),0,0,0,3,0,2,0,0,0,0,0,0,Medium,Lipika Ahuja,Call Center,Active
EMP10063,3,0,0,1,0,0,1,0,0,0,0,0,0,3,1,5,1 PowerShell alert(s); 3 identity review concern(s),0,0,0,0,2,0,0,0,0,0,0,3,Medium,,,
EMP10069,3,0,0,1,0,0,0,0,2,0,0,0,0,1,1,5,2 credential-access alert(s); 1 identity review concern(s),0,0,0,0,0,0,4,0,0,0,0,1,Medium,Brijesh Arora,Procurement,Active
EMP10135,3,0,0,1,0,0,1,1,0,0,1,0,0,0,1,5,1 PowerShell alert(s); 1 lateral-movement alert(s),0,0,0,0,2,2,0,0,1,0,0,0,Medium,Jagdish Comar,Customer Care,Active
EMP10142,3,0,0,1,0,1,0,0,0,0,2,0,0,0,1,5,1 malware/ransomware alert(s),0,0,0,3,0,0,0,0,2,0,0,0,Medium,Wishi Balay,Operations,
EMP10265,3,0,0,2,0,1,1,0,0,0,0,0,0,0,1,5,1 malware/ransomware alert(s); 1 PowerShell alert(s),0,0,0,3,2,0,0,0,0,0,0,0,Medium,Netra Wali,Customer Support,Active
EMP10341,3,0,0,2,0,0,1,0,1,0,1,0,0,0,1,5,1 PowerShell alert(s); 1 credential-access alert(s),0,0,0,0,2,0,2,0,1,0,0,0,Medium,Yashawini Warrior,Legal Dept,Active
EMP10489,3,0,0,0,0,0,0,0,0,0,2,0,0,3,1,5,3 identity review concern(s),0,0,0,0,0,0,0,0,2,0,0,3,Medium,Henry Ganesan,Ops,Active
EMP10551,3,0,0,2,0,0,1,1,0,0,1,0,0,0,1,5,1 PowerShell alert(s); 1 lateral-movement alert(s),0,0,0,0,2,2,0,0,1,0,0,0,Medium,Azad Swamy,Compliance,Active
EMP10700,3,0,0,2,0,1,0,1,0,0,0,0,0,0,1,5,1 malware/ransomware alert(s); 1 lateral-movement alert(s),0,0,0,3,0,2,0,0,0,0,0,0,Medium,Charles Brar,Call Center,Active
EMP10722,3,0,0,2,0,0,0,1,1,0,0,0,0,1,1,5,1 lateral-movement alert(s); 1 credential-access alert(s); 1 identity review concern(s),0,0,0,0,0,2,2,0,0,0,0,1,Medium,Anirudh Dube,Finance,Active
EMP10823,3,0,0,3,0,1,0,1,0,0,0,0,0,0,1,5,1 malware/ransomware alert(s); 1 lateral-movement alert(s),0,0,0,3,0,2,0,0,0,0,0,0,Medium,Kala Parikh,Rnd,Active
EMP10870,3,0,0,3,0,0,1,0,1,0,1,0,0,0,1,5,1 PowerShell alert(s); 1 credential-access alert(s),0,0,0,0,2,0,2,0,1,0,0,0,Medium,Ucchal Pingle,Marketing Dept,Active
EMP11017,3,0,0,1,0,0,1,1,0,0,1,0,0,0,1,5,1 PowerShell alert(s); 1 lateral-movement alert(s),0,0,0,0,2,2,0,0,1,0,0,0,Medium,Kalpit Mannan,Marketing Dept,Active
EMP11046,3,0,0,3,0,1,0,1,0,0,0,0,0,0,1,5,1 malware/ransomware alert(s); 1 lateral-movement alert(s),0,0,0,3,0,2,0,0,0,0,0,0,Medium,Falan Gandhi,Hr Dept,Active
EMP11351,3,0,0,2,0,1,0,1,0,0,0,0,0,0,1,5,1 malware/ransomware alert(s); 1 lateral-movement alert(s),0,0,0,3,0,2,0,0,0,0,0,0,Medium,Raksha De,People Team,Active
EMP12292,3,0,0,2,0,1,1,0,0,0,0,0,0,0,1,5,1 malware/ransomware alert(s); 1 PowerShell alert(s),0,0,0,3,2,0,0,0,0,0,0,0,Medium,Keya Johal,Procurement,Active
EMP12327,3,0,0,2,0,1,0,1,0,0,0,0,0,0,1,5,1 malware/ransomware alert(s); 1 lateral-movement alert(s),0,0,0,3,0,2,0,0,0,0,0,0,Medium,Forum Kaur,Accounts,Active
EMP10002,2,0,0,1,0,0,0,2,0,0,0,0,0,1,1,5,2 lateral-movement alert(s); 1 identity review concern(s),0,0,0,0,0,4,0,0,0,0,0,1,Medium,Xalak Tiwari,Sales,Active
EMP10038,2,0,0,2,0,1,0,0,1,0,0,0,0,0,1,5,1 malware/ransomware alert(s); 1 credential-access alert(s),0,0,0,3,0,0,2,0,0,0,0,0,Medium,Girik Palla,Finance,Active
EMP10089,2,0,0,2,0,1,1,0,0,0,0,0,0,0,1,5,1 malware/ransomware alert(s); 1 PowerShell alert(s),0,0,0,3,2,0,0,0,0,0,0,0,Medium,Brijesh Din,Procurement,Active
EMP10164,2,0,0,1,0,1,0,1,0,0,0,0,0,0,1,5,1 malware/ransomware alert(s); 1 lateral-movement alert(s),0,0,0,3,0,2,0,0,0,0,0,0,Medium,Kiaan Sharma,Innovation,Active
EMP10176,2,0,0,0,0,1,1,0,0,0,0,0,0,0,1,5,1 malware/ransomware alert(s); 1 PowerShell alert(s),0,0,0,3,2,0,0,0,0,0,0,0,Medium,Lajita Choudhury,Cs,Active
EMP10186,2,0,0,2,0,1,0,0,0,0,0,0,0,2,1,5,1 malware/ransomware alert(s); 2 identity review concern(s),0,0,0,3,0,0,0,0,0,0,0,2,Medium,Ishwar Bora,Rnd,Active
EMP10195,2,0,1,1,0,0,0,0,1,0,0,0,0,0,1,5,1 credential-access alert(s),0,3,0,0,0,0,2,0,0,0,0,0,Medium,Tanay Karnik,Supply Chain,Active
EMP10203,2,0,1,2,0,0,0,0,0,0,0,0,0,2,1,5,2 identity review concern(s),0,3,0,0,0,0,0,0,0,0,0,2,Medium,,,
EMP10226,2,0,0,0,0,1,0,0,1,0,0,0,0,0,1,5,1 malware/ransomware alert(s); 1 credential-access alert(s),0,0,0,3,0,0,2,0,0,0,0,0,Medium,Watika Muni,Legal,Active
EMP10229,2,0,0,2,0,1,0,0,0,0,0,0,0,2,1,5,1 malware/ransomware alert(s); 2 identity review concern(s),0,0,0,3,0,0,0,0,0,0,0,2,Medium,Bhavna Dass,Brand Team,Active
EMP10263,2,0,0,1,0,1,0,0,0,0,0,0,0,2,1,5,1 malware/ransomware alert(s); 2 identity review concern(s),0,0,0,3,0,0,0,0,0,0,0,2,Medium,Tanish Issac,Brand Team,Active
EMP10274,2,0,0,1,0,0,0,1,1,0,0,0,0,1,1,5,1 lateral-movement alert(s); 1 credential-access alert(s); 1 identity review concern(s),0,0,0,0,0,2,2,0,0,0,0,1,Medium,Liam Brar,Cs,Active
EMP10335,2,0,0,2,0,1,0,0,0,0,1,0,0,1,1,5,1 malware/ransomware alert(s); 1 identity review concern(s),0,0,0,3,0,0,0,0,1,0,0,1,Medium,Fariq Saxena,Finance Dept,Active
EMP10473,2,0,0,2,0,1,0,1,0,0,0,0,0,0,1,5,1 malware/ransomware alert(s); 1 lateral-movement alert(s),0,0,0,3,0,2,0,0,0,0,0,0,Medium,Zarna Lalla,Operations,Active
EMP10487,2,0,1,2,0,0,0,0,0,0,1,0,0,1,1,5,1 identity review concern(s),0,3,0,0,0,0,0,0,1,0,0,1,Medium,Aadi Hari,It,Active
EMP10559,2,0,0,2,0,1,1,0,0,0,0,0,0,0,1,5,1 malware/ransomware alert(s); 1 PowerShell alert(s),0,0,0,3,2,0,0,0,0,0,0,0,Medium,Elijah Mani,Research And Development,Active
EMP10586,2,0,0,1,0,1,0,0,1,0,0,0,0,0,1,5,1 malware/ransomware alert(s); 1 credential-access alert(s),0,0,0,3,0,0,2,0,0,0,0,0,Medium,Nicholas Tailor,Hr Dept,Active
EMP10706,2,0,1,0,0,0,0,1,0,0,0,0,0,0,1,5,1 lateral-movement alert(s),0,3,0,0,0,2,0,0,0,0,0,0,Medium,Aditya Bail,Procurement Team,Active
EMP10717,2,0,0,2,0,1,1,0,0,0,0,0,0,0,1,5,1 malware/ransomware alert(s); 1 PowerShell alert(s),0,0,0,3,2,0,0,0,0,0,0,0,Medium,Nisha Nagarajan,People Team,Active
EMP10774,2,0,0,2,0,0,0,1,1,0,0,0,0,1,1,5,1 lateral-movement alert(s); 1 credential-access alert(s); 1 identity review concern(s),0,0,0,0,0,2,2,0,0,0,0,1,Medium,Raagini Khanna,Finance Dept,Active
EMP10820,2,0,1,2,0,0,1,0,0,0,0,0,0,0,1,5,1 PowerShell alert(s),0,3,0,0,2,0,0,0,0,0,0,0,Medium,Gauri Deep,Research And Development,Active
EMP10822,2,0,0,0,0,1,0,1,0,0,0,0,0,0,1,5,1 malware/ransomware alert(s); 1 lateral-movement alert(s),0,0,0,3,0,2,0,0,0,0,0,0,Medium,Jackson Kapur,Rd,Active
EMP10890,2,0,0,1,0,1,0,1,0,0,0,0,0,0,1,5,1 malware/ransomware alert(s); 1 lateral-movement alert(s),0,0,0,3,0,2,0,0,0,0,0,0,Medium,Utkarsh Mand,Legal Dept,Active
EMP10940,2,0,0,1,0,1,0,0,1,0,0,0,0,0,1,5,1 malware/ransomware alert(s); 1 credential-access alert(s),0,0,0,3,0,0,2,0,0,0,0,0,Medium,Mekhala Talwar,Supply Chain,Active
EMP11041,2,0,1,1,0,0,0,0,1,0,0,0,0,0,1,5,1 credential-access alert(s),0,3,0,0,0,0,2,0,0,0,0,0,Medium,Sara Raj,Information Tech,On Leave
EMP11051,2,0,0,2,0,1,1,0,0,0,0,0,0,0,1,5,1 malware/ransomware alert(s); 1 PowerShell alert(s),0,0,0,3,2,0,0,0,0,0,0,0,Medium,Yamini Thakur,Ops Team,Active
EMP11059,2,0,1,1,0,0,0,0,1,0,0,0,0,0,1,5,1 credential-access alert(s),0,3,0,0,0,0,2,0,0,0,0,0,Medium,Wridesh Dass,Legal Dept,Active
EMP11119,2,0,0,1,0,1,0,0,1,0,0,0,0,0,1,5,1 malware/ransomware alert(s); 1 credential-access alert(s),0,0,0,3,0,0,2,0,0,0,0,0,Medium,Rajeshri Wagle,Operations,Active
EMP11162,2,0,0,1,0,0,0,1,0,0,1,0,0,2,1,5,1 lateral-movement alert(s); 2 identity review concern(s),0,0,0,0,0,2,0,0,1,0,0,2,Medium,Jasmit Keer,Fin,Active
EMP11287,2,0,0,2,0,1,0,0,1,0,0,0,0,0,1,5,1 malware/ransomware alert(s); 1 credential-access alert(s),0,0,0,3,0,0,2,0,0,0,0,0,Medium,Zansi Boase,Operations,Active
EMP11296,2,0,0,2,0,1,0,0,0,0,0,0,0,2,1,5,1 malware/ransomware alert(s); 2 identity review concern(s),0,0,0,3,0,0,0,0,0,0,0,2,Medium,Upma Warrior,Marketing Dept,Active
EMP11305,2,0,0,2,0,1,0,0,1,0,0,0,0,0,1,5,1 malware/ransomware alert(s); 1 credential-access alert(s),0,0,0,3,0,0,2,0,0,0,0,0,Medium,Aahana Shanker,People Team,Active
EMP11344,2,0,1,1,0,0,1,0,0,0,0,0,0,0,1,5,1 PowerShell alert(s),0,3,0,0,2,0,0,0,0,0,0,0,Medium,Zayyan Krishnan,Ops Team,Active
EMP11354,2,0,0,2,0,1,0,0,0,0,0,0,0,2,1,5,1 malware/ransomware alert(s); 2 identity review concern(s),0,0,0,3,0,0,0,0,0,0,0,2,Medium,Vedika De,Business Sales,Active
EMP11442,2,0,0,1,0,0,0,1,1,0,0,0,0,1,1,5,1 lateral-movement alert(s); 1 credential-access alert(s); 1 identity review concern(s),0,0,0,0,0,2,2,0,0,0,0,1,Medium,Reyansh Keer,Purch,Active
EMP11446,2,0,0,2,0,1,1,0,0,0,0,0,0,0,1,5,1 malware/ransomware alert(s); 1 PowerShell alert(s),0,0,0,3,2,0,0,0,0,0,0,0,Medium,Mekhala Varughese,Hr,Active
EMP11454,2,0,1,0,0,0,0,0,0,0,2,0,0,0,1,5,volume/low-severity activity only,0,3,0,0,0,0,0,0,2,0,0,0,Medium,Meera Kaur,Finance,Active
EMP11472,2,0,0,1,0,0,1,0,1,0,0,0,0,1,1,5,1 PowerShell alert(s); 1 credential-access alert(s); 1 identity review concern(s),0,0,0,0,2,0,2,0,0,0,0,1,Medium,Anamika Singh,Operations,Active
EMP11659,2,0,0,2,0,1,1,0,0,0,0,0,0,0,1,5,1 malware/ransomware alert(s); 1 PowerShell alert(s),0,0,0,3,2,0,0,0,0,0,0,0,Medium,Vritti Sundaram,Operations,Active
EMP11667,2,0,0,2,0,1,1,0,0,0,0,0,0,0,1,5,1 malware/ransomware alert(s); 1 PowerShell alert(s),0,0,0,3,2,0,0,0,0,0,0,0,Medium,Inaya Nagy,Accounts,Active
EMP11740,2,0,0,2,0,1,0,1,0,0,0,0,0,0,1,5,1 malware/ransomware alert(s); 1 lateral-movement alert(s),0,0,0,3,0,2,0,0,0,0,0,0,Medium,Faris Chowdhury,Accounts,Active
EMP11836,2,0,1,0,0,0,1,0,0,0,0,0,0,0,1,5,1 PowerShell alert(s),0,3,0,0,2,0,0,0,0,0,0,0,Medium,Siya Om,Mkt,Active
EMP11849,2,0,0,2,0,1,0,0,1,0,0,0,0,0,1,5,1 malware/ransomware alert(s); 1 credential-access alert(s),0,0,0,3,0,0,2,0,0,0,0,0,Medium,Yochana Talwar,Information Technology,Active
EMP11920,2,0,1,1,0,0,0,0,0,0,2,0,0,0,1,5,volume/low-severity activity only,0,3,0,0,0,0,0,0,2,0,0,0,Medium,Gautam Keer,Finance,Active
EMP11936,2,0,0,2,0,0,0,1,0,0,1,0,0,2,1,5,1 lateral-movement alert(s); 2 identity review concern(s),0,0,0,0,0,2,0,0,1,0,0,2,Medium,Darsh Mishra,Fin,Active
EMP12003,2,0,0,1,0,1,0,1,0,0,0,0,0,0,1,5,1 malware/ransomware alert(s); 1 lateral-movement alert(s),0,0,0,3,0,2,0,0,0,0,0,0,Medium,Nitara Bhargava,Hr,Active
EMP12028,2,0,0,1,0,0,0,2,0,0,0,1,0,0,1,5,2 lateral-movement alert(s),0,0,0,0,0,4,0,0,0,1,0,0,Medium,Neha Devan,Supply Chain,Active
EMP12031,2,0,0,1,0,1,1,0,0,0,0,0,0,0,1,5,1 malware/ransomware alert(s); 1 PowerShell alert(s),0,0,0,3,2,0,0,0,0,0,0,0,Medium,Rohan Biswas,Operations Dept,Active
EMP12036,2,0,0,2,0,1,0,1,0,0,0,0,0,0,1,5,1 malware/ransomware alert(s); 1 lateral-movement alert(s),0,0,0,3,0,2,0,0,0,0,0,0,Medium,Inaya Arya,Operations Dept,Active
EMP12119,2,0,0,1,0,1,0,1,0,0,0,0,0,0,1,5,1 malware/ransomware alert(s); 1 lateral-movement alert(s),0,0,0,3,0,2,0,0,0,0,0,0,Medium,Niharika Bal,Marketing Dept,Active
EMP12142,2,0,0,2,0,0,0,1,0,0,1,0,0,2,1,5,1 lateral-movement alert(s); 2 identity review concern(s),0,0,0,0,0,2,0,0,1,0,0,2,Medium,Onveer Bumb,Information Technology,Active
EMP12161,2,0,0,2,0,1,1,0,0,0,0,0,0,0,1,5,1 malware/ransomware alert(s); 1 PowerShell alert(s),0,0,0,3,2,0,0,0,0,0,0,0,Medium,Omya Sahota,Legal,Active
EMP12194,2,0,0,2,0,1,1,0,0,0,0,0,0,0,1,5,1 malware/ransomware alert(s); 1 PowerShell alert(s),0,0,0,3,2,0,0,0,0,0,0,0,Medium,Waida Dyal,R&D,Active
EMP12214,2,0,1,1,0,0,0,0,1,0,0,0,0,0,1,5,1 credential-access alert(s),0,3,0,0,0,0,2,0,0,0,0,0,Medium,Samuel Acharya,People Team,Active
EMP12254,2,0,0,1,0,0,0,0,1,0,1,0,0,2,1,5,1 credential-access alert(s); 2 identity review concern(s),0,0,0,0,0,0,2,0,1,0,0,2,Medium,,,
EMP12256,2,0,0,1,0,0,1,0,1,0,0,0,0,1,1,5,1 PowerShell alert(s); 1 credential-access alert(s); 1 identity review concern(s),0,0,0,0,2,0,2,0,0,0,0,1,Medium,Charvi Mannan,Hr Dept,Active
EMP12266,2,0,0,0,0,1,0,1,0,0,0,0,0,0,1,5,1 malware/ransomware alert(s); 1 lateral-movement alert(s),0,0,0,3,0,2,0,0,0,0,0,0,Medium,Leena Sama,Purchase,Active
EMP12271,2,0,0,1,0,1,0,0,1,0,0,0,0,0,1,5,1 malware/ransomware alert(s); 1 credential-access alert(s),0,0,0,3,0,0,2,0,0,0,0,0,Medium,Unnati Hegde,Legal,Active
EMP12286,2,0,0,1,0,1,0,0,0,0,1,0,0,1,1,5,1 malware/ransomware alert(s); 1 identity review concern(s),0,0,0,3,0,0,0,0,1,0,0,1,Medium,Nachiket Tripathi,Hr,Active
EMP12334,2,0,0,1,0,1,0,1,0,0,0,0,0,0,1,5,1 malware/ransomware alert(s); 1 lateral-movement alert(s),0,0,0,3,0,2,0,0,0,0,0,0,Medium,Bahadurjit Sridhar,Sales,Active
EMP12348,2,0,0,2,0,0,0,1,1,0,0,0,0,1,1,5,1 lateral-movement alert(s); 1 credential-access alert(s); 1 identity review concern(s),0,0,0,0,0,2,2,0,0,0,0,1,Medium,Indrajit Sangha,Information Technology,Active
EMP12363,2,0,0,1,0,1,0,0,1,0,0,0,0,0,1,5,1 malware/ransomware alert(s); 1 credential-access alert(s),0,0,0,3,0,0,2,0,0,0,0,0,Medium,Peter Sampath,R&D,Active
EMP12365,2,0,1,2,0,0,0,0,0,0,2,0,0,0,1,5,volume/low-severity activity only,0,3,0,0,0,0,0,0,2,0,0,0,Medium,Ranveer Mahajan,Operations,Active
EMP12407,2,0,0,1,0,1,0,0,0,0,0,0,0,2,1,5,1 malware/ransomware alert(s); 2 identity review concern(s),0,0,0,3,0,0,0,0,0,0,0,2,Medium,Chavvi Chakrabarti,Ops,Active
EMP12442,2,0,0,2,0,0,0,1,1,0,0,0,0,1,1,5,1 lateral-movement alert(s); 1 credential-access alert(s); 1 identity review concern(s),0,0,0,0,0,2,2,0,0,0,0,1,Medium,Darpan Singhal,Procurement,Active
EMP12465,2,0,1,2,0,0,1,0,0,0,0,0,0,0,1,5,1 PowerShell alert(s),0,3,0,0,2,0,0,0,0,0,0,0,Medium,Thomas Majumdar,Mkt,Active
EMP12491,2,0,1,1,0,0,0,0,1,0,0,0,0,0,1,5,1 credential-access alert(s),0,3,0,0,0,0,2,0,0,0,0,0,Medium,Unni Salvi,Sales Dept,Active
EMP12509,2,0,0,2,0,1,1,0,0,0,0,0,0,0,1,5,1 malware/ransomware alert(s); 1 PowerShell alert(s),0,0,0,3,2,0,0,0,0,0,0,0,Medium,Zarna Pall,Accounts,Active
EMP12587,2,0,0,0,0,0,0,1,0,0,1,0,0,2,1,5,1 lateral-movement alert(s); 2 identity review concern(s),0,0,0,0,0,2,0,0,1,0,0,2,Medium,Charvi Bhavsar,Support,Active
EMP12667,2,0,0,1,0,1,1,0,0,0,0,0,0,0,1,5,1 malware/ransomware alert(s); 1 PowerShell alert(s),0,0,0,3,2,0,0,0,0,0,0,0,Medium,Ansh Bose,Fin,On Leave
EMP12692,2,0,0,1,0,1,1,0,0,0,0,0,0,0,1,5,1 malware/ransomware alert(s); 1 PowerShell alert(s),0,0,0,3,2,0,0,0,0,0,0,0,Medium,Dalaja Sura,Ops Team,Active
EMP12695,2,0,0,0,0,1,1,0,0,0,0,0,0,0,1,5,1 malware/ransomware alert(s); 1 PowerShell alert(s),0,0,0,3,2,0,0,0,0,0,0,0,Medium,Sai Mann,It Support,Active
EMP12720,2,0,1,1,0,0,0,0,0,0,2,0,0,0,1,5,volume/low-severity activity only,0,3,0,0,0,0,0,0,2,0,0,0,Medium,Veda Balasubramanian,Operations,Active
EMP12728,2,0,1,1,0,0,0,1,0,0,0,0,0,0,1,5,1 lateral-movement alert(s),0,3,0,0,0,2,0,0,0,0,0,0,Medium,Ekaraj Jaggi,Legal,Active
EMP12789,2,0,0,2,0,1,1,0,0,0,0,0,0,0,1,5,1 malware/ransomware alert(s); 1 PowerShell alert(s),0,0,0,3,2,0,0,0,0,0,0,0,Medium,Tamanna Kala,Legal Dept,Active
EMP12831,2,0,0,2,0,1,1,0,0,0,0,0,0,0,1,5,1 malware/ransomware alert(s); 1 PowerShell alert(s),0,0,0,3,2,0,0,0,0,0,0,0,Medium,Chatresh Nagi,Marketing,Active
EMP12866,2,0,0,2,0,1,0,0,1,0,0,0,0,0,1,5,1 malware/ransomware alert(s); 1 credential-access alert(s),0,0,0,3,0,0,2,0,0,0,0,0,Medium,Abhiram Bahri,Customer Support,Active
EMP12879,2,0,1,1,0,0,0,0,1,0,0,0,0,0,1,5,1 credential-access alert(s),0,3,0,0,0,0,2,0,0,0,0,0,Medium,Nirja Mani,Sales,Active
EMP12883,2,0,0,2,0,1,0,1,0,0,0,0,0,0,1,5,1 malware/ransomware alert(s); 1 lateral-movement alert(s),0,0,0,3,0,2,0,0,0,0,0,0,Medium,Anvi Khosla,Marketing Dept,Active
EMP12886,2,0,0,2,0,0,1,0,1,0,0,1,0,0,1,5,1 PowerShell alert(s); 1 credential-access alert(s),0,0,0,0,2,0,2,0,0,1,0,0,Medium,Nathaniel Banerjee,Marketing,Active
EMP12903,2,0,0,1,0,0,0,1,0,0,1,0,0,2,1,5,1 lateral-movement alert(s); 2 identity review concern(s),0,0,0,0,0,2,0,0,1,0,0,2,Medium,Farhan Pathak,Business Sales,Active
EMP12905,2,0,0,2,0,1,0,1,0,0,0,0,0,0,1,5,1 malware/ransomware alert(s); 1 lateral-movement alert(s),0,0,0,3,0,2,0,0,0,0,0,0,Medium,Zayan Narayan,Purchase,Active
EMP12958,2,0,0,2,0,0,1,1,0,0,0,0,0,1,1,5,1 PowerShell alert(s); 1 lateral-movement alert(s); 1 identity review concern(s),0,0,0,0,2,2,0,0,0,0,0,1,Medium,Qadim Zachariah,R&D,Active
EMP12986,2,0,0,1,0,0,0,1,0,0,1,0,0,2,1,5,1 lateral-movement alert(s); 2 identity review concern(s),0,0,0,0,0,2,0,0,1,0,0,2,Medium,Ekaja Dugar,Information Technology,Active
EMP10018,1,0,0,1,0,0,0,1,0,0,0,0,1,0,1,5,1 lateral-movement alert(s); 1 inactive-user event(s),0,0,0,0,0,2,0,0,0,0,3,0,Medium,Orinder Bera,Call Center,Inactive
EMP10032,1,0,1,0,0,0,1,0,0,0,0,0,0,0,1,5,1 PowerShell alert(s),0,3,0,0,2,0,0,0,0,0,0,0,Medium,Lila Nadkarni,Operations Dept,Active
EMP10084,1,1,0,0,0,0,0,0,0,0,0,0,0,0,1,5,1 critical alert(s),5,0,0,0,0,0,0,0,0,0,0,0,Medium,Pavani Mitter,Accounts,Active
EMP10171,1,0,1,1,0,0,0,1,0,0,0,0,0,0,1,5,1 lateral-movement alert(s),0,3,0,0,0,2,0,0,0,0,0,0,Medium,Bimala Nayar,Fin,Active
EMP10172,1,0,1,0,0,0,0,0,1,0,0,0,0,0,1,5,1 credential-access alert(s),0,3,0,0,0,0,2,0,0,0,0,0,Medium,Chakradhar Ravi,Research And Development,Active
EMP10182,1,0,1,0,0,0,1,0,0,0,0,0,0,0,1,5,1 PowerShell alert(s),0,3,0,0,2,0,0,0,0,0,0,0,Medium,Gagan Edwin,Fin,Active
EMP10201,1,0,0,1,0,0,0,1,0,0,0,0,1,0,1,5,1 lateral-movement alert(s); 1 inactive-user event(s),0,0,0,0,0,2,0,0,0,0,3,0,Medium,Warhi Sharma,Operations,Disabled
EMP10257,1,0,1,1,0,0,0,0,1,0,0,0,0,0,1,5,1 credential-access alert(s),0,3,0,0,0,0,2,0,0,0,0,0,Medium,Frederick Kaur,Procurement Team,Active
EMP10319,1,0,1,1,0,0,0,0,1,0,0,0,0,0,1,5,1 credential-access alert(s),0,3,0,0,0,0,2,0,0,0,0,0,Medium,Hredhaan Nagi,Research And Development,Active
EMP10326,1,0,0,1,0,0,0,0,1,0,0,0,1,0,1,5,1 credential-access alert(s); 1 inactive-user event(s),0,0,0,0,0,0,2,0,0,0,3,0,Medium,Zarna Rao,Marketing Dept,Disabled
EMP10331,1,0,0,1,0,0,0,1,0,0,0,0,1,0,1,5,1 lateral-movement alert(s); 1 inactive-user event(s),0,0,0,0,0,2,0,0,0,0,3,0,Medium,Janaki Hegde,Hr Dept,Disabled
EMP10513,1,0,0,1,0,0,0,1,0,0,0,0,1,0,1,5,1 lateral-movement alert(s); 1 inactive-user event(s),0,0,0,0,0,2,0,0,0,0,3,0,Medium,Ekanta Sengupta,Call Center,Inactive
EMP10581,1,0,0,0,0,1,0,0,0,0,0,1,0,1,1,5,1 malware/ransomware alert(s); 1 identity review concern(s),0,0,0,3,0,0,0,0,0,1,0,1,Medium,Nidra Agate,Information Technology,Active
EMP10591,1,0,1,1,0,0,1,0,0,0,0,0,0,0,1,5,1 PowerShell alert(s),0,3,0,0,2,0,0,0,0,0,0,0,Medium,Fariq Chhabra,Rd,Active
EMP10607,1,0,0,0,0,0,0,0,1,0,0,0,1,0,1,5,1 credential-access alert(s); 1 inactive-user event(s),0,0,0,0,0,0,2,0,0,0,3,0,Medium,Atharv Saran,Marketing,Disabled
EMP10675,1,0,0,0,0,0,0,0,1,0,0,0,1,0,1,5,1 credential-access alert(s); 1 inactive-user event(s),0,0,0,0,0,0,2,0,0,0,3,0,Medium,Jackson Lad,Marketing Dept,Inactive
EMP10689,1,0,1,1,0,0,0,0,1,0,0,0,0,0,1,5,1 credential-access alert(s),0,3,0,0,0,0,2,0,0,0,0,0,Medium,Sai Pathak,Marketing,Active
EMP10768,1,0,1,1,0,0,0,1,0,0,0,0,0,0,1,5,1 lateral-movement alert(s),0,3,0,0,0,2,0,0,0,0,0,0,Medium,Idika Rao,Procurement Team,Active
EMP10782,1,0,0,1,0,0,0,0,1,0,0,0,1,0,1,5,1 credential-access alert(s); 1 inactive-user event(s),0,0,0,0,0,0,2,0,0,0,3,0,Medium,Benjamin Sahota,Marketing Dept,Disabled
EMP10865,1,0,1,1,0,0,1,0,0,0,0,0,0,0,1,5,1 PowerShell alert(s),0,3,0,0,2,0,0,0,0,0,0,0,Medium,Sanya Kala,Legal Dept,Active
EMP10915,1,0,1,1,0,0,0,0,1,0,0,0,0,0,1,5,1 credential-access alert(s),0,3,0,0,0,0,2,0,0,0,0,0,Medium,Daksh Chaudhry,Support,Active
EMP10964,1,0,0,1,0,0,0,0,1,0,0,0,1,0,1,5,1 credential-access alert(s); 1 inactive-user event(s),0,0,0,0,0,0,2,0,0,0,3,0,Medium,Bahadurjit Ramanathan,Sales Team,Disabled
EMP11032,1,0,1,0,0,0,1,0,0,0,0,0,0,0,1,5,1 PowerShell alert(s),0,3,0,0,2,0,0,0,0,0,0,0,Medium,Hiral Kibe,People Team,Active
EMP11226,1,0,1,0,0,0,0,0,0,0,1,0,0,1,1,5,1 identity review concern(s),0,3,0,0,0,0,0,0,1,0,0,1,Medium,,,
EMP11251,1,0,0,1,0,0,0,0,0,0,1,0,1,1,1,5,1 inactive-user event(s); 1 identity review concern(s),0,0,0,0,0,0,0,0,1,0,3,1,Medium,Amrita Balakrishnan,Procurement,Inactive
EMP11284,1,0,1,1,0,0,0,1,0,0,0,0,0,0,1,5,1 lateral-movement alert(s),0,3,0,0,0,2,0,0,0,0,0,0,Medium,Charvi Dyal,Marketing Dept,Active
EMP11384,1,0,1,1,0,0,0,0,1,0,0,0,0,0,1,5,1 credential-access alert(s),0,3,0,0,0,0,2,0,0,0,0,0,Medium,Daniel Bains,Compliance,Active
EMP11579,1,0,1,1,0,0,1,0,0,0,0,0,0,0,1,5,1 PowerShell alert(s),0,3,0,0,2,0,0,0,0,0,0,0,Medium,Naksh Sekhon,Research And Development,Active
EMP11692,1,0,1,1,0,0,0,1,0,0,0,0,0,0,1,5,1 lateral-movement alert(s),0,3,0,0,0,2,0,0,0,0,0,0,Medium,Qarin Rau,Rd,On Leave
EMP11848,1,0,0,0,0,0,1,0,0,0,0,0,1,0,1,5,1 PowerShell alert(s); 1 inactive-user event(s),0,0,0,0,2,0,0,0,0,0,3,0,Medium,Dev Nath,Cs,Inactive
EMP11891,1,0,1,1,0,0,1,0,0,0,0,0,0,0,1,5,1 PowerShell alert(s),0,3,0,0,2,0,0,0,0,0,0,0,Medium,Charita Shenoy,People Team,Active
EMP11903,1,0,0,1,0,0,1,0,0,0,0,0,1,0,1,5,1 PowerShell alert(s); 1 inactive-user event(s),0,0,0,0,2,0,0,0,0,0,3,0,Medium,Amruta Modi,Sales,Inactive
EMP12033,1,0,0,1,0,0,1,0,0,0,0,0,1,0,1,5,1 PowerShell alert(s); 1 inactive-user event(s),0,0,0,0,2,0,0,0,0,0,3,0,Medium,Jason Lanka,Support,Disabled
EMP12048,1,0,1,1,0,0,1,0,0,0,0,0,0,0,1,5,1 PowerShell alert(s),0,3,0,0,2,0,0,0,0,0,0,0,Medium,Lopa Dewan,Research And Development,Active
EMP12116,1,0,1,0,0,0,0,1,0,0,0,0,0,0,1,5,1 lateral-movement alert(s),0,3,0,0,0,2,0,0,0,0,0,0,Medium,Saanvi Konda,Customer Care,Active
EMP12126,1,0,0,1,0,0,0,0,1,0,0,0,1,0,1,5,1 credential-access alert(s); 1 inactive-user event(s),0,0,0,0,0,0,2,0,0,0,3,0,Medium,Ekiya Kota,Purch,Inactive
EMP12274,1,0,0,1,0,0,1,0,0,0,0,0,1,0,1,5,1 PowerShell alert(s); 1 inactive-user event(s),0,0,0,0,2,0,0,0,0,0,3,0,Medium,Praneel Sastry,Supply Chain,Disabled
EMP12276,1,1,0,0,0,0,0,0,0,0,0,0,0,0,1,5,1 critical alert(s),5,0,0,0,0,0,0,0,0,0,0,0,Medium,Dev Munshi,Support,Active
EMP12289,1,0,1,1,0,0,1,0,0,0,0,0,0,0,1,5,1 PowerShell alert(s),0,3,0,0,2,0,0,0,0,0,0,0,Medium,Ryan Warrior,Purchase,Active
EMP12290,1,0,0,0,0,0,0,0,1,0,0,0,1,0,1,5,1 credential-access alert(s); 1 inactive-user event(s),0,0,0,0,0,0,2,0,0,0,3,0,Medium,Qadim Bedi,Legal,Inactive
EMP12328,1,0,0,1,0,0,1,0,0,0,0,0,1,0,1,5,1 PowerShell alert(s); 1 inactive-user event(s),0,0,0,0,2,0,0,0,0,0,3,0,Medium,Eesha Nigam,Rd,Inactive
EMP12339,1,0,1,0,0,0,0,1,0,0,0,0,0,0,1,5,1 lateral-movement alert(s),0,3,0,0,0,2,0,0,0,0,0,0,Medium,Neel Kade,Human Resource,Active
EMP12359,1,0,1,0,0,0,1,0,0,0,0,0,0,0,1,5,1 PowerShell alert(s),0,3,0,0,2,0,0,0,0,0,0,0,Medium,Rachana Sibal,Legal,Active
EMP12438,1,0,1,1,0,0,0,0,1,0,0,0,0,0,1,5,1 credential-access alert(s),0,3,0,0,0,0,2,0,0,0,0,0,Medium,Panini Randhawa,Rd,Active
EMP12441,1,0,0,1,0,0,0,1,0,0,0,0,1,0,1,5,1 lateral-movement alert(s); 1 inactive-user event(s),0,0,0,0,0,2,0,0,0,0,3,0,Medium,Varenya Gala,Supply Chain,Disabled
EMP12540,1,0,0,1,0,0,0,0,1,0,0,0,1,0,1,5,1 credential-access alert(s); 1 inactive-user event(s),0,0,0,0,0,0,2,0,0,0,3,0,Medium,Kashvi Gulati,Fin,Disabled
EMP12685,1,0,1,0,0,0,0,1,0,0,0,0,0,0,1,5,1 lateral-movement alert(s),0,3,0,0,0,2,0,0,0,0,0,0,Medium,Eshana Pant,Ops,Active
EMP12710,1,0,1,1,0,0,1,0,0,0,0,0,0,0,1,5,1 PowerShell alert(s),0,3,0,0,2,0,0,0,0,0,0,0,Medium,Samar Modi,Fin,Active
EMP12772,1,0,1,1,0,0,0,0,1,0,0,0,0,0,1,5,1 credential-access alert(s),0,3,0,0,0,0,2,0,0,0,0,0,Medium,Gauri Sabharwal,It,Active
EMP12860,1,0,1,0,0,0,0,1,0,0,0,0,0,0,1,5,1 lateral-movement alert(s),0,3,0,0,0,2,0,0,0,0,0,0,Medium,Isha Mand,Mktg,On Leave
EMP12870,1,0,1,1,0,0,0,0,1,0,0,0,0,0,1,5,1 credential-access alert(s),0,3,0,0,0,0,2,0,0,0,0,0,Medium,Yochana Goda,Research And Development,Active
EMP12913,1,0,1,0,0,0,0,1,0,0,0,0,0,0,1,5,1 lateral-movement alert(s),0,3,0,0,0,2,0,0,0,0,0,0,Medium,Reyansh Cheema,Ops Team,Active
EMP12929,1,0,0,1,0,0,1,0,0,0,0,0,1,0,1,5,1 PowerShell alert(s); 1 inactive-user event(s),0,0,0,0,2,0,0,0,0,0,3,0,Medium,Triveni Prasad,Rnd,Disabled
EMP12934,1,0,1,0,0,0,1,0,0,0,0,0,0,0,1,5,1 PowerShell alert(s),0,3,0,0,2,0,0,0,0,0,0,0,Medium,Gaurav Bains,Purchase,Active
EMP12937,1,0,1,0,0,0,0,1,0,0,0,0,0,0,1,5,1 lateral-movement alert(s),0,3,0,0,0,2,0,0,0,0,0,0,Medium,Turvi Garg,Supply Chain,Active
EMP12942,1,0,1,1,0,0,1,0,0,0,0,0,0,0,1,5,1 PowerShell alert(s),0,3,0,0,2,0,0,0,0,0,0,0,Medium,Harsh Sood,People Team,Active
EMP10031,4,0,0,2,0,0,1,0,0,0,1,1,0,0,1,4,1 PowerShell alert(s),0,0,0,0,2,0,0,0,1,1,0,0,Low,Jyoti Rau,Purchase,Active
EMP10443,3,0,0,2,0,1,0,0,0,0,1,0,0,0,1,4,1 malware/ransomware alert(s),0,0,0,3,0,0,0,0,1,0,0,0,Low,Tejas Raghavan,Information Tech,Active
EMP10580,3,0,0,2,0,1,0,0,0,0,1,0,0,0,1,4,1 malware/ransomware alert(s),0,0,0,3,0,0,0,0,1,0,0,0,Low,Anay Palan,Fin,Active
EMP10602,3,0,0,1,0,1,0,0,0,0,0,0,0,1,1,4,1 malware/ransomware alert(s); 1 identity review concern(s),0,0,0,3,0,0,0,0,0,0,0,1,Low,Sai Goda,Purchase,Active
EMP10699,3,0,0,1,0,0,1,1,0,0,0,0,0,0,1,4,1 PowerShell alert(s); 1 lateral-movement alert(s),0,0,0,0,2,2,0,0,0,0,0,0,Low,Yatan Randhawa,Operations,Active
EMP10796,3,0,0,2,0,0,0,0,1,0,0,0,0,2,1,4,1 credential-access alert(s); 2 identity review concern(s),0,0,0,0,0,0,2,0,0,0,0,2,Low,Veer Singh,Operations,Active
EMP11413,3,0,0,3,0,1,0,0,0,0,1,0,0,0,1,4,1 malware/ransomware alert(s),0,0,0,3,0,0,0,0,1,0,0,0,Low,Tejas Vora,Operations Dept,Active
EMP11651,3,0,0,3,0,0,1,0,1,0,0,0,0,0,1,4,1 PowerShell alert(s); 1 credential-access alert(s),0,0,0,0,2,0,2,0,0,0,0,0,Low,Ethan Bhattacharyya,Legal Dept,
EMP11942,3,0,0,2,0,0,1,0,1,0,0,0,0,0,1,4,1 PowerShell alert(s); 1 credential-access alert(s),0,0,0,0,2,0,2,0,0,0,0,0,Low,Hemangini Mand,It,Active
EMP12041,3,0,0,1,0,0,1,0,0,0,2,0,0,0,1,4,1 PowerShell alert(s),0,0,0,0,2,0,0,0,2,0,0,0,Low,Advaith Choudhary,Business Sales,Active
EMP12300,3,0,0,2,0,0,1,0,0,0,1,0,0,1,1,4,1 PowerShell alert(s); 1 identity review concern(s),0,0,0,0,2,0,0,0,1,0,0,1,Low,Jeevika Bhardwaj,Customer Care,Active
EMP12422,3,0,0,2,0,0,0,0,1,0,2,0,0,0,1,4,1 credential-access alert(s),0,0,0,0,0,0,2,0,2,0,0,0,Low,Madhav Grover,Operations,Active
EMP12749,3,0,0,2,0,1,0,0,0,0,1,0,0,0,1,4,1 malware/ransomware alert(s),0,0,0,3,0,0,0,0,1,0,0,0,Low,Darika Mandal,Human Resources,Active
EMP12766,3,0,0,2,0,1,0,0,0,0,1,0,0,0,1,4,1 malware/ransomware alert(s),0,0,0,3,0,0,0,0,1,0,0,0,Low,Aayush Sharaf,Brand Team,Active
EMP10095,2,0,0,2,0,0,0,0,1,0,1,1,0,0,1,4,1 credential-access alert(s),0,0,0,0,0,0,2,0,1,1,0,0,Low,Pranav Apte,Ops Team,Active
EMP10241,2,0,0,2,0,0,0,1,0,0,1,0,0,1,1,4,1 lateral-movement alert(s); 1 identity review concern(s),0,0,0,0,0,2,0,0,1,0,0,1,Low,Varenya Narain,Legal Dept,Active
EMP10582,2,0,0,1,0,0,0,1,0,0,1,0,0,1,1,4,1 lateral-movement alert(s); 1 identity review concern(s),0,0,0,0,0,2,0,0,1,0,0,1,Low,Charan Deshmukh,Sales Team,Active
EMP10601,2,0,0,1,0,0,0,0,2,0,0,0,0,0,1,4,2 credential-access alert(s),0,0,0,0,0,0,4,0,0,0,0,0,Low,Urmi Borra,Customer Care,Active
EMP10620,2,0,0,1,0,1,0,0,0,0,0,0,0,1,1,4,1 malware/ransomware alert(s); 1 identity review concern(s),0,0,0,3,0,0,0,0,0,0,0,1,Low,Udyati Basu,Ops Team,Active
EMP10677,2,0,0,1,0,0,0,0,1,0,1,0,0,1,1,4,1 credential-access alert(s); 1 identity review concern(s),0,0,0,0,0,0,2,0,1,0,0,1,Low,Aashi Nadig,Call Center,Active
EMP11037,2,0,1,2,0,0,0,0,0,0,1,0,0,0,1,4,volume/low-severity activity only,0,3,0,0,0,0,0,0,1,0,0,0,Low,Abdul Baral,People Team,Active
EMP11055,2,0,0,2,0,1,0,0,0,0,1,0,0,0,1,4,1 malware/ransomware alert(s),0,0,0,3,0,0,0,0,1,0,0,0,Low,Urmi Sunder,Support,Active
EMP11115,2,0,0,1,0,0,1,0,0,0,1,0,0,1,1,4,1 PowerShell alert(s); 1 identity review concern(s),0,0,0,0,2,0,0,0,1,0,0,1,Low,Ishaan Prabhakar,Mkt,Active
EMP11139,2,0,0,2,0,0,1,1,0,0,0,0,0,0,1,4,1 PowerShell alert(s); 1 lateral-movement alert(s),0,0,0,0,2,2,0,0,0,0,0,0,Low,Ranveer Rattan,Operations Dept,Active
EMP11157,2,0,1,0,0,0,0,0,0,0,0,1,0,0,1,4,volume/low-severity activity only,0,3,0,0,0,0,0,0,0,1,0,0,Low,Jyoti Brar,People Team,Active
EMP11291,2,0,0,1,0,1,0,0,0,0,1,0,0,0,1,4,1 malware/ransomware alert(s),0,0,0,3,0,0,0,0,1,0,0,0,Low,Gayathri Cherian,Innovation,Active
EMP11293,2,0,0,0,0,0,1,1,0,0,0,0,0,0,1,4,1 PowerShell alert(s); 1 lateral-movement alert(s),0,0,0,0,2,2,0,0,0,0,0,0,Low,Upasna Gade,Mkt,Active
EMP11350,2,0,0,1,0,1,0,0,0,0,0,0,0,1,1,4,1 malware/ransomware alert(s); 1 identity review concern(s),0,0,0,3,0,0,0,0,0,0,0,1,Low,Utkarsh Nadig,Operations Dept,Active
EMP11362,2,0,0,2,0,1,0,0,0,0,0,0,0,1,1,4,1 malware/ransomware alert(s); 1 identity review concern(s),0,0,0,3,0,0,0,0,0,0,0,1,Low,Meghana Jaggi,Hr Dept,Active
EMP11406,2,0,0,1,0,0,0,0,2,0,0,0,0,0,1,4,2 credential-access alert(s),0,0,0,0,0,0,4,0,0,0,0,0,Low,Urishilla Bhatt,Sales,Active
EMP11416,2,0,0,2,0,0,0,2,0,0,0,0,0,0,1,4,2 lateral-movement alert(s),0,0,0,0,0,4,0,0,0,0,0,0,Low,Ria Khare,Legal,Active
EMP11456,2,0,0,2,0,0,2,0,0,0,0,0,0,0,1,4,2 PowerShell alert(s),0,0,0,0,4,0,0,0,0,0,0,0,Low,Dev Kata,Legal,Active
EMP11468,2,0,0,2,0,0,0,2,0,0,0,0,0,0,1,4,2 lateral-movement alert(s),0,0,0,0,0,4,0,0,0,0,0,0,Low,Neelima Varty,People Team,Active
EMP11529,2,0,0,2,0,0,0,1,0,0,1,0,0,1,1,4,1 lateral-movement alert(s); 1 identity review concern(s),0,0,0,0,0,2,0,0,1,0,0,1,Low,Chakradhar Basak,Brand Team,Active
EMP11533,2,0,0,2,0,0,1,1,0,0,0,0,0,0,1,4,1 PowerShell alert(s); 1 lateral-movement alert(s),0,0,0,0,2,2,0,0,0,0,0,0,Low,Abdul Mitra,Ops Team,Active
EMP11539,2,0,0,2,0,0,0,0,1,0,0,0,0,2,1,4,1 credential-access alert(s); 2 identity review concern(s),0,0,0,0,0,0,2,0,0,0,0,2,Low,Aradhana Korpal,Ops Team,Active
EMP11553,2,0,0,1,0,1,0,0,0,0,0,0,0,1,1,4,1 malware/ransomware alert(s); 1 identity review concern(s),0,0,0,3,0,0,0,0,0,0,0,1,Low,Zaid Chad,Legal,Active
EMP11607,2,0,0,0,0,0,0,2,0,0,0,0,0,0,1,4,2 lateral-movement alert(s),0,0,0,0,0,4,0,0,0,0,0,0,Low,Shivansh Chaudhry,Legal Dept,Active
EMP11622,2,0,0,1,0,1,0,0,0,0,1,0,0,0,1,4,1 malware/ransomware alert(s),0,0,0,3,0,0,0,0,1,0,0,0,Low,Abhiram Issac,Purch,Active
EMP11675,2,0,0,2,0,1,0,0,0,0,0,0,0,1,1,4,1 malware/ransomware alert(s); 1 identity review concern(s),0,0,0,3,0,0,0,0,0,0,0,1,Low,Jatin Narasimhan,People Team,Active
EMP11686,2,0,0,1,0,1,0,0,0,0,0,0,0,1,1,4,1 malware/ransomware alert(s); 1 identity review concern(s),0,0,0,3,0,0,0,0,0,0,0,1,Low,Ekani Bhat,Operations,Active
EMP11695,2,0,0,2,0,0,0,0,2,0,0,0,0,0,1,4,2 credential-access alert(s),0,0,0,0,0,0,4,0,0,0,0,0,Low,Fiyaz Mishra,Finance Dept,Active
EMP11829,2,0,0,2,0,0,0,0,0,0,2,0,0,2,1,4,2 identity review concern(s),0,0,0,0,0,0,0,0,2,0,0,2,Low,Azad Dewan,Purch,Active
EMP11859,2,0,0,1,0,0,0,0,1,0,0,0,0,2,1,4,1 credential-access alert(s); 2 identity review concern(s),0,0,0,0,0,0,2,0,0,0,0,2,Low,Aachal Sarraf,Sales Dept,Active
EMP11866,2,0,0,2,0,0,0,1,1,0,0,0,0,0,1,4,1 lateral-movement alert(s); 1 credential-access alert(s),0,0,0,0,0,2,2,0,0,0,0,0,Low,Leena Sankaran,Finance Dept,Active
EMP11909,2,0,0,1,0,0,1,0,1,0,0,0,0,0,1,4,1 PowerShell alert(s); 1 credential-access alert(s),0,0,0,0,2,0,2,0,0,0,0,0,Low,Kashvi Bhagat,Accounts,Active
EMP11984,2,0,0,1,0,1,0,0,0,0,0,0,0,1,1,4,1 malware/ransomware alert(s); 1 identity review concern(s),0,0,0,3,0,0,0,0,0,0,0,1,Low,Imaran Sankar,Legal Dept,Active
EMP12000,2,0,0,1,0,0,0,0,1,0,0,0,0,2,1,4,1 credential-access alert(s); 2 identity review concern(s),0,0,0,0,0,0,2,0,0,0,0,2,Low,Indali Korpal,Legal,Active
EMP12024,2,0,0,1,0,0,1,1,0,0,0,0,0,0,1,4,1 PowerShell alert(s); 1 lateral-movement alert(s),0,0,0,0,2,2,0,0,0,0,0,0,Low,Imaran Narasimhan,Call Center,Active
EMP12070,2,0,0,1,0,1,0,0,0,0,0,0,0,1,1,4,1 malware/ransomware alert(s); 1 identity review concern(s),0,0,0,3,0,0,0,0,0,0,0,1,Low,Suhani Ghose,Cs,Active
EMP12080,2,0,0,1,0,0,0,0,1,0,1,0,0,1,1,4,1 credential-access alert(s); 1 identity review concern(s),0,0,0,0,0,0,2,0,1,0,0,1,Low,Ojas Bala,Operations,Active
EMP12112,2,0,0,1,0,0,2,0,0,0,0,0,0,0,1,4,2 PowerShell alert(s),0,0,0,0,4,0,0,0,0,0,0,0,Low,Forum Palla,Marketing,Active
EMP12295,2,0,0,2,0,0,1,0,1,0,0,0,0,0,1,4,1 PowerShell alert(s); 1 credential-access alert(s),0,0,0,0,2,0,2,0,0,0,0,0,Low,Damini Prabhakar,Procurement Team,Active
EMP12303,2,0,0,1,0,1,0,0,0,0,0,0,0,1,1,4,1 malware/ransomware alert(s); 1 identity review concern(s),0,0,0,3,0,0,0,0,0,0,0,1,Low,Lila Srinivasan,Finance,Active
EMP12346,2,0,0,1,0,1,0,0,0,0,0,0,0,1,1,4,1 malware/ransomware alert(s); 1 identity review concern(s),0,0,0,3,0,0,0,0,0,0,0,1,Low,Upasna Vig,Purch,Active
EMP12353,2,0,0,0,0,0,0,0,2,0,0,0,0,0,1,4,2 credential-access alert(s),0,0,0,0,0,0,4,0,0,0,0,0,Low,Veda Sidhu,Sales,Active
EMP12383,2,0,1,2,0,0,0,0,0,0,1,0,0,0,1,4,volume/low-severity activity only,0,3,0,0,0,0,0,0,1,0,0,0,Low,Gaurangi Natarajan,Legal,Active
EMP12461,2,0,0,1,0,1,0,0,0,0,1,0,0,0,1,4,1 malware/ransomware alert(s),0,0,0,3,0,0,0,0,1,0,0,0,Low,Nachiket Ganguly,Hr,Active
EMP12471,2,0,0,1,0,1,0,0,0,0,0,0,0,1,1,4,1 malware/ransomware alert(s); 1 identity review concern(s),0,0,0,3,0,0,0,0,0,0,0,1,Low,Azad Bal,Marketing Dept,Active
EMP12529,2,0,0,1,0,0,0,0,0,0,2,0,0,2,1,4,2 identity review concern(s),0,0,0,0,0,0,0,0,2,0,0,2,Low,Kala Arora,Human Resources,Active
EMP12533,2,0,0,2,0,1,0,0,0,0,0,1,0,0,1,4,1 malware/ransomware alert(s),0,0,0,3,0,0,0,0,0,1,0,0,Low,Qarin Hayer,Finance Dept,Active
EMP12650,2,0,0,0,0,0,1,1,0,0,0,0,0,0,1,4,1 PowerShell alert(s); 1 lateral-movement alert(s),0,0,0,0,2,2,0,0,0,0,0,0,Low,Hemal Sarin,Information Technology,Active
EMP12719,2,0,0,1,0,0,1,0,1,0,0,0,0,0,1,4,1 PowerShell alert(s); 1 credential-access alert(s),0,0,0,0,2,0,2,0,0,0,0,0,Low,Hamsini Dhar,Marketing,Active
EMP12739,2,0,0,2,0,1,0,0,0,0,0,0,0,1,1,4,1 malware/ransomware alert(s); 1 identity review concern(s),0,0,0,3,0,0,0,0,0,0,0,1,Low,Manan Choudhary,Rnd,Active
EMP12740,2,0,0,2,0,1,0,0,0,0,1,0,0,0,1,4,1 malware/ransomware alert(s),0,0,0,3,0,0,0,0,1,0,0,0,Low,Jasmit Madan,Rd,Active
EMP12756,2,0,0,0,0,1,0,0,0,0,1,0,0,0,1,4,1 malware/ransomware alert(s),0,0,0,3,0,0,0,0,1,0,0,0,Low,Karan Mohan,Sales,Active
EMP12807,2,0,0,2,0,1,0,0,0,0,0,0,0,1,1,4,1 malware/ransomware alert(s); 1 identity review concern(s),0,0,0,3,0,0,0,0,0,0,0,1,Low,Damyanti Wali,Business Sales,Active
EMP12808,2,0,0,0,0,0,0,1,1,0,0,0,0,0,1,4,1 lateral-movement alert(s); 1 credential-access alert(s),0,0,0,0,0,2,2,0,0,0,0,0,Low,Zinal Karnik,Accounts,Active
EMP12946,2,0,0,1,0,0,0,1,1,0,0,0,0,0,1,4,1 lateral-movement alert(s); 1 credential-access alert(s),0,0,0,0,0,2,2,0,0,0,0,0,Low,Faris Khosla,Ops,Active
EMP12989,2,0,0,2,0,1,0,0,0,0,1,0,0,0,1,4,1 malware/ransomware alert(s),0,0,0,3,0,0,0,0,1,0,0,0,Low,Rayaan Gulati,Procurement Team,Active
EMP12992,2,0,0,2,0,0,0,1,1,0,0,0,0,0,1,4,1 lateral-movement alert(s); 1 credential-access alert(s),0,0,0,0,0,2,2,0,0,0,0,0,Low,Sathvik Agrawal,Compliance,Active
EMP10078,1,0,1,1,0,0,0,0,0,0,1,0,0,0,1,4,volume/low-severity activity only,0,3,0,0,0,0,0,0,1,0,0,0,Low,Dakshesh Joshi,Research And Development,Active
EMP10110,1,0,0,1,0,1,0,0,0,0,0,0,0,1,1,4,1 malware/ransomware alert(s); 1 identity review concern(s),0,0,0,3,0,0,0,0,0,0,0,1,Low,Chaitanya Atwal,Hr Dept,Active
EMP10138,1,0,0,0,0,0,0,0,0,0,0,0,1,1,1,4,1 inactive-user event(s); 1 identity review concern(s),0,0,0,0,0,0,0,0,0,0,3,1,Low,Samuel Choudhury,Legal,Disabled
EMP10145,1,0,0,0,0,0,0,0,0,0,1,0,1,0,1,4,1 inactive-user event(s),0,0,0,0,0,0,0,0,1,0,3,0,Low,Abhimanyu Dass,Marketing,Inactive
EMP10147,1,0,0,1,0,1,0,0,0,0,0,0,0,1,1,4,1 malware/ransomware alert(s); 1 identity review concern(s),0,0,0,3,0,0,0,0,0,0,0,1,Low,Damyanti Ganguly,Marketing Dept,Active
EMP10275,1,0,1,1,0,0,0,0,0,0,0,0,0,1,1,4,1 identity review concern(s),0,3,0,0,0,0,0,0,0,0,0,1,Low,Ira Ravi,Sales Dept,Active
EMP10278,1,0,0,0,0,1,0,0,0,0,0,0,0,1,1,4,1 malware/ransomware alert(s); 1 identity review concern(s),0,0,0,3,0,0,0,0,0,0,0,1,Low,David Lad,Finance,Active
EMP10289,1,0,0,1,0,1,0,0,0,0,0,0,0,1,1,4,1 malware/ransomware alert(s); 1 identity review concern(s),0,0,0,3,0,0,0,0,0,0,0,1,Low,,,
EMP10322,1,0,0,1,0,1,0,0,0,0,0,0,0,1,1,4,1 malware/ransomware alert(s); 1 identity review concern(s),0,0,0,3,0,0,0,0,0,0,0,1,Low,,,
EMP10364,1,0,0,0,0,1,0,0,0,0,0,0,0,1,1,4,1 malware/ransomware alert(s); 1 identity review concern(s),0,0,0,3,0,0,0,0,0,0,0,1,Low,Brijesh Golla,Human Resources,Active
EMP10376,1,0,0,0,0,1,0,0,0,0,0,0,0,1,1,4,1 malware/ransomware alert(s); 1 identity review concern(s),0,0,0,3,0,0,0,0,0,0,0,1,Low,Bhanumati Chandran,It Support,Active
EMP10390,1,0,1,1,0,0,0,0,0,0,1,0,0,0,1,4,volume/low-severity activity only,0,3,0,0,0,0,0,0,1,0,0,0,Low,Girish Balakrishnan,People Team,Active
EMP10413,1,0,0,1,0,1,0,0,0,0,0,1,0,0,1,4,1 malware/ransomware alert(s),0,0,0,3,0,0,0,0,0,1,0,0,Low,Rushil Sunder,People Team,Active
EMP10456,1,0,0,1,0,1,0,0,0,0,0,0,0,1,1,4,1 malware/ransomware alert(s); 1 identity review concern(s),0,0,0,3,0,0,0,0,0,0,0,1,Low,Daksh Kari,Supply Chain,Active
EMP10524,1,0,0,1,0,1,0,0,0,0,0,0,0,1,1,4,1 malware/ransomware alert(s); 1 identity review concern(s),0,0,0,3,0,0,0,0,0,0,0,1,Low,Zarna Bora,Call Center,Active
EMP10612,1,0,0,1,0,1,0,0,0,0,0,0,0,1,1,4,1 malware/ransomware alert(s); 1 identity review concern(s),0,0,0,3,0,0,0,0,0,0,0,1,Low,,,
EMP10704,1,0,0,1,0,1,0,0,0,0,0,0,0,1,1,4,1 malware/ransomware alert(s); 1 identity review concern(s),0,0,0,3,0,0,0,0,0,0,0,1,Low,Pavani Wali,Operations,Active
EMP10725,1,0,1,1,0,0,0,0,0,0,1,0,0,0,1,4,volume/low-severity activity only,0,3,0,0,0,0,0,0,1,0,0,0,Low,Tanveer Bhavsar,Information Tech,Active
EMP10757,1,0,0,1,0,1,0,0,0,0,0,0,0,1,1,4,1 malware/ransomware alert(s); 1 identity review concern(s),0,0,0,3,0,0,0,0,0,0,0,1,Low,Gaurika Bains,Customer Support,Active
EMP10836,1,0,0,0,0,1,0,0,0,0,0,0,0,1,1,4,1 malware/ransomware alert(s); 1 identity review concern(s),0,0,0,3,0,0,0,0,0,0,0,1,Low,Mahika Dube,Customer Support,Active
EMP10840,1,0,0,1,0,0,0,0,0,0,1,0,1,0,1,4,1 inactive-user event(s),0,0,0,0,0,0,0,0,1,0,3,0,Low,Azad Hora,Human Resource,Disabled
EMP10871,1,0,0,1,0,1,0,0,0,0,0,0,0,1,1,4,1 malware/ransomware alert(s); 1 identity review concern(s),0,0,0,3,0,0,0,0,0,0,0,1,Low,Aahana Chaudhary,Ops Team,Active
EMP10936,1,0,0,1,0,1,0,0,0,0,0,0,0,1,1,4,1 malware/ransomware alert(s); 1 identity review concern(s),0,0,0,3,0,0,0,0,0,0,0,1,Low,Chatura Sengupta,Rd,Active
EMP11029,1,0,0,1,0,1,0,0,0,0,0,1,0,0,1,4,1 malware/ransomware alert(s),0,0,0,3,0,0,0,0,0,1,0,0,Low,Gaurangi Kibe,Human Resource,Active
EMP11031,1,0,0,1,0,1,0,0,0,0,0,0,0,1,1,4,1 malware/ransomware alert(s); 1 identity review concern(s),0,0,0,3,0,0,0,0,0,0,0,1,Low,Samuel Hari,Ops Team,Active
EMP11081,1,0,1,0,0,0,0,0,0,0,1,0,0,0,1,4,volume/low-severity activity only,0,3,0,0,0,0,0,0,1,0,0,0,Low,Vanya Om,Customer Care,Active
EMP11118,1,0,1,0,0,0,0,0,0,0,1,0,0,0,1,4,volume/low-severity activity only,0,3,0,0,0,0,0,0,1,0,0,0,Low,Bimala Yohannan,R&D,Active
EMP11120,1,0,0,0,0,1,0,0,0,0,0,0,0,1,1,4,1 malware/ransomware alert(s); 1 identity review concern(s),0,0,0,3,0,0,0,0,0,0,0,1,Low,Siya Naik,Customer Care,Active
EMP11151,1,0,0,1,0,0,0,0,1,0,0,1,0,1,1,4,1 credential-access alert(s); 1 identity review concern(s),0,0,0,0,0,0,2,0,0,1,0,1,Low,Aadhya Saini,Ops Team,Active
EMP11161,1,0,0,1,0,1,0,0,0,0,0,0,0,1,1,4,1 malware/ransomware alert(s); 1 identity review concern(s),0,0,0,3,0,0,0,0,0,0,0,1,Low,Neel Venkataraman,Hr,Active
EMP11202,1,0,0,1,0,0,0,0,0,0,0,0,1,1,1,4,1 inactive-user event(s); 1 identity review concern(s),0,0,0,0,0,0,0,0,0,0,3,1,Low,Isaiah Dave,Compliance,Inactive
EMP11237,1,0,0,0,0,0,0,0,0,0,1,0,1,0,1,4,1 inactive-user event(s),0,0,0,0,0,0,0,0,1,0,3,0,Low,Meera Srinivasan,Legal,Disabled
EMP11457,1,0,0,0,0,1,0,0,0,0,0,0,0,1,1,4,1 malware/ransomware alert(s); 1 identity review concern(s),0,0,0,3,0,0,0,0,0,0,0,1,Low,Noah Sood,Legal,Active
EMP11494,1,0,1,0,0,0,0,0,0,0,1,0,0,0,1,4,volume/low-severity activity only,0,3,0,0,0,0,0,0,1,0,0,0,Low,Zayan Kakar,Information Tech,Active
EMP11521,1,0,1,0,0,0,0,0,0,0,0,0,0,1,1,4,1 identity review concern(s),0,3,0,0,0,0,0,0,0,0,0,1,Low,Mohini Hegde,Operations,Active
EMP11527,1,0,1,1,0,0,0,0,0,0,1,0,0,0,1,4,volume/low-severity activity only,0,3,0,0,0,0,0,0,1,0,0,0,Low,Varsha Gulati,Hr,Active
EMP11555,1,0,0,0,0,1,0,0,0,0,0,0,0,1,1,4,1 malware/ransomware alert(s); 1 identity review concern(s),0,0,0,3,0,0,0,0,0,0,0,1,Low,Urmi Master,R&D,Active
EMP11595,1,0,0,1,0,1,0,0,0,0,0,0,0,1,1,4,1 malware/ransomware alert(s); 1 identity review concern(s),0,0,0,3,0,0,0,0,0,0,0,1,Low,Xalak Sathe,People Team,Active
EMP11606,1,0,1,1,0,0,0,0,0,0,1,0,0,0,1,4,volume/low-severity activity only,0,3,0,0,0,0,0,0,1,0,0,0,Low,Manya Kale,People Team,Active
EMP11783,1,0,0,1,0,0,0,0,0,0,1,0,1,0,1,4,1 inactive-user event(s),0,0,0,0,0,0,0,0,1,0,3,0,Low,Suhani Lanka,Legal Dept,Inactive
EMP11809,1,0,0,1,0,1,0,0,0,0,0,0,0,1,1,4,1 malware/ransomware alert(s); 1 identity review concern(s),0,0,0,3,0,0,0,0,0,0,0,1,Low,Girish Atwal,Brand Team,Active
EMP11820,1,0,0,0,0,1,0,0,0,0,0,0,0,1,1,4,1 malware/ransomware alert(s); 1 identity review concern(s),0,0,0,3,0,0,0,0,0,0,0,1,Low,,,
EMP11835,1,0,0,0,0,1,0,0,0,0,0,0,0,1,1,4,1 malware/ransomware alert(s); 1 identity review concern(s),0,0,0,3,0,0,0,0,0,0,0,1,Low,Yashoda Nair,Legal,Active
EMP11844,1,0,0,1,0,1,0,0,0,0,0,0,0,1,1,4,1 malware/ransomware alert(s); 1 identity review concern(s),0,0,0,3,0,0,0,0,0,0,0,1,Low,Anamika Ben,Accounts,On Leave
EMP11931,1,0,0,1,0,1,0,0,0,0,0,0,0,1,1,4,1 malware/ransomware alert(s); 1 identity review concern(s),0,0,0,3,0,0,0,0,0,0,0,1,Low,Tamanna Ravi,It Dept,Active
EMP11971,1,0,1,1,0,0,0,0,0,0,1,0,0,0,1,4,volume/low-severity activity only,0,3,0,0,0,0,0,0,1,0,0,0,Low,Aachal Cheema,It Support,Active
EMP12068,1,0,1,0,0,0,0,0,0,0,1,0,0,0,1,4,volume/low-severity activity only,0,3,0,0,0,0,0,0,1,0,0,0,Low,Fariq Dayal,Purchase,Active
EMP12173,1,0,0,1,0,1,0,0,0,0,0,0,0,1,1,4,1 malware/ransomware alert(s); 1 identity review concern(s),0,0,0,3,0,0,0,0,0,0,0,1,Low,Yashica Seth,People Team,Active
EMP12177,1,0,0,0,0,0,0,1,0,0,0,1,0,1,1,4,1 lateral-movement alert(s); 1 identity review concern(s),0,0,0,0,0,2,0,0,0,1,0,1,Low,Tanish Jaggi,Purch,Active
EMP12192,1,0,0,1,0,1,0,0,0,0,0,0,0,1,1,4,1 malware/ransomware alert(s); 1 identity review concern(s),0,0,0,3,0,0,0,0,0,0,0,1,Low,Raksha Narain,Marketing,Active
EMP12347,1,0,0,0,0,1,0,0,0,0,0,0,0,1,1,4,1 malware/ransomware alert(s); 1 identity review concern(s),0,0,0,3,0,0,0,0,0,0,0,1,Low,Bahadurjit Zachariah,Rnd,Active
EMP12349,1,0,0,0,0,0,0,0,0,0,1,0,1,0,1,4,1 inactive-user event(s),0,0,0,0,0,0,0,0,1,0,3,0,Low,Chanchal Bobal,Hr Dept,Inactive
EMP12401,1,0,0,0,0,1,0,0,0,0,0,0,0,1,1,4,1 malware/ransomware alert(s); 1 identity review concern(s),0,0,0,3,0,0,0,0,0,0,0,1,Low,Manya Kala,Cs,Active
EMP12454,1,0,1,0,0,0,0,0,0,0,0,0,0,1,1,4,1 identity review concern(s),0,3,0,0,0,0,0,0,0,0,0,1,Low,Arunima Khare,Procurement Team,Active
EMP12574,1,0,0,0,0,0,0,0,0,0,1,0,1,0,1,4,1 inactive-user event(s),0,0,0,0,0,0,0,0,1,0,3,0,Low,Vanya Rana,Sales Dept,Inactive
EMP12590,1,0,1,1,0,0,0,0,0,0,0,0,0,1,1,4,1 identity review concern(s),0,3,0,0,0,0,0,0,0,0,0,1,Low,Zansi Khosla,Brand Team,
EMP12597,1,0,0,1,0,1,0,0,0,0,0,0,0,1,1,4,1 malware/ransomware alert(s); 1 identity review concern(s),0,0,0,3,0,0,0,0,0,0,0,1,Low,Oni Dhar,Innovation,Active
EMP12611,1,0,1,1,0,0,0,0,0,0,0,0,0,1,1,4,1 identity review concern(s),0,3,0,0,0,0,0,0,0,0,0,1,Low,Zaid Mangat,Marketing Dept,Active
EMP12628,1,0,0,1,0,1,0,0,0,0,0,0,0,1,1,4,1 malware/ransomware alert(s); 1 identity review concern(s),0,0,0,3,0,0,0,0,0,0,0,1,Low,Kiaan Ramesh,Marketing Dept,Active
EMP12767,1,0,0,1,0,1,0,0,0,0,0,0,0,1,1,4,1 malware/ransomware alert(s); 1 identity review concern(s),0,0,0,3,0,0,0,0,0,0,0,1,Low,Pahal Chokshi,Finance,Active
EMP12771,1,0,1,1,0,0,0,0,0,0,1,0,0,0,1,4,volume/low-severity activity only,0,3,0,0,0,0,0,0,1,0,0,0,Low,Garima Sinha,Rnd,Active
EMP12805,1,0,0,1,0,1,0,0,0,0,0,0,0,1,1,4,1 malware/ransomware alert(s); 1 identity review concern(s),0,0,0,3,0,0,0,0,0,0,0,1,Low,Anamika Hayer,Mkt,Active
EMP12956,1,0,0,1,0,0,0,0,0,0,0,0,1,1,1,4,1 inactive-user event(s); 1 identity review concern(s),0,0,0,0,0,0,0,0,0,0,3,1,Low,Chanchal Sandal,Customer Support,Inactive
EMP10258,3,0,0,2,0,0,0,0,1,0,1,0,0,0,1,3,1 credential-access alert(s),0,0,0,0,0,0,2,0,1,0,0,0,Low,Qasim Mittal,It Dept,Active
EMP10261,3,0,0,2,0,0,0,1,0,0,1,0,0,0,1,3,1 lateral-movement alert(s),0,0,0,0,0,2,0,0,1,0,0,0,Low,Pavani Atwal,Fin,On Leave
EMP10434,3,0,0,2,0,0,1,0,0,0,0,0,0,1,1,3,1 PowerShell alert(s); 1 identity review concern(s),0,0,0,0,2,0,0,0,0,0,0,1,Low,Wyatt Narang,Marketing Dept,Active
EMP10470,3,0,0,2,0,0,0,0,1,0,1,0,0,0,1,3,1 credential-access alert(s),0,0,0,0,0,0,2,0,1,0,0,0,Low,Noah Lad,Supply Chain,
EMP10517,3,0,0,0,0,0,1,0,0,0,1,0,0,0,1,3,1 PowerShell alert(s),0,0,0,0,2,0,0,0,1,0,0,0,Low,Rishi Tiwari,Finance Dept,Active
EMP11275,3,0,0,1,0,1,0,0,0,0,0,0,0,0,1,3,1 malware/ransomware alert(s),0,0,0,3,0,0,0,0,0,0,0,0,Low,Dhriti Hegde,Legal Dept,Active
EMP11497,3,0,0,3,0,0,0,1,0,0,0,0,0,1,1,3,1 lateral-movement alert(s); 1 identity review concern(s),0,0,0,0,0,2,0,0,0,0,0,1,Low,Naveen Dubey,Business Sales,Active
EMP10115,2,0,0,2,0,0,0,0,1,0,0,0,0,1,1,3,1 credential-access alert(s); 1 identity review concern(s),0,0,0,0,0,0,2,0,0,0,0,1,Low,Anay Prabhu,Sales Team,Active
EMP10122,2,0,1,0,0,0,0,0,0,0,0,0,0,0,1,3,volume/low-severity activity only,0,3,0,0,0,0,0,0,0,0,0,0,Low,Osha Chakraborty,Legal Dept,Active
EMP10185,2,0,1,0,0,0,0,0,0,0,0,0,0,0,1,3,volume/low-severity activity only,0,3,0,0,0,0,0,0,0,0,0,0,Low,Ojasvi Char,People Team,Active
EMP10321,2,0,0,0,0,0,1,0,0,0,1,0,0,0,1,3,1 PowerShell alert(s),0,0,0,0,2,0,0,0,1,0,0,0,Low,Kalpit Mody,R&D,Active
EMP10362,2,0,0,1,0,0,0,1,0,0,0,0,0,1,1,3,1 lateral-movement alert(s); 1 identity review concern(s),0,0,0,0,0,2,0,0,0,0,0,1,Low,Libni Rau,Innovation,Active
EMP10681,2,0,0,1,0,1,0,0,0,0,0,0,0,0,1,3,1 malware/ransomware alert(s),0,0,0,3,0,0,0,0,0,0,0,0,Low,Abdul Mannan,Support,Active
EMP10691,2,0,0,1,0,0,1,0,0,0,1,0,0,0,1,3,1 PowerShell alert(s),0,0,0,0,2,0,0,0,1,0,0,0,Low,Joshua Viswanathan,Information Tech,Active
EMP10733,2,0,0,2,0,0,0,0,1,0,1,0,0,0,1,3,1 credential-access alert(s),0,0,0,0,0,0,2,0,1,0,0,0,Low,Vivaan Choudhry,Information Tech,Active
EMP10738,2,0,0,1,0,0,0,1,0,0,1,0,0,0,1,3,1 lateral-movement alert(s),0,0,0,0,0,2,0,0,1,0,0,0,Low,Wazir Parsa,Call Center,Active
EMP10785,2,0,0,1,0,0,1,0,0,0,0,0,0,1,1,3,1 PowerShell alert(s); 1 identity review concern(s),0,0,0,0,2,0,0,0,0,0,0,1,Low,Jackson Balasubramanian,Rd,Active
EMP10798,2,0,0,0,0,0,0,0,1,0,1,0,0,0,1,3,1 credential-access alert(s),0,0,0,0,0,0,2,0,1,0,0,0,Low,Udarsh Korpal,Operations,Active
EMP10919,2,0,0,0,0,0,1,0,0,0,0,0,0,1,1,3,1 PowerShell alert(s); 1 identity review concern(s),0,0,0,0,2,0,0,0,0,0,0,1,Low,Udyati Dugar,Sales,Active
EMP10975,2,0,0,1,0,0,1,0,0,0,0,0,0,1,1,3,1 PowerShell alert(s); 1 identity review concern(s),0,0,0,0,2,0,0,0,0,0,0,1,Low,Azad Baral,People Team,Active
EMP11089,2,0,0,2,0,0,0,1,0,0,0,0,0,1,1,3,1 lateral-movement alert(s); 1 identity review concern(s),0,0,0,0,0,2,0,0,0,0,0,1,Low,Pahal Lata,Customer Support,Active
EMP11200,2,0,0,1,0,0,1,0,0,0,1,0,0,0,1,3,1 PowerShell alert(s),0,0,0,0,2,0,0,0,1,0,0,0,Low,Xiti Sem,Operations Dept,Active
EMP11310,2,0,0,0,0,0,0,1,0,0,1,0,0,0,1,3,1 lateral-movement alert(s),0,0,0,0,0,2,0,0,1,0,0,0,Low,Ganga Joshi,Legal,Active
EMP11329,2,0,0,2,0,0,0,0,1,0,1,0,0,0,1,3,1 credential-access alert(s),0,0,0,0,0,0,2,0,1,0,0,0,Low,Udarsh Bali,Human Resource,Active
EMP11396,2,0,0,2,0,0,0,1,0,0,1,0,0,0,1,3,1 lateral-movement alert(s),0,0,0,0,0,2,0,0,1,0,0,0,Low,Victor Ratta,Legal,Active
EMP11481,2,0,0,1,0,0,1,0,0,0,0,0,0,1,1,3,1 PowerShell alert(s); 1 identity review concern(s),0,0,0,0,2,0,0,0,0,0,0,1,Low,Ikshita Roy,Procurement,Active
EMP11513,2,0,0,2,0,1,0,0,0,0,0,0,0,0,1,3,1 malware/ransomware alert(s),0,0,0,3,0,0,0,0,0,0,0,0,Low,Vedika Mandal,Rd,Active
EMP11574,2,0,0,2,0,0,0,0,1,0,1,0,0,0,1,3,1 credential-access alert(s),0,0,0,0,0,0,2,0,1,0,0,0,Low,Rajata Comar,Hr,Active
EMP11575,2,0,0,1,0,0,0,0,1,0,1,0,0,0,1,3,1 credential-access alert(s),0,0,0,0,0,0,2,0,1,0,0,0,Low,Suhani Gupta,Sales,Active
EMP11587,2,0,0,1,0,0,0,0,1,0,1,0,0,0,1,3,1 credential-access alert(s),0,0,0,0,0,0,2,0,1,0,0,0,Low,Isaac Bora,Purch,Active
EMP11777,2,0,0,1,0,0,0,0,0,0,1,0,0,2,1,3,2 identity review concern(s),0,0,0,0,0,0,0,0,1,0,0,2,Low,Anusha Contractor,Sales,Active
EMP12141,2,0,0,2,0,0,0,0,0,0,1,0,0,2,1,3,2 identity review concern(s),0,0,0,0,0,0,0,0,1,0,0,2,Low,Darpan Keer,Legal,Active
EMP12143,2,0,1,0,0,0,0,0,0,0,0,0,0,0,1,3,volume/low-severity activity only,0,3,0,0,0,0,0,0,0,0,0,0,Low,Ubika Ranganathan,Human Resource,Active
EMP12158,2,0,0,1,0,0,1,0,0,0,1,0,0,0,1,3,1 PowerShell alert(s),0,0,0,0,2,0,0,0,1,0,0,0,Low,Timothy Sahni,Ops,Active
EMP12182,2,0,0,1,0,0,0,0,0,0,1,0,0,2,1,3,2 identity review concern(s),0,0,0,0,0,0,0,0,1,0,0,2,Low,Ojas Din,Research And Development,Active
EMP12249,2,0,1,0,0,0,0,0,0,0,0,0,0,0,1,3,volume/low-severity activity only,0,3,0,0,0,0,0,0,0,0,0,0,Low,Hemal Naik,Operations,Active
EMP12261,2,0,0,0,0,0,1,0,0,0,1,0,0,0,1,3,1 PowerShell alert(s),0,0,0,0,2,0,0,0,1,0,0,0,Low,Bhavya Borah,Sales Team,Active
EMP12317,2,0,0,2,0,1,0,0,0,0,0,0,0,0,1,3,1 malware/ransomware alert(s),0,0,0,3,0,0,0,0,0,0,0,0,Low,Zilmil Kara,Ops,Active
EMP12326,2,0,0,2,0,0,0,1,0,0,1,0,0,0,1,3,1 lateral-movement alert(s),0,0,0,0,0,2,0,0,1,0,0,0,Low,Jonathan Prakash,Information Technology,Active
EMP12582,2,0,0,2,0,1,0,0,0,0,0,0,0,0,1,3,1 malware/ransomware alert(s),0,0,0,3,0,0,0,0,0,0,0,0,Low,Yashvi Jayaraman,Sales,Active
EMP12649,2,0,0,1,0,0,0,1,0,0,1,0,0,0,1,3,1 lateral-movement alert(s),0,0,0,0,0,2,0,0,1,0,0,0,Low,Aadhya Hayer,Research And Development,Active
EMP12664,2,0,0,1,0,1,0,0,0,0,0,0,0,0,1,3,1 malware/ransomware alert(s),0,0,0,3,0,0,0,0,0,0,0,0,Low,Chanchal Chandran,Finance,Active
EMP12671,2,0,0,1,0,0,1,0,0,0,1,0,0,0,1,3,1 PowerShell alert(s),0,0,0,0,2,0,0,0,1,0,0,0,Low,Victor Kumer,Sales Dept,Active
EMP12750,2,0,0,0,0,0,1,0,0,0,0,0,0,1,1,3,1 PowerShell alert(s); 1 identity review concern(s),0,0,0,0,2,0,0,0,0,0,0,1,Low,Darika Parekh,It,Active
EMP12763,2,0,0,1,0,1,0,0,0,0,0,0,0,0,1,3,1 malware/ransomware alert(s),0,0,0,3,0,0,0,0,0,0,0,0,Low,Sanaya Kale,Marketing Dept,Active
EMP12844,2,0,0,2,0,0,1,0,0,0,1,0,0,0,1,3,1 PowerShell alert(s),0,0,0,0,2,0,0,0,1,0,0,0,Low,Omaja Mangat,Business Sales,Active
EMP12924,2,0,0,1,0,0,0,0,1,0,1,0,0,0,1,3,1 credential-access alert(s),0,0,0,0,0,0,2,0,1,0,0,0,Low,Nirja Dutt,Rnd,Active
EMP12964,2,0,0,1,0,0,0,0,1,0,0,0,0,1,1,3,1 credential-access alert(s); 1 identity review concern(s),0,0,0,0,0,0,2,0,0,0,0,1,Low,Samarth Patla,Legal,Active
EMP12983,2,0,0,2,0,0,1,0,0,0,0,0,0,1,1,3,1 PowerShell alert(s); 1 identity review concern(s),0,0,0,0,2,0,0,0,0,0,0,1,Low,Vyanjana Gour,Supply Chain,Active
EMP10189,1,0,0,1,0,1,0,0,0,0,0,0,0,0,1,3,1 malware/ransomware alert(s),0,0,0,3,0,0,0,0,0,0,0,0,Low,Kai Sastry,Legal,Active
EMP10214,1,0,0,1,0,1,0,0,0,0,0,0,0,0,1,3,1 malware/ransomware alert(s),0,0,0,3,0,0,0,0,0,0,0,0,Low,Kiaan Sur,Customer Support,Active
EMP10277,1,0,0,0,0,0,0,0,0,0,0,0,1,0,1,3,1 inactive-user event(s),0,0,0,0,0,0,0,0,0,0,3,0,Low,Januja Gera,Marketing,Disabled
EMP10282,1,0,0,1,0,0,0,0,1,0,0,0,0,1,1,3,1 credential-access alert(s); 1 identity review concern(s),0,0,0,0,0,0,2,0,0,0,0,1,Low,Theodore Bajaj,It,Active
EMP10325,1,0,0,1,0,0,1,0,0,0,0,0,0,1,1,3,1 PowerShell alert(s); 1 identity review concern(s),0,0,0,0,2,0,0,0,0,0,0,1,Low,Liam Tandon,Sales Team,Active
EMP10334,1,0,0,0,0,0,1,0,0,0,0,0,0,1,1,3,1 PowerShell alert(s); 1 identity review concern(s),0,0,0,0,2,0,0,0,0,0,0,1,Low,Waida Arora,Mkt,Active
EMP10354,1,0,0,1,0,0,0,1,0,0,0,0,0,1,1,3,1 lateral-movement alert(s); 1 identity review concern(s),0,0,0,0,0,2,0,0,0,0,0,1,Low,Nidra Mall,Hr,Active
EMP10375,1,0,0,0,0,1,0,0,0,0,0,0,0,0,1,3,1 malware/ransomware alert(s),0,0,0,3,0,0,0,0,0,0,0,0,Low,Daniel Bhat,Supply Chain,Active
EMP10388,1,0,0,1,0,1,0,0,0,0,0,0,0,0,1,3,1 malware/ransomware alert(s),0,0,0,3,0,0,0,0,0,0,0,0,Low,Kamala Kar,It,Active
EMP10395,1,0,0,1,0,0,0,0,1,0,0,0,0,1,1,3,1 credential-access alert(s); 1 identity review concern(s),0,0,0,0,0,0,2,0,0,0,0,1,Low,Charles Saini,Finance,Active
EMP10417,1,0,0,0,0,0,1,0,0,0,0,0,0,1,1,3,1 PowerShell alert(s); 1 identity review concern(s),0,0,0,0,2,0,0,0,0,0,0,1,Low,Falguni Borde,Sales Team,Active
EMP10419,1,0,0,1,0,1,0,0,0,0,0,0,0,0,1,3,1 malware/ransomware alert(s),0,0,0,3,0,0,0,0,0,0,0,0,Low,Upkaar Dave,Human Resources,Active
EMP10451,1,0,0,1,0,1,0,0,0,0,0,0,0,0,1,3,1 malware/ransomware alert(s),0,0,0,3,0,0,0,0,0,0,0,0,Low,Ishanvi Karpe,Operations Dept,Active
EMP10465,1,0,0,1,0,1,0,0,0,0,0,0,0,0,1,3,1 malware/ransomware alert(s),0,0,0,3,0,0,0,0,0,0,0,0,Low,Chakradev Krishnan,Customer Support,Active
EMP10497,1,0,1,1,0,0,0,0,0,0,0,0,0,0,1,3,volume/low-severity activity only,0,3,0,0,0,0,0,0,0,0,0,0,Low,Viraj Saha,Information Tech,Active
EMP10507,1,0,0,1,0,1,0,0,0,0,0,0,0,0,1,3,1 malware/ransomware alert(s),0,0,0,3,0,0,0,0,0,0,0,0,Low,Dipta Narayan,Finance,Active
EMP10518,1,0,0,0,0,1,0,0,0,0,0,0,0,0,1,3,1 malware/ransomware alert(s),0,0,0,3,0,0,0,0,0,0,0,0,Low,Liam Ahluwalia,Human Resources,Active
EMP10523,1,0,0,1,0,0,0,0,1,0,0,0,0,1,1,3,1 credential-access alert(s); 1 identity review concern(s),0,0,0,0,0,0,2,0,0,0,0,1,Low,Naveen Bakshi,Ops Team,Active
EMP10529,1,0,0,0,0,0,0,0,1,0,0,0,0,1,1,3,1 credential-access alert(s); 1 identity review concern(s),0,0,0,0,0,0,2,0,0,0,0,1,Low,Gagan Dyal,Procurement,Active
EMP10557,1,0,0,1,0,1,0,0,0,0,0,0,0,0,1,3,1 malware/ransomware alert(s),0,0,0,3,0,0,0,0,0,0,0,0,Low,Watika Sami,Finance Dept,Active
EMP10567,1,0,0,1,0,0,1,0,0,0,0,1,0,0,1,3,1 PowerShell alert(s),0,0,0,0,2,0,0,0,0,1,0,0,Low,Upadhriti Krishnan,Legal,Active
EMP10621,1,0,0,1,0,1,0,0,0,0,0,0,0,0,1,3,1 malware/ransomware alert(s),0,0,0,3,0,0,0,0,0,0,0,0,Low,Bhanumati Ratta,Sales,Active
EMP10646,1,0,0,0,0,0,0,0,0,0,0,0,1,0,1,3,1 inactive-user event(s),0,0,0,0,0,0,0,0,0,0,3,0,Low,Nirja Rau,People Team,Inactive
EMP10647,1,0,0,0,0,0,0,0,0,0,0,0,1,0,1,3,1 inactive-user event(s),0,0,0,0,0,0,0,0,0,0,3,0,Low,Vedant Kumer,Finance Dept,Inactive
EMP10665,1,0,0,1,0,1,0,0,0,0,0,0,0,0,1,3,1 malware/ransomware alert(s),0,0,0,3,0,0,0,0,0,0,0,0,Low,Daksh Kalita,Sales Dept,Active
EMP10688,1,0,0,1,0,1,0,0,0,0,0,0,0,0,1,3,1 malware/ransomware alert(s),0,0,0,3,0,0,0,0,0,0,0,0,Low,Keya Solanki,Procurement,Active
EMP10701,1,0,0,1,0,1,0,0,0,0,0,0,0,0,1,3,1 malware/ransomware alert(s),0,0,0,3,0,0,0,0,0,0,0,0,Low,Keya Apte,Human Resource,Active
EMP10715,1,0,0,1,0,0,1,0,0,0,0,0,0,1,1,3,1 PowerShell alert(s); 1 identity review concern(s),0,0,0,0,2,0,0,0,0,0,0,1,Low,Forum Vyas,Purch,Active
EMP10730,1,0,0,1,0,1,0,0,0,0,0,0,0,0,1,3,1 malware/ransomware alert(s),0,0,0,3,0,0,0,0,0,0,0,0,Low,Omkaar Balakrishnan,Sales Dept,Active
EMP10742,1,0,0,1,0,0,0,0,1,0,0,0,0,1,1,3,1 credential-access alert(s); 1 identity review concern(s),0,0,0,0,0,0,2,0,0,0,0,1,Low,Bhanumati Tella,Innovation,Active
EMP10758,1,0,0,0,0,1,0,0,0,0,0,0,0,0,1,3,1 malware/ransomware alert(s),0,0,0,3,0,0,0,0,0,0,0,0,Low,Vedika Sagar,Rd,Active
EMP10780,1,0,0,0,0,0,0,1,0,0,0,0,0,1,1,3,1 lateral-movement alert(s); 1 identity review concern(s),0,0,0,0,0,2,0,0,0,0,0,1,Low,Vrinda Guha,Innovation,Active
EMP10787,1,0,0,1,0,1,0,0,0,0,0,0,0,0,1,3,1 malware/ransomware alert(s),0,0,0,3,0,0,0,0,0,0,0,0,Low,Lipika Kumer,Operations,Active
EMP10804,1,0,0,0,0,1,0,0,0,0,0,0,0,0,1,3,1 malware/ransomware alert(s),0,0,0,3,0,0,0,0,0,0,0,0,Low,Janya Sinha,Procurement,Active
EMP10853,1,0,0,1,0,0,1,0,0,0,0,0,0,1,1,3,1 PowerShell alert(s); 1 identity review concern(s),0,0,0,0,2,0,0,0,0,0,0,1,Low,Nitesh Kara,Legal,Active
EMP10856,1,0,0,1,0,1,0,0,0,0,0,0,0,0,1,3,1 malware/ransomware alert(s),0,0,0,3,0,0,0,0,0,0,0,0,Low,Odika Shanker,Support,Active
EMP10880,1,0,0,1,0,0,0,1,0,0,0,0,0,1,1,3,1 lateral-movement alert(s); 1 identity review concern(s),0,0,0,0,0,2,0,0,0,0,0,1,Low,Advay Sekhon,Operations,
EMP10913,1,0,0,0,0,1,0,0,0,0,0,0,0,0,1,3,1 malware/ransomware alert(s),0,0,0,3,0,0,0,0,0,0,0,0,Low,Tanay Bains,Sales Dept,Active
EMP10931,1,0,0,1,0,0,1,0,0,0,0,0,0,1,1,3,1 PowerShell alert(s); 1 identity review concern(s),0,0,0,0,2,0,0,0,0,0,0,1,Low,Sanaya Chaudhary,Customer Care,Active
EMP10968,1,0,0,1,0,1,0,0,0,0,0,0,0,0,1,3,1 malware/ransomware alert(s),0,0,0,3,0,0,0,0,0,0,0,0,Low,Raksha Johal,Supply Chain,
EMP10973,1,0,1,0,0,0,0,0,0,0,0,0,0,0,1,3,volume/low-severity activity only,0,3,0,0,0,0,0,0,0,0,0,0,Low,Varenya Wali,Information Technology,Active
EMP10978,1,0,0,0,0,1,0,0,0,0,0,0,0,0,1,3,1 malware/ransomware alert(s),0,0,0,3,0,0,0,0,0,0,0,0,Low,Girish Tata,Fin,On Leave
EMP10997,1,0,0,1,0,1,0,0,0,0,0,0,0,0,1,3,1 malware/ransomware alert(s),0,0,0,3,0,0,0,0,0,0,0,0,Low,Vrishti Bhandari,Ops Team,Active
EMP11013,1,0,0,0,0,0,1,0,0,0,0,0,0,1,1,3,1 PowerShell alert(s); 1 identity review concern(s),0,0,0,0,2,0,0,0,0,0,0,1,Low,Brijesh Ganesh,Customer Care,Active
EMP11044,1,0,0,1,0,0,1,0,0,0,0,0,0,1,1,3,1 PowerShell alert(s); 1 identity review concern(s),0,0,0,0,2,0,0,0,0,0,0,1,Low,Mugdha Khare,Sales,On Leave
EMP11071,1,0,0,0,0,1,0,0,0,0,0,0,0,0,1,3,1 malware/ransomware alert(s),0,0,0,3,0,0,0,0,0,0,0,0,Low,Faqid Dani,Hr Dept,
EMP11077,1,0,0,1,0,0,0,0,0,0,0,0,1,0,1,3,1 inactive-user event(s),0,0,0,0,0,0,0,0,0,0,3,0,Low,Veer Sekhon,Sales,Disabled
EMP11087,1,0,1,1,0,0,0,0,0,0,0,0,0,0,1,3,volume/low-severity activity only,0,3,0,0,0,0,0,0,0,0,0,0,Low,Andrew Date,Sales,Active
EMP11102,1,0,0,1,0,1,0,0,0,0,0,0,0,0,1,3,1 malware/ransomware alert(s),0,0,0,3,0,0,0,0,0,0,0,0,Low,Nidra Sengupta,Ops,Active
EMP11105,1,0,0,1,0,1,0,0,0,0,0,0,0,0,1,3,1 malware/ransomware alert(s),0,0,0,3,0,0,0,0,0,0,0,0,Low,Neel Soman,Operations Dept,Active
EMP11127,1,0,0,0,0,0,0,0,0,0,0,0,1,0,1,3,1 inactive-user event(s),0,0,0,0,0,0,0,0,0,0,3,0,Low,Kritika Gole,It Support,Inactive
EMP11147,1,0,0,0,0,1,0,0,0,0,0,0,0,0,1,3,1 malware/ransomware alert(s),0,0,0,3,0,0,0,0,0,0,0,0,Low,Yashodhara Minhas,Support,Active
EMP11149,1,0,0,1,0,1,0,0,0,0,0,0,0,0,1,3,1 malware/ransomware alert(s),0,0,0,3,0,0,0,0,0,0,0,0,Low,Ekaraj Kaur,Marketing Dept,Active
EMP11153,1,0,0,0,0,1,0,0,0,0,0,0,0,0,1,3,1 malware/ransomware alert(s),0,0,0,3,0,0,0,0,0,0,0,0,Low,Zehaan Ahluwalia,Research And Development,Active
EMP11195,1,0,0,1,0,0,1,0,0,0,0,0,0,1,1,3,1 PowerShell alert(s); 1 identity review concern(s),0,0,0,0,2,0,0,0,0,0,0,1,Low,,,
EMP11268,1,0,0,0,0,1,0,0,0,0,0,0,0,0,1,3,1 malware/ransomware alert(s),0,0,0,3,0,0,0,0,0,0,0,0,Low,Krishna Babu,Innovation,Active
EMP11273,1,0,0,1,0,1,0,0,0,0,0,0,0,0,1,3,1 malware/ransomware alert(s),0,0,0,3,0,0,0,0,0,0,0,0,Low,Krisha Natarajan,Ops Team,Active
EMP11317,1,0,0,0,0,1,0,0,0,0,0,0,0,0,1,3,1 malware/ransomware alert(s),0,0,0,3,0,0,0,0,0,0,0,0,Low,Ganga Goswami,Human Resource,Active
EMP11341,1,0,0,1,0,0,0,0,0,0,0,0,1,0,1,3,1 inactive-user event(s),0,0,0,0,0,0,0,0,0,0,3,0,Low,Chaman Andra,Call Center,Inactive
EMP11386,1,0,0,1,0,1,0,0,0,0,0,0,0,0,1,3,1 malware/ransomware alert(s),0,0,0,3,0,0,0,0,0,0,0,0,Low,Manthan Rajagopal,Ops Team,On Leave
EMP11395,1,0,0,1,0,1,0,0,0,0,0,0,0,0,1,3,1 malware/ransomware alert(s),0,0,0,3,0,0,0,0,0,0,0,0,Low,Tejas Sami,Support,Active
EMP11414,1,0,0,1,0,0,1,0,0,0,0,0,0,1,1,3,1 PowerShell alert(s); 1 identity review concern(s),0,0,0,0,2,0,0,0,0,0,0,1,Low,Maanav Grover,Research And Development,
EMP11419,1,0,0,1,0,1,0,0,0,0,0,0,0,0,1,3,1 malware/ransomware alert(s),0,0,0,3,0,0,0,0,0,0,0,0,Low,Daksha Sabharwal,Hr,Active
EMP11453,1,0,0,0,0,1,0,0,0,0,0,0,0,0,1,3,1 malware/ransomware alert(s),0,0,0,3,0,0,0,0,0,0,0,0,Low,Aadi Sharma,Sales,Active
EMP11473,1,0,0,1,0,1,0,0,0,0,0,0,0,0,1,3,1 malware/ransomware alert(s),0,0,0,3,0,0,0,0,0,0,0,0,Low,Qushi Peri,Procurement Team,Active
EMP11565,1,0,0,0,0,1,0,0,0,0,0,0,0,0,1,3,1 malware/ransomware alert(s),0,0,0,3,0,0,0,0,0,0,0,0,Low,Aadi Arya,Customer Care,Active
EMP11573,1,0,0,1,0,0,0,1,0,0,0,0,0,1,1,3,1 lateral-movement alert(s); 1 identity review concern(s),0,0,0,0,0,2,0,0,0,0,0,1,Low,Jagrati Dutt,Sales,Active
EMP11673,1,0,0,0,0,0,0,0,0,0,0,0,1,0,1,3,1 inactive-user event(s),0,0,0,0,0,0,0,0,0,0,3,0,Low,Arya Dhillon,Operations,Disabled
EMP11676,1,0,0,0,0,0,0,0,1,0,0,0,0,1,1,3,1 credential-access alert(s); 1 identity review concern(s),0,0,0,0,0,0,2,0,0,0,0,1,Low,Balhaar Swaminathan,Purch,Active
EMP11702,1,0,0,1,0,0,0,1,0,0,0,0,0,1,1,3,1 lateral-movement alert(s); 1 identity review concern(s),0,0,0,0,0,2,0,0,0,0,0,1,Low,Hemang Bakshi,Customer Care,On Leave
EMP11766,1,0,0,0,0,1,0,0,0,0,0,0,0,0,1,3,1 malware/ransomware alert(s),0,0,0,3,0,0,0,0,0,0,0,0,Low,Indali Pandey,Sales,Active
EMP11770,1,0,0,1,0,0,0,1,0,0,0,0,0,1,1,3,1 lateral-movement alert(s); 1 identity review concern(s),0,0,0,0,0,2,0,0,0,0,0,1,Low,Pranit Goel,Research And Development,Active
EMP11812,1,0,0,1,0,1,0,0,0,0,0,0,0,0,1,3,1 malware/ransomware alert(s),0,0,0,3,0,0,0,0,0,0,0,0,Low,Zinal Varty,Procurement Team,Active
EMP11837,1,0,0,1,0,1,0,0,0,0,0,0,0,0,1,3,1 malware/ransomware alert(s),0,0,0,3,0,0,0,0,0,0,0,0,Low,Qabil Parikh,Sales Dept,Active
EMP11879,1,0,0,0,0,0,0,0,1,0,0,0,0,1,1,3,1 credential-access alert(s); 1 identity review concern(s),0,0,0,0,0,0,2,0,0,0,0,1,Low,Ethan Sekhon,Accounts,On Leave
EMP11887,1,0,0,0,0,0,0,1,0,0,0,0,0,1,1,3,1 lateral-movement alert(s); 1 identity review concern(s),0,0,0,0,0,2,0,0,0,0,0,1,Low,Chavvi Bakshi,People Team,Active
EMP11898,1,0,1,0,0,0,0,0,0,0,0,0,0,0,1,3,volume/low-severity activity only,0,3,0,0,0,0,0,0,0,0,0,0,Low,Hemani Dada,Sales Dept,Active
EMP11899,1,0,0,0,0,0,0,1,0,0,0,0,0,1,1,3,1 lateral-movement alert(s); 1 identity review concern(s),0,0,0,0,0,2,0,0,0,0,0,1,Low,Rayaan Srinivas,Customer Support,Active
EMP11911,1,0,0,1,0,1,0,0,0,0,0,0,0,0,1,3,1 malware/ransomware alert(s),0,0,0,3,0,0,0,0,0,0,0,0,Low,Joshua Ahluwalia,Marketing,
EMP11913,1,0,0,0,0,0,1,0,0,0,0,0,0,1,1,3,1 PowerShell alert(s); 1 identity review concern(s),0,0,0,0,2,0,0,0,0,0,0,1,Low,Darpan Randhawa,Business Sales,Active
EMP11939,1,0,0,1,0,0,1,0,0,0,0,0,0,1,1,3,1 PowerShell alert(s); 1 identity review concern(s),0,0,0,0,2,0,0,0,0,0,0,1,Low,Ekbal Walia,Sales Team,Active
EMP11986,1,0,0,0,0,1,0,0,0,0,0,0,0,0,1,3,1 malware/ransomware alert(s),0,0,0,3,0,0,0,0,0,0,0,0,Low,Yahvi Bhat,Customer Care,Active
EMP11991,1,0,0,0,0,1,0,0,0,0,0,0,0,0,1,3,1 malware/ransomware alert(s),0,0,0,3,0,0,0,0,0,0,0,0,Low,Harsh Talwar,Fin,Active
EMP11994,1,0,0,1,0,0,0,0,1,0,0,1,0,0,1,3,1 credential-access alert(s),0,0,0,0,0,0,2,0,0,1,0,0,Low,Gavin Bakshi,Legal,
EMP12006,1,0,0,0,0,0,0,0,1,0,0,0,0,1,1,3,1 credential-access alert(s); 1 identity review concern(s),0,0,0,0,0,0,2,0,0,0,0,1,Low,Ladli Dada,Legal,Active
EMP12011,1,0,1,0,0,0,0,0,0,0,0,0,0,0,1,3,volume/low-severity activity only,0,3,0,0,0,0,0,0,0,0,0,0,Low,Wishi Ganesh,Procurement Team,Active
EMP12034,1,0,1,1,0,0,0,0,0,0,0,0,0,0,1,3,volume/low-severity activity only,0,3,0,0,0,0,0,0,0,0,0,0,Low,Lohit Toor,Accounts,Active
EMP12132,1,0,0,1,0,0,1,0,0,0,0,0,0,1,1,3,1 PowerShell alert(s); 1 identity review concern(s),0,0,0,0,2,0,0,0,0,0,0,1,Low,Daksha Ratti,Mktg,Active
EMP12138,1,0,0,0,0,1,0,0,0,0,0,0,0,0,1,3,1 malware/ransomware alert(s),0,0,0,3,0,0,0,0,0,0,0,0,Low,Anita Varughese,Sales Dept,Active
EMP12146,1,0,0,1,0,0,0,0,1,0,0,0,0,1,1,3,1 credential-access alert(s); 1 identity review concern(s),0,0,0,0,0,0,2,0,0,0,0,1,Low,Ranbir Om,Mkt,Active
EMP12183,1,0,0,0,0,0,1,0,0,0,0,0,0,1,1,3,1 PowerShell alert(s); 1 identity review concern(s),0,0,0,0,2,0,0,0,0,0,0,1,Low,Faris Rama,Research And Development,Active
EMP12200,1,0,0,1,0,1,0,0,0,0,0,0,0,0,1,3,1 malware/ransomware alert(s),0,0,0,3,0,0,0,0,0,0,0,0,Low,Yatan Panchal,Hr Dept,Active
EMP12207,1,0,0,1,0,1,0,0,0,0,0,0,0,0,1,3,1 malware/ransomware alert(s),0,0,0,3,0,0,0,0,0,0,0,0,Low,Yutika Dugar,Legal,Active
EMP12221,1,0,0,1,0,0,0,0,1,0,0,0,0,1,1,3,1 credential-access alert(s); 1 identity review concern(s),0,0,0,0,0,0,2,0,0,0,0,1,Low,Faris Shukla,Customer Support,Active
EMP12230,1,0,0,0,0,1,0,0,0,0,0,0,0,0,1,3,1 malware/ransomware alert(s),0,0,0,3,0,0,0,0,0,0,0,0,Low,Chakradev Loyal,Hr,Active
EMP12242,1,0,0,0,0,1,0,0,0,0,0,0,0,0,1,3,1 malware/ransomware alert(s),0,0,0,3,0,0,0,0,0,0,0,0,Low,Adya Deep,Information Technology,Active
EMP12252,1,0,0,0,0,1,0,0,0,0,0,0,0,0,1,3,1 malware/ransomware alert(s),0,0,0,3,0,0,0,0,0,0,0,0,Low,Advay Ray,Human Resources,Active
EMP12269,1,0,0,1,0,1,0,0,0,0,0,0,0,0,1,3,1 malware/ransomware alert(s),0,0,0,3,0,0,0,0,0,0,0,0,Low,Eesha Pant,Ops Team,Active
EMP12344,1,0,0,0,0,1,0,0,0,0,0,0,0,0,1,3,1 malware/ransomware alert(s),0,0,0,3,0,0,0,0,0,0,0,0,Low,Keya Khatri,Human Resource,Active
EMP12380,1,0,0,1,0,0,0,0,0,0,0,0,1,0,1,3,1 inactive-user event(s),0,0,0,0,0,0,0,0,0,0,3,0,Low,Ryan Arya,Customer Support,Inactive
EMP12382,1,0,1,0,0,0,0,0,0,0,0,0,0,0,1,3,volume/low-severity activity only,0,3,0,0,0,0,0,0,0,0,0,0,Low,Girik Shere,People Team,Active
EMP12396,1,0,0,1,0,0,0,0,0,0,0,0,1,0,1,3,1 inactive-user event(s),0,0,0,0,0,0,0,0,0,0,3,0,Low,Tanay Dani,It,Inactive
EMP12455,1,0,0,1,0,0,0,0,1,0,0,0,0,1,1,3,1 credential-access alert(s); 1 identity review concern(s),0,0,0,0,0,0,2,0,0,0,0,1,Low,Devansh Deshmukh,Ops,Active
EMP12463,1,0,0,1,0,1,0,0,0,0,0,0,0,0,1,3,1 malware/ransomware alert(s),0,0,0,3,0,0,0,0,0,0,0,0,Low,Daksha Dube,Human Resources,Active
EMP12469,1,0,0,1,0,0,0,0,0,0,0,0,1,0,1,3,1 inactive-user event(s),0,0,0,0,0,0,0,0,0,0,3,0,Low,Quincy Bhandari,Finance,Disabled
EMP12504,1,0,0,0,0,1,0,0,0,0,0,0,0,0,1,3,1 malware/ransomware alert(s),0,0,0,3,0,0,0,0,0,0,0,0,Low,Jatin Das,Mkt,Active
EMP12508,1,0,0,1,0,1,0,0,0,0,0,0,0,0,1,3,1 malware/ransomware alert(s),0,0,0,3,0,0,0,0,0,0,0,0,Low,Yashica Kumer,Hr,Active
EMP12510,1,0,0,0,0,1,0,0,0,0,0,0,0,0,1,3,1 malware/ransomware alert(s),0,0,0,3,0,0,0,0,0,0,0,0,Low,Mohammed Modi,Compliance,Active
EMP12511,1,0,0,1,0,0,0,0,0,0,0,0,1,0,1,3,1 inactive-user event(s),0,0,0,0,0,0,0,0,0,0,3,0,Low,Ekani Subramanian,Human Resource,Inactive
EMP12549,1,0,0,1,0,1,0,0,0,0,0,0,0,0,1,3,1 malware/ransomware alert(s),0,0,0,3,0,0,0,0,0,0,0,0,Low,Neel Chad,Operations,On Leave
EMP12619,1,0,0,1,0,1,0,0,0,0,0,0,0,0,1,3,1 malware/ransomware alert(s),0,0,0,3,0,0,0,0,0,0,0,0,Low,Upadhriti Kannan,Support,Active
EMP12665,1,0,0,1,0,1,0,0,0,0,0,0,0,0,1,3,1 malware/ransomware alert(s),0,0,0,3,0,0,0,0,0,0,0,0,Low,Urvi Dua,Legal,Active
EMP12707,1,0,0,1,0,1,0,0,0,0,0,0,0,0,1,3,1 malware/ransomware alert(s),0,0,0,3,0,0,0,0,0,0,0,0,Low,Indira Pant,Mkt,Active
EMP12758,1,0,0,1,0,0,0,0,1,0,0,0,0,1,1,3,1 credential-access alert(s); 1 identity review concern(s),0,0,0,0,0,0,2,0,0,0,0,1,Low,Chasmum Vig,Finance Dept,Active
EMP12779,1,0,0,1,0,1,0,0,0,0,0,0,0,0,1,3,1 malware/ransomware alert(s),0,0,0,3,0,0,0,0,0,0,0,0,Low,Tanveer Bahri,Finance Dept,Active
EMP12809,1,0,0,1,0,1,0,0,0,0,0,0,0,0,1,3,1 malware/ransomware alert(s),0,0,0,3,0,0,0,0,0,0,0,0,Low,Saanvi Prabhu,Marketing Dept,Active
EMP12828,1,0,0,1,0,1,0,0,0,0,0,0,0,0,1,3,1 malware/ransomware alert(s),0,0,0,3,0,0,0,0,0,0,0,0,Low,Siddharth Cheema,It,Active
EMP12832,1,0,0,1,0,0,1,0,0,0,0,0,0,1,1,3,1 PowerShell alert(s); 1 identity review concern(s),0,0,0,0,2,0,0,0,0,0,0,1,Low,Mason Raman,Legal Dept,Active
EMP12837,1,0,0,1,0,1,0,0,0,0,0,0,0,0,1,3,1 malware/ransomware alert(s),0,0,0,3,0,0,0,0,0,0,0,0,Low,Amara Kade,Innovation,Active
EMP12848,1,0,0,1,0,1,0,0,0,0,0,0,0,0,1,3,1 malware/ransomware alert(s),0,0,0,3,0,0,0,0,0,0,0,0,Low,Mekhala Singhal,Finance,Active
EMP12876,1,0,0,1,0,1,0,0,0,0,0,0,0,0,1,3,1 malware/ransomware alert(s),0,0,0,3,0,0,0,0,0,0,0,0,Low,Faqid Gaba,Hr Dept,Active
EMP12880,1,0,0,0,0,1,0,0,0,0,0,0,0,0,1,3,1 malware/ransomware alert(s),0,0,0,3,0,0,0,0,0,0,0,0,Low,Panini Rau,Finance Dept,Active
EMP12884,1,0,0,1,0,1,0,0,0,0,0,0,0,0,1,3,1 malware/ransomware alert(s),0,0,0,3,0,0,0,0,0,0,0,0,Low,Panini Gaba,It,Active
EMP12925,1,0,0,0,0,1,0,0,0,0,0,0,0,0,1,3,1 malware/ransomware alert(s),0,0,0,3,0,0,0,0,0,0,0,0,Low,Isha Gokhale,Purchase,Active
EMP12940,1,0,0,0,0,1,0,0,0,0,0,0,0,0,1,3,1 malware/ransomware alert(s),0,0,0,3,0,0,0,0,0,0,0,0,Low,Aryan Prabhu,Mktg,Active
EMP12954,1,0,0,1,0,1,0,0,0,0,0,0,0,0,1,3,1 malware/ransomware alert(s),0,0,0,3,0,0,0,0,0,0,0,0,Low,Jagat Agate,Customer Care,Active
EMP12978,1,0,0,1,0,1,0,0,0,0,0,0,0,0,1,3,1 malware/ransomware alert(s),0,0,0,3,0,0,0,0,0,0,0,0,Low,Ria Thakkar,Legal,Active
EMP12982,1,0,0,1,0,1,0,0,0,0,0,0,0,0,1,3,1 malware/ransomware alert(s),0,0,0,3,0,0,0,0,0,0,0,0,Low,Ekavir Karan,Human Resources,Active
EMP10260,4,0,0,1,0,0,0,1,0,0,0,0,0,0,1,2,1 lateral-movement alert(s),0,0,0,0,0,2,0,0,0,0,0,0,Low,Aashi Bal,Sales,Active
EMP12099,4,0,0,3,0,0,0,1,0,0,0,0,0,0,1,2,1 lateral-movement alert(s),0,0,0,0,0,2,0,0,0,0,0,0,Low,Omaja Kapur,It Dept,Active
EMP12973,4,0,0,2,0,0,0,0,1,0,0,0,0,0,1,2,1 credential-access alert(s),0,0,0,0,0,0,2,0,0,0,0,0,Low,Manya Chakrabarti,Operations,Active
EMP10082,3,0,0,2,0,0,0,0,1,0,0,0,0,0,1,2,1 credential-access alert(s),0,0,0,0,0,0,2,0,0,0,0,0,Low,Gabriel Tailor,Hr,Active
EMP10143,3,0,0,2,0,0,0,0,0,0,2,0,0,0,1,2,volume/low-severity activity only,0,0,0,0,0,0,0,0,2,0,0,0,Low,Rushil Chauhan,Customer Care,Active
EMP11033,3,0,0,2,0,0,0,0,1,0,0,0,0,0,1,2,1 credential-access alert(s),0,0,0,0,0,0,2,0,0,0,0,0,Low,Ayushman Andra,Rnd,Active
EMP11306,3,0,0,3,0,0,1,0,0,0,0,0,0,0,1,2,1 PowerShell alert(s),0,0,0,0,2,0,0,0,0,0,0,0,Low,Xalak Swamy,Operations,Active
EMP11490,3,0,0,2,0,0,1,0,0,0,0,0,0,0,1,2,1 PowerShell alert(s),0,0,0,0,2,0,0,0,0,0,0,0,Low,Advaith Shroff,Sales,Active
EMP11627,3,0,0,2,0,0,1,0,0,0,0,0,0,0,1,2,1 PowerShell alert(s),0,0,0,0,2,0,0,0,0,0,0,0,Low,Anthony Chadha,Finance,Active
EMP11877,3,0,0,1,0,0,0,0,0,0,2,0,0,0,1,2,volume/low-severity activity only,0,0,0,0,0,0,0,0,2,0,0,0,Low,Osha Mani,Supply Chain,Active
EMP12608,3,0,0,3,0,0,0,1,0,0,0,0,0,0,1,2,1 lateral-movement alert(s),0,0,0,0,0,2,0,0,0,0,0,0,Low,Nimrat Natt,Compliance,Active
EMP10048,2,0,0,1,0,0,0,0,1,0,0,0,0,0,1,2,1 credential-access alert(s),0,0,0,0,0,0,2,0,0,0,0,0,Low,George Dayal,Brand Team,Active
EMP10188,2,0,0,2,0,0,0,0,1,0,0,0,0,0,1,2,1 credential-access alert(s),0,0,0,0,0,0,2,0,0,0,0,0,Low,Wakeeta Srivastava,Sales Dept,Active
EMP10328,2,0,0,1,0,0,0,1,0,0,0,0,0,0,1,2,1 lateral-movement alert(s),0,0,0,0,0,2,0,0,0,0,0,0,Low,Radha Sidhu,Legal,Active
EMP10381,2,0,0,1,0,0,0,1,0,0,0,0,0,0,1,2,1 lateral-movement alert(s),0,0,0,0,0,2,0,0,0,0,0,0,Low,Tanveer Sankar,Ops,Active
EMP10404,2,0,0,1,0,0,1,0,0,0,0,0,0,0,1,2,1 PowerShell alert(s),0,0,0,0,2,0,0,0,0,0,0,0,Low,Yochana Kannan,It Dept,Active
EMP10546,2,0,0,0,0,0,0,1,0,0,0,0,0,0,1,2,1 lateral-movement alert(s),0,0,0,0,0,2,0,0,0,0,0,0,Low,Bhanumati Ranganathan,Human Resources,Active
EMP10554,2,0,0,2,0,0,0,1,0,0,0,0,0,0,1,2,1 lateral-movement alert(s),0,0,0,0,0,2,0,0,0,0,0,0,Low,Shaurya Talwar,Operations Dept,Active
EMP10572,2,0,0,1,0,0,0,0,1,0,0,0,0,0,1,2,1 credential-access alert(s),0,0,0,0,0,0,2,0,0,0,0,0,Low,Baljiwan Yadav,R&D,Active
EMP10886,2,0,0,1,0,0,0,0,0,0,2,0,0,0,1,2,volume/low-severity activity only,0,0,0,0,0,0,0,0,2,0,0,0,Low,Veda Dani,Fin,Active
EMP10911,2,0,0,2,0,0,1,0,0,0,0,0,0,0,1,2,1 PowerShell alert(s),0,0,0,0,2,0,0,0,0,0,0,0,Low,Unnati Krishnan,Ops,Active
EMP10939,2,0,0,1,0,0,0,1,0,0,0,0,0,0,1,2,1 lateral-movement alert(s),0,0,0,0,0,2,0,0,0,0,0,0,Low,Karan Mutti,Marketing,Active
EMP11000,2,0,0,2,0,0,1,0,0,0,0,0,0,0,1,2,1 PowerShell alert(s),0,0,0,0,2,0,0,0,0,0,0,0,Low,Chanakya Bali,Ops,Active
EMP11377,2,0,0,2,0,0,0,0,0,0,2,0,0,0,1,2,volume/low-severity activity only,0,0,0,0,0,0,0,0,2,0,0,0,Low,Yutika Sheth,Human Resources,Active
EMP11728,2,0,0,2,0,0,1,0,0,0,0,0,0,0,1,2,1 PowerShell alert(s),0,0,0,0,2,0,0,0,0,0,0,0,Low,Rushil Bassi,Marketing Dept,Active
EMP11838,2,0,0,0,0,0,1,0,0,0,0,0,0,0,1,2,1 PowerShell alert(s),0,0,0,0,2,0,0,0,0,0,0,0,Low,Yamini Ghose,Hr Dept,Active
EMP11853,2,0,0,0,0,0,0,1,0,0,0,0,0,0,1,2,1 lateral-movement alert(s),0,0,0,0,0,2,0,0,0,0,0,0,Low,Falak Konda,Operations,Active
EMP11965,2,0,0,1,0,0,0,0,1,0,0,0,0,0,1,2,1 credential-access alert(s),0,0,0,0,0,0,2,0,0,0,0,0,Low,Damyanti Madan,Innovation,Active
EMP12021,2,0,0,2,0,0,0,1,0,0,0,0,0,0,1,2,1 lateral-movement alert(s),0,0,0,0,0,2,0,0,0,0,0,0,Low,Rushil Sura,Support,
EMP12165,2,0,0,2,0,0,0,1,0,0,0,0,0,0,1,2,1 lateral-movement alert(s),0,0,0,0,0,2,0,0,0,0,0,0,Low,Samesh Gopal,Finance,Active
EMP12284,2,0,0,0,0,0,1,0,0,0,0,0,0,0,1,2,1 PowerShell alert(s),0,0,0,0,2,0,0,0,0,0,0,0,Low,Naksh Kala,It Dept,
EMP12350,2,0,0,2,0,0,0,0,0,0,1,1,0,0,1,2,volume/low-severity activity only,0,0,0,0,0,0,0,0,1,1,0,0,Low,Chatura Chowdhury,Information Tech,Active
EMP12402,2,0,0,0,0,0,0,0,1,0,0,0,0,0,1,2,1 credential-access alert(s),0,0,0,0,0,0,2,0,0,0,0,0,Low,Oni Mander,People Team,Active
EMP12459,2,0,0,1,0,0,0,0,1,0,0,0,0,0,1,2,1 credential-access alert(s),0,0,0,0,0,0,2,0,0,0,0,0,Low,Amaira Dani,Operations,Active
EMP12492,2,0,0,2,0,0,0,1,0,0,0,0,0,0,1,2,1 lateral-movement alert(s),0,0,0,0,0,2,0,0,0,0,0,0,Low,Jonathan Krish,Legal Dept,Active
EMP12994,2,0,0,0,0,0,1,0,0,0,0,0,0,0,1,2,1 PowerShell alert(s),0,0,0,0,2,0,0,0,0,0,0,0,Low,Zansi Dhar,Finance,Active
EMP10025,1,0,0,0,0,0,0,0,0,0,1,0,0,1,1,2,1 identity review concern(s),0,0,0,0,0,0,0,0,1,0,0,1,Low,Naveen Johal,Finance,Active
EMP10070,1,0,0,1,0,0,0,0,1,0,0,0,0,0,1,2,1 credential-access alert(s),0,0,0,0,0,0,2,0,0,0,0,0,Low,Mekhala Bajwa,Ops Team,Active
EMP10079,1,0,0,1,0,0,1,0,0,0,0,0,0,0,1,2,1 PowerShell alert(s),0,0,0,0,2,0,0,0,0,0,0,0,Low,Reyansh Chauhan,Finance Dept,Active
EMP10101,1,0,0,0,0,0,0,0,0,0,1,0,0,1,1,2,1 identity review concern(s),0,0,0,0,0,0,0,0,1,0,0,1,Low,Karan Gill,Legal,Active
EMP10191,1,0,0,1,0,0,0,0,1,0,0,0,0,0,1,2,1 credential-access alert(s),0,0,0,0,0,0,2,0,0,0,0,0,Low,Banjeet Baral,Hr,Active
EMP10213,1,0,0,0,0,0,0,0,1,0,0,0,0,0,1,2,1 credential-access alert(s),0,0,0,0,0,0,2,0,0,0,0,0,Low,Darpan Tripathi,Sales,Active
EMP10218,1,0,0,1,0,0,0,0,1,0,0,0,0,0,1,2,1 credential-access alert(s),0,0,0,0,0,0,2,0,0,0,0,0,Low,Jagat Dasgupta,Customer Support,Active
EMP10242,1,0,0,1,0,0,0,0,1,0,0,0,0,0,1,2,1 credential-access alert(s),0,0,0,0,0,0,2,0,0,0,0,0,Low,Upma Wadhwa,Ops,Active
EMP10283,1,0,0,0,0,0,0,1,0,0,0,0,0,0,1,2,1 lateral-movement alert(s),0,0,0,0,0,2,0,0,0,0,0,0,Low,Eshana Sahni,Brand Team,Active
EMP10338,1,0,0,1,0,0,0,0,1,0,0,0,0,0,1,2,1 credential-access alert(s),0,0,0,0,0,0,2,0,0,0,0,0,Low,Kamya Chopra,Human Resource,Active
EMP10358,1,0,0,1,0,0,1,0,0,0,0,0,0,0,1,2,1 PowerShell alert(s),0,0,0,0,2,0,0,0,0,0,0,0,Low,Anirudh Kapoor,Mkt,Active
EMP10363,1,0,0,1,0,0,1,0,0,0,0,0,0,0,1,2,1 PowerShell alert(s),0,0,0,0,2,0,0,0,0,0,0,0,Low,Chatura Krishnan,Legal,Active
EMP10372,1,0,0,1,0,0,0,1,0,0,0,0,0,0,1,2,1 lateral-movement alert(s),0,0,0,0,0,2,0,0,0,0,0,0,Low,Madhav Sood,People Team,Active
EMP10391,1,0,0,0,0,0,1,0,0,0,0,0,0,0,1,2,1 PowerShell alert(s),0,0,0,0,2,0,0,0,0,0,0,0,Low,Chaman Bhakta,It,On Leave
EMP10448,1,0,0,1,0,0,0,1,0,0,0,0,0,0,1,2,1 lateral-movement alert(s),0,0,0,0,0,2,0,0,0,0,0,0,Low,Nikita Gala,Sales Dept,Active
EMP10453,1,0,0,1,0,0,0,0,1,0,0,0,0,0,1,2,1 credential-access alert(s),0,0,0,0,0,0,2,0,0,0,0,0,Low,Pranit Sastry,People Team,Active
EMP10477,1,0,0,0,0,0,0,0,1,0,0,0,0,0,1,2,1 credential-access alert(s),0,0,0,0,0,0,2,0,0,0,0,0,Low,Yamini Subramanian,Ops Team,Active
EMP10493,1,0,0,1,0,0,0,0,0,0,1,0,0,1,1,2,1 identity review concern(s),0,0,0,0,0,0,0,0,1,0,0,1,Low,Radha Rana,It Dept,Active
EMP10512,1,0,0,1,0,0,1,0,0,0,0,0,0,0,1,2,1 PowerShell alert(s),0,0,0,0,2,0,0,0,0,0,0,0,Low,Chanchal Karan,Operations,Active
EMP10525,1,0,0,1,0,0,0,0,1,0,0,0,0,0,1,2,1 credential-access alert(s),0,0,0,0,0,0,2,0,0,0,0,0,Low,Sachi Sinha,It,Active
EMP10669,1,0,0,1,0,0,1,0,0,0,0,0,0,0,1,2,1 PowerShell alert(s),0,0,0,0,2,0,0,0,0,0,0,0,Low,Mohini Thakkar,Procurement Team,Active
EMP10686,1,0,0,1,0,0,0,0,0,0,1,0,0,1,1,2,1 identity review concern(s),0,0,0,0,0,0,0,0,1,0,0,1,Low,Rajeshri Shah,Business Sales,Active
EMP10783,1,0,0,1,0,0,1,0,0,0,0,0,0,0,1,2,1 PowerShell alert(s),0,0,0,0,2,0,0,0,0,0,0,0,Low,Bahadurjit Ramaswamy,Sales Dept,Active
EMP10812,1,0,0,1,0,0,0,0,1,0,0,0,0,0,1,2,1 credential-access alert(s),0,0,0,0,0,0,2,0,0,0,0,0,Low,Advika Mani,Sales Team,Active
EMP10818,1,0,0,1,0,0,1,0,0,0,0,0,0,0,1,2,1 PowerShell alert(s),0,0,0,0,2,0,0,0,0,0,0,0,Low,Rayaan Tiwari,Information Tech,Active
EMP10846,1,0,0,0,0,0,0,1,0,0,0,0,0,0,1,2,1 lateral-movement alert(s),0,0,0,0,0,2,0,0,0,0,0,0,Low,Pratyush Balay,Legal,Active
EMP10849,1,0,0,1,0,0,1,0,0,0,0,0,0,0,1,2,1 PowerShell alert(s),0,0,0,0,2,0,0,0,0,0,0,0,Low,Widisha Konda,Sales,Active
EMP10860,1,0,0,1,0,0,0,1,0,0,0,0,0,0,1,2,1 lateral-movement alert(s),0,0,0,0,0,2,0,0,0,0,0,0,Low,Alexander D’Alia,Ops Team,Active
EMP10875,1,0,0,0,0,0,1,0,0,0,0,0,0,0,1,2,1 PowerShell alert(s),0,0,0,0,2,0,0,0,0,0,0,0,Low,Xalak Kota,Customer Care,Active
EMP10879,1,0,0,0,0,0,0,0,1,0,0,0,0,0,1,2,1 credential-access alert(s),0,0,0,0,0,0,2,0,0,0,0,0,Low,Indali Ramakrishnan,Supply Chain,Active
EMP10979,1,0,0,0,0,0,0,0,1,0,0,0,0,0,1,2,1 credential-access alert(s),0,0,0,0,0,0,2,0,0,0,0,0,Low,Alka Sastry,Finance,Active
EMP10983,1,0,0,1,0,0,0,0,1,0,0,0,0,0,1,2,1 credential-access alert(s),0,0,0,0,0,0,2,0,0,0,0,0,Low,Meghana Mani,Research And Development,Active
EMP10990,1,0,0,1,0,0,1,0,0,0,0,0,0,0,1,2,1 PowerShell alert(s),0,0,0,0,2,0,0,0,0,0,0,0,Low,Dalbir Reddy,Sales,Active
EMP11036,1,0,0,1,0,0,0,1,0,0,0,0,0,0,1,2,1 lateral-movement alert(s),0,0,0,0,0,2,0,0,0,0,0,0,Low,Sanaya Chaudhuri,Information Tech,Active
EMP11064,1,0,0,0,0,0,1,0,0,0,0,0,0,0,1,2,1 PowerShell alert(s),0,0,0,0,2,0,0,0,0,0,0,0,Low,Yadavi Seshadri,Compliance,Active
EMP11066,1,0,0,0,0,0,1,0,0,0,0,0,0,0,1,2,1 PowerShell alert(s),0,0,0,0,2,0,0,0,0,0,0,0,Low,Ekansh Bawa,People Team,Active
EMP11080,1,0,0,1,0,0,0,0,1,0,0,0,0,0,1,2,1 credential-access alert(s),0,0,0,0,0,0,2,0,0,0,0,0,Low,Pavani Rout,Rd,Active
EMP11092,1,0,0,0,0,0,0,1,0,0,0,0,0,0,1,2,1 lateral-movement alert(s),0,0,0,0,0,2,0,0,0,0,0,0,Low,Ati Kota,Hr,Active
EMP11097,1,0,0,0,0,0,0,1,0,0,0,0,0,0,1,2,1 lateral-movement alert(s),0,0,0,0,0,2,0,0,0,0,0,0,Low,Nirja Jani,Information Tech,Active
EMP11110,1,0,0,0,0,0,0,0,0,0,1,0,0,1,1,2,1 identity review concern(s),0,0,0,0,0,0,0,0,1,0,0,1,Low,Meera Banik,Customer Support,Active
EMP11124,1,0,0,1,0,0,1,0,0,0,0,0,0,0,1,2,1 PowerShell alert(s),0,0,0,0,2,0,0,0,0,0,0,0,Low,Hamsini D’Alia,Legal,Active
EMP11227,1,0,0,0,0,0,0,0,1,0,0,0,0,0,1,2,1 credential-access alert(s),0,0,0,0,0,0,2,0,0,0,0,0,Low,Omya Mutti,Human Resource,Active
EMP11229,1,0,0,1,0,0,0,0,1,0,0,0,0,0,1,2,1 credential-access alert(s),0,0,0,0,0,0,2,0,0,0,0,0,Low,Aahana Rao,People Team,Active
EMP11255,1,0,0,0,0,0,0,0,0,0,1,0,0,1,1,2,1 identity review concern(s),0,0,0,0,0,0,0,0,1,0,0,1,Low,Yochana Choudhary,Information Tech,Active
EMP11270,1,0,0,1,0,0,0,0,0,0,1,0,0,1,1,2,1 identity review concern(s),0,0,0,0,0,0,0,0,1,0,0,1,Low,,,
EMP11274,1,0,0,0,0,0,0,0,1,0,0,0,0,0,1,2,1 credential-access alert(s),0,0,0,0,0,0,2,0,0,0,0,0,Low,Balhaar Vaidya,It,On Leave
EMP11426,1,0,0,1,0,0,0,0,1,0,0,0,0,0,1,2,1 credential-access alert(s),0,0,0,0,0,0,2,0,0,0,0,0,Low,Qasim Gade,It,On Leave
EMP11465,1,0,0,1,0,0,1,0,0,0,0,0,0,0,1,2,1 PowerShell alert(s),0,0,0,0,2,0,0,0,0,0,0,0,Low,Brinda Chauhan,Customer Care,Active
EMP11500,1,0,0,1,0,0,1,0,0,0,0,0,0,0,1,2,1 PowerShell alert(s),0,0,0,0,2,0,0,0,0,0,0,0,Low,Falak Bhattacharyya,Brand Team,Active
EMP11561,1,0,0,1,0,0,0,0,0,0,1,0,0,1,1,2,1 identity review concern(s),0,0,0,0,0,0,0,0,1,0,0,1,Low,Aradhana Sarraf,It Support,Active
EMP11567,1,0,0,1,0,0,0,1,0,0,0,0,0,0,1,2,1 lateral-movement alert(s),0,0,0,0,0,2,0,0,0,0,0,0,Low,Hardik Kata,Hr,Active
EMP11578,1,0,0,1,0,0,1,0,0,0,0,0,0,0,1,2,1 PowerShell alert(s),0,0,0,0,2,0,0,0,0,0,0,0,Low,Henry Sami,Legal,Active
EMP11625,1,0,0,1,0,0,0,0,0,0,1,0,0,1,1,2,1 identity review concern(s),0,0,0,0,0,0,0,0,1,0,0,1,Low,Vansha Bhalla,Operations Dept,Active
EMP11691,1,0,0,0,0,0,0,0,0,0,1,0,0,1,1,2,1 identity review concern(s),0,0,0,0,0,0,0,0,1,0,0,1,Low,Warjas Bedi,Mkt,Active
EMP11701,1,0,0,0,0,0,0,0,1,0,0,0,0,0,1,2,1 credential-access alert(s),0,0,0,0,0,0,2,0,0,0,0,0,Low,Aarav Malhotra,Procurement Team,On Leave
EMP11706,1,0,0,1,0,0,0,0,1,0,0,0,0,0,1,2,1 credential-access alert(s),0,0,0,0,0,0,2,0,0,0,0,0,Low,Jyoti Saraf,Operations,Active
EMP11710,1,0,0,1,0,0,0,0,1,0,0,0,0,0,1,2,1 credential-access alert(s),0,0,0,0,0,0,2,0,0,0,0,0,Low,Advaith Barman,Fin,Active
EMP11719,1,0,0,0,0,0,0,0,1,0,0,0,0,0,1,2,1 credential-access alert(s),0,0,0,0,0,0,2,0,0,0,0,0,Low,Jack Solanki,Sales Dept,Active
EMP11745,1,0,0,1,0,0,1,0,0,0,0,0,0,0,1,2,1 PowerShell alert(s),0,0,0,0,2,0,0,0,0,0,0,0,Low,Yuvraj Mani,Legal Dept,Active
EMP11782,1,0,0,1,0,0,0,1,0,0,0,0,0,0,1,2,1 lateral-movement alert(s),0,0,0,0,0,2,0,0,0,0,0,0,Low,Qadim Amble,Customer Support,Active
EMP11870,1,0,0,0,0,0,0,0,0,0,1,0,0,1,1,2,1 identity review concern(s),0,0,0,0,0,0,0,0,1,0,0,1,Low,Zinal Palla,People Team,Active
EMP11878,1,0,0,1,0,0,0,0,1,0,0,0,0,0,1,2,1 credential-access alert(s),0,0,0,0,0,0,2,0,0,0,0,0,Low,Qadim Puri,Information Tech,
EMP11906,1,0,0,1,0,0,1,0,0,0,0,0,0,0,1,2,1 PowerShell alert(s),0,0,0,0,2,0,0,0,0,0,0,0,Low,Abeer Palla,Marketing,Active
EMP11910,1,0,0,1,0,0,0,0,0,0,1,0,0,1,1,2,1 identity review concern(s),0,0,0,0,0,0,0,0,1,0,0,1,Low,Jonathan Lalla,Human Resources,Active
EMP11928,1,0,0,0,0,0,1,0,0,0,0,0,0,0,1,2,1 PowerShell alert(s),0,0,0,0,2,0,0,0,0,0,0,0,Low,Riya Chadha,Customer Care,Active
EMP11933,1,0,0,1,0,0,1,0,0,0,0,0,0,0,1,2,1 PowerShell alert(s),0,0,0,0,2,0,0,0,0,0,0,0,Low,Balendra Madan,Operations Dept,Active
EMP11946,1,0,0,1,0,0,1,0,0,0,0,0,0,0,1,2,1 PowerShell alert(s),0,0,0,0,2,0,0,0,0,0,0,0,Low,Laban Mani,Mktg,Active
EMP11979,1,0,0,0,0,0,1,0,0,0,0,0,0,0,1,2,1 PowerShell alert(s),0,0,0,0,2,0,0,0,0,0,0,0,Low,Noah Dhar,Procurement Team,Active
EMP12047,1,0,0,1,0,0,0,1,0,0,0,0,0,0,1,2,1 lateral-movement alert(s),0,0,0,0,0,2,0,0,0,0,0,0,Low,Tamanna Mital,Hr,Active
EMP12057,1,0,0,0,0,0,0,1,0,0,0,0,0,0,1,2,1 lateral-movement alert(s),0,0,0,0,0,2,0,0,0,0,0,0,Low,Orinder Sachdev,Purchase,
EMP12092,1,0,0,1,0,0,1,0,0,0,0,0,0,0,1,2,1 PowerShell alert(s),0,0,0,0,2,0,0,0,0,0,0,0,Low,Vedant Muni,People Team,Active
EMP12147,1,0,0,1,0,0,0,1,0,0,0,0,0,0,1,2,1 lateral-movement alert(s),0,0,0,0,0,2,0,0,0,0,0,0,Low,Odika Mistry,Human Resources,
EMP12203,1,0,0,1,0,0,0,0,0,0,1,0,0,1,1,2,1 identity review concern(s),0,0,0,0,0,0,0,0,1,0,0,1,Low,Yashodhara De,Purch,Active
EMP12227,1,0,0,0,0,0,0,1,0,0,0,0,0,0,1,2,1 lateral-movement alert(s),0,0,0,0,0,2,0,0,0,0,0,0,Low,Sanaya Korpal,Rnd,Active
EMP12270,1,0,0,1,0,0,1,0,0,0,0,0,0,0,1,2,1 PowerShell alert(s),0,0,0,0,2,0,0,0,0,0,0,0,Low,Isaiah Bhatti,Accounts,Active
EMP12516,1,0,0,1,0,0,1,0,0,0,0,0,0,0,1,2,1 PowerShell alert(s),0,0,0,0,2,0,0,0,0,0,0,0,Low,Dakshesh Agate,Human Resource,
EMP12532,1,0,0,0,0,0,0,1,0,0,0,0,0,0,1,2,1 lateral-movement alert(s),0,0,0,0,0,2,0,0,0,0,0,0,Low,Advaith Kumar,Supply Chain,Active
EMP12541,1,0,0,0,0,0,0,0,1,0,0,0,0,0,1,2,1 credential-access alert(s),0,0,0,0,0,0,2,0,0,0,0,0,Low,Saumya Contractor,Support,Active
EMP12563,1,0,0,1,0,0,1,0,0,0,0,0,0,0,1,2,1 PowerShell alert(s),0,0,0,0,2,0,0,0,0,0,0,0,Low,Anthony Mallick,Supply Chain,On Leave
EMP12593,1,0,0,0,0,0,1,0,0,0,0,0,0,0,1,2,1 PowerShell alert(s),0,0,0,0,2,0,0,0,0,0,0,0,Low,Rudra Madan,Marketing,Active
EMP12690,1,0,0,0,0,0,1,0,0,0,0,0,0,0,1,2,1 PowerShell alert(s),0,0,0,0,2,0,0,0,0,0,0,0,Low,Oviya Ganguly,Procurement,Active
EMP12709,1,0,0,0,0,0,1,0,0,0,0,0,0,0,1,2,1 PowerShell alert(s),0,0,0,0,2,0,0,0,0,0,0,0,Low,Manan Jhaveri,Legal,Active
EMP12713,1,0,0,1,0,0,0,1,0,0,0,0,0,0,1,2,1 lateral-movement alert(s),0,0,0,0,0,2,0,0,0,0,0,0,Low,Hritik Shukla,Legal,Active
EMP12741,1,0,0,1,0,0,0,0,1,0,0,0,0,0,1,2,1 credential-access alert(s),0,0,0,0,0,0,2,0,0,0,0,0,Low,Omkaar Chana,Supply Chain,Active
EMP12759,1,0,0,1,0,0,0,0,1,0,0,0,0,0,1,2,1 credential-access alert(s),0,0,0,0,0,0,2,0,0,0,0,0,Low,Ekanta Gola,Sales Team,Active
EMP12765,1,0,0,1,0,0,1,0,0,0,0,0,0,0,1,2,1 PowerShell alert(s),0,0,0,0,2,0,0,0,0,0,0,0,Low,Zayyan Chatterjee,Legal Dept,Active
EMP12841,1,0,0,1,0,0,0,1,0,0,0,0,0,0,1,2,1 lateral-movement alert(s),0,0,0,0,0,2,0,0,0,0,0,0,Low,Ekavir Menon,Rd,Active
EMP12854,1,0,0,0,0,0,0,0,1,0,0,0,0,0,1,2,1 credential-access alert(s),0,0,0,0,0,0,2,0,0,0,0,0,Low,Vaishnavi Wali,Finance Dept,Active
EMP12871,1,0,0,1,0,0,0,0,1,0,0,0,0,0,1,2,1 credential-access alert(s),0,0,0,0,0,0,2,0,0,0,0,0,Low,Anya Nadkarni,Human Resources,Active
EMP12904,1,0,0,1,0,0,0,0,0,0,1,0,0,1,1,2,1 identity review concern(s),0,0,0,0,0,0,0,0,1,0,0,1,Low,Charan Narang,Sales Team,Active
EMP12910,1,0,0,1,0,0,0,0,0,0,1,0,0,1,1,2,1 identity review concern(s),0,0,0,0,0,0,0,0,1,0,0,1,Low,Noah Ray,Rd,Active
EMP12922,1,0,0,1,0,0,1,0,0,0,0,0,0,0,1,2,1 PowerShell alert(s),0,0,0,0,2,0,0,0,0,0,0,0,Low,Brijesh Karpe,Mkt,Active
EMP12927,1,0,0,1,0,0,0,0,1,0,0,0,0,0,1,2,1 credential-access alert(s),0,0,0,0,0,0,2,0,0,0,0,0,Low,Quincy Toor,Mkt,Active
EMP12928,1,0,0,1,0,0,1,0,0,0,0,0,0,0,1,2,1 PowerShell alert(s),0,0,0,0,2,0,0,0,0,0,0,0,Low,Waida Raju,Hr,Active
EMP12975,1,0,0,1,0,0,1,0,0,0,0,0,0,0,1,2,1 PowerShell alert(s),0,0,0,0,2,0,0,0,0,0,0,0,Low,Warjas Barman,Sales,Active
EMP12430,3,0,0,0,0,0,0,0,0,0,1,0,0,0,1,1,volume/low-severity activity only,0,0,0,0,0,0,0,0,1,0,0,0,Low,Mekhala Loyal,People Team,Active
EMP10227,2,0,0,2,0,0,0,0,0,0,1,0,0,0,1,1,volume/low-severity activity only,0,0,0,0,0,0,0,0,1,0,0,0,Low,Oscar Dubey,Information Technology,Active
EMP10405,2,0,0,2,0,0,0,0,0,0,0,0,0,1,1,1,1 identity review concern(s),0,0,0,0,0,0,0,0,0,0,0,1,Low,Nidhi Sankar,Fin,Active
EMP10471,2,0,0,1,0,0,0,0,0,0,1,0,0,0,1,1,volume/low-severity activity only,0,0,0,0,0,0,0,0,1,0,0,0,Low,Ekaraj Sharaf,Legal Dept,Active
EMP11742,2,0,0,1,0,0,0,0,0,0,1,0,0,0,1,1,volume/low-severity activity only,0,0,0,0,0,0,0,0,1,0,0,0,Low,Zansi Sha,Business Sales,Active
EMP12103,2,0,0,1,0,0,0,0,0,0,0,0,0,1,1,1,1 identity review concern(s),0,0,0,0,0,0,0,0,0,0,0,1,Low,Turvi Chada,Information Technology,Active
EMP12255,2,0,0,2,0,0,0,0,0,0,1,0,0,0,1,1,volume/low-severity activity only,0,0,0,0,0,0,0,0,1,0,0,0,Low,Ekbal Vaidya,Accounts,Active
EMP12369,2,0,0,1,0,0,0,0,0,0,1,0,0,0,1,1,volume/low-severity activity only,0,0,0,0,0,0,0,0,1,0,0,0,Low,Chaaya Cherian,It Dept,Active
EMP10037,1,0,0,0,0,0,0,0,0,0,1,0,0,0,1,1,volume/low-severity activity only,0,0,0,0,0,0,0,0,1,0,0,0,Low,Bhavani Karan,Customer Support,Active
EMP10071,1,0,0,0,0,0,0,0,0,0,1,0,0,0,1,1,volume/low-severity activity only,0,0,0,0,0,0,0,0,1,0,0,0,Low,Ronith Varkey,Finance,
EMP10423,1,0,0,0,0,0,0,0,0,0,1,0,0,0,1,1,volume/low-severity activity only,0,0,0,0,0,0,0,0,1,0,0,0,Low,Bahadurjit Dyal,Legal,On Leave
EMP10510,1,0,0,1,0,0,0,0,0,0,1,0,0,0,1,1,volume/low-severity activity only,0,0,0,0,0,0,0,0,1,0,0,0,Low,Waida Naik,Hr Dept,Active
EMP10530,1,0,0,1,0,0,0,0,0,0,0,0,0,1,1,1,1 identity review concern(s),0,0,0,0,0,0,0,0,0,0,0,1,Low,Indali Toor,Ops,Active
EMP10556,1,0,0,1,0,0,0,0,0,0,1,0,0,0,1,1,volume/low-severity activity only,0,0,0,0,0,0,0,0,1,0,0,0,Low,Laksh Bala,Marketing,Active
EMP10566,1,0,0,1,0,0,0,0,0,0,0,0,0,1,1,1,1 identity review concern(s),0,0,0,0,0,0,0,0,0,0,0,1,Low,Niharika Gulati,Hr Dept,Active
EMP10910,1,0,0,1,0,0,0,0,0,0,0,0,0,1,1,1,1 identity review concern(s),0,0,0,0,0,0,0,0,0,0,0,1,Low,Arya Srivastava,Purchase,Active
EMP10930,1,0,0,0,0,0,0,0,0,0,1,0,0,0,1,1,volume/low-severity activity only,0,0,0,0,0,0,0,0,1,0,0,0,Low,Janani Dasgupta,Legal,Active
EMP10932,1,0,0,0,0,0,0,0,0,0,1,0,0,0,1,1,volume/low-severity activity only,0,0,0,0,0,0,0,0,1,0,0,0,Low,Ayush Zacharia,Hr,Active
EMP11043,1,0,0,1,0,0,0,0,0,0,0,0,0,1,1,1,1 identity review concern(s),0,0,0,0,0,0,0,0,0,0,0,1,Low,Tripti Johal,Finance Dept,Active
EMP11088,1,0,0,1,0,0,0,0,0,0,1,0,0,0,1,1,volume/low-severity activity only,0,0,0,0,0,0,0,0,1,0,0,0,Low,Mohini Kalla,Legal Dept,Active
EMP11314,1,0,0,0,0,0,0,0,0,0,0,0,0,1,1,1,1 identity review concern(s),0,0,0,0,0,0,0,0,0,0,0,1,Low,Amaira Sengupta,Procurement Team,Active
EMP11319,1,0,0,1,0,0,0,0,0,0,1,0,0,0,1,1,volume/low-severity activity only,0,0,0,0,0,0,0,0,1,0,0,0,Low,Yuvraj Ram,Supply Chain,On Leave
EMP11370,1,0,0,1,0,0,0,0,0,0,1,0,0,0,1,1,volume/low-severity activity only,0,0,0,0,0,0,0,0,1,0,0,0,Low,Eiravati Devi,Call Center,Active
EMP11478,1,0,0,1,0,0,0,0,0,0,1,0,0,0,1,1,volume/low-severity activity only,0,0,0,0,0,0,0,0,1,0,0,0,Low,Rudra Chakrabarti,Legal,Active
EMP11623,1,0,0,1,0,0,0,0,0,0,0,0,0,1,1,1,1 identity review concern(s),0,0,0,0,0,0,0,0,0,0,0,1,Low,Edhitha Khatri,Purch,Active
EMP11738,1,0,0,0,0,0,0,0,0,0,0,0,0,1,1,1,1 identity review concern(s),0,0,0,0,0,0,0,0,0,0,0,1,Low,Yamini Bala,Legal Dept,Active
EMP11765,1,0,0,0,0,0,0,0,0,0,0,0,0,1,1,1,1 identity review concern(s),0,0,0,0,0,0,0,0,0,0,0,1,Low,Anirudh Shukla,Support,Active
EMP11775,1,0,0,0,0,0,0,0,0,0,1,0,0,0,1,1,volume/low-severity activity only,0,0,0,0,0,0,0,0,1,0,0,0,Low,Harita Padmanabhan,Fin,
EMP11785,1,0,0,1,0,0,0,0,0,0,1,0,0,0,1,1,volume/low-severity activity only,0,0,0,0,0,0,0,0,1,0,0,0,Low,Vidhi Banerjee,People Team,Active
EMP11842,1,0,0,1,0,0,0,0,0,0,0,0,0,1,1,1,1 identity review concern(s),0,0,0,0,0,0,0,0,0,0,0,1,Low,,,
EMP12027,1,0,0,1,0,0,0,0,0,0,0,0,0,1,1,1,1 identity review concern(s),0,0,0,0,0,0,0,0,0,0,0,1,Low,Bhavika Mall,Mkt,Active
EMP12052,1,0,0,1,0,0,0,0,0,0,1,0,0,0,1,1,volume/low-severity activity only,0,0,0,0,0,0,0,0,1,0,0,0,Low,Caleb Lal,Ops Team,Active
EMP12124,1,0,0,1,0,0,0,0,0,0,0,0,0,1,1,1,1 identity review concern(s),0,0,0,0,0,0,0,0,0,0,0,1,Low,Azaan Dora,Hr Dept,
EMP12144,1,0,0,1,0,0,0,0,0,0,0,0,0,1,1,1,1 identity review concern(s),0,0,0,0,0,0,0,0,0,0,0,1,Low,,,
EMP12378,1,0,0,1,0,0,0,0,0,0,0,0,0,1,1,1,1 identity review concern(s),0,0,0,0,0,0,0,0,0,0,0,1,Low,Rachita Narayan,Cs,Active
EMP12385,1,0,0,1,0,0,0,0,0,0,1,0,0,0,1,1,volume/low-severity activity only,0,0,0,0,0,0,0,0,1,0,0,0,Low,Tanveer Kapur,Research And Development,Active
EMP12419,1,0,0,0,0,0,0,0,0,0,1,0,0,0,1,1,volume/low-severity activity only,0,0,0,0,0,0,0,0,1,0,0,0,Low,Ekta Bath,Customer Support,Active
EMP12423,1,0,0,1,0,0,0,0,0,0,1,0,0,0,1,1,volume/low-severity activity only,0,0,0,0,0,0,0,0,1,0,0,0,Low,Prisha Mahal,Information Technology,Active
EMP12489,1,0,0,1,0,0,0,0,0,0,1,0,0,0,1,1,volume/low-severity activity only,0,0,0,0,0,0,0,0,1,0,0,0,Low,Ronith Toor,Hr Dept,Active
EMP12632,1,0,0,0,0,0,0,0,0,0,1,0,0,0,1,1,volume/low-severity activity only,0,0,0,0,0,0,0,0,1,0,0,0,Low,Rachita Mall,People Team,Active
EMP12773,1,0,0,0,0,0,0,0,0,0,1,0,0,0,1,1,volume/low-severity activity only,0,0,0,0,0,0,0,0,1,0,0,0,Low,Arya Som,Procurement Team,Active
EMP12859,1,0,0,0,0,0,0,0,0,0,0,0,0,1,1,1,1 identity review concern(s),0,0,0,0,0,0,0,0,0,0,0,1,Low,Udant Barman,Marketing,Active
EMP10464,2,0,0,2,0,0,0,0,0,0,0,0,0,0,1,0,volume/low-severity activity only,0,0,0,0,0,0,0,0,0,0,0,0,Low,Kalpit Mane,Operations,Active
EMP11475,2,0,0,1,0,0,0,0,0,0,0,0,0,0,1,0,volume/low-severity activity only,0,0,0,0,0,0,0,0,0,0,0,0,Low,Aarush Din,Finance,Active
EMP11532,2,0,0,0,0,0,0,0,0,0,0,0,0,0,1,0,volume/low-severity activity only,0,0,0,0,0,0,0,0,0,0,0,0,Low,Anmol Dugar,It,Active
EMP11892,2,0,0,2,0,0,0,0,0,0,0,0,0,0,1,0,volume/low-severity activity only,0,0,0,0,0,0,0,0,0,0,0,0,Low,Sudiksha Patil,Human Resource,Active
EMP12215,2,0,0,2,0,0,0,0,0,0,0,0,0,0,1,0,volume/low-severity activity only,0,0,0,0,0,0,0,0,0,0,0,0,Low,Osha Butala,Compliance,Active
EMP12519,2,0,0,1,0,0,0,0,0,0,0,0,0,0,1,0,volume/low-severity activity only,0,0,0,0,0,0,0,0,0,0,0,0,Low,Chaaya Mody,Marketing,Active
EMP10280,1,0,0,1,0,0,0,0,0,0,0,0,0,0,1,0,volume/low-severity activity only,0,0,0,0,0,0,0,0,0,0,0,0,Low,Naksh Wali,It Support,Active
EMP10379,1,0,0,1,0,0,0,0,0,0,0,0,0,0,1,0,volume/low-severity activity only,0,0,0,0,0,0,0,0,0,0,0,0,Low,Tejas Nagy,It Support,
EMP10399,1,0,0,1,0,0,0,0,0,0,0,0,0,0,1,0,volume/low-severity activity only,0,0,0,0,0,0,0,0,0,0,0,0,Low,Dipta Date,Human Resource,Active
EMP10459,1,0,0,1,0,0,0,0,0,0,0,0,0,0,1,0,volume/low-severity activity only,0,0,0,0,0,0,0,0,0,0,0,0,Low,Advika Dey,People Team,On Leave
EMP10535,1,0,0,1,0,0,0,0,0,0,0,0,0,0,1,0,volume/low-severity activity only,0,0,0,0,0,0,0,0,0,0,0,0,Low,Vansha Dar,People Team,Active
EMP10589,1,0,0,1,0,0,0,0,0,0,0,0,0,0,1,0,volume/low-severity activity only,0,0,0,0,0,0,0,0,0,0,0,0,Low,Yochana Patil,Accounts,Active
EMP10649,1,0,0,0,0,0,0,0,0,0,0,0,0,0,1,0,volume/low-severity activity only,0,0,0,0,0,0,0,0,0,0,0,0,Low,Tejas Narula,Support,Active
EMP10713,1,0,0,1,0,0,0,0,0,0,0,0,0,0,1,0,volume/low-severity activity only,0,0,0,0,0,0,0,0,0,0,0,0,Low,Azaan Luthra,Mktg,On Leave
EMP10759,1,0,0,1,0,0,0,0,0,0,0,0,0,0,1,0,volume/low-severity activity only,0,0,0,0,0,0,0,0,0,0,0,0,Low,Rohan Samra,Operations,Active
EMP10760,1,0,0,0,0,0,0,0,0,0,0,0,0,0,1,0,volume/low-severity activity only,0,0,0,0,0,0,0,0,0,0,0,0,Low,Yahvi Chhabra,Procurement,Active
EMP10839,1,0,0,0,0,0,0,0,0,0,0,0,0,0,1,0,volume/low-severity activity only,0,0,0,0,0,0,0,0,0,0,0,0,Low,Wazir Sheth,Sales Dept,Active
EMP10869,1,0,0,1,0,0,0,0,0,0,0,0,0,0,1,0,volume/low-severity activity only,0,0,0,0,0,0,0,0,0,0,0,0,Low,Krishna Chaudry,Human Resource,Active
EMP10922,1,0,0,0,0,0,0,0,0,0,0,0,0,0,1,0,volume/low-severity activity only,0,0,0,0,0,0,0,0,0,0,0,0,Low,Aahana Kaur,Accounts,Active
EMP10988,1,0,0,1,0,0,0,0,0,0,0,0,0,0,1,0,volume/low-severity activity only,0,0,0,0,0,0,0,0,0,0,0,0,Low,Kalpit Savant,Ops Team,Active
EMP11045,1,0,0,1,0,0,0,0,0,0,0,0,0,0,1,0,volume/low-severity activity only,0,0,0,0,0,0,0,0,0,0,0,0,Low,Anjali Bhalla,Rnd,Active
EMP11096,1,0,0,1,0,0,0,0,0,0,0,0,0,0,1,0,volume/low-severity activity only,0,0,0,0,0,0,0,0,0,0,0,0,Low,Aishani Madan,People Team,Active
EMP11122,1,0,0,0,0,0,0,0,0,0,0,0,0,0,1,0,volume/low-severity activity only,0,0,0,0,0,0,0,0,0,0,0,0,Low,Jacob Hayer,It Support,Active
EMP11135,1,0,0,1,0,0,0,0,0,0,0,0,0,0,1,0,volume/low-severity activity only,0,0,0,0,0,0,0,0,0,0,0,0,Low,Nandini Pai,Sales Dept,Active
EMP11249,1,0,0,0,0,0,0,0,0,0,0,0,0,0,1,0,volume/low-severity activity only,0,0,0,0,0,0,0,0,0,0,0,0,Low,Abhiram Date,Hr Dept,Active
EMP11535,1,0,0,1,0,0,0,0,0,0,0,0,0,0,1,0,volume/low-severity activity only,0,0,0,0,0,0,0,0,0,0,0,0,Low,Dhriti Shere,Hr,Active
EMP11551,1,0,0,0,0,0,0,0,0,0,0,0,0,0,1,0,volume/low-severity activity only,0,0,0,0,0,0,0,0,0,0,0,0,Low,Pavani Choudhary,Finance,Active
EMP11603,1,0,0,1,0,0,0,0,0,0,0,0,0,0,1,0,volume/low-severity activity only,0,0,0,0,0,0,0,0,0,0,0,0,Low,Nicholas Tara,Human Resources,Active
EMP11888,1,0,0,0,0,0,0,0,0,0,0,0,0,0,1,0,volume/low-severity activity only,0,0,0,0,0,0,0,0,0,0,0,0,Low,Saanvi Puri,Call Center,Active
EMP11927,1,0,0,0,0,0,0,0,0,0,0,0,0,0,1,0,volume/low-severity activity only,0,0,0,0,0,0,0,0,0,0,0,0,Low,Laban Verma,Human Resources,Active
EMP12016,1,0,0,1,0,0,0,0,0,0,0,0,0,0,1,0,volume/low-severity activity only,0,0,0,0,0,0,0,0,0,0,0,0,Low,Darsh Deshpande,Information Tech,Active
EMP12125,1,0,0,1,0,0,0,0,0,0,0,0,0,0,1,0,volume/low-severity activity only,0,0,0,0,0,0,0,0,0,0,0,0,Low,Hemal Deo,Sales Team,Active
EMP12223,1,0,0,0,0,0,0,0,0,0,0,0,0,0,1,0,volume/low-severity activity only,0,0,0,0,0,0,0,0,0,0,0,0,Low,Nidra Bhagat,Purch,Active
EMP12258,1,0,0,0,0,0,0,0,0,0,0,0,0,0,1,0,volume/low-severity activity only,0,0,0,0,0,0,0,0,0,0,0,0,Low,Megha Bal,Purchase,Active
EMP12306,1,0,0,0,0,0,0,0,0,0,0,0,0,0,1,0,volume/low-severity activity only,0,0,0,0,0,0,0,0,0,0,0,0,Low,Maanas Borde,Legal Dept,Active
EMP12330,1,0,0,0,0,0,0,0,0,0,0,0,0,0,1,0,volume/low-severity activity only,0,0,0,0,0,0,0,0,0,0,0,0,Low,Yochana Pai,Legal,Active
EMP12357,1,0,0,0,0,0,0,0,0,0,0,0,0,0,1,0,volume/low-severity activity only,0,0,0,0,0,0,0,0,0,0,0,0,Low,Vasana Singhal,It Dept,Active
EMP12397,1,0,0,0,0,0,0,0,0,0,0,0,0,0,1,0,volume/low-severity activity only,0,0,0,0,0,0,0,0,0,0,0,0,Low,Manan Jayaraman,Research And Development,Active
EMP12539,1,0,0,0,0,0,0,0,0,0,0,0,0,0,1,0,volume/low-severity activity only,0,0,0,0,0,0,0,0,0,0,0,0,Low,Udarsh Kannan,Marketing,Active
EMP12592,1,0,0,1,0,0,0,0,0,0,0,0,0,0,1,0,volume/low-severity activity only,0,0,0,0,0,0,0,0,0,0,0,0,Low,Saanvi Kalita,Sales Team,
EMP12615,1,0,0,0,0,0,0,0,0,0,0,0,0,0,1,0,volume/low-severity activity only,0,0,0,0,0,0,0,0,0,0,0,0,Low,Omkaar Upadhyay,Sales Team,Active
EMP12790,1,0,0,1,0,0,0,0,0,0,0,0,0,0,1,0,volume/low-severity activity only,0,0,0,0,0,0,0,0,0,0,0,0,Low,Chaman Acharya,People Team,Active
EMP12918,1,0,0,1,0,0,0,0,0,0,0,0,0,0,1,0,volume/low-severity activity only,0,0,0,0,0,0,0,0,0,0,0,0,Low,Nitara Gulati,Sales Team,Active
