priority_rank,user_id,full_name,department,role,status,location,hostname,device_id,risk_score,risk_level,investigation_priority_score,investigation_priority,threat_detection_count,distinct_threat_types,threat_types,critical_detections,high_detections,medium_detections,highest_severity,highest_confidence,device_id_conflict,device_user_count,investigation_reason,recommended_action
1,EMP11218,Karan Goda,Marketing,Administrator,Disabled,Regional Office,WS-11218,,86.5,Critical,96.5,Critical,2,2,Post-Termination Activity | Suspicious Administrative Activity,1,1,0,Critical,High,False,0,very high user risk score (86.5); 2 distinct threat types; 1 critical detection(s); 1 high-severity detection(s),"Immediate investigation: correlate endpoint, IAM and identity evidence; validate affected account and assets."
2,EMP10296,Osha Kapur,IT,Director,Disabled,Remote,VDR-10296,DEV59792,83.0,Critical,88.0,Critical,1,1,Post-Termination Activity,1,0,0,Critical,High,False,1,very high user risk score (83.0); 1 critical detection(s),Prioritize investigation of critical telemetry and validate affected account and asset.
3,EMP11241,Bhavani Shetty,IT,Consultant,Disabled,Branch Office,WS-11241,,77.0,Critical,87.0,Critical,2,2,Post-Termination Activity | Suspicious Administrative Activity,1,1,0,Critical,High,False,0,high user risk score (77.0); 2 distinct threat types; 1 critical detection(s); 1 high-severity detection(s),"Immediate investigation: correlate endpoint, IAM and identity evidence; validate affected account and assets."
4,EMP12745,Prisha Sarkar,Customer Support,Officer,Disabled,Regional Office,,,66.5,High,86.5,Critical,3,3,Identity / Hostname Mismatch | Malware + Lateral Movement | Post-Termination Activity,2,0,1,Critical,High,False,0,high user risk score (66.5); 3 distinct threat types; 2 critical detection(s),"Immediate investigation: correlate endpoint, IAM and identity evidence; validate affected account and assets."
5,EMP12762,Nathaniel Jhaveri,Marketing,Officer,Disabled,Work From Home,LPT-12762,DEV79833,68.0,High,83.0,Critical,2,2,Malware + Lateral Movement | Post-Termination Activity,2,0,0,Critical,High,False,1,high user risk score (68.0); 2 distinct threat types; 2 critical detection(s),"Immediate investigation: correlate endpoint, IAM and identity evidence; validate affected account and assets."
6,EMP12851,Kamala Raman,Supply Chain,Officer,Active,Work From Home,WS-12851,DEV27730,82.0,Critical,82.0,Critical,1,1,Suspicious Administrative Activity,0,1,0,High,High,False,1,very high user risk score (82.0); 1 high-severity detection(s),Review high-severity detections and correlate supporting IAM and endpoint evidence.
7,EMP12603,Gautam Dass,Finance,Trainee,Active,Branch Office,LPT-12603,DEV97646,81.0,Critical,81.0,Critical,1,1,Suspicious Administrative Activity,0,1,0,High,High,False,1,very high user risk score (81.0); 1 high-severity detection(s),Review high-severity detections and correlate supporting IAM and endpoint evidence.
8,EMP10194,Ayush Dua,R&D,Analyst,Active,Branch Office,LPT-10194,DEV40932,79.0,Critical,79.0,High,1,1,Suspicious Administrative Activity,0,1,0,High,High,False,1,high user risk score (79.0); 1 high-severity detection(s),Review high-severity detections and correlate supporting IAM and endpoint evidence.
9,EMP12738,Devika Bhargava,Procurement,Executive,Active,Work From Home,VDR-12738,DEV90702,77.0,Critical,77.0,High,1,1,Suspicious Administrative Activity,0,1,0,High,High,False,1,high user risk score (77.0); 1 high-severity detection(s),Review high-severity detections and correlate supporting IAM and endpoint evidence.
10,EMP10014,Ridhi Saini,People,Officer,Active,Work From Home,WS-10014,DEV94012,75.0,Critical,75.0,High,1,1,Suspicious Administrative Activity,0,1,0,High,High,False,1,high user risk score (75.0); 1 high-severity detection(s),Review high-severity detections and correlate supporting IAM and endpoint evidence.
11,EMP10099,Dev Kanda,R&D,Manager,Disabled,Head Office,VDR-10099,,70.0,High,75.0,High,1,1,Post-Termination Activity,1,0,0,Critical,High,False,0,high user risk score (70.0); 1 critical detection(s),Prioritize investigation of critical telemetry and validate affected account and asset.
12,EMP10251,Aarini Memon,IT,Director,Active,Remote,VDR-10251,DEV18357,74.0,High,74.0,High,1,1,Suspicious Administrative Activity,0,1,0,High,High,False,1,high user risk score (74.0); 1 high-severity detection(s),Review high-severity detections and correlate supporting IAM and endpoint evidence.
13,EMP11210,Warda Bora,Sales,Engineer,Active,Regional Office,VDR-11210,DEV11883,69.0,High,74.0,High,1,1,Malware + Lateral Movement,1,0,0,Critical,High,False,1,high user risk score (69.0); 1 critical detection(s),Prioritize investigation of critical telemetry and validate affected account and asset.
14,EMP11367,Unnati Sane,Sales,Director,Inactive,Warehouse,WS-11367,DEV85384,69.0,High,74.0,High,1,1,Post-Termination Activity,1,0,0,Critical,High,False,1,high user risk score (69.0); 1 critical detection(s),Prioritize investigation of critical telemetry and validate affected account and asset.
15,EMP11374,Vyanjana Ahuja,Human Resources,Consultant,Inactive,Head Office,WS-11374,DEV23164,69.0,High,74.0,High,1,1,Post-Termination Activity,1,0,0,Critical,High,False,1,high user risk score (69.0); 1 critical detection(s),Prioritize investigation of critical telemetry and validate affected account and asset.
16,EMP11758,Naksh Madan,Procurement,Trainee,Disabled,Branch Office,VDR-11758,DEV68283,69.0,High,74.0,High,1,1,Post-Termination Activity,1,0,0,Critical,High,False,1,high user risk score (69.0); 1 critical detection(s),Prioritize investigation of critical telemetry and validate affected account and asset.
17,EMP10486,Thomas Kaul,Sales,Consultant,Active,Remote,WS-10486,DEV48479,68.5,High,73.5,High,1,1,Malware + Lateral Movement,1,0,0,Critical,High,False,1,high user risk score (68.5); 1 critical detection(s),Prioritize investigation of critical telemetry and validate affected account and asset.
18,EMP11001,Aarush Prashad,Procurement,Executive,Inactive,Work From Home,VDR-11001,DEV81188,67.0,High,72.0,High,1,1,Post-Termination Activity,1,0,0,Critical,High,False,1,high user risk score (67.0); 1 critical detection(s),Prioritize investigation of critical telemetry and validate affected account and asset.
19,EMP12895,Max Kant,Finance,Trainee,Inactive,Data Center,WS-12895,,67.0,High,72.0,High,1,1,Post-Termination Activity,1,0,0,Critical,High,False,0,high user risk score (67.0); 1 critical detection(s),Prioritize investigation of critical telemetry and validate affected account and asset.
20,EMP10806,Daniel Nadkarni,Marketing,Specialist,Disabled,Remote,WS-10806,DEV31044,66.5,High,71.5,High,1,1,Post-Termination Activity,1,0,0,Critical,High,False,1,high user risk score (66.5); 1 critical detection(s),Prioritize investigation of critical telemetry and validate affected account and asset.
21,EMP10781,Rohan Wali,Innovation,Consultant,Active,Head Office,WS-10781,DEV17213,71.0,High,71.0,High,1,1,Suspicious Administrative Activity,0,1,0,High,High,False,1,high user risk score (71.0); 1 high-severity detection(s),Review high-severity detections and correlate supporting IAM and endpoint evidence.
22,EMP12446,Aradhana Saha,Human Resources,Consultant,Disabled,Warehouse,WS-12446,DEV85963,65.5,High,70.5,High,1,1,Post-Termination Activity,1,0,0,Critical,High,False,1,high user risk score (65.5); 1 critical detection(s),Prioritize investigation of critical telemetry and validate affected account and asset.
23,EMP12567,Sara Borah,IT,Analyst,Active,Head Office,,DEV78025,65.0,High,70.0,High,2,2,Identity / Hostname Mismatch | Suspicious Administrative Activity,0,1,1,High,High,False,1,high user risk score (65.0); 2 distinct threat types; 1 high-severity detection(s),Review high-severity detections and correlate supporting IAM and endpoint evidence.
24,EMP10394,Kiaan Suri,Human Resources,Officer,Inactive,Head Office,WS-10394,DEV87860,64.5,High,69.5,High,1,1,Malware + Lateral Movement,1,0,0,Critical,High,False,1,high user risk score (64.5); 1 critical detection(s),Prioritize investigation of critical telemetry and validate affected account and asset.
25,EMP10300,Adweta Kaur,R&D,Administrator,Disabled,,VDR-10300,DEV19064,53.5,High,68.5,High,2,2,Malware + Lateral Movement | Post-Termination Activity,2,0,0,Critical,High,False,1,2 distinct threat types; 2 critical detection(s),"Immediate investigation: correlate endpoint, IAM and identity evidence; validate affected account and assets."
26,EMP11024,Ubika Koshy,Innovation,Administrator,Disabled,Work From Home,LPT-11024,DEV32359,53.5,High,68.5,High,2,2,Malware + Lateral Movement | Post-Termination Activity,2,0,0,Critical,High,False,1,2 distinct threat types; 2 critical detection(s),"Immediate investigation: correlate endpoint, IAM and identity evidence; validate affected account and assets."
27,EMP11290,Ati Patla,Innovation,Analyst,Disabled,Head Office,,DEV45412,57.5,High,67.5,High,2,2,Identity / Hostname Mismatch | Post-Termination Activity,1,0,1,Critical,High,False,1,2 distinct threat types; 1 critical detection(s),"Immediate investigation: correlate endpoint, IAM and identity evidence; validate affected account and assets."
28,EMP12155,Ekansh Soni,Marketing,Director,Disabled,,,DEV39684,52.5,High,67.5,High,3,3,Identity / Hostname Mismatch | Post-Termination Activity | Suspicious Administrative Activity,1,1,1,Critical,High,False,1,3 distinct threat types; 1 critical detection(s); 1 high-severity detection(s),"Immediate investigation: correlate endpoint, IAM and identity evidence; validate affected account and assets."
29,EMP12083,Mohini Minhas,Procurement,Manager,Active,Head Office,LPT-12083,DEV94267,67.0,High,67.0,High,1,1,Suspicious Administrative Activity,0,1,0,High,High,False,1,high user risk score (67.0); 1 high-severity detection(s),Review high-severity detections and correlate supporting IAM and endpoint evidence.
30,EMP10463,Isha Padmanabhan,Innovation,Consultant,Disabled,,LPT-10463,DEV39218,62.0,High,67.0,High,1,1,Post-Termination Activity,1,0,0,Critical,High,False,1,high user risk score (62.0); 1 critical detection(s),Prioritize investigation of critical telemetry and validate affected account and asset.
31,EMP12781,Rachit Dugal,IT,Consultant,Inactive,Data Center,VDR-12781,DEV27263,62.0,High,67.0,High,1,1,Post-Termination Activity,1,0,0,Critical,High,False,1,high user risk score (62.0); 1 critical detection(s),Prioritize investigation of critical telemetry and validate affected account and asset.
32,EMP10112,Frederick Behl,Finance,Executive,Inactive,Branch Office,LPT-10112,DEV89887,56.5,High,66.5,High,2,2,Post-Termination Activity | Suspicious Administrative Activity,1,1,0,Critical,High,False,1,2 distinct threat types; 1 critical detection(s); 1 high-severity detection(s),"Immediate investigation: correlate endpoint, IAM and identity evidence; validate affected account and assets."
33,EMP11817,Brinda Iyer,R&D,Director,Active,,VDR-11817,DEV70975,66.0,High,66.0,High,1,1,Suspicious Administrative Activity,0,1,0,High,High,False,1,high user risk score (66.0); 1 high-severity detection(s),Review high-severity detections and correlate supporting IAM and endpoint evidence.
34,EMP11600,Gagan Mitter,Procurement,Director,Active,Regional Office,VDR-11600,DEV60738,65.0,High,65.0,High,1,1,Suspicious Administrative Activity,0,1,0,High,High,False,1,high user risk score (65.0); 1 high-severity detection(s),Review high-severity detections and correlate supporting IAM and endpoint evidence.
35,EMP11507,Owen Badal,Human Resources,Administrator,Inactive,,VDR-11507,,60.0,High,65.0,High,1,1,Post-Termination Activity,1,0,0,Critical,High,False,0,high user risk score (60.0); 1 critical detection(s),Prioritize investigation of critical telemetry and validate affected account and asset.
36,EMP11763,Rachita Baria,Customer Support,Administrator,Active,Data Center,LPT-11763,DEV96017,64.0,High,64.0,High,1,1,Suspicious Administrative Activity,0,1,0,High,High,False,1,high user risk score (64.0); 1 high-severity detection(s),Review high-severity detections and correlate supporting IAM and endpoint evidence.
37,EMP11301,Kabir Tandon,Brand,Analyst,Disabled,Branch Office,WS-11301,,58.5,High,63.5,High,1,1,Post-Termination Activity,1,0,0,Critical,High,False,0,1 critical detection(s),Prioritize investigation of critical telemetry and validate affected account and asset.
38,EMP10343,Ayaan Kala,Sales,Director,Disabled,Remote,,DEV17152,43.5,Medium,63.5,High,3,3,Identity / Hostname Mismatch | Malware + Lateral Movement | Post-Termination Activity,2,0,1,Critical,High,False,1,3 distinct threat types; 2 critical detection(s),"Immediate investigation: correlate endpoint, IAM and identity evidence; validate affected account and assets."
39,EMP10041,Faris Randhawa,Procurement,Executive,Inactive,Branch Office,LPT-10041,DEV33206,57.5,High,62.5,High,1,1,Post-Termination Activity,1,0,0,Critical,High,False,1,1 critical detection(s),Prioritize investigation of critical telemetry and validate affected account and asset.
40,EMP10754,Ekalinga Keer,Finance,Specialist,Disabled,Branch Office,VDR-10754,DEV82450,57.5,High,62.5,High,1,1,Post-Termination Activity,1,0,0,Critical,High,False,1,1 critical detection(s),Prioritize investigation of critical telemetry and validate affected account and asset.
41,EMP12140,Neelima Koshy,Human Resources,Trainee,Active,,VDR-12140,DEV97821,57.5,High,62.5,High,1,1,Malware + Lateral Movement,1,0,0,Critical,High,False,1,1 critical detection(s),Prioritize investigation of critical telemetry and validate affected account and asset.
42,EMP11427,Niharika Murty,Operations,Consultant,Active,Regional Office,LPT-11427,DEV86919,57.5,High,62.5,High,2,2,Identity / Hostname Mismatch | Suspicious Administrative Activity,0,1,1,High,High,False,1,2 distinct threat types; 1 high-severity detection(s),Review high-severity detections and correlate supporting IAM and endpoint evidence.
43,EMP10485,Hardik Kuruvilla,Customer Support,Manager,Active,Work From Home,VDR-10485,DEV30889,57.0,High,62.0,High,1,1,Malware + Lateral Movement,1,0,0,Critical,High,False,1,1 critical detection(s),Prioritize investigation of critical telemetry and validate affected account and asset.
44,EMP11739,Edhitha Bala,Customer Support,Executive,Inactive,Head Office,WS-11739,DEV76368,57.0,High,62.0,High,1,1,Post-Termination Activity,1,0,0,Critical,High,False,1,1 critical detection(s),Prioritize investigation of critical telemetry and validate affected account and asset.
45,EMP11048,Quincy Lata,Finance,Engineer,Active,Head Office,LPT-11048,,55.0,High,62.0,High,2,2,Malware + Lateral Movement | Suspicious Administrative Activity,0,2,0,High,High,False,0,2 distinct threat types; 2 high-severity detection(s),Review high-severity detections and correlate supporting IAM and endpoint evidence.
46,EMP10522,Widisha Seshadri,Sales,Director,Disabled,Warehouse,LPT-10522,,56.5,High,61.5,High,1,1,Post-Termination Activity,1,0,0,Critical,High,False,0,1 critical detection(s),Prioritize investigation of critical telemetry and validate affected account and asset.
47,EMP11483,Mekhala Choudhary,R&D,Executive,Active,Work From Home,LPT-11483,DEV62435,56.5,High,61.5,High,1,1,Malware + Lateral Movement,1,0,0,Critical,High,False,1,1 critical detection(s),Prioritize investigation of critical telemetry and validate affected account and asset.
48,EMP11862,Falguni Parikh,Customer Support,Officer,Inactive,Remote,LPT-11862,DEV40780,56.5,High,61.5,High,1,1,Post-Termination Activity,1,0,0,Critical,High,False,1,1 critical detection(s),Prioritize investigation of critical telemetry and validate affected account and asset.
49,EMP12651,Aishani Pillai,Human Resources,Specialist,Disabled,Regional Office,LPT-12651,DEV41619,56.5,High,61.5,High,1,1,Post-Termination Activity,1,0,0,Critical,High,False,1,1 critical detection(s),Prioritize investigation of critical telemetry and validate affected account and asset.
50,EMP10596,Wishi Dixit,Human Resources,Officer,Disabled,Regional Office,,DEV15737,46.5,Medium,61.5,High,3,3,Identity / Hostname Mismatch | Post-Termination Activity | Suspicious Administrative Activity,1,1,1,Critical,High,False,1,3 distinct threat types; 1 critical detection(s); 1 high-severity detection(s),"Immediate investigation: correlate endpoint, IAM and identity evidence; validate affected account and assets."
51,EMP10527,William Modi,Legal,Consultant,Active,Warehouse,,,61.0,High,61.0,High,1,1,Identity / Hostname Mismatch,0,0,1,Medium,Medium,False,0,high user risk score (61.0),Review detection evidence and validate identity and asset context.
52,EMP10544,Harita Sura,Human Resources,Administrator,Disabled,Head Office,WS-10544,DEV93055,51.0,High,61.0,High,2,2,Post-Termination Activity | Suspicious Administrative Activity,1,1,0,Critical,High,False,1,2 distinct threat types; 1 critical detection(s); 1 high-severity detection(s),"Immediate investigation: correlate endpoint, IAM and identity evidence; validate affected account and assets."
53,EMP10542,Jhalak Toor,Marketing,Consultant,Inactive,Head Office,VDR-10542,DEV43776,55.5,High,60.5,High,1,1,Post-Termination Activity,1,0,0,Critical,High,False,1,1 critical detection(s),Prioritize investigation of critical telemetry and validate affected account and asset.
54,EMP11914,Krishna Nayak,IT,Trainee,Inactive,Work From Home,LPT-11914,DEV63976,55.5,High,60.5,High,1,1,Post-Termination Activity,1,0,0,Critical,High,False,1,1 critical detection(s),Prioritize investigation of critical telemetry and validate affected account and asset.
55,EMP12990,Vyanjana Prabhu,Procurement,Manager,Inactive,Data Center,LPT-12990,DEV86687,55.5,High,60.5,High,1,1,Post-Termination Activity,1,0,0,Critical,High,False,1,1 critical detection(s),Prioritize investigation of critical telemetry and validate affected account and asset.
56,EMP10152,Finn Vig,Customer Support,Engineer,Disabled,Warehouse,VDR-10152,DEV97562,60.0,High,60.0,High,1,1,Suspicious Administrative Activity,0,1,0,High,High,False,1,high user risk score (60.0); 1 high-severity detection(s),Review high-severity detections and correlate supporting IAM and endpoint evidence.
57,EMP10667,Nathaniel Dhaliwal,IT,Officer,Active,Remote,VDR-10667,DEV98892,60.0,High,60.0,High,1,1,Identity / Hostname Mismatch,0,0,1,Medium,Medium,False,1,high user risk score (60.0),Review detection evidence and validate identity and asset context.
58,EMP12247,Tanish Dasgupta,IT,Director,Inactive,,VDR-12247,DEV58621,55.0,High,60.0,High,1,1,Post-Termination Activity,1,0,0,Critical,High,False,1,1 critical detection(s),Prioritize investigation of critical telemetry and validate affected account and asset.
59,EMP12892,Nirja Bhakta,IT,Officer,Disabled,Warehouse,VDR-12892,DEV26926,55.0,High,60.0,High,1,1,Post-Termination Activity,1,0,0,Critical,High,False,1,1 critical detection(s),Prioritize investigation of critical telemetry and validate affected account and asset.
60,EMP10998,Lopa Sarin,Finance,Trainee,Active,,WS-10998,DEV94587,59.5,High,59.5,Medium,1,1,Suspicious Administrative Activity,0,1,0,High,High,False,1,1 high-severity detection(s),Review high-severity detections and correlate supporting IAM and endpoint evidence.
61,EMP11069,Vihaan Oak,Procurement,Manager,On Leave,Remote,WS-11069,,59.5,High,59.5,Medium,1,1,Identity / Hostname Mismatch,0,0,1,Medium,Medium,False,0,1 threat detection(s),Review detection evidence and validate identity and asset context.
62,EMP12450,Hiral Bansal,R&D,Administrator,Active,Branch Office,,DEV89669,54.0,High,59.0,Medium,2,2,Identity / Hostname Mismatch | Suspicious Administrative Activity,0,1,1,High,High,False,1,2 distinct threat types; 1 high-severity detection(s),Review high-severity detections and correlate supporting IAM and endpoint evidence.
63,EMP11744,Avi Basak,Finance,Engineer,Disabled,Regional Office,LPT-11744,DEV76127,49.0,Medium,59.0,Medium,2,2,Post-Termination Activity | Suspicious Administrative Activity,1,1,0,Critical,High,False,1,2 distinct threat types; 1 critical detection(s); 1 high-severity detection(s),"Immediate investigation: correlate endpoint, IAM and identity evidence; validate affected account and assets."
64,EMP10178,Tanveer Ghose,Operations,Engineer,Disabled,Head Office,WS-10178,DEV22987,53.5,High,58.5,Medium,1,1,Post-Termination Activity,1,0,0,Critical,High,False,1,1 critical detection(s),Prioritize investigation of critical telemetry and validate affected account and asset.
65,EMP10821,Libni Aurora,Customer Support,Analyst,Inactive,,LPT-10821,DEV66414,53.5,High,58.5,Medium,1,1,Post-Termination Activity,1,0,0,Critical,High,False,1,1 critical detection(s),Prioritize investigation of critical telemetry and validate affected account and asset.
66,EMP11128,Pratyush Deshpande,Human Resources,Director,Disabled,,VDR-11128,DEV74955,53.5,High,58.5,Medium,1,1,Post-Termination Activity,1,0,0,Critical,High,False,1,1 critical detection(s),Prioritize investigation of critical telemetry and validate affected account and asset.
67,EMP10040,Kevin Tara,IT,Consultant,Active,Branch Office,VDR-10040,DEV42706,58.0,High,58.0,Medium,1,1,Suspicious Administrative Activity,0,1,0,High,Medium,False,1,1 high-severity detection(s),Review high-severity detections and correlate supporting IAM and endpoint evidence.
68,EMP11224,Chatresh Upadhyay,Supply Chain,Executive,Inactive,,VDR-11224,DEV81260,53.0,High,58.0,Medium,1,1,Post-Termination Activity,1,0,0,Critical,High,False,1,1 critical detection(s),Prioritize investigation of critical telemetry and validate affected account and asset.
69,EMP11250,Triya Venkataraman,Customer Support,Analyst,Inactive,Regional Office,,DEV44037,48.0,Medium,58.0,Medium,2,2,Identity / Hostname Mismatch | Post-Termination Activity,1,0,1,Critical,High,False,1,2 distinct threat types; 1 critical detection(s),"Immediate investigation: correlate endpoint, IAM and identity evidence; validate affected account and assets."
70,EMP11841,Gaurav Gala,IT,Engineer,Disabled,Work From Home,LPT-11841,DEV61231,43.0,Medium,58.0,Medium,2,2,Malware + Lateral Movement | Post-Termination Activity,2,0,0,Critical,High,False,1,2 distinct threat types; 2 critical detection(s),"Immediate investigation: correlate endpoint, IAM and identity evidence; validate affected account and assets."
71,EMP12219,Dalaja Lata,Compliance,Executive,Active,Data Center,WS-12219,DEV33203,57.5,High,57.5,Medium,1,1,Suspicious Administrative Activity,0,1,0,High,High,False,1,1 high-severity detection(s),Review high-severity detections and correlate supporting IAM and endpoint evidence.
72,EMP10468,Inaya Vala,Supply Chain,Officer,Active,Branch Office,,DEV10568,52.5,High,57.5,Medium,2,2,Identity / Hostname Mismatch | Suspicious Administrative Activity,0,1,1,High,High,False,1,2 distinct threat types; 1 high-severity detection(s),Review high-severity detections and correlate supporting IAM and endpoint evidence.
73,EMP10439,William Sankaran,Operations,Trainee,Inactive,,,DEV31611,47.5,Medium,57.5,Medium,2,2,Identity / Hostname Mismatch | Malware + Lateral Movement,1,0,1,Critical,High,False,1,2 distinct threat types; 1 critical detection(s),"Immediate investigation: correlate endpoint, IAM and identity evidence; validate affected account and assets."
74,EMP10203,Samaksh Subramanian,Customer Support,Consultant,Active,Branch Office,VDR-10203,,57.0,High,57.0,Medium,1,1,Suspicious Administrative Activity,0,1,0,High,High,False,0,1 high-severity detection(s),Review high-severity detections and correlate supporting IAM and endpoint evidence.
75,EMP10645,Nikita Sangha,R&D,Executive,Inactive,Data Center,WS-10645,,52.0,High,57.0,Medium,1,1,Post-Termination Activity,1,0,0,Critical,High,False,0,1 critical detection(s),Prioritize investigation of critical telemetry and validate affected account and asset.
76,EMP10674,Tripti Iyengar,IT,Administrator,Inactive,,VDR-10674,DEV87894,52.0,High,57.0,Medium,1,1,Post-Termination Activity,1,0,0,Critical,High,False,1,1 critical detection(s),Prioritize investigation of critical telemetry and validate affected account and asset.
77,EMP11184,Ira Tripathi,Marketing,Engineer,Inactive,,LPT-11184,DEV93674,52.0,High,57.0,Medium,1,1,Post-Termination Activity,1,0,0,Critical,High,False,1,1 critical detection(s),Prioritize investigation of critical telemetry and validate affected account and asset.
78,EMP12393,Fitan Vohra,Procurement,Officer,Active,Work From Home,WS-12393,DEV73915,56.5,High,56.5,Medium,1,1,Suspicious Administrative Activity,0,1,0,High,Medium,False,1,1 high-severity detection(s),Review high-severity detections and correlate supporting IAM and endpoint evidence.
79,EMP10994,Gaurav Konda,R&D,Administrator,Inactive,Warehouse,WS-10994,DEV93637,51.5,High,56.5,Medium,1,1,Post-Termination Activity,1,0,0,Critical,High,False,1,1 critical detection(s),Prioritize investigation of critical telemetry and validate affected account and asset.
80,EMP11166,Gauri Dass,R&D,Consultant,Disabled,Remote,VDR-11166,DEV20009,51.5,High,56.5,Medium,1,1,Post-Termination Activity,1,0,0,Critical,High,False,1,1 critical detection(s),Prioritize investigation of critical telemetry and validate affected account and asset.
81,EMP11389,Aadhya Uppal,Legal,Engineer,Inactive,Warehouse,VDR-11389,DEV42598,51.5,High,56.5,Medium,1,1,Post-Termination Activity,1,0,0,Critical,High,False,1,1 critical detection(s),Prioritize investigation of critical telemetry and validate affected account and asset.
82,EMP11840,Triya Singh,Operations,Specialist,Inactive,Head Office,LPT-11840,DEV31655,51.5,High,56.5,Medium,1,1,Post-Termination Activity,1,0,0,Critical,High,False,1,1 critical detection(s),Prioritize investigation of critical telemetry and validate affected account and asset.
83,EMP11375,Ijaya Sachar,IT,Engineer,Inactive,Branch Office,,DEV59310,46.5,Medium,56.5,Medium,2,2,Identity / Hostname Mismatch | Post-Termination Activity,1,0,1,Critical,High,False,1,2 distinct threat types; 1 critical detection(s),"Immediate investigation: correlate endpoint, IAM and identity evidence; validate affected account and assets."
84,EMP12515,Onveer Wason,Sales,Manager,Disabled,,WS-12515,DEV60572,46.5,Medium,56.5,Medium,2,2,Identity / Hostname Mismatch | Post-Termination Activity,1,0,1,Critical,High,False,1,2 distinct threat types; 1 critical detection(s),"Immediate investigation: correlate endpoint, IAM and identity evidence; validate affected account and assets."
85,EMP12683,Meghana Grewal,Legal,Administrator,Active,Data Center,LPT-12683,DEV28594,56.0,High,56.0,Medium,1,1,Suspicious Administrative Activity,0,1,0,High,High,False,1,1 high-severity detection(s),Review high-severity detections and correlate supporting IAM and endpoint evidence.
86,EMP11459,Yagnesh Solanki,Legal,Manager,Inactive,Branch Office,LPT-11459,,51.0,High,56.0,Medium,1,1,Post-Termination Activity,1,0,0,Critical,High,False,0,1 critical detection(s),Prioritize investigation of critical telemetry and validate affected account and asset.
87,EMP12409,Omya Mukherjee,Sales,Administrator,Inactive,Remote,WS-12409,DEV68041,51.0,High,56.0,Medium,1,1,Post-Termination Activity,1,0,0,Critical,High,False,1,1 critical detection(s),Prioritize investigation of critical telemetry and validate affected account and asset.
88,EMP10909,Yahvi Gokhale,Customer Support,Specialist,Inactive,Regional Office,LPT-10909,DEV16608,50.5,High,55.5,Medium,1,1,Post-Termination Activity,1,0,0,Critical,High,False,1,1 critical detection(s),Prioritize investigation of critical telemetry and validate affected account and asset.
89,EMP11502,Wyatt Jani,Customer Support,Officer,Inactive,Data Center,WS-11502,DEV91062,50.5,High,55.5,Medium,1,1,Post-Termination Activity,1,0,0,Critical,High,False,1,1 critical detection(s),Prioritize investigation of critical telemetry and validate affected account and asset.
90,EMP11943,Zilmil Warrior,Human Resources,Director,Inactive,,VDR-11943,DEV26287,50.5,High,55.5,Medium,1,1,Post-Termination Activity,1,0,0,Critical,High,False,1,1 critical detection(s),Prioritize investigation of critical telemetry and validate affected account and asset.
91,EMP10323,Mohini Dani,Sales,Administrator,Active,Work From Home,LPT-10323,DEV68947,55.0,High,55.0,Medium,1,1,Suspicious Administrative Activity,0,1,0,High,High,False,1,1 high-severity detection(s),Review high-severity detections and correlate supporting IAM and endpoint evidence.
92,EMP10238,Sanya Narang,Legal,Trainee,Inactive,,VDR-10238,DEV47941,50.0,High,55.0,Medium,1,1,Post-Termination Activity,1,0,0,Critical,High,False,1,1 critical detection(s),Prioritize investigation of critical telemetry and validate affected account and asset.
93,EMP11568,Oviya Shukla,Operations,Officer,Disabled,Warehouse,LPT-11568,DEV83778,50.0,High,55.0,Medium,1,1,Post-Termination Activity,1,0,0,Critical,High,False,1,1 critical detection(s),Prioritize investigation of critical telemetry and validate affected account and asset.
94,EMP12716,Lakshmi Sen,Sales,Administrator,Disabled,Remote,WS-12716,DEV53940,50.0,High,55.0,Medium,1,1,Post-Termination Activity,1,0,0,Critical,High,False,1,1 critical detection(s),Prioritize investigation of critical telemetry and validate affected account and asset.
95,EMP10109,Warda Raju,Legal,Consultant,Inactive,Regional Office,VDR-10109,DEV73956,49.5,High,54.5,Medium,1,1,Post-Termination Activity,1,0,0,Critical,High,False,1,1 critical detection(s),Prioritize investigation of critical telemetry and validate affected account and asset.
96,EMP12909,Varsha Swamy,Customer Support,Officer,Disabled,Regional Office,WS-12909,DEV95939,49.5,High,54.5,Medium,1,1,Post-Termination Activity,1,0,0,Critical,High,False,1,1 critical detection(s),Prioritize investigation of critical telemetry and validate affected account and asset.
97,EMP12046,Pushti Misra,Finance,Manager,Active,Remote,LPT-12046,DEV14612,54.0,High,54.0,Medium,1,1,Suspicious Administrative Activity,0,1,0,High,High,False,1,1 high-severity detection(s),Review high-severity detections and correlate supporting IAM and endpoint evidence.
98,EMP12869,Anika Parsa,R&D,Specialist,Active,Remote,VDR-12869,DEV60701,54.0,High,54.0,Medium,1,1,Suspicious Administrative Activity,0,1,0,High,High,False,1,1 high-severity detection(s),Review high-severity detections and correlate supporting IAM and endpoint evidence.
99,EMP10662,Watika Sant,Human Resources,Engineer,Active,Work From Home,,DEV64346,54.0,High,54.0,Medium,2,1,Identity / Hostname Mismatch,0,0,2,Medium,Medium,False,1,2 threat detection(s),Review detection evidence and validate identity and asset context.
100,EMP11034,Anamika Gala,Legal,Executive,Active,,LPT-11034,DEV93277,54.0,High,54.0,Medium,1,1,Identity / Hostname Mismatch,0,0,1,Medium,Medium,False,1,1 threat detection(s),Review detection evidence and validate identity and asset context.
101,EMP11280,Forum Saran,IT,Trainee,Disabled,Head Office,LPT-11280,,49.0,Medium,54.0,Medium,1,1,Post-Termination Activity,1,0,0,Critical,High,False,0,1 critical detection(s),Prioritize investigation of critical telemetry and validate affected account and asset.
102,EMP12945,Ekapad Dass,Compliance,Engineer,Disabled,Head Office,VDR-12945,DEV86618,44.0,Medium,54.0,Medium,2,2,Post-Termination Activity | Suspicious Administrative Activity,1,1,0,Critical,High,False,1,2 distinct threat types; 1 critical detection(s); 1 high-severity detection(s),"Immediate investigation: correlate endpoint, IAM and identity evidence; validate affected account and assets."
103,EMP11937,Omya Arya,Customer Support,Director,Active,Data Center,LPT-11937,DEV15786,53.5,High,53.5,Medium,1,1,Suspicious Administrative Activity,0,1,0,High,High,False,1,1 high-severity detection(s),Review high-severity detections and correlate supporting IAM and endpoint evidence.
104,EMP10637,Hitesh Shroff,Procurement,Engineer,Active,Warehouse,,DEV40266,53.5,High,53.5,Medium,1,1,Identity / Hostname Mismatch,0,0,1,Medium,Medium,False,1,1 threat detection(s),Review detection evidence and validate identity and asset context.
105,EMP10763,Nitesh Sekhon,Procurement,Consultant,Inactive,Regional Office,LPT-10763,DEV77467,48.5,Medium,53.5,Medium,1,1,Post-Termination Activity,1,0,0,Critical,High,False,1,1 critical detection(s),Prioritize investigation of critical telemetry and validate affected account and asset.
106,EMP12338,Geetika Biswas,Operations,Engineer,Inactive,Remote,VDR-12338,DEV16463,48.5,Medium,53.5,Medium,1,1,Post-Termination Activity,1,0,0,Critical,High,False,1,1 critical detection(s),Prioritize investigation of critical telemetry and validate affected account and asset.
107,EMP11828,Maanas Madan,R&D,Manager,Inactive,,WS-11828,DEV31706,48.0,Medium,53.0,Medium,1,1,Post-Termination Activity,1,0,0,Critical,High,False,1,1 critical detection(s),Prioritize investigation of critical telemetry and validate affected account and asset.
108,EMP12218,Lakshmi Nigam,Finance,Manager,Disabled,Head Office,VDR-12218,DEV98208,48.0,Medium,53.0,Medium,1,1,Post-Termination Activity,1,0,0,Critical,High,False,1,1 critical detection(s),Prioritize investigation of critical telemetry and validate affected account and asset.
109,EMP12852,Warinder Wali,R&D,Administrator,Inactive,,LPT-12852,DEV27337,48.0,Medium,53.0,Medium,1,1,Post-Termination Activity,1,0,0,Critical,High,False,1,1 critical detection(s),Prioritize investigation of critical telemetry and validate affected account and asset.
110,EMP10021,Alexander Sha,IT,Engineer,Active,Head Office,LPT-10021,DEV53309,52.5,High,52.5,Medium,1,1,Suspicious Administrative Activity,0,1,0,High,High,False,1,1 high-severity detection(s),Review high-severity detections and correlate supporting IAM and endpoint evidence.
111,EMP10744,Dayamai Din,Operations,Director,Active,Head Office,VDR-10744,DEV40885,47.5,Medium,52.5,Medium,1,1,Malware + Lateral Movement,1,0,0,Critical,High,False,1,1 critical detection(s),Prioritize investigation of critical telemetry and validate affected account and asset.
112,EMP10577,Divya Lalla,Marketing,Administrator,Disabled,Regional Office,VDR-10577,,42.5,Medium,52.5,Medium,2,2,Post-Termination Activity | Suspicious Administrative Activity,1,1,0,Critical,High,False,0,2 distinct threat types; 1 critical detection(s); 1 high-severity detection(s),"Immediate investigation: correlate endpoint, IAM and identity evidence; validate affected account and assets."
113,EMP11503,Turvi Pillay,Customer Support,Consultant,Active,,WS-11503,DEV94984,52.0,High,52.0,Medium,1,1,Suspicious Administrative Activity,0,1,0,High,High,False,1,1 high-severity detection(s),Review high-severity detections and correlate supporting IAM and endpoint evidence.
114,EMP11921,Warda Bhatt,Finance,Administrator,Inactive,Regional Office,VDR-11921,DEV82744,52.0,High,52.0,Medium,1,1,Suspicious Administrative Activity,0,1,0,High,High,False,1,1 high-severity detection(s),Review high-severity detections and correlate supporting IAM and endpoint evidence.
115,EMP10987,Irya Raval,Finance,Engineer,Inactive,Head Office,LPT-10987,DEV44313,47.0,Medium,52.0,Medium,1,1,Post-Termination Activity,1,0,0,Critical,High,False,1,1 critical detection(s),Prioritize investigation of critical telemetry and validate affected account and asset.
116,EMP11402,Gagan Devan,Customer Support,Officer,Inactive,Work From Home,VDR-11402,DEV20673,47.0,Medium,52.0,Medium,1,1,Post-Termination Activity,1,0,0,Critical,High,False,1,1 critical detection(s),Prioritize investigation of critical telemetry and validate affected account and asset.
117,EMP11926,Chatresh Varty,Finance,Analyst,Inactive,Warehouse,,DEV80651,42.0,Medium,52.0,Medium,2,2,Identity / Hostname Mismatch | Post-Termination Activity,1,0,1,Critical,High,False,1,2 distinct threat types; 1 critical detection(s),"Immediate investigation: correlate endpoint, IAM and identity evidence; validate affected account and assets."
118,EMP12835,Reva Pal,Sales,Engineer,Active,Remote,VDR-12835,DEV89596,51.5,High,51.5,Medium,1,1,Suspicious Administrative Activity,0,1,0,High,High,False,1,1 high-severity detection(s),Review high-severity detections and correlate supporting IAM and endpoint evidence.
119,EMP12761,Yagnesh Agrawal,Sales,Director,Active,Remote,,DEV50414,51.5,High,51.5,Medium,1,1,Identity / Hostname Mismatch,0,0,1,Medium,Medium,False,1,1 threat detection(s),Review detection evidence and validate identity and asset context.
120,EMP10249,Vasatika Loke,Procurement,Trainee,Disabled,,VDR-10249,DEV68390,46.5,Medium,51.5,Medium,1,1,Post-Termination Activity,1,0,0,Critical,High,False,1,1 critical detection(s),Prioritize investigation of critical telemetry and validate affected account and asset.
121,EMP12640,Rajeshri Trivedi,Brand,Engineer,Inactive,Warehouse,LPT-12640,DEV34341,46.5,Medium,51.5,Medium,1,1,Post-Termination Activity,1,0,0,Critical,High,False,1,1 critical detection(s),Prioritize investigation of critical telemetry and validate affected account and asset.
122,EMP11247,Riya Khare,Operations,Director,Active,Head Office,VDR-11247,DEV51048,51.0,High,51.0,Medium,1,1,Suspicious Administrative Activity,0,1,0,High,High,False,1,1 high-severity detection(s),Review high-severity detections and correlate supporting IAM and endpoint evidence.
123,EMP10534,Liam Sidhu,People,Engineer,Disabled,Warehouse,WS-10534,DEV54359,46.0,Medium,51.0,Medium,1,1,Post-Termination Activity,1,0,0,Critical,High,False,1,1 critical detection(s),Prioritize investigation of critical telemetry and validate affected account and asset.
124,EMP10984,Gaurav Borde,Operations,Director,Disabled,,WS-10984,DEV34149,46.0,Medium,51.0,Medium,1,1,Post-Termination Activity,1,0,0,Critical,Medium,False,1,1 critical detection(s),Prioritize investigation of critical telemetry and validate affected account and asset.
125,EMP11155,Andrew Sura,Sales,Specialist,Active,Data Center,VDR-11155,DEV33646,46.0,Medium,51.0,Medium,1,1,Malware + Lateral Movement,1,0,0,Critical,High,False,1,1 critical detection(s),Prioritize investigation of critical telemetry and validate affected account and asset.
126,EMP11757,Yashvi Sanghvi,IT,Director,Inactive,Work From Home,VDR-11757,,46.0,Medium,51.0,Medium,1,1,Post-Termination Activity,1,0,0,Critical,High,False,0,1 critical detection(s),Prioritize investigation of critical telemetry and validate affected account and asset.
127,EMP10834,Warda Rege,Compliance,Engineer,Disabled,,LPT-10834,DEV95398,41.0,Medium,51.0,Medium,2,2,Post-Termination Activity | Suspicious Administrative Activity,1,1,0,Critical,High,False,1,2 distinct threat types; 1 critical detection(s); 1 high-severity detection(s),"Immediate investigation: correlate endpoint, IAM and identity evidence; validate affected account and assets."
128,EMP12833,Ubika Dora,R&D,Specialist,Active,,WS-12833,DEV70323,50.5,High,50.5,Medium,1,1,Identity / Hostname Mismatch,0,0,1,Medium,Medium,False,1,1 threat detection(s),Review detection evidence and validate identity and asset context.
129,EMP10387,Abhimanyu Atwal,Supply Chain,Consultant,Disabled,Branch Office,VDR-10387,DEV87194,45.5,Medium,50.5,Medium,1,1,Post-Termination Activity,1,0,0,Critical,High,False,1,1 critical detection(s),Prioritize investigation of critical telemetry and validate affected account and asset.
130,EMP11004,Yamini Baral,R&D,Trainee,Disabled,Remote,LPT-11004,DEV51035,45.5,Medium,50.5,Medium,1,1,Post-Termination Activity,1,0,0,Critical,High,False,1,1 critical detection(s),Prioritize investigation of critical telemetry and validate affected account and asset.
131,EMP11313,Gautami Sodhi,R&D,Officer,Inactive,Remote,WS-11313,DEV91065,45.5,Medium,50.5,Medium,1,1,Post-Termination Activity,1,0,0,Critical,High,False,1,1 critical detection(s),Prioritize investigation of critical telemetry and validate affected account and asset.
132,EMP10080,Ubika Anne,Supply Chain,Administrator,Active,Head Office,LPT-10080,DEV48829,50.0,High,50.0,Medium,1,1,Suspicious Administrative Activity,0,1,0,High,High,False,1,1 high-severity detection(s),Review high-severity detections and correlate supporting IAM and endpoint evidence.
133,EMP11433,Urvashi Kata,Marketing,Engineer,Active,Regional Office,,DEV27397,50.0,High,50.0,Medium,1,1,Identity / Hostname Mismatch,0,0,1,Medium,Medium,False,1,1 threat detection(s),Review detection evidence and validate identity and asset context.
134,EMP10097,Advik Raj,Legal,Officer,Inactive,,LPT-10097,DEV96200,45.0,Medium,50.0,Medium,1,1,Post-Termination Activity,1,0,0,Critical,High,False,1,1 critical detection(s),Prioritize investigation of critical telemetry and validate affected account and asset.
135,EMP10136,Aishani Chanda,People,Trainee,Inactive,Regional Office,WS-10136,DEV19632,45.0,Medium,50.0,Medium,1,1,Post-Termination Activity,1,0,0,Critical,High,False,1,1 critical detection(s),Prioritize investigation of critical telemetry and validate affected account and asset.
136,EMP10504,Harsh Kapadia,Procurement,Executive,Disabled,Warehouse,VDR-10504,DEV57774,44.5,Medium,49.5,Medium,1,1,Post-Termination Activity,1,0,0,Critical,High,False,1,1 critical detection(s),Prioritize investigation of critical telemetry and validate affected account and asset.
137,EMP11641,Chakrika Garde,Marketing,Executive,Inactive,Remote,WS-11641,DEV36299,44.5,Medium,49.5,Medium,1,1,Post-Termination Activity,1,0,0,Critical,High,False,1,1 critical detection(s),Prioritize investigation of critical telemetry and validate affected account and asset.
138,EMP12043,Wakeeta Nigam,Procurement,Engineer,Disabled,Remote,LPT-12043,DEV21273,44.5,Medium,49.5,Medium,1,1,Post-Termination Activity,1,0,0,Critical,High,False,1,1 critical detection(s),Prioritize investigation of critical telemetry and validate affected account and asset.
139,EMP12123,Chavvi Naidu,R&D,Specialist,Disabled,Data Center,VDR-12123,DEV25765,44.5,Medium,49.5,Medium,1,1,Post-Termination Activity,1,0,0,Critical,High,True,3,1 critical detection(s),Prioritize investigation of critical telemetry and validate affected account and asset.
140,EMP12210,Sarthak Dhillon,Sales,Director,Active,,VDR-12210,DEV36516,44.5,Medium,49.5,Medium,1,1,Malware + Lateral Movement,1,0,0,Critical,High,False,1,1 critical detection(s),Prioritize investigation of critical telemetry and validate affected account and asset.
141,EMP12309,Ira Ahuja,Human Resources,Executive,Active,Remote,WS-12309,DEV58488,44.5,Medium,49.5,Medium,1,1,Malware + Lateral Movement,1,0,0,Critical,High,False,1,1 critical detection(s),Prioritize investigation of critical telemetry and validate affected account and asset.
142,EMP12878,Zayyan Contractor,Customer Support,Engineer,Inactive,Work From Home,WS-12878,DEV71597,44.5,Medium,49.5,Medium,1,1,Post-Termination Activity,1,0,0,Critical,High,False,1,1 critical detection(s),Prioritize investigation of critical telemetry and validate affected account and asset.
143,EMP10622,Yashoda Sur,Brand,Analyst,Active,,,DEV24585,49.0,Medium,49.0,Medium,1,1,Identity / Hostname Mismatch,0,0,1,Medium,Medium,False,1,1 threat detection(s),Review detection evidence and validate identity and asset context.
144,EMP12998,Aryan Talwar,Human Resources,Administrator,Active,Warehouse,LPT-12998,DEV23596,49.0,Medium,49.0,Medium,1,1,Identity / Hostname Mismatch,0,0,1,Medium,Medium,False,1,1 threat detection(s),Review detection evidence and validate identity and asset context.
145,EMP11078,Dayita Apte,Sales,Director,Disabled,Data Center,WS-11078,DEV57844,44.0,Medium,49.0,Medium,1,1,Post-Termination Activity,1,0,0,Critical,High,False,1,1 critical detection(s),Prioritize investigation of critical telemetry and validate affected account and asset.
146,EMP11113,Rachana Jani,Customer Support,Administrator,Inactive,Remote,WS-11113,DEV78235,44.0,Medium,49.0,Medium,1,1,Post-Termination Activity,1,0,0,Critical,High,False,1,1 critical detection(s),Prioritize investigation of critical telemetry and validate affected account and asset.
147,EMP11192,Vamakshi Divan,IT,Executive,Inactive,Work From Home,WS-11192,DEV81714,44.0,Medium,49.0,Medium,1,1,Post-Termination Activity,1,0,0,Critical,High,False,1,1 critical detection(s),Prioritize investigation of critical telemetry and validate affected account and asset.
148,EMP12128,Anthony Cheema,Finance,Manager,Disabled,Head Office,WS-12128,,44.0,Medium,49.0,Medium,1,1,Post-Termination Activity,1,0,0,Critical,High,False,0,1 critical detection(s),Prioritize investigation of critical telemetry and validate affected account and asset.
149,EMP11289,Alka Mody,Brand,Analyst,Active,,WS-11289,DEV26506,48.5,Medium,48.5,Medium,1,1,Suspicious Administrative Activity,0,1,0,High,High,False,1,1 high-severity detection(s),Review high-severity detections and correlate supporting IAM and endpoint evidence.
150,EMP12542,Karan Bala,Sales,Analyst,Active,Data Center,LPT-12542,DEV29570,48.5,Medium,48.5,Medium,1,1,Suspicious Administrative Activity,0,1,0,High,Medium,False,1,1 high-severity detection(s),Review high-severity detections and correlate supporting IAM and endpoint evidence.
151,EMP10144,Yashica Rao,Human Resources,Administrator,Disabled,Warehouse,LPT-10144,,43.5,Medium,48.5,Medium,1,1,Post-Termination Activity,1,0,0,Critical,High,False,0,1 critical detection(s),Prioritize investigation of critical telemetry and validate affected account and asset.
152,EMP11316,Dalaja Sankar,Brand,Manager,Disabled,Warehouse,VDR-11316,,43.5,Medium,48.5,Medium,1,1,Post-Termination Activity,1,0,0,Critical,High,False,0,1 critical detection(s),Prioritize investigation of critical telemetry and validate affected account and asset.
153,EMP11725,Advik Wagle,R&D,Officer,Disabled,Warehouse,WS-11725,DEV97428,43.5,Medium,48.5,Medium,1,1,Post-Termination Activity,1,0,0,Critical,High,False,1,1 critical detection(s),Prioritize investigation of critical telemetry and validate affected account and asset.
154,EMP11865,Rehaan Gola,Finance,Consultant,On Leave,,WS-11865,DEV50565,43.5,Medium,48.5,Medium,1,1,Malware + Lateral Movement,1,0,0,Critical,High,False,1,1 critical detection(s),Prioritize investigation of critical telemetry and validate affected account and asset.
155,EMP12673,Victor Nagar,Finance,Consultant,Disabled,Regional Office,WS-12673,,43.5,Medium,48.5,Medium,1,1,Post-Termination Activity,1,0,0,Critical,High,False,0,1 critical detection(s),Prioritize investigation of critical telemetry and validate affected account and asset.
156,EMP12840,Anmol Jaggi,Customer Support,Executive,Disabled,Remote,LPT-12840,DEV31478,43.5,Medium,48.5,Medium,1,1,Post-Termination Activity,1,0,0,Critical,High,False,1,1 critical detection(s),Prioritize investigation of critical telemetry and validate affected account and asset.
157,EMP12993,Omaja Mann,Legal,Officer,Active,Branch Office,LPT-12993,,43.5,Medium,48.5,Medium,1,1,Malware + Lateral Movement,1,0,0,Critical,High,False,0,1 critical detection(s),Prioritize investigation of critical telemetry and validate affected account and asset.
158,EMP12901,Advay Jayaraman,Legal,Consultant,Active,Work From Home,WS-12901,DEV81061,48.0,Medium,48.0,Medium,1,1,Suspicious Administrative Activity,0,1,0,High,Medium,False,1,1 high-severity detection(s),Review high-severity detections and correlate supporting IAM and endpoint evidence.
159,EMP10190,Anjali Ganesan,Brand,Manager,Active,,,DEV20345,48.0,Medium,48.0,Medium,1,1,Identity / Hostname Mismatch,0,0,1,Medium,Medium,False,1,1 threat detection(s),Review detection evidence and validate identity and asset context.
160,EMP10887,Ekapad Agarwal,Marketing,Executive,Disabled,Branch Office,VDR-10887,DEV49375,43.0,Medium,48.0,Medium,1,1,Post-Termination Activity,1,0,0,Critical,High,True,2,1 critical detection(s),Prioritize investigation of critical telemetry and validate affected account and asset.
161,EMP11598,Megha Shetty,Sales,Engineer,Disabled,Branch Office,WS-11598,,43.0,Medium,48.0,Medium,1,1,Post-Termination Activity,1,0,0,Critical,High,False,0,1 critical detection(s),Prioritize investigation of critical telemetry and validate affected account and asset.
162,EMP12023,Balveer Babu,Brand,Officer,Active,Remote,,DEV27037,47.5,Medium,47.5,Medium,1,1,Identity / Hostname Mismatch,0,0,1,Medium,Medium,False,1,1 threat detection(s),Review detection evidence and validate identity and asset context.
163,EMP10882,Mason Varghese,Finance,Manager,Active,Remote,WS-10882,DEV66670,42.5,Medium,47.5,Medium,1,1,Malware + Lateral Movement,1,0,0,Critical,High,False,1,1 critical detection(s),Prioritize investigation of critical telemetry and validate affected account and asset.
164,EMP11648,Parth Varma,Marketing,Consultant,Inactive,Regional Office,WS-11648,DEV72800,42.5,Medium,47.5,Medium,1,1,Post-Termination Activity,1,0,0,Critical,High,False,1,1 critical detection(s),Prioritize investigation of critical telemetry and validate affected account and asset.
165,EMP10461,Nidra Mahal,R&D,Consultant,Active,Head Office,,DEV95638,37.5,Medium,47.5,Medium,2,2,Identity / Hostname Mismatch | Malware + Lateral Movement,1,0,1,Critical,High,False,1,2 distinct threat types; 1 critical detection(s),"Immediate investigation: correlate endpoint, IAM and identity evidence; validate affected account and assets."
166,EMP10290,Lakshit Sule,Operations,Manager,Active,Head Office,LPT-10290,,42.0,Medium,47.0,Medium,1,1,Malware + Lateral Movement,1,0,0,Critical,High,False,0,1 critical detection(s),Prioritize investigation of critical telemetry and validate affected account and asset.
167,EMP11145,Sathvik Krishnamurthy,Sales,Director,Inactive,Data Center,VDR-11145,,42.0,Medium,47.0,Medium,1,1,Post-Termination Activity,1,0,0,Critical,High,False,0,1 critical detection(s),Prioritize investigation of critical telemetry and validate affected account and asset.
168,EMP12012,Chakradhar Koshy,Procurement,Officer,Disabled,,VDR-12012,,42.0,Medium,47.0,Medium,1,1,Post-Termination Activity,1,0,0,Critical,High,False,0,1 critical detection(s),Prioritize investigation of critical telemetry and validate affected account and asset.
169,EMP12172,Dominic Bose,Operations,Officer,Disabled,Work From Home,WS-12172,DEV79914,42.0,Medium,47.0,Medium,1,1,Post-Termination Activity,1,0,0,Critical,High,False,1,1 critical detection(s),Prioritize investigation of critical telemetry and validate affected account and asset.
170,EMP10630,Banjeet Vyas,Marketing,Director,Inactive,Work From Home,LPT-10630,DEV82737,37.0,Medium,47.0,Medium,2,2,Identity / Hostname Mismatch | Post-Termination Activity,1,0,1,Critical,High,False,1,2 distinct threat types; 1 critical detection(s),"Immediate investigation: correlate endpoint, IAM and identity evidence; validate affected account and assets."
171,EMP11690,Madhav Handa,People,Analyst,Active,Data Center,WS-11690,DEV29647,46.5,Medium,46.5,Medium,1,1,Suspicious Administrative Activity,0,1,0,High,Medium,False,1,1 high-severity detection(s),Review high-severity detections and correlate supporting IAM and endpoint evidence.
172,EMP11148,Bhanumati Mukhopadhyay,Human Resources,Executive,Active,Branch Office,,DEV79935,46.5,Medium,46.5,Medium,1,1,Identity / Hostname Mismatch,0,0,1,Medium,Medium,False,1,1 threat detection(s),Review detection evidence and validate identity and asset context.
173,EMP10091,Aishani Parmer,Human Resources,Trainee,Inactive,,WS-10091,DEV62757,41.5,Medium,46.5,Medium,1,1,Post-Termination Activity,1,0,0,Critical,High,False,1,1 critical detection(s),Prioritize investigation of critical telemetry and validate affected account and asset.
174,EMP10308,Teerth Seshadri,R&D,Consultant,Disabled,Head Office,WS-10308,,41.5,Medium,46.5,Medium,1,1,Post-Termination Activity,1,0,0,Critical,High,False,0,1 critical detection(s),Prioritize investigation of critical telemetry and validate affected account and asset.
175,EMP10314,Girindra Dhaliwal,R&D,Specialist,Inactive,Branch Office,VDR-10314,DEV48986,41.5,Medium,46.5,Medium,1,1,Post-Termination Activity,1,0,0,Critical,High,False,1,1 critical detection(s),Prioritize investigation of critical telemetry and validate affected account and asset.
176,EMP10625,Dominic Loyal,Supply Chain,Administrator,Inactive,Head Office,WS-10625,DEV95820,41.5,Medium,46.5,Medium,1,1,Post-Termination Activity,1,0,0,Critical,High,False,1,1 critical detection(s),Prioritize investigation of critical telemetry and validate affected account and asset.
177,EMP10651,Pranit Srinivas,R&D,Administrator,Inactive,,LPT-10651,,41.5,Medium,46.5,Medium,1,1,Post-Termination Activity,1,0,0,Critical,High,False,0,1 critical detection(s),Prioritize investigation of critical telemetry and validate affected account and asset.
178,EMP10771,Wriddhish Sachar,IT,Administrator,Inactive,Branch Office,LPT-10771,DEV12888,41.5,Medium,46.5,Medium,1,1,Post-Termination Activity,1,0,0,Critical,High,False,1,1 critical detection(s),Prioritize investigation of critical telemetry and validate affected account and asset.
179,EMP11542,Warinder Thakur,Operations,Analyst,Disabled,Branch Office,WS-11542,DEV26136,41.5,Medium,46.5,Medium,1,1,Post-Termination Activity,1,0,0,Critical,High,False,1,1 critical detection(s),Prioritize investigation of critical telemetry and validate affected account and asset.
180,EMP12333,Quincy Samra,Human Resources,Trainee,Inactive,,VDR-12333,DEV66982,41.5,Medium,46.5,Medium,1,1,Post-Termination Activity,1,0,0,Critical,High,False,1,1 critical detection(s),Prioritize investigation of critical telemetry and validate affected account and asset.
181,EMP12647,Ayush Tiwari,Sales,Executive,Disabled,Head Office,VDR-12647,DEV53857,41.5,Medium,46.5,Medium,1,1,Post-Termination Activity,1,0,0,Critical,High,True,2,1 critical detection(s),Prioritize investigation of critical telemetry and validate affected account and asset.
182,EMP10063,Ira Tara,People,Director,Active,Branch Office,,DEV33819,46.0,Medium,46.0,Medium,1,1,Identity / Hostname Mismatch,0,0,1,Medium,Medium,False,1,1 threat detection(s),Review detection evidence and validate identity and asset context.
183,EMP11435,Kalpit Das,Innovation,Administrator,Active,,,DEV56550,46.0,Medium,46.0,Medium,1,1,Identity / Hostname Mismatch,0,0,1,Medium,Medium,False,1,1 threat detection(s),Review detection evidence and validate identity and asset context.
184,EMP12627,Brijesh Chaudry,Marketing,Engineer,Active,,,DEV24746,46.0,Medium,46.0,Medium,1,1,Identity / Hostname Mismatch,0,0,1,Medium,Medium,False,1,1 threat detection(s),Review detection evidence and validate identity and asset context.
185,EMP10297,Simon Dara,Supply Chain,Executive,Inactive,Remote,WS-10297,DEV89064,41.0,Medium,46.0,Medium,1,1,Post-Termination Activity,1,0,0,Critical,High,False,1,1 critical detection(s),Prioritize investigation of critical telemetry and validate affected account and asset.
186,EMP10708,Krisha Dugar,Finance,Trainee,Disabled,Remote,LPT-10708,DEV44242,41.0,Medium,46.0,Medium,1,1,Post-Termination Activity,1,0,0,Critical,High,False,1,1 critical detection(s),Prioritize investigation of critical telemetry and validate affected account and asset.
187,EMP10925,Ranveer Kapadia,Procurement,Officer,Active,Work From Home,VDR-10925,DEV40649,41.0,Medium,46.0,Medium,1,1,Malware + Lateral Movement,1,0,0,Critical,High,False,1,1 critical detection(s),Prioritize investigation of critical telemetry and validate affected account and asset.
188,EMP10943,Vasudha Mital,Operations,Director,Disabled,Branch Office,WS-10943,DEV13153,41.0,Medium,46.0,Medium,1,1,Post-Termination Activity,1,0,0,Critical,High,False,1,1 critical detection(s),Prioritize investigation of critical telemetry and validate affected account and asset.
189,EMP10989,Samaksh Arya,Legal,Manager,Disabled,,LPT-10989,DEV27143,41.0,Medium,46.0,Medium,1,1,Post-Termination Activity,1,0,0,Critical,High,False,1,1 critical detection(s),Prioritize investigation of critical telemetry and validate affected account and asset.
190,EMP11137,Shivani Deol,Operations,Engineer,Inactive,Remote,WS-11137,DEV46721,41.0,Medium,46.0,Medium,1,1,Post-Termination Activity,1,0,0,Critical,High,False,1,1 critical detection(s),Prioritize investigation of critical telemetry and validate affected account and asset.
191,EMP11420,Ayush Yogi,Operations,Director,Inactive,Branch Office,VDR-11420,DEV83373,41.0,Medium,46.0,Medium,1,1,Post-Termination Activity,1,0,0,Critical,High,False,1,1 critical detection(s),Prioritize investigation of critical telemetry and validate affected account and asset.
192,EMP10154,Gagan Pandey,Operations,Executive,Disabled,Work From Home,,,36.0,Medium,46.0,Medium,2,2,Identity / Hostname Mismatch | Post-Termination Activity,1,0,1,Critical,High,False,0,2 distinct threat types; 1 critical detection(s),"Immediate investigation: correlate endpoint, IAM and identity evidence; validate affected account and assets."
193,EMP12606,Ishani Mitra,Finance,Manager,Active,Branch Office,WS-12606,,45.5,Medium,45.5,Medium,1,1,Suspicious Administrative Activity,0,1,0,High,High,False,0,1 high-severity detection(s),Review high-severity detections and correlate supporting IAM and endpoint evidence.
194,EMP10613,Pavani Bansal,Legal,Analyst,Active,Remote,,DEV15397,45.5,Medium,45.5,Medium,1,1,Identity / Hostname Mismatch,0,0,1,Medium,Medium,False,1,1 threat detection(s),Review detection evidence and validate identity and asset context.
195,EMP11716,Samaksh Buch,IT,Director,Active,Warehouse,,DEV15259,45.5,Medium,45.5,Medium,1,1,Identity / Hostname Mismatch,0,0,1,Medium,Medium,False,1,1 threat detection(s),Review detection evidence and validate identity and asset context.
196,EMP10643,Abeer Lad,Customer Support,Manager,Inactive,Data Center,WS-10643,DEV15559,40.5,Medium,45.5,Medium,1,1,Post-Termination Activity,1,0,0,Critical,High,False,1,1 critical detection(s),Prioritize investigation of critical telemetry and validate affected account and asset.
197,EMP11369,Sachi Mishra,Marketing,Executive,Disabled,Head Office,LPT-11369,DEV82373,40.5,Medium,45.5,Medium,1,1,Post-Termination Activity,1,0,0,Critical,High,False,1,1 critical detection(s),Prioritize investigation of critical telemetry and validate affected account and asset.
198,EMP11617,Ryan Sarin,Finance,Specialist,Inactive,Remote,VDR-11617,DEV33190,40.5,Medium,45.5,Medium,1,1,Post-Termination Activity,1,0,0,Critical,High,False,1,1 critical detection(s),Prioritize investigation of critical telemetry and validate affected account and asset.
199,EMP11654,Rachita Nagi,Human Resources,Officer,Inactive,,WS-11654,,40.5,Medium,45.5,Medium,1,1,Post-Termination Activity,1,0,0,Critical,High,False,0,1 critical detection(s),Prioritize investigation of critical telemetry and validate affected account and asset.
200,EMP11707,Hemal Rama,Finance,Consultant,Inactive,Head Office,LPT-11707,DEV16871,40.5,Medium,45.5,Medium,1,1,Post-Termination Activity,1,0,0,Critical,High,False,1,1 critical detection(s),Prioritize investigation of critical telemetry and validate affected account and asset.
201,EMP11949,Nirja Munshi,Compliance,Executive,Inactive,Remote,WS-11949,DEV48091,40.5,Medium,45.5,Medium,1,1,Post-Termination Activity,1,0,0,Critical,High,False,1,1 critical detection(s),Prioritize investigation of critical telemetry and validate affected account and asset.
202,EMP12220,Adweta Rastogi,Customer Support,Specialist,Disabled,Head Office,WS-12220,DEV16998,40.5,Medium,45.5,Medium,1,1,Post-Termination Activity,1,0,0,Critical,High,False,1,1 critical detection(s),Prioritize investigation of critical telemetry and validate affected account and asset.
203,EMP11085,Finn Kurian,Customer Support,Director,Active,Head Office,LPT-11085,DEV52391,45.0,Medium,45.0,Medium,1,1,Suspicious Administrative Activity,0,1,0,High,High,False,1,1 high-severity detection(s),Review high-severity detections and correlate supporting IAM and endpoint evidence.
204,EMP12019,Fariq Mammen,Customer Support,Executive,Active,Head Office,VDR-12019,DEV28185,45.0,Medium,45.0,Medium,1,1,Identity / Hostname Mismatch,0,0,1,Medium,Medium,False,1,1 threat detection(s),Review detection evidence and validate identity and asset context.
205,EMP11288,Urvashi Rege,Compliance,Manager,Inactive,Work From Home,LPT-11288,DEV90636,40.0,Medium,45.0,Medium,1,1,Post-Termination Activity,1,0,0,Critical,High,False,1,1 critical detection(s),Prioritize investigation of critical telemetry and validate affected account and asset.
206,EMP11323,Frederick Shetty,Customer Support,Executive,Inactive,Head Office,WS-11323,DEV25465,40.0,Medium,45.0,Medium,1,1,Post-Termination Activity,1,0,0,Critical,High,False,1,1 critical detection(s),Prioritize investigation of critical telemetry and validate affected account and asset.
207,EMP11799,Kamya Ganesan,Legal,Analyst,Inactive,,WS-11799,,40.0,Medium,45.0,Medium,1,1,Post-Termination Activity,1,0,0,Critical,High,False,0,1 critical detection(s),Prioritize investigation of critical telemetry and validate affected account and asset.
208,EMP10435,Triveni Palla,Finance,Specialist,Active,Data Center,VDR-10435,DEV66283,44.5,Medium,44.5,Medium,1,1,Suspicious Administrative Activity,0,1,0,High,High,False,1,1 high-severity detection(s),Review high-severity detections and correlate supporting IAM and endpoint evidence.
209,EMP10761,Dayita Dasgupta,R&D,Analyst,Active,Work From Home,,DEV19266,44.5,Medium,44.5,Medium,1,1,Identity / Hostname Mismatch,0,0,1,Medium,Medium,False,1,1 threat detection(s),Review detection evidence and validate identity and asset context.
210,EMP12360,Warinder Kunda,IT,Director,Active,Branch Office,,DEV51252,44.5,Medium,44.5,Medium,1,1,Identity / Hostname Mismatch,0,0,1,Medium,Medium,False,1,1 threat detection(s),Review detection evidence and validate identity and asset context.
211,EMP10767,Pallavi Kunda,Operations,Trainee,Disabled,Data Center,VDR-10767,DEV79033,39.5,Medium,44.5,Medium,1,1,Post-Termination Activity,1,0,0,Critical,High,False,1,1 critical detection(s),Prioritize investigation of critical telemetry and validate affected account and asset.
212,EMP11278,Niharika Lad,Procurement,Consultant,Active,,LPT-11278,DEV11092,39.5,Medium,44.5,Medium,1,1,Malware + Lateral Movement,1,0,0,Critical,High,False,1,1 critical detection(s),Prioritize investigation of critical telemetry and validate affected account and asset.
213,EMP12711,Chanchal Tiwari,Innovation,Executive,Inactive,Data Center,WS-12711,DEV96309,39.5,Medium,44.5,Medium,1,1,Post-Termination Activity,1,0,0,Critical,High,False,1,1 critical detection(s),Prioritize investigation of critical telemetry and validate affected account and asset.
214,EMP12862,Mahika Borra,Human Resources,Consultant,Inactive,Warehouse,WS-12862,DEV83712,39.5,Medium,44.5,Medium,1,1,Post-Termination Activity,1,0,0,Critical,High,False,1,1 critical detection(s),Prioritize investigation of critical telemetry and validate affected account and asset.
215,EMP12202,Upma Kohli,Marketing,Analyst,Active,Regional Office,LPT-12202,DEV82487,44.0,Medium,44.0,Medium,1,1,Malware + Lateral Movement,0,1,0,High,Medium,False,1,1 high-severity detection(s),Review high-severity detections and correlate supporting IAM and endpoint evidence.
216,EMP11662,Aishani Dugal,Sales,Manager,Active,Regional Office,,DEV68314,44.0,Medium,44.0,Medium,1,1,Identity / Hostname Mismatch,0,0,1,Medium,Medium,False,1,1 threat detection(s),Review detection evidence and validate identity and asset context.
217,EMP10693,Wriddhish Babu,Supply Chain,Analyst,Disabled,Warehouse,VDR-10693,DEV62978,39.0,Medium,44.0,Medium,1,1,Post-Termination Activity,1,0,0,Critical,High,False,1,1 critical detection(s),Prioritize investigation of critical telemetry and validate affected account and asset.
218,EMP10914,Ayushman Parsa,Operations,Engineer,Disabled,,VDR-10914,,39.0,Medium,44.0,Medium,1,1,Post-Termination Activity,1,0,0,Critical,High,False,0,1 critical detection(s),Prioritize investigation of critical telemetry and validate affected account and asset.
219,EMP11028,Aditya Anne,Human Resources,Analyst,Active,Data Center,LPT-11028,DEV11908,39.0,Medium,44.0,Medium,1,1,Malware + Lateral Movement,1,0,0,Critical,High,False,1,1 critical detection(s),Prioritize investigation of critical telemetry and validate affected account and asset.
220,EMP11449,Geetika Gaba,Compliance,Engineer,Disabled,Data Center,VDR-11449,DEV59321,39.0,Medium,44.0,Medium,1,1,Post-Termination Activity,1,0,0,Critical,High,False,1,1 critical detection(s),Prioritize investigation of critical telemetry and validate affected account and asset.
221,EMP12386,Diya Vala,IT,Executive,Inactive,Branch Office,VDR-12386,DEV58052,39.0,Medium,44.0,Medium,1,1,Post-Termination Activity,1,0,0,Critical,High,False,1,1 critical detection(s),Prioritize investigation of critical telemetry and validate affected account and asset.
222,EMP12817,Suhani Dhar,Procurement,Officer,Disabled,,LPT-12817,DEV11435,39.0,Medium,44.0,Medium,1,1,Post-Termination Activity,1,0,0,Critical,High,False,1,1 critical detection(s),Prioritize investigation of critical telemetry and validate affected account and asset.
223,EMP11042,Chaman Memon,Finance,Manager,Disabled,Branch Office,,DEV81938,34.0,Medium,44.0,Medium,2,2,Identity / Hostname Mismatch | Post-Termination Activity,1,0,1,Critical,High,False,1,2 distinct threat types; 1 critical detection(s),"Immediate investigation: correlate endpoint, IAM and identity evidence; validate affected account and assets."
224,EMP12625,Caleb Loke,Human Resources,Consultant,Disabled,Head Office,VDR-12625,DEV25130,38.5,Medium,43.5,Medium,1,1,Post-Termination Activity,1,0,0,Critical,High,False,1,1 critical detection(s),Prioritize investigation of critical telemetry and validate affected account and asset.
225,EMP10268,Yagnesh Parikh,Operations,Administrator,Active,Data Center,WS-10268,DEV79946,43.0,Medium,43.0,Medium,1,1,Suspicious Administrative Activity,0,1,0,High,High,False,1,1 high-severity detection(s),Review high-severity detections and correlate supporting IAM and endpoint evidence.
226,EMP12578,Krisha Bansal,Legal,Director,Active,Data Center,LPT-12578,DEV17034,43.0,Medium,43.0,Medium,1,1,Suspicious Administrative Activity,0,1,0,High,High,False,1,1 high-severity detection(s),Review high-severity detections and correlate supporting IAM and endpoint evidence.
227,EMP10562,Manan Desai,Procurement,Administrator,Inactive,,,DEV28985,43.0,Medium,43.0,Medium,1,1,Identity / Hostname Mismatch,0,0,1,Medium,Medium,False,1,1 threat detection(s),Review detection evidence and validate identity and asset context.
228,EMP12889,Ekaja D’Alia,R&D,Engineer,Active,Work From Home,,,43.0,Medium,43.0,Medium,1,1,Identity / Hostname Mismatch,0,0,1,Medium,Medium,False,0,1 threat detection(s),Review detection evidence and validate identity and asset context.
229,EMP10285,Varenya Nagar,Customer Support,Consultant,Disabled,,VDR-10285,DEV28343,38.0,Medium,43.0,Medium,1,1,Post-Termination Activity,1,0,0,Critical,High,False,1,1 critical detection(s),Prioritize investigation of critical telemetry and validate affected account and asset.
230,EMP10431,Girik Salvi,Procurement,Specialist,Inactive,Warehouse,LPT-10431,DEV71894,38.0,Medium,43.0,Medium,1,1,Post-Termination Activity,1,0,0,Critical,High,False,1,1 critical detection(s),Prioritize investigation of critical telemetry and validate affected account and asset.
231,EMP12204,Upasna Batra,Finance,Engineer,Inactive,Remote,WS-12204,DEV63564,38.0,Medium,43.0,Medium,1,1,Post-Termination Activity,1,0,0,Critical,High,False,1,1 critical detection(s),Prioritize investigation of critical telemetry and validate affected account and asset.
232,EMP12273,Ekaraj Kumar,Finance,Engineer,Active,Regional Office,VDR-12273,DEV10802,38.0,Medium,43.0,Medium,1,1,Malware + Lateral Movement,1,0,0,Critical,High,False,1,1 critical detection(s),Prioritize investigation of critical telemetry and validate affected account and asset.
233,EMP12482,Chakrika Nagar,Marketing,Manager,Active,Work From Home,WS-12482,DEV25608,38.0,Medium,43.0,Medium,1,1,Malware + Lateral Movement,1,0,0,Critical,High,True,2,1 critical detection(s),Prioritize investigation of critical telemetry and validate affected account and asset.
234,EMP12704,Vedhika Khatri,Procurement,Executive,Disabled,Branch Office,LPT-12704,DEV49043,38.0,Medium,43.0,Medium,1,1,Post-Termination Activity,1,0,0,Critical,High,False,1,1 critical detection(s),Prioritize investigation of critical telemetry and validate affected account and asset.
235,EMP12734,Xavier Kade,R&D,Director,Disabled,Head Office,VDR-12734,DEV51276,38.0,Medium,43.0,Medium,1,1,Post-Termination Activity,1,0,0,Critical,High,False,1,1 critical detection(s),Prioritize investigation of critical telemetry and validate affected account and asset.
236,EMP12900,Jai Bora,Supply Chain,Officer,Inactive,Warehouse,LPT-12900,DEV29857,38.0,Medium,43.0,Medium,1,1,Post-Termination Activity,1,0,0,Critical,High,False,1,1 critical detection(s),Prioritize investigation of critical telemetry and validate affected account and asset.
237,EMP10906,Libni Dave,Marketing,Engineer,On Leave,Branch Office,VDR-10906,DEV16166,42.5,Medium,42.5,Medium,1,1,Identity / Hostname Mismatch,0,0,1,Medium,Medium,False,1,1 threat detection(s),Review detection evidence and validate identity and asset context.
238,EMP10139,Isaac Dugar,Legal,Trainee,Disabled,,,DEV54424,32.5,Medium,42.5,Medium,2,2,Identity / Hostname Mismatch | Post-Termination Activity,1,0,1,Critical,High,False,1,2 distinct threat types; 1 critical detection(s),"Immediate investigation: correlate endpoint, IAM and identity evidence; validate affected account and assets."
239,EMP11612,Aarush Vasa,Operations,Executive,Active,,WS-11612,DEV56551,42.0,Medium,42.0,Medium,1,1,Suspicious Administrative Activity,0,1,0,High,High,False,1,1 high-severity detection(s),Review high-severity detections and correlate supporting IAM and endpoint evidence.
240,EMP11342,Devansh Hora,Finance,Administrator,Inactive,Work From Home,WS-11342,,37.0,Medium,42.0,Medium,1,1,Post-Termination Activity,1,0,0,Critical,High,False,0,1 critical detection(s),Prioritize investigation of critical telemetry and validate affected account and asset.
241,EMP11951,Harsh Dugar,Marketing,Officer,Inactive,Warehouse,VDR-11951,DEV76219,37.0,Medium,42.0,Medium,1,1,Post-Termination Activity,1,0,0,Critical,High,False,1,1 critical detection(s),Prioritize investigation of critical telemetry and validate affected account and asset.
242,EMP12682,Yuvraj Talwar,Operations,Engineer,Inactive,Regional Office,WS-12682,DEV26791,37.0,Medium,42.0,Medium,1,1,Post-Termination Activity,1,0,0,Critical,High,False,1,1 critical detection(s),Prioritize investigation of critical telemetry and validate affected account and asset.
243,EMP12702,Samuel Dubey,Supply Chain,Consultant,Active,Data Center,LPT-12702,,41.5,Medium,41.5,Medium,1,1,Suspicious Administrative Activity,0,1,0,High,High,False,0,1 high-severity detection(s),Review high-severity detections and correlate supporting IAM and endpoint evidence.
244,EMP12275,Indrajit Chander,Procurement,Manager,Active,Data Center,,DEV24688,41.5,Medium,41.5,Medium,1,1,Identity / Hostname Mismatch,0,0,1,Medium,Medium,False,1,1 threat detection(s),Review detection evidence and validate identity and asset context.
245,EMP12464,Zaitra Nori,Legal,Administrator,Active,Head Office,,DEV44217,41.5,Medium,41.5,Medium,1,1,Identity / Hostname Mismatch,0,0,1,Medium,Medium,False,1,1 threat detection(s),Review detection evidence and validate identity and asset context.
246,EMP10005,Adweta Seth,Customer Support,Administrator,Inactive,Work From Home,VDR-10005,DEV91070,36.5,Medium,41.5,Medium,1,1,Post-Termination Activity,1,0,0,Critical,High,False,1,1 critical detection(s),Prioritize investigation of critical telemetry and validate affected account and asset.
247,EMP10256,Naveen Bhagat,R&D,Consultant,Inactive,Branch Office,WS-10256,,36.5,Medium,41.5,Medium,1,1,Post-Termination Activity,1,0,0,Critical,High,False,0,1 critical detection(s),Prioritize investigation of critical telemetry and validate affected account and asset.
248,EMP10842,Mason Garg,IT,Trainee,Disabled,Work From Home,LPT-10842,DEV17251,36.5,Medium,41.5,Medium,1,1,Post-Termination Activity,1,0,0,Critical,High,False,1,1 critical detection(s),Prioritize investigation of critical telemetry and validate affected account and asset.
249,EMP11068,Yasti Swamy,IT,Consultant,Inactive,Head Office,VDR-11068,DEV57212,36.5,Medium,41.5,Medium,1,1,Post-Termination Activity,1,0,0,Critical,High,False,1,1 critical detection(s),Prioritize investigation of critical telemetry and validate affected account and asset.
250,EMP10436,Omkaar Pau,Sales,Consultant,Active,Head Office,WS-10436,DEV79603,41.0,Medium,41.0,Medium,1,1,Suspicious Administrative Activity,0,1,0,High,High,False,1,1 high-severity detection(s),Review high-severity detections and correlate supporting IAM and endpoint evidence.
251,EMP12439,Zinal Agarwal,Legal,Executive,Active,Data Center,WS-12439,DEV23730,41.0,Medium,41.0,Medium,1,1,Suspicious Administrative Activity,0,1,0,High,High,False,1,1 high-severity detection(s),Review high-severity detections and correlate supporting IAM and endpoint evidence.
252,EMP11353,Anamika Morar,Marketing,Engineer,Active,,LPT-11353,DEV57443,41.0,Medium,41.0,Medium,1,1,Identity / Hostname Mismatch,0,0,1,Medium,Medium,False,1,1 threat detection(s),Review detection evidence and validate identity and asset context.
253,EMP10179,Ridhi Kadakia,Finance,Trainee,Inactive,Data Center,VDR-10179,DEV10688,36.0,Medium,41.0,Medium,1,1,Post-Termination Activity,1,0,0,Critical,High,False,1,1 critical detection(s),Prioritize investigation of critical telemetry and validate affected account and asset.
254,EMP10946,Ekbal Chandra,Finance,Director,Inactive,Remote,WS-10946,DEV59219,36.0,Medium,41.0,Medium,1,1,Post-Termination Activity,1,0,0,Critical,High,False,1,1 critical detection(s),Prioritize investigation of critical telemetry and validate affected account and asset.
255,EMP10970,Geetika Palla,Human Resources,Trainee,Disabled,,WS-10970,DEV17134,36.0,Medium,41.0,Medium,1,1,Post-Termination Activity,1,0,0,Critical,High,False,1,1 critical detection(s),Prioritize investigation of critical telemetry and validate affected account and asset.
256,EMP10083,Hemang Pingle,R&D,Manager,Active,,,DEV62521,40.5,Medium,40.5,Medium,1,1,Identity / Hostname Mismatch,0,0,1,Medium,Medium,False,1,1 threat detection(s),Review detection evidence and validate identity and asset context.
257,EMP12483,Aarna Virk,Sales,Administrator,Active,Remote,VDR-12483,DEV36630,40.5,Medium,40.5,Medium,1,1,Identity / Hostname Mismatch,0,0,1,Medium,Medium,False,1,1 threat detection(s),Review detection evidence and validate identity and asset context.
258,EMP12801,Ishwar Bose,Marketing,Director,Inactive,Regional Office,VDR-12801,DEV37085,35.5,Medium,40.5,Medium,1,1,Post-Termination Activity,1,0,0,Critical,High,False,1,1 critical detection(s),Prioritize investigation of critical telemetry and validate affected account and asset.
259,EMP12163,Ethan Dhillon,Finance,Administrator,Active,Warehouse,VDR-12163,DEV42796,40.0,Medium,40.0,Medium,1,1,Suspicious Administrative Activity,0,1,0,High,Medium,False,1,1 high-severity detection(s),Review high-severity detections and correlate supporting IAM and endpoint evidence.
260,EMP12462,Chavvi Prashad,IT,Analyst,Active,Branch Office,,,40.0,Medium,40.0,Medium,1,1,Identity / Hostname Mismatch,0,0,1,Medium,Medium,False,0,1 threat detection(s),Review detection evidence and validate identity and asset context.
261,EMP11026,Daksha Narasimhan,IT,Officer,Disabled,Branch Office,WS-11026,DEV16259,35.0,Medium,40.0,Medium,1,1,Post-Termination Activity,1,0,0,Critical,High,False,1,1 critical detection(s),Prioritize investigation of critical telemetry and validate affected account and asset.
262,EMP10166,Omkaar Balan,Marketing,Administrator,Inactive,Regional Office,,DEV88997,30.0,Medium,40.0,Medium,2,2,Identity / Hostname Mismatch | Post-Termination Activity,1,0,1,Critical,High,False,1,2 distinct threat types; 1 critical detection(s),"Immediate investigation: correlate endpoint, IAM and identity evidence; validate affected account and assets."
263,EMP10969,Urvashi Upadhyay,Human Resources,Manager,Disabled,Head Office,,DEV66616,30.0,Medium,40.0,Medium,2,2,Identity / Hostname Mismatch | Post-Termination Activity,1,0,1,Critical,High,False,1,2 distinct threat types; 1 critical detection(s),"Immediate investigation: correlate endpoint, IAM and identity evidence; validate affected account and assets."
264,EMP10959,Ira Bhatnagar,IT,Manager,Active,Data Center,WS-10959,DEV35295,39.5,Medium,39.5,Low,1,1,Suspicious Administrative Activity,0,1,0,High,High,False,1,1 high-severity detection(s),Review high-severity detections and correlate supporting IAM and endpoint evidence.
265,EMP12580,Lohit Muni,Sales,Officer,Inactive,Data Center,VDR-12580,DEV47877,39.5,Medium,39.5,Low,1,1,Suspicious Administrative Activity,0,1,0,High,Medium,False,1,1 high-severity detection(s),Review high-severity detections and correlate supporting IAM and endpoint evidence.
266,EMP10141,Nidhi Murty,Operations,Executive,On Leave,,LPT-10141,,39.5,Medium,39.5,Low,1,1,Identity / Hostname Mismatch,0,0,1,Medium,Medium,False,0,1 threat detection(s),Review detection evidence and validate identity and asset context.
267,EMP10627,Tara Devan,Operations,Trainee,Active,Work From Home,,,39.5,Medium,39.5,Low,1,1,Identity / Hostname Mismatch,0,0,1,Medium,Medium,False,0,1 threat detection(s),Review detection evidence and validate identity and asset context.
268,EMP12746,Neha Pal,R&D,Officer,Active,Head Office,,DEV71797,39.5,Medium,39.5,Low,1,1,Identity / Hostname Mismatch,0,0,1,Medium,Medium,False,1,1 threat detection(s),Review detection evidence and validate identity and asset context.
269,EMP10207,Tanveer Dutt,Procurement,Consultant,Disabled,Work From Home,VDR-10207,DEV15399,34.5,Medium,39.5,Low,1,1,Post-Termination Activity,1,0,0,Critical,High,False,1,1 critical detection(s),Prioritize investigation of critical telemetry and validate affected account and asset.
270,EMP10789,Jasmit Bose,Marketing,Officer,Disabled,Data Center,LPT-10789,,34.5,Medium,39.5,Low,1,1,Post-Termination Activity,1,0,0,Critical,High,False,0,1 critical detection(s),Prioritize investigation of critical telemetry and validate affected account and asset.
271,EMP11108,Urvashi Palan,Finance,Officer,Disabled,,WS-11108,DEV87178,34.5,Medium,39.5,Low,1,1,Post-Termination Activity,1,0,0,Critical,High,False,1,1 critical detection(s),Prioritize investigation of critical telemetry and validate affected account and asset.
272,EMP11321,Arin Rattan,Legal,Trainee,Inactive,Remote,LPT-11321,DEV12810,34.5,Medium,39.5,Low,1,1,Post-Termination Activity,1,0,0,Critical,High,False,1,1 critical detection(s),Prioritize investigation of critical telemetry and validate affected account and asset.
273,EMP11514,Dakshesh Chaudhari,Customer Support,Administrator,Inactive,Regional Office,WS-11514,DEV44629,34.5,Medium,39.5,Low,1,1,Post-Termination Activity,1,0,0,Critical,High,False,1,1 critical detection(s),Prioritize investigation of critical telemetry and validate affected account and asset.
274,EMP12060,Vrishti Chadha,Customer Support,Manager,Disabled,Regional Office,LPT-12060,,34.5,Medium,39.5,Low,1,1,Post-Termination Activity,1,0,0,Critical,High,False,0,1 critical detection(s),Prioritize investigation of critical telemetry and validate affected account and asset.
275,EMP12180,Anika Gill,Marketing,Trainee,Inactive,Remote,VDR-12180,,34.5,Medium,39.5,Low,1,1,Post-Termination Activity,1,0,0,Critical,High,False,0,1 critical detection(s),Prioritize investigation of critical telemetry and validate affected account and asset.
276,EMP12457,Yashawini Chawla,Compliance,Analyst,Disabled,,LPT-12457,DEV25501,34.5,Medium,39.5,Low,1,1,Post-Termination Activity,1,0,0,Critical,High,False,1,1 critical detection(s),Prioritize investigation of critical telemetry and validate affected account and asset.
277,EMP12403,Andrew Vasa,Sales,Consultant,Disabled,Regional Office,,DEV64516,29.5,Medium,39.5,Low,2,2,Identity / Hostname Mismatch | Post-Termination Activity,1,0,1,Critical,High,False,1,2 distinct threat types; 1 critical detection(s),"Immediate investigation: correlate endpoint, IAM and identity evidence; validate affected account and assets."
278,EMP10826,Nihal Garde,IT,Executive,Disabled,Work From Home,WS-10826,,34.0,Medium,39.0,Low,1,1,Post-Termination Activity,1,0,0,Critical,High,False,0,1 critical detection(s),Prioritize investigation of critical telemetry and validate affected account and asset.
279,EMP10947,Vansha Choudhury,Sales,Trainee,Inactive,Warehouse,VDR-10947,DEV60469,34.0,Medium,39.0,Low,1,1,Post-Termination Activity,1,0,0,Critical,High,False,1,1 critical detection(s),Prioritize investigation of critical telemetry and validate affected account and asset.
280,EMP11524,Veda Srinivasan,Sales,Engineer,Disabled,Warehouse,VDR-11524,DEV67685,34.0,Medium,39.0,Low,1,1,Post-Termination Activity,1,0,0,Critical,High,False,1,1 critical detection(s),Prioritize investigation of critical telemetry and validate affected account and asset.
281,EMP12318,Jacob Karnik,Marketing,Administrator,Inactive,Work From Home,VDR-12318,DEV95260,34.0,Medium,39.0,Low,1,1,Post-Termination Activity,1,0,0,Critical,High,False,1,1 critical detection(s),Prioritize investigation of critical telemetry and validate affected account and asset.
282,EMP12706,Inaya Rastogi,Legal,Manager,Disabled,Regional Office,VDR-12706,DEV64786,34.0,Medium,39.0,Low,1,1,Post-Termination Activity,1,0,0,Critical,High,False,1,1 critical detection(s),Prioritize investigation of critical telemetry and validate affected account and asset.
283,EMP12935,Abha Naik,Procurement,Executive,Active,Warehouse,WS-12935,DEV47829,34.0,Medium,39.0,Low,1,1,Malware + Lateral Movement,1,0,0,Critical,High,False,1,1 critical detection(s),Prioritize investigation of critical telemetry and validate affected account and asset.
284,EMP11469,Janya Ganesh,IT,Consultant,Active,Warehouse,WS-11469,DEV38207,38.5,Medium,38.5,Low,1,1,Suspicious Administrative Activity,0,1,0,High,High,False,1,1 high-severity detection(s),Review high-severity detections and correlate supporting IAM and endpoint evidence.
285,EMP11634,Xavier Thaker,Marketing,Specialist,Active,Head Office,VDR-11634,DEV61834,38.5,Medium,38.5,Low,1,1,Suspicious Administrative Activity,0,1,0,High,Medium,False,1,1 high-severity detection(s),Review high-severity detections and correlate supporting IAM and endpoint evidence.
286,EMP12642,Jalsa Nagy,Customer Support,Director,Active,,WS-12642,DEV34371,38.5,Medium,38.5,Low,1,1,Suspicious Administrative Activity,0,1,0,High,High,False,1,1 high-severity detection(s),Review high-severity detections and correlate supporting IAM and endpoint evidence.
287,EMP10897,Tanvi Singh,R&D,Trainee,Active,,,DEV68918,38.5,Medium,38.5,Low,1,1,Identity / Hostname Mismatch,0,0,1,Medium,Medium,False,1,1 threat detection(s),Review detection evidence and validate identity and asset context.
288,EMP12623,Jalsa Krishna,Procurement,Director,Active,Warehouse,WS-12623,DEV69754,38.5,Medium,38.5,Low,1,1,Identity / Hostname Mismatch,0,0,1,Medium,Medium,False,1,1 threat detection(s),Review detection evidence and validate identity and asset context.
289,EMP11372,Nikita D’Alia,R&D,Director,Inactive,,WS-11372,DEV21385,33.5,Medium,38.5,Low,1,1,Post-Termination Activity,1,0,0,Critical,High,False,1,1 critical detection(s),Prioritize investigation of critical telemetry and validate affected account and asset.
290,EMP11548,Suhani Kapur,Legal,Trainee,Inactive,Head Office,WS-11548,DEV94850,33.5,Medium,38.5,Low,1,1,Post-Termination Activity,1,0,0,Critical,High,False,1,1 critical detection(s),Prioritize investigation of critical telemetry and validate affected account and asset.
291,EMP11610,Daksh Dhar,Finance,Engineer,Disabled,Branch Office,VDR-11610,DEV33506,33.5,Medium,38.5,Low,1,1,Post-Termination Activity,1,0,0,Critical,High,False,1,1 critical detection(s),Prioritize investigation of critical telemetry and validate affected account and asset.
292,EMP12501,Damyanti Misra,Marketing,Engineer,Active,Data Center,WS-12501,DEV30955,33.5,Medium,38.5,Low,1,1,Malware + Lateral Movement,1,0,0,Critical,High,False,1,1 critical detection(s),Prioritize investigation of critical telemetry and validate affected account and asset.
293,EMP12612,Advay Dani,R&D,Officer,Inactive,Data Center,LPT-12612,DEV23757,33.5,Medium,38.5,Low,1,1,Post-Termination Activity,1,0,0,Critical,High,False,1,1 critical detection(s),Prioritize investigation of critical telemetry and validate affected account and asset.
294,EMP11272,Umang Loke,Operations,Officer,Active,Remote,VDR-11272,,33.5,Medium,38.5,Low,2,2,Identity / Hostname Mismatch | Suspicious Administrative Activity,0,1,1,High,High,False,0,2 distinct threat types; 1 high-severity detection(s),Review high-severity detections and correlate supporting IAM and endpoint evidence.
295,EMP11186,Christopher Chaudhary,Customer Support,Engineer,Inactive,,WS-11186,DEV56640,38.0,Medium,38.0,Low,1,1,Suspicious Administrative Activity,0,1,0,High,High,False,1,1 high-severity detection(s),Review high-severity detections and correlate supporting IAM and endpoint evidence.
296,EMP11363,Chatura Sankar,Finance,Executive,Active,Regional Office,VDR-11363,DEV76764,38.0,Medium,38.0,Low,1,1,Suspicious Administrative Activity,0,1,0,High,High,False,1,1 high-severity detection(s),Review high-severity detections and correlate supporting IAM and endpoint evidence.
297,EMP10848,Vrishti Vala,Brand,Analyst,Disabled,,VDR-10848,DEV14562,33.0,Medium,38.0,Low,1,1,Post-Termination Activity,1,0,0,Critical,High,False,1,1 critical detection(s),Prioritize investigation of critical telemetry and validate affected account and asset.
298,EMP11590,Mahika Som,Operations,Director,Disabled,Work From Home,WS-11590,DEV32551,33.0,Medium,38.0,Low,1,1,Post-Termination Activity,1,0,0,Critical,High,False,1,1 critical detection(s),Prioritize investigation of critical telemetry and validate affected account and asset.
299,EMP12174,Onveer Bansal,Sales,Manager,Inactive,,VDR-12174,DEV88056,33.0,Medium,38.0,Low,1,1,Post-Termination Activity,1,0,0,Critical,High,False,1,1 critical detection(s),Prioritize investigation of critical telemetry and validate affected account and asset.
300,EMP12157,Vansha Chadha,Brand,Officer,Active,,VDR-12157,DEV50940,37.5,Medium,37.5,Low,1,1,Suspicious Administrative Activity,0,1,0,High,High,False,1,1 high-severity detection(s),Review high-severity detections and correlate supporting IAM and endpoint evidence.
301,EMP10792,Zayan Khanna,Operations,Specialist,Inactive,,VDR-10792,DEV67156,32.5,Medium,37.5,Low,1,1,Post-Termination Activity,1,0,0,Critical,High,False,1,1 critical detection(s),Prioritize investigation of critical telemetry and validate affected account and asset.
302,EMP12322,Ekavir Seshadri,IT,Analyst,Disabled,Head Office,LPT-12322,DEV73418,32.5,Medium,37.5,Low,1,1,Post-Termination Activity,1,0,0,Critical,High,False,1,1 critical detection(s),Prioritize investigation of critical telemetry and validate affected account and asset.
303,EMP12747,Chanakya Keer,Brand,Engineer,Inactive,Regional Office,LPT-12747,DEV55054,32.5,Medium,37.5,Low,1,1,Post-Termination Activity,1,0,0,Critical,High,False,1,1 critical detection(s),Prioritize investigation of critical telemetry and validate affected account and asset.
304,EMP12936,Orinder Karpe,IT,Executive,On Leave,Data Center,VDR-12936,DEV55597,37.0,Medium,37.0,Low,1,1,Malware + Lateral Movement,0,1,0,High,Medium,False,1,1 high-severity detection(s),Review high-severity detections and correlate supporting IAM and endpoint evidence.
305,EMP10120,Lakshit Mand,Compliance,Executive,Inactive,Branch Office,LPT-10120,DEV80701,32.0,Medium,37.0,Low,1,1,Post-Termination Activity,1,0,0,Critical,High,False,1,1 critical detection(s),Prioritize investigation of critical telemetry and validate affected account and asset.
306,EMP10516,Wakeeta Rattan,R&D,Trainee,Inactive,,LPT-10516,DEV75776,32.0,Medium,37.0,Low,1,1,Post-Termination Activity,1,0,0,Critical,High,False,1,1 critical detection(s),Prioritize investigation of critical telemetry and validate affected account and asset.
307,EMP10609,Bhavya Oza,Operations,Specialist,Disabled,Branch Office,LPT-10609,,32.0,Medium,37.0,Low,1,1,Post-Termination Activity,1,0,0,Critical,High,False,0,1 critical detection(s),Prioritize investigation of critical telemetry and validate affected account and asset.
308,EMP12059,Qushi Sandhu,IT,Executive,Inactive,Remote,VDR-12059,,32.0,Medium,37.0,Low,1,1,Post-Termination Activity,1,0,0,Critical,High,False,0,1 critical detection(s),Prioritize investigation of critical telemetry and validate affected account and asset.
309,EMP10995,Triveni Keer,Sales,Director,Inactive,Branch Office,,DEV65708,27.0,Medium,37.0,Low,2,2,Identity / Hostname Mismatch | Post-Termination Activity,1,0,1,Critical,Medium,False,1,2 distinct threat types; 1 critical detection(s),"Immediate investigation: correlate endpoint, IAM and identity evidence; validate affected account and assets."
310,EMP12005,Xavier Date,Sales,Director,Active,,VDR-12005,,36.5,Medium,36.5,Low,1,1,Suspicious Administrative Activity,0,1,0,High,High,False,0,1 high-severity detection(s),Review high-severity detections and correlate supporting IAM and endpoint evidence.
311,EMP11479,Patrick Dewan,Customer Support,Executive,Active,,,DEV26186,36.5,Medium,36.5,Low,1,1,Identity / Hostname Mismatch,0,0,1,Medium,Medium,False,1,1 threat detection(s),Review detection evidence and validate identity and asset context.
312,EMP11905,Mahika Srinivas,Procurement,Consultant,Active,Head Office,,DEV35351,36.5,Medium,36.5,Low,1,1,Identity / Hostname Mismatch,0,0,1,Medium,Medium,False,1,1 threat detection(s),Review detection evidence and validate identity and asset context.
313,EMP11957,Noah Tailor,Finance,Director,Active,Regional Office,,DEV39585,36.5,Medium,36.5,Low,1,1,Identity / Hostname Mismatch,0,0,1,Medium,Medium,False,1,1 threat detection(s),Review detection evidence and validate identity and asset context.
314,EMP11511,Sudiksha Raman,R&D,Manager,Active,Data Center,LPT-11511,DEV23090,31.5,Medium,36.5,Low,1,1,Malware + Lateral Movement,1,0,0,Critical,High,True,2,1 critical detection(s),Prioritize investigation of critical telemetry and validate affected account and asset.
315,EMP11890,Zansi Baria,Procurement,Administrator,Disabled,Remote,LPT-11890,DEV90790,31.5,Medium,36.5,Low,1,1,Post-Termination Activity,1,0,0,Critical,High,False,1,1 critical detection(s),Prioritize investigation of critical telemetry and validate affected account and asset.
316,EMP12179,Bhavika Naidu,Sales,Officer,Disabled,,WS-12179,,31.5,Medium,36.5,Low,1,1,Post-Termination Activity,1,0,0,Critical,High,False,0,1 critical detection(s),Prioritize investigation of critical telemetry and validate affected account and asset.
317,EMP12364,Ria Yadav,Sales,Director,Disabled,Remote,LPT-12364,DEV20271,31.5,Medium,36.5,Low,1,1,Post-Termination Activity,1,0,0,Critical,High,False,1,1 critical detection(s),Prioritize investigation of critical telemetry and validate affected account and asset.
318,EMP10403,Ethan Setty,Customer Support,Trainee,Active,,LPT-10403,DEV72424,36.0,Medium,36.0,Low,1,1,Malware + Lateral Movement,0,1,0,High,Medium,False,1,1 high-severity detection(s),Review high-severity detections and correlate supporting IAM and endpoint evidence.
319,EMP10445,Charvi Mann,Sales,Specialist,On Leave,Branch Office,WS-10445,DEV78569,36.0,Medium,36.0,Low,1,1,Suspicious Administrative Activity,0,1,0,High,High,False,1,1 high-severity detection(s),Review high-severity detections and correlate supporting IAM and endpoint evidence.
320,EMP11328,Krish Gill,Innovation,Administrator,Inactive,Remote,VDR-11328,,36.0,Medium,36.0,Low,1,1,Suspicious Administrative Activity,0,1,0,High,High,False,0,1 high-severity detection(s),Review high-severity detections and correlate supporting IAM and endpoint evidence.
321,EMP12243,Pratyush Thaman,Sales,Specialist,Active,Branch Office,,DEV11275,36.0,Medium,36.0,Low,1,1,Identity / Hostname Mismatch,0,0,1,Medium,Medium,False,1,1 threat detection(s),Review detection evidence and validate identity and asset context.
322,EMP11281,Amol Talwar,IT,Analyst,Inactive,Remote,LPT-11281,DEV55903,31.0,Medium,36.0,Low,1,1,Post-Termination Activity,1,0,0,Critical,Medium,False,1,1 critical detection(s),Prioritize investigation of critical telemetry and validate affected account and asset.
323,EMP11797,Chatura Rajagopalan,Legal,Administrator,Inactive,Branch Office,VDR-11797,DEV48099,31.0,Medium,36.0,Low,1,1,Post-Termination Activity,1,0,0,Critical,High,False,1,1 critical detection(s),Prioritize investigation of critical telemetry and validate affected account and asset.
324,EMP11832,Chakradev Vyas,R&D,Director,Disabled,Head Office,VDR-11832,DEV49366,31.0,Medium,36.0,Low,1,1,Post-Termination Activity,1,0,0,Critical,High,True,2,1 critical detection(s),Prioritize investigation of critical telemetry and validate affected account and asset.
325,EMP12126,Ekiya Kota,Procurement,Specialist,Inactive,Remote,VDR-12126,DEV84509,31.0,Medium,36.0,Low,1,1,Post-Termination Activity,1,0,0,Critical,High,False,1,1 critical detection(s),Prioritize investigation of critical telemetry and validate affected account and asset.
326,EMP12919,Baghyawati Boase,Human Resources,Executive,Disabled,Branch Office,VDR-12919,,31.0,Medium,36.0,Low,1,1,Post-Termination Activity,1,0,0,Critical,High,False,0,1 critical detection(s),Prioritize investigation of critical telemetry and validate affected account and asset.
327,EMP12293,Nidhi Pillai,Innovation,Analyst,Active,Warehouse,,DEV58089,35.5,Medium,35.5,Low,1,1,Identity / Hostname Mismatch,0,0,1,Medium,Medium,False,1,1 threat detection(s),Review detection evidence and validate identity and asset context.
328,EMP10560,Jasmit Ramaswamy,Operations,Analyst,Inactive,,LPT-10560,DEV56018,30.5,Medium,35.5,Low,1,1,Post-Termination Activity,1,0,0,Critical,High,False,1,1 critical detection(s),Prioritize investigation of critical telemetry and validate affected account and asset.
329,EMP10659,Pahal Sethi,Customer Support,Manager,Inactive,Data Center,VDR-10659,DEV89269,30.5,Medium,35.5,Low,1,1,Post-Termination Activity,1,0,0,Critical,Medium,True,2,1 critical detection(s),Prioritize investigation of critical telemetry and validate affected account and asset.
330,EMP10707,Raksha Mahal,Marketing,Executive,Disabled,,WS-10707,,30.5,Medium,35.5,Low,1,1,Post-Termination Activity,1,0,0,Critical,High,False,0,1 critical detection(s),Prioritize investigation of critical telemetry and validate affected account and asset.
331,EMP10852,Janani Sen,Operations,Director,Inactive,,LPT-10852,DEV45918,30.5,Medium,35.5,Low,1,1,Post-Termination Activity,1,0,0,Critical,High,False,1,1 critical detection(s),Prioritize investigation of critical telemetry and validate affected account and asset.
332,EMP11347,Shravya Chopra,Legal,Manager,Active,Regional Office,WS-11347,DEV47104,30.5,Medium,35.5,Low,1,1,Malware + Lateral Movement,1,0,0,Critical,High,False,1,1 critical detection(s),Prioritize investigation of critical telemetry and validate affected account and asset.
333,EMP12188,Sai Puri,R&D,Trainee,Inactive,,WS-12188,DEV77395,30.5,Medium,35.5,Low,1,1,Post-Termination Activity,1,0,0,Critical,High,False,1,1 critical detection(s),Prioritize investigation of critical telemetry and validate affected account and asset.
334,EMP12296,Eesha Nayak,Marketing,Administrator,On Leave,Regional Office,,,30.5,Medium,35.5,Low,2,2,Identity / Hostname Mismatch | Suspicious Administrative Activity,0,1,1,High,Medium,False,0,2 distinct threat types; 1 high-severity detection(s),Review high-severity detections and correlate supporting IAM and endpoint evidence.
335,EMP10124,Sathvik Kadakia,Operations,Specialist,Active,Branch Office,VDR-10124,DEV18285,35.0,Medium,35.0,Low,1,1,Malware + Lateral Movement,0,1,0,High,Medium,False,1,1 high-severity detection(s),Review high-severity detections and correlate supporting IAM and endpoint evidence.
336,EMP10729,Inaya Chaudhuri,Human Resources,Trainee,Active,Work From Home,,DEV94907,35.0,Medium,35.0,Low,1,1,Identity / Hostname Mismatch,0,0,1,Medium,Medium,False,1,1 threat detection(s),Review detection evidence and validate identity and asset context.
337,EMP11733,Vivaan Sagar,Marketing,Trainee,Active,Branch Office,,DEV13199,35.0,Medium,35.0,Low,1,1,Identity / Hostname Mismatch,0,0,1,Medium,Medium,False,1,1 threat detection(s),Review detection evidence and validate identity and asset context.
338,EMP11835,Yashoda Nair,Legal,Director,Active,Work From Home,,DEV30191,35.0,Medium,35.0,Low,1,1,Identity / Hostname Mismatch,0,0,1,Medium,Medium,False,1,1 threat detection(s),Review detection evidence and validate identity and asset context.
339,EMP11904,Yashawini Comar,Innovation,Officer,Active,Head Office,LPT-11904,DEV12565,35.0,Medium,35.0,Low,1,1,Identity / Hostname Mismatch,0,0,1,Medium,Medium,False,1,1 threat detection(s),Review detection evidence and validate identity and asset context.
340,EMP11661,Rachana Badami,Finance,Executive,Inactive,Data Center,LPT-11661,DEV79770,30.0,Medium,35.0,Low,1,1,Post-Termination Activity,1,0,0,Critical,High,False,1,1 critical detection(s),Prioritize investigation of critical telemetry and validate affected account and asset.
341,EMP11204,Karan Zachariah,Sales,Administrator,Inactive,Branch Office,,DEV22116,25.0,Medium,35.0,Low,2,2,Identity / Hostname Mismatch | Post-Termination Activity,1,0,1,Critical,High,False,1,2 distinct threat types; 1 critical detection(s),"Immediate investigation: correlate endpoint, IAM and identity evidence; validate affected account and assets."
342,EMP10093,Pahal Roy,Procurement,Analyst,Active,Work From Home,VDR-10093,DEV45325,34.5,Medium,34.5,Low,1,1,Suspicious Administrative Activity,0,1,0,High,High,False,1,1 high-severity detection(s),Review high-severity detections and correlate supporting IAM and endpoint evidence.
343,EMP10380,Thomas Barad,Marketing,Officer,Active,Work From Home,VDR-10380,,34.5,Medium,34.5,Low,1,1,Suspicious Administrative Activity,0,1,0,High,High,False,0,1 high-severity detection(s),Review high-severity detections and correlate supporting IAM and endpoint evidence.
344,EMP10475,Nachiket Bhatia,IT,Officer,Active,Head Office,LPT-10475,,34.5,Medium,34.5,Low,1,1,Malware + Lateral Movement,0,1,0,High,Medium,False,0,1 high-severity detection(s),Review high-severity detections and correlate supporting IAM and endpoint evidence.
345,EMP10156,Laban Muni,Customer Support,Officer,Active,Branch Office,WS-10156,DEV56019,34.5,Medium,34.5,Low,1,1,Identity / Hostname Mismatch,0,0,1,Medium,Medium,False,1,1 threat detection(s),Review detection evidence and validate identity and asset context.
346,EMP10397,Kala Jani,R&D,Executive,Active,Head Office,WS-10397,DEV10500,34.5,Medium,34.5,Low,1,1,Identity / Hostname Mismatch,0,0,1,Medium,Medium,False,1,1 threat detection(s),Review detection evidence and validate identity and asset context.
347,EMP10633,Pahal Sidhu,Sales,Executive,Inactive,,,DEV78656,34.5,Medium,34.5,Low,1,1,Identity / Hostname Mismatch,0,0,1,Medium,Medium,False,1,1 threat detection(s),Review detection evidence and validate identity and asset context.
348,EMP10974,Laksh Dani,Procurement,Specialist,Active,Head Office,,DEV60321,34.5,Medium,34.5,Low,1,1,Identity / Hostname Mismatch,0,0,1,Medium,Medium,False,1,1 threat detection(s),Review detection evidence and validate identity and asset context.
349,EMP12485,Kamya Deo,Customer Support,Specialist,Active,Branch Office,,DEV14906,34.5,Medium,34.5,Low,1,1,Identity / Hostname Mismatch,0,0,1,Medium,Medium,False,1,1 threat detection(s),Review detection evidence and validate identity and asset context.
350,EMP11332,Shivansh Parmer,Marketing,Administrator,Disabled,,WS-11332,DEV49375,29.5,Medium,34.5,Low,1,1,Post-Termination Activity,1,0,0,Critical,High,True,2,1 critical detection(s),Prioritize investigation of critical telemetry and validate affected account and asset.
351,EMP12444,Raagini Bhakta,Operations,Specialist,Inactive,Branch Office,LPT-12444,DEV93205,29.5,Medium,34.5,Low,1,1,Post-Termination Activity,1,0,0,Critical,High,False,1,1 critical detection(s),Prioritize investigation of critical telemetry and validate affected account and asset.
352,EMP12725,Gunbir Viswanathan,Customer Support,Manager,Inactive,Remote,VDR-12725,DEV48919,29.5,Medium,34.5,Low,1,1,Post-Termination Activity,1,0,0,Critical,High,False,1,1 critical detection(s),Prioritize investigation of critical telemetry and validate affected account and asset.
353,EMP12206,Utkarsh Mittal,Operations,Specialist,Active,,WS-12206,DEV19769,34.0,Medium,34.0,Low,1,1,Suspicious Administrative Activity,0,1,0,High,High,False,1,1 high-severity detection(s),Review high-severity detections and correlate supporting IAM and endpoint evidence.
354,EMP11260,Alexander Gaba,Customer Support,Trainee,Inactive,Remote,,DEV25509,34.0,Medium,34.0,Low,1,1,Identity / Hostname Mismatch,0,0,1,Medium,Medium,False,1,1 threat detection(s),Review detection evidence and validate identity and asset context.
355,EMP12751,William Narang,Customer Support,Executive,Active,Warehouse,,DEV82124,34.0,Medium,34.0,Low,1,1,Identity / Hostname Mismatch,0,0,1,Medium,Medium,False,1,1 threat detection(s),Review detection evidence and validate identity and asset context.
356,EMP10062,Samesh Mitra,Operations,Director,Inactive,,LPT-10062,DEV71261,29.0,Medium,34.0,Low,1,1,Post-Termination Activity,1,0,0,Critical,High,False,1,1 critical detection(s),Prioritize investigation of critical telemetry and validate affected account and asset.
357,EMP10467,Maanas Rama,Operations,Manager,Inactive,,WS-10467,DEV16094,29.0,Medium,34.0,Low,1,1,Post-Termination Activity,1,0,0,Critical,High,False,1,1 critical detection(s),Prioritize investigation of critical telemetry and validate affected account and asset.
358,EMP10670,Lekha Prabhu,IT,Administrator,Inactive,Data Center,LPT-10670,DEV75149,29.0,Medium,34.0,Low,1,1,Post-Termination Activity,1,0,0,Critical,High,False,1,1 critical detection(s),Prioritize investigation of critical telemetry and validate affected account and asset.
359,EMP10786,Gavin Samra,Finance,Director,Disabled,Regional Office,WS-10786,DEV28293,29.0,Medium,34.0,Low,1,1,Post-Termination Activity,1,0,0,Critical,High,True,2,1 critical detection(s),Prioritize investigation of critical telemetry and validate affected account and asset.
360,EMP12235,Pahal Pingle,Human Resources,Specialist,Inactive,Work From Home,VDR-12235,DEV77458,29.0,Medium,34.0,Low,1,1,Post-Termination Activity,1,0,0,Critical,Medium,False,1,1 critical detection(s),Prioritize investigation of critical telemetry and validate affected account and asset.
361,EMP12834,Falan Suri,Procurement,Officer,Disabled,Data Center,WS-12834,DEV49366,29.0,Medium,34.0,Low,1,1,Post-Termination Activity,1,0,0,Critical,High,True,2,1 critical detection(s),Prioritize investigation of critical telemetry and validate affected account and asset.
362,EMP12952,Chakrika Ratta,Innovation,Officer,Disabled,Warehouse,WS-12952,DEV87286,29.0,Medium,34.0,Low,1,1,Post-Termination Activity,1,0,0,Critical,Medium,False,1,1 critical detection(s),Prioritize investigation of critical telemetry and validate affected account and asset.
363,EMP10488,Maanas Anand,IT,Consultant,Active,Data Center,,DEV60577,33.5,Medium,33.5,Low,2,1,Identity / Hostname Mismatch,0,0,2,Medium,Medium,False,1,2 threat detection(s),Review detection evidence and validate identity and asset context.
364,EMP10926,Ishaan Narang,Procurement,Executive,Active,Regional Office,WS-10926,DEV78113,33.5,Medium,33.5,Low,1,1,Identity / Hostname Mismatch,0,0,1,Medium,Medium,False,1,1 threat detection(s),Review detection evidence and validate identity and asset context.
365,EMP11379,Victor Manne,Sales,Administrator,Disabled,Regional Office,WS-11379,DEV74254,28.5,Medium,33.5,Low,1,1,Post-Termination Activity,1,0,0,Critical,High,False,1,1 critical detection(s),Prioritize investigation of critical telemetry and validate affected account and asset.
366,EMP11664,Qabil Vig,Procurement,Executive,Inactive,Data Center,LPT-11664,,28.5,Medium,33.5,Low,1,1,Post-Termination Activity,1,0,0,Critical,High,False,0,1 critical detection(s),Prioritize investigation of critical telemetry and validate affected account and asset.
367,EMP11882,Sai Garde,Human Resources,Executive,Disabled,Warehouse,LPT-11882,,28.5,Medium,33.5,Low,1,1,Post-Termination Activity,1,0,0,Critical,High,False,0,1 critical detection(s),Prioritize investigation of critical telemetry and validate affected account and asset.
368,EMP12148,Ridhi Kota,Sales,Consultant,Disabled,Regional Office,VDR-12148,DEV93898,28.5,Medium,33.5,Low,1,1,Post-Termination Activity,1,0,0,Critical,High,False,1,1 critical detection(s),Prioritize investigation of critical telemetry and validate affected account and asset.
369,EMP11476,Chameli Bajwa,R&D,Officer,Active,,LPT-11476,DEV37204,33.0,Medium,33.0,Low,1,1,Suspicious Administrative Activity,0,1,0,High,High,False,1,1 high-severity detection(s),Review high-severity detections and correlate supporting IAM and endpoint evidence.
370,EMP12031,Rohan Biswas,Operations,Analyst,Active,Regional Office,WS-12031,DEV13918,33.0,Medium,33.0,Low,1,1,Suspicious Administrative Activity,0,1,0,High,High,False,1,1 high-severity detection(s),Review high-severity detections and correlate supporting IAM and endpoint evidence.
371,EMP10433,Nandini Ravel,Finance,Manager,Inactive,Data Center,,DEV92710,33.0,Medium,33.0,Low,1,1,Identity / Hostname Mismatch,0,0,1,Medium,Medium,False,1,1 threat detection(s),Review detection evidence and validate identity and asset context.
372,EMP11061,Ekansh Ahuja,Marketing,Director,Active,Data Center,VDR-11061,DEV91844,33.0,Medium,33.0,Low,1,1,Identity / Hostname Mismatch,0,0,1,Medium,Medium,False,1,1 threat detection(s),Review detection evidence and validate identity and asset context.
373,EMP12088,Timothy Chad,Procurement,Manager,Active,Head Office,LPT-12088,DEV60145,33.0,Medium,33.0,Low,1,1,Identity / Hostname Mismatch,0,0,1,Medium,Medium,False,1,1 threat detection(s),Review detection evidence and validate identity and asset context.
374,EMP12178,Orinder Gera,Finance,Consultant,Active,Remote,,DEV32915,33.0,Medium,33.0,Low,1,1,Identity / Hostname Mismatch,0,0,1,Medium,Medium,False,1,1 threat detection(s),Review detection evidence and validate identity and asset context.
375,EMP10046,Aadi Boase,Legal,Specialist,Inactive,,LPT-10046,DEV60488,28.0,Medium,33.0,Low,1,1,Post-Termination Activity,1,0,0,Critical,High,False,1,1 critical detection(s),Prioritize investigation of critical telemetry and validate affected account and asset.
376,EMP10061,Bahadurjit Mishra,Customer Support,Officer,Active,Work From Home,VDR-10061,DEV38906,28.0,Medium,33.0,Low,1,1,Malware + Lateral Movement,1,0,0,Critical,High,False,1,1 critical detection(s),Prioritize investigation of critical telemetry and validate affected account and asset.
377,EMP11325,Vaishnavi Barad,Procurement,Analyst,Disabled,Work From Home,LPT-11325,DEV42757,28.0,Medium,33.0,Low,1,1,Post-Termination Activity,1,0,0,Critical,High,False,1,1 critical detection(s),Prioritize investigation of critical telemetry and validate affected account and asset.
378,EMP11536,Lila Rege,Finance,Specialist,Disabled,Remote,WS-11536,DEV79168,28.0,Medium,33.0,Low,1,1,Post-Termination Activity,1,0,0,Critical,Medium,False,1,1 critical detection(s),Prioritize investigation of critical telemetry and validate affected account and asset.
379,EMP11631,Libni Ahuja,Operations,Executive,Inactive,Data Center,LPT-11631,DEV58730,28.0,Medium,33.0,Low,1,1,Post-Termination Activity,1,0,0,Critical,High,False,1,1 critical detection(s),Prioritize investigation of critical telemetry and validate affected account and asset.
380,EMP11650,Charita Rattan,IT,Trainee,Disabled,Data Center,VDR-11650,DEV80975,28.0,Medium,33.0,Low,1,1,Post-Termination Activity,1,0,0,Critical,High,False,1,1 critical detection(s),Prioritize investigation of critical telemetry and validate affected account and asset.
381,EMP12175,Ira Kaul,Innovation,Executive,Disabled,,WS-12175,DEV44487,28.0,Medium,33.0,Low,1,1,Post-Termination Activity,1,0,0,Critical,High,False,1,1 critical detection(s),Prioritize investigation of critical telemetry and validate affected account and asset.
382,EMP12839,Lipika Parsa,Finance,Specialist,Disabled,Regional Office,WS-12839,DEV37879,28.0,Medium,33.0,Low,1,1,Post-Termination Activity,1,0,0,Critical,High,False,1,1 critical detection(s),Prioritize investigation of critical telemetry and validate affected account and asset.
383,EMP10867,Nathan Madan,IT,Analyst,Active,Remote,VDR-10867,DEV91219,32.5,Medium,32.5,Low,1,1,Suspicious Administrative Activity,0,1,0,High,High,False,1,1 high-severity detection(s),Review high-severity detections and correlate supporting IAM and endpoint evidence.
384,EMP12160,Ladli Chanda,IT,Engineer,Active,Work From Home,VDR-12160,,32.5,Medium,32.5,Low,1,1,Suspicious Administrative Activity,0,1,0,High,High,False,0,1 high-severity detection(s),Review high-severity detections and correlate supporting IAM and endpoint evidence.
385,EMP10119,Orinder Sarraf,IT,Administrator,Active,,,DEV14373,32.5,Medium,32.5,Low,1,1,Identity / Hostname Mismatch,0,0,1,Medium,Medium,False,1,1 threat detection(s),Review detection evidence and validate identity and asset context.
386,EMP10571,Amol Saran,Legal,Officer,Active,Regional Office,,DEV79964,32.5,Medium,32.5,Low,1,1,Identity / Hostname Mismatch,0,0,1,Medium,Medium,False,1,1 threat detection(s),Review detection evidence and validate identity and asset context.
387,EMP11050,Radhika Uppal,Legal,Specialist,Inactive,Branch Office,,,32.5,Medium,32.5,Low,1,1,Identity / Hostname Mismatch,0,0,1,Medium,Medium,False,0,1 threat detection(s),Review detection evidence and validate identity and asset context.
388,EMP12110,Sai Srinivas,IT,Trainee,Active,,,,32.5,Medium,32.5,Low,1,1,Identity / Hostname Mismatch,0,0,1,Medium,Medium,False,0,1 threat detection(s),Review detection evidence and validate identity and asset context.
389,EMP12908,Yahvi Mangal,Supply Chain,Analyst,Active,Regional Office,,,32.5,Medium,32.5,Low,1,1,Identity / Hostname Mismatch,0,0,1,Medium,Medium,False,0,1 threat detection(s),Review detection evidence and validate identity and asset context.
390,EMP10086,Qarin Gulati,Procurement,Specialist,Inactive,Head Office,VDR-10086,DEV23006,27.5,Medium,32.5,Low,1,1,Post-Termination Activity,1,0,0,Critical,High,False,1,1 critical detection(s),Prioritize investigation of critical telemetry and validate affected account and asset.
391,EMP10815,Samesh Padmanabhan,Operations,Engineer,Disabled,,LPT-10815,DEV87982,27.5,Medium,32.5,Low,1,1,Post-Termination Activity,1,0,0,Critical,High,False,1,1 critical detection(s),Prioritize investigation of critical telemetry and validate affected account and asset.
392,EMP11492,Vasudha Sridhar,R&D,Director,Inactive,Head Office,WS-11492,DEV44082,27.5,Medium,32.5,Low,1,1,Post-Termination Activity,1,0,0,Critical,High,False,1,1 critical detection(s),Prioritize investigation of critical telemetry and validate affected account and asset.
393,EMP12340,Gautami Contractor,IT,Trainee,Disabled,Regional Office,WS-12340,DEV40030,27.5,Medium,32.5,Low,1,1,Post-Termination Activity,1,0,0,Critical,High,False,1,1 critical detection(s),Prioritize investigation of critical telemetry and validate affected account and asset.
394,EMP12733,Nilima Basak,Procurement,Director,Disabled,Branch Office,WS-12733,DEV99094,27.5,Medium,32.5,Low,1,1,Post-Termination Activity,1,0,0,Critical,High,False,1,1 critical detection(s),Prioritize investigation of critical telemetry and validate affected account and asset.
395,EMP11974,Wyatt Sibal,IT,Manager,Active,,WS-11974,,32.0,Medium,32.0,Low,1,1,Suspicious Administrative Activity,0,1,0,High,High,False,0,1 high-severity detection(s),Review high-severity detections and correlate supporting IAM and endpoint evidence.
396,EMP12225,Pavani Memon,Finance,Officer,Active,Branch Office,VDR-12225,DEV90088,32.0,Medium,32.0,Low,1,1,Identity / Hostname Mismatch,0,0,1,Medium,Medium,False,1,1 threat detection(s),Review detection evidence and validate identity and asset context.
397,EMP10233,Onveer Borah,Sales,Engineer,Inactive,Work From Home,VDR-10233,DEV45537,27.0,Medium,32.0,Low,1,1,Post-Termination Activity,1,0,0,Critical,High,False,1,1 critical detection(s),Prioritize investigation of critical telemetry and validate affected account and asset.
398,EMP10526,Tanveer Reddy,IT,Director,Inactive,Warehouse,WS-10526,,27.0,Medium,32.0,Low,1,1,Post-Termination Activity,1,0,0,Critical,High,False,0,1 critical detection(s),Prioritize investigation of critical telemetry and validate affected account and asset.
399,EMP10671,Harinakshi Mukhopadhyay,Human Resources,Consultant,Inactive,Work From Home,LPT-10671,DEV36489,27.0,Medium,32.0,Low,1,1,Post-Termination Activity,1,0,0,Critical,High,False,1,1 critical detection(s),Prioritize investigation of critical telemetry and validate affected account and asset.
400,EMP11070,Megha Arya,Legal,Administrator,Inactive,,LPT-11070,DEV28764,27.0,Medium,32.0,Low,1,1,Post-Termination Activity,1,0,0,Critical,High,False,1,1 critical detection(s),Prioritize investigation of critical telemetry and validate affected account and asset.
401,EMP11082,Om Jain,IT,Consultant,Disabled,Branch Office,VDR-11082,DEV37605,27.0,Medium,32.0,Low,1,1,Post-Termination Activity,1,0,0,Critical,High,True,2,1 critical detection(s),Prioritize investigation of critical telemetry and validate affected account and asset.
402,EMP11688,Pranav Master,Finance,Executive,Inactive,Regional Office,WS-11688,DEV64997,27.0,Medium,32.0,Low,1,1,Post-Termination Activity,1,0,0,Critical,High,False,1,1 critical detection(s),Prioritize investigation of critical telemetry and validate affected account and asset.
403,EMP12310,Zashil Chaudhari,Operations,Specialist,Disabled,,VDR-12310,DEV21473,27.0,Medium,32.0,Low,1,1,Post-Termination Activity,1,0,0,Critical,Medium,False,1,1 critical detection(s),Prioritize investigation of critical telemetry and validate affected account and asset.
404,EMP12435,Vasana Pandey,Customer Support,Analyst,Inactive,Remote,VDR-12435,DEV31212,27.0,Medium,32.0,Low,1,1,Post-Termination Activity,1,0,0,Critical,High,False,1,1 critical detection(s),Prioritize investigation of critical telemetry and validate affected account and asset.
405,EMP12996,Pushti Pillay,Innovation,Director,Disabled,Work From Home,WS-12996,DEV96086,27.0,Medium,32.0,Low,1,1,Post-Termination Activity,1,0,0,Critical,High,False,1,1 critical detection(s),Prioritize investigation of critical telemetry and validate affected account and asset.
406,EMP12374,Indali Hari,Operations,Trainee,Disabled,,,DEV27289,22.0,Low,32.0,Low,2,2,Identity / Hostname Mismatch | Post-Termination Activity,1,0,1,Critical,High,False,1,2 distinct threat types; 1 critical detection(s),"Immediate investigation: correlate endpoint, IAM and identity evidence; validate affected account and assets."
407,EMP11212,Naksh Kalita,Customer Support,Consultant,Active,Head Office,LPT-11212,,31.5,Medium,31.5,Low,1,1,Suspicious Administrative Activity,0,1,0,High,High,False,0,1 high-severity detection(s),Review high-severity detections and correlate supporting IAM and endpoint evidence.
408,EMP10153,Arunima Lanka,Operations,Specialist,Active,,,,31.5,Medium,31.5,Low,1,1,Identity / Hostname Mismatch,0,0,1,Medium,Medium,False,0,1 threat detection(s),Review detection evidence and validate identity and asset context.
409,EMP10917,Abha Chaudhary,Finance,Specialist,Inactive,Head Office,VDR-10917,DEV96554,26.5,Medium,31.5,Low,1,1,Post-Termination Activity,1,0,0,Critical,High,False,1,1 critical detection(s),Prioritize investigation of critical telemetry and validate affected account and asset.
410,EMP11534,Xavier Bal,Customer Support,Manager,Disabled,,LPT-11534,,26.5,Medium,31.5,Low,1,1,Post-Termination Activity,1,0,0,Critical,High,False,0,1 critical detection(s),Prioritize investigation of critical telemetry and validate affected account and asset.
411,EMP11726,Leena Virk,Procurement,Analyst,Inactive,Work From Home,LPT-11726,DEV45944,26.5,Medium,31.5,Low,1,1,Post-Termination Activity,1,0,0,Critical,High,False,1,1 critical detection(s),Prioritize investigation of critical telemetry and validate affected account and asset.
412,EMP12115,Omaja Peri,Procurement,Director,Disabled,Branch Office,WS-12115,DEV43321,26.5,Medium,31.5,Low,1,1,Post-Termination Activity,1,0,0,Critical,Medium,False,1,1 critical detection(s),Prioritize investigation of critical telemetry and validate affected account and asset.
413,EMP12721,Advika Pai,Procurement,Analyst,Disabled,Work From Home,LPT-12721,DEV86225,26.5,Medium,31.5,Low,1,1,Post-Termination Activity,1,0,0,Critical,High,False,1,1 critical detection(s),Prioritize investigation of critical telemetry and validate affected account and asset.
414,EMP12923,Lohit Kulkarni,Sales,Director,Disabled,Regional Office,WS-12923,DEV49080,26.5,Medium,31.5,Low,1,1,Post-Termination Activity,1,0,0,Critical,High,False,1,1 critical detection(s),Prioritize investigation of critical telemetry and validate affected account and asset.
415,EMP12963,Balendra Rao,Brand,Consultant,Active,Regional Office,VDR-12963,,31.0,Medium,31.0,Low,1,1,Malware + Lateral Movement,0,1,0,High,Medium,False,0,1 high-severity detection(s),Review high-severity detections and correlate supporting IAM and endpoint evidence.
416,EMP11466,Eta Bajwa,Human Resources,Director,Active,Warehouse,,DEV20323,31.0,Medium,31.0,Low,1,1,Identity / Hostname Mismatch,0,0,1,Medium,Medium,False,1,1 threat detection(s),Review detection evidence and validate identity and asset context.
417,EMP12622,Bimala Kuruvilla,Sales,Director,Active,,,,31.0,Medium,31.0,Low,1,1,Identity / Hostname Mismatch,0,0,1,Medium,Medium,False,0,1 threat detection(s),Review detection evidence and validate identity and asset context.
418,EMP10782,Benjamin Sahota,Marketing,Engineer,Disabled,Head Office,LPT-10782,DEV80570,26.0,Medium,31.0,Low,1,1,Post-Termination Activity,1,0,0,Critical,Medium,False,1,1 critical detection(s),Prioritize investigation of critical telemetry and validate affected account and asset.
419,EMP10927,Ekta Batra,Operations,Trainee,Disabled,Head Office,LPT-10927,DEV65796,26.0,Medium,31.0,Low,1,1,Post-Termination Activity,1,0,0,Critical,High,False,1,1 critical detection(s),Prioritize investigation of critical telemetry and validate affected account and asset.
420,EMP10936,Chatura Sengupta,R&D,Specialist,Active,Branch Office,LPT-10936,DEV76160,30.5,Medium,30.5,Low,1,1,Suspicious Administrative Activity,0,1,0,High,Medium,False,1,1 high-severity detection(s),Review high-severity detections and correlate supporting IAM and endpoint evidence.
421,EMP11566,Ekani Panchal,Human Resources,Manager,Active,Warehouse,VDR-11566,DEV48759,30.5,Medium,30.5,Low,1,1,Suspicious Administrative Activity,0,1,0,High,High,False,1,1 high-severity detection(s),Review high-severity detections and correlate supporting IAM and endpoint evidence.
422,EMP10126,Unnati Dass,Finance,Director,Inactive,,,DEV97881,30.5,Medium,30.5,Low,1,1,Identity / Hostname Mismatch,0,0,1,Medium,Medium,False,1,1 threat detection(s),Review detection evidence and validate identity and asset context.
423,EMP10192,Ridhi Bala,Operations,Trainee,Active,Head Office,,,30.5,Medium,30.5,Low,1,1,Identity / Hostname Mismatch,0,0,1,Medium,Medium,False,0,1 threat detection(s),Review detection evidence and validate identity and asset context.
424,EMP12335,Ijaya Pandey,Finance,Executive,Active,Regional Office,,DEV12213,30.5,Medium,30.5,Low,2,1,Identity / Hostname Mismatch,0,0,2,Medium,Medium,False,1,2 threat detection(s),Review detection evidence and validate identity and asset context.
425,EMP12979,Megha Sant,Sales,Director,Active,Data Center,,DEV29757,30.5,Medium,30.5,Low,1,1,Identity / Hostname Mismatch,0,0,1,Medium,Medium,False,1,1 threat detection(s),Review detection evidence and validate identity and asset context.
426,EMP10377,Balvan Sodhi,Sales,Officer,Disabled,,LPT-10377,DEV60134,25.5,Medium,30.5,Low,1,1,Post-Termination Activity,1,0,0,Critical,High,False,1,1 critical detection(s),Prioritize investigation of critical telemetry and validate affected account and asset.
427,EMP10540,Zinal Samra,Human Resources,Manager,Inactive,Warehouse,WS-10540,,25.5,Medium,30.5,Low,1,1,Post-Termination Activity,1,0,0,Critical,High,False,0,1 critical detection(s),Prioritize investigation of critical telemetry and validate affected account and asset.
428,EMP12581,Sai Sani,Finance,Analyst,Inactive,Warehouse,WS-12581,,25.5,Medium,30.5,Low,1,1,Post-Termination Activity,1,0,0,Critical,High,False,0,1 critical detection(s),Prioritize investigation of critical telemetry and validate affected account and asset.
429,EMP11615,Akshay Maharaj,Finance,Analyst,Active,Warehouse,LPT-11615,DEV10610,30.0,Medium,30.0,Low,1,1,Suspicious Administrative Activity,0,1,0,High,High,False,1,1 high-severity detection(s),Review high-severity detections and correlate supporting IAM and endpoint evidence.
430,EMP12361,Ethan Jani,Legal,Administrator,Active,Warehouse,WS-12361,DEV90800,30.0,Medium,30.0,Low,1,1,Suspicious Administrative Activity,0,1,0,High,High,False,1,1 high-severity detection(s),Review high-severity detections and correlate supporting IAM and endpoint evidence.
431,EMP10309,Hardik Dani,Sales,Officer,Active,Branch Office,,,30.0,Medium,30.0,Low,1,1,Identity / Hostname Mismatch,0,0,1,Medium,Medium,False,0,1 threat detection(s),Review detection evidence and validate identity and asset context.
432,EMP10421,Omya Tailor,IT,Trainee,Active,Branch Office,,DEV32701,30.0,Medium,30.0,Low,2,1,Identity / Hostname Mismatch,0,0,2,Medium,Medium,False,1,2 threat detection(s),Review detection evidence and validate identity and asset context.
433,EMP11053,Rajata Sandhu,Finance,Administrator,Active,,,DEV99268,30.0,Medium,30.0,Low,1,1,Identity / Hostname Mismatch,0,0,1,Medium,Medium,False,1,1 threat detection(s),Review detection evidence and validate identity and asset context.
434,EMP11540,Daksh Ravel,IT,Executive,Active,Warehouse,WS-11540,DEV19078,30.0,Medium,30.0,Low,1,1,Identity / Hostname Mismatch,0,0,1,Medium,Medium,False,1,1 threat detection(s),Review detection evidence and validate identity and asset context.
435,EMP12431,Lohit Raja,Supply Chain,Administrator,Active,Warehouse,,DEV79054,30.0,Medium,30.0,Low,1,1,Identity / Hostname Mismatch,0,0,1,Medium,Medium,False,1,1 threat detection(s),Review detection evidence and validate identity and asset context.
436,EMP12774,Baghyawati Kumer,People,Executive,Active,,,DEV11290,30.0,Medium,30.0,Low,1,1,Identity / Hostname Mismatch,0,0,1,Medium,Medium,False,1,1 threat detection(s),Review detection evidence and validate identity and asset context.
437,EMP10201,Warhi Sharma,Operations,Officer,Disabled,,WS-10201,,25.0,Medium,30.0,Low,1,1,Post-Termination Activity,1,0,0,Critical,Medium,False,0,1 critical detection(s),Prioritize investigation of critical telemetry and validate affected account and asset.
438,EMP10239,Jatin Chada,R&D,Officer,Disabled,Warehouse,WS-10239,DEV27589,25.0,Medium,30.0,Low,1,1,Post-Termination Activity,1,0,0,Critical,High,False,1,1 critical detection(s),Prioritize investigation of critical telemetry and validate affected account and asset.
439,EMP10361,Onkar Butala,IT,Consultant,Disabled,Head Office,VDR-10361,DEV59319,25.0,Medium,30.0,Low,1,1,Post-Termination Activity,1,0,0,Critical,High,False,1,1 critical detection(s),Prioritize investigation of critical telemetry and validate affected account and asset.
440,EMP11199,Ikshita Mital,People,Manager,Inactive,,VDR-11199,DEV24201,25.0,Medium,30.0,Low,1,1,Post-Termination Activity,1,0,0,Critical,High,False,1,1 critical detection(s),Prioritize investigation of critical telemetry and validate affected account and asset.
441,EMP11975,Turvi Munshi,Operations,Administrator,Inactive,Branch Office,WS-11975,DEV97439,29.5,Medium,29.5,Low,1,1,Suspicious Administrative Activity,0,1,0,High,High,False,1,1 high-severity detection(s),Review high-severity detections and correlate supporting IAM and endpoint evidence.
442,EMP10469,Kavya Pandit,R&D,Officer,Active,Work From Home,,DEV85832,29.5,Medium,29.5,Low,1,1,Identity / Hostname Mismatch,0,0,1,Medium,Medium,False,1,1 threat detection(s),Review detection evidence and validate identity and asset context.
443,EMP11076,Bina Rana,Compliance,Engineer,Active,,,DEV25163,29.5,Medium,29.5,Low,1,1,Identity / Hostname Mismatch,0,0,1,Medium,Medium,False,1,1 threat detection(s),Review detection evidence and validate identity and asset context.
444,EMP11670,Vritti Badal,IT,Specialist,Active,,,DEV59895,29.5,Medium,29.5,Low,1,1,Identity / Hostname Mismatch,0,0,1,Medium,Medium,False,1,1 threat detection(s),Review detection evidence and validate identity and asset context.
445,EMP12556,Siya Baria,Operations,Specialist,Active,,,DEV24673,29.5,Medium,29.5,Low,1,1,Identity / Hostname Mismatch,0,0,1,Medium,Medium,False,1,1 threat detection(s),Review detection evidence and validate identity and asset context.
446,EMP10370,Tejas Dhaliwal,Customer Support,Engineer,Disabled,Head Office,WS-10370,DEV23357,24.5,Medium,29.5,Low,1,1,Post-Termination Activity,1,0,0,Critical,High,False,1,1 critical detection(s),Prioritize investigation of critical telemetry and validate affected account and asset.
447,EMP10830,Warjas Wason,Procurement,Director,Disabled,Remote,VDR-10830,DEV22809,24.5,Medium,29.5,Low,1,1,Post-Termination Activity,1,0,0,Critical,High,False,1,1 critical detection(s),Prioritize investigation of critical telemetry and validate affected account and asset.
448,EMP11127,Kritika Gole,IT,Executive,Inactive,Data Center,WS-11127,DEV53412,24.5,Medium,29.5,Low,1,1,Post-Termination Activity,1,0,0,Critical,High,False,1,1 critical detection(s),Prioritize investigation of critical telemetry and validate affected account and asset.
449,EMP12470,Saanvi Manda,Finance,Consultant,Inactive,Data Center,LPT-12470,DEV34148,24.5,Medium,29.5,Low,1,1,Post-Termination Activity,1,0,0,Critical,High,False,1,1 critical detection(s),Prioritize investigation of critical telemetry and validate affected account and asset.
450,EMP12712,Dayita Char,IT,Director,Disabled,Work From Home,VDR-12712,DEV37319,24.5,Medium,29.5,Low,1,1,Post-Termination Activity,1,0,0,Critical,High,False,1,1 critical detection(s),Prioritize investigation of critical telemetry and validate affected account and asset.
451,EMP12168,Balendra Taneja,Finance,Director,Active,Remote,,DEV47904,29.0,Medium,29.0,Low,1,1,Identity / Hostname Mismatch,0,0,1,Medium,Medium,False,1,1 threat detection(s),Review detection evidence and validate identity and asset context.
452,EMP12341,Vedhika Raj,Human Resources,Engineer,Active,Work From Home,WS-12341,,29.0,Medium,29.0,Low,1,1,Identity / Hostname Mismatch,0,0,1,Medium,Medium,False,0,1 threat detection(s),Review detection evidence and validate identity and asset context.
453,EMP10373,Teerth Sandal,People,Analyst,Inactive,Data Center,LPT-10373,,24.0,Low,29.0,Low,1,1,Post-Termination Activity,1,0,0,Critical,High,False,0,1 critical detection(s),Prioritize investigation of critical telemetry and validate affected account and asset.
454,EMP10657,Kala Contractor,Operations,Director,Disabled,,LPT-10657,DEV66010,24.0,Low,29.0,Low,1,1,Post-Termination Activity,1,0,0,Critical,High,False,1,1 critical detection(s),Prioritize investigation of critical telemetry and validate affected account and asset.
455,EMP10702,Anjali Merchant,Marketing,Trainee,Inactive,,LPT-10702,DEV78597,24.0,Low,29.0,Low,1,1,Post-Termination Activity,1,0,0,Critical,High,False,1,1 critical detection(s),Prioritize investigation of critical telemetry and validate affected account and asset.
456,EMP10877,Amara Sawhney,Human Resources,Director,Disabled,Remote,VDR-10877,,24.0,Low,29.0,Low,1,1,Post-Termination Activity,1,0,0,Critical,Medium,False,0,1 critical detection(s),Prioritize investigation of critical telemetry and validate affected account and asset.
457,EMP11035,Umang Dugal,R&D,Manager,Inactive,Remote,LPT-11035,DEV89761,24.0,Low,29.0,Low,1,1,Post-Termination Activity,1,0,0,Critical,High,False,1,1 critical detection(s),Prioritize investigation of critical telemetry and validate affected account and asset.
458,EMP11251,Amrita Balakrishnan,Procurement,Director,Inactive,,VDR-11251,,24.0,Low,29.0,Low,1,1,Post-Termination Activity,1,0,0,Critical,High,False,0,1 critical detection(s),Prioritize investigation of critical telemetry and validate affected account and asset.
459,EMP11700,Bahadurjit Ratta,Sales,Administrator,Disabled,Regional Office,LPT-11700,DEV57681,24.0,Low,29.0,Low,1,1,Post-Termination Activity,1,0,0,Critical,Medium,False,1,1 critical detection(s),Prioritize investigation of critical telemetry and validate affected account and asset.
460,EMP12159,Mitesh Chaudhry,R&D,Consultant,Inactive,Branch Office,VDR-12159,DEV60002,24.0,Low,29.0,Low,1,1,Post-Termination Activity,1,0,0,Critical,High,False,1,1 critical detection(s),Prioritize investigation of critical telemetry and validate affected account and asset.
461,EMP12618,Mohini Kaul,Finance,Executive,Inactive,Branch Office,VDR-12618,DEV88082,24.0,Low,29.0,Low,1,1,Post-Termination Activity,1,0,0,Critical,High,False,1,1 critical detection(s),Prioritize investigation of critical telemetry and validate affected account and asset.
462,EMP12697,Damini Dara,Finance,Officer,Inactive,Branch Office,LPT-12697,DEV34060,24.0,Low,29.0,Low,1,1,Post-Termination Activity,1,0,0,Critical,High,False,1,1 critical detection(s),Prioritize investigation of critical telemetry and validate affected account and asset.
463,EMP12332,Shravya Mand,People,Consultant,Inactive,Regional Office,,DEV39132,19.0,Low,29.0,Low,2,2,Identity / Hostname Mismatch | Post-Termination Activity,1,0,1,Critical,High,False,1,2 distinct threat types; 1 critical detection(s),"Immediate investigation: correlate endpoint, IAM and identity evidence; validate affected account and assets."
464,EMP10229,Bhavna Dass,Brand,Specialist,Active,,,DEV42311,28.5,Medium,28.5,Low,1,1,Identity / Hostname Mismatch,0,0,1,Medium,Medium,False,1,1 threat detection(s),Review detection evidence and validate identity and asset context.
465,EMP10636,Udyati Dubey,Finance,Engineer,Active,Head Office,LPT-10636,DEV34215,28.5,Medium,28.5,Low,1,1,Identity / Hostname Mismatch,0,0,1,Medium,Medium,False,1,1 threat detection(s),Review detection evidence and validate identity and asset context.
466,EMP10776,Ijaya Goda,Operations,Executive,Active,Branch Office,VDR-10776,DEV14546,28.5,Medium,28.5,Low,1,1,Identity / Hostname Mismatch,0,0,1,Medium,Medium,False,1,1 threat detection(s),Review detection evidence and validate identity and asset context.
467,EMP10349,Vedant Kashyap,Legal,Engineer,Inactive,Head Office,LPT-10349,DEV21300,23.5,Low,28.5,Low,1,1,Post-Termination Activity,1,0,0,Critical,Medium,False,1,1 critical detection(s),Prioritize investigation of critical telemetry and validate affected account and asset.
468,EMP11883,Falak Handa,Customer Support,Manager,Inactive,Work From Home,VDR-11883,DEV81950,23.5,Low,28.5,Low,1,1,Post-Termination Activity,1,0,0,Critical,High,False,1,1 critical detection(s),Prioritize investigation of critical telemetry and validate affected account and asset.
469,EMP12184,Manan Sharaf,Operations,Analyst,Disabled,Regional Office,VDR-12184,DEV17966,23.5,Low,28.5,Low,1,1,Post-Termination Activity,1,0,0,Critical,High,False,1,1 critical detection(s),Prioritize investigation of critical telemetry and validate affected account and asset.
470,EMP12490,Laban Sridhar,Human Resources,Trainee,Inactive,Data Center,VDR-12490,,23.5,Low,28.5,Low,1,1,Post-Termination Activity,1,0,0,Critical,High,False,0,1 critical detection(s),Prioritize investigation of critical telemetry and validate affected account and asset.
471,EMP12555,Fitan Dada,Legal,Manager,Disabled,Regional Office,WS-12555,,23.5,Low,28.5,Low,1,1,Post-Termination Activity,1,0,0,Critical,High,False,0,1 critical detection(s),Prioritize investigation of critical telemetry and validate affected account and asset.
472,EMP12137,Logan Ramakrishnan,Innovation,Director,Active,Warehouse,VDR-12137,DEV72539,28.0,Medium,28.0,Low,1,1,Suspicious Administrative Activity,0,1,0,High,Medium,False,1,1 high-severity detection(s),Review high-severity detections and correlate supporting IAM and endpoint evidence.
473,EMP11693,Madhav Murthy,Sales,Officer,Active,Data Center,,DEV64571,28.0,Medium,28.0,Low,1,1,Identity / Hostname Mismatch,0,0,1,Medium,Medium,False,1,1 threat detection(s),Review detection evidence and validate identity and asset context.
474,EMP12804,Libni Guha,Human Resources,Specialist,Active,Regional Office,VDR-12804,DEV22144,28.0,Medium,28.0,Low,1,1,Identity / Hostname Mismatch,0,0,1,Medium,Medium,False,1,1 threat detection(s),Review detection evidence and validate identity and asset context.
475,EMP10047,Neel Acharya,Sales,Consultant,Inactive,Data Center,LPT-10047,DEV97062,23.0,Low,28.0,Low,1,1,Post-Termination Activity,1,0,0,Critical,High,False,1,1 critical detection(s),Prioritize investigation of critical telemetry and validate affected account and asset.
476,EMP11208,Utkarsh Tata,Marketing,Officer,Inactive,Regional Office,LPT-11208,DEV69055,23.0,Low,28.0,Low,1,1,Post-Termination Activity,1,0,0,Critical,High,False,1,1 critical detection(s),Prioritize investigation of critical telemetry and validate affected account and asset.
477,EMP11403,Raksha Saxena,Customer Support,Manager,Inactive,Branch Office,LPT-11403,DEV67357,23.0,Low,28.0,Low,1,1,Post-Termination Activity,1,0,0,Critical,Medium,False,1,1 critical detection(s),Prioritize investigation of critical telemetry and validate affected account and asset.
478,EMP11902,Forum Bala,Customer Support,Administrator,Inactive,Regional Office,LPT-11902,DEV45626,23.0,Low,28.0,Low,1,1,Post-Termination Activity,1,0,0,Critical,High,False,1,1 critical detection(s),Prioritize investigation of critical telemetry and validate affected account and asset.
479,EMP11903,Amruta Modi,Sales,Administrator,Inactive,Remote,LPT-11903,DEV97614,23.0,Low,28.0,Low,1,1,Post-Termination Activity,1,0,0,Critical,High,False,1,1 critical detection(s),Prioritize investigation of critical telemetry and validate affected account and asset.
480,EMP11970,Devansh Sule,IT,Engineer,Inactive,Work From Home,LPT-11970,DEV78191,23.0,Low,28.0,Low,1,1,Post-Termination Activity,1,0,0,Critical,High,False,1,1 critical detection(s),Prioritize investigation of critical telemetry and validate affected account and asset.
481,EMP12299,Arunima Dube,Sales,Director,Inactive,Regional Office,LPT-12299,,23.0,Low,28.0,Low,1,1,Post-Termination Activity,1,0,0,Critical,High,False,0,1 critical detection(s),Prioritize investigation of critical telemetry and validate affected account and asset.
482,EMP12929,Triveni Prasad,R&D,Engineer,Disabled,,WS-12929,DEV60371,23.0,Low,28.0,Low,1,1,Post-Termination Activity,1,0,0,Critical,High,False,1,1 critical detection(s),Prioritize investigation of critical telemetry and validate affected account and asset.
483,EMP10588,Gaurav Kibe,Finance,Trainee,Active,Head Office,VDR-10588,DEV91087,27.5,Medium,27.5,Low,1,1,Suspicious Administrative Activity,0,1,0,High,High,False,1,1 high-severity detection(s),Review high-severity detections and correlate supporting IAM and endpoint evidence.
484,EMP11722,Jyoti Gaba,Sales,Specialist,Active,Work From Home,WS-11722,DEV57308,27.5,Medium,27.5,Low,1,1,Suspicious Administrative Activity,0,1,0,High,High,False,1,1 high-severity detection(s),Review high-severity detections and correlate supporting IAM and endpoint evidence.
485,EMP10315,Girindra Pathak,Human Resources,Executive,Active,Remote,VDR-10315,DEV28528,27.5,Medium,27.5,Low,1,1,Identity / Hostname Mismatch,0,0,1,Medium,Medium,False,1,1 threat detection(s),Review detection evidence and validate identity and asset context.
486,EMP12792,Hemal Anne,Customer Support,Specialist,Active,Remote,,DEV45125,27.5,Medium,27.5,Low,1,1,Identity / Hostname Mismatch,0,0,1,Medium,Medium,False,1,1 threat detection(s),Review detection evidence and validate identity and asset context.
487,EMP11819,Nitara Dass,Legal,Manager,Disabled,Warehouse,WS-11819,DEV56500,22.5,Low,27.5,Low,1,1,Post-Termination Activity,1,0,0,Critical,High,False,1,1 critical detection(s),Prioritize investigation of critical telemetry and validate affected account and asset.
488,EMP12131,Chaaya Sodhi,Customer Support,Officer,Inactive,Regional Office,VDR-12131,DEV47980,22.5,Low,27.5,Low,1,1,Post-Termination Activity,1,0,0,Critical,High,False,1,1 critical detection(s),Prioritize investigation of critical telemetry and validate affected account and asset.
489,EMP12824,Dominic Borde,Operations,Consultant,Inactive,Warehouse,LPT-12824,DEV47144,22.5,Low,27.5,Low,1,1,Post-Termination Activity,1,0,0,Critical,High,False,1,1 critical detection(s),Prioritize investigation of critical telemetry and validate affected account and asset.
490,EMP10695,Charita Dhingra,Legal,Director,Active,Data Center,WS-10695,DEV81449,27.0,Medium,27.0,Low,1,1,Suspicious Administrative Activity,0,1,0,High,High,False,1,1 high-severity detection(s),Review high-severity detections and correlate supporting IAM and endpoint evidence.
491,EMP12020,Wyatt Sharaf,Procurement,Analyst,Active,Warehouse,VDR-12020,,27.0,Medium,27.0,Low,1,1,Suspicious Administrative Activity,0,1,0,High,High,False,0,1 high-severity detection(s),Review high-severity detections and correlate supporting IAM and endpoint evidence.
492,EMP11517,Anita Dutt,Human Resources,Engineer,Active,Branch Office,WS-11517,DEV75769,27.0,Medium,27.0,Low,1,1,Identity / Hostname Mismatch,0,0,1,Medium,Medium,False,1,1 threat detection(s),Review detection evidence and validate identity and asset context.
493,EMP11752,Nachiket Singh,Legal,Consultant,Active,Branch Office,VDR-11752,DEV71509,27.0,Medium,27.0,Low,1,1,Identity / Hostname Mismatch,0,0,1,Medium,Medium,False,1,1 threat detection(s),Review detection evidence and validate identity and asset context.
494,EMP10331,Janaki Hegde,Human Resources,Officer,Disabled,Data Center,LPT-10331,DEV66314,22.0,Low,27.0,Low,1,1,Post-Termination Activity,1,0,0,Critical,High,False,1,1 critical detection(s),Prioritize investigation of critical telemetry and validate affected account and asset.
495,EMP12228,Falguni Thaman,Operations,Analyst,Disabled,Data Center,LPT-12228,DEV17722,22.0,Low,27.0,Low,1,1,Post-Termination Activity,1,0,0,Critical,High,False,1,1 critical detection(s),Prioritize investigation of critical telemetry and validate affected account and asset.
496,EMP12396,Tanay Dani,IT,Consultant,Inactive,Head Office,WS-12396,DEV64209,22.0,Low,27.0,Low,1,1,Post-Termination Activity,1,0,0,Critical,High,False,1,1 critical detection(s),Prioritize investigation of critical telemetry and validate affected account and asset.
497,EMP11564,Ikbal Bumb,Operations,Executive,Active,Remote,,DEV73878,26.5,Medium,26.5,Low,1,1,Identity / Hostname Mismatch,0,0,1,Medium,Medium,False,1,1 threat detection(s),Review detection evidence and validate identity and asset context.
498,EMP12176,Theodore Chander,IT,Engineer,Active,Warehouse,,DEV39990,26.5,Medium,26.5,Low,1,1,Identity / Hostname Mismatch,0,0,1,Medium,Medium,False,1,1 threat detection(s),Review detection evidence and validate identity and asset context.
499,EMP12447,Umang Sharma,IT,Executive,Active,Regional Office,,DEV59397,26.5,Medium,26.5,Low,1,1,Identity / Hostname Mismatch,0,0,1,Medium,Medium,False,1,1 threat detection(s),Review detection evidence and validate identity and asset context.
500,EMP12607,Alka Ranganathan,Finance,Engineer,Active,Work From Home,,DEV25527,26.5,Medium,26.5,Low,1,1,Identity / Hostname Mismatch,0,0,1,Medium,Medium,False,1,1 threat detection(s),Review detection evidence and validate identity and asset context.
501,EMP10503,Girish Dyal,Sales,Manager,Inactive,Remote,VDR-10503,DEV19149,21.5,Low,26.5,Low,1,1,Post-Termination Activity,1,0,0,Critical,High,False,1,1 critical detection(s),Prioritize investigation of critical telemetry and validate affected account and asset.
502,EMP11237,Meera Srinivasan,Legal,Trainee,Disabled,,VDR-11237,DEV45608,21.5,Low,26.5,Low,1,1,Post-Termination Activity,1,0,0,Critical,High,False,1,1 critical detection(s),Prioritize investigation of critical telemetry and validate affected account and asset.
503,EMP12033,Jason Lanka,Customer Support,Executive,Disabled,Work From Home,VDR-12033,DEV54909,21.5,Low,26.5,Low,1,1,Post-Termination Activity,1,0,0,Critical,High,False,1,1 critical detection(s),Prioritize investigation of critical telemetry and validate affected account and asset.
504,EMP11912,Vinaya Ravi,Human Resources,Consultant,Active,Branch Office,VDR-11912,DEV25568,26.0,Medium,26.0,Low,1,1,Identity / Hostname Mismatch,0,0,1,Medium,Medium,False,1,1 threat detection(s),Review detection evidence and validate identity and asset context.
505,EMP10369,Jasmit Buch,Customer Support,Analyst,Disabled,,WS-10369,,21.0,Low,26.0,Low,1,1,Post-Termination Activity,1,0,0,Critical,High,False,0,1 critical detection(s),Prioritize investigation of critical telemetry and validate affected account and asset.
506,EMP10501,Dominic Mand,Human Resources,Executive,Disabled,Regional Office,VDR-10501,DEV17128,21.0,Low,26.0,Low,1,1,Post-Termination Activity,1,0,0,Critical,High,False,1,1 critical detection(s),Prioritize investigation of critical telemetry and validate affected account and asset.
507,EMP10607,Atharv Saran,Marketing,Analyst,Disabled,Remote,LPT-10607,DEV38157,21.0,Low,26.0,Low,1,1,Post-Termination Activity,1,0,0,Critical,Medium,False,1,1 critical detection(s),Prioritize investigation of critical telemetry and validate affected account and asset.
508,EMP10682,Dhruv Sami,R&D,Trainee,Inactive,Branch Office,LPT-10682,DEV28837,21.0,Low,26.0,Low,1,1,Post-Termination Activity,1,0,0,Critical,High,False,1,1 critical detection(s),Prioritize investigation of critical telemetry and validate affected account and asset.
509,EMP10972,Zaitra Hayre,Operations,Manager,Inactive,Work From Home,LPT-10972,DEV18126,21.0,Low,26.0,Low,1,1,Post-Termination Activity,1,0,0,Critical,High,False,1,1 critical detection(s),Prioritize investigation of critical telemetry and validate affected account and asset.
510,EMP11077,Veer Sekhon,Sales,Manager,Disabled,Warehouse,WS-11077,DEV26700,21.0,Low,26.0,Low,1,1,Post-Termination Activity,1,0,0,Critical,High,False,1,1 critical detection(s),Prioritize investigation of critical telemetry and validate affected account and asset.
511,EMP11398,Yauvani Chacko,Human Resources,Manager,Inactive,,LPT-11398,DEV37221,21.0,Low,26.0,Low,1,1,Post-Termination Activity,1,0,0,Critical,Medium,False,1,1 critical detection(s),Prioritize investigation of critical telemetry and validate affected account and asset.
512,EMP11458,Agastya Wali,Customer Support,Consultant,Disabled,,WS-11458,DEV53917,21.0,Low,26.0,Low,1,1,Post-Termination Activity,1,0,0,Critical,High,False,1,1 critical detection(s),Prioritize investigation of critical telemetry and validate affected account and asset.
513,EMP11628,Gautami Chaudhry,IT,Director,Disabled,Regional Office,VDR-11628,DEV78679,21.0,Low,26.0,Low,1,1,Post-Termination Activity,1,0,0,Critical,Medium,False,1,1 critical detection(s),Prioritize investigation of critical telemetry and validate affected account and asset.
514,EMP12527,Joshua Dash,Operations,Manager,Disabled,Work From Home,VDR-12527,,21.0,Low,26.0,Low,1,1,Post-Termination Activity,1,0,0,Critical,High,False,0,1 critical detection(s),Prioritize investigation of critical telemetry and validate affected account and asset.
515,EMP12847,Faraj Shanker,Human Resources,Analyst,Disabled,,VDR-12847,DEV61556,21.0,Low,26.0,Low,1,1,Post-Termination Activity,1,0,0,Critical,High,False,1,1 critical detection(s),Prioritize investigation of critical telemetry and validate affected account and asset.
516,EMP11630,Lakshmi Lalla,Procurement,Analyst,Inactive,Head Office,WS-11630,DEV37004,25.5,Medium,25.5,Low,1,1,Suspicious Administrative Activity,0,1,0,High,High,False,1,1 high-severity detection(s),Review high-severity detections and correlate supporting IAM and endpoint evidence.
517,EMP11573,Jagrati Dutt,Sales,Director,Active,Work From Home,,DEV94683,25.5,Medium,25.5,Low,1,1,Identity / Hostname Mismatch,0,0,1,Medium,Medium,False,1,1 threat detection(s),Review detection evidence and validate identity and asset context.
518,EMP10129,Harsh Shukla,IT,Director,Inactive,Remote,LPT-10129,DEV26011,20.5,Low,25.5,Low,1,1,Post-Termination Activity,1,0,0,Critical,Medium,False,1,1 critical detection(s),Prioritize investigation of critical telemetry and validate affected account and asset.
519,EMP10266,Abhimanyu Gade,Procurement,Officer,Inactive,Branch Office,WS-10266,DEV37379,20.5,Low,25.5,Low,1,1,Post-Termination Activity,1,0,0,Critical,High,False,1,1 critical detection(s),Prioritize investigation of critical telemetry and validate affected account and asset.
520,EMP10367,Abeer Nori,Sales,Trainee,Disabled,Remote,WS-10367,DEV44735,20.5,Low,25.5,Low,1,1,Post-Termination Activity,1,0,0,Critical,High,False,1,1 critical detection(s),Prioritize investigation of critical telemetry and validate affected account and asset.
521,EMP10703,Rachana Nath,Customer Support,Specialist,Inactive,Remote,VDR-10703,DEV16917,20.5,Low,25.5,Low,1,1,Post-Termination Activity,1,0,0,Critical,High,False,1,1 critical detection(s),Prioritize investigation of critical telemetry and validate affected account and asset.
522,EMP10438,Urmi Gulati,Marketing,Administrator,Active,,VDR-10438,,25.0,Medium,25.0,Low,1,1,Suspicious Administrative Activity,0,1,0,High,High,False,0,1 high-severity detection(s),Review high-severity detections and correlate supporting IAM and endpoint evidence.
523,EMP12760,Vrishti Mall,IT,Engineer,Active,Warehouse,WS-12760,DEV95069,25.0,Medium,25.0,Low,1,1,Suspicious Administrative Activity,0,1,0,High,High,False,1,1 high-severity detection(s),Review high-severity detections and correlate supporting IAM and endpoint evidence.
524,EMP10935,Ojas Barad,Operations,Manager,Active,Work From Home,,DEV64732,25.0,Medium,25.0,Low,1,1,Identity / Hostname Mismatch,0,0,1,Medium,Medium,False,1,1 threat detection(s),Review detection evidence and validate identity and asset context.
525,EMP12517,Nakul Dave,Sales,Trainee,Active,Data Center,,DEV69891,25.0,Medium,25.0,Low,1,1,Identity / Hostname Mismatch,0,0,1,Medium,Medium,False,1,1 threat detection(s),Review detection evidence and validate identity and asset context.
526,EMP10474,Ekani Wadhwa,Operations,Officer,Inactive,,VDR-10474,DEV84794,20.0,Low,25.0,Low,1,1,Post-Termination Activity,1,0,0,Critical,High,False,1,1 critical detection(s),Prioritize investigation of critical telemetry and validate affected account and asset.
527,EMP12540,Kashvi Gulati,Finance,Executive,Disabled,Remote,LPT-12540,DEV44736,20.0,Low,25.0,Low,1,1,Post-Termination Activity,1,0,0,Critical,High,False,1,1 critical detection(s),Prioritize investigation of critical telemetry and validate affected account and asset.
528,EMP12574,Vanya Rana,Sales,Trainee,Inactive,Head Office,LPT-12574,DEV78601,20.0,Low,25.0,Low,1,1,Post-Termination Activity,1,0,0,Critical,High,False,1,1 critical detection(s),Prioritize investigation of critical telemetry and validate affected account and asset.
529,EMP10543,Bhavna Ramesh,R&D,Engineer,Active,Work From Home,WS-10543,DEV70142,24.5,Medium,24.5,Low,1,1,Identity / Hostname Mismatch,0,0,1,Medium,Medium,False,1,1 threat detection(s),Review detection evidence and validate identity and asset context.
530,EMP11571,Vidhi Bansal,R&D,Trainee,Active,,LPT-11571,DEV49320,24.5,Medium,24.5,Low,1,1,Identity / Hostname Mismatch,0,0,1,Medium,Medium,False,1,1 threat detection(s),Review detection evidence and validate identity and asset context.
531,EMP12237,Guneet Zacharia,Supply Chain,Director,Active,Branch Office,,DEV34009,24.5,Medium,24.5,Low,1,1,Identity / Hostname Mismatch,0,0,1,Medium,Medium,False,1,1 threat detection(s),Review detection evidence and validate identity and asset context.
532,EMP11896,Urmi Pall,Finance,Engineer,Inactive,Data Center,WS-11896,,19.5,Low,24.5,Low,1,1,Post-Termination Activity,1,0,0,Critical,High,False,0,1 critical detection(s),Prioritize investigation of critical telemetry and validate affected account and asset.
533,EMP12154,Aadi Sidhu,IT,Officer,Inactive,Warehouse,VDR-12154,,19.5,Low,24.5,Low,1,1,Post-Termination Activity,1,0,0,Critical,High,False,0,1 critical detection(s),Prioritize investigation of critical telemetry and validate affected account and asset.
534,EMP12437,Reva Nanda,Sales,Executive,Inactive,Work From Home,VDR-12437,DEV37106,19.5,Low,24.5,Low,1,1,Post-Termination Activity,1,0,0,Critical,High,False,1,1 critical detection(s),Prioritize investigation of critical telemetry and validate affected account and asset.
535,EMP11355,Finn Bahl,R&D,Specialist,Active,Branch Office,WS-11355,DEV64899,24.0,Low,24.0,Low,1,1,Malware + Lateral Movement,0,1,0,High,Medium,False,1,1 high-severity detection(s),Review high-severity detections and correlate supporting IAM and endpoint evidence.
536,EMP11589,Gaurangi Patel,Operations,Trainee,Active,,VDR-11589,DEV44494,24.0,Low,24.0,Low,1,1,Suspicious Administrative Activity,0,1,0,High,High,False,1,1 high-severity detection(s),Review high-severity detections and correlate supporting IAM and endpoint evidence.
537,EMP12921,Kashvi Vala,Procurement,Trainee,Active,Warehouse,LPT-12921,DEV28628,24.0,Low,24.0,Low,1,1,Suspicious Administrative Activity,0,1,0,High,High,False,1,1 high-severity detection(s),Review high-severity detections and correlate supporting IAM and endpoint evidence.
538,EMP10547,Tristan Mukherjee,Sales,Trainee,Active,Regional Office,,DEV40783,24.0,Low,24.0,Low,1,1,Identity / Hostname Mismatch,0,0,1,Medium,Medium,False,1,1 threat detection(s),Review detection evidence and validate identity and asset context.
539,EMP11259,Kashish Chaudhari,Human Resources,Executive,Active,Data Center,,,24.0,Low,24.0,Low,1,1,Identity / Hostname Mismatch,0,0,1,Medium,Medium,False,0,1 threat detection(s),Review detection evidence and validate identity and asset context.
540,EMP10024,Krishna Narang,Human Resources,Analyst,Disabled,Data Center,VDR-10024,,19.0,Low,24.0,Low,1,1,Post-Termination Activity,1,0,0,Critical,High,False,0,1 critical detection(s),Prioritize investigation of critical telemetry and validate affected account and asset.
541,EMP10840,Azad Hora,Human Resources,Executive,Disabled,Branch Office,LPT-10840,DEV42189,19.0,Low,24.0,Low,1,1,Post-Termination Activity,1,0,0,Critical,Medium,False,1,1 critical detection(s),Prioritize investigation of critical telemetry and validate affected account and asset.
542,EMP12156,Oscar Tak,Legal,Specialist,Disabled,,VDR-12156,DEV90924,19.0,Low,24.0,Low,1,1,Post-Termination Activity,1,0,0,Critical,High,False,1,1 critical detection(s),Prioritize investigation of critical telemetry and validate affected account and asset.
543,EMP12198,Abhiram Bhatt,Customer Support,Analyst,Inactive,Regional Office,VDR-12198,DEV83013,19.0,Low,24.0,Low,1,1,Post-Termination Activity,1,0,0,Critical,High,False,1,1 critical detection(s),Prioritize investigation of critical telemetry and validate affected account and asset.
544,EMP12349,Chanchal Bobal,Human Resources,Engineer,Inactive,,LPT-12349,DEV66360,19.0,Low,24.0,Low,1,1,Post-Termination Activity,1,0,0,Critical,High,False,1,1 critical detection(s),Prioritize investigation of critical telemetry and validate affected account and asset.
545,EMP12458,Pavani Kara,Legal,Director,Inactive,Remote,VDR-12458,DEV88882,19.0,Low,24.0,Low,1,1,Post-Termination Activity,1,0,0,Critical,High,False,1,1 critical detection(s),Prioritize investigation of critical telemetry and validate affected account and asset.
546,EMP10996,Oeshi Bal,Finance,Manager,Active,Remote,,DEV78002,23.5,Low,23.5,Low,1,1,Identity / Hostname Mismatch,0,0,1,Medium,Medium,False,1,1 threat detection(s),Review detection evidence and validate identity and asset context.
547,EMP11859,Aachal Sarraf,Sales,Specialist,Active,,,DEV44782,23.5,Low,23.5,Low,1,1,Identity / Hostname Mismatch,0,0,1,Medium,Medium,True,2,1 threat detection(s),Review detection evidence and validate identity and asset context.
548,EMP10427,Mahika Sura,Legal,Analyst,Disabled,Warehouse,VDR-10427,DEV84978,18.5,Low,23.5,Low,1,1,Post-Termination Activity,1,0,0,Critical,High,False,1,1 critical detection(s),Prioritize investigation of critical telemetry and validate affected account and asset.
549,EMP10476,Jason Parmar,Finance,Administrator,Disabled,Regional Office,WS-10476,DEV29192,18.5,Low,23.5,Low,1,1,Post-Termination Activity,1,0,0,Critical,Medium,False,1,1 critical detection(s),Prioritize investigation of critical telemetry and validate affected account and asset.
550,EMP12136,Raksha Bhalla,Human Resources,Executive,Disabled,Warehouse,WS-12136,DEV98387,18.5,Low,23.5,Low,1,1,Post-Termination Activity,1,0,0,Critical,Medium,False,1,1 critical detection(s),Prioritize investigation of critical telemetry and validate affected account and asset.
551,EMP12189,Neel Shankar,Operations,Administrator,Disabled,Remote,WS-12189,,18.5,Low,23.5,Low,1,1,Post-Termination Activity,1,0,0,Critical,High,False,0,1 critical detection(s),Prioritize investigation of critical telemetry and validate affected account and asset.
552,EMP12216,Urvashi Handa,Customer Support,Analyst,Inactive,Work From Home,VDR-12216,DEV58305,18.5,Low,23.5,Low,1,1,Post-Termination Activity,1,0,0,Critical,High,False,1,1 critical detection(s),Prioritize investigation of critical telemetry and validate affected account and asset.
553,EMP10211,Krishna Seth,Operations,Director,Active,,WS-10211,DEV77499,23.0,Low,23.0,Low,1,1,Suspicious Administrative Activity,0,1,0,High,High,False,1,1 high-severity detection(s),Review high-severity detections and correlate supporting IAM and endpoint evidence.
554,EMP10921,Arunima Dhingra,Customer Support,Officer,Active,Remote,LPT-10921,DEV22166,23.0,Low,23.0,Low,1,1,Suspicious Administrative Activity,0,1,0,High,Medium,False,1,1 high-severity detection(s),Review high-severity detections and correlate supporting IAM and endpoint evidence.
555,EMP12630,Darpan Kadakia,R&D,Consultant,On Leave,,VDR-12630,DEV82096,23.0,Low,23.0,Low,1,1,Suspicious Administrative Activity,0,1,0,High,High,False,1,1 high-severity detection(s),Review high-severity detections and correlate supporting IAM and endpoint evidence.
556,EMP12605,Tripti Chander,Customer Support,Analyst,Inactive,Data Center,,DEV44035,23.0,Low,23.0,Low,1,1,Identity / Hostname Mismatch,0,0,1,Medium,Medium,False,1,1 threat detection(s),Review detection evidence and validate identity and asset context.
557,EMP12732,Zehaan Dar,Compliance,Consultant,Active,Branch Office,,DEV53186,23.0,Low,23.0,Low,1,1,Identity / Hostname Mismatch,0,0,1,Medium,Medium,False,1,1 threat detection(s),Review detection evidence and validate identity and asset context.
558,EMP11202,Isaiah Dave,Compliance,Trainee,Inactive,Branch Office,LPT-11202,DEV37720,18.0,Low,23.0,Low,1,1,Post-Termination Activity,1,0,0,Critical,High,False,1,1 critical detection(s),Prioritize investigation of critical telemetry and validate affected account and asset.
559,EMP12343,Anamika Anne,R&D,Analyst,Active,Remote,WS-12343,DEV42955,22.5,Low,22.5,Low,1,1,Suspicious Administrative Activity,0,1,0,High,High,False,1,1 high-severity detection(s),Review high-severity detections and correlate supporting IAM and endpoint evidence.
560,EMP10862,Gauri Nagi,Finance,Director,Active,Work From Home,,DEV88654,22.5,Low,22.5,Low,1,1,Identity / Hostname Mismatch,0,0,1,Medium,Medium,False,1,1 threat detection(s),Review detection evidence and validate identity and asset context.
561,EMP11539,Aradhana Korpal,Operations,Specialist,Active,Branch Office,,DEV29435,22.5,Low,22.5,Low,1,1,Identity / Hostname Mismatch,0,0,1,Medium,Medium,False,1,1 threat detection(s),Review detection evidence and validate identity and asset context.
562,EMP10145,Abhimanyu Dass,Marketing,Analyst,Inactive,Branch Office,WS-10145,DEV50499,17.5,Low,22.5,Low,1,1,Post-Termination Activity,1,0,0,Critical,High,False,1,1 critical detection(s),Prioritize investigation of critical telemetry and validate affected account and asset.
563,EMP10491,Lekha Wadhwa,Human Resources,Engineer,Inactive,Regional Office,VDR-10491,DEV37941,17.5,Low,22.5,Low,1,1,Post-Termination Activity,1,0,0,Critical,Medium,False,1,1 critical detection(s),Prioritize investigation of critical telemetry and validate affected account and asset.
564,EMP11925,Triya Narasimhan,Human Resources,Executive,Inactive,,LPT-11925,DEV79932,17.5,Low,22.5,Low,1,1,Post-Termination Activity,1,0,0,Critical,High,False,1,1 critical detection(s),Prioritize investigation of critical telemetry and validate affected account and asset.
565,EMP12139,Wridesh Jha,Sales,Executive,Inactive,Data Center,WS-12139,DEV98367,17.5,Low,22.5,Low,1,1,Post-Termination Activity,1,0,0,Critical,Medium,False,1,1 critical detection(s),Prioritize investigation of critical telemetry and validate affected account and asset.
566,EMP11850,Eshana Nigam,Operations,Trainee,Active,Branch Office,WS-11850,DEV65358,22.0,Low,22.0,Low,1,1,Suspicious Administrative Activity,0,1,0,High,Medium,False,1,1 high-severity detection(s),Review high-severity detections and correlate supporting IAM and endpoint evidence.
567,EMP11990,Neel Bhalla,Legal,Manager,Active,Work From Home,,DEV11957,22.0,Low,22.0,Low,1,1,Identity / Hostname Mismatch,0,0,1,Medium,Medium,False,1,1 threat detection(s),Review detection evidence and validate identity and asset context.
568,EMP12091,Chakrika Mittal,Sales,Officer,Active,Head Office,,DEV33440,22.0,Low,22.0,Low,1,1,Identity / Hostname Mismatch,0,0,1,Medium,Medium,False,1,1 threat detection(s),Review detection evidence and validate identity and asset context.
569,EMP12514,Krisha Iyengar,IT,Consultant,Active,Warehouse,,DEV66387,22.0,Low,22.0,Low,1,1,Identity / Hostname Mismatch,0,0,1,Medium,Medium,False,1,1 threat detection(s),Review detection evidence and validate identity and asset context.
570,EMP11014,Farhan Khanna,Compliance,Trainee,Inactive,,VDR-11014,DEV85378,17.0,Low,22.0,Low,1,1,Post-Termination Activity,1,0,0,Critical,Medium,False,1,1 critical detection(s),Prioritize investigation of critical telemetry and validate affected account and asset.
571,EMP11557,Oscar Kari,Sales,Executive,Disabled,Branch Office,VDR-11557,DEV27014,17.0,Low,22.0,Low,1,1,Post-Termination Activity,1,0,0,Critical,High,False,1,1 critical detection(s),Prioritize investigation of critical telemetry and validate affected account and asset.
572,EMP11869,Oni Varkey,Finance,Director,Inactive,Work From Home,LPT-11869,DEV81474,17.0,Low,22.0,Low,1,1,Post-Termination Activity,1,0,0,Critical,Medium,False,1,1 critical detection(s),Prioritize investigation of critical telemetry and validate affected account and asset.
573,EMP12274,Praneel Sastry,Supply Chain,Executive,Disabled,Head Office,WS-12274,DEV78738,17.0,Low,22.0,Low,1,1,Post-Termination Activity,1,0,0,Critical,High,False,1,1 critical detection(s),Prioritize investigation of critical telemetry and validate affected account and asset.
574,EMP12278,Liam Goda,Sales,Trainee,Disabled,,VDR-12278,DEV89150,17.0,Low,22.0,Low,1,1,Post-Termination Activity,1,0,0,Critical,High,False,1,1 critical detection(s),Prioritize investigation of critical telemetry and validate affected account and asset.
575,EMP12328,Eesha Nigam,R&D,Engineer,Inactive,Regional Office,VDR-12328,DEV34917,17.0,Low,22.0,Low,1,1,Post-Termination Activity,1,0,0,Critical,High,False,1,1 critical detection(s),Prioritize investigation of critical telemetry and validate affected account and asset.
576,EMP12466,Ojasvi Natt,Human Resources,Officer,Inactive,Data Center,LPT-12466,DEV64322,17.0,Low,22.0,Low,1,1,Post-Termination Activity,1,0,0,Critical,High,False,1,1 critical detection(s),Prioritize investigation of critical telemetry and validate affected account and asset.
577,EMP10641,Qadim Kari,R&D,Consultant,Active,Work From Home,,DEV42346,21.5,Low,21.5,Low,1,1,Identity / Hostname Mismatch,0,0,1,Medium,Medium,True,2,1 threat detection(s),Review detection evidence and validate identity and asset context.
578,EMP10824,Atharv Keer,Customer Support,Officer,Active,,,DEV72378,21.5,Low,21.5,Low,1,1,Identity / Hostname Mismatch,0,0,1,Medium,Medium,False,1,1 threat detection(s),Review detection evidence and validate identity and asset context.
579,EMP11030,Saanvi Srinivasan,Customer Support,Engineer,Active,Warehouse,,DEV81002,21.5,Low,21.5,Low,1,1,Identity / Hostname Mismatch,0,0,1,Medium,Medium,False,1,1 threat detection(s),Review detection evidence and validate identity and asset context.
580,EMP11624,Bishakha Ghose,Sales,Administrator,Active,,,DEV62984,21.5,Low,21.5,Low,1,1,Identity / Hostname Mismatch,0,0,1,Medium,Medium,False,1,1 threat detection(s),Review detection evidence and validate identity and asset context.
581,EMP12186,Yashvi Vasa,Operations,Officer,Active,,,DEV44965,21.5,Low,21.5,Low,1,1,Identity / Hostname Mismatch,0,0,1,Medium,Medium,False,1,1 threat detection(s),Review detection evidence and validate identity and asset context.
582,EMP10225,Aahana Rama,Customer Support,Specialist,Disabled,Work From Home,WS-10225,DEV29369,16.5,Low,21.5,Low,1,1,Post-Termination Activity,1,0,0,Critical,High,False,1,1 critical detection(s),Prioritize investigation of critical telemetry and validate affected account and asset.
583,EMP10537,Kiaan Hari,Finance,Trainee,Disabled,Data Center,LPT-10537,DEV36438,16.5,Low,21.5,Low,1,1,Post-Termination Activity,1,0,0,Critical,Medium,False,1,1 critical detection(s),Prioritize investigation of critical telemetry and validate affected account and asset.
584,EMP10646,Nirja Rau,People,Officer,Inactive,,LPT-10646,DEV86735,16.5,Low,21.5,Low,1,1,Post-Termination Activity,1,0,0,Critical,High,False,1,1 critical detection(s),Prioritize investigation of critical telemetry and validate affected account and asset.
585,EMP11093,Chaaya Gokhale,Procurement,Trainee,Disabled,Remote,VDR-11093,,16.5,Low,21.5,Low,1,1,Post-Termination Activity,1,0,0,Critical,Medium,False,0,1 critical detection(s),Prioritize investigation of critical telemetry and validate affected account and asset.
586,EMP11673,Arya Dhillon,Operations,Officer,Disabled,Head Office,LPT-11673,DEV26846,16.5,Low,21.5,Low,1,1,Post-Termination Activity,1,0,0,Critical,High,False,1,1 critical detection(s),Prioritize investigation of critical telemetry and validate affected account and asset.
587,EMP12634,Samarth Brar,Finance,Officer,Inactive,Work From Home,LPT-12634,,16.5,Low,21.5,Low,1,1,Post-Termination Activity,1,0,0,Critical,Medium,False,0,1 critical detection(s),Prioritize investigation of critical telemetry and validate affected account and asset.
588,EMP10444,Vedika Krishnamurthy,Legal,Manager,Active,Warehouse,VDR-10444,DEV90962,21.0,Low,21.0,Low,1,1,Suspicious Administrative Activity,0,1,0,High,Medium,False,1,1 high-severity detection(s),Review high-severity detections and correlate supporting IAM and endpoint evidence.
589,EMP11986,Yahvi Bhat,Customer Support,Specialist,Active,Branch Office,WS-11986,DEV97837,21.0,Low,21.0,Low,1,1,Suspicious Administrative Activity,0,1,0,High,High,False,1,1 high-severity detection(s),Review high-severity detections and correlate supporting IAM and endpoint evidence.
590,EMP11333,Meera Sule,Legal,Trainee,Active,Head Office,,DEV36965,21.0,Low,21.0,Low,1,1,Identity / Hostname Mismatch,0,0,1,Medium,Medium,False,1,1 threat detection(s),Review detection evidence and validate identity and asset context.
591,EMP10237,Naksh Anand,Procurement,Engineer,Inactive,Warehouse,VDR-10237,DEV14888,16.0,Low,21.0,Low,1,1,Post-Termination Activity,1,0,0,Critical,High,False,1,1 critical detection(s),Prioritize investigation of critical telemetry and validate affected account and asset.
592,EMP10356,Samaksh Munshi,Legal,Engineer,Inactive,Remote,LPT-10356,DEV64559,16.0,Low,21.0,Low,1,1,Post-Termination Activity,1,0,0,Critical,High,False,1,1 critical detection(s),Prioritize investigation of critical telemetry and validate affected account and asset.
593,EMP10599,Anmol Sawhney,R&D,Analyst,Disabled,Remote,VDR-10599,DEV64519,16.0,Low,21.0,Low,1,1,Post-Termination Activity,1,0,0,Critical,High,False,1,1 critical detection(s),Prioritize investigation of critical telemetry and validate affected account and asset.
594,EMP11620,Ira Choudhury,R&D,Officer,Inactive,Work From Home,WS-11620,DEV68711,16.0,Low,21.0,Low,1,1,Post-Termination Activity,1,0,0,Critical,Medium,False,1,1 critical detection(s),Prioritize investigation of critical telemetry and validate affected account and asset.
595,EMP12511,Ekani Subramanian,Human Resources,Analyst,Inactive,,WS-12511,DEV17994,16.0,Low,21.0,Low,1,1,Post-Termination Activity,1,0,0,Critical,High,False,1,1 critical detection(s),Prioritize investigation of critical telemetry and validate affected account and asset.
596,EMP11365,Osha Modi,Sales,Administrator,Active,,WS-11365,DEV16329,20.5,Low,20.5,Low,1,1,Suspicious Administrative Activity,0,1,0,High,High,False,1,1 high-severity detection(s),Review high-severity detections and correlate supporting IAM and endpoint evidence.
597,EMP11961,Benjamin Srinivasan,Customer Support,Executive,Inactive,Work From Home,VDR-11961,DEV78664,20.5,Low,20.5,Low,1,1,Suspicious Administrative Activity,0,1,0,High,Medium,False,1,1 high-severity detection(s),Review high-severity detections and correlate supporting IAM and endpoint evidence.
598,EMP12395,Alexander Vohra,IT,Manager,Inactive,,VDR-12395,DEV31370,20.5,Low,20.5,Low,1,1,Suspicious Administrative Activity,0,1,0,High,High,False,1,1 high-severity detection(s),Review high-severity detections and correlate supporting IAM and endpoint evidence.
599,EMP11322,Agastya Subramanian,IT,Officer,Active,Data Center,LPT-11322,DEV60741,20.5,Low,20.5,Low,1,1,Identity / Hostname Mismatch,0,0,1,Medium,Medium,False,1,1 threat detection(s),Review detection evidence and validate identity and asset context.
600,EMP11397,Kalpit Palla,Sales,Trainee,Active,,,,20.5,Low,20.5,Low,1,1,Identity / Hostname Mismatch,0,0,1,Medium,Medium,False,0,1 threat detection(s),Review detection evidence and validate identity and asset context.
601,EMP12416,Harish Bhatia,Legal,Engineer,Active,Head Office,,DEV87517,20.5,Low,20.5,Low,1,1,Identity / Hostname Mismatch,0,0,1,Medium,Medium,False,1,1 threat detection(s),Review detection evidence and validate identity and asset context.
602,EMP10277,Januja Gera,Marketing,Officer,Disabled,Remote,LPT-10277,DEV75826,15.5,Low,20.5,Low,1,1,Post-Termination Activity,1,0,0,Critical,High,False,1,1 critical detection(s),Prioritize investigation of critical telemetry and validate affected account and asset.
603,EMP12778,Ethan Babu,Operations,Director,Inactive,Remote,LPT-12778,DEV97441,15.5,Low,20.5,Low,1,1,Post-Termination Activity,1,0,0,Critical,Medium,False,1,1 critical detection(s),Prioritize investigation of critical telemetry and validate affected account and asset.
604,EMP11364,Vrinda Ratta,R&D,Director,Active,Remote,WS-11364,DEV33163,20.0,Low,20.0,Low,1,1,Suspicious Administrative Activity,0,1,0,High,High,False,1,1 high-severity detection(s),Review high-severity detections and correlate supporting IAM and endpoint evidence.
605,EMP11931,Tamanna Ravi,IT,Analyst,Active,Work From Home,,DEV13977,20.0,Low,20.0,Low,1,1,Identity / Hostname Mismatch,0,0,1,Medium,Medium,False,1,1 threat detection(s),Review detection evidence and validate identity and asset context.
606,EMP12616,Widisha Maharaj,Customer Support,Analyst,Active,Data Center,,DEV71339,20.0,Low,20.0,Low,1,1,Identity / Hostname Mismatch,0,0,1,Medium,Medium,False,1,1 threat detection(s),Review detection evidence and validate identity and asset context.
607,EMP10675,Jackson Lad,Marketing,Analyst,Inactive,Warehouse,WS-10675,DEV93735,15.0,Low,20.0,Low,1,1,Post-Termination Activity,1,0,0,Critical,High,False,1,1 critical detection(s),Prioritize investigation of critical telemetry and validate affected account and asset.
608,EMP12948,Aadi Mohan,Operations,Consultant,Disabled,Head Office,VDR-12948,DEV37300,15.0,Low,20.0,Low,1,1,Post-Termination Activity,1,0,0,Critical,Medium,False,1,1 critical detection(s),Prioritize investigation of critical telemetry and validate affected account and asset.
609,EMP12956,Chanchal Sandal,Customer Support,Director,Inactive,Branch Office,VDR-12956,DEV23616,15.0,Low,20.0,Low,1,1,Post-Termination Activity,1,0,0,Critical,High,False,1,1 critical detection(s),Prioritize investigation of critical telemetry and validate affected account and asset.
610,EMP10056,Anvi Parmar,Supply Chain,Officer,Inactive,,VDR-10056,DEV68446,19.5,Low,19.5,Low,1,1,Suspicious Administrative Activity,0,1,0,High,High,False,1,1 high-severity detection(s),Review high-severity detections and correlate supporting IAM and endpoint evidence.
611,EMP11239,Benjamin Bhatia,Customer Support,Consultant,Active,Data Center,,DEV25027,19.5,Low,19.5,Low,1,1,Identity / Hostname Mismatch,0,0,1,Medium,Medium,False,1,1 threat detection(s),Review detection evidence and validate identity and asset context.
612,EMP11549,Nidhi Chada,Customer Support,Executive,Active,Branch Office,VDR-11549,,19.5,Low,19.5,Low,1,1,Identity / Hostname Mismatch,0,0,1,Medium,Medium,False,0,1 threat detection(s),Review detection evidence and validate identity and asset context.
613,EMP11848,Dev Nath,Customer Support,Specialist,Inactive,,VDR-11848,DEV37495,14.5,Low,19.5,Low,1,1,Post-Termination Activity,1,0,0,Critical,High,False,1,1 critical detection(s),Prioritize investigation of critical telemetry and validate affected account and asset.
614,EMP11983,Timothy Korpal,Human Resources,Executive,Disabled,Work From Home,LPT-11983,DEV48591,14.5,Low,19.5,Low,1,1,Post-Termination Activity,1,0,0,Critical,Medium,False,1,1 critical detection(s),Prioritize investigation of critical telemetry and validate affected account and asset.
615,EMP10208,Liam Agate,Sales,Specialist,Active,Data Center,VDR-10208,,19.0,Low,19.0,Low,1,1,Suspicious Administrative Activity,0,1,0,High,High,False,0,1 high-severity detection(s),Review high-severity detections and correlate supporting IAM and endpoint evidence.
616,EMP11445,Urvashi Dugar,Procurement,Officer,Active,Branch Office,VDR-11445,,19.0,Low,19.0,Low,1,1,Suspicious Administrative Activity,0,1,0,High,High,False,0,1 high-severity detection(s),Review high-severity detections and correlate supporting IAM and endpoint evidence.
617,EMP11764,Charles Subramaniam,Sales,Executive,Active,Remote,LPT-11764,DEV61211,19.0,Low,19.0,Low,1,1,Identity / Hostname Mismatch,0,0,1,Medium,Medium,False,1,1 threat detection(s),Review detection evidence and validate identity and asset context.
618,EMP12691,Meera Hora,Legal,Specialist,Active,Branch Office,,DEV40733,19.0,Low,19.0,Low,1,1,Identity / Hostname Mismatch,0,0,1,Medium,Medium,False,1,1 threat detection(s),Review detection evidence and validate identity and asset context.
619,EMP10531,Omkaar Kalita,Supply Chain,Consultant,Active,,WS-10531,DEV99208,18.5,Low,18.5,Low,1,1,Suspicious Administrative Activity,0,1,0,High,High,False,1,1 high-severity detection(s),Review high-severity detections and correlate supporting IAM and endpoint evidence.
620,EMP10634,Utkarsh Murty,Procurement,Executive,Active,Remote,LPT-10634,DEV83051,18.5,Low,18.5,Low,1,1,Suspicious Administrative Activity,0,1,0,High,High,False,1,1 high-severity detection(s),Review high-severity detections and correlate supporting IAM and endpoint evidence.
621,EMP11500,Falak Bhattacharyya,Brand,Executive,Active,Regional Office,VDR-11500,DEV26849,18.5,Low,18.5,Low,1,1,Suspicious Administrative Activity,0,1,0,High,High,False,1,1 high-severity detection(s),Review high-severity detections and correlate supporting IAM and endpoint evidence.
622,EMP12562,Xiti Murty,IT,Analyst,Inactive,Data Center,VDR-12562,DEV79348,18.5,Low,18.5,Low,1,1,Suspicious Administrative Activity,0,1,0,High,Medium,False,1,1 high-severity detection(s),Review high-severity detections and correlate supporting IAM and endpoint evidence.
623,EMP10342,Harita Bhasin,Supply Chain,Specialist,Disabled,Remote,VDR-10342,DEV13515,18.5,Low,18.5,Low,1,1,Identity / Hostname Mismatch,0,0,1,Medium,Medium,False,1,1 threat detection(s),Review detection evidence and validate identity and asset context.
624,EMP10440,Laksh Kari,IT,Specialist,Active,Warehouse,,,18.5,Low,18.5,Low,1,1,Identity / Hostname Mismatch,0,0,1,Medium,Medium,False,0,1 threat detection(s),Review detection evidence and validate identity and asset context.
625,EMP11704,Abeer Goel,Marketing,Administrator,Active,,,DEV48810,18.5,Low,18.5,Low,1,1,Identity / Hostname Mismatch,0,0,1,Medium,Medium,False,1,1 threat detection(s),Review detection evidence and validate identity and asset context.
626,EMP11770,Pranit Goel,R&D,Specialist,Active,Work From Home,,DEV26688,18.5,Low,18.5,Low,1,1,Identity / Hostname Mismatch,0,0,1,Medium,Medium,False,1,1 threat detection(s),Review detection evidence and validate identity and asset context.
627,EMP12675,Ronith Madan,Sales,Specialist,Inactive,Branch Office,LPT-12675,DEV35263,13.5,Low,18.5,Low,1,1,Post-Termination Activity,1,0,0,Critical,Medium,False,1,1 critical detection(s),Prioritize investigation of critical telemetry and validate affected account and asset.
628,EMP12414,Ishani Bava,Finance,Analyst,Active,Data Center,,,18.0,Low,18.0,Low,1,1,Identity / Hostname Mismatch,0,0,1,Medium,Medium,False,0,1 threat detection(s),Review detection evidence and validate identity and asset context.
629,EMP11285,Azad Joshi,Finance,Engineer,Active,Remote,,DEV64566,17.5,Low,17.5,Low,1,1,Identity / Hostname Mismatch,0,0,1,Medium,Medium,False,1,1 threat detection(s),Review detection evidence and validate identity and asset context.
630,EMP12040,Warjas Ratta,Customer Support,Consultant,Active,Head Office,,DEV52000,17.5,Low,17.5,Low,1,1,Identity / Hostname Mismatch,0,0,1,Medium,Medium,False,1,1 threat detection(s),Review detection evidence and validate identity and asset context.
631,EMP12614,Anusha Bhargava,Customer Support,Consultant,Active,Work From Home,,DEV11235,17.5,Low,17.5,Low,1,1,Identity / Hostname Mismatch,0,0,1,Medium,Medium,False,1,1 threat detection(s),Review detection evidence and validate identity and asset context.
632,EMP12955,Eiravati Mammen,Marketing,Engineer,Active,Warehouse,LPT-12955,DEV52542,17.5,Low,17.5,Low,1,1,Identity / Hostname Mismatch,0,0,1,Medium,Medium,False,1,1 threat detection(s),Review detection evidence and validate identity and asset context.
633,EMP12459,Amaira Dani,Operations,Officer,Active,Head Office,LPT-12459,DEV10071,17.0,Low,17.0,Low,1,1,Suspicious Administrative Activity,0,1,0,High,High,True,2,1 high-severity detection(s),Review high-severity detections and correlate supporting IAM and endpoint evidence.
634,EMP11996,Harshil Chana,IT,Manager,Active,Data Center,,DEV17338,17.0,Low,17.0,Low,1,1,Identity / Hostname Mismatch,0,0,1,Medium,Medium,False,1,1 threat detection(s),Review detection evidence and validate identity and asset context.
635,EMP12000,Indali Korpal,Legal,Director,Active,Regional Office,,DEV88159,17.0,Low,17.0,Low,1,1,Identity / Hostname Mismatch,0,0,1,Medium,Medium,False,1,1 threat detection(s),Review detection evidence and validate identity and asset context.
636,EMP12407,Chavvi Chakrabarti,Operations,Administrator,Active,,,DEV24809,17.0,Low,17.0,Low,1,1,Identity / Hostname Mismatch,0,0,1,Medium,Medium,False,1,1 threat detection(s),Review detection evidence and validate identity and asset context.
637,EMP10018,Orinder Bera,Customer Support,Executive,Inactive,Branch Office,VDR-10018,DEV72296,12.0,Low,17.0,Low,1,1,Post-Termination Activity,1,0,0,Critical,High,False,1,1 critical detection(s),Prioritize investigation of critical telemetry and validate affected account and asset.
638,EMP10102,Gaurangi Samra,Finance,Manager,Inactive,Remote,WS-10102,DEV54548,12.0,Low,17.0,Low,1,1,Post-Termination Activity,1,0,0,Critical,Medium,False,1,1 critical detection(s),Prioritize investigation of critical telemetry and validate affected account and asset.
639,EMP12480,Harita Dutta,IT,Consultant,Active,Remote,,DEV22156,16.5,Low,16.5,Low,1,1,Identity / Hostname Mismatch,0,0,1,Medium,Medium,False,1,1 threat detection(s),Review detection evidence and validate identity and asset context.
640,EMP12130,Krishna Kata,Customer Support,Specialist,Inactive,,VDR-12130,DEV68796,11.5,Low,16.5,Low,1,1,Post-Termination Activity,1,0,0,Critical,Medium,False,1,1 critical detection(s),Prioritize investigation of critical telemetry and validate affected account and asset.
641,EMP10999,Yoshita Raval,Customer Support,Manager,Active,,,DEV39850,16.0,Low,16.0,Low,1,1,Identity / Hostname Mismatch,0,0,1,Medium,Medium,False,1,1 threat detection(s),Review detection evidence and validate identity and asset context.
642,EMP11228,Tanmayi Dhar,People,Trainee,Active,Work From Home,,DEV37259,16.0,Low,16.0,Low,1,1,Identity / Hostname Mismatch,0,0,1,Medium,Medium,False,1,1 threat detection(s),Review detection evidence and validate identity and asset context.
643,EMP11981,Logan Nagi,Human Resources,Officer,Disabled,Remote,LPT-11981,DEV80158,10.5,Low,15.5,Low,1,1,Post-Termination Activity,1,0,0,Critical,Medium,False,1,1 critical detection(s),Prioritize investigation of critical telemetry and validate affected account and asset.
644,EMP10677,Aashi Nadig,Customer Support,Manager,Active,Branch Office,VDR-10677,,15.0,Low,15.0,Low,1,1,Suspicious Administrative Activity,0,1,0,High,Medium,False,0,1 high-severity detection(s),Review high-severity detections and correlate supporting IAM and endpoint evidence.
645,EMP12232,Idika Sani,Operations,Analyst,Inactive,,WS-12232,DEV43610,15.0,Low,15.0,Low,1,1,Suspicious Administrative Activity,0,1,0,High,High,False,1,1 high-severity detection(s),Review high-severity detections and correlate supporting IAM and endpoint evidence.
646,EMP10252,Darsh Bal,R&D,Analyst,Active,Remote,,DEV33590,15.0,Low,15.0,Low,1,1,Identity / Hostname Mismatch,0,0,1,Medium,Medium,False,1,1 threat detection(s),Review detection evidence and validate identity and asset context.
647,EMP11354,Vedika De,Sales,Trainee,Active,Regional Office,,DEV57432,15.0,Low,15.0,Low,1,1,Identity / Hostname Mismatch,0,0,1,Medium,Medium,False,1,1 threat detection(s),Review detection evidence and validate identity and asset context.
648,EMP11486,Ethan Mukherjee,Procurement,Director,Active,Head Office,,DEV89929,15.0,Low,15.0,Low,1,1,Identity / Hostname Mismatch,0,0,1,Medium,Medium,False,1,1 threat detection(s),Review detection evidence and validate identity and asset context.
649,EMP12122,Barkha Saini,R&D,Director,On Leave,Work From Home,VDR-12122,,15.0,Low,15.0,Low,1,1,Identity / Hostname Mismatch,0,0,1,Medium,Medium,False,0,1 threat detection(s),Review detection evidence and validate identity and asset context.
650,EMP12221,Faris Shukla,Customer Support,Consultant,Active,Regional Office,,DEV58869,15.0,Low,15.0,Low,1,1,Identity / Hostname Mismatch,0,0,1,Medium,Medium,False,1,1 threat detection(s),Review detection evidence and validate identity and asset context.
651,EMP12903,Farhan Pathak,Sales,Specialist,Active,Warehouse,,DEV81387,15.0,Low,15.0,Low,1,1,Identity / Hostname Mismatch,0,0,1,Medium,Medium,False,1,1 threat detection(s),Review detection evidence and validate identity and asset context.
652,EMP11470,Vansha Lalla,Marketing,Officer,Active,Regional Office,,DEV89249,14.5,Low,14.5,Low,1,1,Identity / Hostname Mismatch,0,0,1,Medium,Medium,False,1,1 threat detection(s),Review detection evidence and validate identity and asset context.
653,EMP11519,Jagvi Kar,Finance,Specialist,On Leave,Regional Office,,,14.5,Low,14.5,Low,1,1,Identity / Hostname Mismatch,0,0,1,Medium,Medium,False,0,1 threat detection(s),Review detection evidence and validate identity and asset context.
654,EMP12708,Pooja Kunda,Sales,Administrator,Disabled,,LPT-12708,DEV68286,9.5,Low,14.5,Low,1,1,Post-Termination Activity,1,0,0,Critical,Medium,False,1,1 critical detection(s),Prioritize investigation of critical telemetry and validate affected account and asset.
655,EMP12671,Victor Kumer,Sales,Specialist,Active,Head Office,WS-12671,DEV43953,14.0,Low,14.0,Low,1,1,Suspicious Administrative Activity,0,1,0,High,Medium,False,1,1 high-severity detection(s),Review high-severity detections and correlate supporting IAM and endpoint evidence.
656,EMP10489,Henry Ganesan,Operations,Officer,Active,Work From Home,,DEV68400,14.0,Low,14.0,Low,1,1,Identity / Hostname Mismatch,0,0,1,Medium,Medium,False,1,1 threat detection(s),Review detection evidence and validate identity and asset context.
657,EMP12875,Darika Wali,Customer Support,Executive,Active,Remote,,,14.0,Low,14.0,Low,1,1,Identity / Hostname Mismatch,0,0,1,Medium,Medium,False,0,1 threat detection(s),Review detection evidence and validate identity and asset context.
658,EMP12048,Lopa Dewan,R&D,Analyst,Active,Remote,WS-12048,DEV27009,13.5,Low,13.5,Low,1,1,Suspicious Administrative Activity,0,1,0,High,High,False,1,1 high-severity detection(s),Review high-severity detections and correlate supporting IAM and endpoint evidence.
659,EMP10275,Ira Ravi,Sales,Manager,Active,Regional Office,,,13.5,Low,13.5,Low,1,1,Identity / Hostname Mismatch,0,0,1,Medium,Medium,False,0,1 threat detection(s),Review detection evidence and validate identity and asset context.
660,EMP10871,Aahana Chaudhary,Operations,Director,Active,Branch Office,,DEV74392,13.5,Low,13.5,Low,1,1,Identity / Hostname Mismatch,0,0,1,Medium,Medium,False,1,1 threat detection(s),Review detection evidence and validate identity and asset context.
661,EMP12469,Quincy Bhandari,Finance,Administrator,Disabled,Head Office,WS-12469,DEV28581,8.5,Low,13.5,Low,1,1,Post-Termination Activity,1,0,0,Critical,High,False,1,1 critical detection(s),Prioritize investigation of critical telemetry and validate affected account and asset.
662,EMP11777,Anusha Contractor,Sales,Specialist,Active,Branch Office,WS-11777,,13.0,Low,13.0,Low,1,1,Identity / Hostname Mismatch,0,0,1,Medium,Medium,False,0,1 threat detection(s),Review detection evidence and validate identity and asset context.
663,EMP12142,Onveer Bumb,IT,Administrator,Active,,,,13.0,Low,13.0,Low,1,1,Identity / Hostname Mismatch,0,0,1,Medium,Medium,False,0,1 threat detection(s),Review detection evidence and validate identity and asset context.
664,EMP10647,Vedant Kumer,Finance,Trainee,Inactive,Warehouse,VDR-10647,DEV36467,8.0,Low,13.0,Low,1,1,Post-Termination Activity,1,0,0,Critical,Medium,False,1,1 critical detection(s),Prioritize investigation of critical telemetry and validate affected account and asset.
665,EMP12094,Gautam Samra,Procurement,Administrator,Disabled,Data Center,LPT-12094,,8.0,Low,13.0,Low,1,1,Post-Termination Activity,1,0,0,Critical,Medium,False,0,1 critical detection(s),Prioritize investigation of critical telemetry and validate affected account and asset.
666,EMP10045,Kiaan Sen,Marketing,Executive,Active,Warehouse,WS-10045,,12.5,Low,12.5,Low,1,1,Suspicious Administrative Activity,0,1,0,High,High,False,0,1 high-severity detection(s),Review high-severity detections and correlate supporting IAM and endpoint evidence.
667,EMP11829,Azad Dewan,Procurement,Consultant,Active,Work From Home,,DEV43827,12.5,Low,12.5,Low,1,1,Identity / Hostname Mismatch,0,0,1,Medium,Medium,False,1,1 threat detection(s),Review detection evidence and validate identity and asset context.
668,EMP12401,Manya Kala,Customer Support,Executive,Active,Branch Office,,DEV42650,12.5,Low,12.5,Low,1,1,Identity / Hostname Mismatch,0,0,1,Medium,Medium,False,1,1 threat detection(s),Review detection evidence and validate identity and asset context.
669,EMP11242,Reva Cherian,Sales,Manager,Inactive,Warehouse,WS-11242,,7.5,Low,12.5,Low,1,1,Post-Termination Activity,1,0,0,Critical,Medium,False,0,1 critical detection(s),Prioritize investigation of critical telemetry and validate affected account and asset.
670,EMP10512,Chanchal Karan,Operations,Analyst,Active,Branch Office,WS-10512,DEV40375,11.5,Low,11.5,Low,1,1,Suspicious Administrative Activity,0,1,0,High,High,False,1,1 high-severity detection(s),Review high-severity detections and correlate supporting IAM and endpoint evidence.
671,EMP10263,Tanish Issac,Brand,Executive,Active,Work From Home,,DEV17552,11.5,Low,11.5,Low,1,1,Identity / Hostname Mismatch,0,0,1,Medium,Medium,False,1,1 threat detection(s),Review detection evidence and validate identity and asset context.
672,EMP12027,Bhavika Mall,Marketing,Director,Active,Work From Home,,DEV90481,11.5,Low,11.5,Low,1,1,Identity / Hostname Mismatch,0,0,1,Medium,Medium,False,1,1 threat detection(s),Review detection evidence and validate identity and asset context.
673,EMP10686,Rajeshri Shah,Sales,Officer,Active,,,DEV60307,11.0,Low,11.0,Low,1,1,Identity / Hostname Mismatch,0,0,1,Medium,Medium,False,1,1 threat detection(s),Review detection evidence and validate identity and asset context.
674,EMP12146,Ranbir Om,Marketing,Director,Active,Data Center,,DEV79102,11.0,Low,11.0,Low,1,1,Identity / Hostname Mismatch,0,0,1,Medium,Medium,False,1,1 threat detection(s),Review detection evidence and validate identity and asset context.
675,EMP12688,Jackson Parmer,Finance,Administrator,Active,Data Center,,DEV26626,10.5,Low,10.5,Low,1,1,Identity / Hostname Mismatch,0,0,1,Medium,Medium,False,1,1 threat detection(s),Review detection evidence and validate identity and asset context.
676,EMP11043,Tripti Johal,Finance,Engineer,Active,Branch Office,,DEV33125,10.0,Low,10.0,Low,1,1,Identity / Hostname Mismatch,0,0,1,Medium,Medium,False,1,1 threat detection(s),Review detection evidence and validate identity and asset context.
677,EMP11296,Upma Warrior,Marketing,Specialist,Active,Regional Office,,DEV96266,10.0,Low,10.0,Low,1,1,Identity / Hostname Mismatch,0,0,1,Medium,Medium,False,1,1 threat detection(s),Review detection evidence and validate identity and asset context.
678,EMP11734,Arunima Chad,IT,Specialist,Inactive,Work From Home,,DEV83261,10.0,Low,10.0,Low,1,1,Identity / Hostname Mismatch,0,0,1,Medium,Medium,False,1,1 threat detection(s),Review detection evidence and validate identity and asset context.
679,EMP11773,Osha Purohit,Innovation,Consultant,Active,,,DEV89337,10.0,Low,10.0,Low,1,1,Identity / Hostname Mismatch,0,0,1,Medium,Medium,False,1,1 threat detection(s),Review detection evidence and validate identity and asset context.
680,EMP12454,Arunima Khare,Procurement,Officer,Active,Work From Home,,DEV24751,9.5,Low,9.5,Low,1,1,Identity / Hostname Mismatch,0,0,1,Medium,Medium,False,1,1 threat detection(s),Review detection evidence and validate identity and asset context.
681,EMP11936,Darsh Mishra,Finance,Executive,Active,,WS-11936,DEV75721,9.0,Low,9.0,Low,1,1,Identity / Hostname Mismatch,0,0,1,Medium,Medium,False,1,1 threat detection(s),Review detection evidence and validate identity and asset context.
682,EMP11198,Girish D’Alia,Sales,Director,Active,,,DEV97706,8.5,Low,8.5,Low,1,1,Identity / Hostname Mismatch,0,0,1,Medium,Medium,False,1,1 threat detection(s),Review detection evidence and validate identity and asset context.
683,EMP11474,Ishwar Sha,Operations,Consultant,Active,,,DEV68246,8.0,Low,8.0,Low,1,1,Identity / Hostname Mismatch,0,0,1,Medium,Medium,False,1,1 threat detection(s),Review detection evidence and validate identity and asset context.
684,EMP11561,Aradhana Sarraf,IT,Engineer,Active,Branch Office,,DEV28737,8.0,Low,8.0,Low,1,1,Identity / Hostname Mismatch,0,0,1,Medium,Medium,False,1,1 threat detection(s),Review detection evidence and validate identity and asset context.
685,EMP10910,Arya Srivastava,Procurement,Manager,Active,Work From Home,,DEV15501,6.5,Low,6.5,Low,1,1,Identity / Hostname Mismatch,0,0,1,Medium,Medium,False,1,1 threat detection(s),Review detection evidence and validate identity and asset context.
686,EMP12379,Joshua Dyal,Brand,Engineer,Active,Remote,,DEV52894,6.5,Low,6.5,Low,1,1,Identity / Hostname Mismatch,0,0,1,Medium,Medium,False,1,1 threat detection(s),Review detection evidence and validate identity and asset context.
687,EMP12832,Mason Raman,Legal,Administrator,Active,Regional Office,,DEV57889,6.5,Low,6.5,Low,1,1,Identity / Hostname Mismatch,0,0,1,Medium,Medium,False,1,1 threat detection(s),Review detection evidence and validate identity and asset context.
688,EMP12753,Tejas Swamy,Finance,Trainee,Active,Regional Office,,DEV21641,6.0,Low,6.0,Low,1,1,Identity / Hostname Mismatch,0,0,1,Medium,Medium,False,1,1 threat detection(s),Review detection evidence and validate identity and asset context.
689,EMP11131,Nilima Gour,Legal,Engineer,Active,Warehouse,,DEV77009,4.0,Low,4.0,Low,1,1,Identity / Hostname Mismatch,0,0,1,Medium,Medium,False,1,1 threat detection(s),Review detection evidence and validate identity and asset context.
690,EMP11780,Radha Gour,Procurement,Officer,Active,,,DEV48202,3.5,Low,3.5,Low,1,1,Identity / Hostname Mismatch,0,0,1,Medium,Medium,False,1,1 threat detection(s),Review detection evidence and validate identity and asset context.
691,EMP11133,Brijesh Hegde,Finance,Engineer,Active,Head Office,,DEV62596,2.5,Low,2.5,Low,1,1,Identity / Hostname Mismatch,0,0,1,Medium,Medium,False,1,1 threat detection(s),Review detection evidence and validate identity and asset context.
692,EMP11570,Xavier Hayre,Finance,Officer,Active,,,DEV36502,1.0,Low,1.0,Low,1,1,Identity / Hostname Mismatch,0,0,1,Medium,Medium,False,1,1 threat detection(s),Review detection evidence and validate identity and asset context.
693,EMP12689,Chameli Deol,Human Resources,Officer,Active,Warehouse,,DEV43341,0.0,Low,0.0,Low,1,1,Identity / Hostname Mismatch,0,0,1,Medium,Medium,False,1,1 threat detection(s),Review detection evidence and validate identity and asset context.
