threat_id,user_id,threat_type,severity,confidence,evidence,first_observed,last_observed,related_hostname,related_alert_count,recommended_action
THR00368,EMP10061,Malware + Lateral Movement,Critical,High,Malware and lateral-movement alerts were observed on the same hostname (vdr-10061) within 24 hours,2026-08-17 02:50:47,2026-08-18 00:00:00,vdr-10061,2,Isolate the affected endpoint and investigate lateral-movement indicators immediately
THR00370,EMP10290,Malware + Lateral Movement,Critical,High,Malware and lateral-movement alerts were observed on the same hostname (lpt-10290) within 24 hours,2026-08-05 09:36:44,2026-08-05 23:36:19,lpt-10290,2,Isolate the affected endpoint and investigate lateral-movement indicators immediately
THR00371,EMP10300,Malware + Lateral Movement,Critical,High,Malware and lateral-movement alerts were observed on the same hostname (vdr-10300) within 24 hours,2026-08-18 00:00:00,2026-08-18 04:56:08,vdr-10300,2,Isolate the affected endpoint and investigate lateral-movement indicators immediately
THR00372,EMP10343,Malware + Lateral Movement,Critical,High,Malware and lateral-movement alerts were observed on the same hostname (vdr-10343) within 24 hours,2026-08-27 00:13:32,2026-08-27 03:58:00,vdr-10343,2,Isolate the affected endpoint and investigate lateral-movement indicators immediately
THR00373,EMP10394,Malware + Lateral Movement,Critical,High,Malware and lateral-movement alerts were observed on the same hostname (ws-10394) within 24 hours,2026-09-03 16:52:57,2026-09-04 16:29:55,ws-10394,2,Isolate the affected endpoint and investigate lateral-movement indicators immediately
THR00375,EMP10439,Malware + Lateral Movement,Critical,High,Malware and lateral-movement alerts were observed on the same hostname (lpt-10439) within 24 hours,2026-09-03 11:08:11,2026-09-04 00:00:00,lpt-10439,2,Isolate the affected endpoint and investigate lateral-movement indicators immediately
THR00376,EMP10461,Malware + Lateral Movement,Critical,High,Malware and lateral-movement alerts were observed on the same hostname (ws-10461) within 24 hours,2026-08-11 06:51:00,2026-08-12 00:51:29,ws-10461,2,Isolate the affected endpoint and investigate lateral-movement indicators immediately
THR00378,EMP10485,Malware + Lateral Movement,Critical,High,Malware and lateral-movement alerts were observed on the same hostname (vdr-10485) within 24 hours,2026-08-18 21:39:49,2026-08-18 22:22:06,vdr-10485,2,Isolate the affected endpoint and investigate lateral-movement indicators immediately
THR00379,EMP10486,Malware + Lateral Movement,Critical,High,Malware and lateral-movement alerts were observed on the same hostname (ws-10486) within 24 hours,2026-08-22 00:00:00,2026-08-22 03:54:41,ws-10486,2,Isolate the affected endpoint and investigate lateral-movement indicators immediately
THR00380,EMP10744,Malware + Lateral Movement,Critical,High,Malware and lateral-movement alerts were observed on the same hostname (vdr-10744) within 24 hours,2026-08-16 00:00:00,2026-08-16 03:35:35,vdr-10744,2,Isolate the affected endpoint and investigate lateral-movement indicators immediately
THR00381,EMP10882,Malware + Lateral Movement,Critical,High,Malware and lateral-movement alerts were observed on the same hostname (ws-10882) within 24 hours,2026-09-01 19:19:37,2026-09-02 18:56:59,ws-10882,2,Isolate the affected endpoint and investigate lateral-movement indicators immediately
THR00382,EMP10925,Malware + Lateral Movement,Critical,High,Malware and lateral-movement alerts were observed on the same hostname (vdr-10925) within 24 hours,2026-08-24 22:36:35,2026-08-25 04:28:17,vdr-10925,2,Isolate the affected endpoint and investigate lateral-movement indicators immediately
THR00383,EMP11024,Malware + Lateral Movement,Critical,High,Malware and lateral-movement alerts were observed on the same hostname (lpt-11024) within 24 hours,2026-08-09 09:55:27,2026-08-10 04:47:25,lpt-11024,2,Isolate the affected endpoint and investigate lateral-movement indicators immediately
THR00384,EMP11028,Malware + Lateral Movement,Critical,High,Malware and lateral-movement alerts were observed on the same hostname (lpt-11028) within 24 hours,2026-08-02 12:47:19,2026-08-03 02:35:28,lpt-11028,2,Isolate the affected endpoint and investigate lateral-movement indicators immediately
THR00386,EMP11155,Malware + Lateral Movement,Critical,High,Malware and lateral-movement alerts were observed on the same hostname (vdr-11155) within 24 hours,2026-08-20 13:11:16,2026-08-20 20:48:11,vdr-11155,2,Isolate the affected endpoint and investigate lateral-movement indicators immediately
THR00387,EMP11210,Malware + Lateral Movement,Critical,High,Malware and lateral-movement alerts were observed on the same hostname (vdr-11210) within 24 hours,2026-08-28 00:00:00,2026-08-28 19:19:46,vdr-11210,2,Isolate the affected endpoint and investigate lateral-movement indicators immediately
THR00388,EMP11278,Malware + Lateral Movement,Critical,High,Malware and lateral-movement alerts were observed on the same hostname (lpt-11278) within 24 hours,2026-08-20 17:15:00,2026-08-21 00:00:00,lpt-11278,2,Isolate the affected endpoint and investigate lateral-movement indicators immediately
THR00389,EMP11347,Malware + Lateral Movement,Critical,High,Malware and lateral-movement alerts were observed on the same hostname (ws-11347) within 24 hours,2026-08-14 16:46:08,2026-08-15 00:00:00,ws-11347,2,Isolate the affected endpoint and investigate lateral-movement indicators immediately
THR00391,EMP11483,Malware + Lateral Movement,Critical,High,Malware and lateral-movement alerts were observed on the same hostname (lpt-11483) within 24 hours,2026-09-04 07:26:27,2026-09-04 09:00:31,lpt-11483,2,Isolate the affected endpoint and investigate lateral-movement indicators immediately
THR00392,EMP11511,Malware + Lateral Movement,Critical,High,Malware and lateral-movement alerts were observed on the same hostname (lpt-11511) within 24 hours,2026-09-05 07:29:11,2026-09-05 10:08:56,lpt-11511,2,Isolate the affected endpoint and investigate lateral-movement indicators immediately
THR00393,EMP11841,Malware + Lateral Movement,Critical,High,Malware and lateral-movement alerts were observed on the same hostname (lpt-11841) within 24 hours,2026-08-01 16:20:21,2026-08-02 09:42:10,lpt-11841,2,Isolate the affected endpoint and investigate lateral-movement indicators immediately
THR00394,EMP11865,Malware + Lateral Movement,Critical,High,Malware and lateral-movement alerts were observed on the same hostname (ws-11865) within 24 hours,2026-08-01 07:21:22,2026-08-01 17:08:00,ws-11865,2,Isolate the affected endpoint and investigate lateral-movement indicators immediately
THR00395,EMP12140,Malware + Lateral Movement,Critical,High,Malware and lateral-movement alerts were observed on the same hostname (vdr-12140) within 24 hours,2026-09-01 16:52:00,2026-09-02 02:55:33,vdr-12140,2,Isolate the affected endpoint and investigate lateral-movement indicators immediately
THR00397,EMP12210,Malware + Lateral Movement,Critical,High,Malware and lateral-movement alerts were observed on the same hostname (vdr-12210) within 24 hours,2026-09-05 00:38:00,2026-09-05 22:31:00,vdr-12210,2,Isolate the affected endpoint and investigate lateral-movement indicators immediately
THR00398,EMP12273,Malware + Lateral Movement,Critical,High,Malware and lateral-movement alerts were observed on the same hostname (vdr-12273) within 24 hours,2026-08-25 20:44:43,2026-08-26 03:07:49,vdr-12273,2,Isolate the affected endpoint and investigate lateral-movement indicators immediately
THR00399,EMP12309,Malware + Lateral Movement,Critical,High,Malware and lateral-movement alerts were observed on the same hostname (ws-12309) within 24 hours,2026-08-18 06:10:00,2026-08-19 02:43:00,ws-12309,2,Isolate the affected endpoint and investigate lateral-movement indicators immediately
THR00400,EMP12482,Malware + Lateral Movement,Critical,High,Malware and lateral-movement alerts were observed on the same hostname (ws-12482) within 24 hours,2026-08-16 13:03:54,2026-08-17 03:32:00,ws-12482,2,Isolate the affected endpoint and investigate lateral-movement indicators immediately
THR00401,EMP12501,Malware + Lateral Movement,Critical,High,Malware and lateral-movement alerts were observed on the same hostname (ws-12501) within 24 hours,2026-08-28 23:29:36,2026-08-29 14:04:18,ws-12501,2,Isolate the affected endpoint and investigate lateral-movement indicators immediately
THR00402,EMP12745,Malware + Lateral Movement,Critical,High,Malware and lateral-movement alerts were observed on the same hostname (ws-12745) within 24 hours,2026-08-02 18:05:25,2026-08-03 16:28:10,ws-12745,2,Isolate the affected endpoint and investigate lateral-movement indicators immediately
THR00403,EMP12762,Malware + Lateral Movement,Critical,High,Malware and lateral-movement alerts were observed on the same hostname (lpt-12762) within 24 hours,2026-08-19 13:18:33,2026-08-20 00:00:00,lpt-12762,2,Isolate the affected endpoint and investigate lateral-movement indicators immediately
THR00404,EMP12935,Malware + Lateral Movement,Critical,High,Malware and lateral-movement alerts were observed on the same hostname (ws-12935) within 24 hours,2026-08-14 00:00:00,2026-08-14 21:17:49,ws-12935,2,Isolate the affected endpoint and investigate lateral-movement indicators immediately
THR00407,EMP12993,Malware + Lateral Movement,Critical,High,Malware and lateral-movement alerts were observed on the same hostname (lpt-12993) within 24 hours,2026-08-19 08:33:47,2026-08-19 17:00:12,lpt-12993,2,Isolate the affected endpoint and investigate lateral-movement indicators immediately
THR00001,EMP10005,Post-Termination Activity,Critical,High,6 IAM and 2 endpoint events occurred after the recorded termination date; corroborated across IAM and endpoint telemetry,2026-08-07 07:45:00,2026-09-04 20:30:10,VDR-10005,8,Immediately review account status and both IAM and endpoint activity; revoke unauthorized access if confirmed
THR00002,EMP10018,Post-Termination Activity,Critical,High,1 IAM and 1 endpoint events occurred after the recorded termination date; corroborated across IAM and endpoint telemetry,2026-08-08 23:05:37,2026-08-29 12:23:13,VDR-10018,2,Immediately review account status and both IAM and endpoint activity; revoke unauthorized access if confirmed
THR00003,EMP10024,Post-Termination Activity,Critical,High,2 IAM and 1 endpoint events occurred after the recorded termination date; corroborated across IAM and endpoint telemetry,2026-08-25 05:48:33,2026-09-06 15:19:35,VDR-10024,3,Immediately review account status and both IAM and endpoint activity; revoke unauthorized access if confirmed
THR00004,EMP10041,Post-Termination Activity,Critical,High,7 IAM and 6 endpoint events occurred after the recorded termination date; corroborated across IAM and endpoint telemetry,2026-08-04 11:48:30,2026-09-03 13:50:39,LPT-10041,13,Immediately review account status and both IAM and endpoint activity; revoke unauthorized access if confirmed
THR00005,EMP10046,Post-Termination Activity,Critical,High,4 IAM and 3 endpoint events occurred after the recorded termination date; corroborated across IAM and endpoint telemetry,2026-08-09 00:00:00,2026-09-04 12:48:48,LPT-10046,7,Immediately review account status and both IAM and endpoint activity; revoke unauthorized access if confirmed
THR00006,EMP10047,Post-Termination Activity,Critical,High,1 IAM and 2 endpoint events occurred after the recorded termination date; corroborated across IAM and endpoint telemetry,2026-08-17 21:52:00,2026-08-27 02:55:17,LPT-10047,3,Immediately review account status and both IAM and endpoint activity; revoke unauthorized access if confirmed
THR00007,EMP10062,Post-Termination Activity,Critical,High,3 IAM and 1 endpoint events occurred after the recorded termination date; corroborated across IAM and endpoint telemetry,2026-08-16 11:58:17,2026-08-26 00:13:02,LPT-10062,4,Immediately review account status and both IAM and endpoint activity; revoke unauthorized access if confirmed
THR00008,EMP10086,Post-Termination Activity,Critical,High,3 IAM and 3 endpoint events occurred after the recorded termination date; corroborated across IAM and endpoint telemetry,2026-08-01 00:00:00,2026-08-28 09:29:08,VDR-10086,6,Immediately review account status and both IAM and endpoint activity; revoke unauthorized access if confirmed
THR00009,EMP10091,Post-Termination Activity,Critical,High,6 IAM and 1 endpoint events occurred after the recorded termination date; corroborated across IAM and endpoint telemetry,2026-08-03 21:33:33,2026-09-02 00:00:00,WS-10091,7,Immediately review account status and both IAM and endpoint activity; revoke unauthorized access if confirmed
THR00010,EMP10097,Post-Termination Activity,Critical,High,3 IAM and 4 endpoint events occurred after the recorded termination date; corroborated across IAM and endpoint telemetry,2026-08-03 02:13:00,2026-09-09 21:35:04,LPT-10097,7,Immediately review account status and both IAM and endpoint activity; revoke unauthorized access if confirmed
THR00011,EMP10099,Post-Termination Activity,Critical,High,4 IAM and 2 endpoint events occurred after the recorded termination date; corroborated across IAM and endpoint telemetry,2026-08-17 00:00:00,2026-09-05 22:52:51,VDR-10099,6,Immediately review account status and both IAM and endpoint activity; revoke unauthorized access if confirmed
THR00013,EMP10109,Post-Termination Activity,Critical,High,3 IAM and 6 endpoint events occurred after the recorded termination date; corroborated across IAM and endpoint telemetry,2026-08-09 05:54:01,2026-09-08 06:04:29,VDR-10109,9,Immediately review account status and both IAM and endpoint activity; revoke unauthorized access if confirmed
THR00014,EMP10112,Post-Termination Activity,Critical,High,6 IAM and 5 endpoint events occurred after the recorded termination date; corroborated across IAM and endpoint telemetry,2026-08-01 09:08:30,2026-09-09 08:40:22,LPT-10112,11,Immediately review account status and both IAM and endpoint activity; revoke unauthorized access if confirmed
THR00015,EMP10120,Post-Termination Activity,Critical,High,7 IAM and 3 endpoint events occurred after the recorded termination date; corroborated across IAM and endpoint telemetry,2026-08-01 00:00:00,2026-09-06 18:13:30,LPT-10120,10,Immediately review account status and both IAM and endpoint activity; revoke unauthorized access if confirmed
THR00017,EMP10136,Post-Termination Activity,Critical,High,6 IAM and 6 endpoint events occurred after the recorded termination date; corroborated across IAM and endpoint telemetry,2026-08-01 00:00:00,2026-09-06 00:00:00,WS-10136,12,Immediately review account status and both IAM and endpoint activity; revoke unauthorized access if confirmed
THR00018,EMP10139,Post-Termination Activity,Critical,High,6 IAM and 2 endpoint events occurred after the recorded termination date; corroborated across IAM and endpoint telemetry,2026-08-04 12:17:00,2026-09-06 00:00:00,WS-10139,8,Immediately review account status and both IAM and endpoint activity; revoke unauthorized access if confirmed
THR00019,EMP10144,Post-Termination Activity,Critical,High,5 IAM and 3 endpoint events occurred after the recorded termination date; corroborated across IAM and endpoint telemetry,2026-08-07 14:18:31,2026-09-06 20:33:53,LPT-10144,8,Immediately review account status and both IAM and endpoint activity; revoke unauthorized access if confirmed
THR00020,EMP10145,Post-Termination Activity,Critical,High,4 IAM and 1 endpoint events occurred after the recorded termination date; corroborated across IAM and endpoint telemetry,2026-08-06 10:12:00,2026-09-09 14:35:38,WS-10145,5,Immediately review account status and both IAM and endpoint activity; revoke unauthorized access if confirmed
THR00021,EMP10154,Post-Termination Activity,Critical,High,5 IAM and 1 endpoint events occurred after the recorded termination date; corroborated across IAM and endpoint telemetry,2026-08-07 13:07:45,2026-08-28 09:33:48,VDR-10154,6,Immediately review account status and both IAM and endpoint activity; revoke unauthorized access if confirmed
THR00022,EMP10166,Post-Termination Activity,Critical,High,6 IAM and 2 endpoint events occurred after the recorded termination date; corroborated across IAM and endpoint telemetry,2026-08-02 18:21:00,2026-08-31 19:52:38,VDR-10166,8,Immediately review account status and both IAM and endpoint activity; revoke unauthorized access if confirmed
THR00023,EMP10178,Post-Termination Activity,Critical,High,4 IAM and 3 endpoint events occurred after the recorded termination date; corroborated across IAM and endpoint telemetry,2026-08-01 02:41:09,2026-08-31 07:32:46,WS-10178,7,Immediately review account status and both IAM and endpoint activity; revoke unauthorized access if confirmed
THR00024,EMP10179,Post-Termination Activity,Critical,High,4 IAM and 2 endpoint events occurred after the recorded termination date; corroborated across IAM and endpoint telemetry,2026-08-01 15:26:46,2026-09-07 10:55:30,VDR-10179,6,Immediately review account status and both IAM and endpoint activity; revoke unauthorized access if confirmed
THR00026,EMP10207,Post-Termination Activity,Critical,High,3 IAM and 2 endpoint events occurred after the recorded termination date; corroborated across IAM and endpoint telemetry,2026-08-11 03:46:00,2026-09-09 19:26:19,VDR-10207,5,Immediately review account status and both IAM and endpoint activity; revoke unauthorized access if confirmed
THR00027,EMP10225,Post-Termination Activity,Critical,High,1 IAM and 2 endpoint events occurred after the recorded termination date; corroborated across IAM and endpoint telemetry,2026-08-06 20:06:42,2026-08-25 12:14:46,WS-10225,3,Immediately review account status and both IAM and endpoint activity; revoke unauthorized access if confirmed
THR00028,EMP10233,Post-Termination Activity,Critical,High,3 IAM and 3 endpoint events occurred after the recorded termination date; corroborated across IAM and endpoint telemetry,2026-08-01 05:15:56,2026-09-01 02:27:00,VDR-10233,6,Immediately review account status and both IAM and endpoint activity; revoke unauthorized access if confirmed
THR00029,EMP10237,Post-Termination Activity,Critical,High,4 IAM and 1 endpoint events occurred after the recorded termination date; corroborated across IAM and endpoint telemetry,2026-08-02 00:00:00,2026-08-29 23:57:15,VDR-10237,5,Immediately review account status and both IAM and endpoint activity; revoke unauthorized access if confirmed
THR00030,EMP10238,Post-Termination Activity,Critical,High,3 IAM and 5 endpoint events occurred after the recorded termination date; corroborated across IAM and endpoint telemetry,2026-08-02 06:46:00,2026-09-09 00:00:00,VDR-10238,8,Immediately review account status and both IAM and endpoint activity; revoke unauthorized access if confirmed
THR00031,EMP10239,Post-Termination Activity,Critical,High,2 IAM and 1 endpoint events occurred after the recorded termination date; corroborated across IAM and endpoint telemetry,2026-08-15 00:00:00,2026-09-03 05:51:00,WS-10239,3,Immediately review account status and both IAM and endpoint activity; revoke unauthorized access if confirmed
THR00032,EMP10249,Post-Termination Activity,Critical,High,4 IAM and 5 endpoint events occurred after the recorded termination date; corroborated across IAM and endpoint telemetry,2026-08-06 16:51:31,2026-09-09 04:21:02,VDR-10249,9,Immediately review account status and both IAM and endpoint activity; revoke unauthorized access if confirmed
THR00033,EMP10256,Post-Termination Activity,Critical,High,3 IAM and 4 endpoint events occurred after the recorded termination date; corroborated across IAM and endpoint telemetry,2026-08-06 01:01:21,2026-09-07 23:34:31,WS-10256,7,Immediately review account status and both IAM and endpoint activity; revoke unauthorized access if confirmed
THR00034,EMP10266,Post-Termination Activity,Critical,High,3 IAM and 2 endpoint events occurred after the recorded termination date; corroborated across IAM and endpoint telemetry,2026-08-03 00:00:00,2026-08-24 16:11:53,WS-10266,5,Immediately review account status and both IAM and endpoint activity; revoke unauthorized access if confirmed
THR00035,EMP10277,Post-Termination Activity,Critical,High,5 IAM and 1 endpoint events occurred after the recorded termination date; corroborated across IAM and endpoint telemetry,2026-08-06 17:45:00,2026-09-06 00:00:00,LPT-10277,6,Immediately review account status and both IAM and endpoint activity; revoke unauthorized access if confirmed
THR00036,EMP10285,Post-Termination Activity,Critical,High,4 IAM and 2 endpoint events occurred after the recorded termination date; corroborated across IAM and endpoint telemetry,2026-08-23 21:40:02,2026-09-05 19:05:12,VDR-10285,6,Immediately review account status and both IAM and endpoint activity; revoke unauthorized access if confirmed
THR00037,EMP10296,Post-Termination Activity,Critical,High,70 IAM and 3 endpoint events occurred after the recorded termination date; corroborated across IAM and endpoint telemetry,2026-08-01 04:57:29,2026-09-08 18:31:00,VDR-10296,73,Immediately review account status and both IAM and endpoint activity; revoke unauthorized access if confirmed
THR00038,EMP10297,Post-Termination Activity,Critical,High,3 IAM and 2 endpoint events occurred after the recorded termination date; corroborated across IAM and endpoint telemetry,2026-08-04 03:39:17,2026-09-08 00:00:00,WS-10297,5,Immediately review account status and both IAM and endpoint activity; revoke unauthorized access if confirmed
THR00039,EMP10300,Post-Termination Activity,Critical,High,2 IAM and 7 endpoint events occurred after the recorded termination date; corroborated across IAM and endpoint telemetry,2026-08-03 07:06:00,2026-09-09 20:19:26,VDR-10300,9,Immediately review account status and both IAM and endpoint activity; revoke unauthorized access if confirmed
THR00040,EMP10308,Post-Termination Activity,Critical,High,5 IAM and 3 endpoint events occurred after the recorded termination date; corroborated across IAM and endpoint telemetry,2026-08-08 16:29:13,2026-09-09 13:59:00,WS-10308,8,Immediately review account status and both IAM and endpoint activity; revoke unauthorized access if confirmed
THR00041,EMP10314,Post-Termination Activity,Critical,High,1 IAM and 4 endpoint events occurred after the recorded termination date; corroborated across IAM and endpoint telemetry,2026-08-03 00:00:00,2026-09-04 04:04:01,vdr-10314,5,Immediately review account status and both IAM and endpoint activity; revoke unauthorized access if confirmed
THR00042,EMP10331,Post-Termination Activity,Critical,High,6 IAM and 1 endpoint events occurred after the recorded termination date; corroborated across IAM and endpoint telemetry,2026-08-04 00:00:00,2026-09-08 09:26:10,LPT-10331,7,Immediately review account status and both IAM and endpoint activity; revoke unauthorized access if confirmed
THR00043,EMP10343,Post-Termination Activity,Critical,High,3 IAM and 5 endpoint events occurred after the recorded termination date; corroborated across IAM and endpoint telemetry,2026-08-08 08:04:51,2026-08-30 22:04:06,VDR-10343,8,Immediately review account status and both IAM and endpoint activity; revoke unauthorized access if confirmed
THR00045,EMP10356,Post-Termination Activity,Critical,High,5 IAM and 2 endpoint events occurred after the recorded termination date; corroborated across IAM and endpoint telemetry,2026-08-01 05:43:00,2026-08-28 22:10:04,LPT-10356,7,Immediately review account status and both IAM and endpoint activity; revoke unauthorized access if confirmed
THR00046,EMP10361,Post-Termination Activity,Critical,High,9 IAM and 1 endpoint events occurred after the recorded termination date; corroborated across IAM and endpoint telemetry,2026-08-12 07:22:36,2026-09-07 14:07:00,VDR-10361,10,Immediately review account status and both IAM and endpoint activity; revoke unauthorized access if confirmed
THR00047,EMP10367,Post-Termination Activity,Critical,High,3 IAM and 1 endpoint events occurred after the recorded termination date; corroborated across IAM and endpoint telemetry,2026-08-13 00:00:00,2026-08-29 09:09:34,WS-10367,4,Immediately review account status and both IAM and endpoint activity; revoke unauthorized access if confirmed
THR00048,EMP10369,Post-Termination Activity,Critical,High,5 IAM and 1 endpoint events occurred after the recorded termination date; corroborated across IAM and endpoint telemetry,2026-08-06 09:28:17,2026-09-06 00:00:00,WS-10369,6,Immediately review account status and both IAM and endpoint activity; revoke unauthorized access if confirmed
THR00049,EMP10370,Post-Termination Activity,Critical,High,3 IAM and 2 endpoint events occurred after the recorded termination date; corroborated across IAM and endpoint telemetry,2026-08-01 13:25:48,2026-09-04 00:00:00,WS-10370,5,Immediately review account status and both IAM and endpoint activity; revoke unauthorized access if confirmed
THR00050,EMP10373,Post-Termination Activity,Critical,High,4 IAM and 1 endpoint events occurred after the recorded termination date; corroborated across IAM and endpoint telemetry,2026-08-03 19:54:04,2026-09-04 00:00:00,LPT-10373,5,Immediately review account status and both IAM and endpoint activity; revoke unauthorized access if confirmed
THR00051,EMP10377,Post-Termination Activity,Critical,High,3 IAM and 1 endpoint events occurred after the recorded termination date; corroborated across IAM and endpoint telemetry,2026-08-01 02:41:00,2026-08-19 21:26:35,LPT-10377,4,Immediately review account status and both IAM and endpoint activity; revoke unauthorized access if confirmed
THR00052,EMP10387,Post-Termination Activity,Critical,High,4 IAM and 4 endpoint events occurred after the recorded termination date; corroborated across IAM and endpoint telemetry,2026-08-04 07:46:07,2026-08-30 00:00:00,VDR-10387,8,Immediately review account status and both IAM and endpoint activity; revoke unauthorized access if confirmed
THR00053,EMP10427,Post-Termination Activity,Critical,High,2 IAM and 1 endpoint events occurred after the recorded termination date; corroborated across IAM and endpoint telemetry,2026-08-11 06:59:31,2026-09-06 00:00:00,VDR-10427,3,Immediately review account status and both IAM and endpoint activity; revoke unauthorized access if confirmed
THR00054,EMP10431,Post-Termination Activity,Critical,High,5 IAM and 3 endpoint events occurred after the recorded termination date; corroborated across IAM and endpoint telemetry,2026-08-03 23:42:22,2026-09-07 12:10:13,LPT-10431,8,Immediately review account status and both IAM and endpoint activity; revoke unauthorized access if confirmed
THR00055,EMP10463,Post-Termination Activity,Critical,High,4 IAM and 4 endpoint events occurred after the recorded termination date; corroborated across IAM and endpoint telemetry,2026-08-03 00:00:00,2026-09-07 10:25:04,LPT-10463,8,Immediately review account status and both IAM and endpoint activity; revoke unauthorized access if confirmed
THR00056,EMP10467,Post-Termination Activity,Critical,High,5 IAM and 4 endpoint events occurred after the recorded termination date; corroborated across IAM and endpoint telemetry,2026-08-03 00:00:00,2026-09-05 00:00:00,WS-10467,9,Immediately review account status and both IAM and endpoint activity; revoke unauthorized access if confirmed
THR00057,EMP10474,Post-Termination Activity,Critical,High,3 IAM and 2 endpoint events occurred after the recorded termination date; corroborated across IAM and endpoint telemetry,2026-08-11 00:00:00,2026-09-06 02:21:46,VDR-10474,5,Immediately review account status and both IAM and endpoint activity; revoke unauthorized access if confirmed
THR00060,EMP10501,Post-Termination Activity,Critical,High,2 IAM and 1 endpoint events occurred after the recorded termination date; corroborated across IAM and endpoint telemetry,2026-08-03 00:00:00,2026-08-22 00:00:00,VDR-10501,3,Immediately review account status and both IAM and endpoint activity; revoke unauthorized access if confirmed
THR00061,EMP10503,Post-Termination Activity,Critical,High,2 IAM and 2 endpoint events occurred after the recorded termination date; corroborated across IAM and endpoint telemetry,2026-08-08 22:48:00,2026-09-04 14:35:00,VDR-10503,4,Immediately review account status and both IAM and endpoint activity; revoke unauthorized access if confirmed
THR00062,EMP10504,Post-Termination Activity,Critical,High,4 IAM and 5 endpoint events occurred after the recorded termination date; corroborated across IAM and endpoint telemetry,2026-08-03 03:45:34,2026-09-04 00:00:00,VDR-10504,9,Immediately review account status and both IAM and endpoint activity; revoke unauthorized access if confirmed
THR00063,EMP10516,Post-Termination Activity,Critical,High,3 IAM and 2 endpoint events occurred after the recorded termination date; corroborated across IAM and endpoint telemetry,2026-08-17 00:00:00,2026-09-04 08:02:24,LPT-10516,5,Immediately review account status and both IAM and endpoint activity; revoke unauthorized access if confirmed
THR00064,EMP10522,Post-Termination Activity,Critical,High,5 IAM and 4 endpoint events occurred after the recorded termination date; corroborated across IAM and endpoint telemetry,2026-08-15 13:37:48,2026-09-08 00:00:00,LPT-10522,9,Immediately review account status and both IAM and endpoint activity; revoke unauthorized access if confirmed
THR00065,EMP10526,Post-Termination Activity,Critical,High,3 IAM and 2 endpoint events occurred after the recorded termination date; corroborated across IAM and endpoint telemetry,2026-08-07 17:54:53,2026-09-07 02:31:49,WS-10526,5,Immediately review account status and both IAM and endpoint activity; revoke unauthorized access if confirmed
THR00066,EMP10534,Post-Termination Activity,Critical,High,4 IAM and 4 endpoint events occurred after the recorded termination date; corroborated across IAM and endpoint telemetry,2026-08-05 19:58:09,2026-09-08 00:00:00,WS-10534,8,Immediately review account status and both IAM and endpoint activity; revoke unauthorized access if confirmed
THR00068,EMP10540,Post-Termination Activity,Critical,High,3 IAM and 2 endpoint events occurred after the recorded termination date; corroborated across IAM and endpoint telemetry,2026-08-08 00:00:00,2026-09-03 15:06:43,WS-10540,5,Immediately review account status and both IAM and endpoint activity; revoke unauthorized access if confirmed
THR00069,EMP10542,Post-Termination Activity,Critical,High,3 IAM and 4 endpoint events occurred after the recorded termination date; corroborated across IAM and endpoint telemetry,2026-08-01 05:21:00,2026-08-21 00:59:28,VDR-10542,7,Immediately review account status and both IAM and endpoint activity; revoke unauthorized access if confirmed
THR00070,EMP10544,Post-Termination Activity,Critical,High,10 IAM and 1 endpoint events occurred after the recorded termination date; corroborated across IAM and endpoint telemetry,2026-08-04 00:00:00,2026-09-09 00:00:00,WS-10544,11,Immediately review account status and both IAM and endpoint activity; revoke unauthorized access if confirmed
THR00071,EMP10560,Post-Termination Activity,Critical,High,2 IAM and 3 endpoint events occurred after the recorded termination date; corroborated across IAM and endpoint telemetry,2026-08-07 02:32:31,2026-09-05 20:32:05,LPT-10560,5,Immediately review account status and both IAM and endpoint activity; revoke unauthorized access if confirmed
THR00072,EMP10577,Post-Termination Activity,Critical,High,5 IAM and 4 endpoint events occurred after the recorded termination date; corroborated across IAM and endpoint telemetry,2026-08-02 00:00:00,2026-09-06 17:21:53,VDR-10577,9,Immediately review account status and both IAM and endpoint activity; revoke unauthorized access if confirmed
THR00073,EMP10596,Post-Termination Activity,Critical,High,6 IAM and 3 endpoint events occurred after the recorded termination date; corroborated across IAM and endpoint telemetry,2026-08-02 07:13:40,2026-09-05 15:43:00,LPT-10596,9,Immediately review account status and both IAM and endpoint activity; revoke unauthorized access if confirmed
THR00074,EMP10599,Post-Termination Activity,Critical,High,1 IAM and 1 endpoint events occurred after the recorded termination date; corroborated across IAM and endpoint telemetry,2026-08-05 20:44:23,2026-08-24 17:46:21,VDR-10599,2,Immediately review account status and both IAM and endpoint activity; revoke unauthorized access if confirmed
THR00076,EMP10609,Post-Termination Activity,Critical,High,5 IAM and 2 endpoint events occurred after the recorded termination date; corroborated across IAM and endpoint telemetry,2026-08-17 01:13:15,2026-09-09 07:00:15,LPT-10609,7,Immediately review account status and both IAM and endpoint activity; revoke unauthorized access if confirmed
THR00077,EMP10625,Post-Termination Activity,Critical,High,8 IAM and 2 endpoint events occurred after the recorded termination date; corroborated across IAM and endpoint telemetry,2026-08-13 06:29:10,2026-09-06 10:13:24,WS-10625,10,Immediately review account status and both IAM and endpoint activity; revoke unauthorized access if confirmed
THR00078,EMP10630,Post-Termination Activity,Critical,High,6 IAM and 3 endpoint events occurred after the recorded termination date; corroborated across IAM and endpoint telemetry,2026-08-05 23:57:25,2026-09-05 09:44:00,LPT-10630,9,Immediately review account status and both IAM and endpoint activity; revoke unauthorized access if confirmed
THR00079,EMP10643,Post-Termination Activity,Critical,High,7 IAM and 2 endpoint events occurred after the recorded termination date; corroborated across IAM and endpoint telemetry,2026-08-02 00:00:00,2026-08-28 22:58:31,WS-10643,9,Immediately review account status and both IAM and endpoint activity; revoke unauthorized access if confirmed
THR00080,EMP10645,Post-Termination Activity,Critical,High,6 IAM and 2 endpoint events occurred after the recorded termination date; corroborated across IAM and endpoint telemetry,2026-08-23 20:29:18,2026-09-09 04:11:13,WS-10645,8,Immediately review account status and both IAM and endpoint activity; revoke unauthorized access if confirmed
THR00081,EMP10646,Post-Termination Activity,Critical,High,4 IAM and 1 endpoint events occurred after the recorded termination date; corroborated across IAM and endpoint telemetry,2026-08-16 14:56:26,2026-09-08 00:00:00,LPT-10646,5,Immediately review account status and both IAM and endpoint activity; revoke unauthorized access if confirmed
THR00083,EMP10651,Post-Termination Activity,Critical,High,7 IAM and 3 endpoint events occurred after the recorded termination date; corroborated across IAM and endpoint telemetry,2026-08-06 03:08:32,2026-09-09 00:00:00,LPT-10651,10,Immediately review account status and both IAM and endpoint activity; revoke unauthorized access if confirmed
THR00084,EMP10657,Post-Termination Activity,Critical,High,7 IAM and 1 endpoint events occurred after the recorded termination date; corroborated across IAM and endpoint telemetry,2026-08-05 23:15:08,2026-09-08 12:15:58,LPT-10657,8,Immediately review account status and both IAM and endpoint activity; revoke unauthorized access if confirmed
THR00086,EMP10670,Post-Termination Activity,Critical,High,7 IAM and 3 endpoint events occurred after the recorded termination date; corroborated across IAM and endpoint telemetry,2026-08-01 07:27:37,2026-09-09 08:51:46,LPT-10670,10,Immediately review account status and both IAM and endpoint activity; revoke unauthorized access if confirmed
THR00087,EMP10671,Post-Termination Activity,Critical,High,6 IAM and 2 endpoint events occurred after the recorded termination date; corroborated across IAM and endpoint telemetry,2026-08-06 04:19:31,2026-09-04 05:27:35,LPT-10671,8,Immediately review account status and both IAM and endpoint activity; revoke unauthorized access if confirmed
THR00088,EMP10674,Post-Termination Activity,Critical,High,5 IAM and 3 endpoint events occurred after the recorded termination date; corroborated across IAM and endpoint telemetry,2026-08-01 00:00:00,2026-09-07 10:11:23,VDR-10674,8,Immediately review account status and both IAM and endpoint activity; revoke unauthorized access if confirmed
THR00089,EMP10675,Post-Termination Activity,Critical,High,2 IAM and 1 endpoint events occurred after the recorded termination date; corroborated across IAM and endpoint telemetry,2026-08-14 08:28:39,2026-08-31 17:36:00,WS-10675,3,Immediately review account status and both IAM and endpoint activity; revoke unauthorized access if confirmed
THR00090,EMP10682,Post-Termination Activity,Critical,High,5 IAM and 2 endpoint events occurred after the recorded termination date; corroborated across IAM and endpoint telemetry,2026-08-04 00:56:49,2026-09-07 00:00:00,LPT-10682,7,Immediately review account status and both IAM and endpoint activity; revoke unauthorized access if confirmed
THR00091,EMP10693,Post-Termination Activity,Critical,High,8 IAM and 4 endpoint events occurred after the recorded termination date; corroborated across IAM and endpoint telemetry,2026-08-06 01:10:42,2026-09-06 10:45:33,VDR-10693,12,Immediately review account status and both IAM and endpoint activity; revoke unauthorized access if confirmed
THR00092,EMP10702,Post-Termination Activity,Critical,High,7 IAM and 1 endpoint events occurred after the recorded termination date; corroborated across IAM and endpoint telemetry,2026-08-01 13:52:14,2026-09-05 19:17:35,LPT-10702,8,Immediately review account status and both IAM and endpoint activity; revoke unauthorized access if confirmed
THR00093,EMP10703,Post-Termination Activity,Critical,High,5 IAM and 2 endpoint events occurred after the recorded termination date; corroborated across IAM and endpoint telemetry,2026-08-05 22:19:11,2026-09-02 03:03:24,VDR-10703,7,Immediately review account status and both IAM and endpoint activity; revoke unauthorized access if confirmed
THR00094,EMP10707,Post-Termination Activity,Critical,High,5 IAM and 2 endpoint events occurred after the recorded termination date; corroborated across IAM and endpoint telemetry,2026-08-01 00:00:00,2026-09-03 00:33:10,WS-10707,7,Immediately review account status and both IAM and endpoint activity; revoke unauthorized access if confirmed
THR00095,EMP10708,Post-Termination Activity,Critical,High,1 IAM and 3 endpoint events occurred after the recorded termination date; corroborated across IAM and endpoint telemetry,2026-08-12 12:10:00,2026-08-31 00:00:00,LPT-10708,4,Immediately review account status and both IAM and endpoint activity; revoke unauthorized access if confirmed
THR00096,EMP10754,Post-Termination Activity,Critical,High,6 IAM and 4 endpoint events occurred after the recorded termination date; corroborated across IAM and endpoint telemetry,2026-08-08 17:15:00,2026-09-08 19:14:00,VDR-10754,10,Immediately review account status and both IAM and endpoint activity; revoke unauthorized access if confirmed
THR00097,EMP10763,Post-Termination Activity,Critical,High,7 IAM and 2 endpoint events occurred after the recorded termination date; corroborated across IAM and endpoint telemetry,2026-08-03 19:37:00,2026-09-09 14:38:23,LPT-10763,9,Immediately review account status and both IAM and endpoint activity; revoke unauthorized access if confirmed
THR00098,EMP10767,Post-Termination Activity,Critical,High,5 IAM and 2 endpoint events occurred after the recorded termination date; corroborated across IAM and endpoint telemetry,2026-08-01 06:18:47,2026-09-04 00:00:00,VDR-10767,7,Immediately review account status and both IAM and endpoint activity; revoke unauthorized access if confirmed
THR00099,EMP10771,Post-Termination Activity,Critical,High,7 IAM and 3 endpoint events occurred after the recorded termination date; corroborated across IAM and endpoint telemetry,2026-08-06 00:00:00,2026-09-02 14:20:00,LPT-10771,10,Immediately review account status and both IAM and endpoint activity; revoke unauthorized access if confirmed
THR00101,EMP10786,Post-Termination Activity,Critical,High,5 IAM and 2 endpoint events occurred after the recorded termination date; corroborated across IAM and endpoint telemetry,2026-08-02 04:28:03,2026-09-06 00:00:00,WS-10786,7,Immediately review account status and both IAM and endpoint activity; revoke unauthorized access if confirmed
THR00102,EMP10789,Post-Termination Activity,Critical,High,4 IAM and 3 endpoint events occurred after the recorded termination date; corroborated across IAM and endpoint telemetry,2026-08-05 15:17:00,2026-09-09 03:27:00,LPT-10789,7,Immediately review account status and both IAM and endpoint activity; revoke unauthorized access if confirmed
THR00103,EMP10792,Post-Termination Activity,Critical,High,4 IAM and 2 endpoint events occurred after the recorded termination date; corroborated across IAM and endpoint telemetry,2026-08-01 00:00:00,2026-09-09 19:39:00,VDR-10792,6,Immediately review account status and both IAM and endpoint activity; revoke unauthorized access if confirmed
THR00104,EMP10806,Post-Termination Activity,Critical,High,6 IAM and 4 endpoint events occurred after the recorded termination date; corroborated across IAM and endpoint telemetry,2026-08-01 20:15:02,2026-09-09 22:01:00,WS-10806,10,Immediately review account status and both IAM and endpoint activity; revoke unauthorized access if confirmed
THR00105,EMP10815,Post-Termination Activity,Critical,High,4 IAM and 2 endpoint events occurred after the recorded termination date; corroborated across IAM and endpoint telemetry,2026-08-09 00:00:00,2026-09-08 04:00:10,LPT-10815,6,Immediately review account status and both IAM and endpoint activity; revoke unauthorized access if confirmed
THR00106,EMP10821,Post-Termination Activity,Critical,High,4 IAM and 6 endpoint events occurred after the recorded termination date; corroborated across IAM and endpoint telemetry,2026-08-12 05:21:47,2026-09-06 14:28:00,LPT-10821,10,Immediately review account status and both IAM and endpoint activity; revoke unauthorized access if confirmed
THR00107,EMP10826,Post-Termination Activity,Critical,High,4 IAM and 2 endpoint events occurred after the recorded termination date; corroborated across IAM and endpoint telemetry,2026-08-03 01:49:31,2026-09-06 16:43:26,WS-10826,6,Immediately review account status and both IAM and endpoint activity; revoke unauthorized access if confirmed
THR00108,EMP10830,Post-Termination Activity,Critical,High,9 IAM and 1 endpoint events occurred after the recorded termination date; corroborated across IAM and endpoint telemetry,2026-08-05 02:22:00,2026-09-09 02:55:43,VDR-10830,10,Immediately review account status and both IAM and endpoint activity; revoke unauthorized access if confirmed
THR00109,EMP10834,Post-Termination Activity,Critical,High,10 IAM and 2 endpoint events occurred after the recorded termination date; corroborated across IAM and endpoint telemetry,2026-08-06 10:00:09,2026-09-08 12:51:44,LPT-10834,12,Immediately review account status and both IAM and endpoint activity; revoke unauthorized access if confirmed
THR00111,EMP10842,Post-Termination Activity,Critical,High,8 IAM and 2 endpoint events occurred after the recorded termination date; corroborated across IAM and endpoint telemetry,2026-08-02 10:23:53,2026-09-09 00:00:00,LPT-10842,10,Immediately review account status and both IAM and endpoint activity; revoke unauthorized access if confirmed
THR00112,EMP10848,Post-Termination Activity,Critical,High,4 IAM and 4 endpoint events occurred after the recorded termination date; corroborated across IAM and endpoint telemetry,2026-08-07 00:00:00,2026-09-04 07:06:52,VDR-10848,8,Immediately review account status and both IAM and endpoint activity; revoke unauthorized access if confirmed
THR00113,EMP10852,Post-Termination Activity,Critical,High,5 IAM and 3 endpoint events occurred after the recorded termination date; corroborated across IAM and endpoint telemetry,2026-08-01 00:00:00,2026-09-05 21:32:38,LPT-10852,8,Immediately review account status and both IAM and endpoint activity; revoke unauthorized access if confirmed
THR00115,EMP10887,Post-Termination Activity,Critical,High,7 IAM and 2 endpoint events occurred after the recorded termination date; corroborated across IAM and endpoint telemetry,2026-08-07 19:35:56,2026-09-05 18:01:09,VDR-10887,9,Immediately review account status and both IAM and endpoint activity; revoke unauthorized access if confirmed
THR00116,EMP10909,Post-Termination Activity,Critical,High,4 IAM and 4 endpoint events occurred after the recorded termination date; corroborated across IAM and endpoint telemetry,2026-08-05 12:51:17,2026-09-06 12:13:58,LPT-10909,8,Immediately review account status and both IAM and endpoint activity; revoke unauthorized access if confirmed
THR00117,EMP10914,Post-Termination Activity,Critical,High,2 IAM and 5 endpoint events occurred after the recorded termination date; corroborated across IAM and endpoint telemetry,2026-08-11 00:00:00,2026-09-06 09:50:25,VDR-10914,7,Immediately review account status and both IAM and endpoint activity; revoke unauthorized access if confirmed
THR00118,EMP10917,Post-Termination Activity,Critical,High,1 IAM and 4 endpoint events occurred after the recorded termination date; corroborated across IAM and endpoint telemetry,2026-08-04 17:15:33,2026-08-29 10:56:29,VDR-10917,5,Immediately review account status and both IAM and endpoint activity; revoke unauthorized access if confirmed
THR00119,EMP10927,Post-Termination Activity,Critical,High,3 IAM and 3 endpoint events occurred after the recorded termination date; corroborated across IAM and endpoint telemetry,2026-08-07 00:00:00,2026-09-03 02:58:21,LPT-10927,6,Immediately review account status and both IAM and endpoint activity; revoke unauthorized access if confirmed
THR00120,EMP10943,Post-Termination Activity,Critical,High,1 IAM and 2 endpoint events occurred after the recorded termination date; corroborated across IAM and endpoint telemetry,2026-08-04 16:36:26,2026-09-09 09:06:00,WS-10943,3,Immediately review account status and both IAM and endpoint activity; revoke unauthorized access if confirmed
THR00121,EMP10946,Post-Termination Activity,Critical,High,3 IAM and 2 endpoint events occurred after the recorded termination date; corroborated across IAM and endpoint telemetry,2026-08-02 00:42:07,2026-09-03 06:16:20,WS-10946,5,Immediately review account status and both IAM and endpoint activity; revoke unauthorized access if confirmed
THR00122,EMP10947,Post-Termination Activity,Critical,High,5 IAM and 1 endpoint events occurred after the recorded termination date; corroborated across IAM and endpoint telemetry,2026-08-07 13:47:14,2026-08-22 03:09:41,VDR-10947,6,Immediately review account status and both IAM and endpoint activity; revoke unauthorized access if confirmed
THR00123,EMP10969,Post-Termination Activity,Critical,High,7 IAM and 1 endpoint events occurred after the recorded termination date; corroborated across IAM and endpoint telemetry,2026-08-03 08:59:57,2026-09-09 19:00:08,WS-10969,8,Immediately review account status and both IAM and endpoint activity; revoke unauthorized access if confirmed
THR00124,EMP10970,Post-Termination Activity,Critical,High,3 IAM and 2 endpoint events occurred after the recorded termination date; corroborated across IAM and endpoint telemetry,2026-08-01 19:56:44,2026-09-06 09:58:39,WS-10970,5,Immediately review account status and both IAM and endpoint activity; revoke unauthorized access if confirmed
THR00125,EMP10972,Post-Termination Activity,Critical,High,5 IAM and 1 endpoint events occurred after the recorded termination date; corroborated across IAM and endpoint telemetry,2026-08-21 01:06:00,2026-09-09 21:06:44,LPT-10972,6,Immediately review account status and both IAM and endpoint activity; revoke unauthorized access if confirmed
THR00127,EMP10987,Post-Termination Activity,Critical,High,6 IAM and 2 endpoint events occurred after the recorded termination date; corroborated across IAM and endpoint telemetry,2026-08-09 00:16:39,2026-09-03 12:28:47,LPT-10987,8,Immediately review account status and both IAM and endpoint activity; revoke unauthorized access if confirmed
THR00128,EMP10989,Post-Termination Activity,Critical,High,6 IAM and 1 endpoint events occurred after the recorded termination date; corroborated across IAM and endpoint telemetry,2026-08-03 03:03:48,2026-09-08 13:41:07,LPT-10989,7,Immediately review account status and both IAM and endpoint activity; revoke unauthorized access if confirmed
THR00129,EMP10994,Post-Termination Activity,Critical,High,9 IAM and 4 endpoint events occurred after the recorded termination date; corroborated across IAM and endpoint telemetry,2026-08-03 19:45:00,2026-09-09 07:11:36,WS-10994,13,Immediately review account status and both IAM and endpoint activity; revoke unauthorized access if confirmed
THR00131,EMP11001,Post-Termination Activity,Critical,High,70 IAM and 2 endpoint events occurred after the recorded termination date; corroborated across IAM and endpoint telemetry,2026-08-02 02:23:32,2026-09-09 00:00:00,VDR-11001,72,Immediately review account status and both IAM and endpoint activity; revoke unauthorized access if confirmed
THR00132,EMP11004,Post-Termination Activity,Critical,High,2 IAM and 2 endpoint events occurred after the recorded termination date; corroborated across IAM and endpoint telemetry,2026-08-16 01:12:38,2026-08-28 19:39:04,LPT-11004,4,Immediately review account status and both IAM and endpoint activity; revoke unauthorized access if confirmed
THR00134,EMP11024,Post-Termination Activity,Critical,High,7 IAM and 6 endpoint events occurred after the recorded termination date; corroborated across IAM and endpoint telemetry,2026-08-04 21:25:43,2026-09-08 08:33:54,LPT-11024,13,Immediately review account status and both IAM and endpoint activity; revoke unauthorized access if confirmed
THR00135,EMP11026,Post-Termination Activity,Critical,High,8 IAM and 2 endpoint events occurred after the recorded termination date; corroborated across IAM and endpoint telemetry,2026-08-06 00:00:00,2026-09-07 18:01:12,WS-11026,10,Immediately review account status and both IAM and endpoint activity; revoke unauthorized access if confirmed
THR00136,EMP11035,Post-Termination Activity,Critical,High,7 IAM and 2 endpoint events occurred after the recorded termination date; corroborated across IAM and endpoint telemetry,2026-08-11 15:48:03,2026-09-05 00:00:00,LPT-11035,9,Immediately review account status and both IAM and endpoint activity; revoke unauthorized access if confirmed
THR00137,EMP11042,Post-Termination Activity,Critical,High,7 IAM and 3 endpoint events occurred after the recorded termination date; corroborated across IAM and endpoint telemetry,2026-08-03 19:58:27,2026-08-25 16:13:43,VDR-11042,10,Immediately review account status and both IAM and endpoint activity; revoke unauthorized access if confirmed
THR00138,EMP11068,Post-Termination Activity,Critical,High,6 IAM and 2 endpoint events occurred after the recorded termination date; corroborated across IAM and endpoint telemetry,2026-08-10 09:06:55,2026-09-08 00:00:00,VDR-11068,8,Immediately review account status and both IAM and endpoint activity; revoke unauthorized access if confirmed
THR00139,EMP11070,Post-Termination Activity,Critical,High,3 IAM and 2 endpoint events occurred after the recorded termination date; corroborated across IAM and endpoint telemetry,2026-08-04 07:59:08,2026-08-30 19:22:56,LPT-11070,5,Immediately review account status and both IAM and endpoint activity; revoke unauthorized access if confirmed
THR00140,EMP11077,Post-Termination Activity,Critical,High,5 IAM and 1 endpoint events occurred after the recorded termination date; corroborated across IAM and endpoint telemetry,2026-08-02 03:01:19,2026-08-28 11:15:00,WS-11077,6,Immediately review account status and both IAM and endpoint activity; revoke unauthorized access if confirmed
THR00141,EMP11078,Post-Termination Activity,Critical,High,6 IAM and 4 endpoint events occurred after the recorded termination date; corroborated across IAM and endpoint telemetry,2026-08-06 05:36:05,2026-09-08 00:00:00,WS-11078,10,Immediately review account status and both IAM and endpoint activity; revoke unauthorized access if confirmed
THR00142,EMP11082,Post-Termination Activity,Critical,High,2 IAM and 2 endpoint events occurred after the recorded termination date; corroborated across IAM and endpoint telemetry,2026-08-06 16:59:27,2026-09-04 00:00:00,VDR-11082,4,Immediately review account status and both IAM and endpoint activity; revoke unauthorized access if confirmed
THR00144,EMP11108,Post-Termination Activity,Critical,High,2 IAM and 2 endpoint events occurred after the recorded termination date; corroborated across IAM and endpoint telemetry,2026-08-04 08:20:00,2026-08-17 02:24:00,WS-11108,4,Immediately review account status and both IAM and endpoint activity; revoke unauthorized access if confirmed
THR00145,EMP11113,Post-Termination Activity,Critical,High,4 IAM and 4 endpoint events occurred after the recorded termination date; corroborated across IAM and endpoint telemetry,2026-08-04 21:09:50,2026-09-01 14:13:58,WS-11113,8,Immediately review account status and both IAM and endpoint activity; revoke unauthorized access if confirmed
THR00146,EMP11127,Post-Termination Activity,Critical,High,7 IAM and 1 endpoint events occurred after the recorded termination date; corroborated across IAM and endpoint telemetry,2026-08-02 01:05:00,2026-09-01 16:45:06,WS-11127,8,Immediately review account status and both IAM and endpoint activity; revoke unauthorized access if confirmed
THR00147,EMP11128,Post-Termination Activity,Critical,High,4 IAM and 2 endpoint events occurred after the recorded termination date; corroborated across IAM and endpoint telemetry,2026-08-03 17:53:38,2026-09-08 23:26:00,VDR-11128,6,Immediately review account status and both IAM and endpoint activity; revoke unauthorized access if confirmed
THR00148,EMP11137,Post-Termination Activity,Critical,High,5 IAM and 1 endpoint events occurred after the recorded termination date; corroborated across IAM and endpoint telemetry,2026-08-10 04:33:28,2026-09-04 11:03:00,WS-11137,6,Immediately review account status and both IAM and endpoint activity; revoke unauthorized access if confirmed
THR00149,EMP11145,Post-Termination Activity,Critical,High,4 IAM and 4 endpoint events occurred after the recorded termination date; corroborated across IAM and endpoint telemetry,2026-08-10 05:32:22,2026-09-05 22:31:07,VDR-11145,8,Immediately review account status and both IAM and endpoint activity; revoke unauthorized access if confirmed
THR00150,EMP11166,Post-Termination Activity,Critical,High,6 IAM and 4 endpoint events occurred after the recorded termination date; corroborated across IAM and endpoint telemetry,2026-08-02 10:06:08,2026-09-09 21:50:53,VDR-11166,10,Immediately review account status and both IAM and endpoint activity; revoke unauthorized access if confirmed
THR00151,EMP11184,Post-Termination Activity,Critical,High,2 IAM and 3 endpoint events occurred after the recorded termination date; corroborated across IAM and endpoint telemetry,2026-08-06 09:00:57,2026-08-27 03:47:21,LPT-11184,5,Immediately review account status and both IAM and endpoint activity; revoke unauthorized access if confirmed
THR00152,EMP11192,Post-Termination Activity,Critical,High,5 IAM and 3 endpoint events occurred after the recorded termination date; corroborated across IAM and endpoint telemetry,2026-08-01 08:46:00,2026-08-19 23:26:37,WS-11192,8,Immediately review account status and both IAM and endpoint activity; revoke unauthorized access if confirmed
THR00153,EMP11199,Post-Termination Activity,Critical,High,4 IAM and 3 endpoint events occurred after the recorded termination date; corroborated across IAM and endpoint telemetry,2026-08-11 18:55:24,2026-09-05 06:35:49,VDR-11199,7,Immediately review account status and both IAM and endpoint activity; revoke unauthorized access if confirmed
THR00154,EMP11202,Post-Termination Activity,Critical,High,3 IAM and 1 endpoint events occurred after the recorded termination date; corroborated across IAM and endpoint telemetry,2026-08-06 00:00:00,2026-08-23 22:15:33,LPT-11202,4,Immediately review account status and both IAM and endpoint activity; revoke unauthorized access if confirmed
THR00155,EMP11204,Post-Termination Activity,Critical,High,6 IAM and 4 endpoint events occurred after the recorded termination date; corroborated across IAM and endpoint telemetry,2026-08-05 19:37:34,2026-09-08 02:14:10,LPT-11204,10,Immediately review account status and both IAM and endpoint activity; revoke unauthorized access if confirmed
THR00156,EMP11208,Post-Termination Activity,Critical,High,3 IAM and 1 endpoint events occurred after the recorded termination date; corroborated across IAM and endpoint telemetry,2026-08-02 00:07:34,2026-08-23 00:10:00,LPT-11208,4,Immediately review account status and both IAM and endpoint activity; revoke unauthorized access if confirmed
THR00157,EMP11218,Post-Termination Activity,Critical,High,9 IAM and 5 endpoint events occurred after the recorded termination date; corroborated across IAM and endpoint telemetry,2026-08-03 00:00:00,2026-09-07 18:27:28,WS-11218,14,Immediately review account status and both IAM and endpoint activity; revoke unauthorized access if confirmed
THR00158,EMP11224,Post-Termination Activity,Critical,High,7 IAM and 6 endpoint events occurred after the recorded termination date; corroborated across IAM and endpoint telemetry,2026-08-04 22:24:16,2026-09-04 07:03:33,VDR-11224,13,Immediately review account status and both IAM and endpoint activity; revoke unauthorized access if confirmed
THR00159,EMP11237,Post-Termination Activity,Critical,High,4 IAM and 1 endpoint events occurred after the recorded termination date; corroborated across IAM and endpoint telemetry,2026-08-03 00:00:00,2026-09-07 00:00:00,VDR-11237,5,Immediately review account status and both IAM and endpoint activity; revoke unauthorized access if confirmed
THR00160,EMP11241,Post-Termination Activity,Critical,High,54 IAM and 3 endpoint events occurred after the recorded termination date; corroborated across IAM and endpoint telemetry,2026-08-01 00:00:00,2026-09-09 10:41:06,WS-11241,57,Immediately review account status and both IAM and endpoint activity; revoke unauthorized access if confirmed
THR00162,EMP11250,Post-Termination Activity,Critical,High,3 IAM and 3 endpoint events occurred after the recorded termination date; corroborated across IAM and endpoint telemetry,2026-08-18 15:29:10,2026-09-05 22:28:27,LPT-11250,6,Immediately review account status and both IAM and endpoint activity; revoke unauthorized access if confirmed
THR00163,EMP11251,Post-Termination Activity,Critical,High,4 IAM and 1 endpoint events occurred after the recorded termination date; corroborated across IAM and endpoint telemetry,2026-08-06 15:29:58,2026-09-03 08:55:00,VDR-11251,5,Immediately review account status and both IAM and endpoint activity; revoke unauthorized access if confirmed
THR00164,EMP11280,Post-Termination Activity,Critical,High,3 IAM and 3 endpoint events occurred after the recorded termination date; corroborated across IAM and endpoint telemetry,2026-08-04 10:35:33,2026-08-30 07:11:52,LPT-11280,6,Immediately review account status and both IAM and endpoint activity; revoke unauthorized access if confirmed
THR00166,EMP11288,Post-Termination Activity,Critical,High,4 IAM and 2 endpoint events occurred after the recorded termination date; corroborated across IAM and endpoint telemetry,2026-08-05 15:20:25,2026-09-01 14:29:28,LPT-11288,6,Immediately review account status and both IAM and endpoint activity; revoke unauthorized access if confirmed
THR00167,EMP11290,Post-Termination Activity,Critical,High,3 IAM and 4 endpoint events occurred after the recorded termination date; corroborated across IAM and endpoint telemetry,2026-08-01 10:54:54,2026-09-09 11:48:39,LPT-11290,7,Immediately review account status and both IAM and endpoint activity; revoke unauthorized access if confirmed
THR00168,EMP11301,Post-Termination Activity,Critical,High,4 IAM and 3 endpoint events occurred after the recorded termination date; corroborated across IAM and endpoint telemetry,2026-08-02 14:43:00,2026-09-05 06:00:54,WS-11301,7,Immediately review account status and both IAM and endpoint activity; revoke unauthorized access if confirmed
THR00169,EMP11313,Post-Termination Activity,Critical,High,6 IAM and 3 endpoint events occurred after the recorded termination date; corroborated across IAM and endpoint telemetry,2026-08-01 16:38:00,2026-09-03 00:29:31,WS-11313,9,Immediately review account status and both IAM and endpoint activity; revoke unauthorized access if confirmed
THR00170,EMP11316,Post-Termination Activity,Critical,High,6 IAM and 4 endpoint events occurred after the recorded termination date; corroborated across IAM and endpoint telemetry,2026-08-13 02:34:24,2026-09-08 18:49:31,VDR-11316,10,Immediately review account status and both IAM and endpoint activity; revoke unauthorized access if confirmed
THR00171,EMP11321,Post-Termination Activity,Critical,High,6 IAM and 2 endpoint events occurred after the recorded termination date; corroborated across IAM and endpoint telemetry,2026-08-08 08:02:00,2026-09-09 05:30:00,LPT-11321,8,Immediately review account status and both IAM and endpoint activity; revoke unauthorized access if confirmed
THR00172,EMP11323,Post-Termination Activity,Critical,High,8 IAM and 2 endpoint events occurred after the recorded termination date; corroborated across IAM and endpoint telemetry,2026-08-05 04:04:05,2026-09-07 00:00:00,WS-11323,10,Immediately review account status and both IAM and endpoint activity; revoke unauthorized access if confirmed
THR00173,EMP11325,Post-Termination Activity,Critical,High,3 IAM and 3 endpoint events occurred after the recorded termination date; corroborated across IAM and endpoint telemetry,2026-08-05 00:00:00,2026-09-08 04:08:35,LPT-11325,6,Immediately review account status and both IAM and endpoint activity; revoke unauthorized access if confirmed
THR00174,EMP11332,Post-Termination Activity,Critical,High,1 IAM and 3 endpoint events occurred after the recorded termination date; corroborated across IAM and endpoint telemetry,2026-08-01 00:00:00,2026-09-08 00:00:00,WS-11332,4,Immediately review account status and both IAM and endpoint activity; revoke unauthorized access if confirmed
THR00175,EMP11342,Post-Termination Activity,Critical,High,4 IAM and 2 endpoint events occurred after the recorded termination date; corroborated across IAM and endpoint telemetry,2026-08-06 00:00:00,2026-09-06 23:15:59,WS-11342,6,Immediately review account status and both IAM and endpoint activity; revoke unauthorized access if confirmed
THR00176,EMP11367,Post-Termination Activity,Critical,High,8 IAM and 4 endpoint events occurred after the recorded termination date; corroborated across IAM and endpoint telemetry,2026-08-04 15:22:04,2026-09-09 22:26:00,WS-11367,12,Immediately review account status and both IAM and endpoint activity; revoke unauthorized access if confirmed
THR00177,EMP11369,Post-Termination Activity,Critical,High,5 IAM and 1 endpoint events occurred after the recorded termination date; corroborated across IAM and endpoint telemetry,2026-08-03 10:04:59,2026-08-29 21:24:41,LPT-11369,6,Immediately review account status and both IAM and endpoint activity; revoke unauthorized access if confirmed
THR00178,EMP11372,Post-Termination Activity,Critical,High,6 IAM and 2 endpoint events occurred after the recorded termination date; corroborated across IAM and endpoint telemetry,2026-08-03 11:54:00,2026-09-07 00:00:00,WS-11372,8,Immediately review account status and both IAM and endpoint activity; revoke unauthorized access if confirmed
THR00179,EMP11374,Post-Termination Activity,Critical,High,8 IAM and 7 endpoint events occurred after the recorded termination date; corroborated across IAM and endpoint telemetry,2026-08-01 15:29:03,2026-09-07 00:00:00,WS-11374,15,Immediately review account status and both IAM and endpoint activity; revoke unauthorized access if confirmed
THR00180,EMP11375,Post-Termination Activity,Critical,High,7 IAM and 4 endpoint events occurred after the recorded termination date; corroborated across IAM and endpoint telemetry,2026-08-07 19:40:00,2026-09-06 11:21:05,VDR-11375,11,Immediately review account status and both IAM and endpoint activity; revoke unauthorized access if confirmed
THR00181,EMP11379,Post-Termination Activity,Critical,High,4 IAM and 2 endpoint events occurred after the recorded termination date; corroborated across IAM and endpoint telemetry,2026-08-02 17:31:18,2026-09-07 07:12:31,WS-11379,6,Immediately review account status and both IAM and endpoint activity; revoke unauthorized access if confirmed
THR00182,EMP11389,Post-Termination Activity,Critical,High,4 IAM and 2 endpoint events occurred after the recorded termination date; corroborated across IAM and endpoint telemetry,2026-08-04 22:24:09,2026-08-22 18:54:00,VDR-11389,6,Immediately review account status and both IAM and endpoint activity; revoke unauthorized access if confirmed
THR00184,EMP11402,Post-Termination Activity,Critical,High,2 IAM and 5 endpoint events occurred after the recorded termination date; corroborated across IAM and endpoint telemetry,2026-08-04 06:13:52,2026-09-02 00:00:00,VDR-11402,7,Immediately review account status and both IAM and endpoint activity; revoke unauthorized access if confirmed
THR00186,EMP11420,Post-Termination Activity,Critical,High,6 IAM and 3 endpoint events occurred after the recorded termination date; corroborated across IAM and endpoint telemetry,2026-08-06 00:00:00,2026-09-07 07:37:04,VDR-11420,9,Immediately review account status and both IAM and endpoint activity; revoke unauthorized access if confirmed
THR00187,EMP11449,Post-Termination Activity,Critical,High,6 IAM and 3 endpoint events occurred after the recorded termination date; corroborated across IAM and endpoint telemetry,2026-08-07 01:39:32,2026-09-04 12:49:41,VDR-11449,9,Immediately review account status and both IAM and endpoint activity; revoke unauthorized access if confirmed
THR00188,EMP11458,Post-Termination Activity,Critical,High,4 IAM and 2 endpoint events occurred after the recorded termination date; corroborated across IAM and endpoint telemetry,2026-08-13 03:54:55,2026-09-02 00:00:00,WS-11458,6,Immediately review account status and both IAM and endpoint activity; revoke unauthorized access if confirmed
THR00189,EMP11459,Post-Termination Activity,Critical,High,5 IAM and 2 endpoint events occurred after the recorded termination date; corroborated across IAM and endpoint telemetry,2026-08-04 00:00:00,2026-08-26 19:34:07,LPT-11459,7,Immediately review account status and both IAM and endpoint activity; revoke unauthorized access if confirmed
THR00190,EMP11492,Post-Termination Activity,Critical,High,2 IAM and 2 endpoint events occurred after the recorded termination date; corroborated across IAM and endpoint telemetry,2026-08-03 14:29:10,2026-09-07 00:00:00,WS-11492,4,Immediately review account status and both IAM and endpoint activity; revoke unauthorized access if confirmed
THR00191,EMP11502,Post-Termination Activity,Critical,High,5 IAM and 3 endpoint events occurred after the recorded termination date; corroborated across IAM and endpoint telemetry,2026-08-02 18:55:09,2026-09-03 06:03:21,WS-11502,8,Immediately review account status and both IAM and endpoint activity; revoke unauthorized access if confirmed
THR00192,EMP11507,Post-Termination Activity,Critical,High,7 IAM and 5 endpoint events occurred after the recorded termination date; corroborated across IAM and endpoint telemetry,2026-08-01 16:39:06,2026-09-04 00:00:00,VDR-11507,12,Immediately review account status and both IAM and endpoint activity; revoke unauthorized access if confirmed
THR00193,EMP11514,Post-Termination Activity,Critical,High,4 IAM and 3 endpoint events occurred after the recorded termination date; corroborated across IAM and endpoint telemetry,2026-08-02 19:31:30,2026-09-09 11:13:00,WS-11514,7,Immediately review account status and both IAM and endpoint activity; revoke unauthorized access if confirmed
THR00194,EMP11524,Post-Termination Activity,Critical,High,6 IAM and 1 endpoint events occurred after the recorded termination date; corroborated across IAM and endpoint telemetry,2026-08-03 11:24:17,2026-08-30 20:48:49,VDR-11524,7,Immediately review account status and both IAM and endpoint activity; revoke unauthorized access if confirmed
THR00195,EMP11534,Post-Termination Activity,Critical,High,4 IAM and 1 endpoint events occurred after the recorded termination date; corroborated across IAM and endpoint telemetry,2026-08-11 12:20:00,2026-09-09 10:34:37,LPT-11534,5,Immediately review account status and both IAM and endpoint activity; revoke unauthorized access if confirmed
THR00197,EMP11542,Post-Termination Activity,Critical,High,9 IAM and 1 endpoint events occurred after the recorded termination date; corroborated across IAM and endpoint telemetry,2026-08-07 18:23:00,2026-09-07 12:00:55,WS-11542,10,Immediately review account status and both IAM and endpoint activity; revoke unauthorized access if confirmed
THR00198,EMP11548,Post-Termination Activity,Critical,High,2 IAM and 2 endpoint events occurred after the recorded termination date; corroborated across IAM and endpoint telemetry,2026-08-06 15:14:00,2026-08-23 09:32:46,WS-11548,4,Immediately review account status and both IAM and endpoint activity; revoke unauthorized access if confirmed
THR00199,EMP11557,Post-Termination Activity,Critical,High,2 IAM and 1 endpoint events occurred after the recorded termination date; corroborated across IAM and endpoint telemetry,2026-08-06 05:31:12,2026-08-22 02:04:06,VDR-11557,3,Immediately review account status and both IAM and endpoint activity; revoke unauthorized access if confirmed
THR00200,EMP11568,Post-Termination Activity,Critical,High,6 IAM and 4 endpoint events occurred after the recorded termination date; corroborated across IAM and endpoint telemetry,2026-08-02 00:00:00,2026-09-08 04:30:58,LPT-11568,10,Immediately review account status and both IAM and endpoint activity; revoke unauthorized access if confirmed
THR00201,EMP11590,Post-Termination Activity,Critical,High,3 IAM and 2 endpoint events occurred after the recorded termination date; corroborated across IAM and endpoint telemetry,2026-08-01 00:00:00,2026-08-27 00:00:00,WS-11590,5,Immediately review account status and both IAM and endpoint activity; revoke unauthorized access if confirmed
THR00202,EMP11598,Post-Termination Activity,Critical,High,5 IAM and 4 endpoint events occurred after the recorded termination date; corroborated across IAM and endpoint telemetry,2026-08-13 10:26:38,2026-09-08 06:27:03,WS-11598,9,Immediately review account status and both IAM and endpoint activity; revoke unauthorized access if confirmed
THR00203,EMP11610,Post-Termination Activity,Critical,High,3 IAM and 4 endpoint events occurred after the recorded termination date; corroborated across IAM and endpoint telemetry,2026-08-01 13:08:00,2026-08-31 06:38:14,VDR-11610,7,Immediately review account status and both IAM and endpoint activity; revoke unauthorized access if confirmed
THR00204,EMP11617,Post-Termination Activity,Critical,High,3 IAM and 4 endpoint events occurred after the recorded termination date; corroborated across IAM and endpoint telemetry,2026-08-08 05:50:53,2026-09-06 10:28:06,VDR-11617,7,Immediately review account status and both IAM and endpoint activity; revoke unauthorized access if confirmed
THR00207,EMP11631,Post-Termination Activity,Critical,High,6 IAM and 2 endpoint events occurred after the recorded termination date; corroborated across IAM and endpoint telemetry,2026-08-02 16:26:00,2026-09-02 12:35:00,LPT-11631,8,Immediately review account status and both IAM and endpoint activity; revoke unauthorized access if confirmed
THR00208,EMP11641,Post-Termination Activity,Critical,High,3 IAM and 3 endpoint events occurred after the recorded termination date; corroborated across IAM and endpoint telemetry,2026-08-01 14:37:45,2026-08-31 06:05:46,WS-11641,6,Immediately review account status and both IAM and endpoint activity; revoke unauthorized access if confirmed
THR00209,EMP11648,Post-Termination Activity,Critical,High,9 IAM and 2 endpoint events occurred after the recorded termination date; corroborated across IAM and endpoint telemetry,2026-08-01 00:00:00,2026-09-05 22:44:02,WS-11648,11,Immediately review account status and both IAM and endpoint activity; revoke unauthorized access if confirmed
THR00210,EMP11650,Post-Termination Activity,Critical,High,3 IAM and 1 endpoint events occurred after the recorded termination date; corroborated across IAM and endpoint telemetry,2026-08-16 13:45:07,2026-08-23 10:51:34,VDR-11650,4,Immediately review account status and both IAM and endpoint activity; revoke unauthorized access if confirmed
THR00211,EMP11654,Post-Termination Activity,Critical,High,6 IAM and 3 endpoint events occurred after the recorded termination date; corroborated across IAM and endpoint telemetry,2026-08-02 00:00:00,2026-09-08 09:32:00,WS-11654,9,Immediately review account status and both IAM and endpoint activity; revoke unauthorized access if confirmed
THR00212,EMP11661,Post-Termination Activity,Critical,High,1 IAM and 2 endpoint events occurred after the recorded termination date; corroborated across IAM and endpoint telemetry,2026-08-04 00:00:00,2026-09-04 01:52:01,LPT-11661,3,Immediately review account status and both IAM and endpoint activity; revoke unauthorized access if confirmed
THR00213,EMP11664,Post-Termination Activity,Critical,High,9 IAM and 2 endpoint events occurred after the recorded termination date; corroborated across IAM and endpoint telemetry,2026-08-11 17:45:30,2026-09-08 17:33:00,LPT-11664,11,Immediately review account status and both IAM and endpoint activity; revoke unauthorized access if confirmed
THR00214,EMP11673,Post-Termination Activity,Critical,High,4 IAM and 1 endpoint events occurred after the recorded termination date; corroborated across IAM and endpoint telemetry,2026-08-21 20:19:35,2026-09-05 00:00:00,LPT-11673,5,Immediately review account status and both IAM and endpoint activity; revoke unauthorized access if confirmed
THR00215,EMP11688,Post-Termination Activity,Critical,High,2 IAM and 1 endpoint events occurred after the recorded termination date; corroborated across IAM and endpoint telemetry,2026-08-05 09:04:49,2026-09-04 15:42:47,WS-11688,3,Immediately review account status and both IAM and endpoint activity; revoke unauthorized access if confirmed
THR00217,EMP11707,Post-Termination Activity,Critical,High,6 IAM and 3 endpoint events occurred after the recorded termination date; corroborated across IAM and endpoint telemetry,2026-08-14 00:00:00,2026-08-31 23:15:00,LPT-11707,9,Immediately review account status and both IAM and endpoint activity; revoke unauthorized access if confirmed
THR00218,EMP11725,Post-Termination Activity,Critical,High,5 IAM and 2 endpoint events occurred after the recorded termination date; corroborated across IAM and endpoint telemetry,2026-08-01 01:10:54,2026-09-02 00:00:00,WS-11725,7,Immediately review account status and both IAM and endpoint activity; revoke unauthorized access if confirmed
THR00219,EMP11726,Post-Termination Activity,Critical,High,4 IAM and 2 endpoint events occurred after the recorded termination date; corroborated across IAM and endpoint telemetry,2026-08-02 20:17:32,2026-09-02 00:00:00,LPT-11726,6,Immediately review account status and both IAM and endpoint activity; revoke unauthorized access if confirmed
THR00220,EMP11739,Post-Termination Activity,Critical,High,7 IAM and 4 endpoint events occurred after the recorded termination date; corroborated across IAM and endpoint telemetry,2026-08-10 20:43:07,2026-09-04 23:01:00,WS-11739,11,Immediately review account status and both IAM and endpoint activity; revoke unauthorized access if confirmed
THR00221,EMP11744,Post-Termination Activity,Critical,High,7 IAM and 2 endpoint events occurred after the recorded termination date; corroborated across IAM and endpoint telemetry,2026-08-01 06:11:36,2026-09-05 03:57:50,LPT-11744,9,Immediately review account status and both IAM and endpoint activity; revoke unauthorized access if confirmed
THR00222,EMP11757,Post-Termination Activity,Critical,High,2 IAM and 5 endpoint events occurred after the recorded termination date; corroborated across IAM and endpoint telemetry,2026-08-16 02:10:56,2026-09-09 08:53:51,VDR-11757,7,Immediately review account status and both IAM and endpoint activity; revoke unauthorized access if confirmed
THR00223,EMP11758,Post-Termination Activity,Critical,High,6 IAM and 2 endpoint events occurred after the recorded termination date; corroborated across IAM and endpoint telemetry,2026-08-09 01:48:18,2026-09-04 06:32:01,VDR-11758,8,Immediately review account status and both IAM and endpoint activity; revoke unauthorized access if confirmed
THR00224,EMP11797,Post-Termination Activity,Critical,High,4 IAM and 3 endpoint events occurred after the recorded termination date; corroborated across IAM and endpoint telemetry,2026-08-19 17:31:25,2026-09-06 03:04:39,VDR-11797,7,Immediately review account status and both IAM and endpoint activity; revoke unauthorized access if confirmed
THR00225,EMP11799,Post-Termination Activity,Critical,High,3 IAM and 2 endpoint events occurred after the recorded termination date; corroborated across IAM and endpoint telemetry,2026-08-03 12:28:58,2026-08-21 15:54:38,WS-11799,5,Immediately review account status and both IAM and endpoint activity; revoke unauthorized access if confirmed
THR00226,EMP11819,Post-Termination Activity,Critical,High,3 IAM and 2 endpoint events occurred after the recorded termination date; corroborated across IAM and endpoint telemetry,2026-08-05 06:07:23,2026-08-30 19:16:39,WS-11819,5,Immediately review account status and both IAM and endpoint activity; revoke unauthorized access if confirmed
THR00227,EMP11828,Post-Termination Activity,Critical,High,7 IAM and 3 endpoint events occurred after the recorded termination date; corroborated across IAM and endpoint telemetry,2026-08-03 00:14:20,2026-09-07 20:25:00,WS-11828,10,Immediately review account status and both IAM and endpoint activity; revoke unauthorized access if confirmed
THR00228,EMP11832,Post-Termination Activity,Critical,High,4 IAM and 2 endpoint events occurred after the recorded termination date; corroborated across IAM and endpoint telemetry,2026-08-15 07:28:00,2026-09-09 07:56:03,VDR-11832,6,Immediately review account status and both IAM and endpoint activity; revoke unauthorized access if confirmed
THR00229,EMP11840,Post-Termination Activity,Critical,High,6 IAM and 5 endpoint events occurred after the recorded termination date; corroborated across IAM and endpoint telemetry,2026-08-01 04:18:38,2026-09-06 19:51:00,LPT-11840,11,Immediately review account status and both IAM and endpoint activity; revoke unauthorized access if confirmed
THR00230,EMP11841,Post-Termination Activity,Critical,High,2 IAM and 4 endpoint events occurred after the recorded termination date; corroborated across IAM and endpoint telemetry,2026-08-01 16:20:21,2026-08-30 20:52:00,LPT-11841,6,Immediately review account status and both IAM and endpoint activity; revoke unauthorized access if confirmed
THR00231,EMP11848,Post-Termination Activity,Critical,High,2 IAM and 1 endpoint events occurred after the recorded termination date; corroborated across IAM and endpoint telemetry,2026-08-16 23:15:28,2026-09-06 10:24:49,VDR-11848,3,Immediately review account status and both IAM and endpoint activity; revoke unauthorized access if confirmed
THR00232,EMP11862,Post-Termination Activity,Critical,High,7 IAM and 5 endpoint events occurred after the recorded termination date; corroborated across IAM and endpoint telemetry,2026-08-01 10:54:14,2026-09-09 15:12:27,LPT-11862,12,Immediately review account status and both IAM and endpoint activity; revoke unauthorized access if confirmed
THR00234,EMP11882,Post-Termination Activity,Critical,High,3 IAM and 1 endpoint events occurred after the recorded termination date; corroborated across IAM and endpoint telemetry,2026-08-04 00:00:00,2026-09-09 15:45:06,LPT-11882,4,Immediately review account status and both IAM and endpoint activity; revoke unauthorized access if confirmed
THR00235,EMP11883,Post-Termination Activity,Critical,High,2 IAM and 3 endpoint events occurred after the recorded termination date; corroborated across IAM and endpoint telemetry,2026-08-12 00:00:00,2026-09-08 16:44:41,VDR-11883,5,Immediately review account status and both IAM and endpoint activity; revoke unauthorized access if confirmed
THR00236,EMP11890,Post-Termination Activity,Critical,High,4 IAM and 2 endpoint events occurred after the recorded termination date; corroborated across IAM and endpoint telemetry,2026-08-10 18:48:51,2026-09-09 11:07:04,LPT-11890,6,Immediately review account status and both IAM and endpoint activity; revoke unauthorized access if confirmed
THR00237,EMP11896,Post-Termination Activity,Critical,High,2 IAM and 1 endpoint events occurred after the recorded termination date; corroborated across IAM and endpoint telemetry,2026-08-01 03:38:30,2026-09-03 05:24:56,WS-11896,3,Immediately review account status and both IAM and endpoint activity; revoke unauthorized access if confirmed
THR00238,EMP11902,Post-Termination Activity,Critical,High,3 IAM and 2 endpoint events occurred after the recorded termination date; corroborated across IAM and endpoint telemetry,2026-08-10 13:55:16,2026-08-30 01:54:00,LPT-11902,5,Immediately review account status and both IAM and endpoint activity; revoke unauthorized access if confirmed
THR00239,EMP11903,Post-Termination Activity,Critical,High,4 IAM and 1 endpoint events occurred after the recorded termination date; corroborated across IAM and endpoint telemetry,2026-08-04 00:00:00,2026-09-07 11:43:30,LPT-11903,5,Immediately review account status and both IAM and endpoint activity; revoke unauthorized access if confirmed
THR00240,EMP11914,Post-Termination Activity,Critical,High,9 IAM and 2 endpoint events occurred after the recorded termination date; corroborated across IAM and endpoint telemetry,2026-08-03 00:26:49,2026-09-08 11:55:04,LPT-11914,11,Immediately review account status and both IAM and endpoint activity; revoke unauthorized access if confirmed
THR00241,EMP11925,Post-Termination Activity,Critical,High,2 IAM and 2 endpoint events occurred after the recorded termination date; corroborated across IAM and endpoint telemetry,2026-08-07 12:17:56,2026-09-06 10:28:21,LPT-11925,4,Immediately review account status and both IAM and endpoint activity; revoke unauthorized access if confirmed
THR00242,EMP11926,Post-Termination Activity,Critical,High,5 IAM and 2 endpoint events occurred after the recorded termination date; corroborated across IAM and endpoint telemetry,2026-08-04 03:35:57,2026-09-06 19:18:25,LPT-11926,7,Immediately review account status and both IAM and endpoint activity; revoke unauthorized access if confirmed
THR00243,EMP11943,Post-Termination Activity,Critical,High,3 IAM and 4 endpoint events occurred after the recorded termination date; corroborated across IAM and endpoint telemetry,2026-08-08 00:00:00,2026-09-02 00:00:00,VDR-11943,7,Immediately review account status and both IAM and endpoint activity; revoke unauthorized access if confirmed
THR00244,EMP11949,Post-Termination Activity,Critical,High,5 IAM and 3 endpoint events occurred after the recorded termination date; corroborated across IAM and endpoint telemetry,2026-08-03 19:51:32,2026-09-09 15:03:58,WS-11949,8,Immediately review account status and both IAM and endpoint activity; revoke unauthorized access if confirmed
THR00245,EMP11951,Post-Termination Activity,Critical,High,6 IAM and 4 endpoint events occurred after the recorded termination date; corroborated across IAM and endpoint telemetry,2026-08-08 00:00:00,2026-09-03 11:01:09,VDR-11951,10,Immediately review account status and both IAM and endpoint activity; revoke unauthorized access if confirmed
THR00246,EMP11970,Post-Termination Activity,Critical,High,2 IAM and 2 endpoint events occurred after the recorded termination date; corroborated across IAM and endpoint telemetry,2026-08-01 00:00:00,2026-09-08 22:45:00,LPT-11970,4,Immediately review account status and both IAM and endpoint activity; revoke unauthorized access if confirmed
THR00249,EMP12012,Post-Termination Activity,Critical,High,7 IAM and 2 endpoint events occurred after the recorded termination date; corroborated across IAM and endpoint telemetry,2026-08-01 00:00:00,2026-09-07 21:57:00,VDR-12012,9,Immediately review account status and both IAM and endpoint activity; revoke unauthorized access if confirmed
THR00250,EMP12033,Post-Termination Activity,Critical,High,4 IAM and 1 endpoint events occurred after the recorded termination date; corroborated across IAM and endpoint telemetry,2026-08-03 22:07:56,2026-08-27 22:51:00,VDR-12033,5,Immediately review account status and both IAM and endpoint activity; revoke unauthorized access if confirmed
THR00251,EMP12043,Post-Termination Activity,Critical,High,2 IAM and 5 endpoint events occurred after the recorded termination date; corroborated across IAM and endpoint telemetry,2026-08-16 12:12:13,2026-09-09 06:14:11,LPT-12043,7,Immediately review account status and both IAM and endpoint activity; revoke unauthorized access if confirmed
THR00252,EMP12059,Post-Termination Activity,Critical,High,3 IAM and 3 endpoint events occurred after the recorded termination date; corroborated across IAM and endpoint telemetry,2026-08-01 18:51:17,2026-09-05 05:22:39,VDR-12059,6,Immediately review account status and both IAM and endpoint activity; revoke unauthorized access if confirmed
THR00253,EMP12060,Post-Termination Activity,Critical,High,2 IAM and 4 endpoint events occurred after the recorded termination date; corroborated across IAM and endpoint telemetry,2026-08-05 00:00:00,2026-08-22 03:38:08,LPT-12060,6,Immediately review account status and both IAM and endpoint activity; revoke unauthorized access if confirmed
THR00256,EMP12123,Post-Termination Activity,Critical,High,6 IAM and 4 endpoint events occurred after the recorded termination date; corroborated across IAM and endpoint telemetry,2026-08-01 12:48:13,2026-09-07 21:34:00,VDR-12123,10,Immediately review account status and both IAM and endpoint activity; revoke unauthorized access if confirmed
THR00257,EMP12126,Post-Termination Activity,Critical,High,8 IAM and 1 endpoint events occurred after the recorded termination date; corroborated across IAM and endpoint telemetry,2026-08-15 22:55:16,2026-09-08 20:25:18,VDR-12126,9,Immediately review account status and both IAM and endpoint activity; revoke unauthorized access if confirmed
THR00258,EMP12128,Post-Termination Activity,Critical,High,6 IAM and 2 endpoint events occurred after the recorded termination date; corroborated across IAM and endpoint telemetry,2026-08-04 17:09:00,2026-09-08 21:52:55,WS-12128,8,Immediately review account status and both IAM and endpoint activity; revoke unauthorized access if confirmed
THR00260,EMP12131,Post-Termination Activity,Critical,High,2 IAM and 2 endpoint events occurred after the recorded termination date; corroborated across IAM and endpoint telemetry,2026-08-05 17:12:40,2026-09-05 21:12:11,VDR-12131,4,Immediately review account status and both IAM and endpoint activity; revoke unauthorized access if confirmed
THR00263,EMP12148,Post-Termination Activity,Critical,High,3 IAM and 2 endpoint events occurred after the recorded termination date; corroborated across IAM and endpoint telemetry,2026-08-03 19:38:00,2026-09-03 00:00:00,VDR-12148,5,Immediately review account status and both IAM and endpoint activity; revoke unauthorized access if confirmed
THR00264,EMP12154,Post-Termination Activity,Critical,High,5 IAM and 1 endpoint events occurred after the recorded termination date; corroborated across IAM and endpoint telemetry,2026-08-05 13:49:52,2026-09-09 17:20:00,VDR-12154,6,Immediately review account status and both IAM and endpoint activity; revoke unauthorized access if confirmed
THR00265,EMP12155,Post-Termination Activity,Critical,High,8 IAM and 4 endpoint events occurred after the recorded termination date; corroborated across IAM and endpoint telemetry,2026-08-04 00:00:00,2026-09-03 13:27:46,LPT-12155,12,Immediately review account status and both IAM and endpoint activity; revoke unauthorized access if confirmed
THR00266,EMP12156,Post-Termination Activity,Critical,High,1 IAM and 2 endpoint events occurred after the recorded termination date; corroborated across IAM and endpoint telemetry,2026-08-21 20:13:11,2026-08-31 04:19:28,VDR-12156,3,Immediately review account status and both IAM and endpoint activity; revoke unauthorized access if confirmed
THR00267,EMP12159,Post-Termination Activity,Critical,High,3 IAM and 2 endpoint events occurred after the recorded termination date; corroborated across IAM and endpoint telemetry,2026-08-14 18:37:00,2026-09-03 17:51:29,VDR-12159,5,Immediately review account status and both IAM and endpoint activity; revoke unauthorized access if confirmed
THR00268,EMP12172,Post-Termination Activity,Critical,High,2 IAM and 4 endpoint events occurred after the recorded termination date; corroborated across IAM and endpoint telemetry,2026-08-10 20:33:36,2026-09-09 09:19:31,WS-12172,6,Immediately review account status and both IAM and endpoint activity; revoke unauthorized access if confirmed
THR00269,EMP12174,Post-Termination Activity,Critical,High,8 IAM and 4 endpoint events occurred after the recorded termination date; corroborated across IAM and endpoint telemetry,2026-08-08 05:31:23,2026-09-06 14:03:03,VDR-12174,12,Immediately review account status and both IAM and endpoint activity; revoke unauthorized access if confirmed
THR00270,EMP12175,Post-Termination Activity,Critical,High,6 IAM and 2 endpoint events occurred after the recorded termination date; corroborated across IAM and endpoint telemetry,2026-08-04 08:56:32,2026-09-09 00:00:00,WS-12175,8,Immediately review account status and both IAM and endpoint activity; revoke unauthorized access if confirmed
THR00271,EMP12179,Post-Termination Activity,Critical,High,5 IAM and 3 endpoint events occurred after the recorded termination date; corroborated across IAM and endpoint telemetry,2026-08-05 07:08:59,2026-09-09 00:00:00,WS-12179,8,Immediately review account status and both IAM and endpoint activity; revoke unauthorized access if confirmed
THR00272,EMP12180,Post-Termination Activity,Critical,High,9 IAM and 2 endpoint events occurred after the recorded termination date; corroborated across IAM and endpoint telemetry,2026-08-03 08:10:50,2026-08-30 00:00:00,VDR-12180,11,Immediately review account status and both IAM and endpoint activity; revoke unauthorized access if confirmed
THR00273,EMP12184,Post-Termination Activity,Critical,High,3 IAM and 2 endpoint events occurred after the recorded termination date; corroborated across IAM and endpoint telemetry,2026-08-01 00:00:00,2026-09-01 06:27:00,VDR-12184,5,Immediately review account status and both IAM and endpoint activity; revoke unauthorized access if confirmed
THR00274,EMP12188,Post-Termination Activity,Critical,High,2 IAM and 2 endpoint events occurred after the recorded termination date; corroborated across IAM and endpoint telemetry,2026-08-03 17:19:29,2026-08-22 02:55:00,WS-12188,4,Immediately review account status and both IAM and endpoint activity; revoke unauthorized access if confirmed
THR00275,EMP12189,Post-Termination Activity,Critical,High,3 IAM and 1 endpoint events occurred after the recorded termination date; corroborated across IAM and endpoint telemetry,2026-08-23 11:23:09,2026-09-09 08:40:39,WS-12189,4,Immediately review account status and both IAM and endpoint activity; revoke unauthorized access if confirmed
THR00276,EMP12198,Post-Termination Activity,Critical,High,3 IAM and 2 endpoint events occurred after the recorded termination date; corroborated across IAM and endpoint telemetry,2026-08-25 18:17:45,2026-09-07 03:39:34,VDR-12198,5,Immediately review account status and both IAM and endpoint activity; revoke unauthorized access if confirmed
THR00277,EMP12204,Post-Termination Activity,Critical,High,4 IAM and 2 endpoint events occurred after the recorded termination date; corroborated across IAM and endpoint telemetry,2026-08-05 11:15:46,2026-08-31 18:13:30,WS-12204,6,Immediately review account status and both IAM and endpoint activity; revoke unauthorized access if confirmed
THR00278,EMP12216,Post-Termination Activity,Critical,High,5 IAM and 2 endpoint events occurred after the recorded termination date; corroborated across IAM and endpoint telemetry,2026-08-01 09:10:55,2026-09-06 09:18:49,VDR-12216,7,Immediately review account status and both IAM and endpoint activity; revoke unauthorized access if confirmed
THR00279,EMP12218,Post-Termination Activity,Critical,High,5 IAM and 4 endpoint events occurred after the recorded termination date; corroborated across IAM and endpoint telemetry,2026-08-04 06:29:31,2026-09-08 09:31:54,VDR-12218,9,Immediately review account status and both IAM and endpoint activity; revoke unauthorized access if confirmed
THR00280,EMP12220,Post-Termination Activity,Critical,High,8 IAM and 2 endpoint events occurred after the recorded termination date; corroborated across IAM and endpoint telemetry,2026-08-01 09:39:00,2026-09-02 12:06:24,WS-12220,10,Immediately review account status and both IAM and endpoint activity; revoke unauthorized access if confirmed
THR00281,EMP12228,Post-Termination Activity,Critical,High,2 IAM and 2 endpoint events occurred after the recorded termination date; corroborated across IAM and endpoint telemetry,2026-08-02 08:41:54,2026-09-09 00:27:55,LPT-12228,4,Immediately review account status and both IAM and endpoint activity; revoke unauthorized access if confirmed
THR00283,EMP12247,Post-Termination Activity,Critical,High,2 IAM and 1 endpoint events occurred after the recorded termination date; corroborated across IAM and endpoint telemetry,2026-08-27 00:00:00,2026-09-08 18:22:00,VDR-12247,3,Immediately review account status and both IAM and endpoint activity; revoke unauthorized access if confirmed
THR00284,EMP12274,Post-Termination Activity,Critical,High,4 IAM and 1 endpoint events occurred after the recorded termination date; corroborated across IAM and endpoint telemetry,2026-08-03 18:34:34,2026-09-05 10:45:05,WS-12274,5,Immediately review account status and both IAM and endpoint activity; revoke unauthorized access if confirmed
THR00285,EMP12278,Post-Termination Activity,Critical,High,3 IAM and 1 endpoint events occurred after the recorded termination date; corroborated across IAM and endpoint telemetry,2026-08-02 16:26:55,2026-08-11 13:37:37,VDR-12278,4,Immediately review account status and both IAM and endpoint activity; revoke unauthorized access if confirmed
THR00286,EMP12299,Post-Termination Activity,Critical,High,5 IAM and 1 endpoint events occurred after the recorded termination date; corroborated across IAM and endpoint telemetry,2026-08-03 13:23:51,2026-09-05 00:00:00,LPT-12299,6,Immediately review account status and both IAM and endpoint activity; revoke unauthorized access if confirmed
THR00288,EMP12318,Post-Termination Activity,Critical,High,5 IAM and 3 endpoint events occurred after the recorded termination date; corroborated across IAM and endpoint telemetry,2026-08-01 03:46:23,2026-09-08 03:38:46,VDR-12318,8,Immediately review account status and both IAM and endpoint activity; revoke unauthorized access if confirmed
THR00289,EMP12322,Post-Termination Activity,Critical,High,4 IAM and 2 endpoint events occurred after the recorded termination date; corroborated across IAM and endpoint telemetry,2026-08-01 21:31:14,2026-09-08 15:59:18,LPT-12322,6,Immediately review account status and both IAM and endpoint activity; revoke unauthorized access if confirmed
THR00290,EMP12328,Post-Termination Activity,Critical,High,5 IAM and 1 endpoint events occurred after the recorded termination date; corroborated across IAM and endpoint telemetry,2026-08-01 18:24:16,2026-08-26 12:01:47,VDR-12328,6,Immediately review account status and both IAM and endpoint activity; revoke unauthorized access if confirmed
THR00291,EMP12332,Post-Termination Activity,Critical,High,1 IAM and 2 endpoint events occurred after the recorded termination date; corroborated across IAM and endpoint telemetry,2026-09-01 00:53:00,2026-09-09 10:25:44,VDR-12332,3,Immediately review account status and both IAM and endpoint activity; revoke unauthorized access if confirmed
THR00292,EMP12333,Post-Termination Activity,Critical,High,3 IAM and 3 endpoint events occurred after the recorded termination date; corroborated across IAM and endpoint telemetry,2026-08-04 00:30:46,2026-08-27 04:29:22,VDR-12333,6,Immediately review account status and both IAM and endpoint activity; revoke unauthorized access if confirmed
THR00293,EMP12338,Post-Termination Activity,Critical,High,8 IAM and 3 endpoint events occurred after the recorded termination date; corroborated across IAM and endpoint telemetry,2026-08-03 01:05:01,2026-09-04 11:20:10,VDR-12338,11,Immediately review account status and both IAM and endpoint activity; revoke unauthorized access if confirmed
THR00294,EMP12340,Post-Termination Activity,Critical,High,6 IAM and 2 endpoint events occurred after the recorded termination date; corroborated across IAM and endpoint telemetry,2026-08-01 11:31:44,2026-09-06 08:44:48,WS-12340,8,Immediately review account status and both IAM and endpoint activity; revoke unauthorized access if confirmed
THR00295,EMP12349,Post-Termination Activity,Critical,High,4 IAM and 1 endpoint events occurred after the recorded termination date; corroborated across IAM and endpoint telemetry,2026-08-05 00:00:00,2026-09-01 19:51:00,LPT-12349,5,Immediately review account status and both IAM and endpoint activity; revoke unauthorized access if confirmed
THR00296,EMP12364,Post-Termination Activity,Critical,High,5 IAM and 2 endpoint events occurred after the recorded termination date; corroborated across IAM and endpoint telemetry,2026-08-05 04:54:44,2026-08-29 19:52:01,LPT-12364,7,Immediately review account status and both IAM and endpoint activity; revoke unauthorized access if confirmed
THR00297,EMP12374,Post-Termination Activity,Critical,High,5 IAM and 3 endpoint events occurred after the recorded termination date; corroborated across IAM and endpoint telemetry,2026-08-06 16:02:00,2026-09-04 08:34:12,VDR-12374,8,Immediately review account status and both IAM and endpoint activity; revoke unauthorized access if confirmed
THR00298,EMP12386,Post-Termination Activity,Critical,High,2 IAM and 4 endpoint events occurred after the recorded termination date; corroborated across IAM and endpoint telemetry,2026-08-08 05:00:00,2026-08-29 00:00:00,VDR-12386,6,Immediately review account status and both IAM and endpoint activity; revoke unauthorized access if confirmed
THR00299,EMP12396,Post-Termination Activity,Critical,High,9 IAM and 1 endpoint events occurred after the recorded termination date; corroborated across IAM and endpoint telemetry,2026-08-06 08:59:00,2026-09-09 05:36:53,WS-12396,10,Immediately review account status and both IAM and endpoint activity; revoke unauthorized access if confirmed
THR00300,EMP12403,Post-Termination Activity,Critical,High,5 IAM and 3 endpoint events occurred after the recorded termination date; corroborated across IAM and endpoint telemetry,2026-08-12 00:22:01,2026-09-06 17:18:23,VDR-12403,8,Immediately review account status and both IAM and endpoint activity; revoke unauthorized access if confirmed
THR00301,EMP12409,Post-Termination Activity,Critical,High,6 IAM and 6 endpoint events occurred after the recorded termination date; corroborated across IAM and endpoint telemetry,2026-08-01 00:00:00,2026-09-08 18:56:00,WS-12409,12,Immediately review account status and both IAM and endpoint activity; revoke unauthorized access if confirmed
THR00302,EMP12435,Post-Termination Activity,Critical,High,5 IAM and 2 endpoint events occurred after the recorded termination date; corroborated across IAM and endpoint telemetry,2026-08-14 19:49:00,2026-09-09 20:06:51,VDR-12435,7,Immediately review account status and both IAM and endpoint activity; revoke unauthorized access if confirmed
THR00303,EMP12437,Post-Termination Activity,Critical,High,2 IAM and 3 endpoint events occurred after the recorded termination date; corroborated across IAM and endpoint telemetry,2026-08-04 10:16:00,2026-09-03 00:00:00,VDR-12437,5,Immediately review account status and both IAM and endpoint activity; revoke unauthorized access if confirmed
THR00304,EMP12444,Post-Termination Activity,Critical,High,4 IAM and 2 endpoint events occurred after the recorded termination date; corroborated across IAM and endpoint telemetry,2026-08-07 00:00:00,2026-09-08 09:32:22,LPT-12444,6,Immediately review account status and both IAM and endpoint activity; revoke unauthorized access if confirmed
THR00305,EMP12446,Post-Termination Activity,Critical,High,3 IAM and 6 endpoint events occurred after the recorded termination date; corroborated across IAM and endpoint telemetry,2026-08-04 02:51:58,2026-09-08 19:23:40,WS-12446,9,Immediately review account status and both IAM and endpoint activity; revoke unauthorized access if confirmed
THR00306,EMP12457,Post-Termination Activity,Critical,High,5 IAM and 3 endpoint events occurred after the recorded termination date; corroborated across IAM and endpoint telemetry,2026-08-01 20:14:22,2026-09-07 06:52:12,LPT-12457,8,Immediately review account status and both IAM and endpoint activity; revoke unauthorized access if confirmed
THR00307,EMP12458,Post-Termination Activity,Critical,High,3 IAM and 2 endpoint events occurred after the recorded termination date; corroborated across IAM and endpoint telemetry,2026-08-04 07:39:19,2026-09-07 14:30:12,VDR-12458,5,Immediately review account status and both IAM and endpoint activity; revoke unauthorized access if confirmed
THR00308,EMP12466,Post-Termination Activity,Critical,High,2 IAM and 1 endpoint events occurred after the recorded termination date; corroborated across IAM and endpoint telemetry,2026-08-06 00:00:00,2026-09-07 23:14:00,LPT-12466,3,Immediately review account status and both IAM and endpoint activity; revoke unauthorized access if confirmed
THR00309,EMP12469,Post-Termination Activity,Critical,High,1 IAM and 1 endpoint events occurred after the recorded termination date; corroborated across IAM and endpoint telemetry,2026-08-07 01:40:00,2026-09-03 01:29:02,WS-12469,2,Immediately review account status and both IAM and endpoint activity; revoke unauthorized access if confirmed
THR00310,EMP12470,Post-Termination Activity,Critical,High,4 IAM and 2 endpoint events occurred after the recorded termination date; corroborated across IAM and endpoint telemetry,2026-08-08 16:24:58,2026-08-17 19:37:46,LPT-12470,6,Immediately review account status and both IAM and endpoint activity; revoke unauthorized access if confirmed
THR00311,EMP12490,Post-Termination Activity,Critical,High,4 IAM and 2 endpoint events occurred after the recorded termination date; corroborated across IAM and endpoint telemetry,2026-08-02 09:53:35,2026-08-29 22:01:49,VDR-12490,6,Immediately review account status and both IAM and endpoint activity; revoke unauthorized access if confirmed
THR00312,EMP12511,Post-Termination Activity,Critical,High,3 IAM and 1 endpoint events occurred after the recorded termination date; corroborated across IAM and endpoint telemetry,2026-08-12 17:56:20,2026-09-02 19:50:54,WS-12511,4,Immediately review account status and both IAM and endpoint activity; revoke unauthorized access if confirmed
THR00313,EMP12515,Post-Termination Activity,Critical,High,4 IAM and 6 endpoint events occurred after the recorded termination date; corroborated across IAM and endpoint telemetry,2026-08-02 11:39:02,2026-09-05 09:23:17,WS-12515,10,Immediately review account status and both IAM and endpoint activity; revoke unauthorized access if confirmed
THR00314,EMP12527,Post-Termination Activity,Critical,High,1 IAM and 1 endpoint events occurred after the recorded termination date; corroborated across IAM and endpoint telemetry,2026-08-24 13:39:00,2026-08-31 04:21:04,VDR-12527,2,Immediately review account status and both IAM and endpoint activity; revoke unauthorized access if confirmed
THR00315,EMP12540,Post-Termination Activity,Critical,High,4 IAM and 1 endpoint events occurred after the recorded termination date; corroborated across IAM and endpoint telemetry,2026-08-04 00:00:00,2026-08-31 16:54:00,LPT-12540,5,Immediately review account status and both IAM and endpoint activity; revoke unauthorized access if confirmed
THR00316,EMP12555,Post-Termination Activity,Critical,High,2 IAM and 3 endpoint events occurred after the recorded termination date; corroborated across IAM and endpoint telemetry,2026-08-01 22:47:44,2026-08-26 00:00:00,WS-12555,5,Immediately review account status and both IAM and endpoint activity; revoke unauthorized access if confirmed
THR00317,EMP12574,Post-Termination Activity,Critical,High,3 IAM and 1 endpoint events occurred after the recorded termination date; corroborated across IAM and endpoint telemetry,2026-08-06 03:26:39,2026-09-01 00:02:54,LPT-12574,4,Immediately review account status and both IAM and endpoint activity; revoke unauthorized access if confirmed
THR00318,EMP12581,Post-Termination Activity,Critical,High,7 IAM and 3 endpoint events occurred after the recorded termination date; corroborated across IAM and endpoint telemetry,2026-08-03 07:35:24,2026-09-08 19:47:25,WS-12581,10,Immediately review account status and both IAM and endpoint activity; revoke unauthorized access if confirmed
THR00319,EMP12612,Post-Termination Activity,Critical,High,9 IAM and 2 endpoint events occurred after the recorded termination date; corroborated across IAM and endpoint telemetry,2026-08-02 01:23:47,2026-09-07 08:53:08,LPT-12612,11,Immediately review account status and both IAM and endpoint activity; revoke unauthorized access if confirmed
THR00320,EMP12618,Post-Termination Activity,Critical,High,6 IAM and 3 endpoint events occurred after the recorded termination date; corroborated across IAM and endpoint telemetry,2026-08-01 00:00:00,2026-09-09 00:00:00,VDR-12618,9,Immediately review account status and both IAM and endpoint activity; revoke unauthorized access if confirmed
THR00321,EMP12625,Post-Termination Activity,Critical,High,2 IAM and 1 endpoint events occurred after the recorded termination date; corroborated across IAM and endpoint telemetry,2026-08-09 15:35:34,2026-08-28 00:00:00,VDR-12625,3,Immediately review account status and both IAM and endpoint activity; revoke unauthorized access if confirmed
THR00323,EMP12640,Post-Termination Activity,Critical,High,5 IAM and 3 endpoint events occurred after the recorded termination date; corroborated across IAM and endpoint telemetry,2026-08-12 17:35:23,2026-09-05 11:28:00,LPT-12640,8,Immediately review account status and both IAM and endpoint activity; revoke unauthorized access if confirmed
THR00324,EMP12647,Post-Termination Activity,Critical,High,7 IAM and 3 endpoint events occurred after the recorded termination date; corroborated across IAM and endpoint telemetry,2026-08-03 00:45:50,2026-09-06 11:03:42,VDR-12647,10,Immediately review account status and both IAM and endpoint activity; revoke unauthorized access if confirmed
THR00325,EMP12651,Post-Termination Activity,Critical,High,6 IAM and 4 endpoint events occurred after the recorded termination date; corroborated across IAM and endpoint telemetry,2026-08-08 14:12:22,2026-09-04 01:57:10,LPT-12651,10,Immediately review account status and both IAM and endpoint activity; revoke unauthorized access if confirmed
THR00326,EMP12673,Post-Termination Activity,Critical,High,5 IAM and 6 endpoint events occurred after the recorded termination date; corroborated across IAM and endpoint telemetry,2026-08-02 19:26:00,2026-09-07 21:25:27,WS-12673,11,Immediately review account status and both IAM and endpoint activity; revoke unauthorized access if confirmed
THR00328,EMP12682,Post-Termination Activity,Critical,High,5 IAM and 2 endpoint events occurred after the recorded termination date; corroborated across IAM and endpoint telemetry,2026-08-09 03:37:16,2026-09-08 07:50:00,WS-12682,7,Immediately review account status and both IAM and endpoint activity; revoke unauthorized access if confirmed
THR00329,EMP12697,Post-Termination Activity,Critical,High,5 IAM and 2 endpoint events occurred after the recorded termination date; corroborated across IAM and endpoint telemetry,2026-08-02 04:04:00,2026-09-06 00:00:00,LPT-12697,7,Immediately review account status and both IAM and endpoint activity; revoke unauthorized access if confirmed
THR00330,EMP12704,Post-Termination Activity,Critical,High,7 IAM and 2 endpoint events occurred after the recorded termination date; corroborated across IAM and endpoint telemetry,2026-08-04 01:25:55,2026-09-06 21:47:12,LPT-12704,9,Immediately review account status and both IAM and endpoint activity; revoke unauthorized access if confirmed
THR00331,EMP12706,Post-Termination Activity,Critical,High,6 IAM and 2 endpoint events occurred after the recorded termination date; corroborated across IAM and endpoint telemetry,2026-08-01 21:38:51,2026-09-02 00:00:00,VDR-12706,8,Immediately review account status and both IAM and endpoint activity; revoke unauthorized access if confirmed
THR00333,EMP12711,Post-Termination Activity,Critical,High,5 IAM and 3 endpoint events occurred after the recorded termination date; corroborated across IAM and endpoint telemetry,2026-08-02 00:00:00,2026-09-03 11:30:35,WS-12711,8,Immediately review account status and both IAM and endpoint activity; revoke unauthorized access if confirmed
THR00334,EMP12712,Post-Termination Activity,Critical,High,5 IAM and 2 endpoint events occurred after the recorded termination date; corroborated across IAM and endpoint telemetry,2026-08-04 20:17:37,2026-09-02 02:56:21,VDR-12712,7,Immediately review account status and both IAM and endpoint activity; revoke unauthorized access if confirmed
THR00335,EMP12716,Post-Termination Activity,Critical,High,3 IAM and 1 endpoint events occurred after the recorded termination date; corroborated across IAM and endpoint telemetry,2026-08-21 16:05:36,2026-09-08 21:30:00,WS-12716,4,Immediately review account status and both IAM and endpoint activity; revoke unauthorized access if confirmed
THR00336,EMP12721,Post-Termination Activity,Critical,High,4 IAM and 2 endpoint events occurred after the recorded termination date; corroborated across IAM and endpoint telemetry,2026-08-07 17:03:52,2026-09-07 02:38:42,LPT-12721,6,Immediately review account status and both IAM and endpoint activity; revoke unauthorized access if confirmed
THR00337,EMP12725,Post-Termination Activity,Critical,High,4 IAM and 2 endpoint events occurred after the recorded termination date; corroborated across IAM and endpoint telemetry,2026-08-04 00:00:00,2026-09-08 11:57:55,VDR-12725,6,Immediately review account status and both IAM and endpoint activity; revoke unauthorized access if confirmed
THR00338,EMP12733,Post-Termination Activity,Critical,High,3 IAM and 2 endpoint events occurred after the recorded termination date; corroborated across IAM and endpoint telemetry,2026-08-13 02:15:32,2026-09-06 00:00:00,WS-12733,5,Immediately review account status and both IAM and endpoint activity; revoke unauthorized access if confirmed
THR00339,EMP12734,Post-Termination Activity,Critical,High,3 IAM and 4 endpoint events occurred after the recorded termination date; corroborated across IAM and endpoint telemetry,2026-08-04 15:45:08,2026-09-07 01:08:54,VDR-12734,7,Immediately review account status and both IAM and endpoint activity; revoke unauthorized access if confirmed
THR00340,EMP12745,Post-Termination Activity,Critical,High,7 IAM and 5 endpoint events occurred after the recorded termination date; corroborated across IAM and endpoint telemetry,2026-08-01 06:43:11,2026-09-09 03:21:00,WS-12745,12,Immediately review account status and both IAM and endpoint activity; revoke unauthorized access if confirmed
THR00341,EMP12747,Post-Termination Activity,Critical,High,6 IAM and 2 endpoint events occurred after the recorded termination date; corroborated across IAM and endpoint telemetry,2026-08-02 05:29:00,2026-09-06 03:01:10,LPT-12747,8,Immediately review account status and both IAM and endpoint activity; revoke unauthorized access if confirmed
THR00342,EMP12762,Post-Termination Activity,Critical,High,9 IAM and 4 endpoint events occurred after the recorded termination date; corroborated across IAM and endpoint telemetry,2026-08-04 01:17:10,2026-09-05 07:57:46,LPT-12762,13,Immediately review account status and both IAM and endpoint activity; revoke unauthorized access if confirmed
THR00344,EMP12781,Post-Termination Activity,Critical,High,11 IAM and 3 endpoint events occurred after the recorded termination date; corroborated across IAM and endpoint telemetry,2026-08-01 00:54:47,2026-09-09 08:38:48,VDR-12781,14,Immediately review account status and both IAM and endpoint activity; revoke unauthorized access if confirmed
THR00345,EMP12801,Post-Termination Activity,Critical,High,5 IAM and 2 endpoint events occurred after the recorded termination date; corroborated across IAM and endpoint telemetry,2026-08-14 09:42:03,2026-09-08 19:40:09,VDR-12801,7,Immediately review account status and both IAM and endpoint activity; revoke unauthorized access if confirmed
THR00346,EMP12817,Post-Termination Activity,Critical,High,4 IAM and 3 endpoint events occurred after the recorded termination date; corroborated across IAM and endpoint telemetry,2026-08-03 21:25:19,2026-09-02 22:22:36,LPT-12817,7,Immediately review account status and both IAM and endpoint activity; revoke unauthorized access if confirmed
THR00347,EMP12824,Post-Termination Activity,Critical,High,3 IAM and 1 endpoint events occurred after the recorded termination date; corroborated across IAM and endpoint telemetry,2026-08-15 00:51:41,2026-09-06 20:48:21,LPT-12824,4,Immediately review account status and both IAM and endpoint activity; revoke unauthorized access if confirmed
THR00348,EMP12834,Post-Termination Activity,Critical,High,8 IAM and 1 endpoint events occurred after the recorded termination date; corroborated across IAM and endpoint telemetry,2026-08-03 02:42:44,2026-09-02 04:21:19,WS-12834,9,Immediately review account status and both IAM and endpoint activity; revoke unauthorized access if confirmed
THR00349,EMP12839,Post-Termination Activity,Critical,High,1 IAM and 5 endpoint events occurred after the recorded termination date; corroborated across IAM and endpoint telemetry,2026-08-02 05:56:24,2026-09-08 08:07:21,WS-12839,6,Immediately review account status and both IAM and endpoint activity; revoke unauthorized access if confirmed
THR00350,EMP12840,Post-Termination Activity,Critical,High,2 IAM and 4 endpoint events occurred after the recorded termination date; corroborated across IAM and endpoint telemetry,2026-08-06 11:17:42,2026-09-07 23:16:13,LPT-12840,6,Immediately review account status and both IAM and endpoint activity; revoke unauthorized access if confirmed
THR00351,EMP12847,Post-Termination Activity,Critical,High,2 IAM and 2 endpoint events occurred after the recorded termination date; corroborated across IAM and endpoint telemetry,2026-08-08 01:00:34,2026-08-29 03:44:27,VDR-12847,4,Immediately review account status and both IAM and endpoint activity; revoke unauthorized access if confirmed
THR00352,EMP12852,Post-Termination Activity,Critical,High,6 IAM and 2 endpoint events occurred after the recorded termination date; corroborated across IAM and endpoint telemetry,2026-08-06 10:54:37,2026-09-09 10:04:14,LPT-12852,8,Immediately review account status and both IAM and endpoint activity; revoke unauthorized access if confirmed
THR00353,EMP12862,Post-Termination Activity,Critical,High,5 IAM and 3 endpoint events occurred after the recorded termination date; corroborated across IAM and endpoint telemetry,2026-08-06 06:37:48,2026-09-07 06:18:18,WS-12862,8,Immediately review account status and both IAM and endpoint activity; revoke unauthorized access if confirmed
THR00354,EMP12878,Post-Termination Activity,Critical,High,2 IAM and 4 endpoint events occurred after the recorded termination date; corroborated across IAM and endpoint telemetry,2026-08-05 00:00:00,2026-08-29 07:22:04,WS-12878,6,Immediately review account status and both IAM and endpoint activity; revoke unauthorized access if confirmed
THR00355,EMP12892,Post-Termination Activity,Critical,High,4 IAM and 4 endpoint events occurred after the recorded termination date; corroborated across IAM and endpoint telemetry,2026-08-02 00:00:00,2026-09-08 10:12:43,VDR-12892,8,Immediately review account status and both IAM and endpoint activity; revoke unauthorized access if confirmed
THR00356,EMP12895,Post-Termination Activity,Critical,High,60 IAM and 1 endpoint events occurred after the recorded termination date; corroborated across IAM and endpoint telemetry,2026-08-01 00:22:00,2026-09-05 14:16:16,WS-12895,61,Immediately review account status and both IAM and endpoint activity; revoke unauthorized access if confirmed
THR00357,EMP12900,Post-Termination Activity,Critical,High,5 IAM and 2 endpoint events occurred after the recorded termination date; corroborated across IAM and endpoint telemetry,2026-08-01 06:17:00,2026-08-26 09:18:21,LPT-12900,7,Immediately review account status and both IAM and endpoint activity; revoke unauthorized access if confirmed
THR00358,EMP12909,Post-Termination Activity,Critical,High,6 IAM and 3 endpoint events occurred after the recorded termination date; corroborated across IAM and endpoint telemetry,2026-08-02 19:30:19,2026-09-07 17:08:54,WS-12909,9,Immediately review account status and both IAM and endpoint activity; revoke unauthorized access if confirmed
THR00359,EMP12919,Post-Termination Activity,Critical,High,5 IAM and 2 endpoint events occurred after the recorded termination date; corroborated across IAM and endpoint telemetry,2026-08-01 23:44:11,2026-09-06 15:07:38,VDR-12919,7,Immediately review account status and both IAM and endpoint activity; revoke unauthorized access if confirmed
THR00360,EMP12923,Post-Termination Activity,Critical,High,3 IAM and 2 endpoint events occurred after the recorded termination date; corroborated across IAM and endpoint telemetry,2026-08-11 22:17:52,2026-09-02 05:47:30,WS-12923,5,Immediately review account status and both IAM and endpoint activity; revoke unauthorized access if confirmed
THR00361,EMP12929,Post-Termination Activity,Critical,High,4 IAM and 1 endpoint events occurred after the recorded termination date; corroborated across IAM and endpoint telemetry,2026-08-05 00:00:00,2026-08-15 18:59:46,WS-12929,5,Immediately review account status and both IAM and endpoint activity; revoke unauthorized access if confirmed
THR00362,EMP12945,Post-Termination Activity,Critical,High,8 IAM and 3 endpoint events occurred after the recorded termination date; corroborated across IAM and endpoint telemetry,2026-08-04 17:08:13,2026-09-08 00:00:00,VDR-12945,11,Immediately review account status and both IAM and endpoint activity; revoke unauthorized access if confirmed
THR00365,EMP12956,Post-Termination Activity,Critical,High,5 IAM and 1 endpoint events occurred after the recorded termination date; corroborated across IAM and endpoint telemetry,2026-08-01 02:49:48,2026-09-05 03:37:59,VDR-12956,6,Immediately review account status and both IAM and endpoint activity; revoke unauthorized access if confirmed
THR00366,EMP12990,Post-Termination Activity,Critical,High,1 IAM and 6 endpoint events occurred after the recorded termination date; corroborated across IAM and endpoint telemetry,2026-08-01 12:02:43,2026-09-06 21:31:24,LPT-12990,7,Immediately review account status and both IAM and endpoint activity; revoke unauthorized access if confirmed
THR00367,EMP12996,Post-Termination Activity,Critical,High,5 IAM and 1 endpoint events occurred after the recorded termination date; corroborated across IAM and endpoint telemetry,2026-08-02 08:13:36,2026-08-23 10:27:33,WS-12996,6,Immediately review account status and both IAM and endpoint activity; revoke unauthorized access if confirmed
THR00012,EMP10102,Post-Termination Activity,Critical,Medium,4 IAM events occurred after the recorded termination date,2026-08-02 00:00:00,2026-08-22 22:27:23,WS-10102,4,"Review post-termination telemetry, account status, and access authorization"
THR00016,EMP10129,Post-Termination Activity,Critical,Medium,4 IAM events occurred after the recorded termination date,2026-08-03 20:45:46,2026-09-01 00:00:00,LPT-10129,4,"Review post-termination telemetry, account status, and access authorization"
THR00025,EMP10201,Post-Termination Activity,Critical,Medium,5 IAM events occurred after the recorded termination date,2026-08-04 12:03:24,2026-08-30 20:04:59,WS-10201,5,"Review post-termination telemetry, account status, and access authorization"
THR00044,EMP10349,Post-Termination Activity,Critical,Medium,4 IAM events occurred after the recorded termination date,2026-08-21 00:00:00,2026-09-09 20:27:00,LPT-10349,4,"Review post-termination telemetry, account status, and access authorization"
THR00058,EMP10476,Post-Termination Activity,Critical,Medium,5 IAM events occurred after the recorded termination date,2026-08-01 00:00:00,2026-09-01 03:47:46,WS-10476,5,"Review post-termination telemetry, account status, and access authorization"
THR00059,EMP10491,Post-Termination Activity,Critical,Medium,7 IAM events occurred after the recorded termination date,2026-08-06 09:37:28,2026-09-03 00:00:00,VDR-10491,7,"Review post-termination telemetry, account status, and access authorization"
THR00067,EMP10537,Post-Termination Activity,Critical,Medium,5 IAM events occurred after the recorded termination date,2026-08-03 01:56:05,2026-09-09 19:34:28,LPT-10537,5,"Review post-termination telemetry, account status, and access authorization"
THR00075,EMP10607,Post-Termination Activity,Critical,Medium,3 IAM events occurred after the recorded termination date,2026-08-20 12:13:32,2026-09-03 00:00:00,LPT-10607,3,"Review post-termination telemetry, account status, and access authorization"
THR00082,EMP10647,Post-Termination Activity,Critical,Medium,1 IAM events occurred after the recorded termination date,2026-09-01 00:00:00,2026-09-01 00:00:00,VDR-10647,1,"Review post-termination telemetry, account status, and access authorization"
THR00085,EMP10659,Post-Termination Activity,Critical,Medium,1 IAM events occurred after the recorded termination date,2026-09-08 00:00:00,2026-09-08 00:00:00,VDR-10659,1,"Review post-termination telemetry, account status, and access authorization"
THR00100,EMP10782,Post-Termination Activity,Critical,Medium,4 IAM events occurred after the recorded termination date,2026-08-08 00:00:00,2026-09-07 22:27:30,LPT-10782,4,"Review post-termination telemetry, account status, and access authorization"
THR00110,EMP10840,Post-Termination Activity,Critical,Medium,4 IAM events occurred after the recorded termination date,2026-08-21 07:12:20,2026-09-07 21:45:56,LPT-10840,4,"Review post-termination telemetry, account status, and access authorization"
THR00114,EMP10877,Post-Termination Activity,Critical,Medium,6 IAM events occurred after the recorded termination date,2026-08-13 05:54:16,2026-09-04 19:53:50,VDR-10877,6,"Review post-termination telemetry, account status, and access authorization"
THR00126,EMP10984,Post-Termination Activity,Critical,Medium,11 IAM events occurred after the recorded termination date,2026-08-01 00:00:00,2026-09-06 21:57:18,WS-10984,11,"Review post-termination telemetry, account status, and access authorization"
THR00130,EMP10995,Post-Termination Activity,Critical,Medium,1 IAM events occurred after the recorded termination date,2026-09-08 10:34:29,2026-09-08 10:34:29,WS-10995,1,"Review post-termination telemetry, account status, and access authorization"
THR00133,EMP11014,Post-Termination Activity,Critical,Medium,6 IAM events occurred after the recorded termination date,2026-08-12 20:10:38,2026-09-09 12:16:17,VDR-11014,6,"Review post-termination telemetry, account status, and access authorization"
THR00143,EMP11093,Post-Termination Activity,Critical,Medium,4 IAM events occurred after the recorded termination date,2026-08-01 04:16:17,2026-09-05 23:44:00,VDR-11093,4,"Review post-termination telemetry, account status, and access authorization"
THR00161,EMP11242,Post-Termination Activity,Critical,Medium,1 IAM events occurred after the recorded termination date,2026-09-03 00:42:15,2026-09-03 00:42:15,WS-11242,1,"Review post-termination telemetry, account status, and access authorization"
THR00165,EMP11281,Post-Termination Activity,Critical,Medium,2 IAM events occurred after the recorded termination date,2026-08-29 00:00:00,2026-09-09 01:40:01,LPT-11281,2,"Review post-termination telemetry, account status, and access authorization"
THR00183,EMP11398,Post-Termination Activity,Critical,Medium,7 IAM events occurred after the recorded termination date,2026-08-01 14:40:04,2026-09-05 23:38:42,LPT-11398,7,"Review post-termination telemetry, account status, and access authorization"
THR00185,EMP11403,Post-Termination Activity,Critical,Medium,3 endpoint events occurred after the recorded termination date,2026-08-20 17:59:12,2026-08-30 23:18:53,lpt-11403,3,"Review post-termination telemetry, account status, and access authorization"
THR00196,EMP11536,Post-Termination Activity,Critical,Medium,4 endpoint events occurred after the recorded termination date,2026-08-02 16:30:00,2026-09-02 08:31:00,ws-11536,4,"Review post-termination telemetry, account status, and access authorization"
THR00205,EMP11620,Post-Termination Activity,Critical,Medium,4 IAM events occurred after the recorded termination date,2026-08-15 09:03:15,2026-09-08 00:06:51,WS-11620,4,"Review post-termination telemetry, account status, and access authorization"
THR00206,EMP11628,Post-Termination Activity,Critical,Medium,5 IAM events occurred after the recorded termination date,2026-08-04 04:14:43,2026-09-07 00:00:00,VDR-11628,5,"Review post-termination telemetry, account status, and access authorization"
THR00216,EMP11700,Post-Termination Activity,Critical,Medium,5 IAM events occurred after the recorded termination date,2026-08-01 07:07:55,2026-09-09 22:06:45,LPT-11700,5,"Review post-termination telemetry, account status, and access authorization"
THR00233,EMP11869,Post-Termination Activity,Critical,Medium,2 IAM events occurred after the recorded termination date,2026-09-02 12:06:12,2026-09-07 22:15:40,LPT-11869,2,"Review post-termination telemetry, account status, and access authorization"
THR00247,EMP11981,Post-Termination Activity,Critical,Medium,1 endpoint events occurred after the recorded termination date,2026-09-07 02:53:45,2026-09-07 02:53:45,lpt-11981,1,"Review post-termination telemetry, account status, and access authorization"
THR00248,EMP11983,Post-Termination Activity,Critical,Medium,3 IAM events occurred after the recorded termination date,2026-08-11 02:43:45,2026-09-05 20:56:09,LPT-11983,3,"Review post-termination telemetry, account status, and access authorization"
THR00254,EMP12094,Post-Termination Activity,Critical,Medium,1 endpoint events occurred after the recorded termination date,2026-08-08 00:00:00,2026-08-08 00:00:00,lpt-12094.corp.local,1,"Review post-termination telemetry, account status, and access authorization"
THR00255,EMP12115,Post-Termination Activity,Critical,Medium,9 IAM events occurred after the recorded termination date,2026-08-01 14:09:00,2026-09-07 18:49:30,WS-12115,9,"Review post-termination telemetry, account status, and access authorization"
THR00259,EMP12130,Post-Termination Activity,Critical,Medium,3 IAM events occurred after the recorded termination date,2026-08-03 11:51:09,2026-08-27 06:31:38,VDR-12130,3,"Review post-termination telemetry, account status, and access authorization"
THR00261,EMP12136,Post-Termination Activity,Critical,Medium,4 IAM events occurred after the recorded termination date,2026-08-04 13:05:24,2026-09-09 00:46:45,WS-12136,4,"Review post-termination telemetry, account status, and access authorization"
THR00262,EMP12139,Post-Termination Activity,Critical,Medium,5 IAM events occurred after the recorded termination date,2026-08-08 00:00:00,2026-09-07 01:42:06,WS-12139,5,"Review post-termination telemetry, account status, and access authorization"
THR00282,EMP12235,Post-Termination Activity,Critical,Medium,12 IAM events occurred after the recorded termination date,2026-08-08 19:43:00,2026-09-08 15:43:00,VDR-12235,12,"Review post-termination telemetry, account status, and access authorization"
THR00287,EMP12310,Post-Termination Activity,Critical,Medium,2 endpoint events occurred after the recorded termination date,2026-08-29 19:37:45,2026-09-05 23:29:36,vdr-12310,2,"Review post-termination telemetry, account status, and access authorization"
THR00322,EMP12634,Post-Termination Activity,Critical,Medium,7 IAM events occurred after the recorded termination date,2026-08-08 00:00:00,2026-09-01 20:35:53,LPT-12634,7,"Review post-termination telemetry, account status, and access authorization"
THR00327,EMP12675,Post-Termination Activity,Critical,Medium,4 IAM events occurred after the recorded termination date,2026-08-09 15:12:53,2026-09-03 12:02:00,LPT-12675,4,"Review post-termination telemetry, account status, and access authorization"
THR00332,EMP12708,Post-Termination Activity,Critical,Medium,1 IAM events occurred after the recorded termination date,2026-08-16 00:00:00,2026-08-16 00:00:00,LPT-12708,1,"Review post-termination telemetry, account status, and access authorization"
THR00343,EMP12778,Post-Termination Activity,Critical,Medium,2 IAM events occurred after the recorded termination date,2026-08-09 20:04:00,2026-08-24 10:20:32,LPT-12778,2,"Review post-termination telemetry, account status, and access authorization"
THR00363,EMP12948,Post-Termination Activity,Critical,Medium,5 IAM events occurred after the recorded termination date,2026-08-01 14:53:00,2026-09-08 07:25:14,VDR-12948,5,"Review post-termination telemetry, account status, and access authorization"
THR00364,EMP12952,Post-Termination Activity,Critical,Medium,6 IAM events occurred after the recorded termination date,2026-08-21 00:00:00,2026-09-05 12:14:44,WS-12952,6,"Review post-termination telemetry, account status, and access authorization"
THR00408,EMP10014,Suspicious Administrative Activity,High,High,A high-risk IAM event and security-tampering activity were observed on the same hostname (ws-10014) within 24 hours,2026-09-08 04:27:28,2026-09-09 00:00:00,ws-10014,2,Review the administrative command/process activity and associated account actions
THR00409,EMP10021,Suspicious Administrative Activity,High,High,A high-risk IAM event and PowerShell and security-tampering activity were observed on the same hostname (lpt-10021) within 24 hours,2026-08-23 00:00:00,2026-08-23 05:33:17,lpt-10021,2,Review the administrative command/process activity and associated account actions
THR00411,EMP10045,Suspicious Administrative Activity,High,High,A high-risk IAM event and PowerShell activity were observed on the same hostname (ws-10045) within 24 hours,2026-08-04 00:00:00,2026-08-04 07:20:09,ws-10045,2,Review the administrative command/process activity and associated account actions
THR00412,EMP10056,Suspicious Administrative Activity,High,High,A high-risk IAM event and PowerShell activity were observed on the same hostname (vdr-10056) within 24 hours,2026-09-05 09:01:25,2026-09-05 17:07:15,vdr-10056,2,Review the administrative command/process activity and associated account actions
THR00413,EMP10080,Suspicious Administrative Activity,High,High,A high-risk IAM event and security-tampering activity were observed on the same hostname (lpt-10080) within 24 hours,2026-08-06 13:29:43,2026-08-07 00:00:00,lpt-10080,2,Review the administrative command/process activity and associated account actions
THR00414,EMP10093,Suspicious Administrative Activity,High,High,A high-risk IAM event and PowerShell activity were observed on the same hostname (vdr-10093) within 24 hours,2026-08-27 10:48:11,2026-08-27 18:14:06,vdr-10093,2,Review the administrative command/process activity and associated account actions
THR00415,EMP10112,Suspicious Administrative Activity,High,High,A high-risk IAM event and PowerShell activity were observed on the same hostname (lpt-10112) within 24 hours,2026-09-05 01:31:53,2026-09-05 13:09:16,lpt-10112,2,Review the administrative command/process activity and associated account actions
THR00416,EMP10152,Suspicious Administrative Activity,High,High,A high-risk IAM event and security-tampering activity were observed on the same hostname (vdr-10152) within 24 hours,2026-08-28 14:02:32,2026-08-28 19:18:00,vdr-10152,2,Review the administrative command/process activity and associated account actions
THR00417,EMP10194,Suspicious Administrative Activity,High,High,A high-risk IAM event and security-tampering activity were observed on the same hostname (lpt-10194) within 24 hours,2026-08-28 12:22:10,2026-08-28 17:23:00,lpt-10194,2,Review the administrative command/process activity and associated account actions
THR00418,EMP10203,Suspicious Administrative Activity,High,High,A high-risk IAM event and PowerShell and security-tampering activity were observed on the same hostname (vdr-10203) within 24 hours,2026-08-29 15:49:27,2026-08-30 00:00:00,vdr-10203,2,Review the administrative command/process activity and associated account actions
THR00419,EMP10208,Suspicious Administrative Activity,High,High,A high-risk IAM event and PowerShell activity were observed on the same hostname (vdr-10208) within 24 hours,2026-08-03 04:35:24,2026-08-03 13:52:00,vdr-10208,2,Review the administrative command/process activity and associated account actions
THR00420,EMP10211,Suspicious Administrative Activity,High,High,A high-risk IAM event and PowerShell activity were observed on the same hostname (ws-10211) within 24 hours,2026-09-02 00:00:00,2026-09-03 00:00:00,ws-10211,2,Review the administrative command/process activity and associated account actions
THR00421,EMP10251,Suspicious Administrative Activity,High,High,A high-risk IAM event and PowerShell activity were observed on the same hostname (vdr-10251) within 24 hours,2026-08-01 00:55:47,2026-08-01 07:31:09,vdr-10251,2,Review the administrative command/process activity and associated account actions
THR00422,EMP10268,Suspicious Administrative Activity,High,High,A high-risk IAM event and PowerShell activity were observed on the same hostname (ws-10268) within 24 hours,2026-08-19 15:10:20,2026-08-19 22:08:38,ws-10268,2,Review the administrative command/process activity and associated account actions
THR00423,EMP10323,Suspicious Administrative Activity,High,High,A high-risk IAM event and PowerShell and security-tampering activity were observed on the same hostname (lpt-10323) within 24 hours,2026-08-05 21:00:26,2026-08-06 05:46:50,lpt-10323,2,Review the administrative command/process activity and associated account actions
THR00424,EMP10380,Suspicious Administrative Activity,High,High,A high-risk IAM event and security-tampering activity were observed on the same hostname (vdr-10380) within 24 hours,2026-08-31 11:07:12,2026-09-01 01:39:00,vdr-10380,2,Review the administrative command/process activity and associated account actions
THR00425,EMP10435,Suspicious Administrative Activity,High,High,A high-risk IAM event and PowerShell activity were observed on the same hostname (vdr-10435) within 24 hours,2026-08-12 08:18:24,2026-08-13 07:30:52,vdr-10435,2,Review the administrative command/process activity and associated account actions
THR00426,EMP10436,Suspicious Administrative Activity,High,High,A high-risk IAM event and PowerShell activity were observed on the same hostname (ws-10436) within 24 hours,2026-08-29 20:43:22,2026-08-30 00:00:00,ws-10436,2,Review the administrative command/process activity and associated account actions
THR00427,EMP10438,Suspicious Administrative Activity,High,High,A high-risk IAM event and PowerShell activity were observed on the same hostname (vdr-10438) within 24 hours,2026-08-17 00:00:00,2026-08-17 20:42:49,vdr-10438,2,Review the administrative command/process activity and associated account actions
THR00429,EMP10445,Suspicious Administrative Activity,High,High,A high-risk IAM event and PowerShell activity were observed on the same hostname (ws-10445) within 24 hours,2026-08-31 19:12:00,2026-09-01 19:01:43,ws-10445,2,Review the administrative command/process activity and associated account actions
THR00430,EMP10468,Suspicious Administrative Activity,High,High,A high-risk IAM event and security-tampering activity were observed on the same hostname (ws-10468) within 24 hours,2026-08-01 00:34:28,2026-08-01 02:28:46,ws-10468,2,Review the administrative command/process activity and associated account actions
THR00431,EMP10512,Suspicious Administrative Activity,High,High,A high-risk IAM event and PowerShell activity were observed on the same hostname (ws-10512) within 24 hours,2026-08-26 11:20:40,2026-08-27 00:00:00,ws-10512,2,Review the administrative command/process activity and associated account actions
THR00432,EMP10531,Suspicious Administrative Activity,High,High,A high-risk IAM event and PowerShell activity were observed on the same hostname (ws-10531) within 24 hours,2026-08-07 07:11:04,2026-08-07 14:06:36,ws-10531,2,Review the administrative command/process activity and associated account actions
THR00433,EMP10544,Suspicious Administrative Activity,High,High,A high-risk IAM event and security-tampering activity were observed on the same hostname (ws-10544) within 24 hours,2026-08-04 00:00:00,2026-08-04 03:15:38,ws-10544,2,Review the administrative command/process activity and associated account actions
THR00434,EMP10577,Suspicious Administrative Activity,High,High,A high-risk IAM event and PowerShell activity were observed on the same hostname (vdr-10577) within 24 hours,2026-08-18 00:00:00,2026-08-18 23:25:08,vdr-10577,2,Review the administrative command/process activity and associated account actions
THR00435,EMP10588,Suspicious Administrative Activity,High,High,A high-risk IAM event and PowerShell activity were observed on the same hostname (vdr-10588) within 24 hours,2026-08-02 09:32:51,2026-08-03 06:57:22,vdr-10588,2,Review the administrative command/process activity and associated account actions
THR00436,EMP10596,Suspicious Administrative Activity,High,High,A high-risk IAM event and PowerShell activity were observed on the same hostname (lpt-10596) within 24 hours,2026-08-02 07:13:40,2026-08-03 00:00:00,lpt-10596,2,Review the administrative command/process activity and associated account actions
THR00437,EMP10634,Suspicious Administrative Activity,High,High,A high-risk IAM event and PowerShell activity were observed on the same hostname (lpt-10634) within 24 hours,2026-08-22 10:07:39,2026-08-23 06:00:06,lpt-10634,2,Review the administrative command/process activity and associated account actions
THR00439,EMP10695,Suspicious Administrative Activity,High,High,A high-risk IAM event and PowerShell activity were observed on the same hostname (ws-10695) within 24 hours,2026-08-20 00:00:00,2026-08-20 08:03:54,ws-10695,2,Review the administrative command/process activity and associated account actions
THR00440,EMP10781,Suspicious Administrative Activity,High,High,A high-risk IAM event and PowerShell activity were observed on the same hostname (ws-10781) within 24 hours,2026-09-07 19:48:09,2026-09-08 08:32:00,ws-10781,2,Review the administrative command/process activity and associated account actions
THR00442,EMP10867,Suspicious Administrative Activity,High,High,A high-risk IAM event and PowerShell activity were observed on the same hostname (vdr-10867) within 24 hours,2026-08-12 12:40:39,2026-08-13 05:42:00,vdr-10867,2,Review the administrative command/process activity and associated account actions
THR00445,EMP10959,Suspicious Administrative Activity,High,High,A high-risk IAM event and PowerShell activity were observed on the same hostname (ws-10959) within 24 hours,2026-08-30 07:08:00,2026-08-31 00:00:00,ws-10959,2,Review the administrative command/process activity and associated account actions
THR00446,EMP10998,Suspicious Administrative Activity,High,High,A high-risk IAM event and PowerShell activity were observed on the same hostname (ws-10998) within 24 hours,2026-08-10 13:53:51,2026-08-11 09:19:53,ws-10998,2,Review the administrative command/process activity and associated account actions
THR00447,EMP11048,Suspicious Administrative Activity,High,High,A high-risk IAM event and PowerShell activity were observed on the same hostname (lpt-11048) within 24 hours,2026-08-26 07:50:36,2026-08-27 01:59:45,lpt-11048,2,Review the administrative command/process activity and associated account actions
THR00448,EMP11085,Suspicious Administrative Activity,High,High,A high-risk IAM event and security-tampering activity were observed on the same hostname (lpt-11085) within 24 hours,2026-08-24 05:28:33,2026-08-24 07:16:03,lpt-11085,2,Review the administrative command/process activity and associated account actions
THR00449,EMP11186,Suspicious Administrative Activity,High,High,A high-risk IAM event and security-tampering activity were observed on the same hostname (ws-11186) within 24 hours,2026-08-27 07:47:45,2026-08-27 09:09:00,ws-11186,2,Review the administrative command/process activity and associated account actions
THR00450,EMP11212,Suspicious Administrative Activity,High,High,A high-risk IAM event and PowerShell activity were observed on the same hostname (lpt-11212) within 24 hours,2026-08-19 18:20:00,2026-08-20 11:51:00,lpt-11212,2,Review the administrative command/process activity and associated account actions
THR00451,EMP11218,Suspicious Administrative Activity,High,High,A high-risk IAM event and PowerShell activity were observed on the same hostname (ws-11218) within 24 hours,2026-08-07 14:06:44,2026-08-07 21:28:00,ws-11218,2,Review the administrative command/process activity and associated account actions
THR00452,EMP11241,Suspicious Administrative Activity,High,High,A high-risk IAM event and PowerShell activity were observed on the same hostname (ws-11241) within 24 hours,2026-08-17 00:45:05,2026-08-18 00:00:00,ws-11241,2,Review the administrative command/process activity and associated account actions
THR00453,EMP11247,Suspicious Administrative Activity,High,High,A high-risk IAM event and PowerShell and security-tampering activity were observed on the same hostname (vdr-11247) within 24 hours,2026-09-07 10:56:00,2026-09-07 14:25:54,vdr-11247,2,Review the administrative command/process activity and associated account actions
THR00454,EMP11272,Suspicious Administrative Activity,High,High,A high-risk IAM event and PowerShell activity were observed on the same hostname (vdr-11272) within 24 hours,2026-08-30 00:00:00,2026-08-30 14:32:11,vdr-11272,2,Review the administrative command/process activity and associated account actions
THR00455,EMP11289,Suspicious Administrative Activity,High,High,A high-risk IAM event and PowerShell activity were observed on the same hostname (ws-11289) within 24 hours,2026-08-13 00:00:00,2026-08-13 22:09:11,ws-11289,2,Review the administrative command/process activity and associated account actions
THR00456,EMP11328,Suspicious Administrative Activity,High,High,A high-risk IAM event and security-tampering activity were observed on the same hostname (vdr-11328) within 24 hours,2026-08-23 23:31:00,2026-08-24 18:40:27,vdr-11328,2,Review the administrative command/process activity and associated account actions
THR00457,EMP11363,Suspicious Administrative Activity,High,High,A high-risk IAM event and security-tampering activity were observed on the same hostname (vdr-11363) within 24 hours,2026-09-02 14:53:00,2026-09-03 01:49:18,vdr-11363,2,Review the administrative command/process activity and associated account actions
THR00458,EMP11364,Suspicious Administrative Activity,High,High,A high-risk IAM event and security-tampering activity were observed on the same hostname (ws-11364) within 24 hours,2026-08-29 23:56:57,2026-08-30 15:15:25,ws-11364,2,Review the administrative command/process activity and associated account actions
THR00459,EMP11365,Suspicious Administrative Activity,High,High,A high-risk IAM event and PowerShell activity were observed on the same hostname (ws-11365) within 24 hours,2026-09-05 00:00:00,2026-09-06 00:00:00,ws-11365,2,Review the administrative command/process activity and associated account actions
THR00460,EMP11427,Suspicious Administrative Activity,High,High,A high-risk IAM event and PowerShell activity were observed on the same hostname (lpt-11427) within 24 hours,2026-09-08 00:00:00,2026-09-09 00:00:00,lpt-11427,2,Review the administrative command/process activity and associated account actions
THR00461,EMP11445,Suspicious Administrative Activity,High,High,A high-risk IAM event and PowerShell activity were observed on the same hostname (vdr-11445) within 24 hours,2026-08-17 17:06:47,2026-08-18 06:22:24,vdr-11445,2,Review the administrative command/process activity and associated account actions
THR00462,EMP11469,Suspicious Administrative Activity,High,High,A high-risk IAM event and security-tampering activity were observed on the same hostname (ws-11469) within 24 hours,2026-08-08 23:13:55,2026-08-09 16:52:00,ws-11469,2,Review the administrative command/process activity and associated account actions
THR00463,EMP11476,Suspicious Administrative Activity,High,High,A high-risk IAM event and security-tampering activity were observed on the same hostname (lpt-11476) within 24 hours,2026-08-29 22:13:48,2026-08-30 16:09:26,lpt-11476,2,Review the administrative command/process activity and associated account actions
THR00464,EMP11500,Suspicious Administrative Activity,High,High,A high-risk IAM event and PowerShell activity were observed on the same hostname (vdr-11500) within 24 hours,2026-08-18 20:42:22,2026-08-19 19:08:24,vdr-11500,2,Review the administrative command/process activity and associated account actions
THR00465,EMP11503,Suspicious Administrative Activity,High,High,A high-risk IAM event and PowerShell activity were observed on the same hostname (ws-11503) within 24 hours,2026-08-03 00:00:00,2026-08-03 23:38:12,ws-11503,2,Review the administrative command/process activity and associated account actions
THR00466,EMP11566,Suspicious Administrative Activity,High,High,A high-risk IAM event and security-tampering activity were observed on the same hostname (vdr-11566) within 24 hours,2026-09-02 21:51:00,2026-09-03 05:39:30,vdr-11566,2,Review the administrative command/process activity and associated account actions
THR00467,EMP11589,Suspicious Administrative Activity,High,High,A high-risk IAM event and PowerShell activity were observed on the same hostname (vdr-11589) within 24 hours,2026-08-20 00:00:00,2026-08-20 14:07:24,vdr-11589,2,Review the administrative command/process activity and associated account actions
THR00468,EMP11600,Suspicious Administrative Activity,High,High,A high-risk IAM event and PowerShell and security-tampering activity were observed on the same hostname (vdr-11600) within 24 hours,2026-08-03 00:00:00,2026-08-03 02:19:50,vdr-11600,2,Review the administrative command/process activity and associated account actions
THR00469,EMP11612,Suspicious Administrative Activity,High,High,A high-risk IAM event and security-tampering activity were observed on the same hostname (ws-11612) within 24 hours,2026-09-01 01:26:36,2026-09-01 15:59:56,ws-11612,2,Review the administrative command/process activity and associated account actions
THR00470,EMP11615,Suspicious Administrative Activity,High,High,A high-risk IAM event and PowerShell activity were observed on the same hostname (lpt-11615) within 24 hours,2026-08-11 23:35:34,2026-08-12 12:50:01,lpt-11615,2,Review the administrative command/process activity and associated account actions
THR00471,EMP11630,Suspicious Administrative Activity,High,High,A high-risk IAM event and PowerShell activity were observed on the same hostname (ws-11630) within 24 hours,2026-08-25 17:46:00,2026-08-26 08:41:00,ws-11630,2,Review the administrative command/process activity and associated account actions
THR00474,EMP11722,Suspicious Administrative Activity,High,High,A high-risk IAM event and PowerShell activity were observed on the same hostname (ws-11722) within 24 hours,2026-08-02 18:38:06,2026-08-03 03:06:00,ws-11722,2,Review the administrative command/process activity and associated account actions
THR00475,EMP11744,Suspicious Administrative Activity,High,High,A high-risk IAM event and PowerShell activity were observed on the same hostname (lpt-11744) within 24 hours,2026-08-09 00:50:56,2026-08-09 15:03:03,lpt-11744,2,Review the administrative command/process activity and associated account actions
THR00476,EMP11763,Suspicious Administrative Activity,High,High,A high-risk IAM event and PowerShell activity were observed on the same hostname (lpt-11763) within 24 hours,2026-08-19 08:01:07,2026-08-19 11:02:00,lpt-11763,2,Review the administrative command/process activity and associated account actions
THR00477,EMP11817,Suspicious Administrative Activity,High,High,A high-risk IAM event and PowerShell activity were observed on the same hostname (vdr-11817) within 24 hours,2026-08-26 00:00:00,2026-08-26 17:04:33,vdr-11817,2,Review the administrative command/process activity and associated account actions
THR00479,EMP11921,Suspicious Administrative Activity,High,High,A high-risk IAM event and PowerShell activity were observed on the same hostname (vdr-11921) within 24 hours,2026-08-11 00:00:00,2026-08-11 19:53:49,vdr-11921,2,Review the administrative command/process activity and associated account actions
THR00480,EMP11937,Suspicious Administrative Activity,High,High,A high-risk IAM event and PowerShell activity were observed on the same hostname (lpt-11937) within 24 hours,2026-08-16 18:22:00,2026-08-16 19:19:00,lpt-11937,2,Review the administrative command/process activity and associated account actions
THR00482,EMP11974,Suspicious Administrative Activity,High,High,A high-risk IAM event and PowerShell and security-tampering activity were observed on the same hostname (ws-11974) within 24 hours,2026-08-14 13:31:30,2026-08-14 16:08:24,ws-11974,2,Review the administrative command/process activity and associated account actions
THR00483,EMP11975,Suspicious Administrative Activity,High,High,A high-risk IAM event and security-tampering activity were observed on the same hostname (ws-11975) within 24 hours,2026-08-26 00:00:00,2026-08-27 00:00:00,ws-11975,2,Review the administrative command/process activity and associated account actions
THR00484,EMP11986,Suspicious Administrative Activity,High,High,A high-risk IAM event and PowerShell activity were observed on the same hostname (ws-11986) within 24 hours,2026-08-28 00:00:00,2026-08-29 00:00:00,ws-11986,2,Review the administrative command/process activity and associated account actions
THR00485,EMP12005,Suspicious Administrative Activity,High,High,A high-risk IAM event and PowerShell activity were observed on the same hostname (vdr-12005) within 24 hours,2026-08-29 21:18:57,2026-08-29 22:48:29,vdr-12005,2,Review the administrative command/process activity and associated account actions
THR00486,EMP12020,Suspicious Administrative Activity,High,High,A high-risk IAM event and PowerShell activity were observed on the same hostname (vdr-12020) within 24 hours,2026-08-27 19:25:00,2026-08-28 12:53:00,vdr-12020,2,Review the administrative command/process activity and associated account actions
THR00487,EMP12031,Suspicious Administrative Activity,High,High,A high-risk IAM event and PowerShell activity were observed on the same hostname (ws-12031) within 24 hours,2026-09-06 05:09:50,2026-09-07 01:39:22,ws-12031,2,Review the administrative command/process activity and associated account actions
THR00488,EMP12046,Suspicious Administrative Activity,High,High,A high-risk IAM event and PowerShell activity were observed on the same hostname (lpt-12046) within 24 hours,2026-08-27 04:15:23,2026-08-27 19:21:20,lpt-12046,2,Review the administrative command/process activity and associated account actions
THR00489,EMP12048,Suspicious Administrative Activity,High,High,A high-risk IAM event and PowerShell activity were observed on the same hostname (ws-12048) within 24 hours,2026-08-21 00:00:00,2026-08-21 08:39:18,ws-12048,2,Review the administrative command/process activity and associated account actions
THR00490,EMP12083,Suspicious Administrative Activity,High,High,A high-risk IAM event and PowerShell activity were observed on the same hostname (lpt-12083) within 24 hours,2026-08-20 17:52:35,2026-08-21 16:07:00,lpt-12083,2,Review the administrative command/process activity and associated account actions
THR00493,EMP12157,Suspicious Administrative Activity,High,High,A high-risk IAM event and PowerShell activity were observed on the same hostname (vdr-12157) within 24 hours,2026-08-23 14:49:50,2026-08-24 04:52:45,vdr-12157,2,Review the administrative command/process activity and associated account actions
THR00494,EMP12160,Suspicious Administrative Activity,High,High,A high-risk IAM event and PowerShell activity were observed on the same hostname (vdr-12160) within 24 hours,2026-08-11 07:39:01,2026-08-12 00:00:00,vdr-12160,2,Review the administrative command/process activity and associated account actions
THR00496,EMP12206,Suspicious Administrative Activity,High,High,A high-risk IAM event and security-tampering activity were observed on the same hostname (ws-12206) within 24 hours,2026-08-08 05:54:27,2026-08-09 00:00:00,ws-12206,2,Review the administrative command/process activity and associated account actions
THR00497,EMP12219,Suspicious Administrative Activity,High,High,A high-risk IAM event and PowerShell activity were observed on the same hostname (ws-12219) within 24 hours,2026-08-18 17:56:18,2026-08-19 11:12:45,ws-12219,2,Review the administrative command/process activity and associated account actions
THR00498,EMP12232,Suspicious Administrative Activity,High,High,A high-risk IAM event and security-tampering activity were observed on the same hostname (ws-12232) within 24 hours,2026-08-05 00:00:00,2026-08-05 00:00:00,ws-12232,2,Review the administrative command/process activity and associated account actions
THR00500,EMP12343,Suspicious Administrative Activity,High,High,A high-risk IAM event and PowerShell activity were observed on the same hostname (ws-12343) within 24 hours,2026-09-08 00:27:12,2026-09-08 13:32:23,ws-12343,2,Review the administrative command/process activity and associated account actions
THR00501,EMP12361,Suspicious Administrative Activity,High,High,A high-risk IAM event and PowerShell and security-tampering activity were observed on the same hostname (ws-12361) within 24 hours,2026-08-16 00:25:26,2026-08-16 08:25:33,ws-12361,2,Review the administrative command/process activity and associated account actions
THR00503,EMP12395,Suspicious Administrative Activity,High,High,A high-risk IAM event and PowerShell activity were observed on the same hostname (vdr-12395) within 24 hours,2026-08-05 08:45:31,2026-08-06 04:35:39,vdr-12395,2,Review the administrative command/process activity and associated account actions
THR00504,EMP12439,Suspicious Administrative Activity,High,High,A high-risk IAM event and PowerShell activity were observed on the same hostname (ws-12439) within 24 hours,2026-08-13 20:19:25,2026-08-13 22:47:59,ws-12439,2,Review the administrative command/process activity and associated account actions
THR00505,EMP12450,Suspicious Administrative Activity,High,High,A high-risk IAM event and PowerShell activity were observed on the same hostname (vdr-12450) within 24 hours,2026-08-09 04:37:00,2026-08-09 04:57:37,vdr-12450,2,Review the administrative command/process activity and associated account actions
THR00506,EMP12459,Suspicious Administrative Activity,High,High,A high-risk IAM event and security-tampering activity were observed on the same hostname (lpt-12459) within 24 hours,2026-09-06 19:03:13,2026-09-07 00:28:12,lpt-12459,2,Review the administrative command/process activity and associated account actions
THR00509,EMP12567,Suspicious Administrative Activity,High,High,A high-risk IAM event and PowerShell activity were observed on the same hostname (vdr-12567) within 24 hours,2026-08-28 00:00:00,2026-08-28 00:00:00,vdr-12567,2,Review the administrative command/process activity and associated account actions
THR00510,EMP12578,Suspicious Administrative Activity,High,High,A high-risk IAM event and security-tampering activity were observed on the same hostname (lpt-12578) within 24 hours,2026-09-01 16:07:04,2026-09-02 02:28:58,lpt-12578,2,Review the administrative command/process activity and associated account actions
THR00512,EMP12603,Suspicious Administrative Activity,High,High,A high-risk IAM event and PowerShell activity were observed on the same hostname (lpt-12603) within 24 hours,2026-08-31 11:36:00,2026-08-31 22:15:18,lpt-12603,2,Review the administrative command/process activity and associated account actions
THR00513,EMP12606,Suspicious Administrative Activity,High,High,A high-risk IAM event and PowerShell and security-tampering activity were observed on the same hostname (ws-12606) within 24 hours,2026-08-08 00:00:00,2026-08-08 15:09:31,ws-12606,2,Review the administrative command/process activity and associated account actions
THR00514,EMP12630,Suspicious Administrative Activity,High,High,A high-risk IAM event and PowerShell activity were observed on the same hostname (vdr-12630) within 24 hours,2026-08-29 06:19:53,2026-08-29 11:49:46,vdr-12630,2,Review the administrative command/process activity and associated account actions
THR00515,EMP12642,Suspicious Administrative Activity,High,High,A high-risk IAM event and security-tampering activity were observed on the same hostname (ws-12642) within 24 hours,2026-09-07 03:51:01,2026-09-07 17:16:00,ws-12642,2,Review the administrative command/process activity and associated account actions
THR00517,EMP12683,Suspicious Administrative Activity,High,High,A high-risk IAM event and PowerShell activity were observed on the same hostname (lpt-12683) within 24 hours,2026-08-03 23:53:48,2026-08-04 15:02:38,lpt-12683,2,Review the administrative command/process activity and associated account actions
THR00518,EMP12702,Suspicious Administrative Activity,High,High,A high-risk IAM event and security-tampering activity were observed on the same hostname (lpt-12702) within 24 hours,2026-09-04 15:54:04,2026-09-04 16:00:39,lpt-12702,2,Review the administrative command/process activity and associated account actions
THR00519,EMP12738,Suspicious Administrative Activity,High,High,A high-risk IAM event and security-tampering activity were observed on the same hostname (vdr-12738) within 24 hours,2026-08-31 09:16:00,2026-08-31 11:01:01,vdr-12738,2,Review the administrative command/process activity and associated account actions
THR00520,EMP12760,Suspicious Administrative Activity,High,High,A high-risk IAM event and PowerShell activity were observed on the same hostname (ws-12760) within 24 hours,2026-09-08 00:00:00,2026-09-08 20:50:00,ws-12760,2,Review the administrative command/process activity and associated account actions
THR00521,EMP12835,Suspicious Administrative Activity,High,High,A high-risk IAM event and PowerShell activity were observed on the same hostname (vdr-12835) within 24 hours,2026-08-11 00:17:00,2026-08-11 17:46:17,vdr-12835,2,Review the administrative command/process activity and associated account actions
THR00522,EMP12851,Suspicious Administrative Activity,High,High,A high-risk IAM event and PowerShell activity were observed on the same hostname (ws-12851) within 24 hours,2026-08-21 18:18:50,2026-08-22 03:48:58,ws-12851,2,Review the administrative command/process activity and associated account actions
THR00523,EMP12869,Suspicious Administrative Activity,High,High,A high-risk IAM event and PowerShell activity were observed on the same hostname (vdr-12869) within 24 hours,2026-08-10 19:34:04,2026-08-11 00:00:00,vdr-12869,2,Review the administrative command/process activity and associated account actions
THR00525,EMP12921,Suspicious Administrative Activity,High,High,A high-risk IAM event and PowerShell activity were observed on the same hostname (lpt-12921) within 24 hours,2026-08-31 21:31:50,2026-09-01 07:03:00,lpt-12921,2,Review the administrative command/process activity and associated account actions
THR00526,EMP12945,Suspicious Administrative Activity,High,High,A high-risk IAM event and PowerShell activity were observed on the same hostname (vdr-12945) within 24 hours,2026-08-08 22:10:44,2026-08-09 09:19:00,vdr-12945,2,Review the administrative command/process activity and associated account actions
THR00369,EMP10124,Malware + Lateral Movement,High,Medium,"Malware and lateral-movement alerts were observed for the same user within 24 hours, but same-host corroboration was unavailable",2026-08-21 02:25:00,2026-08-21 14:12:00,,2,Review endpoint telemetry and validate the affected asset before escalation
THR00374,EMP10403,Malware + Lateral Movement,High,Medium,"Malware and lateral-movement alerts were observed for the same user within 24 hours, but same-host corroboration was unavailable",2026-08-04 17:45:54,2026-08-05 00:00:00,,2,Review endpoint telemetry and validate the affected asset before escalation
THR00377,EMP10475,Malware + Lateral Movement,High,Medium,"Malware and lateral-movement alerts were observed for the same user within 24 hours, but same-host corroboration was unavailable",2026-09-08 17:45:31,2026-09-09 13:21:33,,2,Review endpoint telemetry and validate the affected asset before escalation
THR00385,EMP11048,Malware + Lateral Movement,High,Medium,"Malware and lateral-movement alerts were observed for the same user within 24 hours, but same-host corroboration was unavailable",2026-09-09 00:19:58,2026-09-09 23:29:46,,2,Review endpoint telemetry and validate the affected asset before escalation
THR00390,EMP11355,Malware + Lateral Movement,High,Medium,"Malware and lateral-movement alerts were observed for the same user within 24 hours, but same-host corroboration was unavailable",2026-08-20 05:42:14,2026-08-20 18:02:54,,2,Review endpoint telemetry and validate the affected asset before escalation
THR00396,EMP12202,Malware + Lateral Movement,High,Medium,"Malware and lateral-movement alerts were observed for the same user within 24 hours, but same-host corroboration was unavailable",2026-09-08 16:13:48,2026-09-08 21:02:26,,2,Review endpoint telemetry and validate the affected asset before escalation
THR00405,EMP12936,Malware + Lateral Movement,High,Medium,"Malware and lateral-movement alerts were observed for the same user within 24 hours, but same-host corroboration was unavailable",2026-09-06 11:04:34,2026-09-07 10:10:00,,2,Review endpoint telemetry and validate the affected asset before escalation
THR00406,EMP12963,Malware + Lateral Movement,High,Medium,"Malware and lateral-movement alerts were observed for the same user within 24 hours, but same-host corroboration was unavailable",2026-09-03 06:11:37,2026-09-04 03:06:00,,2,Review endpoint telemetry and validate the affected asset before escalation
THR00410,EMP10040,Suspicious Administrative Activity,High,Medium,"A high-risk IAM event and PowerShell activity were observed for the same user within 24 hours, but same-host corroboration was unavailable",2026-09-01 11:20:00,2026-09-01 23:05:56,,2,Review the administrative command/process activity and validate the associated account actions
THR00428,EMP10444,Suspicious Administrative Activity,High,Medium,"A high-risk IAM event and security-tampering activity were observed for the same user within 24 hours, but same-host corroboration was unavailable",2026-08-13 16:08:39,2026-08-14 00:00:00,,2,Review the administrative command/process activity and validate the associated account actions
THR00438,EMP10677,Suspicious Administrative Activity,High,Medium,"A high-risk IAM event and security-tampering activity were observed for the same user within 24 hours, but same-host corroboration was unavailable",2026-09-02 04:54:47,2026-09-02 09:13:48,,2,Review the administrative command/process activity and validate the associated account actions
THR00441,EMP10834,Suspicious Administrative Activity,High,Medium,"A high-risk IAM event and PowerShell activity were observed for the same user within 24 hours, but same-host corroboration was unavailable",2026-09-08 07:01:00,2026-09-08 08:33:00,,2,Review the administrative command/process activity and validate the associated account actions
THR00443,EMP10921,Suspicious Administrative Activity,High,Medium,"A high-risk IAM event and PowerShell and security-tampering activity were observed for the same user within 24 hours, but same-host corroboration was unavailable",2026-08-28 00:00:00,2026-08-28 17:36:30,,2,Review the administrative command/process activity and validate the associated account actions
THR00444,EMP10936,Suspicious Administrative Activity,High,Medium,"A high-risk IAM event and security-tampering activity were observed for the same user within 24 hours, but same-host corroboration was unavailable",2026-08-10 13:36:00,2026-08-11 11:31:51,,2,Review the administrative command/process activity and validate the associated account actions
THR00472,EMP11634,Suspicious Administrative Activity,High,Medium,"A high-risk IAM event and security-tampering activity were observed for the same user within 24 hours, but same-host corroboration was unavailable",2026-09-08 15:23:43,2026-09-09 14:29:00,,2,Review the administrative command/process activity and validate the associated account actions
THR00473,EMP11690,Suspicious Administrative Activity,High,Medium,"A high-risk IAM event and security-tampering activity were observed for the same user within 24 hours, but same-host corroboration was unavailable",2026-09-06 20:58:01,2026-09-07 10:44:11,,2,Review the administrative command/process activity and validate the associated account actions
THR00478,EMP11850,Suspicious Administrative Activity,High,Medium,"A high-risk IAM event and PowerShell activity were observed for the same user within 24 hours, but same-host corroboration was unavailable",2026-08-08 00:00:00,2026-08-08 13:38:47,,2,Review the administrative command/process activity and validate the associated account actions
THR00481,EMP11961,Suspicious Administrative Activity,High,Medium,"A high-risk IAM event and PowerShell activity were observed for the same user within 24 hours, but same-host corroboration was unavailable",2026-08-21 10:32:00,2026-08-21 18:05:31,,2,Review the administrative command/process activity and validate the associated account actions
THR00491,EMP12137,Suspicious Administrative Activity,High,Medium,"A high-risk IAM event and PowerShell activity were observed for the same user within 24 hours, but same-host corroboration was unavailable",2026-09-04 19:47:12,2026-09-05 04:26:44,,2,Review the administrative command/process activity and validate the associated account actions
THR00492,EMP12155,Suspicious Administrative Activity,High,Medium,"A high-risk IAM event and PowerShell activity were observed for the same user within 24 hours, but same-host corroboration was unavailable",2026-08-06 00:00:00,2026-08-06 22:47:11,,2,Review the administrative command/process activity and validate the associated account actions
THR00495,EMP12163,Suspicious Administrative Activity,High,Medium,"A high-risk IAM event and PowerShell activity were observed for the same user within 24 hours, but same-host corroboration was unavailable",2026-08-10 05:46:00,2026-08-11 00:00:00,,2,Review the administrative command/process activity and validate the associated account actions
THR00499,EMP12296,Suspicious Administrative Activity,High,Medium,"A high-risk IAM event and security-tampering activity were observed for the same user within 24 hours, but same-host corroboration was unavailable",2026-08-14 11:10:47,2026-08-14 18:43:20,,2,Review the administrative command/process activity and validate the associated account actions
THR00502,EMP12393,Suspicious Administrative Activity,High,Medium,"A high-risk IAM event and security-tampering activity were observed for the same user within 24 hours, but same-host corroboration was unavailable",2026-08-15 23:14:07,2026-08-16 10:08:00,,2,Review the administrative command/process activity and validate the associated account actions
THR00507,EMP12542,Suspicious Administrative Activity,High,Medium,"A high-risk IAM event and security-tampering activity were observed for the same user within 24 hours, but same-host corroboration was unavailable",2026-08-03 00:49:58,2026-08-03 06:02:41,,2,Review the administrative command/process activity and validate the associated account actions
THR00508,EMP12562,Suspicious Administrative Activity,High,Medium,"A high-risk IAM event and PowerShell activity were observed for the same user within 24 hours, but same-host corroboration was unavailable",2026-08-29 00:41:13,2026-08-29 04:30:00,,2,Review the administrative command/process activity and validate the associated account actions
THR00511,EMP12580,Suspicious Administrative Activity,High,Medium,"A high-risk IAM event and PowerShell activity were observed for the same user within 24 hours, but same-host corroboration was unavailable",2026-08-27 23:58:11,2026-08-28 00:36:40,,2,Review the administrative command/process activity and validate the associated account actions
THR00516,EMP12671,Suspicious Administrative Activity,High,Medium,"A high-risk IAM event and PowerShell activity were observed for the same user within 24 hours, but same-host corroboration was unavailable",2026-08-11 00:00:00,2026-08-11 00:00:00,,2,Review the administrative command/process activity and validate the associated account actions
THR00524,EMP12901,Suspicious Administrative Activity,High,Medium,"A high-risk IAM event and PowerShell activity were observed for the same user within 24 hours, but same-host corroboration was unavailable",2026-08-04 12:29:00,2026-08-04 18:41:00,,2,Review the administrative command/process activity and validate the associated account actions
THR00527,EMP10063,Identity / Hostname Mismatch,Medium,Medium,"67 telemetry events observed on hostname ws-10063, which is not assigned to this user in the identity master",2026-08-02 23:09:18,2026-09-09 20:37:43,ws-10063,67,"Verify asset ownership, account sharing, and recent device changes"
THR00528,EMP10083,Identity / Hostname Mismatch,Medium,Medium,"10 telemetry events observed on hostname lpt-10083, which is not assigned to this user in the identity master",2026-08-06 10:50:53,2026-09-08 13:50:32,lpt-10083,10,"Verify asset ownership, account sharing, and recent device changes"
THR00529,EMP10119,Identity / Hostname Mismatch,Medium,Medium,"7 telemetry events observed on hostname ws-10119, which is not assigned to this user in the identity master",2026-08-07 05:10:49,2026-09-02 14:09:35,ws-10119,7,"Verify asset ownership, account sharing, and recent device changes"
THR00530,EMP10126,Identity / Hostname Mismatch,Medium,Medium,"5 telemetry events observed on hostname ws-10126, which is not assigned to this user in the identity master",2026-08-04 05:36:00,2026-09-08 15:41:24,ws-10126,5,"Verify asset ownership, account sharing, and recent device changes"
THR00531,EMP10139,Identity / Hostname Mismatch,Medium,Medium,"7 telemetry events observed on hostname ws-10139, which is not assigned to this user in the identity master",2026-08-04 12:17:00,2026-09-06 00:00:00,ws-10139,7,"Verify asset ownership, account sharing, and recent device changes"
THR00532,EMP10141,Identity / Hostname Mismatch,Medium,Medium,"2 telemetry events observed on hostname lpt-10141., which is not assigned to this user in the identity master",2026-08-07 21:57:19,2026-08-09 00:46:07,lpt-10141.,2,"Verify asset ownership, account sharing, and recent device changes"
THR00533,EMP10153,Identity / Hostname Mismatch,Medium,Medium,"13 telemetry events observed on hostname vdr-10153, which is not assigned to this user in the identity master",2026-08-02 17:19:16,2026-09-09 13:35:00,vdr-10153,13,"Verify asset ownership, account sharing, and recent device changes"
THR00534,EMP10154,Identity / Hostname Mismatch,Medium,Medium,"6 telemetry events observed on hostname vdr-10154, which is not assigned to this user in the identity master",2026-08-07 13:07:45,2026-08-28 09:33:48,vdr-10154,6,"Verify asset ownership, account sharing, and recent device changes"
THR00535,EMP10156,Identity / Hostname Mismatch,Medium,Medium,"2 telemetry events observed on hostname ws-10156., which is not assigned to this user in the identity master",2026-08-13 15:02:21,2026-08-15 22:16:00,ws-10156.,2,"Verify asset ownership, account sharing, and recent device changes"
THR00536,EMP10166,Identity / Hostname Mismatch,Medium,Medium,"8 telemetry events observed on hostname vdr-10166, which is not assigned to this user in the identity master",2026-08-02 18:21:00,2026-08-31 19:52:38,vdr-10166,8,"Verify asset ownership, account sharing, and recent device changes"
THR00537,EMP10190,Identity / Hostname Mismatch,Medium,Medium,"13 telemetry events observed on hostname ws-10190, which is not assigned to this user in the identity master",2026-08-02 00:00:00,2026-09-07 10:50:35,ws-10190,13,"Verify asset ownership, account sharing, and recent device changes"
THR00538,EMP10192,Identity / Hostname Mismatch,Medium,Medium,"10 telemetry events observed on hostname vdr-10192, which is not assigned to this user in the identity master",2026-08-08 12:08:00,2026-09-04 04:18:23,vdr-10192,10,"Verify asset ownership, account sharing, and recent device changes"
THR00539,EMP10229,Identity / Hostname Mismatch,Medium,Medium,"7 telemetry events observed on hostname lpt-10229, which is not assigned to this user in the identity master",2026-08-05 16:12:22,2026-09-06 20:36:17,lpt-10229,7,"Verify asset ownership, account sharing, and recent device changes"
THR00540,EMP10252,Identity / Hostname Mismatch,Medium,Medium,"5 telemetry events observed on hostname ws-10252, which is not assigned to this user in the identity master",2026-08-04 15:19:12,2026-09-06 05:45:00,ws-10252,5,"Verify asset ownership, account sharing, and recent device changes"
THR00541,EMP10263,Identity / Hostname Mismatch,Medium,Medium,"8 telemetry events observed on hostname ws-10263, which is not assigned to this user in the identity master",2026-08-06 18:10:55,2026-09-01 04:23:49,ws-10263,8,"Verify asset ownership, account sharing, and recent device changes"
THR00542,EMP10275,Identity / Hostname Mismatch,Medium,Medium,"8 telemetry events observed on hostname lpt-10275, which is not assigned to this user in the identity master",2026-08-06 00:00:00,2026-09-06 19:26:56,lpt-10275,8,"Verify asset ownership, account sharing, and recent device changes"
THR00543,EMP10309,Identity / Hostname Mismatch,Medium,Medium,"6 telemetry events observed on hostname vdr-10309, which is not assigned to this user in the identity master",2026-08-04 00:00:00,2026-09-08 21:23:02,vdr-10309,6,"Verify asset ownership, account sharing, and recent device changes"
THR00544,EMP10315,Identity / Hostname Mismatch,Medium,Medium,"2 telemetry events observed on hostname vdr-10315., which is not assigned to this user in the identity master",2026-08-31 08:21:12,2026-09-09 11:03:45,vdr-10315.,2,"Verify asset ownership, account sharing, and recent device changes"
THR00545,EMP10342,Identity / Hostname Mismatch,Medium,Medium,"2 telemetry events observed on hostname vdr-10342., which is not assigned to this user in the identity master",2026-08-10 00:00:00,2026-08-10 00:00:00,vdr-10342.,2,"Verify asset ownership, account sharing, and recent device changes"
THR00546,EMP10343,Identity / Hostname Mismatch,Medium,Medium,"7 telemetry events observed on hostname vdr-10343, which is not assigned to this user in the identity master",2026-08-08 08:04:51,2026-08-30 22:04:06,vdr-10343,7,"Verify asset ownership, account sharing, and recent device changes"
THR00547,EMP10397,Identity / Hostname Mismatch,Medium,Medium,"2 telemetry events observed on hostname ws-10397., which is not assigned to this user in the identity master",2026-08-18 15:05:31,2026-08-21 22:59:47,ws-10397.,2,"Verify asset ownership, account sharing, and recent device changes"
THR00548,EMP10421,Identity / Hostname Mismatch,Medium,Medium,"5 telemetry events observed on hostname vdr-10421, which is not assigned to this user in the identity master",2026-08-04 02:50:45,2026-08-26 01:04:00,vdr-10421,5,"Verify asset ownership, account sharing, and recent device changes"
THR00549,EMP10421,Identity / Hostname Mismatch,Medium,Medium,"2 telemetry events observed on hostname vdr-10421., which is not assigned to this user in the identity master",2026-08-08 05:28:22,2026-08-27 00:00:00,vdr-10421.,2,"Verify asset ownership, account sharing, and recent device changes"
THR00550,EMP10433,Identity / Hostname Mismatch,Medium,Medium,"13 telemetry events observed on hostname ws-10433, which is not assigned to this user in the identity master",2026-08-01 12:33:54,2026-09-09 11:18:16,ws-10433,13,"Verify asset ownership, account sharing, and recent device changes"
THR00551,EMP10439,Identity / Hostname Mismatch,Medium,Medium,"7 telemetry events observed on hostname lpt-10439, which is not assigned to this user in the identity master",2026-08-02 22:06:33,2026-09-06 12:26:49,lpt-10439,7,"Verify asset ownership, account sharing, and recent device changes"
THR00552,EMP10440,Identity / Hostname Mismatch,Medium,Medium,"9 telemetry events observed on hostname lpt-10440, which is not assigned to this user in the identity master",2026-08-02 11:02:18,2026-08-27 00:00:00,lpt-10440,9,"Verify asset ownership, account sharing, and recent device changes"
THR00553,EMP10461,Identity / Hostname Mismatch,Medium,Medium,"7 telemetry events observed on hostname ws-10461, which is not assigned to this user in the identity master",2026-08-11 06:51:00,2026-09-08 17:35:01,ws-10461,7,"Verify asset ownership, account sharing, and recent device changes"
THR00554,EMP10468,Identity / Hostname Mismatch,Medium,Medium,"10 telemetry events observed on hostname ws-10468, which is not assigned to this user in the identity master",2026-08-01 00:34:28,2026-09-07 06:24:42,ws-10468,10,"Verify asset ownership, account sharing, and recent device changes"
THR00555,EMP10469,Identity / Hostname Mismatch,Medium,Medium,"9 telemetry events observed on hostname lpt-10469, which is not assigned to this user in the identity master",2026-08-01 00:00:00,2026-09-09 00:00:00,lpt-10469,9,"Verify asset ownership, account sharing, and recent device changes"
THR00556,EMP10488,Identity / Hostname Mismatch,Medium,Medium,"9 telemetry events observed on hostname lpt-10488, which is not assigned to this user in the identity master",2026-08-11 15:02:49,2026-09-05 11:16:08,lpt-10488,9,"Verify asset ownership, account sharing, and recent device changes"
THR00557,EMP10488,Identity / Hostname Mismatch,Medium,Medium,"2 telemetry events observed on hostname lpt-10488., which is not assigned to this user in the identity master",2026-09-06 22:57:00,2026-09-06 22:57:00,lpt-10488.,2,"Verify asset ownership, account sharing, and recent device changes"
THR00558,EMP10489,Identity / Hostname Mismatch,Medium,Medium,"8 telemetry events observed on hostname vdr-10489, which is not assigned to this user in the identity master",2026-08-15 05:59:16,2026-09-01 00:00:00,vdr-10489,8,"Verify asset ownership, account sharing, and recent device changes"
THR00559,EMP10527,Identity / Hostname Mismatch,Medium,Medium,"10 telemetry events observed on hostname vdr-10527, which is not assigned to this user in the identity master",2026-08-03 08:18:32,2026-09-09 23:12:34,vdr-10527,10,"Verify asset ownership, account sharing, and recent device changes"
THR00560,EMP10543,Identity / Hostname Mismatch,Medium,Medium,"2 telemetry events observed on hostname ws-10543., which is not assigned to this user in the identity master",2026-08-08 21:10:00,2026-09-08 21:11:01,ws-10543.,2,"Verify asset ownership, account sharing, and recent device changes"
THR00561,EMP10547,Identity / Hostname Mismatch,Medium,Medium,"5 telemetry events observed on hostname lpt-10547, which is not assigned to this user in the identity master",2026-08-07 20:25:46,2026-09-08 00:00:00,lpt-10547,5,"Verify asset ownership, account sharing, and recent device changes"
THR00562,EMP10562,Identity / Hostname Mismatch,Medium,Medium,"13 telemetry events observed on hostname vdr-10562, which is not assigned to this user in the identity master",2026-08-03 14:33:06,2026-09-09 06:40:00,vdr-10562,13,"Verify asset ownership, account sharing, and recent device changes"
THR00563,EMP10571,Identity / Hostname Mismatch,Medium,Medium,"9 telemetry events observed on hostname vdr-10571, which is not assigned to this user in the identity master",2026-08-08 12:01:29,2026-09-08 18:14:00,vdr-10571,9,"Verify asset ownership, account sharing, and recent device changes"
THR00564,EMP10596,Identity / Hostname Mismatch,Medium,Medium,"10 telemetry events observed on hostname lpt-10596, which is not assigned to this user in the identity master",2026-08-02 07:13:40,2026-09-05 15:43:00,lpt-10596,10,"Verify asset ownership, account sharing, and recent device changes"
THR00565,EMP10613,Identity / Hostname Mismatch,Medium,Medium,"9 telemetry events observed on hostname vdr-10613, which is not assigned to this user in the identity master",2026-08-08 07:57:58,2026-09-05 12:07:55,vdr-10613,9,"Verify asset ownership, account sharing, and recent device changes"
THR00566,EMP10622,Identity / Hostname Mismatch,Medium,Medium,"9 telemetry events observed on hostname vdr-10622, which is not assigned to this user in the identity master",2026-08-07 09:19:08,2026-09-06 13:30:47,vdr-10622,9,"Verify asset ownership, account sharing, and recent device changes"
THR00567,EMP10627,Identity / Hostname Mismatch,Medium,Medium,"10 telemetry events observed on hostname vdr-10627, which is not assigned to this user in the identity master",2026-08-02 05:27:35,2026-09-04 11:32:08,vdr-10627,10,"Verify asset ownership, account sharing, and recent device changes"
THR00568,EMP10630,Identity / Hostname Mismatch,Medium,Medium,"2 telemetry events observed on hostname lpt-10630., which is not assigned to this user in the identity master",2026-08-27 03:00:15,2026-09-05 09:44:00,lpt-10630.,2,"Verify asset ownership, account sharing, and recent device changes"
THR00569,EMP10633,Identity / Hostname Mismatch,Medium,Medium,"8 telemetry events observed on hostname vdr-10633, which is not assigned to this user in the identity master",2026-08-15 00:00:00,2026-09-07 07:18:09,vdr-10633,8,"Verify asset ownership, account sharing, and recent device changes"
THR00570,EMP10636,Identity / Hostname Mismatch,Medium,Medium,"2 telemetry events observed on hostname lpt-10636., which is not assigned to this user in the identity master",,,lpt-10636.,2,"Verify asset ownership, account sharing, and recent device changes"
THR00571,EMP10637,Identity / Hostname Mismatch,Medium,Medium,"13 telemetry events observed on hostname lpt-10637, which is not assigned to this user in the identity master",2026-08-09 23:41:50,2026-09-08 10:36:56,lpt-10637,13,"Verify asset ownership, account sharing, and recent device changes"
THR00572,EMP10641,Identity / Hostname Mismatch,Medium,Medium,"8 telemetry events observed on hostname ws-10641, which is not assigned to this user in the identity master",2026-08-02 15:36:30,2026-09-03 09:01:00,ws-10641,8,"Verify asset ownership, account sharing, and recent device changes"
THR00573,EMP10662,Identity / Hostname Mismatch,Medium,Medium,"14 telemetry events observed on hostname vdr-10662, which is not assigned to this user in the identity master",2026-08-01 17:27:00,2026-09-08 00:00:00,vdr-10662,14,"Verify asset ownership, account sharing, and recent device changes"
THR00574,EMP10662,Identity / Hostname Mismatch,Medium,Medium,"2 telemetry events observed on hostname vdr-10662., which is not assigned to this user in the identity master",2026-08-18 02:44:00,2026-09-09 18:48:57,vdr-10662.,2,"Verify asset ownership, account sharing, and recent device changes"
THR00575,EMP10667,Identity / Hostname Mismatch,Medium,Medium,"2 telemetry events observed on hostname vdr-10667., which is not assigned to this user in the identity master",2026-08-02 08:54:00,2026-09-04 02:41:26,vdr-10667.,2,"Verify asset ownership, account sharing, and recent device changes"
THR00576,EMP10686,Identity / Hostname Mismatch,Medium,Medium,"6 telemetry events observed on hostname ws-10686, which is not assigned to this user in the identity master",2026-08-01 16:45:37,2026-08-24 20:08:09,ws-10686,6,"Verify asset ownership, account sharing, and recent device changes"
THR00577,EMP10729,Identity / Hostname Mismatch,Medium,Medium,"8 telemetry events observed on hostname ws-10729, which is not assigned to this user in the identity master",2026-08-02 19:03:00,2026-09-05 12:59:38,ws-10729,8,"Verify asset ownership, account sharing, and recent device changes"
THR00578,EMP10761,Identity / Hostname Mismatch,Medium,Medium,"7 telemetry events observed on hostname vdr-10761, which is not assigned to this user in the identity master",2026-08-05 10:10:47,2026-09-02 10:21:16,vdr-10761,7,"Verify asset ownership, account sharing, and recent device changes"
THR00579,EMP10776,Identity / Hostname Mismatch,Medium,Medium,"2 telemetry events observed on hostname vdr-10776., which is not assigned to this user in the identity master",2026-08-10 11:10:00,2026-08-10 11:10:00,vdr-10776.,2,"Verify asset ownership, account sharing, and recent device changes"
THR00580,EMP10824,Identity / Hostname Mismatch,Medium,Medium,"9 telemetry events observed on hostname ws-10824, which is not assigned to this user in the identity master",2026-08-04 04:13:00,2026-09-07 15:02:27,ws-10824,9,"Verify asset ownership, account sharing, and recent device changes"
THR00581,EMP10862,Identity / Hostname Mismatch,Medium,Medium,"8 telemetry events observed on hostname lpt-10862, which is not assigned to this user in the identity master",2026-08-02 23:33:00,2026-08-29 19:54:47,lpt-10862,8,"Verify asset ownership, account sharing, and recent device changes"
THR00582,EMP10871,Identity / Hostname Mismatch,Medium,Medium,"5 telemetry events observed on hostname ws-10871, which is not assigned to this user in the identity master",2026-08-05 04:17:17,2026-09-01 03:08:20,ws-10871,5,"Verify asset ownership, account sharing, and recent device changes"
THR00583,EMP10897,Identity / Hostname Mismatch,Medium,Medium,"8 telemetry events observed on hostname lpt-10897, which is not assigned to this user in the identity master",2026-08-02 00:00:00,2026-09-05 20:02:12,lpt-10897,8,"Verify asset ownership, account sharing, and recent device changes"
THR00584,EMP10906,Identity / Hostname Mismatch,Medium,Medium,"2 telemetry events observed on hostname vdr-10906., which is not assigned to this user in the identity master",2026-08-10 22:38:44,2026-08-26 17:42:30,vdr-10906.,2,"Verify asset ownership, account sharing, and recent device changes"
THR00585,EMP10910,Identity / Hostname Mismatch,Medium,Medium,"4 telemetry events observed on hostname vdr-10910, which is not assigned to this user in the identity master",2026-08-08 00:00:00,2026-09-07 00:00:00,vdr-10910,4,"Verify asset ownership, account sharing, and recent device changes"
THR00586,EMP10926,Identity / Hostname Mismatch,Medium,Medium,"2 telemetry events observed on hostname ws-10926., which is not assigned to this user in the identity master",2026-08-06 09:54:25,2026-08-10 21:37:46,ws-10926.,2,"Verify asset ownership, account sharing, and recent device changes"
THR00587,EMP10935,Identity / Hostname Mismatch,Medium,Medium,"8 telemetry events observed on hostname lpt-10935, which is not assigned to this user in the identity master",2026-08-08 17:09:37,2026-08-31 00:00:00,lpt-10935,8,"Verify asset ownership, account sharing, and recent device changes"
THR00588,EMP10969,Identity / Hostname Mismatch,Medium,Medium,"7 telemetry events observed on hostname ws-10969, which is not assigned to this user in the identity master",2026-08-03 08:59:57,2026-09-09 19:00:08,ws-10969,7,"Verify asset ownership, account sharing, and recent device changes"
THR00589,EMP10974,Identity / Hostname Mismatch,Medium,Medium,"11 telemetry events observed on hostname ws-10974, which is not assigned to this user in the identity master",2026-08-09 07:45:03,2026-09-04 11:59:18,ws-10974,11,"Verify asset ownership, account sharing, and recent device changes"
THR00590,EMP10995,Identity / Hostname Mismatch,Medium,Medium,"6 telemetry events observed on hostname ws-10995, which is not assigned to this user in the identity master",2026-08-01 09:45:03,2026-09-08 10:34:29,ws-10995,6,"Verify asset ownership, account sharing, and recent device changes"
THR00591,EMP10996,Identity / Hostname Mismatch,Medium,Medium,"5 telemetry events observed on hostname ws-10996, which is not assigned to this user in the identity master",2026-08-05 04:00:00,2026-08-27 08:49:00,ws-10996,5,"Verify asset ownership, account sharing, and recent device changes"
THR00592,EMP10999,Identity / Hostname Mismatch,Medium,Medium,"10 telemetry events observed on hostname ws-10999, which is not assigned to this user in the identity master",2026-08-09 09:07:00,2026-09-09 06:10:00,ws-10999,10,"Verify asset ownership, account sharing, and recent device changes"
THR00593,EMP11030,Identity / Hostname Mismatch,Medium,Medium,"5 telemetry events observed on hostname lpt-11030, which is not assigned to this user in the identity master",2026-08-01 16:29:00,2026-09-06 22:48:26,lpt-11030,5,"Verify asset ownership, account sharing, and recent device changes"
THR00594,EMP11034,Identity / Hostname Mismatch,Medium,Medium,"2 telemetry events observed on hostname lpt-11034., which is not assigned to this user in the identity master",2026-08-06 01:20:58,2026-08-30 19:43:51,lpt-11034.,2,"Verify asset ownership, account sharing, and recent device changes"
THR00595,EMP11042,Identity / Hostname Mismatch,Medium,Medium,"11 telemetry events observed on hostname vdr-11042, which is not assigned to this user in the identity master",2026-08-03 19:58:27,2026-08-25 16:13:43,vdr-11042,11,"Verify asset ownership, account sharing, and recent device changes"
THR00596,EMP11043,Identity / Hostname Mismatch,Medium,Medium,"6 telemetry events observed on hostname ws-11043, which is not assigned to this user in the identity master",2026-08-02 22:48:40,2026-09-07 07:28:00,ws-11043,6,"Verify asset ownership, account sharing, and recent device changes"
THR00597,EMP11050,Identity / Hostname Mismatch,Medium,Medium,"11 telemetry events observed on hostname lpt-11050, which is not assigned to this user in the identity master",2026-08-02 13:52:18,2026-09-08 09:22:49,lpt-11050,11,"Verify asset ownership, account sharing, and recent device changes"
THR00598,EMP11053,Identity / Hostname Mismatch,Medium,Medium,"8 telemetry events observed on hostname ws-11053, which is not assigned to this user in the identity master",2026-08-04 12:43:36,2026-08-30 00:00:00,ws-11053,8,"Verify asset ownership, account sharing, and recent device changes"
THR00599,EMP11061,Identity / Hostname Mismatch,Medium,Medium,"2 telemetry events observed on hostname vdr-11061., which is not assigned to this user in the identity master",2026-08-04 21:19:30,2026-08-31 20:34:28,vdr-11061.,2,"Verify asset ownership, account sharing, and recent device changes"
THR00600,EMP11069,Identity / Hostname Mismatch,Medium,Medium,"2 telemetry events observed on hostname ws-11069., which is not assigned to this user in the identity master",,,ws-11069.,2,"Verify asset ownership, account sharing, and recent device changes"
THR00601,EMP11076,Identity / Hostname Mismatch,Medium,Medium,"9 telemetry events observed on hostname ws-11076, which is not assigned to this user in the identity master",2026-08-01 00:00:00,2026-09-06 09:34:47,ws-11076,9,"Verify asset ownership, account sharing, and recent device changes"
THR00602,EMP11131,Identity / Hostname Mismatch,Medium,Medium,"2 telemetry events observed on hostname lpt-11131, which is not assigned to this user in the identity master",2026-08-01 12:03:21,2026-08-13 00:00:00,lpt-11131,2,"Verify asset ownership, account sharing, and recent device changes"
THR00603,EMP11133,Identity / Hostname Mismatch,Medium,Medium,"5 telemetry events observed on hostname lpt-11133, which is not assigned to this user in the identity master",2026-08-02 12:54:49,2026-08-28 11:51:05,lpt-11133,5,"Verify asset ownership, account sharing, and recent device changes"
THR00604,EMP11148,Identity / Hostname Mismatch,Medium,Medium,"11 telemetry events observed on hostname lpt-11148, which is not assigned to this user in the identity master",2026-08-03 02:11:52,2026-09-02 05:05:38,lpt-11148,11,"Verify asset ownership, account sharing, and recent device changes"
THR00605,EMP11198,Identity / Hostname Mismatch,Medium,Medium,"7 telemetry events observed on hostname ws-11198, which is not assigned to this user in the identity master",2026-08-01 00:00:00,2026-08-31 14:03:39,ws-11198,7,"Verify asset ownership, account sharing, and recent device changes"
THR00606,EMP11204,Identity / Hostname Mismatch,Medium,Medium,"10 telemetry events observed on hostname lpt-11204, which is not assigned to this user in the identity master",2026-08-05 19:37:34,2026-09-08 02:14:10,lpt-11204,10,"Verify asset ownership, account sharing, and recent device changes"
THR00607,EMP11228,Identity / Hostname Mismatch,Medium,Medium,"8 telemetry events observed on hostname ws-11228, which is not assigned to this user in the identity master",2026-08-03 09:15:19,2026-08-31 04:44:15,ws-11228,8,"Verify asset ownership, account sharing, and recent device changes"
THR00608,EMP11239,Identity / Hostname Mismatch,Medium,Medium,"6 telemetry events observed on hostname lpt-11239, which is not assigned to this user in the identity master",2026-08-03 00:00:00,2026-08-23 07:30:11,lpt-11239,6,"Verify asset ownership, account sharing, and recent device changes"
THR00609,EMP11250,Identity / Hostname Mismatch,Medium,Medium,"7 telemetry events observed on hostname lpt-11250, which is not assigned to this user in the identity master",2026-08-18 15:29:10,2026-09-05 22:28:27,lpt-11250,7,"Verify asset ownership, account sharing, and recent device changes"
THR00610,EMP11259,Identity / Hostname Mismatch,Medium,Medium,"9 telemetry events observed on hostname lpt-11259, which is not assigned to this user in the identity master",2026-08-02 00:10:00,2026-09-05 09:22:28,lpt-11259,9,"Verify asset ownership, account sharing, and recent device changes"
THR00611,EMP11260,Identity / Hostname Mismatch,Medium,Medium,"8 telemetry events observed on hostname ws-11260, which is not assigned to this user in the identity master",2026-08-06 10:26:00,2026-08-30 14:24:29,ws-11260,8,"Verify asset ownership, account sharing, and recent device changes"
THR00612,EMP11272,Identity / Hostname Mismatch,Medium,Medium,"2 telemetry events observed on hostname vdr-11272., which is not assigned to this user in the identity master",2026-08-28 06:16:40,2026-09-03 23:06:00,vdr-11272.,2,"Verify asset ownership, account sharing, and recent device changes"
THR00613,EMP11285,Identity / Hostname Mismatch,Medium,Medium,"9 telemetry events observed on hostname lpt-11285, which is not assigned to this user in the identity master",2026-08-09 01:49:00,2026-09-08 04:02:00,lpt-11285,9,"Verify asset ownership, account sharing, and recent device changes"
THR00614,EMP11290,Identity / Hostname Mismatch,Medium,Medium,"8 telemetry events observed on hostname lpt-11290, which is not assigned to this user in the identity master",2026-08-01 10:54:54,2026-09-09 11:48:39,lpt-11290,8,"Verify asset ownership, account sharing, and recent device changes"
THR00615,EMP11296,Identity / Hostname Mismatch,Medium,Medium,"9 telemetry events observed on hostname ws-11296, which is not assigned to this user in the identity master",2026-08-05 05:45:00,2026-09-03 13:17:46,ws-11296,9,"Verify asset ownership, account sharing, and recent device changes"
THR00616,EMP11322,Identity / Hostname Mismatch,Medium,Medium,"3 telemetry events observed on hostname lpt-11322., which is not assigned to this user in the identity master",2026-08-05 00:16:24,2026-09-09 01:38:15,lpt-11322.,3,"Verify asset ownership, account sharing, and recent device changes"
THR00617,EMP11333,Identity / Hostname Mismatch,Medium,Medium,"8 telemetry events observed on hostname lpt-11333, which is not assigned to this user in the identity master",2026-08-12 03:17:46,2026-09-08 22:49:27,lpt-11333,8,"Verify asset ownership, account sharing, and recent device changes"
THR00618,EMP11353,Identity / Hostname Mismatch,Medium,Medium,"3 telemetry events observed on hostname lpt-11353., which is not assigned to this user in the identity master",2026-08-26 06:36:00,2026-09-08 00:00:00,lpt-11353.,3,"Verify asset ownership, account sharing, and recent device changes"
THR00619,EMP11354,Identity / Hostname Mismatch,Medium,Medium,"7 telemetry events observed on hostname ws-11354, which is not assigned to this user in the identity master",2026-08-06 00:19:26,2026-09-06 16:37:50,ws-11354,7,"Verify asset ownership, account sharing, and recent device changes"
THR00620,EMP11375,Identity / Hostname Mismatch,Medium,Medium,"13 telemetry events observed on hostname vdr-11375, which is not assigned to this user in the identity master",2026-08-07 19:40:00,2026-09-06 11:21:05,vdr-11375,13,"Verify asset ownership, account sharing, and recent device changes"
THR00621,EMP11397,Identity / Hostname Mismatch,Medium,Medium,"11 telemetry events observed on hostname ws-11397, which is not assigned to this user in the identity master",2026-08-11 23:43:25,2026-09-09 00:00:00,ws-11397,11,"Verify asset ownership, account sharing, and recent device changes"
THR00622,EMP11427,Identity / Hostname Mismatch,Medium,Medium,"2 telemetry events observed on hostname lpt-11427., which is not assigned to this user in the identity master",2026-08-15 08:10:15,2026-09-01 00:00:00,lpt-11427.,2,"Verify asset ownership, account sharing, and recent device changes"
THR00623,EMP11433,Identity / Hostname Mismatch,Medium,Medium,"12 telemetry events observed on hostname vdr-11433, which is not assigned to this user in the identity master",2026-08-01 00:00:00,2026-09-05 15:22:00,vdr-11433,12,"Verify asset ownership, account sharing, and recent device changes"
THR00624,EMP11435,Identity / Hostname Mismatch,Medium,Medium,"13 telemetry events observed on hostname ws-11435, which is not assigned to this user in the identity master",2026-08-06 00:18:52,2026-09-03 14:58:43,ws-11435,13,"Verify asset ownership, account sharing, and recent device changes"
THR00625,EMP11466,Identity / Hostname Mismatch,Medium,Medium,"9 telemetry events observed on hostname vdr-11466, which is not assigned to this user in the identity master",2026-08-03 00:00:00,2026-09-06 20:07:37,vdr-11466,9,"Verify asset ownership, account sharing, and recent device changes"
THR00626,EMP11470,Identity / Hostname Mismatch,Medium,Medium,"6 telemetry events observed on hostname lpt-11470, which is not assigned to this user in the identity master",2026-08-04 11:33:27,2026-09-09 09:15:43,lpt-11470,6,"Verify asset ownership, account sharing, and recent device changes"
THR00627,EMP11474,Identity / Hostname Mismatch,Medium,Medium,"3 telemetry events observed on hostname ws-11474, which is not assigned to this user in the identity master",2026-08-26 01:38:00,2026-09-06 19:07:43,ws-11474,3,"Verify asset ownership, account sharing, and recent device changes"
THR00628,EMP11479,Identity / Hostname Mismatch,Medium,Medium,"7 telemetry events observed on hostname vdr-11479, which is not assigned to this user in the identity master",2026-08-04 04:45:05,2026-09-01 18:38:43,vdr-11479,7,"Verify asset ownership, account sharing, and recent device changes"
THR00629,EMP11486,Identity / Hostname Mismatch,Medium,Medium,"8 telemetry events observed on hostname ws-11486, which is not assigned to this user in the identity master",2026-08-01 10:31:11,2026-09-04 03:07:07,ws-11486,8,"Verify asset ownership, account sharing, and recent device changes"
THR00630,EMP11517,Identity / Hostname Mismatch,Medium,Medium,"2 telemetry events observed on hostname ws-11517., which is not assigned to this user in the identity master",2026-08-16 23:14:52,2026-09-07 06:54:14,ws-11517.,2,"Verify asset ownership, account sharing, and recent device changes"
THR00631,EMP11519,Identity / Hostname Mismatch,Medium,Medium,"8 telemetry events observed on hostname lpt-11519, which is not assigned to this user in the identity master",2026-08-04 00:00:00,2026-09-03 00:00:00,lpt-11519,8,"Verify asset ownership, account sharing, and recent device changes"
THR00632,EMP11539,Identity / Hostname Mismatch,Medium,Medium,"9 telemetry events observed on hostname lpt-11539, which is not assigned to this user in the identity master",2026-08-08 06:01:00,2026-09-05 22:52:50,lpt-11539,9,"Verify asset ownership, account sharing, and recent device changes"
THR00633,EMP11540,Identity / Hostname Mismatch,Medium,Medium,"2 telemetry events observed on hostname ws-11540., which is not assigned to this user in the identity master",2026-08-30 16:50:49,2026-08-30 16:50:49,ws-11540.,2,"Verify asset ownership, account sharing, and recent device changes"
THR00634,EMP11549,Identity / Hostname Mismatch,Medium,Medium,"2 telemetry events observed on hostname vdr-11549., which is not assigned to this user in the identity master",2026-08-09 22:01:43,2026-08-09 22:01:43,vdr-11549.,2,"Verify asset ownership, account sharing, and recent device changes"
THR00635,EMP11561,Identity / Hostname Mismatch,Medium,Medium,"6 telemetry events observed on hostname lpt-11561, which is not assigned to this user in the identity master",2026-08-04 14:16:00,2026-08-23 23:55:39,lpt-11561,6,"Verify asset ownership, account sharing, and recent device changes"
THR00636,EMP11564,Identity / Hostname Mismatch,Medium,Medium,"7 telemetry events observed on hostname ws-11564, which is not assigned to this user in the identity master",2026-08-06 02:23:00,2026-08-28 13:19:09,ws-11564,7,"Verify asset ownership, account sharing, and recent device changes"
THR00637,EMP11570,Identity / Hostname Mismatch,Medium,Medium,"3 telemetry events observed on hostname ws-11570, which is not assigned to this user in the identity master",2026-08-27 01:31:22,2026-09-08 01:20:05,ws-11570,3,"Verify asset ownership, account sharing, and recent device changes"
THR00638,EMP11571,Identity / Hostname Mismatch,Medium,Medium,"2 telemetry events observed on hostname lpt-11571., which is not assigned to this user in the identity master",2026-08-20 06:50:00,2026-09-05 21:12:43,lpt-11571.,2,"Verify asset ownership, account sharing, and recent device changes"
THR00639,EMP11573,Identity / Hostname Mismatch,Medium,Medium,"8 telemetry events observed on hostname lpt-11573, which is not assigned to this user in the identity master",2026-08-03 13:25:27,2026-09-08 04:09:00,lpt-11573,8,"Verify asset ownership, account sharing, and recent device changes"
THR00640,EMP11624,Identity / Hostname Mismatch,Medium,Medium,"7 telemetry events observed on hostname ws-11624, which is not assigned to this user in the identity master",2026-08-09 01:43:19,2026-09-09 11:51:23,ws-11624,7,"Verify asset ownership, account sharing, and recent device changes"
THR00641,EMP11662,Identity / Hostname Mismatch,Medium,Medium,"11 telemetry events observed on hostname lpt-11662, which is not assigned to this user in the identity master",2026-08-01 00:06:06,2026-09-01 07:21:00,lpt-11662,11,"Verify asset ownership, account sharing, and recent device changes"
THR00642,EMP11670,Identity / Hostname Mismatch,Medium,Medium,"7 telemetry events observed on hostname ws-11670, which is not assigned to this user in the identity master",2026-08-05 05:58:30,2026-09-05 21:23:00,ws-11670,7,"Verify asset ownership, account sharing, and recent device changes"
THR00643,EMP11693,Identity / Hostname Mismatch,Medium,Medium,"8 telemetry events observed on hostname lpt-11693, which is not assigned to this user in the identity master",2026-08-03 04:15:00,2026-09-07 03:02:10,lpt-11693,8,"Verify asset ownership, account sharing, and recent device changes"
THR00644,EMP11704,Identity / Hostname Mismatch,Medium,Medium,"8 telemetry events observed on hostname lpt-11704, which is not assigned to this user in the identity master",2026-08-11 12:00:41,2026-09-01 20:01:07,lpt-11704,8,"Verify asset ownership, account sharing, and recent device changes"
THR00645,EMP11716,Identity / Hostname Mismatch,Medium,Medium,"11 telemetry events observed on hostname lpt-11716, which is not assigned to this user in the identity master",2026-08-06 00:00:00,2026-09-05 22:21:01,lpt-11716,11,"Verify asset ownership, account sharing, and recent device changes"
THR00646,EMP11733,Identity / Hostname Mismatch,Medium,Medium,"5 telemetry events observed on hostname ws-11733, which is not assigned to this user in the identity master",2026-08-09 17:08:00,2026-08-29 00:00:00,ws-11733,5,"Verify asset ownership, account sharing, and recent device changes"
THR00647,EMP11734,Identity / Hostname Mismatch,Medium,Medium,"5 telemetry events observed on hostname ws-11734, which is not assigned to this user in the identity master",2026-08-06 06:06:16,2026-09-02 04:54:00,ws-11734,5,"Verify asset ownership, account sharing, and recent device changes"
THR00648,EMP11752,Identity / Hostname Mismatch,Medium,Medium,"2 telemetry events observed on hostname vdr-11752., which is not assigned to this user in the identity master",2026-08-12 12:24:31,2026-08-24 08:41:00,vdr-11752.,2,"Verify asset ownership, account sharing, and recent device changes"
THR00649,EMP11764,Identity / Hostname Mismatch,Medium,Medium,"2 telemetry events observed on hostname lpt-11764., which is not assigned to this user in the identity master",2026-08-04 16:36:52,2026-08-04 16:36:52,lpt-11764.,2,"Verify asset ownership, account sharing, and recent device changes"
THR00650,EMP11770,Identity / Hostname Mismatch,Medium,Medium,"7 telemetry events observed on hostname lpt-11770, which is not assigned to this user in the identity master",2026-08-11 00:00:00,2026-09-08 01:30:47,lpt-11770,7,"Verify asset ownership, account sharing, and recent device changes"
THR00651,EMP11773,Identity / Hostname Mismatch,Medium,Medium,"9 telemetry events observed on hostname vdr-11773, which is not assigned to this user in the identity master",2026-08-03 19:41:17,2026-09-04 16:23:00,vdr-11773,9,"Verify asset ownership, account sharing, and recent device changes"
THR00652,EMP11777,Identity / Hostname Mismatch,Medium,Medium,"2 telemetry events observed on hostname ws-11777., which is not assigned to this user in the identity master",2026-08-04 01:55:28,2026-08-07 10:17:48,ws-11777.,2,"Verify asset ownership, account sharing, and recent device changes"
THR00653,EMP11780,Identity / Hostname Mismatch,Medium,Medium,"2 telemetry events observed on hostname lpt-11780, which is not assigned to this user in the identity master",2026-08-17 06:48:43,2026-09-08 09:01:41,lpt-11780,2,"Verify asset ownership, account sharing, and recent device changes"
THR00654,EMP11829,Identity / Hostname Mismatch,Medium,Medium,"9 telemetry events observed on hostname ws-11829, which is not assigned to this user in the identity master",2026-08-08 00:00:00,2026-09-09 13:13:52,ws-11829,9,"Verify asset ownership, account sharing, and recent device changes"
THR00655,EMP11835,Identity / Hostname Mismatch,Medium,Medium,"9 telemetry events observed on hostname ws-11835, which is not assigned to this user in the identity master",2026-08-01 14:36:00,2026-09-05 05:05:52,ws-11835,9,"Verify asset ownership, account sharing, and recent device changes"
THR00656,EMP11859,Identity / Hostname Mismatch,Medium,Medium,"9 telemetry events observed on hostname ws-11859, which is not assigned to this user in the identity master",2026-08-02 23:14:12,2026-09-07 04:30:15,ws-11859,9,"Verify asset ownership, account sharing, and recent device changes"
THR00657,EMP11904,Identity / Hostname Mismatch,Medium,Medium,"2 telemetry events observed on hostname lpt-11904., which is not assigned to this user in the identity master",2026-08-07 22:54:29,2026-09-01 23:00:30,lpt-11904.,2,"Verify asset ownership, account sharing, and recent device changes"
THR00658,EMP11905,Identity / Hostname Mismatch,Medium,Medium,"8 telemetry events observed on hostname ws-11905, which is not assigned to this user in the identity master",2026-08-05 06:59:54,2026-09-04 16:00:35,ws-11905,8,"Verify asset ownership, account sharing, and recent device changes"
THR00659,EMP11912,Identity / Hostname Mismatch,Medium,Medium,"2 telemetry events observed on hostname vdr-11912., which is not assigned to this user in the identity master",2026-08-10 01:03:57,2026-08-10 06:22:23,vdr-11912.,2,"Verify asset ownership, account sharing, and recent device changes"
THR00660,EMP11926,Identity / Hostname Mismatch,Medium,Medium,"7 telemetry events observed on hostname lpt-11926, which is not assigned to this user in the identity master",2026-08-04 03:35:57,2026-09-06 19:18:25,lpt-11926,7,"Verify asset ownership, account sharing, and recent device changes"
THR00661,EMP11931,Identity / Hostname Mismatch,Medium,Medium,"6 telemetry events observed on hostname vdr-11931, which is not assigned to this user in the identity master",2026-08-10 07:12:16,2026-09-02 09:01:48,vdr-11931,6,"Verify asset ownership, account sharing, and recent device changes"
THR00662,EMP11936,Identity / Hostname Mismatch,Medium,Medium,"2 telemetry events observed on hostname ws-11936., which is not assigned to this user in the identity master",2026-09-03 00:00:00,2026-09-07 18:42:14,ws-11936.,2,"Verify asset ownership, account sharing, and recent device changes"
THR00663,EMP11957,Identity / Hostname Mismatch,Medium,Medium,"12 telemetry events observed on hostname ws-11957, which is not assigned to this user in the identity master",2026-08-04 07:23:44,2026-09-03 19:49:26,ws-11957,12,"Verify asset ownership, account sharing, and recent device changes"
THR00664,EMP11990,Identity / Hostname Mismatch,Medium,Medium,"8 telemetry events observed on hostname lpt-11990, which is not assigned to this user in the identity master",2026-08-04 05:01:43,2026-09-04 00:00:00,lpt-11990,8,"Verify asset ownership, account sharing, and recent device changes"
THR00665,EMP11996,Identity / Hostname Mismatch,Medium,Medium,"8 telemetry events observed on hostname vdr-11996, which is not assigned to this user in the identity master",2026-08-10 07:18:00,2026-09-07 18:10:52,vdr-11996,8,"Verify asset ownership, account sharing, and recent device changes"
THR00666,EMP12000,Identity / Hostname Mismatch,Medium,Medium,"6 telemetry events observed on hostname lpt-12000, which is not assigned to this user in the identity master",2026-08-04 19:39:00,2026-08-30 15:57:00,lpt-12000,6,"Verify asset ownership, account sharing, and recent device changes"
THR00667,EMP12019,Identity / Hostname Mismatch,Medium,Medium,"2 telemetry events observed on hostname vdr-12019., which is not assigned to this user in the identity master",2026-08-31 01:30:02,2026-09-01 19:12:03,vdr-12019.,2,"Verify asset ownership, account sharing, and recent device changes"
THR00668,EMP12023,Identity / Hostname Mismatch,Medium,Medium,"13 telemetry events observed on hostname vdr-12023, which is not assigned to this user in the identity master",2026-08-15 20:32:24,2026-09-09 03:29:00,vdr-12023,13,"Verify asset ownership, account sharing, and recent device changes"
THR00669,EMP12027,Identity / Hostname Mismatch,Medium,Medium,"11 telemetry events observed on hostname lpt-12027, which is not assigned to this user in the identity master",2026-08-08 11:44:00,2026-09-08 18:27:04,lpt-12027,11,"Verify asset ownership, account sharing, and recent device changes"
THR00670,EMP12040,Identity / Hostname Mismatch,Medium,Medium,"4 telemetry events observed on hostname vdr-12040, which is not assigned to this user in the identity master",2026-08-09 00:00:00,2026-09-03 03:37:08,vdr-12040,4,"Verify asset ownership, account sharing, and recent device changes"
THR00671,EMP12088,Identity / Hostname Mismatch,Medium,Medium,"2 telemetry events observed on hostname lpt-12088., which is not assigned to this user in the identity master",2026-08-01 23:16:58,2026-08-21 22:39:40,lpt-12088.,2,"Verify asset ownership, account sharing, and recent device changes"
THR00672,EMP12091,Identity / Hostname Mismatch,Medium,Medium,"4 telemetry events observed on hostname vdr-12091, which is not assigned to this user in the identity master",2026-08-12 06:40:40,2026-09-03 00:45:37,vdr-12091,4,"Verify asset ownership, account sharing, and recent device changes"
THR00673,EMP12110,Identity / Hostname Mismatch,Medium,Medium,"9 telemetry events observed on hostname lpt-12110, which is not assigned to this user in the identity master",2026-08-01 11:46:00,2026-09-03 10:22:00,lpt-12110,9,"Verify asset ownership, account sharing, and recent device changes"
THR00674,EMP12122,Identity / Hostname Mismatch,Medium,Medium,"2 telemetry events observed on hostname vdr-12122., which is not assigned to this user in the identity master",2026-08-12 10:34:49,2026-09-04 00:30:00,vdr-12122.,2,"Verify asset ownership, account sharing, and recent device changes"
THR00675,EMP12142,Identity / Hostname Mismatch,Medium,Medium,"7 telemetry events observed on hostname vdr-12142, which is not assigned to this user in the identity master",2026-08-13 00:00:00,2026-09-09 00:00:00,vdr-12142,7,"Verify asset ownership, account sharing, and recent device changes"
THR00676,EMP12146,Identity / Hostname Mismatch,Medium,Medium,"5 telemetry events observed on hostname lpt-12146, which is not assigned to this user in the identity master",2026-08-12 03:54:40,2026-08-31 19:58:56,lpt-12146,5,"Verify asset ownership, account sharing, and recent device changes"
THR00677,EMP12155,Identity / Hostname Mismatch,Medium,Medium,"11 telemetry events observed on hostname lpt-12155, which is not assigned to this user in the identity master",2026-08-04 00:00:00,2026-09-03 13:27:46,lpt-12155,11,"Verify asset ownership, account sharing, and recent device changes"
THR00678,EMP12168,Identity / Hostname Mismatch,Medium,Medium,"9 telemetry events observed on hostname vdr-12168, which is not assigned to this user in the identity master",2026-08-14 12:30:08,2026-09-07 00:00:00,vdr-12168,9,"Verify asset ownership, account sharing, and recent device changes"
THR00679,EMP12176,Identity / Hostname Mismatch,Medium,Medium,"5 telemetry events observed on hostname ws-12176, which is not assigned to this user in the identity master",2026-08-01 09:28:00,2026-08-31 12:55:13,ws-12176,5,"Verify asset ownership, account sharing, and recent device changes"
THR00680,EMP12178,Identity / Hostname Mismatch,Medium,Medium,"9 telemetry events observed on hostname vdr-12178, which is not assigned to this user in the identity master",2026-08-01 00:00:00,2026-09-09 17:20:16,vdr-12178,9,"Verify asset ownership, account sharing, and recent device changes"
THR00681,EMP12186,Identity / Hostname Mismatch,Medium,Medium,"10 telemetry events observed on hostname lpt-12186, which is not assigned to this user in the identity master",2026-08-01 02:23:17,2026-09-04 00:00:00,lpt-12186,10,"Verify asset ownership, account sharing, and recent device changes"
THR00682,EMP12221,Identity / Hostname Mismatch,Medium,Medium,"6 telemetry events observed on hostname ws-12221, which is not assigned to this user in the identity master",2026-08-14 00:00:00,2026-09-09 00:00:00,ws-12221,6,"Verify asset ownership, account sharing, and recent device changes"
THR00683,EMP12225,Identity / Hostname Mismatch,Medium,Medium,"3 telemetry events observed on hostname vdr-12225., which is not assigned to this user in the identity master",2026-09-01 13:12:06,2026-09-01 22:16:03,vdr-12225.,3,"Verify asset ownership, account sharing, and recent device changes"
THR00684,EMP12237,Identity / Hostname Mismatch,Medium,Medium,"8 telemetry events observed on hostname vdr-12237, which is not assigned to this user in the identity master",2026-08-03 00:00:00,2026-09-05 09:51:00,vdr-12237,8,"Verify asset ownership, account sharing, and recent device changes"
THR00685,EMP12243,Identity / Hostname Mismatch,Medium,Medium,"8 telemetry events observed on hostname vdr-12243, which is not assigned to this user in the identity master",2026-08-06 21:39:26,2026-09-07 14:57:35,vdr-12243,8,"Verify asset ownership, account sharing, and recent device changes"
THR00686,EMP12275,Identity / Hostname Mismatch,Medium,Medium,"12 telemetry events observed on hostname lpt-12275, which is not assigned to this user in the identity master",2026-08-04 11:13:45,2026-09-02 17:21:08,lpt-12275,12,"Verify asset ownership, account sharing, and recent device changes"
THR00687,EMP12293,Identity / Hostname Mismatch,Medium,Medium,"5 telemetry events observed on hostname lpt-12293, which is not assigned to this user in the identity master",2026-08-12 17:31:40,2026-09-08 22:11:14,lpt-12293,5,"Verify asset ownership, account sharing, and recent device changes"
THR00688,EMP12296,Identity / Hostname Mismatch,Medium,Medium,"4 telemetry events observed on hostname lpt-12296, which is not assigned to this user in the identity master",2026-08-04 00:00:00,2026-09-06 01:31:35,lpt-12296,4,"Verify asset ownership, account sharing, and recent device changes"
THR00689,EMP12332,Identity / Hostname Mismatch,Medium,Medium,"5 telemetry events observed on hostname vdr-12332, which is not assigned to this user in the identity master",2026-09-03 03:01:06,2026-09-09 10:25:44,vdr-12332,5,"Verify asset ownership, account sharing, and recent device changes"
THR00690,EMP12335,Identity / Hostname Mismatch,Medium,Medium,"5 telemetry events observed on hostname vdr-12335, which is not assigned to this user in the identity master",2026-08-12 01:30:21,2026-08-31 20:09:23,vdr-12335,5,"Verify asset ownership, account sharing, and recent device changes"
THR00691,EMP12335,Identity / Hostname Mismatch,Medium,Medium,"2 telemetry events observed on hostname vdr-12335., which is not assigned to this user in the identity master",2026-08-21 00:00:00,2026-08-21 00:00:00,vdr-12335.,2,"Verify asset ownership, account sharing, and recent device changes"
THR00692,EMP12341,Identity / Hostname Mismatch,Medium,Medium,"2 telemetry events observed on hostname ws-12341., which is not assigned to this user in the identity master",2026-08-25 00:41:21,2026-08-25 00:41:21,ws-12341.,2,"Verify asset ownership, account sharing, and recent device changes"
THR00693,EMP12360,Identity / Hostname Mismatch,Medium,Medium,"7 telemetry events observed on hostname ws-12360, which is not assigned to this user in the identity master",2026-08-09 16:37:20,2026-09-03 09:54:54,ws-12360,7,"Verify asset ownership, account sharing, and recent device changes"
THR00694,EMP12374,Identity / Hostname Mismatch,Medium,Medium,"8 telemetry events observed on hostname vdr-12374, which is not assigned to this user in the identity master",2026-08-06 16:02:00,2026-09-04 08:34:12,vdr-12374,8,"Verify asset ownership, account sharing, and recent device changes"
THR00695,EMP12379,Identity / Hostname Mismatch,Medium,Medium,"6 telemetry events observed on hostname vdr-12379, which is not assigned to this user in the identity master",2026-08-01 10:41:00,2026-09-04 05:06:51,vdr-12379,6,"Verify asset ownership, account sharing, and recent device changes"
THR00696,EMP12401,Identity / Hostname Mismatch,Medium,Medium,"8 telemetry events observed on hostname ws-12401, which is not assigned to this user in the identity master",2026-08-05 13:01:20,2026-09-09 04:10:58,ws-12401,8,"Verify asset ownership, account sharing, and recent device changes"
THR00697,EMP12403,Identity / Hostname Mismatch,Medium,Medium,"7 telemetry events observed on hostname vdr-12403, which is not assigned to this user in the identity master",2026-08-19 09:12:06,2026-09-06 17:18:23,vdr-12403,7,"Verify asset ownership, account sharing, and recent device changes"
THR00698,EMP12407,Identity / Hostname Mismatch,Medium,Medium,"8 telemetry events observed on hostname lpt-12407, which is not assigned to this user in the identity master",2026-08-09 14:52:55,2026-09-06 15:14:10,lpt-12407,8,"Verify asset ownership, account sharing, and recent device changes"
THR00699,EMP12414,Identity / Hostname Mismatch,Medium,Medium,"5 telemetry events observed on hostname lpt-12414, which is not assigned to this user in the identity master",2026-08-08 00:00:00,2026-08-30 03:25:00,lpt-12414,5,"Verify asset ownership, account sharing, and recent device changes"
THR00700,EMP12416,Identity / Hostname Mismatch,Medium,Medium,"11 telemetry events observed on hostname lpt-12416, which is not assigned to this user in the identity master",2026-08-08 15:08:36,2026-09-09 00:00:00,lpt-12416,11,"Verify asset ownership, account sharing, and recent device changes"
THR00701,EMP12431,Identity / Hostname Mismatch,Medium,Medium,"7 telemetry events observed on hostname vdr-12431, which is not assigned to this user in the identity master",2026-08-06 19:09:38,2026-08-30 22:50:00,vdr-12431,7,"Verify asset ownership, account sharing, and recent device changes"
THR00702,EMP12447,Identity / Hostname Mismatch,Medium,Medium,"11 telemetry events observed on hostname ws-12447, which is not assigned to this user in the identity master",2026-08-04 00:00:00,2026-09-08 20:13:14,ws-12447,11,"Verify asset ownership, account sharing, and recent device changes"
THR00703,EMP12450,Identity / Hostname Mismatch,Medium,Medium,"13 telemetry events observed on hostname vdr-12450, which is not assigned to this user in the identity master",2026-08-01 14:33:45,2026-09-06 19:36:59,vdr-12450,13,"Verify asset ownership, account sharing, and recent device changes"
THR00704,EMP12454,Identity / Hostname Mismatch,Medium,Medium,"6 telemetry events observed on hostname ws-12454, which is not assigned to this user in the identity master",2026-08-02 18:41:06,2026-09-04 04:04:13,ws-12454,6,"Verify asset ownership, account sharing, and recent device changes"
THR00705,EMP12462,Identity / Hostname Mismatch,Medium,Medium,"9 telemetry events observed on hostname lpt-12462, which is not assigned to this user in the identity master",2026-08-04 00:00:00,2026-09-08 00:00:00,lpt-12462,9,"Verify asset ownership, account sharing, and recent device changes"
THR00706,EMP12464,Identity / Hostname Mismatch,Medium,Medium,"8 telemetry events observed on hostname vdr-12464, which is not assigned to this user in the identity master",2026-08-03 15:01:00,2026-08-30 20:52:26,vdr-12464,8,"Verify asset ownership, account sharing, and recent device changes"
THR00707,EMP12480,Identity / Hostname Mismatch,Medium,Medium,"4 telemetry events observed on hostname vdr-12480, which is not assigned to this user in the identity master",2026-08-12 02:44:12,2026-09-09 00:00:00,vdr-12480,4,"Verify asset ownership, account sharing, and recent device changes"
THR00708,EMP12483,Identity / Hostname Mismatch,Medium,Medium,"2 telemetry events observed on hostname vdr-12483., which is not assigned to this user in the identity master",2026-08-13 23:57:20,2026-09-04 15:36:38,vdr-12483.,2,"Verify asset ownership, account sharing, and recent device changes"
THR00709,EMP12485,Identity / Hostname Mismatch,Medium,Medium,"8 telemetry events observed on hostname ws-12485, which is not assigned to this user in the identity master",2026-08-07 00:40:23,2026-09-08 01:45:50,ws-12485,8,"Verify asset ownership, account sharing, and recent device changes"
THR00710,EMP12514,Identity / Hostname Mismatch,Medium,Medium,"10 telemetry events observed on hostname ws-12514, which is not assigned to this user in the identity master",2026-08-21 01:16:05,2026-09-09 18:20:29,ws-12514,10,"Verify asset ownership, account sharing, and recent device changes"
THR00711,EMP12515,Identity / Hostname Mismatch,Medium,Medium,"2 telemetry events observed on hostname ws-12515., which is not assigned to this user in the identity master",2026-08-19 00:00:00,2026-09-05 09:23:17,ws-12515.,2,"Verify asset ownership, account sharing, and recent device changes"
THR00712,EMP12517,Identity / Hostname Mismatch,Medium,Medium,"7 telemetry events observed on hostname lpt-12517, which is not assigned to this user in the identity master",2026-08-04 14:51:53,2026-08-25 14:46:39,lpt-12517,7,"Verify asset ownership, account sharing, and recent device changes"
THR00713,EMP12556,Identity / Hostname Mismatch,Medium,Medium,"9 telemetry events observed on hostname ws-12556, which is not assigned to this user in the identity master",2026-08-05 12:29:42,2026-08-31 23:27:25,ws-12556,9,"Verify asset ownership, account sharing, and recent device changes"
THR00714,EMP12567,Identity / Hostname Mismatch,Medium,Medium,"64 telemetry events observed on hostname vdr-12567, which is not assigned to this user in the identity master",2026-08-04 00:04:16,2026-09-08 06:49:20,vdr-12567,64,"Verify asset ownership, account sharing, and recent device changes"
THR00715,EMP12605,Identity / Hostname Mismatch,Medium,Medium,"5 telemetry events observed on hostname ws-12605, which is not assigned to this user in the identity master",2026-08-20 14:52:01,2026-08-26 12:09:06,ws-12605,5,"Verify asset ownership, account sharing, and recent device changes"
THR00716,EMP12607,Identity / Hostname Mismatch,Medium,Medium,"10 telemetry events observed on hostname lpt-12607, which is not assigned to this user in the identity master",2026-08-02 00:00:00,2026-09-06 13:22:31,lpt-12607,10,"Verify asset ownership, account sharing, and recent device changes"
THR00717,EMP12614,Identity / Hostname Mismatch,Medium,Medium,"5 telemetry events observed on hostname ws-12614, which is not assigned to this user in the identity master",2026-08-01 03:31:20,2026-09-04 06:17:55,ws-12614,5,"Verify asset ownership, account sharing, and recent device changes"
THR00718,EMP12616,Identity / Hostname Mismatch,Medium,Medium,"5 telemetry events observed on hostname lpt-12616, which is not assigned to this user in the identity master",2026-08-01 00:00:00,2026-09-04 17:54:00,lpt-12616,5,"Verify asset ownership, account sharing, and recent device changes"
THR00719,EMP12622,Identity / Hostname Mismatch,Medium,Medium,"10 telemetry events observed on hostname lpt-12622, which is not assigned to this user in the identity master",2026-08-01 08:56:23,2026-09-09 00:00:00,lpt-12622,10,"Verify asset ownership, account sharing, and recent device changes"
THR00720,EMP12623,Identity / Hostname Mismatch,Medium,Medium,"2 telemetry events observed on hostname ws-12623., which is not assigned to this user in the identity master",2026-09-01 06:16:54,2026-09-06 19:45:26,ws-12623.,2,"Verify asset ownership, account sharing, and recent device changes"
THR00721,EMP12627,Identity / Hostname Mismatch,Medium,Medium,"13 telemetry events observed on hostname vdr-12627, which is not assigned to this user in the identity master",2026-08-03 09:07:00,2026-09-07 22:52:03,vdr-12627,13,"Verify asset ownership, account sharing, and recent device changes"
THR00722,EMP12688,Identity / Hostname Mismatch,Medium,Medium,"3 telemetry events observed on hostname vdr-12688, which is not assigned to this user in the identity master",2026-08-15 16:30:43,2026-08-27 06:51:25,vdr-12688,3,"Verify asset ownership, account sharing, and recent device changes"
THR00723,EMP12689,Identity / Hostname Mismatch,Medium,Medium,"3 telemetry events observed on hostname lpt-12689, which is not assigned to this user in the identity master",2026-08-09 05:41:25,2026-09-01 04:17:55,lpt-12689,3,"Verify asset ownership, account sharing, and recent device changes"
THR00724,EMP12691,Identity / Hostname Mismatch,Medium,Medium,"5 telemetry events observed on hostname lpt-12691, which is not assigned to this user in the identity master",2026-08-25 00:00:00,2026-09-05 10:18:02,lpt-12691,5,"Verify asset ownership, account sharing, and recent device changes"
THR00725,EMP12732,Identity / Hostname Mismatch,Medium,Medium,"6 telemetry events observed on hostname vdr-12732, which is not assigned to this user in the identity master",2026-08-01 00:40:00,2026-09-03 08:39:51,vdr-12732,6,"Verify asset ownership, account sharing, and recent device changes"
THR00726,EMP12745,Identity / Hostname Mismatch,Medium,Medium,"13 telemetry events observed on hostname ws-12745, which is not assigned to this user in the identity master",2026-08-01 06:43:11,2026-09-09 03:21:00,ws-12745,13,"Verify asset ownership, account sharing, and recent device changes"
THR00727,EMP12746,Identity / Hostname Mismatch,Medium,Medium,"9 telemetry events observed on hostname ws-12746, which is not assigned to this user in the identity master",2026-08-09 00:00:00,2026-09-08 03:13:00,ws-12746,9,"Verify asset ownership, account sharing, and recent device changes"
THR00728,EMP12751,Identity / Hostname Mismatch,Medium,Medium,"5 telemetry events observed on hostname ws-12751, which is not assigned to this user in the identity master",2026-08-13 01:30:00,2026-09-07 17:39:11,ws-12751,5,"Verify asset ownership, account sharing, and recent device changes"
THR00729,EMP12753,Identity / Hostname Mismatch,Medium,Medium,"4 telemetry events observed on hostname ws-12753, which is not assigned to this user in the identity master",2026-08-31 00:00:00,2026-09-04 12:42:13,ws-12753,4,"Verify asset ownership, account sharing, and recent device changes"
THR00730,EMP12761,Identity / Hostname Mismatch,Medium,Medium,"8 telemetry events observed on hostname lpt-12761, which is not assigned to this user in the identity master",2026-08-01 23:30:33,2026-09-08 00:00:00,lpt-12761,8,"Verify asset ownership, account sharing, and recent device changes"
THR00731,EMP12774,Identity / Hostname Mismatch,Medium,Medium,"16 telemetry events observed on hostname ws-12774, which is not assigned to this user in the identity master",2026-08-08 00:15:51,2026-09-09 00:00:00,ws-12774,16,"Verify asset ownership, account sharing, and recent device changes"
THR00732,EMP12792,Identity / Hostname Mismatch,Medium,Medium,"6 telemetry events observed on hostname lpt-12792, which is not assigned to this user in the identity master",2026-08-07 11:39:44,2026-08-30 00:00:00,lpt-12792,6,"Verify asset ownership, account sharing, and recent device changes"
THR00733,EMP12804,Identity / Hostname Mismatch,Medium,Medium,"2 telemetry events observed on hostname vdr-12804., which is not assigned to this user in the identity master",2026-09-01 00:00:00,2026-09-03 22:08:27,vdr-12804.,2,"Verify asset ownership, account sharing, and recent device changes"
THR00734,EMP12832,Identity / Hostname Mismatch,Medium,Medium,"4 telemetry events observed on hostname vdr-12832, which is not assigned to this user in the identity master",2026-08-13 14:24:48,2026-09-04 16:58:44,vdr-12832,4,"Verify asset ownership, account sharing, and recent device changes"
THR00735,EMP12833,Identity / Hostname Mismatch,Medium,Medium,"2 telemetry events observed on hostname ws-12833., which is not assigned to this user in the identity master",2026-08-16 23:14:00,2026-08-29 07:24:24,ws-12833.,2,"Verify asset ownership, account sharing, and recent device changes"
THR00736,EMP12875,Identity / Hostname Mismatch,Medium,Medium,"6 telemetry events observed on hostname vdr-12875, which is not assigned to this user in the identity master",2026-08-05 11:12:10,2026-09-01 06:53:00,vdr-12875,6,"Verify asset ownership, account sharing, and recent device changes"
THR00737,EMP12889,Identity / Hostname Mismatch,Medium,Medium,"8 telemetry events observed on hostname ws-12889, which is not assigned to this user in the identity master",2026-08-01 11:08:00,2026-09-05 00:00:00,ws-12889,8,"Verify asset ownership, account sharing, and recent device changes"
THR00738,EMP12903,Identity / Hostname Mismatch,Medium,Medium,"5 telemetry events observed on hostname lpt-12903, which is not assigned to this user in the identity master",2026-08-02 23:52:00,2026-08-28 00:00:00,lpt-12903,5,"Verify asset ownership, account sharing, and recent device changes"
THR00739,EMP12908,Identity / Hostname Mismatch,Medium,Medium,"9 telemetry events observed on hostname ws-12908, which is not assigned to this user in the identity master",2026-08-01 00:23:18,2026-09-05 00:00:00,ws-12908,9,"Verify asset ownership, account sharing, and recent device changes"
THR00740,EMP12955,Identity / Hostname Mismatch,Medium,Medium,"2 telemetry events observed on hostname lpt-12955., which is not assigned to this user in the identity master",2026-08-24 21:24:48,2026-09-02 03:04:05,lpt-12955.,2,"Verify asset ownership, account sharing, and recent device changes"
THR00741,EMP12979,Identity / Hostname Mismatch,Medium,Medium,"8 telemetry events observed on hostname vdr-12979, which is not assigned to this user in the identity master",2026-08-19 00:00:00,2026-09-09 00:00:00,vdr-12979,8,"Verify asset ownership, account sharing, and recent device changes"
THR00742,EMP12998,Identity / Hostname Mismatch,Medium,Medium,"2 telemetry events observed on hostname lpt-12998., which is not assigned to this user in the identity master",2026-08-07 17:13:59,2026-09-04 00:00:00,lpt-12998.,2,"Verify asset ownership, account sharing, and recent device changes"
