user_id,username,department,role,status,hostname_count,device_count,iam_events,iam_failed_auth,iam_mfa_failures,iam_high_risk_events,iam_avg_risk_score,iam_max_risk_score,iam_hostname_count,iam_session_count,endpoint_alerts,endpoint_critical_alerts,endpoint_high_alerts,endpoint_unresolved_critical,endpoint_malware_alerts,endpoint_credential_alerts,endpoint_lateral_movement,endpoint_powershell,endpoint_tampering,endpoint_usb,endpoint_impossible_resolution,endpoint_hostname_count,termination_date,post_termination_iam_events,post_termination_endpoint_events,post_termination_activity,post_termination_activity_flag,authentication_risk,iam_risk,endpoint_severity_risk,threat_behavior_risk,contextual_risk,cross_signal_bonus,risk_score,risk_level,risk_band,risk_drivers
EMP10000,vrinda.dua82,Human Resources,Analyst,Active,1,1,6.0,0.0,2,2.0,62.0,91.0,1.0,3.0,3.0,0.0,0.0,0.0,0.0,1.0,0.0,1.0,0.0,2.0,0.0,1.0,,0,0,0,False,3.0,4.0,0.0,11.0,0.0,0,18.0,Low,Low,2 high-risk IAM events; 1 credential-access alerts; 1 PowerShell alerts
EMP10001,anjali.sandal70,People,Specialist,Active,1,0,5.0,2.0,4,2.0,52.5,86.0,1.0,3.0,4.0,0.0,1.0,0.0,3.0,1.0,0.0,0.0,0.0,0.0,0.0,1.0,,0,0,0,False,8.0,4.0,2.0,18.0,0.0,10,42.0,Medium,Medium,"elevated authentication risk (2 failed auth, 4 MFA failures); 2 high-risk IAM events; 3 malware alerts; 1 credential-access alerts"
EMP10002,xalak.tiwari72,Sales,Officer,Active,1,1,5.0,2.0,4,1.0,47.6,97.0,1.0,3.0,2.0,0.0,0.0,0.0,0.0,0.0,2.0,0.0,0.0,0.0,0.0,2.0,,0,0,0,False,8.0,2.0,0.0,8.0,0.0,5,23.0,Low,Low,"elevated authentication risk (2 failed auth, 4 MFA failures); 1 high-risk IAM events; 2 lateral-movement alerts"
EMP10003,orinder.buch21,Legal,Consultant,On Leave,1,1,3.0,1.0,1,0.0,35.0,35.0,1.0,1.0,5.0,0.0,0.0,0.0,1.0,1.0,0.0,1.0,0.0,1.0,0.0,2.0,,0,0,0,False,2.5,0.0,0.0,16.0,0.0,5,23.5,Low,Low,1 failed authentication events; 1 malware alerts; 1 credential-access alerts; 1 PowerShell alerts
EMP10004,ekalinga.balan13,Operations,Consultant,Active,1,1,8.0,3.0,3,0.0,42.0,63.0,1.0,3.0,5.0,1.0,1.0,1.0,5.0,0.0,0.0,0.0,0.0,0.0,0.0,2.0,,0,0,0,False,7.5,0.0,7.0,12.0,2.0,0,28.5,Medium,Medium,3 failed authentication events; 5 malware alerts; 1 critical endpoint alerts; 1 unresolved critical alerts
EMP10005,adweta.seth11,Customer Support,Administrator,Inactive,1,1,8.0,2.0,3,3.0,46.38,84.0,1.0,5.0,2.0,0.0,1.0,0.0,1.0,0.0,0.0,1.0,0.0,0.0,0.0,1.0,2026-01-27 01:48:14,6,2,8,True,6.5,6.0,2.0,9.0,10.0,3,36.5,Medium,Medium,2 failed authentication events; 3 high-risk IAM events; 1 malware alerts; 1 PowerShell alerts; 8 events after identity termination
EMP10006,ekta.kuruvilla30,Marketing,Manager,Active,1,1,6.0,3.0,2,1.0,61.5,72.0,1.0,3.0,6.0,1.0,0.0,0.0,1.0,1.0,0.0,4.0,1.0,0.0,0.0,1.0,,0,0,0,False,6.0,2.0,5.0,20.0,0.0,5,38.0,Medium,Medium,3 failed authentication events; 1 high-risk IAM events; 1 malware alerts; 1 credential-access alerts; 4 PowerShell alerts; 1 security-tampering alerts; 1 critical endpoint alerts
EMP10007,janya.bhatia21,Operations,Consultant,Active,1,1,3.0,0.0,0,0.0,48.33,66.0,1.0,3.0,3.0,0.0,1.0,0.0,1.0,0.0,0.0,0.0,2.0,2.0,0.0,1.0,,0,0,0,False,0.0,0.0,2.0,13.0,0.0,0,15.0,Low,Low,1 malware alerts; 2 security-tampering alerts
EMP10008,wakeeta.joshi82,Finance,Officer,Active,1,1,8.0,3.0,4,1.0,62.5,98.0,1.0,2.0,2.0,0.0,1.0,0.0,1.0,1.0,0.0,0.0,0.0,0.0,0.0,1.0,,0,0,0,False,9.0,2.0,2.0,12.0,0.0,10,35.0,Medium,Medium,"elevated authentication risk (3 failed auth, 4 MFA failures); 1 high-risk IAM events; 1 malware alerts; 1 credential-access alerts"
EMP10009,waida.tandon82,Customer Support,Engineer,Active,1,0,2.0,0.0,0,1.0,43.5,72.0,1.0,2.0,2.0,0.0,1.0,0.0,2.0,0.0,0.0,0.0,0.0,0.0,0.0,1.0,,0,0,0,False,0.0,2.0,2.0,12.0,0.0,0,16.0,Low,Low,1 high-risk IAM events; 2 malware alerts
EMP10010,jagvi.seth52,Marketing,Manager,Active,1,1,6.0,4.0,3,0.0,26.33,48.0,1.0,2.0,0.0,0.0,0.0,0.0,0.0,0.0,0.0,0.0,0.0,0.0,0.0,0.0,,0,0,0,False,8.5,0.0,0.0,0.0,0.0,0,8.5,Low,Low,"elevated authentication risk (4 failed auth, 3 MFA failures)"
EMP10011,wriddhish.dey59,Finance,Administrator,Active,1,0,5.0,1.0,2,1.0,45.0,94.0,1.0,4.0,4.0,0.0,0.0,0.0,1.0,1.0,1.0,1.0,0.0,0.0,0.0,1.0,,0,0,0,False,4.0,2.0,0.0,21.0,0.0,10,37.0,Medium,Medium,1 failed authentication events; 1 high-risk IAM events; 1 malware alerts; 1 credential-access alerts; 1 lateral-movement alerts; 1 PowerShell alerts
EMP10012,netra.vasa52,Operations,Engineer,Active,1,1,7.0,1.0,4,0.0,50.0,60.0,1.0,6.0,4.0,0.0,1.0,0.0,0.0,1.0,0.0,2.0,1.0,1.0,0.0,2.0,,0,0,0,False,7.0,0.0,2.0,15.0,0.0,0,24.0,Low,Low,1 failed authentication events; 1 credential-access alerts; 2 PowerShell alerts; 1 security-tampering alerts
EMP10013,azaan.bhagat20,Finance,Director,Active,1,1,1.0,1.0,1,0.0,0.0,0.0,1.0,1.0,2.0,1.0,0.0,1.0,1.0,0.0,0.0,1.0,0.0,0.0,0.0,1.0,,0,0,0,False,2.5,0.0,5.0,9.0,2.0,0,18.5,Low,Low,1 failed authentication events; 1 malware alerts; 1 PowerShell alerts; 1 critical endpoint alerts; 1 unresolved critical alerts
EMP10014,ridhi.saini2,People,Officer,Active,1,1,76.0,23.0,19,17.0,49.86,99.0,1.0,44.0,4.0,0.0,1.0,0.0,2.0,0.0,1.0,0.0,1.0,1.0,0.0,1.0,,0,0,0,False,20.0,20.0,2.0,23.0,0.0,10,75.0,Critical,Critical,"elevated authentication risk (23 failed auth, 19 MFA failures); 17 high-risk IAM events; 2 malware alerts; 1 lateral-movement alerts; 1 security-tampering alerts"
EMP10015,isaiah.swaminathan1,Marketing,Officer,Inactive,1,1,5.0,2.0,2,1.0,37.67,92.0,1.0,3.0,2.0,0.0,1.0,0.0,1.0,0.0,0.0,1.0,1.0,0.0,0.0,1.0,,0,0,0,False,5.0,2.0,2.0,13.0,0.0,0,22.0,Low,Low,2 failed authentication events; 1 high-risk IAM events; 1 malware alerts; 1 PowerShell alerts; 1 security-tampering alerts
EMP10016,jacob.ranganathan48,Finance,Officer,Active,1,1,8.0,5.0,4,3.0,50.86,90.0,1.0,3.0,3.0,0.0,0.0,0.0,1.0,1.0,0.0,1.0,0.0,0.0,0.0,1.0,,0,0,0,False,11.0,11.0,0.0,15.0,0.0,10,47.0,Medium,Medium,"elevated authentication risk (5 failed auth, 4 MFA failures); 3 high-risk IAM events; 1 malware alerts; 1 credential-access alerts; 1 PowerShell alerts"
EMP10017,vritti.sengupta40,Sales,Analyst,Active,1,1,7.0,3.0,2,3.0,65.0,99.0,1.0,5.0,4.0,0.0,3.0,0.0,1.0,1.0,1.0,1.0,1.0,0.0,1.0,2.0,,0,0,0,False,6.0,6.0,5.0,25.0,0.0,10,52.0,High,High,3 failed authentication events; 3 high-risk IAM events; 1 malware alerts; 1 credential-access alerts; 1 lateral-movement alerts; 1 PowerShell alerts; 1 security-tampering alerts
EMP10018,orinder.bera98,Customer Support,Executive,Inactive,1,1,2.0,0.0,0,0.0,29.0,29.0,1.0,1.0,1.0,0.0,0.0,0.0,0.0,0.0,1.0,0.0,0.0,0.0,0.0,1.0,2026-07-25 15:40:44,1,1,2,True,0.0,0.0,0.0,6.0,6.0,0,12.0,Low,Low,1 lateral-movement alerts; 2 events after identity termination
EMP10019,vasana_bhasin70,Sales,Administrator,Active,1,0,5.0,2.0,1,2.0,66.0,99.0,1.0,3.0,4.0,1.0,0.0,1.0,0.0,0.0,2.0,0.0,0.0,0.0,1.0,2.0,,0,0,0,False,3.5,4.0,5.0,8.0,2.0,0,22.5,Low,Low,2 failed authentication events; 2 high-risk IAM events; 2 lateral-movement alerts; 1 critical endpoint alerts; 1 unresolved critical alerts
EMP10020,pranit.raja29,Human Resources,Consultant,Active,1,1,7.0,2.0,3,1.0,38.75,83.0,1.0,4.0,2.0,0.0,1.0,0.0,1.0,0.0,0.0,0.0,0.0,1.0,0.0,1.0,,0,0,0,False,6.5,2.0,2.0,7.0,0.0,0,17.5,Low,Low,2 failed authentication events; 1 high-risk IAM events; 1 malware alerts
EMP10021,alexander.sha81,IT,Engineer,Active,1,1,6.0,1.0,1,3.0,76.0,100.0,1.0,4.0,5.0,1.0,3.0,1.0,3.0,1.0,0.0,2.0,2.0,0.0,1.0,1.0,,0,0,0,False,2.5,6.0,10.0,27.0,2.0,5,52.5,High,High,1 failed authentication events; 3 high-risk IAM events; 3 malware alerts; 1 credential-access alerts; 2 PowerShell alerts; 2 security-tampering alerts; 1 critical endpoint alerts; 1 unresolved critical alerts
EMP10022,zarna.chawla28,Customer Support,Executive,Active,1,1,4.0,0.0,0,1.0,37.5,86.0,1.0,3.0,5.0,0.0,2.0,0.0,1.0,2.0,0.0,0.0,1.0,1.0,0.0,1.0,,0,0,0,False,0.0,2.0,4.0,19.0,0.0,5,30.0,Medium,Medium,1 high-risk IAM events; 1 malware alerts; 2 credential-access alerts; 1 security-tampering alerts
EMP10023,tara.talwar25,Human Resources,Manager,Active,1,0,8.0,2.0,3,3.0,54.5,98.0,1.0,6.0,2.0,1.0,0.0,1.0,0.0,0.0,0.0,0.0,0.0,1.0,0.0,2.0,,0,0,0,False,6.5,6.0,5.0,1.0,2.0,3,23.5,Low,Low,2 failed authentication events; 3 high-risk IAM events; 1 critical endpoint alerts; 1 unresolved critical alerts
EMP10024,krishna.narang7,Human Resources,Analyst,Disabled,1,0,3.0,1.0,2,0.0,22.0,22.0,1.0,1.0,1.0,0.0,0.0,0.0,1.0,0.0,0.0,0.0,0.0,0.0,0.0,1.0,2022-07-19 10:41:36,2,1,3,True,4.0,0.0,0.0,6.0,9.0,0,19.0,Low,Low,1 failed authentication events; 1 malware alerts; 3 events after identity termination
EMP10025,naveen.johal55,Finance,Administrator,Active,1,1,3.0,1.0,1,0.0,65.0,66.0,1.0,0.0,1.0,0.0,0.0,0.0,0.0,0.0,0.0,0.0,1.0,1.0,0.0,1.0,,0,0,0,False,2.5,0.0,0.0,5.0,0.0,0,7.5,Low,Low,1 failed authentication events; 1 security-tampering alerts
EMP10026,hemang.pandya70,IT,Manager,Active,1,1,5.0,1.0,2,1.0,43.0,72.0,1.0,2.0,3.0,0.0,0.0,0.0,1.0,0.0,0.0,2.0,1.0,0.0,1.0,2.0,,0,0,0,False,4.0,2.0,0.0,14.0,0.0,0,20.0,Low,Low,1 failed authentication events; 1 high-risk IAM events; 1 malware alerts; 2 PowerShell alerts; 1 security-tampering alerts
EMP10027,yahvi.tank8,Finance,Director,Inactive,1,1,6.0,1.0,3,1.0,28.6,89.0,1.0,5.0,5.0,0.0,1.0,0.0,3.0,0.0,0.0,1.0,1.0,1.0,0.0,2.0,,0,0,0,False,5.5,2.0,2.0,20.0,0.0,0,29.5,Medium,Medium,1 failed authentication events; 1 high-risk IAM events; 3 malware alerts; 1 PowerShell alerts; 1 security-tampering alerts
EMP10028,siddharth.patil20,Sales,Administrator,Active,1,1,1.0,0.0,0,1.0,98.0,98.0,1.0,1.0,4.0,3.0,0.0,1.0,0.0,2.0,1.0,1.0,0.0,0.0,0.0,2.0,,0,0,0,False,0.0,2.0,15.0,17.0,2.0,0,36.0,Medium,Medium,1 high-risk IAM events; 2 credential-access alerts; 1 lateral-movement alerts; 1 PowerShell alerts; 3 critical endpoint alerts; 1 unresolved critical alerts
EMP10029,victor.guha7,Procurement,Trainee,Active,1,1,8.0,3.0,2,4.0,55.75,98.0,1.0,3.0,7.0,2.0,1.0,2.0,2.0,1.0,2.0,1.0,1.0,1.0,0.0,2.0,,0,0,0,False,6.0,8.0,12.0,30.0,4.0,10,70.0,High,High,3 failed authentication events; 4 high-risk IAM events; 2 malware alerts; 1 credential-access alerts; 2 lateral-movement alerts; 1 PowerShell alerts; 1 security-tampering alerts; 2 critical endpoint alerts; 2 unresolved critical alerts
EMP10030,karan.hari9,Procurement,Manager,Active,1,1,5.0,0.0,2,2.0,67.25,91.0,1.0,5.0,1.0,1.0,0.0,1.0,0.0,0.0,0.0,0.0,0.0,0.0,0.0,1.0,,0,0,0,False,3.0,4.0,5.0,0.0,2.0,0,14.0,Low,Low,2 high-risk IAM events; 1 critical endpoint alerts; 1 unresolved critical alerts
EMP10031,jyoti.rau6,Procurement,Manager,Active,1,0,5.0,1.0,1,0.0,28.67,50.0,1.0,2.0,4.0,0.0,0.0,0.0,0.0,0.0,0.0,1.0,0.0,1.0,1.0,1.0,,0,0,0,False,2.5,0.0,0.0,4.0,0.0,0,6.5,Low,Low,1 failed authentication events; 1 PowerShell alerts
EMP10032,lila.nadkarni27,Operations,Engineer,Active,1,1,6.0,1.0,1,1.0,44.75,95.0,1.0,4.0,1.0,0.0,1.0,0.0,0.0,0.0,0.0,1.0,0.0,0.0,0.0,1.0,,0,0,0,False,2.5,2.0,2.0,3.0,0.0,0,9.5,Low,Low,1 failed authentication events; 1 high-risk IAM events; 1 PowerShell alerts
EMP10033,ekanta.chadha10,IT,Trainee,Active,1,1,5.0,3.0,3,1.0,51.0,73.0,1.0,2.0,0.0,0.0,0.0,0.0,0.0,0.0,0.0,0.0,0.0,0.0,0.0,0.0,,0,0,0,False,7.5,2.0,0.0,0.0,0.0,0,9.5,Low,Low,3 failed authentication events; 1 high-risk IAM events
EMP10034,lajita.varkey45,Human Resources,Engineer,Active,1,1,4.0,0.0,2,1.0,63.0,76.0,1.0,1.0,4.0,0.0,0.0,0.0,1.0,1.0,1.0,1.0,0.0,0.0,0.0,2.0,,0,0,0,False,3.0,2.0,0.0,21.0,0.0,10,36.0,Medium,Medium,1 high-risk IAM events; 1 malware alerts; 1 credential-access alerts; 1 lateral-movement alerts; 1 PowerShell alerts
EMP10035,tamanna.karan84,Customer Support,Analyst,Inactive,1,1,1.0,0.0,1,0.0,42.0,42.0,1.0,1.0,4.0,1.0,0.0,1.0,4.0,0.0,0.0,0.0,0.0,0.0,0.0,1.0,,0,0,0,False,1.5,0.0,5.0,12.0,2.0,0,20.5,Low,Low,4 malware alerts; 1 critical endpoint alerts; 1 unresolved critical alerts
EMP10036,lipika.ahuja14,Customer Support,Executive,Active,1,1,4.0,0.0,2,1.0,41.25,85.0,1.0,4.0,3.0,0.0,0.0,0.0,1.0,0.0,1.0,0.0,0.0,0.0,0.0,1.0,,0,0,0,False,3.0,2.0,0.0,12.0,0.0,5,22.0,Low,Low,1 high-risk IAM events; 1 malware alerts; 1 lateral-movement alerts
EMP10037,bhavani.karan34,Customer Support,Trainee,Active,1,1,8.0,1.0,4,3.0,55.5,100.0,1.0,7.0,1.0,0.0,0.0,0.0,0.0,0.0,0.0,0.0,0.0,1.0,0.0,1.0,,0,0,0,False,7.0,6.0,0.0,1.0,0.0,3,17.0,Low,Low,1 failed authentication events; 3 high-risk IAM events
EMP10038,girik.palla99,Finance,Administrator,Active,1,1,8.0,0.0,2,2.0,56.0,100.0,1.0,5.0,2.0,0.0,0.0,0.0,1.0,1.0,0.0,0.0,0.0,0.0,0.0,1.0,,0,0,0,False,3.0,4.0,0.0,12.0,0.0,5,24.0,Low,Low,2 high-risk IAM events; 1 malware alerts; 1 credential-access alerts
EMP10039,janya.tella10,Finance,Officer,Active,1,1,2.0,0.0,0,0.0,55.0,55.0,1.0,1.0,6.0,0.0,0.0,0.0,2.0,1.0,0.0,3.0,1.0,1.0,0.0,2.0,,0,0,0,False,0.0,0.0,0.0,27.0,0.0,5,32.0,Medium,Medium,2 malware alerts; 1 credential-access alerts; 3 PowerShell alerts; 1 security-tampering alerts
EMP10040,kevin.tara47,IT,Consultant,Active,1,1,8.0,4.0,4,3.0,47.38,98.0,1.0,3.0,5.0,0.0,2.0,0.0,2.0,0.0,2.0,1.0,2.0,0.0,0.0,1.0,,0,0,0,False,10.0,6.0,4.0,28.0,0.0,10,58.0,High,High,"elevated authentication risk (4 failed auth, 4 MFA failures); 3 high-risk IAM events; 2 malware alerts; 2 lateral-movement alerts; 1 PowerShell alerts; 2 security-tampering alerts"
EMP10041,,Procurement,Executive,Inactive,1,1,8.0,1.0,3,3.0,65.43,93.0,1.0,5.0,7.0,0.0,2.0,0.0,2.0,1.0,0.0,2.0,0.0,2.0,0.0,2.0,2023-01-14 01:44:55,7,6,13,True,5.5,6.0,4.0,24.0,10.0,8,57.5,High,High,1 failed authentication events; 3 high-risk IAM events; 2 malware alerts; 1 credential-access alerts; 2 PowerShell alerts; 13 events after identity termination
EMP10042,mahika.pillay53,Sales,Administrator,Active,1,1,4.0,1.0,0,1.0,46.5,72.0,1.0,3.0,6.0,2.0,1.0,2.0,1.0,0.0,1.0,1.0,0.0,2.0,0.0,2.0,,0,0,0,False,1.0,2.0,12.0,17.0,4.0,5,41.0,Medium,Medium,1 failed authentication events; 1 high-risk IAM events; 1 malware alerts; 1 lateral-movement alerts; 1 PowerShell alerts; 2 critical endpoint alerts; 2 unresolved critical alerts
EMP10043,deepa.wagle29,Sales,Trainee,Active,1,1,5.0,1.0,1,0.0,38.8,56.0,1.0,3.0,7.0,1.0,4.0,0.0,3.0,0.0,0.0,1.0,2.0,3.0,0.0,1.0,,0,0,0,False,2.5,0.0,10.0,22.0,0.0,0,34.5,Medium,Medium,1 failed authentication events; 3 malware alerts; 1 PowerShell alerts; 2 security-tampering alerts; 1 critical endpoint alerts
EMP10044,gopal.lala36,Human Resources,Administrator,Active,1,1,66.0,17.0,30,21.0,59.71,100.0,1.0,38.0,4.0,0.0,1.0,0.0,2.0,0.0,2.0,0.0,0.0,0.0,1.0,1.0,,0,0,0,False,20.0,20.0,2.0,20.0,0.0,10,72.0,High,High,"elevated authentication risk (17 failed auth, 30 MFA failures); 21 high-risk IAM events; 2 malware alerts; 2 lateral-movement alerts"
EMP10045,kiaan.sen15,Marketing,Executive,Active,1,0,5.0,1.0,1,2.0,70.67,96.0,1.0,1.0,3.0,0.0,1.0,0.0,0.0,0.0,0.0,3.0,0.0,0.0,0.0,1.0,,0,0,0,False,2.5,4.0,2.0,4.0,0.0,0,12.5,Low,Low,1 failed authentication events; 2 high-risk IAM events; 3 PowerShell alerts
EMP10046,aadi.boase41,Legal,Specialist,Inactive,1,1,5.0,1.0,0,1.0,40.0,71.0,1.0,5.0,3.0,1.0,1.0,0.0,0.0,2.0,0.0,0.0,0.0,0.0,0.0,1.0,2025-04-29 00:00:00,4,3,7,True,1.0,2.0,7.0,8.0,10.0,0,28.0,Medium,Medium,1 failed authentication events; 1 high-risk IAM events; 2 credential-access alerts; 1 critical endpoint alerts; 7 events after identity termination
EMP10047,neel.acharya69,Sales,Consultant,Inactive,1,1,1.0,0.0,0,0.0,2.0,2.0,1.0,1.0,2.0,1.0,0.0,1.0,1.0,0.0,0.0,0.0,0.0,1.0,0.0,1.0,2025-07-25 00:00:00,1,2,3,True,0.0,0.0,5.0,7.0,11.0,0,23.0,Low,Low,1 malware alerts; 1 critical endpoint alerts; 3 events after identity termination; 1 unresolved critical alerts
EMP10048,george_dayal65,Brand,Director,Active,1,1,4.0,3.0,3,1.0,47.0,79.0,1.0,0.0,2.0,0.0,0.0,0.0,0.0,1.0,0.0,0.0,0.0,0.0,0.0,1.0,,0,0,0,False,7.5,2.0,0.0,6.0,0.0,0,15.5,Low,Low,3 failed authentication events; 1 high-risk IAM events; 1 credential-access alerts
EMP10049,luke.walia87,Finance,Specialist,Active,1,1,5.0,2.0,3,0.0,50.0,68.0,1.0,2.0,4.0,0.0,3.0,0.0,0.0,1.0,1.0,1.0,0.0,0.0,0.0,1.0,,0,0,0,False,6.5,0.0,5.0,15.0,0.0,0,26.5,Medium,Medium,2 failed authentication events; 1 credential-access alerts; 1 lateral-movement alerts; 1 PowerShell alerts
EMP10050,zayan.pandit56,Procurement,Specialist,Active,1,1,6.0,2.0,3,1.0,57.0,72.0,1.0,4.0,4.0,0.0,1.0,0.0,0.0,2.0,0.0,1.0,0.0,1.0,0.0,1.0,,0,0,0,False,6.5,2.0,2.0,12.0,0.0,0,22.5,Low,Low,2 failed authentication events; 1 high-risk IAM events; 2 credential-access alerts; 1 PowerShell alerts
EMP10051,ekbal.malhotra95,Finance,Manager,Active,1,1,8.0,4.0,4,2.0,48.14,97.0,1.0,4.0,2.0,0.0,2.0,0.0,0.0,2.0,0.0,0.0,0.0,0.0,0.0,2.0,,0,0,0,False,10.0,4.0,4.0,8.0,0.0,5,31.0,Medium,Medium,"elevated authentication risk (4 failed auth, 4 MFA failures); 2 high-risk IAM events; 2 credential-access alerts"
EMP10052,anirudh.ramanathan31,Marketing,Engineer,Active,1,1,67.0,19.0,31,12.0,48.39,90.0,1.0,41.0,4.0,0.0,1.0,0.0,0.0,0.0,1.0,1.0,0.0,2.0,0.0,1.0,,0,0,0,False,20.0,20.0,2.0,11.0,0.0,8,61.0,High,High,"elevated authentication risk (19 failed auth, 31 MFA failures); 12 high-risk IAM events; 1 lateral-movement alerts; 1 PowerShell alerts"
EMP10053,yashodhara.arora79,People,Trainee,Active,1,0,5.0,2.0,2,0.0,39.33,61.0,1.0,4.0,4.0,0.0,1.0,0.0,2.0,0.0,1.0,2.0,1.0,0.0,1.0,2.0,,0,0,0,False,5.0,0.0,2.0,26.0,0.0,5,38.0,Medium,Medium,2 failed authentication events; 2 malware alerts; 1 lateral-movement alerts; 2 PowerShell alerts; 1 security-tampering alerts
EMP10054,aradhana.bahl32,Finance,Analyst,Active,1,1,4.0,2.0,1,0.0,26.5,34.0,1.0,3.0,3.0,0.0,1.0,0.0,1.0,0.0,1.0,1.0,0.0,1.0,0.0,1.0,,0,0,0,False,3.5,0.0,2.0,16.0,0.0,5,26.5,Medium,Medium,2 failed authentication events; 1 malware alerts; 1 lateral-movement alerts; 1 PowerShell alerts
EMP10055,joshua_gera72,Sales,Manager,Active,1,1,2.0,2.0,1,2.0,80.5,87.0,1.0,1.0,3.0,1.0,1.0,0.0,2.0,1.0,0.0,0.0,0.0,0.0,0.0,2.0,,0,0,0,False,3.5,4.0,7.0,18.0,0.0,5,37.5,Medium,Medium,2 failed authentication events; 2 high-risk IAM events; 2 malware alerts; 1 credential-access alerts; 1 critical endpoint alerts
EMP10056,anvi.parmar57,Supply Chain,Officer,Inactive,1,1,5.0,2.0,1,3.0,67.5,95.0,1.0,3.0,2.0,0.0,0.0,0.0,0.0,1.0,0.0,1.0,0.0,1.0,1.0,1.0,,0,0,0,False,3.5,6.0,0.0,10.0,0.0,0,19.5,Low,Low,2 failed authentication events; 3 high-risk IAM events; 1 credential-access alerts; 1 PowerShell alerts
EMP10057,nimrat.nair32,Marketing,Officer,Active,1,1,10.0,2.0,5,2.0,57.29,97.0,1.0,7.0,4.0,0.0,1.0,0.0,3.0,0.0,0.0,1.0,0.0,0.0,0.0,1.0,,0,0,0,False,9.5,4.0,2.0,15.0,0.0,5,35.5,Medium,Medium,"elevated authentication risk (2 failed auth, 5 MFA failures); 2 high-risk IAM events; 3 malware alerts; 1 PowerShell alerts"
EMP10058,ishanvi.chakraborty35,Operations,Consultant,Active,1,0,7.0,3.0,2,1.0,44.71,71.0,1.0,3.0,4.0,0.0,2.0,0.0,1.0,0.0,0.0,0.0,1.0,2.0,0.0,2.0,,0,0,0,False,6.0,2.0,4.0,12.0,0.0,0,24.0,Low,Low,3 failed authentication events; 1 high-risk IAM events; 1 malware alerts; 1 security-tampering alerts
EMP10059,warjas.sachar28,Human Resources,Director,Active,1,1,4.0,1.0,2,2.0,59.33,93.0,1.0,2.0,2.0,0.0,1.0,0.0,0.0,1.0,0.0,0.0,0.0,1.0,0.0,2.0,,0,0,0,False,4.0,4.0,2.0,7.0,0.0,0,17.0,Low,Low,1 failed authentication events; 2 high-risk IAM events; 1 credential-access alerts
EMP10060,aarna.gera50,Procurement,Analyst,Active,1,1,6.0,3.0,3,2.0,56.0,99.0,1.0,3.0,5.0,0.0,1.0,0.0,3.0,0.0,1.0,0.0,1.0,0.0,0.0,2.0,,0,0,0,False,7.5,4.0,2.0,22.0,0.0,5,40.5,Medium,Medium,3 failed authentication events; 2 high-risk IAM events; 3 malware alerts; 1 lateral-movement alerts; 1 security-tampering alerts
EMP10061,bahadurjit.mishra54,Customer Support,Officer,Active,1,1,2.0,1.0,0,1.0,54.5,72.0,1.0,1.0,6.0,0.0,0.0,0.0,4.0,0.0,2.0,0.0,0.0,0.0,0.0,1.0,,0,0,0,False,1.0,2.0,0.0,20.0,0.0,5,28.0,Medium,Medium,1 failed authentication events; 1 high-risk IAM events; 4 malware alerts; 2 lateral-movement alerts
EMP10062,,Operations,Director,Inactive,1,1,3.0,0.0,0,0.0,31.0,44.0,1.0,2.0,3.0,0.0,2.0,0.0,0.0,1.0,1.0,1.0,0.0,0.0,0.0,2.0,2026-02-17 07:54:42,3,1,4,True,0.0,0.0,4.0,15.0,10.0,0,29.0,Medium,Medium,1 credential-access alerts; 1 lateral-movement alerts; 1 PowerShell alerts; 4 events after identity termination
EMP10063,ira.tara4,People,Director,Active,0,1,67.0,23.0,26,11.0,46.28,97.0,1.0,35.0,3.0,0.0,0.0,0.0,0.0,0.0,0.0,1.0,0.0,0.0,0.0,1.0,,0,0,0,False,20.0,20.0,0.0,3.0,0.0,3,46.0,Medium,Medium,"elevated authentication risk (23 failed auth, 26 MFA failures); 11 high-risk IAM events; 1 PowerShell alerts"
EMP10064,onveer.seshadri42,Operations,Director,Disabled,1,1,5.0,2.0,3,1.0,47.0,77.0,1.0,4.0,5.0,0.0,0.0,0.0,3.0,1.0,0.0,2.0,0.0,1.0,0.0,1.0,,0,0,0,False,6.5,2.0,0.0,23.0,0.0,5,36.5,Medium,Medium,2 failed authentication events; 1 high-risk IAM events; 3 malware alerts; 1 credential-access alerts; 2 PowerShell alerts
EMP10065,chandresh_prashad29,Human Resources,Analyst,Active,1,1,2.0,1.0,0,1.0,64.0,73.0,1.0,0.0,4.0,0.0,2.0,0.0,3.0,1.0,0.0,2.0,0.0,0.0,0.0,1.0,,0,0,0,False,1.0,2.0,4.0,22.0,0.0,5,34.0,Medium,Medium,1 failed authentication events; 1 high-risk IAM events; 3 malware alerts; 1 credential-access alerts; 2 PowerShell alerts
EMP10066,zinal.venkataraman17,R&D,Manager,Active,1,0,5.0,2.0,2,2.0,47.75,79.0,1.0,4.0,2.0,0.0,2.0,0.0,0.0,2.0,0.0,0.0,0.0,0.0,0.0,1.0,,0,0,0,False,5.0,4.0,4.0,8.0,0.0,0,21.0,Low,Low,2 failed authentication events; 2 high-risk IAM events; 2 credential-access alerts
EMP10067,wyatt.bora78,People,Executive,Active,1,1,5.0,2.0,2,1.0,46.67,74.0,1.0,3.0,3.0,0.0,0.0,0.0,1.0,0.0,0.0,1.0,0.0,0.0,0.0,2.0,,0,0,0,False,5.0,2.0,0.0,9.0,0.0,0,16.0,Low,Low,2 failed authentication events; 1 high-risk IAM events; 1 malware alerts; 1 PowerShell alerts
EMP10068,bahadurjit.ganesan51,Sales,Manager,Active,1,1,3.0,0.0,0,1.0,51.33,93.0,1.0,2.0,7.0,0.0,1.0,0.0,2.0,1.0,0.0,2.0,2.0,1.0,1.0,1.0,,0,0,0,False,0.0,2.0,2.0,28.0,0.0,5,37.0,Medium,Medium,1 high-risk IAM events; 2 malware alerts; 1 credential-access alerts; 2 PowerShell alerts; 2 security-tampering alerts
EMP10069,brijesh.arora88,Procurement,Manager,Active,1,1,6.0,2.0,3,2.0,70.5,90.0,1.0,6.0,3.0,0.0,0.0,0.0,0.0,2.0,0.0,0.0,0.0,0.0,0.0,1.0,,0,0,0,False,6.5,4.0,0.0,8.0,0.0,0,18.5,Low,Low,2 failed authentication events; 2 high-risk IAM events; 2 credential-access alerts
EMP10070,mekhala.bajwa65,Operations,Analyst,Active,1,1,2.0,1.0,1,0.0,36.5,40.0,1.0,2.0,1.0,0.0,0.0,0.0,0.0,1.0,0.0,0.0,0.0,0.0,0.0,1.0,,0,0,0,False,2.5,0.0,0.0,6.0,0.0,0,8.5,Low,Low,1 failed authentication events; 1 credential-access alerts
EMP10071,ronith.varkey59,Finance,Director,Inactive,1,0,2.0,0.0,1,1.0,57.0,70.0,1.0,1.0,1.0,0.0,0.0,0.0,0.0,0.0,0.0,0.0,0.0,1.0,0.0,1.0,,0,0,0,False,1.5,2.0,0.0,1.0,0.0,0,4.5,Low,Low,1 high-risk IAM events
EMP10072,bhavika.wagle62,R&D,Director,Active,1,1,7.0,3.0,2,1.0,54.2,70.0,1.0,2.0,2.0,1.0,0.0,0.0,1.0,0.0,0.0,0.0,0.0,1.0,0.0,1.0,,0,0,0,False,6.0,2.0,5.0,7.0,0.0,0,20.0,Low,Low,3 failed authentication events; 1 high-risk IAM events; 1 malware alerts; 1 critical endpoint alerts
EMP10073,eta.saini12,Marketing,Trainee,Active,1,0,6.0,1.0,3,0.0,38.25,54.0,1.0,4.0,2.0,0.0,0.0,0.0,2.0,0.0,0.0,0.0,1.0,0.0,0.0,1.0,,0,0,0,False,5.5,0.0,0.0,16.0,0.0,0,21.5,Low,Low,1 failed authentication events; 2 malware alerts; 1 security-tampering alerts
EMP10074,urvi.sastry42,Finance,Trainee,Active,1,1,9.0,3.0,3,4.0,65.5,98.0,1.0,4.0,0.0,0.0,0.0,0.0,0.0,0.0,0.0,0.0,0.0,0.0,0.0,0.0,,0,0,0,False,7.5,8.0,0.0,0.0,0.0,3,18.5,Low,Low,3 failed authentication events; 4 high-risk IAM events
EMP10075,maanas.chanda72,IT,Officer,Active,1,1,6.0,2.0,3,2.0,48.0,81.0,1.0,2.0,3.0,0.0,0.0,0.0,2.0,0.0,1.0,0.0,0.0,0.0,0.0,1.0,,0,0,0,False,6.5,4.0,0.0,18.0,0.0,5,33.5,Medium,Medium,2 failed authentication events; 2 high-risk IAM events; 2 malware alerts; 1 lateral-movement alerts
EMP10076,yamini.tata89,R&D,Trainee,Active,1,1,6.0,0.0,3,0.0,31.6,59.0,1.0,2.0,3.0,1.0,0.0,1.0,1.0,1.0,0.0,0.0,0.0,1.0,0.0,1.0,,0,0,0,False,4.5,0.0,5.0,13.0,2.0,5,29.5,Medium,Medium,1 malware alerts; 1 credential-access alerts; 1 critical endpoint alerts; 1 unresolved critical alerts
EMP10077,tejas.panchal85,Procurement,Consultant,Active,1,1,9.0,3.0,1,2.0,49.71,88.0,1.0,7.0,2.0,0.0,1.0,0.0,0.0,1.0,1.0,1.0,0.0,0.0,0.0,1.0,,0,0,0,False,4.5,4.0,2.0,15.0,0.0,0,25.5,Medium,Medium,3 failed authentication events; 2 high-risk IAM events; 1 credential-access alerts; 1 lateral-movement alerts; 1 PowerShell alerts
EMP10078,dakshesh_joshi90,R&D,Administrator,Active,1,1,4.0,2.0,3,2.0,73.67,84.0,1.0,1.0,1.0,0.0,1.0,0.0,0.0,0.0,0.0,0.0,0.0,1.0,0.0,1.0,,0,0,0,False,6.5,4.0,2.0,1.0,0.0,0,13.5,Low,Low,2 failed authentication events; 2 high-risk IAM events
EMP10079,reyansh.chauhan69,Finance,Engineer,Active,1,1,10.0,3.0,5,1.0,41.43,81.0,1.0,5.0,1.0,0.0,0.0,0.0,0.0,0.0,0.0,1.0,0.0,0.0,0.0,1.0,,0,0,0,False,10.5,2.0,0.0,3.0,0.0,0,15.5,Low,Low,"elevated authentication risk (3 failed auth, 5 MFA failures); 1 high-risk IAM events; 1 PowerShell alerts"
EMP10080,ubika.anne68,Supply Chain,Administrator,Active,1,1,10.0,3.0,2,7.0,69.1,91.0,1.0,5.0,5.0,0.0,2.0,0.0,1.0,2.0,0.0,1.0,1.0,0.0,1.0,1.0,,0,0,0,False,6.0,14.0,4.0,21.0,0.0,5,50.0,High,High,3 failed authentication events; 7 high-risk IAM events; 1 malware alerts; 2 credential-access alerts; 1 PowerShell alerts; 1 security-tampering alerts
EMP10081,yamini.solanki69,Finance,Administrator,Active,1,1,5.0,1.0,2,1.0,46.0,82.0,1.0,2.0,2.0,0.0,0.0,0.0,2.0,0.0,0.0,1.0,0.0,0.0,0.0,1.0,,0,0,0,False,4.0,2.0,0.0,15.0,0.0,0,21.0,Low,Low,1 failed authentication events; 1 high-risk IAM events; 2 malware alerts; 1 PowerShell alerts
EMP10082,gabriel.tailor63,Human Resources,Analyst,Active,1,1,8.0,4.0,4,1.0,42.83,96.0,1.0,1.0,3.0,0.0,0.0,0.0,0.0,1.0,0.0,0.0,1.0,0.0,0.0,1.0,,0,0,0,False,10.0,2.0,0.0,10.0,0.0,5,27.0,Medium,Medium,"elevated authentication risk (4 failed auth, 4 MFA failures); 1 high-risk IAM events; 1 credential-access alerts; 1 security-tampering alerts"
EMP10083,hemang.pingle33,R&D,Manager,Active,0,1,7.0,3.0,1,1.0,41.25,97.0,1.0,4.0,4.0,0.0,1.0,0.0,1.0,1.0,1.0,0.0,1.0,0.0,0.0,2.0,,0,0,0,False,4.5,2.0,2.0,22.0,0.0,10,40.5,Medium,Medium,3 failed authentication events; 1 high-risk IAM events; 1 malware alerts; 1 credential-access alerts; 1 lateral-movement alerts; 1 security-tampering alerts
EMP10084,pavani.mitter20,Finance,Specialist,Active,1,0,1.0,0.0,0,0.0,41.0,41.0,0.0,0.0,1.0,1.0,0.0,0.0,0.0,0.0,0.0,1.0,0.0,0.0,0.0,1.0,,0,0,0,False,0.0,0.0,5.0,3.0,0.0,0,8.0,Low,Low,1 PowerShell alerts; 1 critical endpoint alerts
EMP10085,maya.gola80,Sales,Officer,Active,1,0,5.0,1.0,1,0.0,34.25,65.0,1.0,3.0,4.0,0.0,2.0,0.0,3.0,0.0,0.0,1.0,1.0,0.0,0.0,1.0,,0,0,0,False,2.5,0.0,4.0,19.0,0.0,0,25.5,Medium,Medium,1 failed authentication events; 3 malware alerts; 1 PowerShell alerts; 1 security-tampering alerts
EMP10086,qarin.gulati40,Procurement,Specialist,Inactive,1,1,4.0,1.0,1,1.0,53.0,89.0,1.0,3.0,4.0,0.0,1.0,0.0,1.0,0.0,0.0,2.0,0.0,1.0,0.0,1.0,2024-01-07 19:14:00,3,3,6,True,2.5,2.0,2.0,11.0,10.0,0,27.5,Medium,Medium,1 failed authentication events; 1 high-risk IAM events; 1 malware alerts; 2 PowerShell alerts; 6 events after identity termination
EMP10087,janani.dyal31,Finance,Officer,Active,1,1,9.0,1.0,1,3.0,60.75,99.0,1.0,6.0,3.0,0.0,1.0,0.0,2.0,1.0,0.0,1.0,1.0,0.0,0.0,1.0,,0,0,0,False,2.5,6.0,2.0,25.0,0.0,5,40.5,Medium,Medium,1 failed authentication events; 3 high-risk IAM events; 2 malware alerts; 1 credential-access alerts; 1 PowerShell alerts; 1 security-tampering alerts
EMP10088,hema.yadav5,Sales,Administrator,Active,1,1,7.0,2.0,2,3.0,56.2,76.0,1.0,3.0,2.0,0.0,1.0,0.0,1.0,0.0,0.0,0.0,0.0,0.0,0.0,2.0,,0,0,0,False,5.0,6.0,2.0,6.0,0.0,0,19.0,Low,Low,2 failed authentication events; 3 high-risk IAM events; 1 malware alerts
EMP10089,brijesh.din81,Procurement,Engineer,Active,1,1,9.0,4.0,4,5.0,75.71,100.0,1.0,5.0,2.0,0.0,0.0,0.0,1.0,0.0,0.0,1.0,0.0,0.0,0.0,1.0,,0,0,0,False,10.0,10.0,0.0,9.0,0.0,8,37.0,Medium,Medium,"elevated authentication risk (4 failed auth, 4 MFA failures); 5 high-risk IAM events; 1 malware alerts; 1 PowerShell alerts"
EMP10090,yashasvi.chacko19,Human Resources,Analyst,Active,1,0,4.0,0.0,0,1.0,50.5,79.0,1.0,4.0,4.0,0.0,0.0,0.0,2.0,0.0,0.0,2.0,0.0,1.0,0.0,1.0,,0,0,0,False,0.0,2.0,0.0,17.0,0.0,0,19.0,Low,Low,1 high-risk IAM events; 2 malware alerts; 2 PowerShell alerts
EMP10091,aishani.parmer57,Human Resources,Trainee,Inactive,1,1,6.0,4.0,5,1.0,43.8,85.0,1.0,2.0,2.0,0.0,0.0,0.0,0.0,0.0,1.0,1.0,1.0,0.0,0.0,1.0,2026-02-12 22:44:37,6,1,7,True,11.5,2.0,0.0,13.0,10.0,5,41.5,Medium,Medium,"elevated authentication risk (4 failed auth, 5 MFA failures); 1 high-risk IAM events; 1 lateral-movement alerts; 1 PowerShell alerts; 1 security-tampering alerts; 7 events after identity termination"
EMP10092,dakshesh.ramakrishnan56,Operations,Specialist,Active,1,1,9.0,0.0,2,1.0,28.0,71.0,1.0,7.0,3.0,1.0,0.0,0.0,1.0,0.0,1.0,0.0,1.0,1.0,0.0,1.0,,0,0,0,False,3.0,2.0,5.0,17.0,0.0,5,32.0,Medium,Medium,1 high-risk IAM events; 1 malware alerts; 1 lateral-movement alerts; 1 security-tampering alerts; 1 critical endpoint alerts
EMP10093,pahal.roy74,Procurement,Analyst,Active,1,1,6.0,4.0,5,3.0,72.75,91.0,1.0,1.0,2.0,0.0,0.0,0.0,1.0,0.0,0.0,1.0,0.0,0.0,0.0,1.0,,0,0,0,False,11.5,6.0,0.0,9.0,0.0,8,34.5,Medium,Medium,"elevated authentication risk (4 failed auth, 5 MFA failures); 3 high-risk IAM events; 1 malware alerts; 1 PowerShell alerts"
EMP10094,abha.varkey61,Customer Support,Trainee,Active,1,1,7.0,2.0,3,4.0,72.0,82.0,1.0,4.0,4.0,1.0,1.0,0.0,3.0,1.0,0.0,0.0,0.0,0.0,1.0,1.0,,0,0,0,False,6.5,8.0,7.0,18.0,0.0,8,47.5,Medium,Medium,2 failed authentication events; 4 high-risk IAM events; 3 malware alerts; 1 credential-access alerts; 1 critical endpoint alerts
EMP10095,pranav.apte61,Operations,Director,Active,1,1,4.0,1.0,0,0.0,9.5,11.0,1.0,4.0,2.0,0.0,0.0,0.0,0.0,1.0,0.0,0.0,0.0,1.0,1.0,1.0,,0,0,0,False,1.0,0.0,0.0,7.0,0.0,0,8.0,Low,Low,1 failed authentication events; 1 credential-access alerts
EMP10096,,Marketing,Director,Active,1,1,7.0,3.0,2,3.0,55.14,91.0,1.0,4.0,7.0,0.0,4.0,0.0,0.0,1.0,3.0,0.0,0.0,3.0,0.0,1.0,,0,0,0,False,6.0,6.0,5.0,16.0,0.0,0,33.0,Medium,Medium,3 failed authentication events; 3 high-risk IAM events; 1 credential-access alerts; 3 lateral-movement alerts
EMP10097,advik.raj99,Legal,Officer,Inactive,1,1,4.0,2.0,2,1.0,42.33,99.0,1.0,3.0,4.0,1.0,0.0,0.0,1.0,1.0,0.0,0.0,1.0,2.0,0.0,1.0,2024-09-22 00:00:00,3,4,7,True,5.0,2.0,5.0,18.0,10.0,5,45.0,Medium,Medium,2 failed authentication events; 1 high-risk IAM events; 1 malware alerts; 1 credential-access alerts; 1 security-tampering alerts; 1 critical endpoint alerts; 7 events after identity termination
EMP10098,maya.yadav97,Innovation,Trainee,Active,1,1,5.0,1.0,2,1.0,41.5,79.0,1.0,4.0,3.0,0.0,0.0,0.0,3.0,0.0,0.0,1.0,1.0,0.0,0.0,1.0,,0,0,0,False,4.0,2.0,0.0,19.0,0.0,0,25.0,Medium,Medium,1 failed authentication events; 1 high-risk IAM events; 3 malware alerts; 1 PowerShell alerts; 1 security-tampering alerts
EMP10099,dev.kanda57,R&D,Manager,Disabled,1,0,8.0,2.0,2,2.0,38.67,94.0,1.0,5.0,6.0,2.0,1.0,2.0,2.0,1.0,1.0,0.0,0.0,1.0,0.0,2.0,2026-08-16 00:00:00,4,2,6,True,5.0,4.0,12.0,25.0,14.0,10,70.0,High,High,2 failed authentication events; 2 high-risk IAM events; 2 malware alerts; 1 credential-access alerts; 1 lateral-movement alerts; 2 critical endpoint alerts; 6 events after identity termination; 2 unresolved critical alerts
EMP10100,turvi.nigam12,Sales,Manager,Disabled,1,1,6.0,1.0,3,1.0,51.0,75.0,1.0,4.0,7.0,0.0,2.0,0.0,2.0,0.0,2.0,2.0,0.0,1.0,0.0,1.0,,0,0,0,False,5.5,2.0,4.0,25.0,0.0,5,41.5,Medium,Medium,1 failed authentication events; 1 high-risk IAM events; 2 malware alerts; 2 lateral-movement alerts; 2 PowerShell alerts
EMP10101,karan.gill35,Legal,Trainee,Active,1,0,9.0,2.0,4,4.0,60.43,98.0,1.0,5.0,1.0,0.0,0.0,0.0,0.0,0.0,0.0,0.0,0.0,1.0,0.0,1.0,,0,0,0,False,8.0,8.0,0.0,1.0,0.0,3,20.0,Low,Low,"elevated authentication risk (2 failed auth, 4 MFA failures); 4 high-risk IAM events"
EMP10102,gaurangi.samra66,Finance,Manager,Inactive,1,1,4.0,0.0,0,1.0,39.0,76.0,1.0,3.0,0.0,0.0,0.0,0.0,0.0,0.0,0.0,0.0,0.0,0.0,0.0,0.0,2024-04-30 11:18:18,4,0,4,True,0.0,2.0,0.0,0.0,10.0,0,12.0,Low,Low,1 high-risk IAM events; 4 events after identity termination
EMP10103,ira.mohanty76,Procurement,Trainee,Active,1,1,5.0,2.0,2,2.0,60.33,84.0,1.0,2.0,0.0,0.0,0.0,0.0,0.0,0.0,0.0,0.0,0.0,0.0,0.0,0.0,,0,0,0,False,5.0,4.0,0.0,0.0,0.0,0,9.0,Low,Low,2 failed authentication events; 2 high-risk IAM events
EMP10104,leena.kalla70,Legal,Trainee,Active,1,0,4.0,0.0,2,1.0,65.0,99.0,1.0,3.0,6.0,1.0,0.0,1.0,2.0,1.0,1.0,1.0,0.0,1.0,0.0,1.0,,0,0,0,False,3.0,2.0,5.0,28.0,2.0,10,50.0,High,High,1 high-risk IAM events; 2 malware alerts; 1 credential-access alerts; 1 lateral-movement alerts; 1 PowerShell alerts; 1 critical endpoint alerts; 1 unresolved critical alerts
EMP10105,quincy.kunda53,IT,Consultant,Active,1,1,5.0,1.0,0,0.0,38.33,57.0,1.0,5.0,3.0,0.0,1.0,0.0,3.0,0.0,0.0,0.0,0.0,0.0,0.0,2.0,,0,0,0,False,1.0,0.0,2.0,12.0,0.0,0,15.0,Low,Low,1 failed authentication events; 3 malware alerts
EMP10106,charles.sharaf84,Finance,Trainee,Inactive,1,1,4.0,1.0,1,1.0,44.67,74.0,1.0,2.0,5.0,0.0,3.0,0.0,2.0,0.0,1.0,2.0,2.0,0.0,0.0,1.0,,0,0,0,False,2.5,2.0,5.0,27.0,0.0,5,41.5,Medium,Medium,1 failed authentication events; 1 high-risk IAM events; 2 malware alerts; 1 lateral-movement alerts; 2 PowerShell alerts; 2 security-tampering alerts
EMP10107,mekhala.gade57,Human Resources,Officer,Active,1,1,3.0,0.0,1,1.0,48.0,94.0,1.0,2.0,0.0,0.0,0.0,0.0,0.0,0.0,0.0,0.0,0.0,0.0,0.0,0.0,,0,0,0,False,1.5,2.0,0.0,0.0,0.0,0,3.5,Low,Low,1 high-risk IAM events
EMP10108,aahana.samra10,R&D,Administrator,Active,1,1,6.0,4.0,4,0.0,35.6,57.0,1.0,2.0,2.0,1.0,0.0,1.0,0.0,0.0,1.0,0.0,1.0,1.0,0.0,1.0,,0,0,0,False,10.0,0.0,5.0,11.0,2.0,5,33.0,Medium,Medium,"elevated authentication risk (4 failed auth, 4 MFA failures); 1 lateral-movement alerts; 1 security-tampering alerts; 1 critical endpoint alerts; 1 unresolved critical alerts"
EMP10109,warda.raju69,Legal,Consultant,Inactive,1,1,5.0,1.0,1,1.0,39.5,77.0,1.0,3.0,6.0,1.0,1.0,1.0,1.0,1.0,0.0,3.0,1.0,1.0,0.0,2.0,2022-04-20 00:00:00,3,6,9,True,2.5,2.0,7.0,21.0,12.0,5,49.5,High,High,1 failed authentication events; 1 high-risk IAM events; 1 malware alerts; 1 credential-access alerts; 3 PowerShell alerts; 1 security-tampering alerts; 1 critical endpoint alerts; 9 events after identity termination; 1 unresolved critical alerts
EMP10110,chaitanya.atwal30,Human Resources,Director,Active,1,1,4.0,0.0,2,0.0,29.0,61.0,1.0,2.0,1.0,0.0,0.0,0.0,1.0,0.0,0.0,0.0,0.0,0.0,0.0,1.0,,0,0,0,False,3.0,0.0,0.0,6.0,0.0,0,9.0,Low,Low,1 malware alerts
EMP10111,jai.memon6,Operations,Analyst,Active,1,1,3.0,0.0,2,1.0,52.5,99.0,1.0,3.0,2.0,0.0,1.0,0.0,1.0,0.0,0.0,1.0,1.0,0.0,0.0,1.0,,0,0,0,False,3.0,2.0,2.0,13.0,0.0,0,20.0,Low,Low,1 high-risk IAM events; 1 malware alerts; 1 PowerShell alerts; 1 security-tampering alerts
EMP10112,frederick.behl88,Finance,Executive,Inactive,1,1,7.0,0.0,1,2.0,37.14,95.0,1.0,4.0,6.0,1.0,0.0,1.0,1.0,1.0,1.0,2.0,0.0,3.0,0.0,1.0,2026-04-30 22:08:37,6,5,11,True,1.5,4.0,5.0,24.0,12.0,10,56.5,High,High,2 high-risk IAM events; 1 malware alerts; 1 credential-access alerts; 1 lateral-movement alerts; 2 PowerShell alerts; 1 critical endpoint alerts; 11 events after identity termination; 1 unresolved critical alerts
EMP10113,mitesh_rajagopalan19,Sales,Trainee,Active,1,1,6.0,1.0,2,1.0,41.75,99.0,1.0,3.0,3.0,1.0,1.0,1.0,2.0,1.0,0.0,1.0,0.0,0.0,0.0,1.0,,0,0,0,False,4.0,2.0,7.0,21.0,2.0,5,41.0,Medium,Medium,1 failed authentication events; 1 high-risk IAM events; 2 malware alerts; 1 credential-access alerts; 1 PowerShell alerts; 1 critical endpoint alerts; 1 unresolved critical alerts
EMP10114,chatura.dube60,Marketing,Officer,Inactive,1,1,7.0,3.0,5,1.0,37.29,87.0,1.0,3.0,3.0,0.0,1.0,0.0,0.0,0.0,1.0,0.0,0.0,2.0,0.0,1.0,,0,0,0,False,10.5,2.0,2.0,8.0,0.0,5,27.5,Medium,Medium,"elevated authentication risk (3 failed auth, 5 MFA failures); 1 high-risk IAM events; 1 lateral-movement alerts"
EMP10115,anay.prabhu39,Sales,Director,Active,1,1,4.0,1.0,1,3.0,89.0,100.0,1.0,3.0,2.0,0.0,0.0,0.0,0.0,1.0,0.0,0.0,1.0,0.0,0.0,2.0,,0,0,0,False,2.5,6.0,0.0,10.0,0.0,0,18.5,Low,Low,1 failed authentication events; 3 high-risk IAM events; 1 credential-access alerts; 1 security-tampering alerts
EMP10116,wahab.bir90,Marketing,Analyst,Active,1,1,5.0,2.0,5,1.0,41.0,89.0,1.0,2.0,5.0,0.0,0.0,0.0,1.0,0.0,1.0,0.0,0.0,1.0,0.0,2.0,,0,0,0,False,9.5,2.0,0.0,13.0,0.0,10,34.5,Medium,Medium,"elevated authentication risk (2 failed auth, 5 MFA failures); 1 high-risk IAM events; 1 malware alerts; 1 lateral-movement alerts"
EMP10117,ikshita.muni96,IT,Specialist,Active,1,1,2.0,0.0,0,1.0,40.0,71.0,1.0,2.0,3.0,0.0,1.0,0.0,1.0,0.0,0.0,0.0,0.0,2.0,0.0,2.0,,0,0,0,False,0.0,2.0,2.0,8.0,0.0,0,12.0,Low,Low,1 high-risk IAM events; 1 malware alerts
EMP10118,sneha.prakash29,Sales,Specialist,Active,1,1,9.0,5.0,4,4.0,64.88,94.0,1.0,4.0,5.0,0.0,1.0,0.0,1.0,1.0,1.0,2.0,1.0,0.0,1.0,1.0,,0,0,0,False,11.0,13.0,2.0,26.0,0.0,10,62.0,High,High,"elevated authentication risk (5 failed auth, 4 MFA failures); 4 high-risk IAM events; 1 malware alerts; 1 credential-access alerts; 1 lateral-movement alerts; 2 PowerShell alerts; 1 security-tampering alerts"
EMP10119,orinder.sarraf83,IT,Administrator,Active,0,1,5.0,1.0,1,1.0,40.67,91.0,1.0,4.0,3.0,1.0,1.0,0.0,1.0,1.0,0.0,0.0,1.0,0.0,0.0,2.0,,0,0,0,False,2.5,2.0,7.0,16.0,0.0,5,32.5,Medium,Medium,1 failed authentication events; 1 high-risk IAM events; 1 malware alerts; 1 credential-access alerts; 1 security-tampering alerts; 1 critical endpoint alerts
EMP10120,lakshit.mand42,Compliance,Executive,Inactive,1,1,9.0,0.0,2,0.0,38.67,69.0,1.0,8.0,3.0,0.0,1.0,0.0,1.0,1.0,0.0,0.0,0.0,0.0,0.0,1.0,2024-04-09 00:52:14,7,3,10,True,3.0,0.0,2.0,12.0,10.0,5,32.0,Medium,Medium,1 malware alerts; 1 credential-access alerts; 10 events after identity termination
EMP10121,mason.sarna33,R&D,Administrator,Active,1,1,6.0,3.0,1,1.0,48.2,71.0,1.0,1.0,5.0,0.0,1.0,0.0,0.0,3.0,1.0,3.0,0.0,0.0,0.0,2.0,,0,0,0,False,4.5,2.0,2.0,18.0,0.0,0,26.5,Medium,Medium,3 failed authentication events; 1 high-risk IAM events; 3 credential-access alerts; 1 lateral-movement alerts; 3 PowerShell alerts
EMP10122,osha.chakraborty87,Legal,Officer,Active,1,1,1.0,1.0,1,0.0,32.0,32.0,1.0,0.0,2.0,0.0,1.0,0.0,0.0,0.0,0.0,0.0,0.0,0.0,0.0,1.0,,0,0,0,False,2.5,0.0,2.0,0.0,0.0,0,4.5,Low,Low,1 failed authentication events
EMP10123,raksha.verma87,Marketing,Specialist,Active,1,0,10.0,5.0,5,2.0,41.75,84.0,1.0,5.0,2.0,0.0,1.0,0.0,1.0,1.0,0.0,0.0,0.0,0.0,0.0,1.0,,0,0,0,False,12.5,4.0,2.0,12.0,0.0,10,40.5,Medium,Medium,"elevated authentication risk (5 failed auth, 5 MFA failures); 2 high-risk IAM events; 1 malware alerts; 1 credential-access alerts"
EMP10124,sathvik.kadakia72,Operations,Specialist,Active,1,1,3.0,1.0,2,1.0,79.0,79.0,1.0,1.0,3.0,0.0,1.0,0.0,2.0,0.0,1.0,0.0,1.0,0.0,0.0,1.0,,0,0,0,False,4.0,2.0,2.0,22.0,0.0,5,35.0,Medium,Medium,1 failed authentication events; 1 high-risk IAM events; 2 malware alerts; 1 lateral-movement alerts; 1 security-tampering alerts
EMP10125,bishakha.varkey39,Legal,Manager,Active,1,1,5.0,0.0,1,3.0,78.75,89.0,1.0,4.0,3.0,0.0,0.0,0.0,1.0,2.0,0.0,1.0,1.0,0.0,0.0,1.0,,0,0,0,False,1.5,6.0,0.0,21.0,0.0,5,33.5,Medium,Medium,3 high-risk IAM events; 1 malware alerts; 2 credential-access alerts; 1 PowerShell alerts; 1 security-tampering alerts
EMP10126,unnati.dass69,Finance,Director,Inactive,0,1,4.0,1.0,1,2.0,83.0,90.0,1.0,3.0,2.0,1.0,1.0,0.0,1.0,1.0,0.0,0.0,0.0,0.0,0.0,1.0,,0,0,0,False,2.5,4.0,7.0,12.0,0.0,5,30.5,Medium,Medium,1 failed authentication events; 2 high-risk IAM events; 1 malware alerts; 1 credential-access alerts; 1 critical endpoint alerts
EMP10127,,Finance,Director,Active,1,0,5.0,0.0,1,1.0,33.25,82.0,1.0,3.0,2.0,0.0,1.0,0.0,0.0,1.0,0.0,1.0,0.0,0.0,0.0,1.0,,0,0,0,False,1.5,2.0,2.0,9.0,0.0,0,14.5,Low,Low,1 high-risk IAM events; 1 credential-access alerts; 1 PowerShell alerts
EMP10128,adweta.bhagat28,R&D,Trainee,On Leave,1,1,5.0,2.0,1,2.0,48.6,76.0,1.0,3.0,1.0,0.0,1.0,0.0,1.0,0.0,0.0,0.0,0.0,0.0,1.0,1.0,,0,0,0,False,3.5,4.0,2.0,6.0,0.0,0,15.5,Low,Low,2 failed authentication events; 2 high-risk IAM events; 1 malware alerts
EMP10129,harsh.shukla46,IT,Director,Inactive,1,1,7.0,2.0,3,2.0,50.4,93.0,1.0,5.0,0.0,0.0,0.0,0.0,0.0,0.0,0.0,0.0,0.0,0.0,0.0,0.0,2024-10-08 06:03:45,4,0,4,True,6.5,4.0,0.0,0.0,10.0,0,20.5,Low,Low,2 failed authentication events; 2 high-risk IAM events; 4 events after identity termination
EMP10130,arjun.deol3,IT,Consultant,Active,1,1,4.0,0.0,0,1.0,49.0,90.0,1.0,3.0,0.0,0.0,0.0,0.0,0.0,0.0,0.0,0.0,0.0,0.0,0.0,0.0,,0,0,0,False,0.0,2.0,0.0,0.0,0.0,0,2.0,Low,Low,1 high-risk IAM events
EMP10131,,Sales,Consultant,Active,1,1,9.0,4.0,2,3.0,50.12,98.0,1.0,6.0,1.0,1.0,0.0,0.0,1.0,0.0,0.0,0.0,0.0,0.0,0.0,1.0,,0,0,0,False,7.0,6.0,5.0,6.0,0.0,0,24.0,Low,Low,4 failed authentication events; 3 high-risk IAM events; 1 malware alerts; 1 critical endpoint alerts
EMP10132,eiravati.prabhu70,Marketing,Executive,Active,1,1,10.0,4.0,3,3.0,63.33,84.0,1.0,4.0,1.0,1.0,0.0,1.0,0.0,1.0,0.0,0.0,0.0,0.0,0.0,1.0,,0,0,0,False,8.5,6.0,5.0,6.0,2.0,8,35.5,Medium,Medium,"elevated authentication risk (4 failed auth, 3 MFA failures); 3 high-risk IAM events; 1 credential-access alerts; 1 critical endpoint alerts; 1 unresolved critical alerts"
EMP10133,liam.kunda31,Procurement,Consultant,Active,1,1,4.0,2.0,1,0.0,32.0,49.0,1.0,2.0,3.0,1.0,0.0,1.0,0.0,1.0,0.0,1.0,0.0,0.0,0.0,1.0,,0,0,0,False,3.5,0.0,5.0,9.0,2.0,0,19.5,Low,Low,2 failed authentication events; 1 credential-access alerts; 1 PowerShell alerts; 1 critical endpoint alerts; 1 unresolved critical alerts
EMP10134,sai.bedi96,Human Resources,Trainee,Active,1,1,6.0,0.0,0,2.0,66.75,77.0,1.0,5.0,3.0,0.0,1.0,0.0,1.0,1.0,0.0,0.0,0.0,0.0,0.0,2.0,,0,0,0,False,0.0,4.0,2.0,12.0,0.0,5,23.0,Low,Low,2 high-risk IAM events; 1 malware alerts; 1 credential-access alerts
EMP10135,jagdish.comar6,Customer Support,Administrator,Active,1,0,5.0,1.0,1,1.0,49.8,76.0,1.0,2.0,3.0,0.0,0.0,0.0,0.0,0.0,1.0,2.0,0.0,1.0,0.0,1.0,,0,0,0,False,2.5,2.0,0.0,11.0,0.0,0,15.5,Low,Low,1 failed authentication events; 1 high-risk IAM events; 1 lateral-movement alerts; 2 PowerShell alerts
EMP10136,aishani.chanda55,People,Trainee,Inactive,1,1,9.0,4.0,2,1.0,50.71,89.0,1.0,5.0,6.0,0.0,0.0,0.0,1.0,0.0,2.0,0.0,2.0,3.0,0.0,1.0,2023-01-07 19:12:33,6,6,12,True,7.0,2.0,0.0,21.0,10.0,5,45.0,Medium,Medium,4 failed authentication events; 1 high-risk IAM events; 1 malware alerts; 2 lateral-movement alerts; 2 security-tampering alerts; 12 events after identity termination
EMP10137,varsha.prabhakar82,Procurement,Officer,Inactive,1,1,4.0,2.0,2,2.0,59.67,87.0,1.0,2.0,4.0,1.0,2.0,1.0,1.0,1.0,1.0,0.0,0.0,1.0,0.0,1.0,,0,0,0,False,5.0,4.0,9.0,19.0,2.0,10,49.0,Medium,Medium,2 failed authentication events; 2 high-risk IAM events; 1 malware alerts; 1 credential-access alerts; 1 lateral-movement alerts; 1 critical endpoint alerts; 1 unresolved critical alerts
EMP10138,samuel.choudhury78,Legal,Manager,Disabled,1,1,5.0,2.0,3,0.0,20.33,28.0,1.0,2.0,1.0,0.0,0.0,0.0,0.0,0.0,0.0,0.0,0.0,0.0,0.0,1.0,,0,0,0,False,6.5,0.0,0.0,0.0,0.0,0,6.5,Low,Low,2 failed authentication events
EMP10139,isaac.dugar28,Legal,Trainee,Disabled,0,1,6.0,1.0,3,0.0,26.4,56.0,1.0,2.0,2.0,0.0,0.0,0.0,1.0,1.0,0.0,0.0,0.0,0.0,0.0,2.0,2023-10-18 12:32:00,6,2,8,True,5.5,0.0,0.0,12.0,10.0,5,32.5,Medium,Medium,1 failed authentication events; 1 malware alerts; 1 credential-access alerts; 8 events after identity termination
EMP10140,finn.gupta86,Marketing,Consultant,Active,1,1,6.0,1.0,2,3.0,60.8,89.0,1.0,4.0,0.0,0.0,0.0,0.0,0.0,0.0,0.0,0.0,0.0,0.0,0.0,0.0,,0,0,0,False,4.0,6.0,0.0,0.0,0.0,0,10.0,Low,Low,1 failed authentication events; 3 high-risk IAM events
EMP10141,,Operations,Executive,On Leave,1,0,6.0,0.0,1,2.0,55.0,98.0,1.0,4.0,6.0,1.0,1.0,0.0,4.0,0.0,1.0,0.0,1.0,0.0,0.0,2.0,,0,0,0,False,1.5,4.0,7.0,22.0,0.0,5,39.5,Medium,Medium,2 high-risk IAM events; 4 malware alerts; 1 lateral-movement alerts; 1 security-tampering alerts; 1 critical endpoint alerts
EMP10142,wishi.balay53,Operations,Director,Inactive,1,1,6.0,3.0,4,1.0,45.5,81.0,1.0,3.0,3.0,0.0,0.0,0.0,1.0,0.0,0.0,0.0,0.0,2.0,0.0,1.0,,0,0,0,False,9.0,2.0,0.0,8.0,0.0,5,24.0,Low,Low,"elevated authentication risk (3 failed auth, 4 MFA failures); 1 high-risk IAM events; 1 malware alerts"
EMP10143,rushil.chauhan74,Customer Support,Engineer,Active,1,0,5.0,2.0,3,1.0,57.0,82.0,1.0,5.0,2.0,0.0,0.0,0.0,0.0,0.0,0.0,0.0,0.0,1.0,0.0,1.0,,0,0,0,False,6.5,2.0,0.0,1.0,0.0,0,9.5,Low,Low,2 failed authentication events; 1 high-risk IAM events
EMP10144,yashica_rao48,Human Resources,Administrator,Disabled,1,0,5.0,1.0,1,0.0,31.75,66.0,1.0,4.0,4.0,0.0,0.0,0.0,1.0,1.0,1.0,1.0,0.0,0.0,0.0,2.0,2026-07-14 21:05:34,5,3,8,True,2.5,0.0,0.0,21.0,10.0,10,43.5,Medium,Medium,1 failed authentication events; 1 malware alerts; 1 credential-access alerts; 1 lateral-movement alerts; 1 PowerShell alerts; 8 events after identity termination
EMP10145,abhimanyu.dass89,Marketing,Analyst,Inactive,1,1,4.0,1.0,1,2.0,48.0,96.0,1.0,2.0,1.0,0.0,0.0,0.0,0.0,0.0,0.0,0.0,0.0,1.0,0.0,1.0,2023-08-06 03:00:22,4,1,5,True,2.5,4.0,0.0,1.0,10.0,0,17.5,Low,Low,1 failed authentication events; 2 high-risk IAM events; 5 events after identity termination
EMP10146,maanas.reddy9,Finance,Analyst,Active,1,1,4.0,1.0,2,0.0,49.67,59.0,1.0,4.0,3.0,0.0,2.0,0.0,2.0,1.0,0.0,0.0,0.0,0.0,0.0,1.0,,0,0,0,False,4.0,0.0,4.0,18.0,0.0,5,31.0,Medium,Medium,1 failed authentication events; 2 malware alerts; 1 credential-access alerts
EMP10147,damyanti.ganguly48,Marketing,Consultant,Active,1,1,4.0,1.0,2,2.0,67.5,81.0,1.0,1.0,1.0,0.0,0.0,0.0,1.0,0.0,0.0,0.0,0.0,0.0,0.0,1.0,,0,0,0,False,4.0,4.0,0.0,6.0,0.0,0,14.0,Low,Low,1 failed authentication events; 2 high-risk IAM events; 1 malware alerts
EMP10148,ria.ramakrishnan80,IT,Manager,Active,1,1,4.0,1.0,3,0.0,38.25,60.0,1.0,2.0,3.0,0.0,2.0,0.0,2.0,0.0,0.0,1.0,0.0,0.0,0.0,1.0,,0,0,0,False,5.5,0.0,4.0,15.0,0.0,0,24.5,Medium,Medium,1 failed authentication events; 2 malware alerts; 1 PowerShell alerts
EMP10149,girik.bhatia28,Customer Support,Manager,Active,1,1,3.0,2.0,2,1.0,56.67,76.0,1.0,3.0,0.0,0.0,0.0,0.0,0.0,0.0,0.0,0.0,0.0,0.0,0.0,0.0,,0,0,0,False,5.0,2.0,0.0,0.0,0.0,0,7.0,Low,Low,2 failed authentication events; 1 high-risk IAM events
EMP10150,matthew.chatterjee86,Marketing,Analyst,Active,1,1,8.0,4.0,4,2.0,62.0,99.0,1.0,5.0,3.0,0.0,0.0,0.0,2.0,0.0,0.0,0.0,0.0,0.0,0.0,1.0,,0,0,0,False,10.0,4.0,0.0,12.0,0.0,5,31.0,Medium,Medium,"elevated authentication risk (4 failed auth, 4 MFA failures); 2 high-risk IAM events; 2 malware alerts"
EMP10151,anmol.shroff99,Finance,Administrator,Active,1,1,6.0,2.0,3,1.0,48.0,76.0,1.0,2.0,2.0,0.0,0.0,0.0,2.0,0.0,0.0,0.0,0.0,0.0,0.0,1.0,,0,0,0,False,6.5,2.0,0.0,12.0,0.0,0,20.5,Low,Low,2 failed authentication events; 1 high-risk IAM events; 2 malware alerts
EMP10152,finn.vig49,Customer Support,Engineer,Disabled,1,1,75.0,21.0,27,19.0,54.0,99.0,1.0,54.0,1.0,0.0,1.0,0.0,1.0,0.0,0.0,0.0,1.0,0.0,0.0,1.0,,0,0,0,False,20.0,20.0,2.0,10.0,0.0,8,60.0,High,High,"elevated authentication risk (21 failed auth, 27 MFA failures); 19 high-risk IAM events; 1 malware alerts; 1 security-tampering alerts"
EMP10153,arunima.lanka10,Operations,Specialist,Active,0,0,9.0,3.0,3,0.0,32.71,66.0,1.0,6.0,4.0,0.0,0.0,0.0,1.0,0.0,1.0,1.0,1.0,0.0,0.0,1.0,,0,0,0,False,7.5,0.0,0.0,19.0,0.0,5,31.5,Medium,Medium,3 failed authentication events; 1 malware alerts; 1 lateral-movement alerts; 1 PowerShell alerts; 1 security-tampering alerts
EMP10154,gagan.pandey3,Operations,Executive,Disabled,0,0,5.0,4.0,4,0.0,40.67,67.0,1.0,1.0,2.0,0.0,0.0,0.0,1.0,0.0,0.0,0.0,1.0,1.0,0.0,1.0,2023-07-12 00:00:00,5,1,6,True,10.0,0.0,0.0,11.0,10.0,5,36.0,Medium,Medium,"elevated authentication risk (4 failed auth, 4 MFA failures); 1 malware alerts; 1 security-tampering alerts; 6 events after identity termination"
EMP10155,qabil.chanda52,Customer Support,Manager,Active,1,0,6.0,2.0,3,2.0,59.17,95.0,1.0,5.0,0.0,0.0,0.0,0.0,0.0,0.0,0.0,0.0,0.0,0.0,0.0,0.0,,0,0,0,False,6.5,4.0,0.0,0.0,0.0,0,10.5,Low,Low,2 failed authentication events; 2 high-risk IAM events
EMP10156,laban.muni15,Customer Support,Officer,Active,1,1,6.0,2.0,5,1.0,53.4,76.0,1.0,3.0,6.0,0.0,0.0,0.0,3.0,0.0,0.0,0.0,2.0,1.0,0.0,2.0,,0,0,0,False,9.5,2.0,0.0,18.0,0.0,5,34.5,Medium,Medium,"elevated authentication risk (2 failed auth, 5 MFA failures); 1 high-risk IAM events; 3 malware alerts; 2 security-tampering alerts"
EMP10157,raghav.dutt31,Human Resources,Executive,Active,1,1,2.0,1.0,1,0.0,53.5,69.0,1.0,1.0,3.0,0.0,0.0,0.0,1.0,0.0,0.0,1.0,0.0,2.0,0.0,1.0,,0,0,0,False,2.5,0.0,0.0,11.0,0.0,0,13.5,Low,Low,1 failed authentication events; 1 malware alerts; 1 PowerShell alerts
EMP10158,tristan.subramaniam10,Finance,Trainee,Active,1,1,2.0,2.0,1,0.0,11.5,16.0,1.0,0.0,3.0,0.0,2.0,0.0,0.0,1.0,0.0,1.0,0.0,1.0,0.0,1.0,,0,0,0,False,3.5,0.0,4.0,10.0,0.0,0,17.5,Low,Low,2 failed authentication events; 1 credential-access alerts; 1 PowerShell alerts
EMP10159,dayita_kant42,Operations,Executive,Active,1,1,5.0,2.0,3,1.0,66.67,77.0,1.0,4.0,2.0,1.0,1.0,1.0,0.0,0.0,1.0,0.0,1.0,0.0,0.0,1.0,,0,0,0,False,6.5,2.0,7.0,10.0,2.0,0,27.5,Medium,Medium,2 failed authentication events; 1 high-risk IAM events; 1 lateral-movement alerts; 1 security-tampering alerts; 1 critical endpoint alerts; 1 unresolved critical alerts
EMP10160,leena.dhar76,IT,Consultant,Active,1,0,8.0,1.0,4,2.0,49.57,86.0,1.0,4.0,4.0,0.0,0.0,0.0,2.0,0.0,0.0,0.0,0.0,2.0,0.0,1.0,,0,0,0,False,7.0,4.0,0.0,14.0,0.0,0,25.0,Medium,Medium,1 failed authentication events; 2 high-risk IAM events; 2 malware alerts
EMP10161,timothy.hegde37,Human Resources,Manager,Active,1,0,4.0,1.0,1,4.0,89.25,99.0,1.0,3.0,2.0,0.0,1.0,0.0,1.0,0.0,1.0,0.0,0.0,0.0,0.0,1.0,,0,0,0,False,2.5,8.0,2.0,12.0,0.0,5,29.5,Medium,Medium,1 failed authentication events; 4 high-risk IAM events; 1 malware alerts; 1 lateral-movement alerts
EMP10162,jason.dayal95,IT,Trainee,Active,1,1,10.0,4.0,6,2.0,45.75,74.0,1.0,3.0,4.0,1.0,1.0,1.0,0.0,1.0,1.0,0.0,1.0,1.0,0.0,2.0,,0,0,0,False,13.0,4.0,7.0,17.0,2.0,5,48.0,Medium,Medium,"elevated authentication risk (4 failed auth, 6 MFA failures); 2 high-risk IAM events; 1 credential-access alerts; 1 lateral-movement alerts; 1 security-tampering alerts; 1 critical endpoint alerts; 1 unresolved critical alerts"
EMP10163,ojasvi.bansal8,R&D,Manager,Active,1,0,3.0,1.0,1,1.0,67.33,90.0,1.0,1.0,0.0,0.0,0.0,0.0,0.0,0.0,0.0,0.0,0.0,0.0,0.0,0.0,,0,0,0,False,2.5,2.0,0.0,0.0,0.0,0,4.5,Low,Low,1 failed authentication events; 1 high-risk IAM events
EMP10164,kiaan.sharma57,Innovation,Officer,Active,1,0,3.0,0.0,0,1.0,64.5,93.0,1.0,2.0,2.0,0.0,0.0,0.0,1.0,0.0,1.0,0.0,0.0,0.0,0.0,1.0,,0,0,0,False,0.0,2.0,0.0,12.0,0.0,5,19.0,Low,Low,1 high-risk IAM events; 1 malware alerts; 1 lateral-movement alerts
EMP10165,leela.sankaran44,Procurement,Analyst,Active,1,1,8.0,1.0,2,1.0,31.75,70.0,1.0,3.0,4.0,0.0,0.0,0.0,1.0,0.0,1.0,2.0,0.0,0.0,0.0,1.0,,0,0,0,False,4.0,2.0,0.0,16.0,0.0,5,27.0,Medium,Medium,1 failed authentication events; 1 high-risk IAM events; 1 malware alerts; 1 lateral-movement alerts; 2 PowerShell alerts
EMP10166,omkaar.balan50,Marketing,Administrator,Inactive,0,1,8.0,1.0,2,3.0,58.5,96.0,1.0,4.0,2.0,0.0,0.0,0.0,0.0,1.0,0.0,1.0,0.0,1.0,0.0,1.0,2025-08-28 00:00:00,6,2,8,True,4.0,6.0,0.0,10.0,10.0,0,30.0,Medium,Medium,1 failed authentication events; 3 high-risk IAM events; 1 credential-access alerts; 1 PowerShell alerts; 8 events after identity termination
EMP10167,kamala.babu40,Legal,Executive,Active,1,1,5.0,1.0,1,2.0,51.8,94.0,1.0,2.0,2.0,0.0,2.0,0.0,0.0,1.0,0.0,0.0,0.0,1.0,1.0,1.0,,0,0,0,False,2.5,4.0,4.0,7.0,0.0,0,17.5,Low,Low,1 failed authentication events; 2 high-risk IAM events; 1 credential-access alerts
EMP10168,kamala.chakrabarti17,Customer Support,Manager,Active,1,0,4.0,2.0,1,0.0,39.0,39.0,1.0,2.0,3.0,0.0,0.0,0.0,1.0,1.0,0.0,1.0,0.0,0.0,0.0,2.0,,0,0,0,False,3.5,0.0,0.0,15.0,0.0,5,23.5,Low,Low,2 failed authentication events; 1 malware alerts; 1 credential-access alerts; 1 PowerShell alerts
EMP10169,anirudh.rai28,Operations,Trainee,Active,1,1,4.0,1.0,4,0.0,18.0,29.0,1.0,1.0,3.0,1.0,1.0,1.0,2.0,0.0,0.0,1.0,1.0,1.0,0.0,1.0,,0,0,0,False,7.0,0.0,7.0,20.0,2.0,0,36.0,Medium,Medium,1 failed authentication events; 2 malware alerts; 1 PowerShell alerts; 1 security-tampering alerts; 1 critical endpoint alerts; 1 unresolved critical alerts
EMP10170,nathaniel_prakash13,Customer Support,Officer,Active,1,1,8.0,3.0,4,3.0,47.5,100.0,1.0,5.0,1.0,1.0,0.0,1.0,0.0,0.0,1.0,0.0,0.0,0.0,0.0,1.0,,0,0,0,False,9.0,6.0,5.0,6.0,2.0,8,36.0,Medium,Medium,"elevated authentication risk (3 failed auth, 4 MFA failures); 3 high-risk IAM events; 1 lateral-movement alerts; 1 critical endpoint alerts; 1 unresolved critical alerts"
EMP10171,bimala.nayar80,Finance,Specialist,Active,1,1,1.0,1.0,1,0.0,0.0,0.0,1.0,1.0,1.0,0.0,1.0,0.0,0.0,0.0,1.0,0.0,0.0,0.0,0.0,1.0,,0,0,0,False,2.5,0.0,2.0,6.0,0.0,0,10.5,Low,Low,1 failed authentication events; 1 lateral-movement alerts
EMP10172,chakradhar.ravi22,R&D,Analyst,Active,1,1,4.0,3.0,3,2.0,72.25,94.0,1.0,2.0,1.0,0.0,1.0,0.0,0.0,1.0,0.0,0.0,0.0,0.0,0.0,1.0,,0,0,0,False,7.5,4.0,2.0,6.0,0.0,0,19.5,Low,Low,3 failed authentication events; 2 high-risk IAM events; 1 credential-access alerts
EMP10173,dalbir.sem96,R&D,Engineer,On Leave,1,1,5.0,1.0,3,3.0,79.0,98.0,1.0,3.0,2.0,1.0,0.0,1.0,2.0,0.0,0.0,0.0,0.0,0.0,0.0,1.0,,0,0,0,False,5.5,6.0,5.0,12.0,2.0,3,33.5,Medium,Medium,1 failed authentication events; 3 high-risk IAM events; 2 malware alerts; 1 critical endpoint alerts; 1 unresolved critical alerts
EMP10174,ridhi.iyer25,Operations,Specialist,Active,1,0,6.0,1.0,3,0.0,40.5,67.0,1.0,5.0,3.0,0.0,0.0,0.0,0.0,0.0,2.0,1.0,2.0,0.0,0.0,1.0,,0,0,0,False,5.5,0.0,0.0,16.0,0.0,0,21.5,Low,Low,1 failed authentication events; 2 lateral-movement alerts; 1 PowerShell alerts; 2 security-tampering alerts
EMP10175,benjamin.rau26,Procurement,Executive,Active,1,1,1.0,0.0,1,1.0,72.0,72.0,1.0,1.0,4.0,2.0,0.0,1.0,2.0,0.0,1.0,0.0,1.0,0.0,0.0,2.0,,0,0,0,False,1.5,2.0,10.0,22.0,2.0,5,42.5,Medium,Medium,1 high-risk IAM events; 2 malware alerts; 1 lateral-movement alerts; 1 security-tampering alerts; 2 critical endpoint alerts; 1 unresolved critical alerts
EMP10176,lajita.choudhury92,Customer Support,Manager,Active,1,1,5.0,1.0,1,2.0,54.6,94.0,1.0,3.0,2.0,0.0,0.0,0.0,1.0,0.0,0.0,1.0,1.0,0.0,0.0,1.0,,0,0,0,False,2.5,4.0,0.0,13.0,0.0,0,19.5,Low,Low,1 failed authentication events; 2 high-risk IAM events; 1 malware alerts; 1 PowerShell alerts; 1 security-tampering alerts
EMP10177,jason.rege12,Sales,Trainee,Active,1,1,5.0,2.0,3,2.0,64.67,87.0,1.0,3.0,3.0,1.0,1.0,1.0,0.0,0.0,2.0,0.0,0.0,1.0,0.0,1.0,,0,0,0,False,6.5,4.0,7.0,9.0,2.0,0,28.5,Medium,Medium,2 failed authentication events; 2 high-risk IAM events; 2 lateral-movement alerts; 1 critical endpoint alerts; 1 unresolved critical alerts
EMP10178,tanveer.ghose11,Operations,Engineer,Disabled,1,1,4.0,2.0,3,3.0,89.0,99.0,1.0,0.0,4.0,0.0,1.0,0.0,2.0,0.0,1.0,1.0,0.0,0.0,0.0,1.0,2025-11-02 19:08:00,4,3,7,True,6.5,6.0,2.0,21.0,10.0,8,53.5,High,High,2 failed authentication events; 3 high-risk IAM events; 2 malware alerts; 1 lateral-movement alerts; 1 PowerShell alerts; 7 events after identity termination
EMP10179,ridhi.kadakia61,Finance,Trainee,Inactive,1,1,5.0,2.0,2,2.0,53.0,93.0,1.0,2.0,2.0,0.0,0.0,0.0,1.0,1.0,0.0,0.0,0.0,0.0,1.0,1.0,2021-06-07 00:00:00,4,2,6,True,5.0,4.0,0.0,12.0,10.0,5,36.0,Medium,Medium,2 failed authentication events; 2 high-risk IAM events; 1 malware alerts; 1 credential-access alerts; 6 events after identity termination
EMP10180,bhavika.subramanian78,Customer Support,Director,Active,1,1,6.0,0.0,2,2.0,51.17,95.0,1.0,2.0,0.0,0.0,0.0,0.0,0.0,0.0,0.0,0.0,0.0,0.0,0.0,0.0,,0,0,0,False,3.0,4.0,0.0,0.0,0.0,0,7.0,Low,Low,2 high-risk IAM events
EMP10181,tamanna.banik80,R&D,Manager,Active,1,0,5.0,2.0,2,0.0,41.0,68.0,1.0,3.0,3.0,0.0,1.0,0.0,1.0,0.0,0.0,3.0,1.0,0.0,0.0,1.0,,0,0,0,False,5.0,0.0,2.0,14.0,0.0,0,21.0,Low,Low,2 failed authentication events; 1 malware alerts; 3 PowerShell alerts; 1 security-tampering alerts
EMP10182,gagan.edwin92,Finance,Administrator,Active,1,0,4.0,2.0,0,0.0,37.0,43.0,1.0,1.0,1.0,0.0,1.0,0.0,0.0,0.0,0.0,1.0,0.0,0.0,0.0,1.0,,0,0,0,False,2.0,0.0,2.0,3.0,0.0,0,7.0,Low,Low,2 failed authentication events; 1 PowerShell alerts
EMP10183,arjun.dara86,Human Resources,Officer,Active,1,1,7.0,1.0,0,1.0,57.2,75.0,1.0,7.0,0.0,0.0,0.0,0.0,0.0,0.0,0.0,0.0,0.0,0.0,0.0,0.0,,0,0,0,False,1.0,2.0,0.0,0.0,0.0,0,3.0,Low,Low,1 failed authentication events; 1 high-risk IAM events
EMP10184,,IT,Director,Active,1,1,7.0,0.0,1,2.0,53.2,97.0,1.0,4.0,2.0,0.0,1.0,0.0,1.0,0.0,0.0,0.0,0.0,1.0,0.0,2.0,,0,0,0,False,1.5,4.0,2.0,7.0,0.0,0,14.5,Low,Low,2 high-risk IAM events; 1 malware alerts
EMP10185,ojasvi.char85,People,Specialist,Active,1,1,3.0,1.0,0,1.0,38.0,90.0,1.0,3.0,2.0,0.0,1.0,0.0,0.0,0.0,0.0,0.0,0.0,0.0,0.0,1.0,,0,0,0,False,1.0,2.0,2.0,0.0,0.0,0,5.0,Low,Low,1 failed authentication events; 1 high-risk IAM events
EMP10186,ishwar.bora23,R&D,Trainee,Active,1,1,5.0,1.0,2,0.0,36.0,39.0,1.0,3.0,2.0,0.0,0.0,0.0,1.0,0.0,0.0,0.0,0.0,0.0,0.0,1.0,,0,0,0,False,4.0,0.0,0.0,6.0,0.0,0,10.0,Low,Low,1 failed authentication events; 1 malware alerts
EMP10187,samar.khare6,Sales,Analyst,Active,1,1,8.0,2.0,2,3.0,53.86,86.0,1.0,4.0,2.0,0.0,1.0,0.0,1.0,0.0,0.0,0.0,0.0,0.0,0.0,1.0,,0,0,0,False,5.0,6.0,2.0,6.0,0.0,0,19.0,Low,Low,2 failed authentication events; 3 high-risk IAM events; 1 malware alerts
EMP10188,wakeeta.srivastava97,Sales,Administrator,Active,1,1,6.0,2.0,4,3.0,63.17,81.0,1.0,1.0,2.0,0.0,0.0,0.0,0.0,1.0,0.0,0.0,1.0,0.0,0.0,1.0,,0,0,0,False,8.0,6.0,0.0,10.0,0.0,8,32.0,Medium,Medium,"elevated authentication risk (2 failed auth, 4 MFA failures); 3 high-risk IAM events; 1 credential-access alerts; 1 security-tampering alerts"
EMP10189,kai.sastry56,Legal,Trainee,Active,1,1,5.0,1.0,3,1.0,58.0,93.0,1.0,3.0,1.0,0.0,0.0,0.0,1.0,0.0,0.0,1.0,0.0,0.0,0.0,1.0,,0,0,0,False,5.5,2.0,0.0,9.0,0.0,0,16.5,Low,Low,1 failed authentication events; 1 high-risk IAM events; 1 malware alerts; 1 PowerShell alerts
EMP10190,anjali.ganesan67,Brand,Manager,Active,0,1,8.0,2.0,2,3.0,63.0,90.0,1.0,3.0,6.0,1.0,2.0,0.0,2.0,0.0,1.0,1.0,0.0,2.0,0.0,1.0,,0,0,0,False,5.0,6.0,9.0,23.0,0.0,5,48.0,Medium,Medium,2 failed authentication events; 3 high-risk IAM events; 2 malware alerts; 1 lateral-movement alerts; 1 PowerShell alerts; 1 critical endpoint alerts
EMP10191,banjeet.baral14,Human Resources,Consultant,Active,1,1,5.0,2.0,3,0.0,27.33,52.0,1.0,4.0,1.0,0.0,0.0,0.0,0.0,1.0,0.0,0.0,0.0,0.0,0.0,1.0,,0,0,0,False,6.5,0.0,0.0,6.0,0.0,0,12.5,Low,Low,2 failed authentication events; 1 credential-access alerts
EMP10192,ridhi.bala57,Operations,Trainee,Active,0,0,9.0,4.0,5,1.0,32.62,75.0,1.0,4.0,1.0,0.0,1.0,0.0,0.0,1.0,0.0,0.0,1.0,0.0,0.0,1.0,,0,0,0,False,11.5,2.0,2.0,10.0,0.0,5,30.5,Medium,Medium,"elevated authentication risk (4 failed auth, 5 MFA failures); 1 high-risk IAM events; 1 credential-access alerts; 1 security-tampering alerts"
EMP10193,ekbal.bhatti8,Human Resources,Director,Active,1,0,5.0,1.0,2,0.0,18.2,42.0,1.0,3.0,3.0,0.0,0.0,0.0,3.0,0.0,0.0,0.0,1.0,0.0,0.0,1.0,,0,0,0,False,4.0,0.0,0.0,16.0,0.0,0,20.0,Low,Low,1 failed authentication events; 3 malware alerts; 1 security-tampering alerts
EMP10194,ayush.dua87,R&D,Analyst,Active,1,1,59.0,21.0,22,13.0,44.16,99.0,1.0,36.0,4.0,1.0,2.0,1.0,2.0,0.0,0.0,1.0,2.0,0.0,0.0,1.0,,0,0,0,False,20.0,20.0,9.0,20.0,2.0,8,79.0,Critical,Critical,"elevated authentication risk (21 failed auth, 22 MFA failures); 13 high-risk IAM events; 2 malware alerts; 1 PowerShell alerts; 2 security-tampering alerts; 1 critical endpoint alerts; 1 unresolved critical alerts"
EMP10195,tanay.karnik5,Supply Chain,Executive,Active,1,1,9.0,3.0,6,2.0,47.5,93.0,1.0,6.0,2.0,0.0,1.0,0.0,0.0,1.0,0.0,2.0,1.0,0.0,0.0,1.0,,0,0,0,False,12.0,4.0,2.0,14.0,0.0,5,37.0,Medium,Medium,"elevated authentication risk (3 failed auth, 6 MFA failures); 2 high-risk IAM events; 1 credential-access alerts; 2 PowerShell alerts; 1 security-tampering alerts"
EMP10196,omaja.soman68,Operations,Director,Active,1,1,6.0,3.0,4,1.0,58.17,81.0,1.0,3.0,3.0,1.0,0.0,0.0,0.0,0.0,2.0,0.0,0.0,0.0,0.0,2.0,,0,0,0,False,9.0,2.0,5.0,8.0,0.0,5,29.0,Medium,Medium,"elevated authentication risk (3 failed auth, 4 MFA failures); 1 high-risk IAM events; 2 lateral-movement alerts; 1 critical endpoint alerts"
EMP10197,fitan.om64,Customer Support,Director,Active,1,1,6.0,1.0,1,2.0,51.0,98.0,1.0,3.0,3.0,0.0,0.0,0.0,1.0,1.0,0.0,0.0,0.0,1.0,0.0,1.0,,0,0,0,False,2.5,4.0,0.0,13.0,0.0,5,24.5,Medium,Medium,1 failed authentication events; 2 high-risk IAM events; 1 malware alerts; 1 credential-access alerts
EMP10198,ansh.barad37,Innovation,Engineer,Active,1,1,5.0,1.0,2,1.0,60.67,80.0,1.0,5.0,2.0,1.0,1.0,1.0,1.0,0.0,0.0,0.0,0.0,1.0,0.0,1.0,,0,0,0,False,4.0,2.0,7.0,7.0,2.0,0,22.0,Low,Low,1 failed authentication events; 1 high-risk IAM events; 1 malware alerts; 1 critical endpoint alerts; 1 unresolved critical alerts
EMP10199,nathan.sampath88,Operations,Consultant,Active,1,1,5.0,1.0,1,2.0,59.33,81.0,1.0,4.0,1.0,0.0,0.0,0.0,1.0,0.0,0.0,1.0,0.0,0.0,0.0,1.0,,0,0,0,False,2.5,4.0,0.0,9.0,0.0,0,15.5,Low,Low,1 failed authentication events; 2 high-risk IAM events; 1 malware alerts; 1 PowerShell alerts
EMP10200,yashoda.lad92,Finance,Consultant,On Leave,1,1,4.0,1.0,3,1.0,60.0,90.0,1.0,3.0,0.0,0.0,0.0,0.0,0.0,0.0,0.0,0.0,0.0,0.0,0.0,0.0,,0,0,0,False,5.5,2.0,0.0,0.0,0.0,0,7.5,Low,Low,1 failed authentication events; 1 high-risk IAM events
EMP10201,warhi.sharma4,Operations,Officer,Disabled,1,0,5.0,2.0,2,2.0,53.5,91.0,1.0,3.0,1.0,0.0,0.0,0.0,0.0,0.0,1.0,0.0,0.0,0.0,0.0,1.0,2026-07-28 17:19:31,5,0,5,True,5.0,4.0,0.0,6.0,10.0,0,25.0,Medium,Medium,2 failed authentication events; 2 high-risk IAM events; 1 lateral-movement alerts; 5 events after identity termination
EMP10202,adweta.bera51,R&D,Officer,Active,1,1,7.0,1.0,2,0.0,41.17,63.0,1.0,5.0,3.0,1.0,1.0,1.0,1.0,1.0,0.0,1.0,0.0,0.0,0.0,2.0,,0,0,0,False,4.0,0.0,7.0,15.0,2.0,5,33.0,Medium,Medium,1 failed authentication events; 1 malware alerts; 1 credential-access alerts; 1 PowerShell alerts; 1 critical endpoint alerts; 1 unresolved critical alerts
EMP10203,samaksh.subramanian60,Customer Support,Consultant,Active,1,0,62.0,20.0,21,20.0,53.94,94.0,1.0,43.0,2.0,0.0,1.0,0.0,0.0,0.0,0.0,1.0,1.0,0.0,0.0,1.0,,0,0,0,False,20.0,20.0,2.0,7.0,0.0,8,57.0,High,High,"elevated authentication risk (20 failed auth, 21 MFA failures); 20 high-risk IAM events; 1 PowerShell alerts; 1 security-tampering alerts"
EMP10204,zaitra_cherian56,Customer Support,Analyst,Active,1,1,5.0,3.0,2,3.0,72.0,93.0,1.0,2.0,3.0,1.0,0.0,1.0,1.0,0.0,1.0,1.0,0.0,0.0,1.0,1.0,,0,0,0,False,6.0,6.0,5.0,15.0,2.0,5,39.0,Medium,Medium,3 failed authentication events; 3 high-risk IAM events; 1 malware alerts; 1 lateral-movement alerts; 1 PowerShell alerts; 1 critical endpoint alerts; 1 unresolved critical alerts
EMP10205,ekapad.chacko29,Operations,Officer,Active,1,1,5.0,0.0,2,2.0,45.0,97.0,1.0,3.0,0.0,0.0,0.0,0.0,0.0,0.0,0.0,0.0,0.0,0.0,0.0,0.0,,0,0,0,False,3.0,4.0,0.0,0.0,0.0,0,7.0,Low,Low,2 high-risk IAM events
EMP10206,mitali.raja39,Procurement,Officer,Active,1,1,6.0,0.0,4,1.0,56.25,84.0,1.0,3.0,2.0,1.0,0.0,0.0,1.0,0.0,1.0,0.0,0.0,0.0,0.0,1.0,,0,0,0,False,6.0,2.0,5.0,12.0,0.0,5,30.0,Medium,Medium,1 high-risk IAM events; 1 malware alerts; 1 lateral-movement alerts; 1 critical endpoint alerts
EMP10207,tanveer.dutt80,Procurement,Consultant,Disabled,1,1,3.0,0.0,1,1.0,97.0,97.0,1.0,0.0,2.0,0.0,2.0,0.0,1.0,1.0,0.0,0.0,0.0,0.0,0.0,2.0,2025-09-12 00:00:00,3,2,5,True,1.5,2.0,4.0,12.0,10.0,5,34.5,Medium,Medium,1 high-risk IAM events; 1 malware alerts; 1 credential-access alerts; 5 events after identity termination
EMP10208,liam.agate34,Sales,Specialist,Active,1,0,5.0,2.0,2,2.0,67.4,98.0,1.0,2.0,3.0,0.0,0.0,0.0,1.0,0.0,0.0,1.0,0.0,1.0,1.0,1.0,,0,0,0,False,5.0,4.0,0.0,10.0,0.0,0,19.0,Low,Low,2 failed authentication events; 2 high-risk IAM events; 1 malware alerts; 1 PowerShell alerts
EMP10209,anirudh.kaul39,R&D,Engineer,Active,1,1,5.0,0.0,1,1.0,42.6,71.0,1.0,2.0,4.0,1.0,0.0,1.0,2.0,0.0,0.0,0.0,0.0,1.0,1.0,2.0,,0,0,0,False,1.5,2.0,5.0,13.0,2.0,0,23.5,Low,Low,1 high-risk IAM events; 2 malware alerts; 1 critical endpoint alerts; 1 unresolved critical alerts
EMP10210,yahvi.modi57,Legal,Trainee,Active,1,1,5.0,1.0,3,0.0,41.67,61.0,1.0,4.0,2.0,0.0,1.0,0.0,0.0,0.0,0.0,0.0,0.0,2.0,0.0,2.0,,0,0,0,False,5.5,0.0,2.0,2.0,0.0,0,9.5,Low,Low,1 failed authentication events
EMP10211,krishna_seth41,Operations,Director,Active,1,1,5.0,3.0,2,1.0,56.0,97.0,1.0,0.0,2.0,0.0,0.0,0.0,2.0,0.0,0.0,1.0,0.0,0.0,0.0,1.0,,0,0,0,False,6.0,2.0,0.0,15.0,0.0,0,23.0,Low,Low,3 failed authentication events; 1 high-risk IAM events; 2 malware alerts; 1 PowerShell alerts
EMP10212,advaith.agate35,R&D,Engineer,Active,1,1,6.0,3.0,2,1.0,64.67,80.0,1.0,3.0,4.0,1.0,1.0,1.0,1.0,1.0,0.0,2.0,0.0,0.0,0.0,1.0,,0,0,0,False,6.0,2.0,7.0,16.0,2.0,5,38.0,Medium,Medium,3 failed authentication events; 1 high-risk IAM events; 1 malware alerts; 1 credential-access alerts; 2 PowerShell alerts; 1 critical endpoint alerts; 1 unresolved critical alerts
EMP10213,darpan.tripathi54,Sales,Executive,Active,1,1,5.0,1.0,2,0.0,44.0,50.0,1.0,3.0,1.0,0.0,0.0,0.0,0.0,1.0,0.0,0.0,0.0,0.0,0.0,1.0,,0,0,0,False,4.0,0.0,0.0,6.0,0.0,0,10.0,Low,Low,1 failed authentication events; 1 credential-access alerts
EMP10214,kiaan.sur64,Customer Support,Trainee,Active,1,1,6.0,1.0,1,3.0,58.33,97.0,1.0,6.0,1.0,0.0,0.0,0.0,1.0,0.0,0.0,0.0,0.0,0.0,0.0,1.0,,0,0,0,False,2.5,6.0,0.0,6.0,0.0,0,14.5,Low,Low,1 failed authentication events; 3 high-risk IAM events; 1 malware alerts
EMP10215,anirudh.das28,Procurement,Consultant,Active,1,1,3.0,0.0,0,0.0,17.5,26.0,1.0,3.0,2.0,0.0,0.0,0.0,1.0,0.0,1.0,0.0,0.0,0.0,0.0,2.0,,0,0,0,False,0.0,0.0,0.0,12.0,0.0,5,17.0,Low,Low,1 malware alerts; 1 lateral-movement alerts
EMP10216,nitesh.devi69,IT,Manager,Active,1,0,7.0,2.0,3,3.0,67.8,100.0,1.0,4.0,4.0,0.0,2.0,0.0,1.0,1.0,0.0,3.0,0.0,0.0,0.0,1.0,,0,0,0,False,6.5,6.0,4.0,16.0,0.0,8,40.5,Medium,Medium,2 failed authentication events; 3 high-risk IAM events; 1 malware alerts; 1 credential-access alerts; 3 PowerShell alerts
EMP10217,balvan.shere52,IT,Specialist,Active,1,0,7.0,4.0,6,2.0,48.83,98.0,1.0,4.0,3.0,0.0,1.0,0.0,1.0,0.0,0.0,1.0,0.0,1.0,0.0,2.0,,0,0,0,False,13.0,4.0,2.0,10.0,0.0,5,34.0,Medium,Medium,"elevated authentication risk (4 failed auth, 6 MFA failures); 2 high-risk IAM events; 1 malware alerts; 1 PowerShell alerts"
EMP10218,jagat_dasgupta98,Customer Support,Administrator,Active,1,1,8.0,5.0,4,5.0,70.33,96.0,1.0,3.0,1.0,0.0,0.0,0.0,0.0,1.0,0.0,0.0,0.0,0.0,0.0,1.0,,0,0,0,False,11.0,15.0,0.0,6.0,0.0,8,40.0,Medium,Medium,"elevated authentication risk (5 failed auth, 4 MFA failures); 5 high-risk IAM events; 1 credential-access alerts"
EMP10219,ira.barad51,Operations,Consultant,Active,1,1,5.0,2.0,3,0.0,56.0,56.0,1.0,4.0,2.0,0.0,1.0,0.0,1.0,0.0,1.0,0.0,0.0,0.0,1.0,1.0,,0,0,0,False,6.5,0.0,2.0,12.0,0.0,5,25.5,Medium,Medium,2 failed authentication events; 1 malware alerts; 1 lateral-movement alerts
EMP10220,,IT,Executive,Active,1,1,4.0,1.0,1,1.0,48.25,100.0,1.0,4.0,0.0,0.0,0.0,0.0,0.0,0.0,0.0,0.0,0.0,0.0,0.0,0.0,,0,0,0,False,2.5,2.0,0.0,0.0,0.0,0,4.5,Low,Low,1 failed authentication events; 1 high-risk IAM events
EMP10221,wakeeta.sur18,Operations,Specialist,Inactive,1,1,3.0,0.0,0,1.0,56.5,88.0,1.0,3.0,3.0,0.0,1.0,0.0,1.0,0.0,0.0,1.0,0.0,1.0,0.0,2.0,,0,0,0,False,0.0,2.0,2.0,10.0,0.0,0,14.0,Low,Low,1 high-risk IAM events; 1 malware alerts; 1 PowerShell alerts
EMP10222,sachi.bhargava76,Operations,Officer,Active,1,1,8.0,3.0,4,2.0,56.38,98.0,1.0,3.0,7.0,0.0,5.0,0.0,4.0,0.0,0.0,4.0,0.0,2.0,0.0,1.0,,0,0,0,False,9.0,4.0,5.0,18.0,0.0,5,41.0,Medium,Medium,"elevated authentication risk (3 failed auth, 4 MFA failures); 2 high-risk IAM events; 4 malware alerts; 4 PowerShell alerts"
EMP10223,,Operations,Consultant,Active,1,1,4.0,1.0,0,2.0,91.5,97.0,1.0,3.0,4.0,0.0,0.0,0.0,1.0,1.0,0.0,1.0,1.0,1.0,0.0,2.0,,0,0,0,False,1.0,4.0,0.0,20.0,0.0,5,30.0,Medium,Medium,1 failed authentication events; 2 high-risk IAM events; 1 malware alerts; 1 credential-access alerts; 1 PowerShell alerts; 1 security-tampering alerts
EMP10224,ronith.shroff81,IT,Specialist,Disabled,1,0,5.0,2.0,4,1.0,44.75,82.0,1.0,1.0,0.0,0.0,0.0,0.0,0.0,0.0,0.0,0.0,0.0,0.0,0.0,0.0,,0,0,0,False,8.0,2.0,0.0,0.0,0.0,0,10.0,Low,Low,"elevated authentication risk (2 failed auth, 4 MFA failures); 1 high-risk IAM events"
EMP10225,aahana.rama22,Customer Support,Specialist,Disabled,1,1,2.0,1.0,1,0.0,65.0,65.0,1.0,1.0,2.0,0.0,0.0,0.0,0.0,0.0,0.0,0.0,1.0,1.0,0.0,1.0,2022-12-29 21:53:18,1,2,3,True,2.5,0.0,0.0,5.0,9.0,0,16.5,Low,Low,1 failed authentication events; 1 security-tampering alerts; 3 events after identity termination
EMP10226,watika_muni41,Legal,Executive,Active,1,0,2.0,0.0,1,0.0,46.0,46.0,1.0,1.0,2.0,0.0,0.0,0.0,1.0,1.0,0.0,1.0,1.0,0.0,0.0,1.0,,0,0,0,False,1.5,0.0,0.0,19.0,0.0,5,25.5,Medium,Medium,1 malware alerts; 1 credential-access alerts; 1 PowerShell alerts; 1 security-tampering alerts
EMP10227,oscar.dubey95,IT,Executive,Active,1,1,4.0,1.0,2,2.0,68.0,87.0,1.0,2.0,2.0,0.0,0.0,0.0,0.0,0.0,0.0,0.0,1.0,1.0,0.0,1.0,,0,0,0,False,4.0,4.0,0.0,5.0,0.0,0,13.0,Low,Low,1 failed authentication events; 2 high-risk IAM events; 1 security-tampering alerts
EMP10228,patrick.bajaj41,Finance,Trainee,Active,1,1,2.0,0.0,0,1.0,59.0,98.0,1.0,2.0,3.0,0.0,0.0,0.0,2.0,0.0,1.0,0.0,1.0,0.0,0.0,1.0,,0,0,0,False,0.0,2.0,0.0,22.0,0.0,5,29.0,Medium,Medium,1 high-risk IAM events; 2 malware alerts; 1 lateral-movement alerts; 1 security-tampering alerts
EMP10229,bhavna.dass88,Brand,Specialist,Active,0,1,6.0,4.0,3,3.0,62.75,89.0,1.0,2.0,2.0,0.0,0.0,0.0,1.0,0.0,0.0,0.0,0.0,0.0,0.0,1.0,,0,0,0,False,8.5,6.0,0.0,6.0,0.0,8,28.5,Medium,Medium,"elevated authentication risk (4 failed auth, 3 MFA failures); 3 high-risk IAM events; 1 malware alerts"
EMP10230,sarthak.rajagopalan99,Brand,Engineer,Active,1,1,5.0,1.0,1,1.0,50.25,77.0,1.0,3.0,2.0,0.0,1.0,0.0,2.0,0.0,0.0,0.0,0.0,0.0,0.0,1.0,,0,0,0,False,2.5,2.0,2.0,12.0,0.0,0,18.5,Low,Low,1 failed authentication events; 1 high-risk IAM events; 2 malware alerts
EMP10231,gopal.prabhakar93,Marketing,Administrator,Active,1,1,5.0,2.0,2,2.0,59.25,90.0,1.0,2.0,3.0,0.0,1.0,0.0,1.0,2.0,0.0,0.0,0.0,0.0,0.0,1.0,,0,0,0,False,5.0,4.0,2.0,14.0,0.0,5,30.0,Medium,Medium,2 failed authentication events; 2 high-risk IAM events; 1 malware alerts; 2 credential-access alerts
EMP10232,reva.bansal99,Finance,Administrator,Active,1,1,6.0,1.0,4,3.0,74.5,95.0,1.0,4.0,1.0,0.0,0.0,0.0,0.0,0.0,1.0,0.0,0.0,0.0,0.0,0.0,,0,0,0,False,7.0,6.0,0.0,6.0,0.0,3,22.0,Low,Low,1 failed authentication events; 3 high-risk IAM events; 1 lateral-movement alerts
EMP10233,onveer.borah62,Sales,Engineer,Inactive,1,1,4.0,0.0,0,1.0,63.33,97.0,1.0,4.0,4.0,0.0,0.0,0.0,3.0,0.0,0.0,1.0,0.0,0.0,0.0,1.0,2026-01-14 08:21:00,3,3,6,True,0.0,2.0,0.0,15.0,10.0,0,27.0,Medium,Medium,1 high-risk IAM events; 3 malware alerts; 1 PowerShell alerts; 6 events after identity termination
EMP10234,kabir.dhawan31,Sales,Analyst,Active,1,0,4.0,2.0,2,2.0,61.0,87.0,1.0,2.0,6.0,2.0,2.0,2.0,2.0,1.0,0.0,2.0,0.0,0.0,0.0,1.0,,0,0,0,False,5.0,4.0,14.0,22.0,4.0,5,54.0,High,High,2 failed authentication events; 2 high-risk IAM events; 2 malware alerts; 1 credential-access alerts; 2 PowerShell alerts; 2 critical endpoint alerts; 2 unresolved critical alerts
EMP10235,zayan.sarin92,Innovation,Manager,On Leave,1,1,5.0,2.0,2,0.0,11.5,21.0,1.0,1.0,3.0,1.0,1.0,0.0,0.0,1.0,1.0,1.0,1.0,0.0,0.0,1.0,,0,0,0,False,5.0,0.0,7.0,19.0,0.0,0,31.0,Medium,Medium,2 failed authentication events; 1 credential-access alerts; 1 lateral-movement alerts; 1 PowerShell alerts; 1 security-tampering alerts; 1 critical endpoint alerts
EMP10236,,R&D,Engineer,Active,1,0,10.0,3.0,5,2.0,55.43,94.0,1.0,5.0,3.0,0.0,2.0,0.0,0.0,2.0,0.0,2.0,0.0,0.0,0.0,1.0,,0,0,0,False,10.5,4.0,4.0,12.0,0.0,5,35.5,Medium,Medium,"elevated authentication risk (3 failed auth, 5 MFA failures); 2 high-risk IAM events; 2 credential-access alerts; 2 PowerShell alerts"
EMP10237,naksh.anand12,Procurement,Engineer,Inactive,1,1,4.0,0.0,2,0.0,28.5,56.0,1.0,3.0,1.0,0.0,0.0,0.0,0.0,0.0,0.0,1.0,0.0,0.0,0.0,1.0,2022-12-26 01:31:53,4,1,5,True,3.0,0.0,0.0,3.0,10.0,0,16.0,Low,Low,1 PowerShell alerts; 5 events after identity termination
EMP10238,sanya_narang5,Legal,Trainee,Inactive,1,1,4.0,3.0,2,1.0,50.0,81.0,1.0,2.0,6.0,1.0,2.0,1.0,2.0,0.0,0.0,3.0,3.0,0.0,0.0,1.0,2025-03-16 13:45:56,3,5,8,True,6.0,2.0,9.0,21.0,12.0,0,50.0,High,High,3 failed authentication events; 1 high-risk IAM events; 2 malware alerts; 3 PowerShell alerts; 3 security-tampering alerts; 1 critical endpoint alerts; 8 events after identity termination; 1 unresolved critical alerts
EMP10239,jatin.chada37,R&D,Officer,Disabled,1,1,2.0,1.0,2,0.0,50.0,50.0,1.0,1.0,1.0,0.0,1.0,0.0,1.0,0.0,0.0,0.0,1.0,0.0,0.0,1.0,2024-06-17 00:00:00,2,1,3,True,4.0,0.0,2.0,10.0,9.0,0,25.0,Medium,Medium,1 failed authentication events; 1 malware alerts; 1 security-tampering alerts; 3 events after identity termination
EMP10240,jalsa.bhatti59,Marketing,Executive,Disabled,1,1,7.0,2.0,3,1.0,45.2,78.0,1.0,3.0,1.0,0.0,0.0,0.0,1.0,0.0,0.0,0.0,0.0,0.0,0.0,1.0,,0,0,0,False,6.5,2.0,0.0,6.0,0.0,0,14.5,Low,Low,2 failed authentication events; 1 high-risk IAM events; 1 malware alerts
EMP10241,varenya.narain82,Legal,Director,Active,1,0,3.0,0.0,0,1.0,48.0,99.0,1.0,2.0,2.0,0.0,0.0,0.0,0.0,0.0,1.0,0.0,0.0,1.0,0.0,1.0,,0,0,0,False,0.0,2.0,0.0,7.0,0.0,0,9.0,Low,Low,1 high-risk IAM events; 1 lateral-movement alerts
EMP10242,upma.wadhwa62,Operations,Engineer,Active,1,1,4.0,2.0,1,1.0,42.33,80.0,1.0,2.0,1.0,0.0,0.0,0.0,0.0,1.0,0.0,0.0,0.0,0.0,0.0,1.0,,0,0,0,False,3.5,2.0,0.0,6.0,0.0,0,11.5,Low,Low,2 failed authentication events; 1 high-risk IAM events; 1 credential-access alerts
EMP10243,fariq_atwal39,Procurement,Specialist,Active,1,0,6.0,2.0,2,1.0,48.5,81.0,1.0,3.0,6.0,0.0,0.0,0.0,1.0,1.0,1.0,1.0,1.0,1.0,0.0,1.0,,0,0,0,False,5.0,2.0,0.0,26.0,0.0,10,43.0,Medium,Medium,2 failed authentication events; 1 high-risk IAM events; 1 malware alerts; 1 credential-access alerts; 1 lateral-movement alerts; 1 PowerShell alerts; 1 security-tampering alerts
EMP10244,bishakha.chopra60,Marketing,Executive,Inactive,1,0,4.0,1.0,0,1.0,33.0,82.0,1.0,2.0,3.0,1.0,0.0,1.0,0.0,0.0,0.0,1.0,0.0,0.0,0.0,2.0,,0,0,0,False,1.0,2.0,5.0,3.0,2.0,0,13.0,Low,Low,1 failed authentication events; 1 high-risk IAM events; 1 PowerShell alerts; 1 critical endpoint alerts; 1 unresolved critical alerts
EMP10245,netra.mitter48,Procurement,Engineer,Active,1,1,9.0,3.0,3,2.0,53.43,93.0,1.0,8.0,3.0,1.0,2.0,1.0,2.0,0.0,0.0,0.0,0.0,1.0,1.0,1.0,,0,0,0,False,7.5,4.0,9.0,13.0,2.0,0,35.5,Medium,Medium,3 failed authentication events; 2 high-risk IAM events; 2 malware alerts; 1 critical endpoint alerts; 1 unresolved critical alerts
EMP10246,rohan.dash48,Legal,Officer,Disabled,1,1,5.0,3.0,3,1.0,92.0,92.0,1.0,3.0,2.0,0.0,1.0,0.0,1.0,1.0,0.0,0.0,0.0,0.0,0.0,1.0,,0,0,0,False,7.5,2.0,2.0,12.0,0.0,5,28.5,Medium,Medium,3 failed authentication events; 1 high-risk IAM events; 1 malware alerts; 1 credential-access alerts
EMP10247,aadhya.shan11,Customer Support,Trainee,Active,1,1,3.0,1.0,1,0.0,62.0,62.0,1.0,2.0,3.0,0.0,1.0,0.0,2.0,1.0,0.0,0.0,1.0,0.0,0.0,2.0,,0,0,0,False,2.5,0.0,2.0,22.0,0.0,5,31.5,Medium,Medium,1 failed authentication events; 2 malware alerts; 1 credential-access alerts; 1 security-tampering alerts
EMP10248,yachana.sharaf71,Customer Support,Engineer,Active,1,1,6.0,2.0,4,1.0,49.75,79.0,1.0,3.0,3.0,0.0,0.0,0.0,3.0,0.0,0.0,0.0,0.0,0.0,0.0,1.0,,0,0,0,False,8.0,2.0,0.0,12.0,0.0,5,27.0,Medium,Medium,"elevated authentication risk (2 failed auth, 4 MFA failures); 1 high-risk IAM events; 3 malware alerts"
EMP10249,vasatika.loke27,Procurement,Trainee,Disabled,1,1,6.0,3.0,3,0.0,24.5,49.0,1.0,3.0,5.0,0.0,1.0,0.0,2.0,1.0,0.0,2.0,0.0,0.0,0.0,1.0,2025-08-16 02:30:49,4,5,9,True,7.5,0.0,2.0,22.0,10.0,5,46.5,Medium,Medium,3 failed authentication events; 2 malware alerts; 1 credential-access alerts; 2 PowerShell alerts; 9 events after identity termination
EMP10250,vritti_bhalla72,R&D,Administrator,Active,1,0,3.0,0.0,1,1.0,36.0,95.0,1.0,2.0,5.0,1.0,1.0,1.0,2.0,2.0,0.0,1.0,0.0,0.0,0.0,2.0,,0,0,0,False,1.5,2.0,7.0,23.0,2.0,5,40.5,Medium,Medium,1 high-risk IAM events; 2 malware alerts; 2 credential-access alerts; 1 PowerShell alerts; 1 critical endpoint alerts; 1 unresolved critical alerts
EMP10251,aarini.memon10,IT,Director,Active,1,1,63.0,20.0,29,15.0,48.67,97.0,1.0,34.0,5.0,2.0,0.0,2.0,0.0,0.0,1.0,2.0,0.0,3.0,0.0,1.0,,0,0,0,False,20.0,20.0,10.0,12.0,4.0,8,74.0,High,High,"elevated authentication risk (20 failed auth, 29 MFA failures); 15 high-risk IAM events; 1 lateral-movement alerts; 2 PowerShell alerts; 2 critical endpoint alerts; 2 unresolved critical alerts"
EMP10252,darsh.bal9,R&D,Analyst,Active,0,1,4.0,0.0,0,1.0,55.0,85.0,1.0,3.0,2.0,1.0,1.0,1.0,0.0,0.0,0.0,1.0,0.0,1.0,0.0,2.0,,0,0,0,False,0.0,2.0,7.0,4.0,2.0,0,15.0,Low,Low,1 high-risk IAM events; 1 PowerShell alerts; 1 critical endpoint alerts; 1 unresolved critical alerts
EMP10253,forum.sharma83,Legal,Consultant,Active,1,1,5.0,1.0,1,1.0,66.67,91.0,1.0,4.0,2.0,0.0,1.0,0.0,1.0,1.0,0.0,0.0,1.0,0.0,0.0,1.0,,0,0,0,False,2.5,2.0,2.0,16.0,0.0,5,27.5,Medium,Medium,1 failed authentication events; 1 high-risk IAM events; 1 malware alerts; 1 credential-access alerts; 1 security-tampering alerts
EMP10254,wriddhish_arora70,Finance,Consultant,Active,1,1,4.0,0.0,1,0.0,48.67,64.0,1.0,3.0,3.0,0.0,1.0,0.0,2.0,0.0,1.0,0.0,0.0,0.0,0.0,1.0,,0,0,0,False,1.5,0.0,2.0,18.0,0.0,5,26.5,Medium,Medium,2 malware alerts; 1 lateral-movement alerts
EMP10255,jonathan.sem1,IT,Administrator,Active,1,1,5.0,1.0,1,1.0,52.2,73.0,1.0,3.0,2.0,1.0,0.0,1.0,1.0,0.0,0.0,1.0,0.0,0.0,0.0,1.0,,0,0,0,False,2.5,2.0,5.0,9.0,2.0,0,20.5,Low,Low,1 failed authentication events; 1 high-risk IAM events; 1 malware alerts; 1 PowerShell alerts; 1 critical endpoint alerts; 1 unresolved critical alerts
EMP10256,naveen.bhagat32,R&D,Consultant,Inactive,1,0,5.0,0.0,1,2.0,71.5,94.0,1.0,4.0,4.0,1.0,1.0,0.0,0.0,1.0,0.0,1.0,1.0,1.0,0.0,2.0,2026-03-08 19:50:49,3,4,7,True,1.5,4.0,7.0,14.0,10.0,0,36.5,Medium,Medium,2 high-risk IAM events; 1 credential-access alerts; 1 PowerShell alerts; 1 security-tampering alerts; 1 critical endpoint alerts; 7 events after identity termination
EMP10257,frederick.kaur54,Procurement,Analyst,Active,1,1,4.0,0.0,1,1.0,41.67,90.0,1.0,4.0,1.0,0.0,1.0,0.0,0.0,1.0,0.0,0.0,0.0,0.0,0.0,1.0,,0,0,0,False,1.5,2.0,2.0,6.0,0.0,0,11.5,Low,Low,1 high-risk IAM events; 1 credential-access alerts
EMP10258,qasim.mittal91,IT,Engineer,Active,1,1,3.0,1.0,2,0.0,41.67,49.0,1.0,1.0,3.0,0.0,0.0,0.0,0.0,1.0,0.0,0.0,0.0,1.0,0.0,1.0,,0,0,0,False,4.0,0.0,0.0,7.0,0.0,0,11.0,Low,Low,1 failed authentication events; 1 credential-access alerts
EMP10259,hemal.palla8,Finance,Officer,Active,1,1,4.0,2.0,0,1.0,71.0,100.0,1.0,3.0,2.0,0.0,1.0,0.0,1.0,1.0,0.0,1.0,1.0,0.0,0.0,1.0,,0,0,0,False,2.0,2.0,2.0,19.0,0.0,5,30.0,Medium,Medium,2 failed authentication events; 1 high-risk IAM events; 1 malware alerts; 1 credential-access alerts; 1 PowerShell alerts; 1 security-tampering alerts
EMP10260,aashi.bal42,Sales,Administrator,Active,1,1,3.0,1.0,0,0.0,40.0,55.0,1.0,1.0,3.0,0.0,0.0,0.0,0.0,0.0,1.0,0.0,0.0,0.0,0.0,1.0,,0,0,0,False,1.0,0.0,0.0,6.0,0.0,0,7.0,Low,Low,1 failed authentication events; 1 lateral-movement alerts
EMP10261,pavani.atwal76,Finance,Director,On Leave,1,1,9.0,1.0,2,1.0,34.5,90.0,1.0,6.0,3.0,0.0,0.0,0.0,0.0,0.0,1.0,0.0,0.0,1.0,0.0,1.0,,0,0,0,False,4.0,2.0,0.0,7.0,0.0,0,13.0,Low,Low,1 failed authentication events; 1 high-risk IAM events; 1 lateral-movement alerts
EMP10262,ekaraj_bhatnagar68,Operations,Director,Active,1,1,9.0,3.0,5,2.0,57.0,92.0,1.0,5.0,2.0,2.0,0.0,1.0,0.0,1.0,0.0,1.0,0.0,0.0,0.0,1.0,,0,0,0,False,10.5,4.0,10.0,9.0,2.0,5,40.5,Medium,Medium,"elevated authentication risk (3 failed auth, 5 MFA failures); 2 high-risk IAM events; 1 credential-access alerts; 1 PowerShell alerts; 2 critical endpoint alerts; 1 unresolved critical alerts"
EMP10263,tanish.issac29,Brand,Executive,Active,0,1,6.0,2.0,1,1.0,36.83,76.0,1.0,4.0,2.0,0.0,0.0,0.0,1.0,0.0,0.0,0.0,0.0,0.0,0.0,1.0,,0,0,0,False,3.5,2.0,0.0,6.0,0.0,0,11.5,Low,Low,2 failed authentication events; 1 high-risk IAM events; 1 malware alerts
EMP10264,laban.mangat50,Sales,Administrator,Active,1,1,7.0,1.0,1,2.0,56.0,90.0,1.0,4.0,4.0,0.0,3.0,0.0,1.0,0.0,0.0,1.0,0.0,2.0,0.0,1.0,,0,0,0,False,2.5,4.0,5.0,11.0,0.0,0,22.5,Low,Low,1 failed authentication events; 2 high-risk IAM events; 1 malware alerts; 1 PowerShell alerts
EMP10265,netra.wali12,Customer Support,Engineer,Active,1,1,5.0,3.0,4,2.0,52.0,89.0,1.0,1.0,3.0,0.0,0.0,0.0,1.0,0.0,0.0,1.0,0.0,0.0,0.0,1.0,,0,0,0,False,9.0,4.0,0.0,9.0,0.0,5,27.0,Medium,Medium,"elevated authentication risk (3 failed auth, 4 MFA failures); 2 high-risk IAM events; 1 malware alerts; 1 PowerShell alerts"
EMP10266,abhimanyu.gade25,Procurement,Officer,Inactive,1,1,3.0,1.0,1,0.0,14.5,24.0,1.0,2.0,2.0,0.0,0.0,0.0,0.0,0.0,2.0,0.0,0.0,0.0,0.0,1.0,2022-11-24 07:18:01,3,2,5,True,2.5,0.0,0.0,8.0,10.0,0,20.5,Low,Low,1 failed authentication events; 2 lateral-movement alerts; 5 events after identity termination
EMP10267,rohan.swaminathan95,People,Trainee,Active,1,0,4.0,2.0,2,2.0,91.5,92.0,1.0,2.0,5.0,2.0,1.0,1.0,3.0,0.0,0.0,1.0,0.0,1.0,0.0,2.0,,0,0,0,False,5.0,4.0,12.0,16.0,2.0,0,39.0,Medium,Medium,2 failed authentication events; 2 high-risk IAM events; 3 malware alerts; 1 PowerShell alerts; 2 critical endpoint alerts; 1 unresolved critical alerts
EMP10268,yagnesh.parikh71,Operations,Administrator,Active,1,1,5.0,4.0,4,2.0,64.33,76.0,1.0,2.0,3.0,1.0,1.0,0.0,0.0,2.0,1.0,1.0,0.0,0.0,0.0,1.0,,0,0,0,False,10.0,4.0,7.0,17.0,0.0,5,43.0,Medium,Medium,"elevated authentication risk (4 failed auth, 4 MFA failures); 2 high-risk IAM events; 2 credential-access alerts; 1 lateral-movement alerts; 1 PowerShell alerts; 1 critical endpoint alerts"
EMP10269,alexander.sachar64,R&D,Manager,Active,1,1,5.0,1.0,3,2.0,65.67,98.0,1.0,3.0,0.0,0.0,0.0,0.0,0.0,0.0,0.0,0.0,0.0,0.0,0.0,0.0,,0,0,0,False,5.5,4.0,0.0,0.0,0.0,0,9.5,Low,Low,1 failed authentication events; 2 high-risk IAM events
EMP10270,upkaar.doshi48,Operations,Director,Active,1,1,4.0,1.0,1,2.0,63.67,81.0,1.0,2.0,5.0,0.0,0.0,0.0,1.0,1.0,2.0,1.0,0.0,0.0,1.0,2.0,,0,0,0,False,2.5,4.0,0.0,23.0,0.0,10,39.5,Medium,Medium,1 failed authentication events; 2 high-risk IAM events; 1 malware alerts; 1 credential-access alerts; 2 lateral-movement alerts; 1 PowerShell alerts
EMP10271,,Legal,Administrator,Active,1,1,7.0,1.0,3,2.0,48.0,96.0,1.0,3.0,4.0,0.0,2.0,0.0,2.0,1.0,0.0,0.0,0.0,1.0,0.0,2.0,,0,0,0,False,5.5,4.0,4.0,19.0,0.0,5,37.5,Medium,Medium,1 failed authentication events; 2 high-risk IAM events; 2 malware alerts; 1 credential-access alerts
EMP10272,chandani.sane64,Customer Support,Consultant,Active,1,0,5.0,3.0,4,1.0,70.0,88.0,1.0,0.0,4.0,0.0,2.0,0.0,1.0,1.0,2.0,0.0,0.0,0.0,0.0,1.0,,0,0,0,False,9.0,2.0,4.0,20.0,0.0,10,45.0,Medium,Medium,"elevated authentication risk (3 failed auth, 4 MFA failures); 1 high-risk IAM events; 1 malware alerts; 1 credential-access alerts; 2 lateral-movement alerts"
EMP10273,reva.parsa46,Finance,Executive,Active,1,1,6.0,2.0,4,2.0,72.4,93.0,1.0,3.0,3.0,0.0,2.0,0.0,0.0,0.0,1.0,0.0,0.0,0.0,0.0,1.0,,0,0,0,False,8.0,4.0,4.0,6.0,0.0,5,27.0,Medium,Medium,"elevated authentication risk (2 failed auth, 4 MFA failures); 2 high-risk IAM events; 1 lateral-movement alerts"
EMP10274,liam.brar8,Customer Support,Analyst,Active,1,1,7.0,2.0,2,1.0,50.17,98.0,1.0,4.0,2.0,0.0,0.0,0.0,0.0,1.0,1.0,0.0,0.0,0.0,0.0,1.0,,0,0,0,False,5.0,2.0,0.0,12.0,0.0,0,19.0,Low,Low,2 failed authentication events; 1 high-risk IAM events; 1 credential-access alerts; 1 lateral-movement alerts
EMP10275,ira.ravi81,Sales,Manager,Active,0,0,7.0,2.0,5,1.0,53.67,83.0,1.0,3.0,1.0,0.0,1.0,0.0,0.0,0.0,0.0,0.0,0.0,0.0,0.0,1.0,,0,0,0,False,9.5,2.0,2.0,0.0,0.0,0,13.5,Low,Low,"elevated authentication risk (2 failed auth, 5 MFA failures); 1 high-risk IAM events"
EMP10276,manthan.bansal82,Procurement,Trainee,Active,1,0,3.0,0.0,0,1.0,57.5,97.0,1.0,3.0,3.0,0.0,0.0,0.0,1.0,0.0,1.0,0.0,0.0,1.0,0.0,1.0,,0,0,0,False,0.0,2.0,0.0,13.0,0.0,5,20.0,Low,Low,1 high-risk IAM events; 1 malware alerts; 1 lateral-movement alerts
EMP10277,januja.gera68,Marketing,Officer,Disabled,1,1,6.0,2.0,1,1.0,49.33,84.0,1.0,4.0,1.0,0.0,0.0,0.0,0.0,0.0,0.0,0.0,0.0,0.0,0.0,1.0,2025-12-03 18:25:40,5,1,6,True,3.5,2.0,0.0,0.0,10.0,0,15.5,Low,Low,2 failed authentication events; 1 high-risk IAM events; 6 events after identity termination
EMP10278,david.lad68,Finance,Engineer,Active,1,0,12.0,5.0,4,3.0,58.88,81.0,1.0,4.0,1.0,0.0,0.0,0.0,1.0,0.0,0.0,0.0,0.0,0.0,0.0,1.0,,0,0,0,False,11.0,11.0,0.0,6.0,0.0,8,36.0,Medium,Medium,"elevated authentication risk (5 failed auth, 4 MFA failures); 3 high-risk IAM events; 1 malware alerts"
EMP10279,rayaan.kari11,Operations,Director,On Leave,1,1,2.0,1.0,1,0.0,0.0,0.0,1.0,2.0,5.0,0.0,1.0,0.0,3.0,1.0,1.0,0.0,1.0,0.0,0.0,1.0,,0,0,0,False,2.5,0.0,2.0,28.0,0.0,10,42.5,Medium,Medium,1 failed authentication events; 3 malware alerts; 1 credential-access alerts; 1 lateral-movement alerts; 1 security-tampering alerts
EMP10280,naksh.wali11,IT,Manager,Active,1,1,9.0,4.0,5,2.0,61.4,100.0,1.0,5.0,1.0,0.0,0.0,0.0,0.0,0.0,0.0,0.0,1.0,0.0,0.0,1.0,,0,0,0,False,11.5,4.0,0.0,4.0,0.0,0,19.5,Low,Low,"elevated authentication risk (4 failed auth, 5 MFA failures); 2 high-risk IAM events; 1 security-tampering alerts"
EMP10281,wazir.tak22,People,Trainee,Disabled,1,1,8.0,1.0,2,1.0,45.43,70.0,1.0,3.0,4.0,2.0,0.0,1.0,2.0,1.0,1.0,1.0,0.0,0.0,0.0,1.0,,0,0,0,False,4.0,2.0,10.0,27.0,2.0,10,55.0,High,High,1 failed authentication events; 1 high-risk IAM events; 2 malware alerts; 1 credential-access alerts; 1 lateral-movement alerts; 1 PowerShell alerts; 2 critical endpoint alerts; 1 unresolved critical alerts
EMP10282,theodore_bajaj68,IT,Engineer,Active,1,1,7.0,4.0,3,2.0,38.0,81.0,1.0,5.0,1.0,0.0,0.0,0.0,0.0,1.0,0.0,0.0,0.0,0.0,0.0,1.0,,0,0,0,False,8.5,4.0,0.0,6.0,0.0,5,23.5,Low,Low,"elevated authentication risk (4 failed auth, 3 MFA failures); 2 high-risk IAM events; 1 credential-access alerts"
EMP10283,eshana.sahni88,Brand,Officer,Active,1,1,2.0,0.0,1,0.0,38.5,60.0,1.0,1.0,1.0,0.0,0.0,0.0,0.0,0.0,1.0,0.0,0.0,0.0,0.0,1.0,,0,0,0,False,1.5,0.0,0.0,6.0,0.0,0,7.5,Low,Low,1 lateral-movement alerts
EMP10284,nihal.kamdar76,Finance,Director,Active,1,1,6.0,3.0,1,1.0,45.33,93.0,1.0,5.0,2.0,0.0,1.0,0.0,1.0,1.0,0.0,0.0,0.0,0.0,0.0,2.0,,0,0,0,False,4.5,2.0,2.0,12.0,0.0,5,25.5,Medium,Medium,3 failed authentication events; 1 high-risk IAM events; 1 malware alerts; 1 credential-access alerts
EMP10285,varenya.nagar50,Customer Support,Consultant,Disabled,1,1,5.0,3.0,4,0.0,35.67,41.0,1.0,2.0,3.0,1.0,0.0,1.0,1.0,0.0,0.0,0.0,0.0,1.0,0.0,2.0,2026-05-25 02:26:00,4,2,6,True,9.0,0.0,5.0,7.0,12.0,5,38.0,Medium,Medium,"elevated authentication risk (3 failed auth, 4 MFA failures); 1 malware alerts; 1 critical endpoint alerts; 6 events after identity termination; 1 unresolved critical alerts"
EMP10286,hamsini.bandi7,Human Resources,Director,Active,1,0,3.0,3.0,2,0.0,35.5,42.0,1.0,1.0,2.0,0.0,2.0,0.0,1.0,0.0,0.0,1.0,0.0,0.0,0.0,2.0,,0,0,0,False,6.0,0.0,4.0,9.0,0.0,0,19.0,Low,Low,3 failed authentication events; 1 malware alerts; 1 PowerShell alerts
EMP10287,edhitha.muni51,Operations,Analyst,Active,1,1,4.0,2.0,2,2.0,84.0,94.0,1.0,3.0,4.0,0.0,0.0,0.0,1.0,0.0,0.0,0.0,0.0,1.0,1.0,1.0,,0,0,0,False,5.0,4.0,0.0,7.0,0.0,0,16.0,Low,Low,2 failed authentication events; 2 high-risk IAM events; 1 malware alerts
EMP10288,jyoti_guha56,Finance,Specialist,Active,1,1,5.0,3.0,2,2.0,69.25,100.0,1.0,1.0,3.0,0.0,0.0,0.0,1.0,1.0,1.0,0.0,0.0,0.0,0.0,1.0,,0,0,0,False,6.0,4.0,0.0,18.0,0.0,10,38.0,Medium,Medium,3 failed authentication events; 2 high-risk IAM events; 1 malware alerts; 1 credential-access alerts; 1 lateral-movement alerts
EMP10289,jonathan.narayanan92,Human Resources,Manager,Active,1,1,63.0,19.0,23,19.0,53.77,96.0,1.0,36.0,1.0,0.0,0.0,0.0,1.0,0.0,0.0,0.0,0.0,0.0,0.0,1.0,,0,0,0,False,20.0,20.0,0.0,6.0,0.0,8,54.0,High,High,"elevated authentication risk (19 failed auth, 23 MFA failures); 19 high-risk IAM events; 1 malware alerts"
EMP10290,lakshit.sule41,Operations,Manager,Active,1,0,4.0,1.0,2,1.0,49.0,86.0,1.0,3.0,5.0,0.0,2.0,0.0,2.0,0.0,1.0,2.0,1.0,1.0,1.0,2.0,,0,0,0,False,4.0,2.0,4.0,27.0,0.0,5,42.0,Medium,Medium,1 failed authentication events; 1 high-risk IAM events; 2 malware alerts; 1 lateral-movement alerts; 2 PowerShell alerts; 1 security-tampering alerts
EMP10291,upasna_krishnamurthy12,Finance,Director,Active,1,1,59.0,16.0,19,18.0,52.57,100.0,1.0,36.0,3.0,0.0,0.0,0.0,1.0,0.0,1.0,0.0,1.0,0.0,0.0,1.0,,0,0,0,False,20.0,20.0,0.0,16.0,0.0,10,66.0,High,High,"elevated authentication risk (16 failed auth, 19 MFA failures); 18 high-risk IAM events; 1 malware alerts; 1 lateral-movement alerts; 1 security-tampering alerts"
EMP10292,falguni.rajan71,Human Resources,Specialist,Active,1,1,9.0,1.0,5,3.0,55.25,93.0,1.0,8.0,5.0,0.0,1.0,0.0,5.0,0.0,0.0,0.0,1.0,0.0,0.0,1.0,,0,0,0,False,8.5,6.0,2.0,16.0,0.0,8,40.5,Medium,Medium,"elevated authentication risk (1 failed auth, 5 MFA failures); 3 high-risk IAM events; 5 malware alerts; 1 security-tampering alerts"
EMP10293,,Customer Support,Engineer,Active,1,1,5.0,3.0,4,0.0,44.75,64.0,1.0,2.0,2.0,0.0,1.0,0.0,0.0,0.0,0.0,1.0,0.0,1.0,0.0,1.0,,0,0,0,False,9.0,0.0,2.0,4.0,0.0,0,15.0,Low,Low,"elevated authentication risk (3 failed auth, 4 MFA failures); 1 PowerShell alerts"
EMP10294,ekavir.natarajan35,R&D,Executive,Active,1,0,2.0,1.0,1,0.0,12.0,12.0,1.0,1.0,0.0,0.0,0.0,0.0,0.0,0.0,0.0,0.0,0.0,0.0,0.0,0.0,,0,0,0,False,2.5,0.0,0.0,0.0,0.0,0,2.5,Low,Low,1 failed authentication events
EMP10295,eesha.parikh47,Marketing,Engineer,Active,1,0,4.0,1.0,0,2.0,74.67,100.0,1.0,2.0,3.0,0.0,1.0,0.0,2.0,0.0,0.0,0.0,0.0,0.0,0.0,1.0,,0,0,0,False,1.0,4.0,2.0,12.0,0.0,0,19.0,Low,Low,1 failed authentication events; 2 high-risk IAM events; 2 malware alerts
EMP10296,osha.kapur39,IT,Director,Disabled,1,1,78.0,34.0,37,22.0,54.65,100.0,1.0,48.0,4.0,1.0,1.0,1.0,1.0,0.0,1.0,0.0,0.0,2.0,0.0,1.0,2024-08-19 18:56:50,70,3,73,True,20.0,20.0,7.0,14.0,12.0,10,83.0,Critical,Critical,"elevated authentication risk (34 failed auth, 37 MFA failures); 22 high-risk IAM events; 1 malware alerts; 1 lateral-movement alerts; 1 critical endpoint alerts; 73 events after identity termination; 1 unresolved critical alerts"
EMP10297,simon.dara84,Supply Chain,Executive,Inactive,1,1,5.0,2.0,2,1.0,43.6,84.0,1.0,3.0,2.0,1.0,0.0,1.0,1.0,1.0,0.0,0.0,0.0,0.0,0.0,1.0,2023-03-21 22:10:00,3,2,5,True,5.0,2.0,5.0,12.0,12.0,5,41.0,Medium,Medium,2 failed authentication events; 1 high-risk IAM events; 1 malware alerts; 1 credential-access alerts; 1 critical endpoint alerts; 5 events after identity termination; 1 unresolved critical alerts
EMP10298,aradhana.yogi41,Marketing,Trainee,Active,1,0,68.0,26.0,27,15.0,44.77,100.0,1.0,40.0,1.0,0.0,1.0,0.0,0.0,1.0,0.0,0.0,0.0,0.0,0.0,1.0,,0,0,0,False,20.0,20.0,2.0,6.0,0.0,8,56.0,High,High,"elevated authentication risk (26 failed auth, 27 MFA failures); 15 high-risk IAM events; 1 credential-access alerts"
EMP10299,anmol.bhatt26,Procurement,Officer,Active,1,1,7.0,3.0,2,1.0,49.83,89.0,1.0,4.0,2.0,0.0,1.0,0.0,2.0,0.0,0.0,0.0,0.0,0.0,0.0,1.0,,0,0,0,False,6.0,2.0,2.0,12.0,0.0,0,22.0,Low,Low,3 failed authentication events; 1 high-risk IAM events; 2 malware alerts
EMP10300,adweta.kaur27,R&D,Administrator,Disabled,1,1,4.0,2.0,3,1.0,44.75,88.0,1.0,2.0,7.0,0.0,4.0,0.0,2.0,0.0,3.0,2.0,0.0,1.0,1.0,1.0,2024-01-27 08:46:54,2,7,9,True,6.5,2.0,5.0,25.0,10.0,5,53.5,High,High,2 failed authentication events; 1 high-risk IAM events; 2 malware alerts; 3 lateral-movement alerts; 2 PowerShell alerts; 9 events after identity termination
EMP10301,abeer.bhatnagar33,Finance,Director,Active,1,1,8.0,1.0,2,2.0,46.17,80.0,1.0,6.0,6.0,0.0,2.0,0.0,4.0,2.0,0.0,0.0,1.0,0.0,0.0,1.0,,0,0,0,False,4.0,4.0,4.0,24.0,0.0,5,41.0,Medium,Medium,1 failed authentication events; 2 high-risk IAM events; 4 malware alerts; 2 credential-access alerts; 1 security-tampering alerts
EMP10302,harrison_ramakrishnan69,Customer Support,Director,Active,1,1,6.0,2.0,4,1.0,38.5,89.0,1.0,2.0,4.0,1.0,1.0,0.0,2.0,0.0,0.0,0.0,1.0,1.0,0.0,1.0,,0,0,0,False,8.0,2.0,7.0,17.0,0.0,5,39.0,Medium,Medium,"elevated authentication risk (2 failed auth, 4 MFA failures); 1 high-risk IAM events; 2 malware alerts; 1 security-tampering alerts; 1 critical endpoint alerts"
EMP10303,yashvi.more14,Sales,Consultant,Active,1,1,4.0,3.0,4,2.0,62.0,89.0,1.0,4.0,0.0,0.0,0.0,0.0,0.0,0.0,0.0,0.0,0.0,0.0,0.0,0.0,,0,0,0,False,9.0,4.0,0.0,0.0,0.0,0,13.0,Low,Low,"elevated authentication risk (3 failed auth, 4 MFA failures); 2 high-risk IAM events"
EMP10304,tanay.bandi97,Operations,Director,Active,1,1,8.0,2.0,1,1.0,50.0,92.0,1.0,4.0,1.0,0.0,0.0,0.0,1.0,0.0,0.0,0.0,0.0,0.0,0.0,0.0,,0,0,0,False,3.5,2.0,0.0,6.0,0.0,0,11.5,Low,Low,2 failed authentication events; 1 high-risk IAM events; 1 malware alerts
EMP10305,raagini.naidu75,Procurement,Engineer,Active,1,0,5.0,2.0,3,1.0,50.0,84.0,1.0,3.0,2.0,1.0,0.0,1.0,1.0,0.0,0.0,0.0,1.0,1.0,0.0,2.0,,0,0,0,False,6.5,2.0,5.0,11.0,2.0,0,26.5,Medium,Medium,2 failed authentication events; 1 high-risk IAM events; 1 malware alerts; 1 security-tampering alerts; 1 critical endpoint alerts; 1 unresolved critical alerts
EMP10306,saanvi.loke20,Operations,Analyst,Active,1,1,7.0,2.0,3,3.0,55.67,91.0,1.0,3.0,2.0,0.0,1.0,0.0,2.0,0.0,0.0,0.0,0.0,0.0,0.0,1.0,,0,0,0,False,6.5,6.0,2.0,12.0,0.0,3,29.5,Medium,Medium,2 failed authentication events; 3 high-risk IAM events; 2 malware alerts
EMP10307,gavin.rama19,Operations,Administrator,Active,1,1,7.0,3.0,4,1.0,42.67,99.0,1.0,3.0,6.0,0.0,2.0,0.0,3.0,0.0,1.0,1.0,1.0,0.0,0.0,2.0,,0,0,0,False,9.0,2.0,4.0,25.0,0.0,10,50.0,High,High,"elevated authentication risk (3 failed auth, 4 MFA failures); 1 high-risk IAM events; 3 malware alerts; 1 lateral-movement alerts; 1 PowerShell alerts; 1 security-tampering alerts"
EMP10308,teerth.seshadri93,R&D,Consultant,Disabled,1,0,6.0,3.0,5,0.0,42.67,60.0,1.0,3.0,4.0,0.0,1.0,0.0,2.0,0.0,0.0,0.0,0.0,2.0,0.0,1.0,2023-11-24 11:07:31,5,3,8,True,10.5,0.0,2.0,14.0,10.0,5,41.5,Medium,Medium,"elevated authentication risk (3 failed auth, 5 MFA failures); 2 malware alerts; 8 events after identity termination"
EMP10309,hardik.dani22,Sales,Officer,Active,0,0,3.0,2.0,2,1.0,35.33,94.0,1.0,2.0,3.0,0.0,2.0,0.0,1.0,2.0,0.0,0.0,0.0,0.0,0.0,1.0,,0,0,0,False,5.0,2.0,4.0,14.0,0.0,5,30.0,Medium,Medium,2 failed authentication events; 1 high-risk IAM events; 1 malware alerts; 2 credential-access alerts
EMP10310,gabriel.trivedi30,Legal,Executive,Active,1,1,6.0,0.0,3,3.0,65.75,100.0,1.0,5.0,3.0,0.0,1.0,0.0,0.0,0.0,1.0,1.0,1.0,1.0,0.0,1.0,,0,0,0,False,4.5,6.0,2.0,14.0,0.0,3,29.5,Medium,Medium,3 high-risk IAM events; 1 lateral-movement alerts; 1 PowerShell alerts; 1 security-tampering alerts
EMP10311,lakshmi.golla58,Procurement,Director,Active,1,1,5.0,0.0,2,0.0,31.5,66.0,1.0,2.0,3.0,1.0,0.0,1.0,1.0,1.0,0.0,1.0,0.0,0.0,0.0,1.0,,0,0,0,False,3.0,0.0,5.0,15.0,2.0,5,30.0,Medium,Medium,1 malware alerts; 1 credential-access alerts; 1 PowerShell alerts; 1 critical endpoint alerts; 1 unresolved critical alerts
EMP10312,urmi.bansal9,Supply Chain,Manager,Active,1,1,5.0,1.0,1,1.0,61.5,98.0,1.0,2.0,2.0,0.0,1.0,0.0,1.0,0.0,0.0,2.0,0.0,0.0,0.0,1.0,,0,0,0,False,2.5,2.0,2.0,10.0,0.0,0,16.5,Low,Low,1 failed authentication events; 1 high-risk IAM events; 1 malware alerts; 2 PowerShell alerts
EMP10313,nathaniel.seshadri86,R&D,Officer,Active,1,1,6.0,1.0,2,3.0,67.83,97.0,1.0,5.0,2.0,0.0,2.0,0.0,2.0,0.0,0.0,0.0,0.0,0.0,0.0,1.0,,0,0,0,False,4.0,6.0,4.0,12.0,0.0,0,26.0,Medium,Medium,1 failed authentication events; 3 high-risk IAM events; 2 malware alerts
EMP10314,girindra.dhaliwal46,R&D,Specialist,Inactive,1,1,2.0,0.0,1,1.0,73.0,73.0,1.0,1.0,4.0,1.0,0.0,1.0,1.0,0.0,1.0,1.0,0.0,1.0,0.0,1.0,2025-04-21 15:06:37,1,4,5,True,1.5,2.0,5.0,16.0,12.0,5,41.5,Medium,Medium,1 high-risk IAM events; 1 malware alerts; 1 lateral-movement alerts; 1 PowerShell alerts; 1 critical endpoint alerts; 5 events after identity termination; 1 unresolved critical alerts
EMP10315,girindra.pathak40,Human Resources,Executive,Active,1,1,4.0,0.0,1,1.0,71.0,97.0,1.0,3.0,4.0,0.0,2.0,0.0,1.0,0.0,2.0,0.0,0.0,1.0,1.0,2.0,,0,0,0,False,1.5,2.0,4.0,15.0,0.0,5,27.5,Medium,Medium,1 high-risk IAM events; 1 malware alerts; 2 lateral-movement alerts
EMP10316,keya.basu50,Legal,Executive,Active,1,1,7.0,3.0,2,0.0,18.0,52.0,1.0,4.0,4.0,1.0,2.0,1.0,1.0,1.0,1.0,0.0,0.0,0.0,0.0,1.0,,0,0,0,False,6.0,0.0,9.0,18.0,2.0,10,45.0,Medium,Medium,3 failed authentication events; 1 malware alerts; 1 credential-access alerts; 1 lateral-movement alerts; 1 critical endpoint alerts; 1 unresolved critical alerts
EMP10317,girik.merchant23,Customer Support,Executive,Active,1,1,12.0,9.0,7,5.0,67.67,98.0,1.0,5.0,5.0,0.0,5.0,0.0,1.0,0.0,0.0,1.0,0.0,0.0,0.0,1.0,,0,0,0,False,19.0,15.0,5.0,9.0,0.0,8,56.0,High,High,"elevated authentication risk (9 failed auth, 7 MFA failures); 5 high-risk IAM events; 1 malware alerts; 1 PowerShell alerts"
EMP10318,saumya.mody46,IT,Trainee,Inactive,1,1,5.0,3.0,2,0.0,39.2,50.0,1.0,3.0,4.0,0.0,0.0,0.0,1.0,1.0,0.0,1.0,0.0,0.0,0.0,1.0,,0,0,0,False,6.0,0.0,0.0,15.0,0.0,5,26.0,Medium,Medium,3 failed authentication events; 1 malware alerts; 1 credential-access alerts; 1 PowerShell alerts
EMP10319,hredhaan.nagi88,R&D,Director,Active,1,1,8.0,2.0,3,3.0,59.4,96.0,1.0,3.0,1.0,0.0,1.0,0.0,0.0,1.0,0.0,0.0,0.0,0.0,0.0,1.0,,0,0,0,False,6.5,6.0,2.0,6.0,0.0,3,23.5,Low,Low,2 failed authentication events; 3 high-risk IAM events; 1 credential-access alerts
EMP10320,hredhaan.tank29,Marketing,Analyst,Active,1,1,6.0,1.0,1,2.0,48.0,91.0,1.0,4.0,2.0,0.0,1.0,0.0,1.0,0.0,0.0,0.0,0.0,1.0,0.0,1.0,,0,0,0,False,2.5,4.0,2.0,7.0,0.0,0,15.5,Low,Low,1 failed authentication events; 2 high-risk IAM events; 1 malware alerts
EMP10321,kalpit.mody99,R&D,Officer,Active,1,1,7.0,1.0,1,3.0,63.0,76.0,1.0,3.0,2.0,0.0,0.0,0.0,0.0,0.0,0.0,1.0,0.0,1.0,0.0,1.0,,0,0,0,False,2.5,6.0,0.0,4.0,0.0,0,12.5,Low,Low,1 failed authentication events; 3 high-risk IAM events; 1 PowerShell alerts
EMP10322,bakhshi.dora47,Customer Support,Analyst,Active,1,1,77.0,16.0,29,18.0,52.02,99.0,1.0,52.0,1.0,0.0,0.0,0.0,1.0,0.0,0.0,0.0,0.0,0.0,0.0,1.0,,0,0,0,False,20.0,20.0,0.0,6.0,0.0,8,54.0,High,High,"elevated authentication risk (16 failed auth, 29 MFA failures); 18 high-risk IAM events; 1 malware alerts"
EMP10323,mohini.dani84,Sales,Administrator,Active,1,1,5.0,4.0,4,4.0,72.4,83.0,1.0,2.0,4.0,0.0,3.0,0.0,1.0,2.0,0.0,1.0,1.0,1.0,0.0,1.0,,0,0,0,False,10.0,8.0,5.0,22.0,0.0,10,55.0,High,High,"elevated authentication risk (4 failed auth, 4 MFA failures); 4 high-risk IAM events; 1 malware alerts; 2 credential-access alerts; 1 PowerShell alerts; 1 security-tampering alerts"
EMP10324,hemal.menon31,Sales,Specialist,Active,1,0,4.0,3.0,1,2.0,79.67,98.0,1.0,0.0,3.0,0.0,0.0,0.0,0.0,1.0,0.0,2.0,0.0,0.0,0.0,1.0,,0,0,0,False,4.5,4.0,0.0,10.0,0.0,0,18.5,Low,Low,3 failed authentication events; 2 high-risk IAM events; 1 credential-access alerts; 2 PowerShell alerts
EMP10325,liam.tandon27,Sales,Analyst,Active,1,1,5.0,0.0,1,0.0,33.0,61.0,1.0,4.0,1.0,0.0,0.0,0.0,0.0,0.0,0.0,1.0,0.0,0.0,0.0,0.0,,0,0,0,False,1.5,0.0,0.0,3.0,0.0,0,4.5,Low,Low,1 PowerShell alerts
EMP10326,zarna.rao38,Marketing,Specialist,Disabled,1,1,6.0,3.0,4,1.0,49.5,89.0,1.0,3.0,1.0,0.0,0.0,0.0,0.0,1.0,0.0,0.0,0.0,0.0,0.0,1.0,,0,0,0,False,9.0,2.0,0.0,6.0,0.0,5,22.0,Low,Low,"elevated authentication risk (3 failed auth, 4 MFA failures); 1 high-risk IAM events; 1 credential-access alerts"
EMP10327,tanish.setty8,Marketing,Executive,Active,1,1,8.0,4.0,3,1.0,49.25,89.0,1.0,3.0,3.0,0.0,0.0,0.0,1.0,1.0,0.0,1.0,0.0,1.0,0.0,2.0,,0,0,0,False,8.5,2.0,0.0,16.0,0.0,10,36.5,Medium,Medium,"elevated authentication risk (4 failed auth, 3 MFA failures); 1 high-risk IAM events; 1 malware alerts; 1 credential-access alerts; 1 PowerShell alerts"
EMP10328,radha.sidhu98,Legal,Trainee,Active,1,1,6.0,4.0,5,2.0,44.6,98.0,1.0,1.0,2.0,0.0,0.0,0.0,0.0,0.0,1.0,2.0,0.0,0.0,0.0,1.0,,0,0,0,False,11.5,4.0,0.0,10.0,0.0,5,30.5,Medium,Medium,"elevated authentication risk (4 failed auth, 5 MFA failures); 2 high-risk IAM events; 1 lateral-movement alerts; 2 PowerShell alerts"
EMP10329,ucchal_dey82,Human Resources,Director,Active,1,0,3.0,2.0,2,1.0,81.0,81.0,1.0,2.0,0.0,0.0,0.0,0.0,0.0,0.0,0.0,0.0,0.0,0.0,0.0,0.0,,0,0,0,False,5.0,2.0,0.0,0.0,0.0,0,7.0,Low,Low,2 failed authentication events; 1 high-risk IAM events
EMP10330,madhavi.saraf42,Procurement,Analyst,Active,1,1,6.0,2.0,1,2.0,73.33,99.0,1.0,4.0,6.0,1.0,2.0,0.0,3.0,0.0,0.0,1.0,1.0,1.0,0.0,1.0,,0,0,0,False,3.5,4.0,9.0,20.0,0.0,0,36.5,Medium,Medium,2 failed authentication events; 2 high-risk IAM events; 3 malware alerts; 1 PowerShell alerts; 1 security-tampering alerts; 1 critical endpoint alerts
EMP10331,janaki.hegde46,Human Resources,Officer,Disabled,1,1,6.0,1.0,2,1.0,52.5,80.0,1.0,4.0,1.0,0.0,0.0,0.0,0.0,0.0,1.0,0.0,0.0,0.0,0.0,1.0,2025-05-31 13:44:10,6,1,7,True,4.0,2.0,0.0,6.0,10.0,0,22.0,Low,Low,1 failed authentication events; 1 high-risk IAM events; 1 lateral-movement alerts; 7 events after identity termination
EMP10332,,Procurement,Trainee,Active,1,1,4.0,1.0,0,1.0,53.67,98.0,1.0,2.0,2.0,1.0,0.0,1.0,2.0,0.0,0.0,0.0,2.0,0.0,0.0,1.0,,0,0,0,False,1.0,2.0,5.0,17.0,2.0,0,27.0,Medium,Medium,1 failed authentication events; 1 high-risk IAM events; 2 malware alerts; 2 security-tampering alerts; 1 critical endpoint alerts; 1 unresolved critical alerts
EMP10333,hitesh.khanna59,IT,Manager,Active,1,1,6.0,2.0,3,1.0,34.75,76.0,1.0,4.0,7.0,1.0,0.0,1.0,3.0,1.0,0.0,2.0,1.0,0.0,0.0,1.0,,0,0,0,False,6.5,2.0,5.0,26.0,2.0,5,46.5,Medium,Medium,2 failed authentication events; 1 high-risk IAM events; 3 malware alerts; 1 credential-access alerts; 2 PowerShell alerts; 1 security-tampering alerts; 1 critical endpoint alerts; 1 unresolved critical alerts
EMP10334,waida.arora17,Marketing,Executive,Active,1,0,2.0,0.0,0,0.0,39.0,39.0,1.0,2.0,1.0,0.0,0.0,0.0,0.0,0.0,0.0,1.0,0.0,0.0,0.0,1.0,,0,0,0,False,0.0,0.0,0.0,3.0,0.0,0,3.0,Low,Low,1 PowerShell alerts
EMP10335,fariq.saxena84,Finance,Analyst,Active,1,1,9.0,3.0,3,4.0,44.0,88.0,1.0,6.0,2.0,0.0,0.0,0.0,1.0,0.0,0.0,0.0,0.0,1.0,0.0,2.0,,0,0,0,False,7.5,8.0,0.0,7.0,0.0,3,25.5,Medium,Medium,3 failed authentication events; 4 high-risk IAM events; 1 malware alerts
EMP10336,umang.radhakrishnan12,Human Resources,Analyst,Active,1,0,5.0,0.0,1,1.0,51.75,72.0,1.0,4.0,4.0,0.0,3.0,0.0,0.0,2.0,0.0,2.0,1.0,0.0,0.0,1.0,,0,0,0,False,1.5,2.0,5.0,16.0,0.0,0,24.5,Medium,Medium,1 high-risk IAM events; 2 credential-access alerts; 2 PowerShell alerts; 1 security-tampering alerts
EMP10337,lucky.balakrishnan2,IT,Consultant,Active,1,1,6.0,2.0,3,0.0,26.5,65.0,1.0,3.0,4.0,1.0,1.0,1.0,1.0,1.0,1.0,0.0,0.0,1.0,0.0,1.0,,0,0,0,False,6.5,0.0,7.0,19.0,2.0,10,44.5,Medium,Medium,2 failed authentication events; 1 malware alerts; 1 credential-access alerts; 1 lateral-movement alerts; 1 critical endpoint alerts; 1 unresolved critical alerts
EMP10338,kamya.chopra12,Human Resources,Manager,Active,1,1,2.0,0.0,0,0.0,34.0,48.0,1.0,2.0,1.0,0.0,0.0,0.0,0.0,1.0,0.0,0.0,0.0,0.0,0.0,1.0,,0,0,0,False,0.0,0.0,0.0,6.0,0.0,0,6.0,Low,Low,1 credential-access alerts
EMP10339,amara.mitter83,Finance,Manager,Active,1,1,6.0,3.0,3,1.0,63.0,93.0,1.0,4.0,4.0,0.0,1.0,0.0,1.0,1.0,0.0,1.0,0.0,0.0,1.0,2.0,,0,0,0,False,7.5,2.0,2.0,15.0,0.0,5,31.5,Medium,Medium,3 failed authentication events; 1 high-risk IAM events; 1 malware alerts; 1 credential-access alerts; 1 PowerShell alerts
EMP10340,prisha.venkataraman28,Finance,Director,Disabled,1,1,5.0,0.0,3,2.0,45.6,76.0,1.0,5.0,1.0,0.0,1.0,0.0,1.0,0.0,0.0,0.0,1.0,0.0,0.0,1.0,,0,0,0,False,4.5,4.0,2.0,10.0,0.0,0,20.5,Low,Low,2 high-risk IAM events; 1 malware alerts; 1 security-tampering alerts
EMP10341,yashawini.warrior76,Legal,Consultant,Active,1,1,5.0,1.0,3,1.0,45.0,86.0,1.0,3.0,3.0,0.0,0.0,0.0,0.0,1.0,0.0,1.0,0.0,1.0,0.0,1.0,,0,0,0,False,5.5,2.0,0.0,10.0,0.0,0,17.5,Low,Low,1 failed authentication events; 1 high-risk IAM events; 1 credential-access alerts; 1 PowerShell alerts
EMP10342,harita.bhasin77,Supply Chain,Specialist,Disabled,1,1,4.0,1.0,1,0.0,22.67,41.0,1.0,3.0,2.0,0.0,0.0,0.0,2.0,0.0,0.0,0.0,1.0,0.0,0.0,1.0,,0,0,0,False,2.5,0.0,0.0,16.0,0.0,0,18.5,Low,Low,1 failed authentication events; 2 malware alerts; 1 security-tampering alerts
EMP10343,ayaan.kala66,Sales,Director,Disabled,0,1,3.0,2.0,1,1.0,54.67,72.0,1.0,2.0,5.0,0.0,2.0,0.0,1.0,0.0,2.0,0.0,1.0,1.0,0.0,2.0,2022-12-29 21:20:26,3,5,8,True,3.5,2.0,4.0,19.0,10.0,5,43.5,Medium,Medium,2 failed authentication events; 1 high-risk IAM events; 1 malware alerts; 2 lateral-movement alerts; 1 security-tampering alerts; 8 events after identity termination
EMP10344,frado.sheth77,Human Resources,Officer,Active,1,1,5.0,2.0,1,2.0,56.8,80.0,1.0,3.0,2.0,0.0,1.0,0.0,1.0,0.0,1.0,0.0,0.0,0.0,0.0,1.0,,0,0,0,False,3.5,4.0,2.0,12.0,0.0,5,26.5,Medium,Medium,2 failed authentication events; 2 high-risk IAM events; 1 malware alerts; 1 lateral-movement alerts
EMP10345,samar.setty88,Finance,Trainee,Active,1,0,3.0,1.0,2,1.0,63.5,81.0,1.0,2.0,2.0,1.0,1.0,0.0,1.0,0.0,0.0,0.0,0.0,1.0,0.0,1.0,,0,0,0,False,4.0,2.0,7.0,7.0,0.0,0,20.0,Low,Low,1 failed authentication events; 1 high-risk IAM events; 1 malware alerts; 1 critical endpoint alerts
EMP10346,dipta_oza8,Legal,Officer,Active,1,1,6.0,1.0,3,2.0,64.6,99.0,1.0,3.0,3.0,0.0,2.0,0.0,1.0,0.0,1.0,1.0,0.0,0.0,0.0,1.0,,0,0,0,False,5.5,4.0,4.0,15.0,0.0,5,33.5,Medium,Medium,1 failed authentication events; 2 high-risk IAM events; 1 malware alerts; 1 lateral-movement alerts; 1 PowerShell alerts
EMP10347,jacob.chadha82,Customer Support,Officer,Active,1,1,7.0,1.0,2,2.0,59.83,87.0,1.0,4.0,1.0,1.0,0.0,1.0,0.0,0.0,0.0,0.0,0.0,1.0,0.0,1.0,,0,0,0,False,4.0,4.0,5.0,1.0,2.0,0,16.0,Low,Low,1 failed authentication events; 2 high-risk IAM events; 1 critical endpoint alerts; 1 unresolved critical alerts
EMP10348,nirja.wable20,Customer Support,Consultant,Active,1,1,6.0,3.0,0,1.0,37.0,71.0,1.0,1.0,3.0,0.0,0.0,0.0,1.0,1.0,0.0,1.0,0.0,0.0,0.0,1.0,,0,0,0,False,3.0,2.0,0.0,15.0,0.0,5,25.0,Medium,Medium,3 failed authentication events; 1 high-risk IAM events; 1 malware alerts; 1 credential-access alerts; 1 PowerShell alerts
EMP10349,vedant.kashyap40,Legal,Engineer,Inactive,1,1,5.0,2.0,1,2.0,50.5,89.0,1.0,4.0,1.0,0.0,0.0,0.0,1.0,0.0,0.0,0.0,0.0,0.0,0.0,1.0,2026-03-01 22:25:16,4,0,4,True,3.5,4.0,0.0,6.0,10.0,0,23.5,Low,Low,2 failed authentication events; 2 high-risk IAM events; 1 malware alerts; 4 events after identity termination
EMP10350,ansh.majumdar95,Finance,Manager,Active,1,1,6.0,0.0,3,1.0,36.4,80.0,1.0,4.0,5.0,0.0,1.0,0.0,2.0,0.0,1.0,1.0,0.0,0.0,0.0,1.0,,0,0,0,False,4.5,2.0,2.0,21.0,0.0,5,34.5,Medium,Medium,1 high-risk IAM events; 2 malware alerts; 1 lateral-movement alerts; 1 PowerShell alerts
EMP10351,rudra.chakraborty67,Customer Support,Administrator,Active,1,1,3.0,1.0,2,1.0,66.5,78.0,1.0,1.0,2.0,1.0,0.0,0.0,1.0,1.0,0.0,0.0,1.0,0.0,0.0,1.0,,0,0,0,False,4.0,2.0,5.0,16.0,0.0,5,32.0,Medium,Medium,1 failed authentication events; 1 high-risk IAM events; 1 malware alerts; 1 credential-access alerts; 1 security-tampering alerts; 1 critical endpoint alerts
EMP10352,anya.bahl99,IT,Consultant,Active,1,1,10.0,4.0,4,2.0,46.14,96.0,1.0,6.0,3.0,0.0,0.0,0.0,1.0,0.0,0.0,1.0,0.0,1.0,0.0,1.0,,0,0,0,False,10.0,4.0,0.0,10.0,0.0,5,29.0,Medium,Medium,"elevated authentication risk (4 failed auth, 4 MFA failures); 2 high-risk IAM events; 1 malware alerts; 1 PowerShell alerts"
EMP10353,lajita.rao81,People,Trainee,Active,1,1,6.0,2.0,3,1.0,56.25,79.0,1.0,3.0,2.0,1.0,0.0,0.0,1.0,1.0,0.0,0.0,0.0,0.0,0.0,1.0,,0,0,0,False,6.5,2.0,5.0,12.0,0.0,5,30.5,Medium,Medium,2 failed authentication events; 1 high-risk IAM events; 1 malware alerts; 1 credential-access alerts; 1 critical endpoint alerts
EMP10354,nidra.mall33,Human Resources,Specialist,Active,1,0,5.0,2.0,3,1.0,60.33,88.0,1.0,3.0,1.0,0.0,0.0,0.0,0.0,0.0,1.0,0.0,0.0,0.0,0.0,1.0,,0,0,0,False,6.5,2.0,0.0,6.0,0.0,0,14.5,Low,Low,2 failed authentication events; 1 high-risk IAM events; 1 lateral-movement alerts
EMP10355,kavya.bajwa2,Sales,Analyst,Inactive,1,1,7.0,3.0,1,1.0,42.57,83.0,1.0,3.0,4.0,0.0,1.0,0.0,1.0,3.0,0.0,0.0,0.0,0.0,0.0,1.0,,0,0,0,False,4.5,2.0,2.0,14.0,0.0,5,27.5,Medium,Medium,3 failed authentication events; 1 high-risk IAM events; 1 malware alerts; 3 credential-access alerts
EMP10356,samaksh.munshi71,Legal,Engineer,Inactive,1,1,6.0,0.0,0,0.0,48.0,66.0,1.0,3.0,2.0,0.0,1.0,0.0,0.0,0.0,0.0,2.0,0.0,0.0,0.0,1.0,2023-01-19 23:55:59,5,2,7,True,0.0,0.0,2.0,4.0,10.0,0,16.0,Low,Low,2 PowerShell alerts; 7 events after identity termination
EMP10357,bahadurjit.hegde65,IT,Executive,Inactive,1,1,1.0,0.0,1,0.0,17.0,17.0,1.0,0.0,3.0,1.0,1.0,1.0,2.0,0.0,0.0,0.0,0.0,0.0,0.0,1.0,,0,0,0,False,1.5,0.0,7.0,12.0,2.0,0,22.5,Low,Low,2 malware alerts; 1 critical endpoint alerts; 1 unresolved critical alerts
EMP10358,anirudh.kapoor37,Marketing,Consultant,Active,1,1,3.0,2.0,1,0.0,68.0,68.0,1.0,1.0,1.0,0.0,0.0,0.0,0.0,0.0,0.0,1.0,0.0,0.0,0.0,1.0,,0,0,0,False,3.5,0.0,0.0,3.0,0.0,0,6.5,Low,Low,2 failed authentication events; 1 PowerShell alerts
EMP10359,vidhi.saini39,Procurement,Engineer,Inactive,1,1,5.0,4.0,1,1.0,56.5,99.0,1.0,3.0,3.0,0.0,2.0,0.0,0.0,0.0,1.0,1.0,0.0,0.0,0.0,1.0,,0,0,0,False,5.5,2.0,4.0,9.0,0.0,0,20.5,Low,Low,4 failed authentication events; 1 high-risk IAM events; 1 lateral-movement alerts; 1 PowerShell alerts
EMP10360,nitara.bedi94,Customer Support,Engineer,Active,1,1,3.0,1.0,2,1.0,52.67,91.0,1.0,2.0,3.0,0.0,0.0,0.0,1.0,0.0,1.0,0.0,0.0,1.0,0.0,2.0,,0,0,0,False,4.0,2.0,0.0,13.0,0.0,5,24.0,Low,Low,1 failed authentication events; 1 high-risk IAM events; 1 malware alerts; 1 lateral-movement alerts
EMP10361,onkar.butala89,IT,Consultant,Disabled,1,1,9.0,1.0,2,1.0,36.14,73.0,1.0,5.0,1.0,0.0,0.0,0.0,0.0,0.0,1.0,1.0,0.0,0.0,1.0,1.0,2026-04-18 00:00:00,9,1,10,True,4.0,2.0,0.0,9.0,10.0,0,25.0,Medium,Medium,1 failed authentication events; 1 high-risk IAM events; 1 lateral-movement alerts; 1 PowerShell alerts; 10 events after identity termination
EMP10362,libni.rau54,Innovation,Analyst,Active,1,1,5.0,2.0,2,2.0,57.25,96.0,1.0,2.0,2.0,0.0,0.0,0.0,0.0,0.0,1.0,0.0,0.0,0.0,0.0,1.0,,0,0,0,False,5.0,4.0,0.0,6.0,0.0,0,15.0,Low,Low,2 failed authentication events; 2 high-risk IAM events; 1 lateral-movement alerts
EMP10363,chatura.krishnan67,Legal,Consultant,Active,1,1,5.0,0.0,0,2.0,74.5,94.0,1.0,5.0,1.0,0.0,0.0,0.0,0.0,0.0,0.0,1.0,1.0,0.0,0.0,1.0,,0,0,0,False,0.0,4.0,0.0,7.0,0.0,0,11.0,Low,Low,2 high-risk IAM events; 1 PowerShell alerts; 1 security-tampering alerts
EMP10364,brijesh.golla51,Human Resources,Specialist,Active,1,0,7.0,4.0,3,0.0,32.0,49.0,1.0,3.0,1.0,0.0,0.0,0.0,1.0,0.0,0.0,0.0,0.0,0.0,0.0,0.0,,0,0,0,False,8.5,0.0,0.0,6.0,0.0,5,19.5,Low,Low,"elevated authentication risk (4 failed auth, 3 MFA failures); 1 malware alerts"
EMP10365,qushi.patla41,Legal,Consultant,Active,1,1,5.0,1.0,4,1.0,59.0,97.0,1.0,3.0,5.0,0.0,1.0,0.0,2.0,0.0,0.0,0.0,0.0,3.0,0.0,1.0,,0,0,0,False,7.0,2.0,2.0,14.0,0.0,0,25.0,Medium,Medium,1 failed authentication events; 1 high-risk IAM events; 2 malware alerts
EMP10366,zinal.saha75,Human Resources,Executive,Active,1,0,6.0,0.0,2,0.0,47.67,56.0,1.0,6.0,2.0,0.0,1.0,0.0,0.0,1.0,1.0,0.0,1.0,0.0,0.0,1.0,,0,0,0,False,3.0,0.0,2.0,16.0,0.0,0,21.0,Low,Low,1 credential-access alerts; 1 lateral-movement alerts; 1 security-tampering alerts
EMP10367,abeer.nori99,Sales,Trainee,Disabled,1,1,3.0,1.0,1,1.0,38.67,77.0,1.0,2.0,1.0,0.0,0.0,0.0,1.0,0.0,0.0,0.0,0.0,0.0,0.0,1.0,2026-08-09 10:13:37,3,1,4,True,2.5,2.0,0.0,6.0,10.0,0,20.5,Low,Low,1 failed authentication events; 1 high-risk IAM events; 1 malware alerts; 4 events after identity termination
EMP10368,turvi.sarkar90,Supply Chain,Analyst,Active,1,1,6.0,2.0,3,3.0,69.25,96.0,1.0,2.0,4.0,0.0,0.0,0.0,0.0,0.0,3.0,1.0,0.0,0.0,0.0,1.0,,0,0,0,False,6.5,6.0,0.0,11.0,0.0,3,26.5,Medium,Medium,2 failed authentication events; 3 high-risk IAM events; 3 lateral-movement alerts; 1 PowerShell alerts
EMP10369,jasmit.buch51,Customer Support,Analyst,Disabled,1,0,5.0,0.0,2,1.0,55.0,80.0,1.0,3.0,1.0,0.0,0.0,0.0,1.0,0.0,0.0,0.0,0.0,0.0,0.0,1.0,2024-12-01 14:11:00,5,1,6,True,3.0,2.0,0.0,6.0,10.0,0,21.0,Low,Low,1 high-risk IAM events; 1 malware alerts; 6 events after identity termination
EMP10370,tejas.dhaliwal72,Customer Support,Engineer,Disabled,1,1,3.0,1.0,1,0.0,37.33,49.0,1.0,3.0,2.0,1.0,0.0,1.0,0.0,0.0,0.0,0.0,1.0,1.0,0.0,1.0,2021-09-17 22:06:43,3,2,5,True,2.5,0.0,5.0,5.0,12.0,0,24.5,Medium,Medium,1 failed authentication events; 1 security-tampering alerts; 1 critical endpoint alerts; 5 events after identity termination; 1 unresolved critical alerts
EMP10371,oviya.wason29,Finance,Engineer,Active,1,1,7.0,4.0,3,0.0,32.67,60.0,1.0,3.0,5.0,0.0,1.0,0.0,1.0,0.0,1.0,3.0,0.0,0.0,0.0,1.0,,0,0,0,False,8.5,0.0,2.0,16.0,0.0,10,36.5,Medium,Medium,"elevated authentication risk (4 failed auth, 3 MFA failures); 1 malware alerts; 1 lateral-movement alerts; 3 PowerShell alerts"
EMP10372,madhav.sood34,People,Analyst,Active,1,1,11.0,4.0,3,2.0,51.0,97.0,1.0,5.0,1.0,0.0,0.0,0.0,0.0,0.0,1.0,0.0,0.0,0.0,0.0,1.0,,0,0,0,False,8.5,4.0,0.0,6.0,0.0,5,23.5,Low,Low,"elevated authentication risk (4 failed auth, 3 MFA failures); 2 high-risk IAM events; 1 lateral-movement alerts"
EMP10373,teerth.sandal43,People,Analyst,Inactive,1,0,5.0,2.0,2,0.0,30.0,54.0,1.0,4.0,1.0,0.0,0.0,0.0,1.0,0.0,0.0,1.0,0.0,0.0,0.0,0.0,2025-05-13 09:05:54,4,1,5,True,5.0,0.0,0.0,9.0,10.0,0,24.0,Low,Low,2 failed authentication events; 1 malware alerts; 1 PowerShell alerts; 5 events after identity termination
EMP10374,hemani_venkataraman88,Legal,Executive,Active,1,1,6.0,3.0,4,0.0,24.5,49.0,1.0,4.0,4.0,0.0,1.0,0.0,0.0,0.0,0.0,1.0,0.0,2.0,0.0,1.0,,0,0,0,False,9.0,0.0,2.0,5.0,0.0,0,16.0,Low,Low,"elevated authentication risk (3 failed auth, 4 MFA failures); 1 PowerShell alerts"
EMP10375,daniel.bhat5,Supply Chain,Specialist,Active,1,1,5.0,1.0,1,3.0,70.5,100.0,1.0,4.0,1.0,0.0,0.0,0.0,1.0,0.0,0.0,0.0,0.0,0.0,0.0,1.0,,0,0,0,False,2.5,6.0,0.0,6.0,0.0,0,14.5,Low,Low,1 failed authentication events; 3 high-risk IAM events; 1 malware alerts
EMP10376,bhanumati.chandran62,IT,Manager,Active,1,1,7.0,2.0,1,1.0,53.75,86.0,1.0,5.0,1.0,0.0,0.0,0.0,1.0,0.0,0.0,0.0,0.0,0.0,0.0,1.0,,0,0,0,False,3.5,2.0,0.0,6.0,0.0,0,11.5,Low,Low,2 failed authentication events; 1 high-risk IAM events; 1 malware alerts
EMP10377,,Sales,Officer,Disabled,1,1,5.0,1.0,1,2.0,55.0,93.0,1.0,3.0,1.0,0.0,0.0,0.0,0.0,1.0,0.0,1.0,0.0,0.0,0.0,0.0,2026-05-18 15:21:07,3,1,4,True,2.5,4.0,0.0,9.0,10.0,0,25.5,Medium,Medium,1 failed authentication events; 2 high-risk IAM events; 1 credential-access alerts; 1 PowerShell alerts; 4 events after identity termination
EMP10378,falguni.gera65,Operations,Director,Active,1,1,7.0,5.0,6,1.0,55.75,94.0,1.0,3.0,6.0,0.0,1.0,0.0,0.0,2.0,1.0,2.0,0.0,1.0,0.0,1.0,,0,0,0,False,14.0,2.0,2.0,19.0,0.0,5,42.0,Medium,Medium,"elevated authentication risk (5 failed auth, 6 MFA failures); 1 high-risk IAM events; 2 credential-access alerts; 1 lateral-movement alerts; 2 PowerShell alerts"
EMP10379,tejas.nagy36,IT,Trainee,Inactive,1,1,4.0,0.0,0,0.0,33.25,67.0,1.0,4.0,1.0,0.0,0.0,0.0,0.0,0.0,0.0,0.0,0.0,0.0,0.0,1.0,,0,0,0,False,0.0,0.0,0.0,0.0,0.0,0,0.0,Low,Low,No high-priority risk drivers
EMP10380,thomas.barad31,Marketing,Officer,Active,1,0,6.0,0.0,3,5.0,80.83,100.0,1.0,1.0,3.0,0.0,0.0,0.0,2.0,0.0,0.0,0.0,1.0,1.0,0.0,1.0,,0,0,0,False,4.5,10.0,0.0,17.0,0.0,3,34.5,Medium,Medium,5 high-risk IAM events; 2 malware alerts; 1 security-tampering alerts
EMP10381,tanveer.sankar50,Operations,Executive,Active,1,0,1.0,1.0,1,0.0,16.0,16.0,1.0,1.0,2.0,0.0,0.0,0.0,0.0,0.0,1.0,0.0,0.0,0.0,0.0,1.0,,0,0,0,False,2.5,0.0,0.0,6.0,0.0,0,8.5,Low,Low,1 failed authentication events; 1 lateral-movement alerts
EMP10382,janani.deep4,Operations,Specialist,Inactive,1,1,4.0,2.0,1,1.0,93.0,93.0,1.0,2.0,2.0,0.0,0.0,0.0,1.0,0.0,0.0,1.0,0.0,0.0,0.0,2.0,,0,0,0,False,3.5,2.0,0.0,9.0,0.0,0,14.5,Low,Low,2 failed authentication events; 1 high-risk IAM events; 1 malware alerts; 1 PowerShell alerts
EMP10383,krishna.oak8,Sales,Specialist,Active,1,0,11.0,2.0,2,1.0,29.33,81.0,1.0,9.0,3.0,0.0,2.0,0.0,2.0,0.0,0.0,1.0,0.0,1.0,0.0,1.0,,0,0,0,False,5.0,2.0,4.0,16.0,0.0,0,27.0,Medium,Medium,2 failed authentication events; 1 high-risk IAM events; 2 malware alerts; 1 PowerShell alerts
EMP10384,,Finance,Consultant,Active,1,1,3.0,2.0,2,0.0,35.0,41.0,1.0,0.0,2.0,1.0,0.0,1.0,0.0,0.0,0.0,2.0,0.0,0.0,0.0,1.0,,0,0,0,False,5.0,0.0,5.0,4.0,2.0,0,16.0,Low,Low,2 failed authentication events; 2 PowerShell alerts; 1 critical endpoint alerts; 1 unresolved critical alerts
EMP10385,max.varghese15,Customer Support,Consultant,Active,1,0,5.0,1.0,1,0.0,50.4,65.0,1.0,3.0,4.0,0.0,0.0,0.0,1.0,1.0,1.0,1.0,0.0,0.0,0.0,2.0,,0,0,0,False,2.5,0.0,0.0,21.0,0.0,10,33.5,Medium,Medium,1 failed authentication events; 1 malware alerts; 1 credential-access alerts; 1 lateral-movement alerts; 1 PowerShell alerts
EMP10386,ikshita.bains18,Finance,Director,Active,1,0,8.0,3.0,2,0.0,30.5,49.0,1.0,6.0,2.0,0.0,2.0,0.0,0.0,0.0,0.0,0.0,0.0,1.0,0.0,1.0,,0,0,0,False,6.0,0.0,4.0,1.0,0.0,0,11.0,Low,Low,3 failed authentication events
EMP10387,abhimanyu.atwal89,Supply Chain,Consultant,Disabled,1,1,4.0,2.0,3,1.0,33.0,86.0,1.0,2.0,4.0,0.0,2.0,0.0,3.0,1.0,0.0,0.0,0.0,0.0,0.0,1.0,2026-02-23 03:26:47,4,4,8,True,6.5,2.0,4.0,18.0,10.0,5,45.5,Medium,Medium,2 failed authentication events; 1 high-risk IAM events; 3 malware alerts; 1 credential-access alerts; 8 events after identity termination
EMP10388,kamala.kar94,IT,Specialist,Active,1,1,3.0,1.0,2,0.0,67.0,67.0,1.0,1.0,1.0,0.0,0.0,0.0,1.0,0.0,0.0,1.0,0.0,0.0,0.0,1.0,,0,0,0,False,4.0,0.0,0.0,9.0,0.0,0,13.0,Low,Low,1 failed authentication events; 1 malware alerts; 1 PowerShell alerts
EMP10389,manbir.toor79,Sales,Specialist,Active,1,1,5.0,3.0,2,0.0,45.0,68.0,1.0,3.0,4.0,0.0,1.0,0.0,2.0,0.0,1.0,0.0,0.0,1.0,0.0,1.0,,0,0,0,False,6.0,0.0,2.0,19.0,0.0,5,32.0,Medium,Medium,3 failed authentication events; 2 malware alerts; 1 lateral-movement alerts
EMP10390,girish.balakrishnan22,People,Consultant,Active,1,1,7.0,4.0,3,2.0,50.4,89.0,1.0,5.0,1.0,0.0,1.0,0.0,0.0,0.0,0.0,0.0,0.0,1.0,0.0,1.0,,0,0,0,False,8.5,4.0,2.0,1.0,0.0,0,15.5,Low,Low,"elevated authentication risk (4 failed auth, 3 MFA failures); 2 high-risk IAM events"
EMP10391,chaman.bhakta14,IT,Analyst,On Leave,1,1,10.0,5.0,7,3.0,53.0,83.0,1.0,7.0,1.0,0.0,0.0,0.0,0.0,0.0,0.0,1.0,0.0,0.0,0.0,1.0,,0,0,0,False,15.0,11.0,0.0,3.0,0.0,3,32.0,Medium,Medium,"elevated authentication risk (5 failed auth, 7 MFA failures); 3 high-risk IAM events; 1 PowerShell alerts"
EMP10392,gaurav.dey45,Customer Support,Director,Active,1,1,8.0,2.0,3,2.0,49.33,83.0,1.0,7.0,0.0,0.0,0.0,0.0,0.0,0.0,0.0,0.0,0.0,0.0,0.0,0.0,,0,0,0,False,6.5,4.0,0.0,0.0,0.0,0,10.5,Low,Low,2 failed authentication events; 2 high-risk IAM events
EMP10393,aarini.deep10,IT,Administrator,On Leave,1,1,66.0,21.0,26,14.0,55.12,98.0,1.0,38.0,2.0,0.0,2.0,0.0,0.0,0.0,1.0,1.0,0.0,1.0,0.0,1.0,,0,0,0,False,20.0,20.0,4.0,10.0,0.0,8,62.0,High,High,"elevated authentication risk (21 failed auth, 26 MFA failures); 14 high-risk IAM events; 1 lateral-movement alerts; 1 PowerShell alerts"
EMP10394,kiaan.suri21,Human Resources,Officer,Inactive,1,1,4.0,2.0,1,1.0,42.0,75.0,1.0,3.0,9.0,2.0,3.0,2.0,4.0,2.0,2.0,1.0,0.0,1.0,1.0,2.0,,0,0,0,False,3.5,2.0,15.0,30.0,4.0,10,64.5,High,High,2 failed authentication events; 1 high-risk IAM events; 4 malware alerts; 2 credential-access alerts; 2 lateral-movement alerts; 1 PowerShell alerts; 2 critical endpoint alerts; 2 unresolved critical alerts
EMP10395,charles.saini84,Finance,Specialist,Active,1,1,6.0,3.0,3,2.0,56.0,98.0,1.0,3.0,1.0,0.0,0.0,0.0,0.0,1.0,0.0,0.0,0.0,0.0,0.0,0.0,,0,0,0,False,7.5,4.0,0.0,6.0,0.0,0,17.5,Low,Low,3 failed authentication events; 2 high-risk IAM events; 1 credential-access alerts
EMP10396,bhavini.bhakta53,Customer Support,Officer,Active,1,0,6.0,0.0,1,2.0,44.2,84.0,1.0,4.0,2.0,0.0,0.0,0.0,1.0,1.0,0.0,1.0,0.0,0.0,0.0,1.0,,0,0,0,False,1.5,4.0,0.0,15.0,0.0,5,25.5,Medium,Medium,2 high-risk IAM events; 1 malware alerts; 1 credential-access alerts; 1 PowerShell alerts
EMP10397,kala.jani71,R&D,Executive,Active,1,1,4.0,1.0,1,1.0,63.0,92.0,1.0,4.0,4.0,0.0,2.0,0.0,2.0,1.0,0.0,1.0,0.0,0.0,0.0,2.0,,0,0,0,False,2.5,2.0,4.0,21.0,0.0,5,34.5,Medium,Medium,1 failed authentication events; 1 high-risk IAM events; 2 malware alerts; 1 credential-access alerts; 1 PowerShell alerts
EMP10398,lila.mall81,Procurement,Trainee,Active,1,0,4.0,3.0,3,1.0,68.5,89.0,1.0,3.0,4.0,0.0,1.0,0.0,2.0,1.0,1.0,0.0,1.0,0.0,0.0,1.0,,0,0,0,False,7.5,2.0,2.0,28.0,0.0,10,49.5,High,High,3 failed authentication events; 1 high-risk IAM events; 2 malware alerts; 1 credential-access alerts; 1 lateral-movement alerts; 1 security-tampering alerts
EMP10399,dipta.date61,Human Resources,Administrator,Active,1,0,10.0,2.0,1,0.0,38.0,68.0,1.0,6.0,1.0,0.0,0.0,0.0,0.0,0.0,0.0,0.0,0.0,0.0,0.0,1.0,,0,0,0,False,3.5,0.0,0.0,0.0,0.0,0,3.5,Low,Low,2 failed authentication events
EMP10400,hemang.rana70,Legal,Executive,Active,1,1,5.0,1.0,3,1.0,43.2,85.0,1.0,2.0,4.0,0.0,0.0,0.0,2.0,1.0,0.0,1.0,1.0,0.0,0.0,2.0,,0,0,0,False,5.5,2.0,0.0,25.0,0.0,5,37.5,Medium,Medium,1 failed authentication events; 1 high-risk IAM events; 2 malware alerts; 1 credential-access alerts; 1 PowerShell alerts; 1 security-tampering alerts
EMP10401,bhavna.sandal34,Sales,Administrator,Active,1,0,10.0,2.0,2,2.0,41.57,84.0,1.0,7.0,1.0,1.0,0.0,0.0,1.0,0.0,0.0,0.0,0.0,0.0,0.0,1.0,,0,0,0,False,5.0,4.0,5.0,6.0,0.0,0,20.0,Low,Low,2 failed authentication events; 2 high-risk IAM events; 1 malware alerts; 1 critical endpoint alerts
EMP10402,bhavini.gaba45,Customer Support,Director,Active,1,1,6.0,0.0,0,0.0,48.5,62.0,1.0,4.0,3.0,0.0,1.0,0.0,2.0,0.0,1.0,0.0,0.0,0.0,0.0,1.0,,0,0,0,False,0.0,0.0,2.0,18.0,0.0,5,25.0,Medium,Medium,2 malware alerts; 1 lateral-movement alerts
EMP10403,ethan.setty54,Customer Support,Trainee,Active,1,1,7.0,2.0,2,0.0,38.0,66.0,1.0,4.0,6.0,0.0,2.0,0.0,1.0,0.0,3.0,2.0,1.0,0.0,1.0,2.0,,0,0,0,False,5.0,0.0,4.0,22.0,0.0,5,36.0,Medium,Medium,2 failed authentication events; 1 malware alerts; 3 lateral-movement alerts; 2 PowerShell alerts; 1 security-tampering alerts
EMP10404,yochana.kannan92,IT,Officer,Active,1,0,8.0,1.0,1,3.0,68.83,98.0,1.0,3.0,2.0,0.0,0.0,0.0,0.0,0.0,0.0,1.0,0.0,0.0,0.0,1.0,,0,0,0,False,2.5,6.0,0.0,3.0,0.0,0,11.5,Low,Low,1 failed authentication events; 3 high-risk IAM events; 1 PowerShell alerts
EMP10405,nidhi.sankar58,Finance,Executive,Active,1,0,8.0,3.0,4,2.0,38.33,77.0,1.0,5.0,2.0,0.0,0.0,0.0,0.0,0.0,0.0,0.0,0.0,0.0,0.0,2.0,,0,0,0,False,9.0,4.0,0.0,0.0,0.0,0,13.0,Low,Low,"elevated authentication risk (3 failed auth, 4 MFA failures); 2 high-risk IAM events"
EMP10406,vedhika.goda56,Sales,Executive,Active,1,1,4.0,1.0,2,1.0,43.0,81.0,1.0,4.0,0.0,0.0,0.0,0.0,0.0,0.0,0.0,0.0,0.0,0.0,0.0,0.0,,0,0,0,False,4.0,2.0,0.0,0.0,0.0,0,6.0,Low,Low,1 failed authentication events; 1 high-risk IAM events
EMP10407,abha_agrawal9,Human Resources,Director,Active,1,1,6.0,1.0,3,1.0,67.67,99.0,1.0,6.0,3.0,0.0,0.0,0.0,1.0,1.0,0.0,1.0,0.0,0.0,0.0,2.0,,0,0,0,False,5.5,2.0,0.0,15.0,0.0,5,27.5,Medium,Medium,1 failed authentication events; 1 high-risk IAM events; 1 malware alerts; 1 credential-access alerts; 1 PowerShell alerts
EMP10408,akshay.sarraf2,Procurement,Specialist,Active,1,1,74.0,13.0,26,22.0,53.96,98.0,1.0,45.0,2.0,0.0,1.0,0.0,1.0,0.0,1.0,0.0,0.0,0.0,0.0,1.0,,0,0,0,False,20.0,20.0,2.0,12.0,0.0,10,64.0,High,High,"elevated authentication risk (13 failed auth, 26 MFA failures); 22 high-risk IAM events; 1 malware alerts; 1 lateral-movement alerts"
EMP10409,nihal.balasubramanian98,People,Manager,Inactive,1,1,6.0,4.0,3,0.0,50.67,66.0,1.0,5.0,0.0,0.0,0.0,0.0,0.0,0.0,0.0,0.0,0.0,0.0,0.0,0.0,,0,0,0,False,8.5,0.0,0.0,0.0,0.0,0,8.5,Low,Low,"elevated authentication risk (4 failed auth, 3 MFA failures)"
EMP10410,onveer.om63,Supply Chain,Specialist,Active,1,1,2.0,0.0,0,1.0,62.0,90.0,1.0,2.0,4.0,0.0,0.0,0.0,1.0,1.0,1.0,1.0,0.0,0.0,0.0,1.0,,0,0,0,False,0.0,2.0,0.0,21.0,0.0,10,33.0,Medium,Medium,1 high-risk IAM events; 1 malware alerts; 1 credential-access alerts; 1 lateral-movement alerts; 1 PowerShell alerts
EMP10411,shivani.pillay89,Legal,Analyst,Active,1,1,6.0,1.0,2,1.0,44.2,97.0,1.0,4.0,3.0,0.0,0.0,0.0,2.0,0.0,0.0,0.0,0.0,0.0,0.0,1.0,,0,0,0,False,4.0,2.0,0.0,12.0,0.0,0,18.0,Low,Low,1 failed authentication events; 1 high-risk IAM events; 2 malware alerts
EMP10412,rohan.dada48,IT,Consultant,Active,1,0,1.0,1.0,1,0.0,0.0,0.0,1.0,0.0,3.0,0.0,2.0,0.0,1.0,0.0,1.0,1.0,0.0,0.0,0.0,1.0,,0,0,0,False,2.5,0.0,4.0,15.0,0.0,5,26.5,Medium,Medium,1 failed authentication events; 1 malware alerts; 1 lateral-movement alerts; 1 PowerShell alerts
EMP10413,rushil.sunder88,People,Engineer,Active,1,0,4.0,0.0,1,0.0,33.5,35.0,1.0,4.0,1.0,0.0,0.0,0.0,1.0,0.0,0.0,1.0,0.0,0.0,1.0,1.0,,0,0,0,False,1.5,0.0,0.0,9.0,0.0,0,10.5,Low,Low,1 malware alerts; 1 PowerShell alerts
EMP10414,garima.bedi78,People,Engineer,Active,1,1,7.0,3.0,2,1.0,44.25,88.0,1.0,3.0,5.0,0.0,1.0,0.0,1.0,0.0,2.0,2.0,0.0,0.0,1.0,1.0,,0,0,0,False,6.0,2.0,2.0,18.0,0.0,5,33.0,Medium,Medium,3 failed authentication events; 1 high-risk IAM events; 1 malware alerts; 2 lateral-movement alerts; 2 PowerShell alerts
EMP10415,hredhaan.dave8,Customer Support,Executive,Active,1,1,4.0,1.0,0,1.0,53.5,76.0,1.0,2.0,1.0,0.0,1.0,0.0,1.0,0.0,0.0,0.0,0.0,0.0,0.0,1.0,,0,0,0,False,1.0,2.0,2.0,6.0,0.0,0,11.0,Low,Low,1 failed authentication events; 1 high-risk IAM events; 1 malware alerts
EMP10416,arunima.tata4,Finance,Engineer,Active,1,1,3.0,1.0,1,1.0,51.33,95.0,1.0,2.0,2.0,0.0,1.0,0.0,1.0,0.0,0.0,0.0,0.0,1.0,0.0,1.0,,0,0,0,False,2.5,2.0,2.0,7.0,0.0,0,13.5,Low,Low,1 failed authentication events; 1 high-risk IAM events; 1 malware alerts
EMP10417,falguni.borde91,Sales,Administrator,Active,1,0,8.0,0.0,1,1.0,42.0,78.0,1.0,6.0,1.0,0.0,0.0,0.0,0.0,0.0,0.0,1.0,0.0,0.0,0.0,1.0,,0,0,0,False,1.5,2.0,0.0,3.0,0.0,0,6.5,Low,Low,1 high-risk IAM events; 1 PowerShell alerts
EMP10418,jairaj.arora48,R&D,Specialist,Active,1,1,6.0,1.0,2,1.0,31.33,71.0,1.0,4.0,3.0,0.0,0.0,0.0,1.0,0.0,2.0,0.0,1.0,0.0,0.0,1.0,,0,0,0,False,4.0,2.0,0.0,18.0,0.0,5,29.0,Medium,Medium,1 failed authentication events; 1 high-risk IAM events; 1 malware alerts; 2 lateral-movement alerts; 1 security-tampering alerts
EMP10419,upkaar.dave34,Human Resources,Administrator,Active,1,1,4.0,3.0,2,0.0,49.25,61.0,1.0,2.0,1.0,0.0,0.0,0.0,1.0,0.0,0.0,0.0,0.0,0.0,0.0,1.0,,0,0,0,False,6.0,0.0,0.0,6.0,0.0,0,12.0,Low,Low,3 failed authentication events; 1 malware alerts
EMP10420,yauvani_narasimhan28,Sales,Engineer,Active,1,1,5.0,2.0,2,0.0,18.25,33.0,1.0,3.0,7.0,0.0,0.0,0.0,2.0,1.0,1.0,1.0,1.0,1.0,0.0,1.0,,0,0,0,False,5.0,0.0,0.0,30.0,0.0,10,45.0,Medium,Medium,2 failed authentication events; 2 malware alerts; 1 credential-access alerts; 1 lateral-movement alerts; 1 PowerShell alerts; 1 security-tampering alerts
EMP10421,omya.tailor99,IT,Trainee,Active,0,1,3.0,1.0,0,0.0,6.0,7.0,1.0,2.0,4.0,1.0,0.0,0.0,1.0,0.0,1.0,1.0,1.0,0.0,0.0,2.0,,0,0,0,False,1.0,0.0,5.0,19.0,0.0,5,30.0,Medium,Medium,1 failed authentication events; 1 malware alerts; 1 lateral-movement alerts; 1 PowerShell alerts; 1 security-tampering alerts; 1 critical endpoint alerts
EMP10422,yuvraj.bahl40,Brand,Director,Active,1,0,4.0,1.0,0,1.0,67.33,77.0,1.0,3.0,3.0,0.0,2.0,0.0,1.0,0.0,0.0,0.0,0.0,1.0,0.0,2.0,,0,0,0,False,1.0,2.0,4.0,7.0,0.0,0,14.0,Low,Low,1 failed authentication events; 1 high-risk IAM events; 1 malware alerts
EMP10423,bahadurjit.dyal80,Legal,Specialist,On Leave,1,1,7.0,3.0,2,2.0,62.5,98.0,1.0,4.0,1.0,0.0,0.0,0.0,0.0,0.0,0.0,0.0,0.0,1.0,0.0,1.0,,0,0,0,False,6.0,4.0,0.0,1.0,0.0,0,11.0,Low,Low,3 failed authentication events; 2 high-risk IAM events
EMP10424,eesha.basu78,Brand,Administrator,Active,1,1,7.0,2.0,3,1.0,59.67,73.0,1.0,4.0,2.0,1.0,0.0,1.0,2.0,0.0,0.0,0.0,0.0,0.0,0.0,2.0,,0,0,0,False,6.5,2.0,5.0,12.0,2.0,0,27.5,Medium,Medium,2 failed authentication events; 1 high-risk IAM events; 2 malware alerts; 1 critical endpoint alerts; 1 unresolved critical alerts
EMP10425,shivani.bajaj36,Marketing,Administrator,Active,1,1,5.0,4.0,3,2.0,67.0,93.0,1.0,2.0,0.0,0.0,0.0,0.0,0.0,0.0,0.0,0.0,0.0,0.0,0.0,0.0,,0,0,0,False,8.5,4.0,0.0,0.0,0.0,0,12.5,Low,Low,"elevated authentication risk (4 failed auth, 3 MFA failures); 2 high-risk IAM events"
EMP10426,banjeet.mishra77,Legal,Consultant,Active,1,1,7.0,3.0,3,1.0,40.33,81.0,1.0,2.0,3.0,0.0,1.0,0.0,1.0,0.0,1.0,0.0,1.0,0.0,0.0,1.0,,0,0,0,False,7.5,2.0,2.0,16.0,0.0,5,32.5,Medium,Medium,3 failed authentication events; 1 high-risk IAM events; 1 malware alerts; 1 lateral-movement alerts; 1 security-tampering alerts
EMP10427,mahika.sura52,Legal,Analyst,Disabled,1,1,3.0,2.0,1,0.0,30.67,56.0,1.0,1.0,1.0,0.0,0.0,0.0,1.0,0.0,0.0,0.0,0.0,0.0,0.0,1.0,2023-11-12 14:41:25,2,1,3,True,3.5,0.0,0.0,6.0,9.0,0,18.5,Low,Low,2 failed authentication events; 1 malware alerts; 3 events after identity termination
EMP10428,chaitanya.pingle61,Operations,Officer,Inactive,1,1,6.0,1.0,0,0.0,12.6,32.0,1.0,3.0,1.0,0.0,0.0,0.0,0.0,0.0,0.0,1.0,0.0,0.0,0.0,1.0,,0,0,0,False,1.0,0.0,0.0,3.0,0.0,0,4.0,Low,Low,1 failed authentication events; 1 PowerShell alerts
EMP10429,dominic.sood93,Customer Support,Executive,Active,1,1,1.0,1.0,0,0.0,6.0,6.0,1.0,0.0,3.0,1.0,0.0,0.0,0.0,2.0,1.0,1.0,0.0,0.0,0.0,1.0,,0,0,0,False,1.0,0.0,5.0,17.0,0.0,0,23.0,Low,Low,1 failed authentication events; 2 credential-access alerts; 1 lateral-movement alerts; 1 PowerShell alerts; 1 critical endpoint alerts
EMP10430,dhruv.bose40,Compliance,Consultant,Active,1,1,1.0,0.0,0,1.0,81.0,81.0,1.0,1.0,3.0,0.0,1.0,0.0,1.0,1.0,0.0,1.0,1.0,0.0,0.0,2.0,,0,0,0,False,0.0,2.0,2.0,19.0,0.0,5,28.0,Medium,Medium,1 high-risk IAM events; 1 malware alerts; 1 credential-access alerts; 1 PowerShell alerts; 1 security-tampering alerts
EMP10431,girik.salvi82,Procurement,Specialist,Inactive,1,1,5.0,1.0,2,1.0,55.6,92.0,1.0,3.0,4.0,0.0,2.0,0.0,0.0,2.0,1.0,1.0,0.0,1.0,1.0,1.0,2025-11-17 00:00:00,5,3,8,True,4.0,2.0,4.0,18.0,10.0,0,38.0,Medium,Medium,1 failed authentication events; 1 high-risk IAM events; 2 credential-access alerts; 1 lateral-movement alerts; 1 PowerShell alerts; 8 events after identity termination
EMP10432,omya.gole7,Finance,Executive,Inactive,1,1,6.0,3.0,4,1.0,34.33,97.0,1.0,3.0,2.0,0.0,1.0,0.0,1.0,0.0,1.0,0.0,0.0,0.0,0.0,1.0,,0,0,0,False,9.0,2.0,2.0,12.0,0.0,10,35.0,Medium,Medium,"elevated authentication risk (3 failed auth, 4 MFA failures); 1 high-risk IAM events; 1 malware alerts; 1 lateral-movement alerts"
EMP10433,nandini.ravel92,Finance,Manager,Inactive,0,1,9.0,2.0,2,0.0,23.57,62.0,1.0,3.0,4.0,1.0,0.0,0.0,2.0,1.0,0.0,0.0,0.0,0.0,0.0,1.0,,0,0,0,False,5.0,0.0,5.0,18.0,0.0,5,33.0,Medium,Medium,2 failed authentication events; 2 malware alerts; 1 credential-access alerts; 1 critical endpoint alerts
EMP10434,wyatt.narang58,Marketing,Engineer,Active,1,1,6.0,1.0,2,1.0,57.33,83.0,1.0,5.0,3.0,0.0,0.0,0.0,0.0,0.0,0.0,2.0,1.0,0.0,0.0,1.0,,0,0,0,False,4.0,2.0,0.0,8.0,0.0,0,14.0,Low,Low,1 failed authentication events; 1 high-risk IAM events; 2 PowerShell alerts; 1 security-tampering alerts
EMP10435,triveni.palla12,Finance,Specialist,Active,1,1,10.0,3.0,3,3.0,46.0,86.0,1.0,4.0,4.0,0.0,0.0,0.0,1.0,1.0,1.0,1.0,0.0,0.0,0.0,1.0,,0,0,0,False,7.5,6.0,0.0,21.0,0.0,10,44.5,Medium,Medium,3 failed authentication events; 3 high-risk IAM events; 1 malware alerts; 1 credential-access alerts; 1 lateral-movement alerts; 1 PowerShell alerts
EMP10436,omkaar_pau69,Sales,Consultant,Active,1,1,8.0,2.0,4,2.0,51.8,76.0,1.0,5.0,4.0,0.0,2.0,0.0,1.0,0.0,1.0,1.0,0.0,0.0,0.0,1.0,,0,0,0,False,8.0,4.0,4.0,15.0,0.0,10,41.0,Medium,Medium,"elevated authentication risk (2 failed auth, 4 MFA failures); 2 high-risk IAM events; 1 malware alerts; 1 lateral-movement alerts; 1 PowerShell alerts"
EMP10437,wazir.parikh32,Sales,Consultant,Active,1,1,6.0,2.0,2,2.0,59.5,86.0,1.0,3.0,4.0,0.0,0.0,0.0,2.0,0.0,1.0,1.0,0.0,0.0,0.0,1.0,,0,0,0,False,5.0,4.0,0.0,21.0,0.0,5,35.0,Medium,Medium,2 failed authentication events; 2 high-risk IAM events; 2 malware alerts; 1 lateral-movement alerts; 1 PowerShell alerts
EMP10438,urmi.gulati6,Marketing,Administrator,Active,1,0,5.0,2.0,2,1.0,42.75,74.0,1.0,2.0,3.0,1.0,0.0,1.0,0.0,0.0,1.0,2.0,0.0,1.0,0.0,1.0,,0,0,0,False,5.0,2.0,5.0,11.0,2.0,0,25.0,Medium,Medium,2 failed authentication events; 1 high-risk IAM events; 1 lateral-movement alerts; 2 PowerShell alerts; 1 critical endpoint alerts; 1 unresolved critical alerts
EMP10439,william.sankaran18,Operations,Trainee,Inactive,0,1,2.0,1.0,1,0.0,47.5,55.0,1.0,1.0,5.0,0.0,3.0,0.0,2.0,1.0,2.0,1.0,1.0,0.0,0.0,1.0,,0,0,0,False,2.5,0.0,5.0,30.0,0.0,10,47.5,Medium,Medium,1 failed authentication events; 2 malware alerts; 1 credential-access alerts; 2 lateral-movement alerts; 1 PowerShell alerts; 1 security-tampering alerts
EMP10440,laksh.kari28,IT,Specialist,Active,0,0,5.0,1.0,1,2.0,52.6,96.0,1.0,3.0,4.0,0.0,0.0,0.0,4.0,0.0,0.0,0.0,0.0,0.0,0.0,1.0,,0,0,0,False,2.5,4.0,0.0,12.0,0.0,0,18.5,Low,Low,1 failed authentication events; 2 high-risk IAM events; 4 malware alerts
EMP10441,utkarsh.dass49,Marketing,Officer,Inactive,1,1,10.0,4.0,5,5.0,59.33,92.0,1.0,4.0,2.0,0.0,1.0,0.0,0.0,0.0,1.0,0.0,0.0,1.0,0.0,1.0,,0,0,0,False,11.5,10.0,2.0,7.0,0.0,8,38.5,Medium,Medium,"elevated authentication risk (4 failed auth, 5 MFA failures); 5 high-risk IAM events; 1 lateral-movement alerts"
EMP10442,darpan.kapur3,IT,Manager,Active,1,1,2.0,0.0,0,1.0,53.5,76.0,1.0,1.0,1.0,1.0,0.0,0.0,0.0,0.0,1.0,0.0,0.0,0.0,0.0,1.0,,0,0,0,False,0.0,2.0,5.0,6.0,0.0,0,13.0,Low,Low,1 high-risk IAM events; 1 lateral-movement alerts; 1 critical endpoint alerts
EMP10443,tejas.raghavan27,IT,Administrator,Active,1,1,5.0,2.0,2,2.0,61.2,90.0,1.0,1.0,3.0,0.0,0.0,0.0,1.0,0.0,0.0,0.0,0.0,1.0,0.0,1.0,,0,0,0,False,5.0,4.0,0.0,7.0,0.0,0,16.0,Low,Low,2 failed authentication events; 2 high-risk IAM events; 1 malware alerts
EMP10444,vedika.krishnamurthy18,Legal,Manager,Active,1,1,3.0,2.0,0,1.0,79.5,100.0,1.0,2.0,3.0,0.0,1.0,0.0,1.0,0.0,0.0,1.0,2.0,1.0,0.0,1.0,,0,0,0,False,2.0,2.0,2.0,15.0,0.0,0,21.0,Low,Low,2 failed authentication events; 1 high-risk IAM events; 1 malware alerts; 1 PowerShell alerts; 2 security-tampering alerts
EMP10445,charvi.mann64,Sales,Specialist,On Leave,1,1,8.0,0.0,0,3.0,51.57,89.0,1.0,6.0,4.0,1.0,2.0,1.0,0.0,2.0,2.0,1.0,0.0,0.0,0.0,1.0,,0,0,0,False,0.0,6.0,9.0,19.0,2.0,0,36.0,Medium,Medium,3 high-risk IAM events; 2 credential-access alerts; 2 lateral-movement alerts; 1 PowerShell alerts; 1 critical endpoint alerts; 1 unresolved critical alerts
EMP10446,arunima.ramaswamy21,IT,Officer,Active,1,0,5.0,1.0,2,1.0,45.0,88.0,1.0,4.0,1.0,0.0,1.0,0.0,1.0,0.0,0.0,0.0,0.0,0.0,0.0,1.0,,0,0,0,False,4.0,2.0,2.0,6.0,0.0,0,14.0,Low,Low,1 failed authentication events; 1 high-risk IAM events; 1 malware alerts
EMP10447,tristan_nazareth15,Procurement,Trainee,Active,1,1,5.0,1.0,2,2.0,40.0,74.0,1.0,5.0,0.0,0.0,0.0,0.0,0.0,0.0,0.0,0.0,0.0,0.0,0.0,0.0,,0,0,0,False,4.0,4.0,0.0,0.0,0.0,0,8.0,Low,Low,1 failed authentication events; 2 high-risk IAM events
EMP10448,nikita.gala83,Sales,Trainee,Active,1,0,4.0,0.0,0,1.0,49.75,92.0,1.0,2.0,1.0,0.0,0.0,0.0,0.0,0.0,1.0,0.0,1.0,0.0,0.0,1.0,,0,0,0,False,0.0,2.0,0.0,10.0,0.0,0,12.0,Low,Low,1 high-risk IAM events; 1 lateral-movement alerts; 1 security-tampering alerts
EMP10449,jagvi.sengupta38,Operations,Consultant,Active,1,0,5.0,1.0,2,2.0,57.75,93.0,1.0,3.0,4.0,0.0,1.0,0.0,2.0,1.0,0.0,1.0,0.0,0.0,0.0,2.0,,0,0,0,False,4.0,4.0,2.0,21.0,0.0,5,36.0,Medium,Medium,1 failed authentication events; 2 high-risk IAM events; 2 malware alerts; 1 credential-access alerts; 1 PowerShell alerts
EMP10450,charles.mohanty2,Finance,Executive,On Leave,1,0,5.0,2.0,3,2.0,76.0,83.0,1.0,3.0,2.0,0.0,0.0,0.0,1.0,0.0,1.0,0.0,0.0,0.0,0.0,1.0,,0,0,0,False,6.5,4.0,0.0,12.0,0.0,5,27.5,Medium,Medium,2 failed authentication events; 2 high-risk IAM events; 1 malware alerts; 1 lateral-movement alerts
EMP10451,ishanvi.karpe12,Operations,Consultant,Active,1,1,5.0,2.0,3,1.0,36.4,75.0,1.0,3.0,1.0,0.0,0.0,0.0,1.0,0.0,0.0,0.0,0.0,0.0,0.0,1.0,,0,0,0,False,6.5,2.0,0.0,6.0,0.0,0,14.5,Low,Low,2 failed authentication events; 1 high-risk IAM events; 1 malware alerts
EMP10452,udyati.sangha89,Innovation,Director,Active,1,1,7.0,3.0,2,2.0,60.17,87.0,1.0,4.0,1.0,1.0,0.0,1.0,1.0,0.0,0.0,0.0,1.0,0.0,0.0,1.0,,0,0,0,False,6.0,4.0,5.0,10.0,2.0,0,27.0,Medium,Medium,3 failed authentication events; 2 high-risk IAM events; 1 malware alerts; 1 security-tampering alerts; 1 critical endpoint alerts; 1 unresolved critical alerts
EMP10453,pranit.sastry21,People,Director,Active,1,1,7.0,2.0,1,1.0,39.0,80.0,1.0,5.0,1.0,0.0,0.0,0.0,0.0,1.0,0.0,0.0,1.0,0.0,0.0,1.0,,0,0,0,False,3.5,2.0,0.0,10.0,0.0,0,15.5,Low,Low,2 failed authentication events; 1 high-risk IAM events; 1 credential-access alerts; 1 security-tampering alerts
EMP10454,udyati.rastogi46,Procurement,Analyst,Active,1,1,10.0,2.0,4,3.0,73.4,100.0,1.0,7.0,4.0,0.0,1.0,0.0,1.0,0.0,0.0,2.0,0.0,0.0,0.0,2.0,,0,0,0,False,8.0,6.0,2.0,10.0,0.0,8,34.0,Medium,Medium,"elevated authentication risk (2 failed auth, 4 MFA failures); 3 high-risk IAM events; 1 malware alerts; 2 PowerShell alerts"
EMP10455,aarnav.sanghvi57,IT,Manager,Active,1,0,3.0,1.0,1,0.0,27.5,44.0,1.0,1.0,5.0,2.0,1.0,2.0,1.0,2.0,1.0,0.0,1.0,1.0,1.0,1.0,,0,0,0,False,2.5,0.0,12.0,25.0,4.0,10,53.5,High,High,1 failed authentication events; 1 malware alerts; 2 credential-access alerts; 1 lateral-movement alerts; 1 security-tampering alerts; 2 critical endpoint alerts; 2 unresolved critical alerts
EMP10456,daksh.kari74,Supply Chain,Engineer,Active,1,0,3.0,1.0,2,0.0,28.5,54.0,1.0,1.0,1.0,0.0,0.0,0.0,1.0,0.0,0.0,0.0,0.0,0.0,0.0,1.0,,0,0,0,False,4.0,0.0,0.0,6.0,0.0,0,10.0,Low,Low,1 failed authentication events; 1 malware alerts
EMP10457,darsh.sura85,Sales,Trainee,Active,1,1,7.0,2.0,2,1.0,45.0,71.0,1.0,3.0,2.0,0.0,1.0,0.0,1.0,1.0,0.0,0.0,0.0,0.0,0.0,1.0,,0,0,0,False,5.0,2.0,2.0,12.0,0.0,5,26.0,Medium,Medium,2 failed authentication events; 1 high-risk IAM events; 1 malware alerts; 1 credential-access alerts
EMP10458,christopher.khanna72,Supply Chain,Analyst,Active,1,1,3.0,0.0,1,1.0,38.5,71.0,1.0,2.0,0.0,0.0,0.0,0.0,0.0,0.0,0.0,0.0,0.0,0.0,0.0,0.0,,0,0,0,False,1.5,2.0,0.0,0.0,0.0,0,3.5,Low,Low,1 high-risk IAM events
EMP10459,advika.dey22,People,Trainee,On Leave,1,1,9.0,2.0,3,1.0,35.86,87.0,1.0,6.0,1.0,0.0,0.0,0.0,0.0,0.0,0.0,0.0,0.0,0.0,0.0,1.0,,0,0,0,False,6.5,2.0,0.0,0.0,0.0,0,8.5,Low,Low,2 failed authentication events; 1 high-risk IAM events
EMP10460,jatin.mangal83,Legal,Director,Active,1,0,4.0,2.0,2,2.0,53.25,99.0,1.0,2.0,3.0,0.0,1.0,0.0,0.0,1.0,0.0,2.0,0.0,0.0,0.0,1.0,,0,0,0,False,5.0,4.0,2.0,10.0,0.0,0,21.0,Low,Low,2 failed authentication events; 2 high-risk IAM events; 1 credential-access alerts; 2 PowerShell alerts
EMP10461,nidra.mahal64,R&D,Consultant,Active,0,1,4.0,2.0,1,0.0,65.0,65.0,1.0,3.0,4.0,0.0,0.0,0.0,2.0,1.0,1.0,0.0,0.0,0.0,0.0,1.0,,0,0,0,False,3.5,0.0,0.0,24.0,0.0,10,37.5,Medium,Medium,2 failed authentication events; 2 malware alerts; 1 credential-access alerts; 1 lateral-movement alerts
EMP10462,damyanti.barad71,IT,Manager,Active,1,1,8.0,5.0,6,2.0,55.2,98.0,1.0,5.0,5.0,0.0,0.0,0.0,3.0,0.0,0.0,1.0,0.0,0.0,0.0,2.0,,0,0,0,False,14.0,4.0,0.0,15.0,0.0,5,38.0,Medium,Medium,"elevated authentication risk (5 failed auth, 6 MFA failures); 2 high-risk IAM events; 3 malware alerts; 1 PowerShell alerts"
EMP10463,isha.padmanabhan86,Innovation,Consultant,Disabled,1,1,5.0,1.0,4,0.0,28.75,56.0,1.0,3.0,5.0,0.0,3.0,0.0,3.0,1.0,1.0,1.0,1.0,0.0,0.0,2.0,2025-06-17 03:55:28,4,4,8,True,7.0,0.0,5.0,30.0,10.0,10,62.0,High,High,1 failed authentication events; 3 malware alerts; 1 credential-access alerts; 1 lateral-movement alerts; 1 PowerShell alerts; 1 security-tampering alerts; 8 events after identity termination
EMP10464,kalpit.mane85,Operations,Trainee,Active,1,1,7.0,4.0,4,2.0,49.67,81.0,1.0,3.0,2.0,0.0,0.0,0.0,0.0,0.0,0.0,1.0,0.0,0.0,0.0,1.0,,0,0,0,False,10.0,4.0,0.0,3.0,0.0,0,17.0,Low,Low,"elevated authentication risk (4 failed auth, 4 MFA failures); 2 high-risk IAM events; 1 PowerShell alerts"
EMP10465,chakradev.krishnan38,Customer Support,Officer,Active,1,0,7.0,1.0,2,2.0,61.0,92.0,1.0,4.0,1.0,0.0,0.0,0.0,1.0,0.0,0.0,0.0,0.0,0.0,0.0,1.0,,0,0,0,False,4.0,4.0,0.0,6.0,0.0,0,14.0,Low,Low,1 failed authentication events; 2 high-risk IAM events; 1 malware alerts
EMP10466,tanvi.mane92,Legal,Manager,Active,1,1,9.0,5.0,5,2.0,52.14,95.0,1.0,4.0,1.0,0.0,1.0,0.0,1.0,0.0,0.0,0.0,0.0,0.0,0.0,1.0,,0,0,0,False,12.5,4.0,2.0,6.0,0.0,5,29.5,Medium,Medium,"elevated authentication risk (5 failed auth, 5 MFA failures); 2 high-risk IAM events; 1 malware alerts"
EMP10467,maanas_rama25,Operations,Manager,Inactive,1,1,5.0,0.0,0,2.0,68.33,94.0,1.0,5.0,4.0,0.0,2.0,0.0,0.0,0.0,1.0,2.0,0.0,1.0,0.0,1.0,2026-07-16 03:26:00,5,4,9,True,0.0,4.0,4.0,11.0,10.0,0,29.0,Medium,Medium,2 high-risk IAM events; 1 lateral-movement alerts; 2 PowerShell alerts; 9 events after identity termination
EMP10468,inaya.vala59,Supply Chain,Officer,Active,0,1,6.0,2.0,3,4.0,88.0,98.0,1.0,3.0,4.0,1.0,0.0,1.0,2.0,1.0,0.0,0.0,1.0,1.0,0.0,1.0,,0,0,0,False,6.5,8.0,5.0,23.0,2.0,8,52.5,High,High,2 failed authentication events; 4 high-risk IAM events; 2 malware alerts; 1 credential-access alerts; 1 security-tampering alerts; 1 critical endpoint alerts; 1 unresolved critical alerts
EMP10469,kavya.pandit75,R&D,Officer,Active,0,1,5.0,2.0,1,4.0,87.4,97.0,1.0,3.0,4.0,0.0,2.0,0.0,1.0,0.0,0.0,1.0,1.0,1.0,0.0,1.0,,0,0,0,False,3.5,8.0,4.0,14.0,0.0,0,29.5,Medium,Medium,2 failed authentication events; 4 high-risk IAM events; 1 malware alerts; 1 PowerShell alerts; 1 security-tampering alerts
EMP10470,noah.lad77,Supply Chain,Consultant,Inactive,1,1,2.0,1.0,2,0.0,54.5,64.0,1.0,2.0,3.0,0.0,0.0,0.0,0.0,1.0,0.0,2.0,0.0,1.0,0.0,1.0,,0,0,0,False,4.0,0.0,0.0,11.0,0.0,0,15.0,Low,Low,1 failed authentication events; 1 credential-access alerts; 2 PowerShell alerts
EMP10471,ekaraj_sharaf36,Legal,Consultant,Active,1,1,4.0,2.0,1,1.0,54.67,91.0,1.0,2.0,2.0,0.0,0.0,0.0,0.0,0.0,0.0,0.0,0.0,1.0,0.0,1.0,,0,0,0,False,3.5,2.0,0.0,1.0,0.0,0,6.5,Low,Low,2 failed authentication events; 1 high-risk IAM events
EMP10472,aryan.gour66,Brand,Officer,Active,1,1,82.0,24.0,30,21.0,47.91,98.0,1.0,55.0,3.0,0.0,1.0,0.0,2.0,0.0,0.0,0.0,0.0,1.0,0.0,1.0,,0,0,0,False,20.0,20.0,2.0,13.0,0.0,8,63.0,High,High,"elevated authentication risk (24 failed auth, 30 MFA failures); 21 high-risk IAM events; 2 malware alerts"
EMP10473,zarna.lalla38,Operations,Executive,Active,1,1,6.0,3.0,4,2.0,43.83,76.0,1.0,4.0,2.0,0.0,0.0,0.0,1.0,0.0,1.0,0.0,1.0,0.0,0.0,1.0,,0,0,0,False,9.0,4.0,0.0,16.0,0.0,10,39.0,Medium,Medium,"elevated authentication risk (3 failed auth, 4 MFA failures); 2 high-risk IAM events; 1 malware alerts; 1 lateral-movement alerts; 1 security-tampering alerts"
EMP10474,ekani.wadhwa15,Operations,Officer,Inactive,1,1,6.0,2.0,2,1.0,51.67,77.0,1.0,3.0,2.0,0.0,0.0,0.0,0.0,0.0,0.0,1.0,0.0,0.0,0.0,1.0,2026-08-10 00:00:00,3,2,5,True,5.0,2.0,0.0,3.0,10.0,0,20.0,Low,Low,2 failed authentication events; 1 high-risk IAM events; 1 PowerShell alerts; 5 events after identity termination
EMP10475,nachiket.bhatia55,IT,Officer,Active,1,0,7.0,2.0,3,2.0,59.2,99.0,1.0,6.0,2.0,1.0,0.0,1.0,1.0,0.0,1.0,0.0,0.0,0.0,0.0,2.0,,0,0,0,False,6.5,4.0,5.0,12.0,2.0,5,34.5,Medium,Medium,2 failed authentication events; 2 high-risk IAM events; 1 malware alerts; 1 lateral-movement alerts; 1 critical endpoint alerts; 1 unresolved critical alerts
EMP10476,jason.parmar97,Finance,Administrator,Disabled,1,1,6.0,3.0,1,2.0,67.5,97.0,1.0,3.0,0.0,0.0,0.0,0.0,0.0,0.0,0.0,0.0,0.0,0.0,0.0,0.0,2026-02-02 19:54:36,5,0,5,True,4.5,4.0,0.0,0.0,10.0,0,18.5,Low,Low,3 failed authentication events; 2 high-risk IAM events; 5 events after identity termination
EMP10477,yamini.subramanian5,Operations,Trainee,Active,1,1,4.0,1.0,3,2.0,59.0,97.0,1.0,3.0,1.0,0.0,0.0,0.0,0.0,1.0,0.0,0.0,0.0,0.0,0.0,1.0,,0,0,0,False,5.5,4.0,0.0,6.0,0.0,0,15.5,Low,Low,1 failed authentication events; 2 high-risk IAM events; 1 credential-access alerts
EMP10478,aachal.mani50,Sales,Officer,Active,1,1,5.0,1.0,2,0.0,18.5,32.0,1.0,4.0,4.0,0.0,2.0,0.0,1.0,2.0,0.0,1.0,1.0,0.0,0.0,1.0,,0,0,0,False,4.0,0.0,4.0,21.0,0.0,5,34.0,Medium,Medium,1 failed authentication events; 1 malware alerts; 2 credential-access alerts; 1 PowerShell alerts; 1 security-tampering alerts
EMP10479,ayushman.nagy50,Legal,Consultant,Active,1,1,2.0,2.0,2,0.0,38.0,44.0,1.0,1.0,3.0,0.0,0.0,0.0,1.0,1.0,0.0,0.0,0.0,1.0,1.0,2.0,,0,0,0,False,5.0,0.0,0.0,13.0,0.0,5,23.0,Low,Low,2 failed authentication events; 1 malware alerts; 1 credential-access alerts
EMP10480,kamya.taneja57,Sales,Consultant,Active,1,0,8.0,3.0,2,2.0,37.17,79.0,1.0,7.0,3.0,0.0,0.0,0.0,2.0,0.0,0.0,0.0,0.0,1.0,0.0,1.0,,0,0,0,False,6.0,4.0,0.0,13.0,0.0,0,23.0,Low,Low,3 failed authentication events; 2 high-risk IAM events; 2 malware alerts
EMP10481,charles.majumdar25,Marketing,Trainee,Active,1,1,4.0,3.0,4,0.0,19.67,28.0,1.0,2.0,3.0,1.0,1.0,0.0,1.0,0.0,1.0,2.0,0.0,0.0,0.0,1.0,,0,0,0,False,9.0,0.0,7.0,16.0,0.0,10,42.0,Medium,Medium,"elevated authentication risk (3 failed auth, 4 MFA failures); 1 malware alerts; 1 lateral-movement alerts; 2 PowerShell alerts; 1 critical endpoint alerts"
EMP10482,zayyan.pal49,IT,Director,Active,1,0,6.0,2.0,2,2.0,68.67,74.0,1.0,5.0,4.0,0.0,2.0,0.0,0.0,0.0,2.0,0.0,0.0,1.0,1.0,2.0,,0,0,0,False,5.0,4.0,4.0,9.0,0.0,0,22.0,Low,Low,2 failed authentication events; 2 high-risk IAM events; 2 lateral-movement alerts
EMP10483,theodore.oommen1,Operations,Trainee,Active,1,1,9.0,2.0,2,2.0,45.0,92.0,1.0,8.0,4.0,0.0,1.0,0.0,2.0,0.0,0.0,0.0,0.0,0.0,0.0,2.0,,0,0,0,False,5.0,4.0,2.0,12.0,0.0,0,23.0,Low,Low,2 failed authentication events; 2 high-risk IAM events; 2 malware alerts
EMP10484,amol.natt81,Supply Chain,Administrator,Active,1,1,5.0,2.0,1,2.0,42.0,90.0,1.0,2.0,2.0,1.0,0.0,1.0,1.0,0.0,0.0,0.0,1.0,1.0,0.0,1.0,,0,0,0,False,3.5,4.0,5.0,11.0,2.0,0,25.5,Medium,Medium,2 failed authentication events; 2 high-risk IAM events; 1 malware alerts; 1 security-tampering alerts; 1 critical endpoint alerts; 1 unresolved critical alerts
EMP10485,hardik.kuruvilla24,Customer Support,Manager,Active,1,1,8.0,3.0,4,3.0,50.0,76.0,1.0,5.0,8.0,0.0,1.0,0.0,3.0,1.0,2.0,1.0,0.0,1.0,0.0,1.0,,0,0,0,False,9.0,6.0,2.0,30.0,0.0,10,57.0,High,High,"elevated authentication risk (3 failed auth, 4 MFA failures); 3 high-risk IAM events; 3 malware alerts; 1 credential-access alerts; 2 lateral-movement alerts; 1 PowerShell alerts"
EMP10486,thomas.kaul29,Sales,Consultant,Active,1,1,8.0,3.0,5,3.0,54.88,99.0,1.0,3.0,7.0,1.0,3.0,1.0,2.0,2.0,1.0,1.0,3.0,1.0,0.0,1.0,,0,0,0,False,10.5,6.0,10.0,30.0,2.0,10,68.5,High,High,"elevated authentication risk (3 failed auth, 5 MFA failures); 3 high-risk IAM events; 2 malware alerts; 2 credential-access alerts; 1 lateral-movement alerts; 1 PowerShell alerts; 3 security-tampering alerts; 1 critical endpoint alerts; 1 unresolved critical alerts"
EMP10487,aadi.hari72,IT,Manager,Active,1,1,5.0,1.0,1,3.0,87.33,98.0,1.0,4.0,2.0,0.0,1.0,0.0,0.0,0.0,0.0,0.0,0.0,1.0,0.0,2.0,,0,0,0,False,2.5,6.0,2.0,1.0,0.0,0,11.5,Low,Low,1 failed authentication events; 3 high-risk IAM events
EMP10488,maanas.anand32,IT,Consultant,Active,0,1,6.0,0.0,1,1.0,42.33,75.0,1.0,4.0,5.0,0.0,3.0,0.0,1.0,1.0,0.0,1.0,1.0,1.0,0.0,2.0,,0,0,0,False,1.5,2.0,5.0,20.0,0.0,5,33.5,Medium,Medium,1 high-risk IAM events; 1 malware alerts; 1 credential-access alerts; 1 PowerShell alerts; 1 security-tampering alerts
EMP10489,henry.ganesan99,Operations,Officer,Active,0,1,6.0,2.0,2,2.0,57.0,78.0,1.0,3.0,2.0,0.0,0.0,0.0,0.0,0.0,0.0,0.0,1.0,1.0,0.0,1.0,,0,0,0,False,5.0,4.0,0.0,5.0,0.0,0,14.0,Low,Low,2 failed authentication events; 2 high-risk IAM events; 1 security-tampering alerts
EMP10490,rajata.wason25,Operations,Officer,On Leave,1,1,5.0,2.0,3,0.0,24.8,41.0,1.0,4.0,4.0,0.0,0.0,0.0,2.0,0.0,0.0,1.0,0.0,2.0,0.0,1.0,,0,0,0,False,6.5,0.0,0.0,17.0,0.0,0,23.5,Low,Low,2 failed authentication events; 2 malware alerts; 1 PowerShell alerts
EMP10491,lekha.wadhwa81,Human Resources,Engineer,Inactive,1,1,7.0,2.0,1,2.0,61.4,98.0,1.0,5.0,0.0,0.0,0.0,0.0,0.0,0.0,0.0,0.0,0.0,0.0,0.0,0.0,2024-06-25 07:54:00,7,0,7,True,3.5,4.0,0.0,0.0,10.0,0,17.5,Low,Low,2 failed authentication events; 2 high-risk IAM events; 7 events after identity termination
EMP10492,anamika.mutti95,Legal,Manager,Active,1,1,7.0,2.0,3,3.0,68.8,96.0,1.0,6.0,5.0,0.0,1.0,0.0,3.0,0.0,0.0,2.0,0.0,1.0,0.0,1.0,,0,0,0,False,6.5,6.0,2.0,17.0,0.0,3,34.5,Medium,Medium,2 failed authentication events; 3 high-risk IAM events; 3 malware alerts; 2 PowerShell alerts
EMP10493,radha.rana10,IT,Executive,Active,1,1,1.0,0.0,0,0.0,0.0,0.0,1.0,1.0,1.0,0.0,0.0,0.0,0.0,0.0,0.0,0.0,0.0,1.0,0.0,0.0,,0,0,0,False,0.0,0.0,0.0,1.0,0.0,0,1.0,Low,Low,No high-priority risk drivers
EMP10494,anvi_chakrabarti53,Legal,Trainee,Active,1,0,4.0,1.0,0,1.0,50.33,98.0,1.0,3.0,4.0,0.0,1.0,0.0,1.0,0.0,0.0,0.0,0.0,3.0,0.0,2.0,,0,0,0,False,1.0,2.0,2.0,8.0,0.0,0,13.0,Low,Low,1 failed authentication events; 1 high-risk IAM events; 1 malware alerts
EMP10495,tanmayi.thaman1,Procurement,Manager,Active,1,1,3.0,0.0,0,0.0,68.0,68.0,1.0,2.0,5.0,0.0,4.0,0.0,0.0,1.0,4.0,0.0,1.0,0.0,0.0,2.0,,0,0,0,False,0.0,0.0,5.0,18.0,0.0,0,23.0,Low,Low,1 credential-access alerts; 4 lateral-movement alerts; 1 security-tampering alerts
EMP10496,ati_chaudhary14,Marketing,Administrator,Active,1,1,6.0,1.0,3,2.0,45.0,98.0,1.0,2.0,1.0,1.0,0.0,0.0,0.0,0.0,1.0,0.0,0.0,0.0,0.0,1.0,,0,0,0,False,5.5,4.0,5.0,6.0,0.0,0,20.5,Low,Low,1 failed authentication events; 2 high-risk IAM events; 1 lateral-movement alerts; 1 critical endpoint alerts
EMP10497,viraj.saha85,IT,Trainee,Active,1,1,7.0,1.0,1,2.0,53.8,84.0,1.0,4.0,1.0,0.0,1.0,0.0,0.0,0.0,0.0,0.0,0.0,0.0,0.0,1.0,,0,0,0,False,2.5,4.0,2.0,0.0,0.0,0,8.5,Low,Low,1 failed authentication events; 2 high-risk IAM events
EMP10498,janaki.pathak70,Marketing,Executive,Active,1,1,4.0,0.0,0,1.0,55.0,71.0,1.0,4.0,6.0,1.0,0.0,1.0,3.0,0.0,1.0,3.0,0.0,1.0,0.0,2.0,,0,0,0,False,0.0,2.0,5.0,23.0,2.0,5,37.0,Medium,Medium,1 high-risk IAM events; 3 malware alerts; 1 lateral-movement alerts; 3 PowerShell alerts; 1 critical endpoint alerts; 1 unresolved critical alerts
EMP10499,umang.hans19,Human Resources,Analyst,Active,1,1,5.0,0.0,0,2.0,59.25,78.0,1.0,3.0,2.0,0.0,1.0,0.0,1.0,0.0,0.0,0.0,0.0,0.0,0.0,1.0,,0,0,0,False,0.0,4.0,2.0,6.0,0.0,0,12.0,Low,Low,2 high-risk IAM events; 1 malware alerts
EMP10500,irya.prakash40,Sales,Consultant,Disabled,1,1,5.0,0.0,2,0.0,25.67,43.0,1.0,5.0,4.0,2.0,1.0,2.0,1.0,1.0,0.0,1.0,0.0,1.0,0.0,1.0,,0,0,0,False,3.0,0.0,12.0,16.0,4.0,5,40.0,Medium,Medium,1 malware alerts; 1 credential-access alerts; 1 PowerShell alerts; 2 critical endpoint alerts; 2 unresolved critical alerts
EMP10501,dominic.mand25,Human Resources,Executive,Disabled,1,1,4.0,2.0,2,1.0,66.0,93.0,1.0,3.0,2.0,0.0,1.0,0.0,0.0,0.0,0.0,1.0,0.0,0.0,0.0,1.0,2025-11-02 03:47:46,2,1,3,True,5.0,2.0,2.0,3.0,9.0,0,21.0,Low,Low,2 failed authentication events; 1 high-risk IAM events; 1 PowerShell alerts; 3 events after identity termination
EMP10502,jagdish.panchal9,Marketing,Manager,Active,1,1,3.0,1.0,0,1.0,45.0,70.0,1.0,1.0,0.0,0.0,0.0,0.0,0.0,0.0,0.0,0.0,0.0,0.0,0.0,0.0,,0,0,0,False,1.0,2.0,0.0,0.0,0.0,0,3.0,Low,Low,1 failed authentication events; 1 high-risk IAM events
EMP10503,girish.dyal84,Sales,Manager,Inactive,1,1,3.0,1.0,1,0.0,38.5,59.0,1.0,2.0,2.0,0.0,1.0,0.0,1.0,0.0,0.0,0.0,0.0,1.0,0.0,1.0,2024-02-06 09:27:56,2,2,4,True,2.5,0.0,2.0,7.0,10.0,0,21.5,Low,Low,1 failed authentication events; 1 malware alerts; 4 events after identity termination
EMP10504,harsh.kapadia89,Procurement,Executive,Disabled,1,1,5.0,1.0,3,1.0,54.0,78.0,1.0,3.0,5.0,0.0,1.0,0.0,1.0,2.0,0.0,0.0,1.0,2.0,1.0,1.0,2024-12-22 00:00:00,4,5,9,True,5.5,2.0,2.0,20.0,10.0,5,44.5,Medium,Medium,1 failed authentication events; 1 high-risk IAM events; 1 malware alerts; 2 credential-access alerts; 1 security-tampering alerts; 9 events after identity termination
EMP10505,agastya.pai92,Legal,Administrator,Active,1,0,4.0,1.0,1,1.0,59.0,78.0,1.0,2.0,3.0,1.0,0.0,0.0,1.0,1.0,0.0,0.0,0.0,0.0,0.0,1.0,,0,0,0,False,2.5,2.0,5.0,12.0,0.0,5,26.5,Medium,Medium,1 failed authentication events; 1 high-risk IAM events; 1 malware alerts; 1 credential-access alerts; 1 critical endpoint alerts
EMP10506,ekanta.ravel60,Innovation,Consultant,Active,1,1,4.0,3.0,1,0.0,43.25,66.0,1.0,0.0,3.0,0.0,0.0,0.0,1.0,0.0,1.0,1.0,0.0,1.0,0.0,1.0,,0,0,0,False,4.5,0.0,0.0,16.0,0.0,5,25.5,Medium,Medium,3 failed authentication events; 1 malware alerts; 1 lateral-movement alerts; 1 PowerShell alerts
EMP10507,dipta.narayan36,Finance,Officer,Active,1,1,6.0,2.0,1,0.0,27.67,67.0,1.0,1.0,1.0,0.0,0.0,0.0,1.0,0.0,0.0,0.0,0.0,0.0,0.0,1.0,,0,0,0,False,3.5,0.0,0.0,6.0,0.0,0,9.5,Low,Low,2 failed authentication events; 1 malware alerts
EMP10508,nandini.kade65,IT,Specialist,Active,1,0,8.0,5.0,2,1.0,43.0,74.0,1.0,2.0,3.0,0.0,0.0,0.0,2.0,1.0,0.0,0.0,0.0,0.0,0.0,2.0,,0,0,0,False,8.0,2.0,0.0,18.0,0.0,10,38.0,Medium,Medium,"elevated authentication risk (5 failed auth, 2 MFA failures); 1 high-risk IAM events; 2 malware alerts; 1 credential-access alerts"
EMP10509,ishanvi.dugar70,R&D,Executive,Inactive,1,0,6.0,3.0,2,1.0,38.0,96.0,1.0,2.0,2.0,1.0,0.0,1.0,1.0,0.0,1.0,1.0,0.0,0.0,0.0,1.0,,0,0,0,False,6.0,2.0,5.0,15.0,2.0,5,35.0,Medium,Medium,3 failed authentication events; 1 high-risk IAM events; 1 malware alerts; 1 lateral-movement alerts; 1 PowerShell alerts; 1 critical endpoint alerts; 1 unresolved critical alerts
EMP10510,waida.naik66,Human Resources,Director,Active,1,1,6.0,1.0,4,1.0,57.4,92.0,1.0,3.0,1.0,0.0,0.0,0.0,0.0,0.0,0.0,0.0,0.0,1.0,0.0,1.0,,0,0,0,False,7.0,2.0,0.0,1.0,0.0,0,10.0,Low,Low,1 failed authentication events; 1 high-risk IAM events
EMP10511,samaksh.dutt66,Finance,Trainee,Inactive,1,0,5.0,1.0,2,2.0,66.5,87.0,1.0,3.0,5.0,1.0,1.0,1.0,1.0,0.0,0.0,3.0,1.0,1.0,0.0,2.0,,0,0,0,False,4.0,4.0,7.0,15.0,2.0,0,32.0,Medium,Medium,1 failed authentication events; 2 high-risk IAM events; 1 malware alerts; 3 PowerShell alerts; 1 security-tampering alerts; 1 critical endpoint alerts; 1 unresolved critical alerts
EMP10512,chanchal.karan62,Operations,Analyst,Active,1,1,4.0,1.0,1,3.0,94.67,100.0,1.0,3.0,1.0,0.0,0.0,0.0,0.0,0.0,0.0,1.0,0.0,0.0,0.0,1.0,,0,0,0,False,2.5,6.0,0.0,3.0,0.0,0,11.5,Low,Low,1 failed authentication events; 3 high-risk IAM events; 1 PowerShell alerts
EMP10513,ekanta.sengupta27,Customer Support,Consultant,Inactive,1,1,2.0,1.0,1,1.0,76.5,86.0,1.0,1.0,1.0,0.0,0.0,0.0,0.0,0.0,1.0,0.0,0.0,0.0,0.0,1.0,,0,0,0,False,2.5,2.0,0.0,6.0,0.0,0,10.5,Low,Low,1 failed authentication events; 1 high-risk IAM events; 1 lateral-movement alerts
EMP10514,,Marketing,Administrator,Active,1,0,6.0,3.0,3,1.0,48.83,78.0,1.0,3.0,2.0,0.0,1.0,0.0,1.0,0.0,0.0,0.0,0.0,1.0,0.0,1.0,,0,0,0,False,7.5,2.0,2.0,7.0,0.0,0,18.5,Low,Low,3 failed authentication events; 1 high-risk IAM events; 1 malware alerts
EMP10515,,People,Officer,Active,1,1,5.0,2.0,2,2.0,52.75,84.0,1.0,3.0,3.0,0.0,0.0,0.0,2.0,0.0,1.0,1.0,2.0,0.0,0.0,2.0,,0,0,0,False,5.0,4.0,0.0,26.0,0.0,5,40.0,Medium,Medium,2 failed authentication events; 2 high-risk IAM events; 2 malware alerts; 1 lateral-movement alerts; 1 PowerShell alerts; 2 security-tampering alerts
EMP10516,wakeeta.rattan45,R&D,Trainee,Inactive,1,1,3.0,1.0,0,1.0,64.0,95.0,1.0,2.0,3.0,0.0,0.0,0.0,2.0,0.0,0.0,1.0,1.0,0.0,0.0,1.0,2024-01-26 11:16:54,3,2,5,True,1.0,2.0,0.0,19.0,10.0,0,32.0,Medium,Medium,1 failed authentication events; 1 high-risk IAM events; 2 malware alerts; 1 PowerShell alerts; 1 security-tampering alerts; 5 events after identity termination
EMP10517,rishi.tiwari28,Finance,Executive,Active,1,0,10.0,4.0,4,3.0,63.0,99.0,1.0,2.0,3.0,0.0,0.0,0.0,0.0,0.0,0.0,2.0,0.0,1.0,0.0,1.0,,0,0,0,False,10.0,6.0,0.0,5.0,0.0,3,24.0,Low,Low,"elevated authentication risk (4 failed auth, 4 MFA failures); 3 high-risk IAM events; 2 PowerShell alerts"
EMP10518,liam.ahluwalia43,Human Resources,Trainee,Active,1,1,6.0,1.0,3,1.0,50.4,94.0,1.0,3.0,1.0,0.0,0.0,0.0,1.0,0.0,0.0,0.0,0.0,0.0,0.0,1.0,,0,0,0,False,5.5,2.0,0.0,6.0,0.0,0,13.5,Low,Low,1 failed authentication events; 1 high-risk IAM events; 1 malware alerts
EMP10519,joshua.modi3,Sales,Analyst,Active,1,1,10.0,1.0,4,1.0,52.43,89.0,1.0,8.0,3.0,0.0,1.0,0.0,1.0,1.0,0.0,1.0,0.0,0.0,0.0,2.0,,0,0,0,False,7.0,2.0,2.0,15.0,0.0,5,31.0,Medium,Medium,1 failed authentication events; 1 high-risk IAM events; 1 malware alerts; 1 credential-access alerts; 1 PowerShell alerts
EMP10520,diya.tandon19,IT,Executive,On Leave,1,0,4.0,1.0,2,1.0,51.0,92.0,1.0,2.0,2.0,1.0,0.0,1.0,1.0,0.0,0.0,1.0,1.0,0.0,0.0,1.0,,0,0,0,False,4.0,2.0,5.0,13.0,2.0,0,26.0,Medium,Medium,1 failed authentication events; 1 high-risk IAM events; 1 malware alerts; 1 PowerShell alerts; 1 security-tampering alerts; 1 critical endpoint alerts; 1 unresolved critical alerts
EMP10521,damyanti.nayak82,IT,Administrator,Active,1,1,3.0,0.0,0,1.0,72.0,85.0,1.0,3.0,3.0,0.0,0.0,0.0,1.0,1.0,1.0,0.0,0.0,0.0,0.0,1.0,,0,0,0,False,0.0,2.0,0.0,18.0,0.0,10,30.0,Medium,Medium,1 high-risk IAM events; 1 malware alerts; 1 credential-access alerts; 1 lateral-movement alerts
EMP10522,widisha.seshadri22,Sales,Director,Disabled,1,0,7.0,4.0,5,1.0,40.5,83.0,1.0,2.0,5.0,0.0,1.0,0.0,2.0,2.0,0.0,0.0,0.0,1.0,0.0,1.0,2025-11-22 00:00:00,5,4,9,True,11.5,2.0,2.0,21.0,10.0,10,56.5,High,High,"elevated authentication risk (4 failed auth, 5 MFA failures); 1 high-risk IAM events; 2 malware alerts; 2 credential-access alerts; 9 events after identity termination"
EMP10523,naveen.bakshi88,Operations,Trainee,Active,1,1,5.0,1.0,3,2.0,56.4,96.0,1.0,3.0,1.0,0.0,0.0,0.0,0.0,1.0,0.0,0.0,0.0,0.0,0.0,1.0,,0,0,0,False,5.5,4.0,0.0,6.0,0.0,0,15.5,Low,Low,1 failed authentication events; 2 high-risk IAM events; 1 credential-access alerts
EMP10524,zarna.bora26,Customer Support,Officer,Active,1,1,6.0,2.0,2,1.0,56.0,71.0,1.0,4.0,1.0,0.0,0.0,0.0,1.0,0.0,0.0,0.0,0.0,0.0,0.0,0.0,,0,0,0,False,5.0,2.0,0.0,6.0,0.0,0,13.0,Low,Low,2 failed authentication events; 1 high-risk IAM events; 1 malware alerts
EMP10525,sachi.sinha77,IT,Officer,Active,1,1,8.0,0.0,4,2.0,69.0,98.0,1.0,7.0,1.0,0.0,0.0,0.0,0.0,1.0,0.0,0.0,0.0,0.0,0.0,1.0,,0,0,0,False,6.0,4.0,0.0,6.0,0.0,0,16.0,Low,Low,2 high-risk IAM events; 1 credential-access alerts
EMP10526,tanveer.reddy70,IT,Director,Inactive,1,0,6.0,1.0,2,1.0,48.67,87.0,1.0,3.0,2.0,1.0,0.0,1.0,0.0,0.0,0.0,1.0,0.0,1.0,0.0,1.0,2026-03-06 14:59:00,3,2,5,True,4.0,2.0,5.0,4.0,12.0,0,27.0,Medium,Medium,1 failed authentication events; 1 high-risk IAM events; 1 PowerShell alerts; 1 critical endpoint alerts; 5 events after identity termination; 1 unresolved critical alerts
EMP10527,william.modi62,Legal,Consultant,Active,0,0,5.0,3.0,2,3.0,82.0,99.0,1.0,1.0,6.0,1.0,3.0,1.0,2.0,2.0,1.0,0.0,0.0,1.0,0.0,1.0,,0,0,0,False,6.0,6.0,10.0,27.0,2.0,10,61.0,High,High,3 failed authentication events; 3 high-risk IAM events; 2 malware alerts; 2 credential-access alerts; 1 lateral-movement alerts; 1 critical endpoint alerts; 1 unresolved critical alerts
EMP10528,,Human Resources,Administrator,Active,1,1,5.0,2.0,3,3.0,78.25,92.0,1.0,3.0,5.0,0.0,1.0,0.0,3.0,0.0,0.0,2.0,1.0,0.0,0.0,1.0,,0,0,0,False,6.5,6.0,2.0,20.0,0.0,3,37.5,Medium,Medium,2 failed authentication events; 3 high-risk IAM events; 3 malware alerts; 2 PowerShell alerts; 1 security-tampering alerts
EMP10529,gagan.dyal1,Procurement,Officer,Active,1,1,5.0,0.0,2,0.0,38.67,56.0,1.0,4.0,1.0,0.0,0.0,0.0,0.0,1.0,0.0,0.0,0.0,0.0,0.0,1.0,,0,0,0,False,3.0,0.0,0.0,6.0,0.0,0,9.0,Low,Low,1 credential-access alerts
EMP10530,indali.toor53,Operations,Manager,Active,1,1,3.0,0.0,2,0.0,39.5,41.0,1.0,3.0,1.0,0.0,0.0,0.0,0.0,0.0,0.0,0.0,1.0,0.0,0.0,1.0,,0,0,0,False,3.0,0.0,0.0,4.0,0.0,0,7.0,Low,Low,1 security-tampering alerts
EMP10531,omkaar.kalita55,Supply Chain,Consultant,Active,1,1,4.0,3.0,1,1.0,45.5,90.0,1.0,2.0,3.0,0.0,1.0,0.0,0.0,0.0,1.0,1.0,0.0,1.0,0.0,1.0,,0,0,0,False,4.5,2.0,2.0,10.0,0.0,0,18.5,Low,Low,3 failed authentication events; 1 high-risk IAM events; 1 lateral-movement alerts; 1 PowerShell alerts
EMP10532,jack.mallick72,R&D,Executive,Active,1,1,9.0,2.0,2,3.0,56.71,100.0,1.0,5.0,4.0,1.0,0.0,1.0,4.0,0.0,0.0,0.0,0.0,0.0,0.0,1.0,,0,0,0,False,5.0,6.0,5.0,12.0,2.0,0,30.0,Medium,Medium,2 failed authentication events; 3 high-risk IAM events; 4 malware alerts; 1 critical endpoint alerts; 1 unresolved critical alerts
EMP10533,ayaan.kalita91,Legal,Executive,Active,1,1,5.0,1.0,2,0.0,46.67,50.0,1.0,4.0,4.0,1.0,2.0,1.0,3.0,1.0,0.0,0.0,2.0,0.0,0.0,1.0,,0,0,0,False,4.0,0.0,9.0,23.0,2.0,5,43.0,Medium,Medium,1 failed authentication events; 3 malware alerts; 1 credential-access alerts; 2 security-tampering alerts; 1 critical endpoint alerts; 1 unresolved critical alerts
EMP10534,liam.sidhu21,People,Engineer,Disabled,1,1,5.0,3.0,2,4.0,70.0,100.0,1.0,3.0,4.0,0.0,0.0,0.0,1.0,0.0,2.0,1.0,0.0,0.0,1.0,2.0,2025-05-02 03:23:02,4,4,8,True,6.0,8.0,0.0,17.0,10.0,5,46.0,Medium,Medium,3 failed authentication events; 4 high-risk IAM events; 1 malware alerts; 2 lateral-movement alerts; 1 PowerShell alerts; 8 events after identity termination
EMP10535,vansha.dar1,People,Executive,Active,1,0,9.0,5.0,4,1.0,33.14,90.0,1.0,5.0,1.0,0.0,0.0,0.0,0.0,0.0,0.0,0.0,0.0,0.0,0.0,1.0,,0,0,0,False,11.0,2.0,0.0,0.0,0.0,0,13.0,Low,Low,"elevated authentication risk (5 failed auth, 4 MFA failures); 1 high-risk IAM events"
EMP10536,leela.ganesh78,IT,Director,Active,1,1,9.0,2.0,5,0.0,36.67,62.0,1.0,5.0,4.0,0.0,1.0,0.0,0.0,1.0,0.0,0.0,0.0,2.0,0.0,1.0,,0,0,0,False,9.5,0.0,2.0,8.0,0.0,5,24.5,Medium,Medium,"elevated authentication risk (2 failed auth, 5 MFA failures); 1 credential-access alerts"
EMP10537,kiaan.hari8,Finance,Trainee,Disabled,1,1,5.0,2.0,3,0.0,30.67,40.0,1.0,3.0,0.0,0.0,0.0,0.0,0.0,0.0,0.0,0.0,0.0,0.0,0.0,0.0,2024-07-20 01:21:22,5,0,5,True,6.5,0.0,0.0,0.0,10.0,0,16.5,Low,Low,2 failed authentication events; 5 events after identity termination
EMP10538,indali.dora66,Customer Support,Engineer,Active,1,1,7.0,4.0,4,1.0,52.4,81.0,1.0,3.0,4.0,0.0,0.0,0.0,3.0,1.0,0.0,0.0,1.0,0.0,0.0,1.0,,0,0,0,False,10.0,2.0,0.0,22.0,0.0,10,44.0,Medium,Medium,"elevated authentication risk (4 failed auth, 4 MFA failures); 1 high-risk IAM events; 3 malware alerts; 1 credential-access alerts; 1 security-tampering alerts"
EMP10539,varsha.gera12,Marketing,Director,Active,1,0,11.0,3.0,5,1.0,41.33,79.0,1.0,9.0,1.0,1.0,0.0,1.0,0.0,1.0,0.0,0.0,0.0,0.0,0.0,0.0,,0,0,0,False,10.5,2.0,5.0,6.0,2.0,5,30.5,Medium,Medium,"elevated authentication risk (3 failed auth, 5 MFA failures); 1 high-risk IAM events; 1 credential-access alerts; 1 critical endpoint alerts; 1 unresolved critical alerts"
EMP10540,zinal.samra91,Human Resources,Manager,Inactive,1,0,4.0,1.0,1,1.0,53.0,81.0,1.0,3.0,3.0,0.0,1.0,0.0,1.0,0.0,0.0,1.0,0.0,0.0,0.0,1.0,2026-06-06 08:27:00,3,2,5,True,2.5,2.0,2.0,9.0,10.0,0,25.5,Medium,Medium,1 failed authentication events; 1 high-risk IAM events; 1 malware alerts; 1 PowerShell alerts; 5 events after identity termination
EMP10541,bhanumati.walla25,R&D,Director,Active,1,1,3.0,3.0,1,0.0,60.5,66.0,1.0,2.0,3.0,1.0,0.0,0.0,2.0,0.0,0.0,1.0,0.0,0.0,0.0,1.0,,0,0,0,False,4.5,0.0,5.0,15.0,0.0,0,24.5,Medium,Medium,3 failed authentication events; 2 malware alerts; 1 PowerShell alerts; 1 critical endpoint alerts
EMP10542,jhalak.toor65,Marketing,Consultant,Inactive,1,1,3.0,1.0,1,0.0,19.5,33.0,1.0,2.0,4.0,1.0,2.0,0.0,2.0,1.0,1.0,0.0,0.0,0.0,0.0,1.0,2025-10-31 01:00:00,3,4,7,True,2.5,0.0,9.0,24.0,10.0,10,55.5,High,High,1 failed authentication events; 2 malware alerts; 1 credential-access alerts; 1 lateral-movement alerts; 1 critical endpoint alerts; 7 events after identity termination
EMP10543,bhavna.ramesh73,R&D,Engineer,Active,1,1,2.0,0.0,1,0.0,48.5,64.0,1.0,2.0,4.0,1.0,0.0,1.0,3.0,0.0,0.0,1.0,0.0,1.0,0.0,2.0,,0,0,0,False,1.5,0.0,5.0,16.0,2.0,0,24.5,Medium,Medium,3 malware alerts; 1 PowerShell alerts; 1 critical endpoint alerts; 1 unresolved critical alerts
EMP10544,harita.sura62,Human Resources,Administrator,Disabled,1,1,10.0,3.0,4,2.0,52.29,93.0,1.0,5.0,2.0,0.0,1.0,0.0,1.0,0.0,1.0,0.0,1.0,0.0,0.0,1.0,2023-10-31 01:43:49,10,1,11,True,9.0,4.0,2.0,16.0,10.0,10,51.0,High,High,"elevated authentication risk (3 failed auth, 4 MFA failures); 2 high-risk IAM events; 1 malware alerts; 1 lateral-movement alerts; 1 security-tampering alerts; 11 events after identity termination"
EMP10545,,Operations,Officer,Active,1,1,3.0,2.0,2,1.0,53.67,99.0,1.0,0.0,5.0,0.0,0.0,0.0,2.0,0.0,1.0,1.0,0.0,1.0,0.0,1.0,,0,0,0,False,5.0,2.0,0.0,22.0,0.0,5,34.0,Medium,Medium,2 failed authentication events; 1 high-risk IAM events; 2 malware alerts; 1 lateral-movement alerts; 1 PowerShell alerts
EMP10546,bhanumati.ranganathan44,Human Resources,Officer,Active,1,0,4.0,0.0,3,1.0,69.0,96.0,1.0,2.0,2.0,0.0,0.0,0.0,0.0,0.0,1.0,0.0,0.0,0.0,0.0,1.0,,0,0,0,False,4.5,2.0,0.0,6.0,0.0,0,12.5,Low,Low,1 high-risk IAM events; 1 lateral-movement alerts
EMP10547,tristan.mukherjee88,Sales,Trainee,Active,0,1,2.0,1.0,0,0.0,40.0,44.0,1.0,1.0,3.0,0.0,2.0,0.0,1.0,0.0,2.0,0.0,0.0,0.0,1.0,1.0,,0,0,0,False,1.0,0.0,4.0,14.0,0.0,5,24.0,Low,Low,1 failed authentication events; 1 malware alerts; 2 lateral-movement alerts
EMP10548,prisha.bhattacharyya32,Procurement,Consultant,Inactive,1,0,5.0,1.0,1,0.0,18.6,34.0,1.0,2.0,4.0,1.0,0.0,1.0,1.0,1.0,2.0,0.0,0.0,0.0,0.0,1.0,,0,0,0,False,2.5,0.0,5.0,20.0,2.0,10,39.5,Medium,Medium,1 failed authentication events; 1 malware alerts; 1 credential-access alerts; 2 lateral-movement alerts; 1 critical endpoint alerts; 1 unresolved critical alerts
EMP10549,inaya.garg98,Customer Support,Analyst,Active,1,1,2.0,0.0,1,1.0,73.0,84.0,1.0,1.0,6.0,1.0,2.0,0.0,1.0,0.0,1.0,1.0,0.0,1.0,0.0,2.0,,0,0,0,False,1.5,2.0,9.0,16.0,0.0,5,33.5,Medium,Medium,1 high-risk IAM events; 1 malware alerts; 1 lateral-movement alerts; 1 PowerShell alerts; 1 critical endpoint alerts
EMP10550,harini.chakrabarti74,Marketing,Trainee,Active,1,0,4.0,1.0,1,1.0,66.0,92.0,1.0,2.0,2.0,0.0,1.0,0.0,0.0,1.0,0.0,1.0,0.0,0.0,0.0,2.0,,0,0,0,False,2.5,2.0,2.0,9.0,0.0,0,15.5,Low,Low,1 failed authentication events; 1 high-risk IAM events; 1 credential-access alerts; 1 PowerShell alerts
EMP10551,azad.swamy68,Compliance,Trainee,Active,1,1,11.0,2.0,3,5.0,54.0,90.0,1.0,5.0,3.0,0.0,0.0,0.0,0.0,0.0,1.0,1.0,0.0,1.0,0.0,1.0,,0,0,0,False,6.5,10.0,0.0,10.0,0.0,3,29.5,Medium,Medium,2 failed authentication events; 5 high-risk IAM events; 1 lateral-movement alerts; 1 PowerShell alerts
EMP10552,xalak.tiwari59,Human Resources,Officer,Active,1,1,6.0,4.0,4,1.0,60.0,70.0,1.0,3.0,2.0,0.0,1.0,0.0,0.0,0.0,1.0,1.0,0.0,0.0,0.0,1.0,,0,0,0,False,10.0,2.0,2.0,9.0,0.0,5,28.0,Medium,Medium,"elevated authentication risk (4 failed auth, 4 MFA failures); 1 high-risk IAM events; 1 lateral-movement alerts; 1 PowerShell alerts"
EMP10553,nirja.kar42,Operations,Specialist,Active,1,1,9.0,2.0,2,0.0,46.6,63.0,1.0,6.0,4.0,1.0,1.0,1.0,3.0,0.0,0.0,0.0,0.0,0.0,0.0,2.0,,0,0,0,False,5.0,0.0,7.0,12.0,2.0,0,26.0,Medium,Medium,2 failed authentication events; 3 malware alerts; 1 critical endpoint alerts; 1 unresolved critical alerts
EMP10554,shaurya.talwar44,Operations,Executive,Active,1,1,4.0,3.0,2,0.0,40.0,62.0,1.0,2.0,2.0,0.0,0.0,0.0,0.0,0.0,1.0,0.0,0.0,0.0,0.0,1.0,,0,0,0,False,6.0,0.0,0.0,6.0,0.0,0,12.0,Low,Low,3 failed authentication events; 1 lateral-movement alerts
EMP10555,vrishti.lala52,Marketing,Trainee,Inactive,1,1,8.0,1.0,1,1.0,36.86,72.0,1.0,5.0,2.0,0.0,2.0,0.0,2.0,0.0,0.0,0.0,0.0,0.0,1.0,1.0,,0,0,0,False,2.5,2.0,4.0,12.0,0.0,0,20.5,Low,Low,1 failed authentication events; 1 high-risk IAM events; 2 malware alerts
EMP10556,laksh.bala93,Marketing,Engineer,Active,1,1,4.0,2.0,2,2.0,62.0,94.0,1.0,3.0,1.0,0.0,0.0,0.0,0.0,0.0,0.0,0.0,0.0,1.0,0.0,1.0,,0,0,0,False,5.0,4.0,0.0,1.0,0.0,0,10.0,Low,Low,2 failed authentication events; 2 high-risk IAM events
EMP10557,watika.sami2,Finance,Director,Active,1,1,5.0,3.0,2,0.0,39.5,68.0,1.0,3.0,1.0,0.0,0.0,0.0,1.0,0.0,0.0,0.0,0.0,0.0,0.0,1.0,,0,0,0,False,6.0,0.0,0.0,6.0,0.0,0,12.0,Low,Low,3 failed authentication events; 1 malware alerts
EMP10558,amaira.sood39,Marketing,Officer,Active,1,1,10.0,3.0,3,2.0,40.62,86.0,1.0,2.0,3.0,0.0,1.0,0.0,0.0,1.0,1.0,1.0,1.0,0.0,0.0,1.0,,0,0,0,False,7.5,4.0,2.0,19.0,0.0,0,32.5,Medium,Medium,3 failed authentication events; 2 high-risk IAM events; 1 credential-access alerts; 1 lateral-movement alerts; 1 PowerShell alerts; 1 security-tampering alerts
EMP10559,elijah.mani33,R&D,Manager,Active,1,1,6.0,2.0,2,4.0,73.17,93.0,1.0,4.0,2.0,0.0,0.0,0.0,1.0,0.0,0.0,1.0,0.0,0.0,0.0,1.0,,0,0,0,False,5.0,8.0,0.0,9.0,0.0,0,22.0,Low,Low,2 failed authentication events; 4 high-risk IAM events; 1 malware alerts; 1 PowerShell alerts
EMP10560,jasmit_ramaswamy33,Operations,Analyst,Inactive,1,1,2.0,2.0,1,0.0,11.5,15.0,1.0,1.0,4.0,0.0,1.0,0.0,2.0,0.0,0.0,1.0,0.0,0.0,0.0,1.0,2026-05-17 18:28:20,2,3,5,True,3.5,0.0,2.0,15.0,10.0,0,30.5,Medium,Medium,2 failed authentication events; 2 malware alerts; 1 PowerShell alerts; 5 events after identity termination
EMP10561,raghav.nanda23,Marketing,Consultant,Active,1,0,8.0,3.0,3,4.0,75.2,82.0,1.0,6.0,0.0,0.0,0.0,0.0,0.0,0.0,0.0,0.0,0.0,0.0,0.0,0.0,,0,0,0,False,7.5,8.0,0.0,0.0,0.0,3,18.5,Low,Low,3 failed authentication events; 4 high-risk IAM events
EMP10562,manan.desai49,Procurement,Administrator,Inactive,0,1,9.0,3.0,4,1.0,27.67,81.0,1.0,8.0,7.0,0.0,1.0,0.0,0.0,2.0,2.0,2.0,1.0,1.0,0.0,1.0,,0,0,0,False,9.0,2.0,2.0,25.0,0.0,5,43.0,Medium,Medium,"elevated authentication risk (3 failed auth, 4 MFA failures); 1 high-risk IAM events; 2 credential-access alerts; 2 lateral-movement alerts; 2 PowerShell alerts; 1 security-tampering alerts"
EMP10563,unnati.rau74,Legal,Manager,Active,1,1,6.0,1.0,1,2.0,59.0,87.0,1.0,4.0,2.0,0.0,1.0,0.0,1.0,1.0,0.0,0.0,0.0,0.0,0.0,1.0,,0,0,0,False,2.5,4.0,2.0,12.0,0.0,5,25.5,Medium,Medium,1 failed authentication events; 2 high-risk IAM events; 1 malware alerts; 1 credential-access alerts
EMP10564,rayaan.aggarwal35,Procurement,Director,Active,1,0,7.0,2.0,3,2.0,63.0,95.0,1.0,4.0,2.0,1.0,0.0,0.0,1.0,0.0,0.0,1.0,0.0,0.0,0.0,1.0,,0,0,0,False,6.5,4.0,5.0,9.0,0.0,0,24.5,Medium,Medium,2 failed authentication events; 2 high-risk IAM events; 1 malware alerts; 1 PowerShell alerts; 1 critical endpoint alerts
EMP10565,vidhi.balan53,Finance,Executive,Active,1,1,4.0,1.0,1,1.0,50.33,76.0,1.0,1.0,4.0,1.0,3.0,1.0,2.0,1.0,0.0,0.0,1.0,1.0,0.0,2.0,,0,0,0,False,2.5,2.0,10.0,23.0,2.0,5,44.5,Medium,Medium,1 failed authentication events; 1 high-risk IAM events; 2 malware alerts; 1 credential-access alerts; 1 security-tampering alerts; 1 critical endpoint alerts; 1 unresolved critical alerts
EMP10566,niharika.gulati90,Human Resources,Engineer,Active,1,1,6.0,3.0,1,1.0,38.33,79.0,1.0,4.0,1.0,0.0,0.0,0.0,0.0,0.0,0.0,0.0,0.0,0.0,0.0,0.0,,0,0,0,False,4.5,2.0,0.0,0.0,0.0,0,6.5,Low,Low,3 failed authentication events; 1 high-risk IAM events
EMP10567,upadhriti.krishnan99,Legal,Officer,Active,1,1,6.0,3.0,3,2.0,47.2,84.0,1.0,3.0,1.0,0.0,0.0,0.0,0.0,0.0,0.0,1.0,0.0,0.0,1.0,1.0,,0,0,0,False,7.5,4.0,0.0,3.0,0.0,0,14.5,Low,Low,3 failed authentication events; 2 high-risk IAM events; 1 PowerShell alerts
EMP10568,mekhala.nadig40,Sales,Engineer,Active,1,1,5.0,2.0,4,1.0,51.75,77.0,1.0,2.0,2.0,0.0,1.0,0.0,2.0,0.0,0.0,0.0,0.0,0.0,0.0,1.0,,0,0,0,False,8.0,2.0,2.0,12.0,0.0,5,29.0,Medium,Medium,"elevated authentication risk (2 failed auth, 4 MFA failures); 1 high-risk IAM events; 2 malware alerts"
EMP10569,wridesh.bedi4,IT,Consultant,Active,1,0,5.0,1.0,3,0.0,33.33,49.0,1.0,2.0,4.0,0.0,1.0,0.0,1.0,1.0,1.0,1.0,0.0,0.0,0.0,1.0,,0,0,0,False,5.5,0.0,2.0,21.0,0.0,10,38.5,Medium,Medium,1 failed authentication events; 1 malware alerts; 1 credential-access alerts; 1 lateral-movement alerts; 1 PowerShell alerts
EMP10570,lila.rajagopalan71,R&D,Executive,Active,1,1,9.0,3.0,5,1.0,40.57,96.0,1.0,7.0,3.0,0.0,1.0,0.0,2.0,0.0,0.0,2.0,0.0,0.0,0.0,1.0,,0,0,0,False,10.5,2.0,2.0,16.0,0.0,5,35.5,Medium,Medium,"elevated authentication risk (3 failed auth, 5 MFA failures); 1 high-risk IAM events; 2 malware alerts; 2 PowerShell alerts"
EMP10571,amol.saran73,Legal,Officer,Active,0,1,6.0,2.0,3,3.0,60.75,79.0,1.0,4.0,3.0,0.0,0.0,0.0,1.0,0.0,1.0,0.0,0.0,0.0,0.0,1.0,,0,0,0,False,6.5,6.0,0.0,12.0,0.0,8,32.5,Medium,Medium,2 failed authentication events; 3 high-risk IAM events; 1 malware alerts; 1 lateral-movement alerts
EMP10572,baljiwan.yadav12,R&D,Administrator,Active,1,1,3.0,3.0,2,1.0,87.0,87.0,1.0,1.0,2.0,0.0,0.0,0.0,0.0,1.0,0.0,0.0,0.0,0.0,0.0,1.0,,0,0,0,False,6.0,2.0,0.0,6.0,0.0,0,14.0,Low,Low,3 failed authentication events; 1 high-risk IAM events; 1 credential-access alerts
EMP10573,alexander.bumb98,Finance,Consultant,Active,1,1,4.0,0.0,1,1.0,52.5,71.0,1.0,2.0,2.0,1.0,0.0,0.0,2.0,0.0,0.0,0.0,0.0,0.0,0.0,1.0,,0,0,0,False,1.5,2.0,5.0,12.0,0.0,0,20.5,Low,Low,1 high-risk IAM events; 2 malware alerts; 1 critical endpoint alerts
EMP10574,forum_devi62,Marketing,Analyst,Active,1,1,3.0,2.0,2,1.0,78.0,78.0,1.0,0.0,4.0,0.0,1.0,0.0,0.0,0.0,1.0,1.0,1.0,1.0,0.0,1.0,,0,0,0,False,5.0,2.0,2.0,14.0,0.0,0,23.0,Low,Low,2 failed authentication events; 1 high-risk IAM events; 1 lateral-movement alerts; 1 PowerShell alerts; 1 security-tampering alerts
EMP10575,mahika_choudhary53,Customer Support,Director,Active,1,1,5.0,3.0,4,3.0,75.4,98.0,1.0,0.0,4.0,2.0,1.0,2.0,0.0,1.0,1.0,0.0,1.0,2.0,0.0,1.0,,0,0,0,False,9.0,6.0,12.0,18.0,4.0,8,57.0,High,High,"elevated authentication risk (3 failed auth, 4 MFA failures); 3 high-risk IAM events; 1 credential-access alerts; 1 lateral-movement alerts; 1 security-tampering alerts; 2 critical endpoint alerts; 2 unresolved critical alerts"
EMP10576,nicholas.gola29,Marketing,Manager,Active,1,1,5.0,2.0,3,2.0,59.5,81.0,1.0,3.0,3.0,0.0,0.0,0.0,2.0,0.0,0.0,0.0,0.0,1.0,0.0,2.0,,0,0,0,False,6.5,4.0,0.0,13.0,0.0,0,23.5,Low,Low,2 failed authentication events; 2 high-risk IAM events; 2 malware alerts
EMP10577,divya.lalla88,Marketing,Administrator,Disabled,1,0,6.0,2.0,3,2.0,57.8,82.0,1.0,3.0,5.0,1.0,0.0,0.0,2.0,0.0,0.0,1.0,0.0,2.0,1.0,1.0,2023-10-21 00:00:00,5,4,9,True,6.5,4.0,5.0,17.0,10.0,0,42.5,Medium,Medium,2 failed authentication events; 2 high-risk IAM events; 2 malware alerts; 1 PowerShell alerts; 1 critical endpoint alerts; 9 events after identity termination
EMP10578,janaki.halder15,R&D,Specialist,Active,1,1,4.0,0.0,1,0.0,47.5,57.0,1.0,2.0,4.0,0.0,1.0,0.0,2.0,0.0,0.0,3.0,0.0,0.0,0.0,1.0,,0,0,0,False,1.5,0.0,2.0,16.0,0.0,0,19.5,Low,Low,2 malware alerts; 3 PowerShell alerts
EMP10579,ekta.edwin69,IT,Executive,Active,1,1,5.0,0.0,0,0.0,36.5,58.0,1.0,5.0,3.0,0.0,2.0,0.0,0.0,0.0,0.0,1.0,0.0,3.0,0.0,1.0,,0,0,0,False,0.0,0.0,4.0,5.0,0.0,0,9.0,Low,Low,1 PowerShell alerts
EMP10580,anay.palan12,Finance,Analyst,Active,1,1,1.0,0.0,0,0.0,0.0,0.0,1.0,1.0,3.0,0.0,0.0,0.0,1.0,0.0,0.0,1.0,0.0,1.0,0.0,1.0,,0,0,0,False,0.0,0.0,0.0,10.0,0.0,0,10.0,Low,Low,1 malware alerts; 1 PowerShell alerts
EMP10581,nidra.agate60,IT,Consultant,Active,1,1,11.0,3.0,3,2.0,50.83,95.0,1.0,7.0,1.0,0.0,0.0,0.0,1.0,0.0,0.0,0.0,0.0,0.0,1.0,1.0,,0,0,0,False,7.5,4.0,0.0,6.0,0.0,0,17.5,Low,Low,3 failed authentication events; 2 high-risk IAM events; 1 malware alerts
EMP10582,charan.deshmukh24,Sales,Administrator,Active,1,1,8.0,3.0,5,2.0,57.57,93.0,1.0,3.0,2.0,0.0,0.0,0.0,0.0,0.0,1.0,0.0,1.0,1.0,0.0,2.0,,0,0,0,False,10.5,4.0,0.0,11.0,0.0,5,30.5,Medium,Medium,"elevated authentication risk (3 failed auth, 5 MFA failures); 2 high-risk IAM events; 1 lateral-movement alerts; 1 security-tampering alerts"
EMP10583,peter.johal99,R&D,Engineer,Active,1,1,4.0,0.0,2,1.0,57.67,90.0,1.0,4.0,3.0,0.0,2.0,0.0,1.0,0.0,1.0,1.0,1.0,0.0,1.0,1.0,,0,0,0,False,3.0,2.0,4.0,19.0,0.0,5,33.0,Medium,Medium,1 high-risk IAM events; 1 malware alerts; 1 lateral-movement alerts; 1 PowerShell alerts; 1 security-tampering alerts
EMP10584,rishi.suresh27,Innovation,Director,Active,1,1,1.0,0.0,1,0.0,55.0,55.0,1.0,0.0,3.0,1.0,0.0,0.0,3.0,0.0,0.0,0.0,1.0,0.0,0.0,2.0,,0,0,0,False,1.5,0.0,5.0,16.0,0.0,0,22.5,Low,Low,3 malware alerts; 1 security-tampering alerts; 1 critical endpoint alerts
EMP10585,jagdish.reddy67,Human Resources,Administrator,Active,1,0,8.0,3.0,6,1.0,51.71,95.0,1.0,5.0,4.0,0.0,1.0,0.0,3.0,0.0,0.0,1.0,0.0,1.0,0.0,1.0,,0,0,0,False,12.0,2.0,2.0,16.0,0.0,5,37.0,Medium,Medium,"elevated authentication risk (3 failed auth, 6 MFA failures); 1 high-risk IAM events; 3 malware alerts; 1 PowerShell alerts"
EMP10586,nicholas.tailor28,Human Resources,Engineer,Active,1,1,7.0,4.0,4,0.0,33.0,54.0,1.0,4.0,2.0,0.0,0.0,0.0,1.0,1.0,0.0,1.0,0.0,0.0,0.0,1.0,,0,0,0,False,10.0,0.0,0.0,15.0,0.0,10,35.0,Medium,Medium,"elevated authentication risk (4 failed auth, 4 MFA failures); 1 malware alerts; 1 credential-access alerts; 1 PowerShell alerts"
EMP10587,janani.padmanabhan32,IT,Analyst,Active,1,1,8.0,1.0,3,0.0,26.0,48.0,1.0,2.0,2.0,0.0,0.0,0.0,2.0,0.0,0.0,0.0,0.0,0.0,0.0,1.0,,0,0,0,False,5.5,0.0,0.0,12.0,0.0,0,17.5,Low,Low,1 failed authentication events; 2 malware alerts
EMP10588,gaurav.kibe32,Finance,Trainee,Active,1,1,8.0,2.0,1,2.0,46.33,90.0,1.0,7.0,5.0,0.0,0.0,0.0,3.0,0.0,0.0,2.0,1.0,0.0,0.0,1.0,,0,0,0,False,3.5,4.0,0.0,20.0,0.0,0,27.5,Medium,Medium,2 failed authentication events; 2 high-risk IAM events; 3 malware alerts; 2 PowerShell alerts; 1 security-tampering alerts
EMP10589,yochana.patil46,Finance,Officer,Active,1,1,7.0,0.0,2,1.0,30.2,72.0,1.0,6.0,1.0,0.0,0.0,0.0,0.0,0.0,0.0,0.0,0.0,0.0,0.0,1.0,,0,0,0,False,3.0,2.0,0.0,0.0,0.0,0,5.0,Low,Low,1 high-risk IAM events
EMP10590,aarav.rajagopalan83,Operations,Trainee,Active,1,1,7.0,1.0,1,1.0,45.8,81.0,1.0,5.0,0.0,0.0,0.0,0.0,0.0,0.0,0.0,0.0,0.0,0.0,0.0,0.0,,0,0,0,False,2.5,2.0,0.0,0.0,0.0,0,4.5,Low,Low,1 failed authentication events; 1 high-risk IAM events
EMP10591,fariq.chhabra6,R&D,Trainee,Active,1,1,6.0,1.0,3,0.0,35.4,62.0,1.0,2.0,1.0,0.0,1.0,0.0,0.0,0.0,0.0,1.0,0.0,0.0,0.0,1.0,,0,0,0,False,5.5,0.0,2.0,3.0,0.0,0,10.5,Low,Low,1 failed authentication events; 1 PowerShell alerts
EMP10592,upma.oommen45,Operations,Trainee,Active,1,1,0.0,0.0,0,0.0,0.0,0.0,0.0,0.0,4.0,0.0,2.0,0.0,2.0,0.0,1.0,0.0,0.0,1.0,0.0,1.0,,0,0,0,False,0.0,0.0,4.0,19.0,0.0,5,28.0,Medium,Medium,2 malware alerts; 1 lateral-movement alerts
EMP10593,christopher.mital34,Customer Support,Consultant,Active,1,1,8.0,4.0,6,1.0,30.33,75.0,1.0,5.0,3.0,0.0,1.0,0.0,1.0,2.0,0.0,1.0,0.0,0.0,0.0,1.0,,0,0,0,False,13.0,2.0,2.0,17.0,0.0,10,44.0,Medium,Medium,"elevated authentication risk (4 failed auth, 6 MFA failures); 1 high-risk IAM events; 1 malware alerts; 2 credential-access alerts; 1 PowerShell alerts"
EMP10594,gabriel.mistry80,Operations,Specialist,Active,1,1,6.0,2.0,1,3.0,67.6,84.0,1.0,4.0,2.0,1.0,0.0,0.0,0.0,0.0,2.0,1.0,0.0,0.0,0.0,1.0,,0,0,0,False,3.5,6.0,5.0,11.0,0.0,0,25.5,Medium,Medium,2 failed authentication events; 3 high-risk IAM events; 2 lateral-movement alerts; 1 PowerShell alerts; 1 critical endpoint alerts
EMP10595,chaitanya.sodhi25,Customer Support,Trainee,Active,1,1,6.0,1.0,2,3.0,52.83,96.0,1.0,5.0,1.0,1.0,0.0,1.0,1.0,0.0,0.0,0.0,1.0,0.0,0.0,1.0,,0,0,0,False,4.0,6.0,5.0,10.0,2.0,0,27.0,Medium,Medium,1 failed authentication events; 3 high-risk IAM events; 1 malware alerts; 1 security-tampering alerts; 1 critical endpoint alerts; 1 unresolved critical alerts
EMP10596,wishi.dixit15,Human Resources,Officer,Disabled,0,1,8.0,1.0,1,2.0,48.43,99.0,1.0,5.0,4.0,0.0,2.0,0.0,2.0,1.0,0.0,1.0,0.0,0.0,0.0,1.0,2021-05-15 00:00:00,6,3,9,True,2.5,4.0,4.0,21.0,10.0,5,46.5,Medium,Medium,1 failed authentication events; 2 high-risk IAM events; 2 malware alerts; 1 credential-access alerts; 1 PowerShell alerts; 9 events after identity termination
EMP10597,gaurangi.chaudry25,People,Analyst,Active,1,0,5.0,1.0,0,0.0,34.0,39.0,1.0,3.0,7.0,1.0,1.0,1.0,1.0,3.0,1.0,1.0,1.0,2.0,0.0,2.0,,0,0,0,False,1.0,0.0,7.0,29.0,2.0,10,49.0,Medium,Medium,1 failed authentication events; 1 malware alerts; 3 credential-access alerts; 1 lateral-movement alerts; 1 PowerShell alerts; 1 security-tampering alerts; 1 critical endpoint alerts; 1 unresolved critical alerts
EMP10598,ekalinga.walla33,IT,Consultant,Active,1,0,11.0,1.0,3,4.0,57.88,97.0,1.0,6.0,3.0,0.0,1.0,0.0,1.0,2.0,0.0,0.0,0.0,0.0,0.0,1.0,,0,0,0,False,5.5,8.0,2.0,14.0,0.0,8,37.5,Medium,Medium,1 failed authentication events; 4 high-risk IAM events; 1 malware alerts; 2 credential-access alerts
EMP10599,anmol.sawhney11,R&D,Analyst,Disabled,1,1,1.0,0.0,0,1.0,71.0,71.0,1.0,1.0,1.0,0.0,1.0,0.0,0.0,0.0,1.0,0.0,0.0,0.0,0.0,1.0,2026-04-23 00:00:00,1,1,2,True,0.0,2.0,2.0,6.0,6.0,0,16.0,Low,Low,1 high-risk IAM events; 1 lateral-movement alerts; 2 events after identity termination
EMP10600,pallavi.deshpande10,Marketing,Manager,Active,1,1,1.0,1.0,0,0.0,23.0,23.0,1.0,0.0,5.0,0.0,0.0,0.0,1.0,2.0,1.0,0.0,0.0,1.0,0.0,2.0,,0,0,0,False,1.0,0.0,0.0,21.0,0.0,10,32.0,Medium,Medium,1 failed authentication events; 1 malware alerts; 2 credential-access alerts; 1 lateral-movement alerts
EMP10601,urmi.borra25,Customer Support,Engineer,Active,1,1,4.0,2.0,3,1.0,52.5,71.0,1.0,2.0,2.0,0.0,0.0,0.0,0.0,2.0,0.0,0.0,0.0,0.0,0.0,1.0,,0,0,0,False,6.5,2.0,0.0,8.0,0.0,0,16.5,Low,Low,2 failed authentication events; 1 high-risk IAM events; 2 credential-access alerts
EMP10602,sai_goda99,Procurement,Consultant,Active,1,1,10.0,1.0,5,3.0,54.0,92.0,1.0,8.0,2.0,0.0,0.0,0.0,1.0,0.0,0.0,0.0,0.0,0.0,0.0,2.0,,0,0,0,False,8.5,6.0,0.0,6.0,0.0,8,28.5,Medium,Medium,"elevated authentication risk (1 failed auth, 5 MFA failures); 3 high-risk IAM events; 1 malware alerts"
EMP10603,jatin.baral71,Legal,Officer,Active,1,0,4.0,0.0,0,0.0,30.5,42.0,1.0,4.0,4.0,1.0,1.0,1.0,1.0,0.0,0.0,1.0,1.0,0.0,0.0,1.0,,0,0,0,False,0.0,0.0,7.0,13.0,2.0,0,22.0,Low,Low,1 malware alerts; 1 PowerShell alerts; 1 security-tampering alerts; 1 critical endpoint alerts; 1 unresolved critical alerts
EMP10604,,Customer Support,Consultant,Active,1,1,3.0,0.0,0,1.0,44.0,70.0,1.0,3.0,5.0,0.0,1.0,0.0,2.0,1.0,0.0,1.0,1.0,0.0,0.0,1.0,,0,0,0,False,0.0,2.0,2.0,25.0,0.0,5,34.0,Medium,Medium,1 high-risk IAM events; 2 malware alerts; 1 credential-access alerts; 1 PowerShell alerts; 1 security-tampering alerts
EMP10605,owen.kashyap42,Procurement,Engineer,Active,1,0,8.0,1.0,1,4.0,63.0,96.0,1.0,5.0,5.0,0.0,0.0,0.0,3.0,0.0,0.0,1.0,0.0,1.0,0.0,2.0,,0,0,0,False,2.5,8.0,0.0,16.0,0.0,0,26.5,Medium,Medium,1 failed authentication events; 4 high-risk IAM events; 3 malware alerts; 1 PowerShell alerts
EMP10606,hemani.bose33,Operations,Trainee,Active,1,0,7.0,1.0,5,2.0,52.2,86.0,1.0,6.0,5.0,1.0,0.0,0.0,1.0,1.0,3.0,0.0,1.0,0.0,0.0,1.0,,0,0,0,False,8.5,4.0,5.0,24.0,0.0,10,51.5,High,High,"elevated authentication risk (1 failed auth, 5 MFA failures); 2 high-risk IAM events; 1 malware alerts; 1 credential-access alerts; 3 lateral-movement alerts; 1 security-tampering alerts; 1 critical endpoint alerts"
EMP10607,atharv.saran18,Marketing,Analyst,Disabled,1,1,3.0,1.0,2,1.0,59.33,96.0,1.0,3.0,1.0,0.0,0.0,0.0,0.0,1.0,0.0,0.0,0.0,0.0,0.0,1.0,2026-01-19 00:00:00,3,0,3,True,4.0,2.0,0.0,6.0,9.0,0,21.0,Low,Low,1 failed authentication events; 1 high-risk IAM events; 1 credential-access alerts; 3 events after identity termination
EMP10608,yagnesh.dutta71,Customer Support,Officer,Active,1,1,8.0,2.0,5,2.0,58.83,92.0,1.0,5.0,3.0,0.0,0.0,0.0,2.0,0.0,0.0,0.0,0.0,0.0,0.0,1.0,,0,0,0,False,9.5,4.0,0.0,12.0,0.0,5,30.5,Medium,Medium,"elevated authentication risk (2 failed auth, 5 MFA failures); 2 high-risk IAM events; 2 malware alerts"
EMP10609,bhavya.oza34,Operations,Specialist,Disabled,1,0,5.0,1.0,2,1.0,35.33,88.0,1.0,2.0,2.0,0.0,0.0,0.0,2.0,0.0,0.0,0.0,1.0,0.0,0.0,1.0,2025-08-15 13:29:57,5,2,7,True,4.0,2.0,0.0,16.0,10.0,0,32.0,Medium,Medium,1 failed authentication events; 1 high-risk IAM events; 2 malware alerts; 1 security-tampering alerts; 7 events after identity termination
EMP10610,ojasvi.gour94,Human Resources,Consultant,Active,1,0,7.0,1.0,2,0.0,40.0,54.0,1.0,5.0,2.0,1.0,0.0,1.0,0.0,0.0,1.0,0.0,0.0,1.0,0.0,1.0,,0,0,0,False,4.0,0.0,5.0,7.0,2.0,0,18.0,Low,Low,1 failed authentication events; 1 lateral-movement alerts; 1 critical endpoint alerts; 1 unresolved critical alerts
EMP10611,,Procurement,Administrator,Active,1,1,5.0,3.0,3,1.0,55.6,98.0,1.0,4.0,0.0,0.0,0.0,0.0,0.0,0.0,0.0,0.0,0.0,0.0,0.0,0.0,,0,0,0,False,7.5,2.0,0.0,0.0,0.0,0,9.5,Low,Low,3 failed authentication events; 1 high-risk IAM events
EMP10612,omya.ram43,Operations,Director,Active,1,1,8.0,1.0,4,2.0,50.83,93.0,1.0,7.0,1.0,0.0,0.0,0.0,1.0,0.0,0.0,0.0,0.0,0.0,0.0,0.0,,0,0,0,False,7.0,4.0,0.0,6.0,0.0,0,17.0,Low,Low,1 failed authentication events; 2 high-risk IAM events; 1 malware alerts
EMP10613,pavani.bansal82,Legal,Analyst,Active,0,1,5.0,2.0,3,1.0,53.33,74.0,1.0,2.0,6.0,1.0,0.0,0.0,2.0,2.0,0.0,1.0,1.0,0.0,0.0,1.0,,0,0,0,False,6.5,2.0,5.0,27.0,0.0,5,45.5,Medium,Medium,2 failed authentication events; 1 high-risk IAM events; 2 malware alerts; 2 credential-access alerts; 1 PowerShell alerts; 1 security-tampering alerts; 1 critical endpoint alerts
EMP10614,radha.dash90,Sales,Executive,On Leave,1,1,8.0,1.0,4,3.0,50.71,95.0,1.0,5.0,4.0,0.0,1.0,0.0,0.0,1.0,0.0,1.0,1.0,0.0,0.0,1.0,,0,0,0,False,7.0,6.0,2.0,13.0,0.0,3,31.0,Medium,Medium,1 failed authentication events; 3 high-risk IAM events; 1 credential-access alerts; 1 PowerShell alerts; 1 security-tampering alerts
EMP10615,nikita.majumdar12,Sales,Director,Active,1,1,5.0,1.0,1,1.0,43.2,87.0,1.0,3.0,3.0,0.0,1.0,0.0,0.0,0.0,1.0,1.0,0.0,0.0,0.0,2.0,,0,0,0,False,2.5,2.0,2.0,9.0,0.0,0,15.5,Low,Low,1 failed authentication events; 1 high-risk IAM events; 1 lateral-movement alerts; 1 PowerShell alerts
EMP10616,isha.bir7,Customer Support,Director,Active,1,1,2.0,0.0,0,1.0,43.5,71.0,1.0,2.0,3.0,0.0,1.0,0.0,1.0,1.0,0.0,1.0,0.0,0.0,0.0,1.0,,0,0,0,False,0.0,2.0,2.0,15.0,0.0,5,24.0,Low,Low,1 high-risk IAM events; 1 malware alerts; 1 credential-access alerts; 1 PowerShell alerts
EMP10617,gaurav.rajagopal62,Customer Support,Engineer,Active,1,0,10.0,3.0,4,1.0,44.62,86.0,1.0,8.0,3.0,1.0,0.0,1.0,1.0,0.0,0.0,1.0,0.0,1.0,0.0,1.0,,0,0,0,False,9.0,2.0,5.0,10.0,2.0,5,33.0,Medium,Medium,"elevated authentication risk (3 failed auth, 4 MFA failures); 1 high-risk IAM events; 1 malware alerts; 1 PowerShell alerts; 1 critical endpoint alerts; 1 unresolved critical alerts"
EMP10618,yuvraj.ganesan68,Sales,Engineer,Active,1,1,8.0,2.0,2,1.0,51.88,82.0,1.0,6.0,3.0,1.0,0.0,0.0,1.0,0.0,0.0,0.0,1.0,1.0,0.0,1.0,,0,0,0,False,5.0,2.0,5.0,11.0,0.0,0,23.0,Low,Low,2 failed authentication events; 1 high-risk IAM events; 1 malware alerts; 1 security-tampering alerts; 1 critical endpoint alerts
EMP10619,qabil.dhaliwal53,Legal,Consultant,Active,1,1,2.0,1.0,0,1.0,77.0,86.0,1.0,0.0,3.0,1.0,0.0,1.0,1.0,0.0,0.0,2.0,0.0,1.0,0.0,1.0,,0,0,0,False,1.0,2.0,5.0,11.0,2.0,0,21.0,Low,Low,1 failed authentication events; 1 high-risk IAM events; 1 malware alerts; 2 PowerShell alerts; 1 critical endpoint alerts; 1 unresolved critical alerts
EMP10620,udyati.basu22,Operations,Specialist,Active,1,1,7.0,2.0,3,3.0,72.0,100.0,1.0,3.0,2.0,0.0,0.0,0.0,1.0,0.0,0.0,0.0,0.0,0.0,0.0,2.0,,0,0,0,False,6.5,6.0,0.0,6.0,0.0,3,21.5,Low,Low,2 failed authentication events; 3 high-risk IAM events; 1 malware alerts
EMP10621,bhanumati_ratta30,Sales,Consultant,Active,1,1,5.0,0.0,0,1.0,50.0,71.0,1.0,3.0,1.0,0.0,0.0,0.0,1.0,0.0,0.0,0.0,1.0,0.0,0.0,1.0,,0,0,0,False,0.0,2.0,0.0,10.0,0.0,0,12.0,Low,Low,1 high-risk IAM events; 1 malware alerts; 1 security-tampering alerts
EMP10622,yashoda.sur19,Brand,Analyst,Active,0,1,7.0,4.0,4,2.0,49.4,88.0,1.0,3.0,5.0,0.0,1.0,0.0,1.0,1.0,1.0,0.0,1.0,1.0,2.0,1.0,,0,0,0,False,10.0,4.0,2.0,23.0,0.0,10,49.0,Medium,Medium,"elevated authentication risk (4 failed auth, 4 MFA failures); 2 high-risk IAM events; 1 malware alerts; 1 credential-access alerts; 1 lateral-movement alerts; 1 security-tampering alerts"
EMP10623,deepa.bahl95,Customer Support,Engineer,Active,1,0,9.0,2.0,4,3.0,53.29,97.0,1.0,4.0,2.0,0.0,1.0,0.0,0.0,1.0,0.0,1.0,0.0,0.0,0.0,1.0,,0,0,0,False,8.0,6.0,2.0,9.0,0.0,8,33.0,Medium,Medium,"elevated authentication risk (2 failed auth, 4 MFA failures); 3 high-risk IAM events; 1 credential-access alerts; 1 PowerShell alerts"
EMP10624,sachi.pradhan19,IT,Director,Active,1,1,3.0,1.0,1,1.0,76.5,100.0,1.0,3.0,2.0,0.0,0.0,0.0,2.0,0.0,0.0,0.0,0.0,0.0,0.0,1.0,,0,0,0,False,2.5,2.0,0.0,12.0,0.0,0,16.5,Low,Low,1 failed authentication events; 1 high-risk IAM events; 2 malware alerts
EMP10625,dominic.loyal90,Supply Chain,Administrator,Inactive,1,1,8.0,2.0,3,3.0,67.67,95.0,1.0,6.0,3.0,1.0,0.0,1.0,0.0,1.0,0.0,1.0,0.0,0.0,0.0,1.0,2022-11-15 20:15:00,8,2,10,True,6.5,6.0,5.0,9.0,12.0,3,41.5,Medium,Medium,2 failed authentication events; 3 high-risk IAM events; 1 credential-access alerts; 1 PowerShell alerts; 1 critical endpoint alerts; 10 events after identity termination; 1 unresolved critical alerts
EMP10626,sara.bhattacharyya47,Human Resources,Analyst,Active,1,1,5.0,4.0,3,2.0,56.75,97.0,1.0,2.0,5.0,2.0,0.0,1.0,2.0,1.0,0.0,0.0,0.0,1.0,0.0,1.0,,0,0,0,False,8.5,4.0,10.0,19.0,2.0,10,53.5,High,High,"elevated authentication risk (4 failed auth, 3 MFA failures); 2 high-risk IAM events; 2 malware alerts; 1 credential-access alerts; 2 critical endpoint alerts; 1 unresolved critical alerts"
EMP10627,tara.devan13,Operations,Trainee,Active,0,0,8.0,4.0,5,1.0,40.5,70.0,1.0,3.0,3.0,1.0,1.0,0.0,1.0,0.0,0.0,2.0,1.0,0.0,0.0,1.0,,0,0,0,False,11.5,2.0,7.0,14.0,0.0,5,39.5,Medium,Medium,"elevated authentication risk (4 failed auth, 5 MFA failures); 1 high-risk IAM events; 1 malware alerts; 2 PowerShell alerts; 1 security-tampering alerts; 1 critical endpoint alerts"
EMP10628,nathan_taneja72,IT,Analyst,Active,1,1,5.0,1.0,1,0.0,32.6,57.0,1.0,2.0,0.0,0.0,0.0,0.0,0.0,0.0,0.0,0.0,0.0,0.0,0.0,0.0,,0,0,0,False,2.5,0.0,0.0,0.0,0.0,0,2.5,Low,Low,1 failed authentication events
EMP10629,ojasvi.majumdar45,Operations,Consultant,On Leave,1,0,3.0,1.0,0,0.0,34.0,51.0,1.0,1.0,2.0,0.0,1.0,0.0,1.0,0.0,0.0,0.0,0.0,0.0,1.0,1.0,,0,0,0,False,1.0,0.0,2.0,6.0,0.0,0,9.0,Low,Low,1 failed authentication events; 1 malware alerts
EMP10630,,Marketing,Director,Inactive,1,1,8.0,3.0,2,1.0,48.75,82.0,1.0,3.0,3.0,0.0,0.0,0.0,1.0,0.0,2.0,0.0,0.0,0.0,0.0,2.0,2025-04-05 00:00:00,6,3,9,True,6.0,2.0,0.0,14.0,10.0,5,37.0,Medium,Medium,3 failed authentication events; 1 high-risk IAM events; 1 malware alerts; 2 lateral-movement alerts; 9 events after identity termination
EMP10631,wishi.handa94,Legal,Officer,Active,1,1,4.0,1.0,2,0.0,33.0,63.0,1.0,4.0,3.0,0.0,2.0,0.0,1.0,0.0,1.0,0.0,0.0,1.0,0.0,2.0,,0,0,0,False,4.0,0.0,4.0,13.0,0.0,5,26.0,Medium,Medium,1 failed authentication events; 1 malware alerts; 1 lateral-movement alerts
EMP10632,dayita.malhotra55,Brand,Specialist,Active,1,1,4.0,2.0,1,0.0,49.67,64.0,1.0,3.0,2.0,0.0,1.0,0.0,0.0,0.0,0.0,2.0,1.0,0.0,0.0,1.0,,0,0,0,False,3.5,0.0,2.0,8.0,0.0,0,13.5,Low,Low,2 failed authentication events; 2 PowerShell alerts; 1 security-tampering alerts
EMP10633,pahal_sidhu88,Sales,Executive,Inactive,0,1,8.0,3.0,1,1.0,51.67,90.0,1.0,5.0,3.0,1.0,0.0,0.0,2.0,0.0,1.0,0.0,0.0,0.0,0.0,1.0,,0,0,0,False,4.5,2.0,5.0,18.0,0.0,5,34.5,Medium,Medium,3 failed authentication events; 1 high-risk IAM events; 2 malware alerts; 1 lateral-movement alerts; 1 critical endpoint alerts
EMP10634,utkarsh.murty19,Procurement,Executive,Active,1,1,4.0,1.0,3,1.0,58.0,89.0,1.0,2.0,2.0,0.0,1.0,0.0,1.0,0.0,0.0,1.0,0.0,0.0,0.0,1.0,,0,0,0,False,5.5,2.0,2.0,9.0,0.0,0,18.5,Low,Low,1 failed authentication events; 1 high-risk IAM events; 1 malware alerts; 1 PowerShell alerts
EMP10635,lopa.sehgal19,IT,Consultant,Active,1,1,3.0,1.0,1,1.0,43.67,78.0,1.0,3.0,3.0,0.0,1.0,0.0,1.0,0.0,1.0,1.0,0.0,0.0,0.0,1.0,,0,0,0,False,2.5,2.0,2.0,15.0,0.0,5,26.5,Medium,Medium,1 failed authentication events; 1 high-risk IAM events; 1 malware alerts; 1 lateral-movement alerts; 1 PowerShell alerts
EMP10636,udyati.dubey36,Finance,Engineer,Active,1,1,3.0,2.0,1,1.0,52.0,79.0,1.0,1.0,3.0,0.0,2.0,0.0,1.0,0.0,2.0,0.0,0.0,0.0,0.0,2.0,,0,0,0,False,3.5,2.0,4.0,14.0,0.0,5,28.5,Medium,Medium,2 failed authentication events; 1 high-risk IAM events; 1 malware alerts; 2 lateral-movement alerts
EMP10637,hitesh.shroff73,Procurement,Engineer,Active,0,1,6.0,3.0,5,0.0,37.5,62.0,1.0,3.0,7.0,1.0,0.0,1.0,3.0,1.0,0.0,2.0,1.0,0.0,0.0,1.0,,0,0,0,False,10.5,0.0,5.0,26.0,2.0,10,53.5,High,High,"elevated authentication risk (3 failed auth, 5 MFA failures); 3 malware alerts; 1 credential-access alerts; 2 PowerShell alerts; 1 security-tampering alerts; 1 critical endpoint alerts; 1 unresolved critical alerts"
EMP10638,onkar.vohra62,Finance,Officer,Active,1,1,7.0,2.0,4,2.0,43.0,97.0,1.0,4.0,2.0,0.0,0.0,0.0,2.0,0.0,0.0,1.0,0.0,0.0,0.0,1.0,,0,0,0,False,8.0,4.0,0.0,15.0,0.0,5,32.0,Medium,Medium,"elevated authentication risk (2 failed auth, 4 MFA failures); 2 high-risk IAM events; 2 malware alerts; 1 PowerShell alerts"
EMP10639,gabriel.dugal63,Innovation,Executive,Active,1,0,4.0,1.0,2,0.0,23.0,28.0,1.0,2.0,3.0,0.0,1.0,0.0,0.0,0.0,2.0,0.0,0.0,0.0,0.0,1.0,,0,0,0,False,4.0,0.0,2.0,8.0,0.0,0,14.0,Low,Low,1 failed authentication events; 2 lateral-movement alerts
EMP10640,raksha.chandra35,Legal,Engineer,Active,1,1,3.0,2.0,2,0.0,28.0,48.0,1.0,1.0,0.0,0.0,0.0,0.0,0.0,0.0,0.0,0.0,0.0,0.0,0.0,0.0,,0,0,0,False,5.0,0.0,0.0,0.0,0.0,0,5.0,Low,Low,2 failed authentication events
EMP10641,qadim.kari79,R&D,Consultant,Active,0,1,4.0,1.0,1,0.0,26.67,36.0,1.0,4.0,5.0,0.0,0.0,0.0,0.0,1.0,2.0,0.0,1.0,1.0,0.0,1.0,,0,0,0,False,2.5,0.0,0.0,19.0,0.0,0,21.5,Low,Low,1 failed authentication events; 1 credential-access alerts; 2 lateral-movement alerts; 1 security-tampering alerts
EMP10642,umang.dhaliwal49,Operations,Director,Active,1,1,10.0,2.0,4,2.0,54.14,92.0,1.0,7.0,2.0,0.0,1.0,0.0,1.0,0.0,1.0,0.0,0.0,0.0,0.0,1.0,,0,0,0,False,8.0,4.0,2.0,12.0,0.0,10,36.0,Medium,Medium,"elevated authentication risk (2 failed auth, 4 MFA failures); 2 high-risk IAM events; 1 malware alerts; 1 lateral-movement alerts"
EMP10643,abeer.lad5,Customer Support,Manager,Inactive,1,1,8.0,1.0,3,1.0,36.5,95.0,1.0,6.0,3.0,0.0,0.0,0.0,2.0,1.0,0.0,0.0,0.0,0.0,0.0,2.0,2025-06-15 13:14:33,7,2,9,True,5.5,2.0,0.0,18.0,10.0,5,40.5,Medium,Medium,1 failed authentication events; 1 high-risk IAM events; 2 malware alerts; 1 credential-access alerts; 9 events after identity termination
EMP10644,janani.rajagopalan6,Customer Support,Director,Active,1,1,51.0,22.0,25,12.0,51.08,96.0,1.0,27.0,3.0,0.0,0.0,0.0,2.0,0.0,0.0,0.0,0.0,1.0,0.0,1.0,,0,0,0,False,20.0,20.0,0.0,13.0,0.0,8,61.0,High,High,"elevated authentication risk (22 failed auth, 25 MFA failures); 12 high-risk IAM events; 2 malware alerts"
EMP10645,nikita.sangha37,R&D,Executive,Inactive,1,0,6.0,3.0,4,0.0,46.0,68.0,1.0,3.0,3.0,2.0,1.0,0.0,2.0,0.0,0.0,0.0,1.0,0.0,0.0,1.0,2026-01-07 20:23:25,6,2,8,True,9.0,0.0,12.0,16.0,10.0,5,52.0,High,High,"elevated authentication risk (3 failed auth, 4 MFA failures); 2 malware alerts; 1 security-tampering alerts; 2 critical endpoint alerts; 8 events after identity termination"
EMP10646,nirja.rau58,People,Officer,Inactive,1,1,4.0,2.0,3,0.0,30.67,44.0,1.0,2.0,1.0,0.0,0.0,0.0,0.0,0.0,0.0,0.0,0.0,0.0,0.0,1.0,2026-05-04 09:40:46,4,1,5,True,6.5,0.0,0.0,0.0,10.0,0,16.5,Low,Low,2 failed authentication events; 5 events after identity termination
EMP10647,vedant.kumer4,Finance,Trainee,Inactive,1,1,4.0,2.0,2,0.0,9.33,15.0,1.0,2.0,1.0,0.0,0.0,0.0,0.0,0.0,0.0,0.0,0.0,0.0,0.0,1.0,2026-08-26 06:28:00,1,0,1,True,5.0,0.0,0.0,0.0,3.0,0,8.0,Low,Low,2 failed authentication events; 1 events after identity termination
EMP10648,tripti.karpe21,Human Resources,Manager,Active,1,1,8.0,1.0,3,1.0,36.71,93.0,1.0,5.0,0.0,0.0,0.0,0.0,0.0,0.0,0.0,0.0,0.0,0.0,0.0,0.0,,0,0,0,False,5.5,2.0,0.0,0.0,0.0,0,7.5,Low,Low,1 failed authentication events; 1 high-risk IAM events
EMP10649,tejas.narula94,Customer Support,Specialist,Active,1,0,7.0,2.0,3,3.0,62.6,93.0,1.0,4.0,1.0,0.0,0.0,0.0,0.0,0.0,0.0,0.0,0.0,0.0,0.0,1.0,,0,0,0,False,6.5,6.0,0.0,0.0,0.0,3,15.5,Low,Low,2 failed authentication events; 3 high-risk IAM events
EMP10650,darika.sha73,Finance,Executive,Active,1,1,6.0,4.0,3,5.0,68.83,97.0,1.0,3.0,3.0,0.0,1.0,0.0,0.0,1.0,0.0,1.0,1.0,0.0,0.0,1.0,,0,0,0,False,8.5,10.0,2.0,13.0,0.0,8,41.5,Medium,Medium,"elevated authentication risk (4 failed auth, 3 MFA failures); 5 high-risk IAM events; 1 credential-access alerts; 1 PowerShell alerts; 1 security-tampering alerts"
EMP10651,pranit.srinivas94,R&D,Administrator,Inactive,1,0,7.0,1.0,3,2.0,59.0,77.0,1.0,6.0,3.0,0.0,1.0,0.0,1.0,1.0,0.0,1.0,0.0,0.0,1.0,2.0,2023-11-17 15:02:30,7,3,10,True,5.5,4.0,2.0,15.0,10.0,5,41.5,Medium,Medium,1 failed authentication events; 2 high-risk IAM events; 1 malware alerts; 1 credential-access alerts; 1 PowerShell alerts; 10 events after identity termination
EMP10652,ayush.srinivasan64,Customer Support,Analyst,Active,1,1,6.0,1.0,2,1.0,41.4,84.0,1.0,4.0,2.0,1.0,0.0,0.0,1.0,0.0,0.0,0.0,0.0,0.0,0.0,1.0,,0,0,0,False,4.0,2.0,5.0,6.0,0.0,0,17.0,Low,Low,1 failed authentication events; 1 high-risk IAM events; 1 malware alerts; 1 critical endpoint alerts
EMP10653,qasim.gole57,Human Resources,Specialist,Inactive,1,1,5.0,3.0,1,2.0,69.5,97.0,1.0,3.0,2.0,0.0,2.0,0.0,1.0,0.0,1.0,0.0,0.0,0.0,1.0,1.0,,0,0,0,False,4.5,4.0,4.0,12.0,0.0,5,29.5,Medium,Medium,3 failed authentication events; 2 high-risk IAM events; 1 malware alerts; 1 lateral-movement alerts
EMP10654,vamakshi.ravel8,Operations,Analyst,Active,1,1,3.0,1.0,2,0.0,30.33,59.0,1.0,2.0,3.0,0.0,1.0,0.0,1.0,0.0,0.0,0.0,0.0,1.0,0.0,1.0,,0,0,0,False,4.0,0.0,2.0,7.0,0.0,0,13.0,Low,Low,1 failed authentication events; 1 malware alerts
EMP10655,eshana.bala7,Human Resources,Director,Active,1,1,4.0,2.0,2,2.0,68.5,98.0,1.0,1.0,4.0,3.0,0.0,3.0,0.0,1.0,1.0,2.0,0.0,0.0,0.0,1.0,,0,0,0,False,5.0,4.0,15.0,16.0,5.0,0,45.0,Medium,Medium,2 failed authentication events; 2 high-risk IAM events; 1 credential-access alerts; 1 lateral-movement alerts; 2 PowerShell alerts; 3 critical endpoint alerts; 3 unresolved critical alerts
EMP10656,daksh.pau74,Customer Support,Executive,Active,1,0,3.0,2.0,1,2.0,61.0,86.0,1.0,2.0,2.0,0.0,0.0,0.0,1.0,0.0,0.0,1.0,0.0,0.0,0.0,1.0,,0,0,0,False,3.5,4.0,0.0,9.0,0.0,0,16.5,Low,Low,2 failed authentication events; 2 high-risk IAM events; 1 malware alerts; 1 PowerShell alerts
EMP10657,,Operations,Director,Disabled,1,1,7.0,1.0,2,2.0,55.2,88.0,1.0,3.0,1.0,0.0,0.0,0.0,0.0,0.0,1.0,0.0,0.0,0.0,0.0,1.0,2021-09-11 00:00:00,7,1,8,True,4.0,4.0,0.0,6.0,10.0,0,24.0,Low,Low,1 failed authentication events; 2 high-risk IAM events; 1 lateral-movement alerts; 8 events after identity termination
EMP10658,nitesh.garg36,Operations,Officer,Active,1,1,4.0,0.0,2,0.0,28.0,40.0,1.0,2.0,0.0,0.0,0.0,0.0,0.0,0.0,0.0,0.0,0.0,0.0,0.0,0.0,,0,0,0,False,3.0,0.0,0.0,0.0,0.0,0,3.0,Low,Low,No high-priority risk drivers
EMP10659,pahal.sethi94,Customer Support,Manager,Inactive,1,1,6.0,1.0,3,1.0,30.4,72.0,1.0,4.0,2.0,0.0,0.0,0.0,1.0,1.0,0.0,1.0,0.0,0.0,0.0,1.0,2026-08-29 10:05:29,1,0,1,True,5.5,2.0,0.0,15.0,3.0,5,30.5,Medium,Medium,1 failed authentication events; 1 high-risk IAM events; 1 malware alerts; 1 credential-access alerts; 1 PowerShell alerts; 1 events after identity termination
EMP10660,maanav.oak34,Customer Support,Specialist,Active,1,0,4.0,1.0,3,2.0,48.75,95.0,1.0,3.0,2.0,2.0,0.0,1.0,0.0,1.0,0.0,0.0,0.0,0.0,0.0,2.0,,0,0,0,False,5.5,4.0,10.0,6.0,2.0,0,27.5,Medium,Medium,1 failed authentication events; 2 high-risk IAM events; 1 credential-access alerts; 2 critical endpoint alerts; 1 unresolved critical alerts
EMP10661,yug.lalla64,R&D,Executive,On Leave,1,0,6.0,3.0,4,1.0,48.25,87.0,1.0,2.0,5.0,0.0,0.0,0.0,2.0,0.0,1.0,0.0,0.0,1.0,0.0,1.0,,0,0,0,False,9.0,2.0,0.0,19.0,0.0,10,40.0,Medium,Medium,"elevated authentication risk (3 failed auth, 4 MFA failures); 1 high-risk IAM events; 2 malware alerts; 1 lateral-movement alerts"
EMP10662,watika.sant81,Human Resources,Engineer,Active,0,1,10.0,4.0,4,2.0,41.38,95.0,1.0,5.0,6.0,1.0,1.0,0.0,2.0,1.0,0.0,0.0,1.0,1.0,0.0,2.0,,0,0,0,False,10.0,4.0,7.0,23.0,0.0,10,54.0,High,High,"elevated authentication risk (4 failed auth, 4 MFA failures); 2 high-risk IAM events; 2 malware alerts; 1 credential-access alerts; 1 security-tampering alerts; 1 critical endpoint alerts"
EMP10663,urmi.dixit82,Sales,Analyst,Active,1,1,5.0,3.0,2,1.0,55.75,78.0,1.0,3.0,2.0,0.0,1.0,0.0,0.0,1.0,0.0,1.0,0.0,0.0,0.0,1.0,,0,0,0,False,6.0,2.0,2.0,9.0,0.0,0,19.0,Low,Low,3 failed authentication events; 1 high-risk IAM events; 1 credential-access alerts; 1 PowerShell alerts
EMP10664,yauvani.bajwa71,Operations,Analyst,Active,1,1,8.0,3.0,2,1.0,38.12,97.0,1.0,4.0,2.0,1.0,0.0,1.0,2.0,0.0,0.0,0.0,0.0,0.0,0.0,1.0,,0,0,0,False,6.0,2.0,5.0,12.0,2.0,0,27.0,Medium,Medium,3 failed authentication events; 1 high-risk IAM events; 2 malware alerts; 1 critical endpoint alerts; 1 unresolved critical alerts
EMP10665,daksh.kalita23,Sales,Consultant,Active,1,0,6.0,5.0,3,1.0,42.75,89.0,1.0,2.0,1.0,0.0,0.0,0.0,1.0,0.0,0.0,0.0,0.0,0.0,0.0,1.0,,0,0,0,False,9.5,2.0,0.0,6.0,0.0,5,22.5,Low,Low,"elevated authentication risk (5 failed auth, 3 MFA failures); 1 high-risk IAM events; 1 malware alerts"
EMP10666,vinaya.mutti83,Finance,Trainee,Inactive,1,1,2.0,1.0,1,1.0,43.0,79.0,1.0,1.0,3.0,0.0,2.0,0.0,2.0,0.0,0.0,2.0,2.0,0.0,1.0,1.0,,0,0,0,False,2.5,2.0,4.0,21.0,0.0,0,29.5,Medium,Medium,1 failed authentication events; 1 high-risk IAM events; 2 malware alerts; 2 PowerShell alerts; 2 security-tampering alerts
EMP10667,nathaniel.dhaliwal53,IT,Officer,Active,1,1,9.0,5.0,6,0.0,34.33,61.0,1.0,4.0,5.0,1.0,2.0,0.0,2.0,0.0,1.0,2.0,2.0,0.0,0.0,2.0,,0,0,0,False,14.0,0.0,9.0,27.0,0.0,10,60.0,High,High,"elevated authentication risk (5 failed auth, 6 MFA failures); 2 malware alerts; 1 lateral-movement alerts; 2 PowerShell alerts; 2 security-tampering alerts; 1 critical endpoint alerts"
EMP10668,,Operations,Consultant,Disabled,1,1,4.0,0.0,0,1.0,59.5,80.0,1.0,2.0,3.0,0.0,1.0,0.0,2.0,0.0,0.0,1.0,0.0,0.0,0.0,1.0,,0,0,0,False,0.0,2.0,2.0,15.0,0.0,0,19.0,Low,Low,1 high-risk IAM events; 2 malware alerts; 1 PowerShell alerts
EMP10669,mohini.thakkar22,Procurement,Specialist,Active,1,1,11.0,1.0,6,1.0,45.78,94.0,1.0,6.0,1.0,0.0,0.0,0.0,0.0,0.0,0.0,1.0,0.0,0.0,0.0,1.0,,0,0,0,False,10.0,2.0,0.0,3.0,0.0,0,15.0,Low,Low,"elevated authentication risk (1 failed auth, 6 MFA failures); 1 high-risk IAM events; 1 PowerShell alerts"
EMP10670,,IT,Administrator,Inactive,1,1,8.0,1.0,4,1.0,36.75,93.0,1.0,6.0,3.0,0.0,0.0,0.0,1.0,0.0,0.0,1.0,0.0,1.0,0.0,2.0,2024-06-12 14:05:00,7,3,10,True,7.0,2.0,0.0,10.0,10.0,0,29.0,Medium,Medium,1 failed authentication events; 1 high-risk IAM events; 1 malware alerts; 1 PowerShell alerts; 10 events after identity termination
EMP10671,,Human Resources,Consultant,Inactive,1,1,7.0,1.0,0,1.0,33.0,82.0,1.0,6.0,4.0,1.0,1.0,0.0,0.0,1.0,0.0,0.0,0.0,1.0,0.0,1.0,2025-10-29 13:10:57,6,2,8,True,1.0,2.0,7.0,7.0,10.0,0,27.0,Medium,Medium,1 failed authentication events; 1 high-risk IAM events; 1 credential-access alerts; 1 critical endpoint alerts; 8 events after identity termination
EMP10672,leena.kale20,Sales,Consultant,Active,1,1,6.0,1.0,2,0.0,32.75,51.0,1.0,4.0,4.0,2.0,2.0,1.0,0.0,2.0,0.0,3.0,0.0,0.0,1.0,1.0,,0,0,0,False,4.0,0.0,14.0,12.0,2.0,0,32.0,Medium,Medium,1 failed authentication events; 2 credential-access alerts; 3 PowerShell alerts; 2 critical endpoint alerts; 1 unresolved critical alerts
EMP10673,robert.bandi13,Customer Support,Executive,Active,1,1,6.0,2.0,3,0.0,69.0,69.0,1.0,2.0,2.0,1.0,0.0,0.0,0.0,0.0,1.0,2.0,0.0,0.0,0.0,1.0,,0,0,0,False,6.5,0.0,5.0,10.0,0.0,0,21.5,Low,Low,2 failed authentication events; 1 lateral-movement alerts; 2 PowerShell alerts; 1 critical endpoint alerts
EMP10674,tripti.iyengar15,IT,Administrator,Inactive,1,1,5.0,2.0,2,2.0,42.8,82.0,1.0,2.0,4.0,1.0,0.0,1.0,1.0,0.0,1.0,1.0,3.0,1.0,0.0,1.0,2023-01-12 00:00:00,5,3,8,True,5.0,4.0,5.0,21.0,12.0,5,52.0,High,High,2 failed authentication events; 2 high-risk IAM events; 1 malware alerts; 1 lateral-movement alerts; 1 PowerShell alerts; 3 security-tampering alerts; 1 critical endpoint alerts; 8 events after identity termination; 1 unresolved critical alerts
EMP10675,jackson.lad85,Marketing,Analyst,Inactive,1,1,2.0,0.0,0,0.0,56.0,56.0,1.0,1.0,1.0,0.0,0.0,0.0,0.0,1.0,0.0,0.0,0.0,0.0,0.0,1.0,2023-12-13 02:34:50,2,1,3,True,0.0,0.0,0.0,6.0,9.0,0,15.0,Low,Low,1 credential-access alerts; 3 events after identity termination
EMP10676,yauvani_mannan99,R&D,Manager,Active,1,1,3.0,2.0,2,1.0,91.0,91.0,1.0,2.0,3.0,0.0,1.0,0.0,0.0,1.0,1.0,1.0,1.0,0.0,0.0,2.0,,0,0,0,False,5.0,2.0,2.0,19.0,0.0,0,28.0,Medium,Medium,2 failed authentication events; 1 high-risk IAM events; 1 credential-access alerts; 1 lateral-movement alerts; 1 PowerShell alerts; 1 security-tampering alerts
EMP10677,aashi.nadig72,Customer Support,Manager,Active,1,0,3.0,0.0,0,2.0,77.0,90.0,1.0,2.0,2.0,0.0,0.0,0.0,0.0,1.0,0.0,0.0,1.0,1.0,0.0,1.0,,0,0,0,False,0.0,4.0,0.0,11.0,0.0,0,15.0,Low,Low,2 high-risk IAM events; 1 credential-access alerts; 1 security-tampering alerts
EMP10678,avi.kalla37,Procurement,Engineer,Active,1,1,3.0,0.0,1,0.0,29.0,44.0,1.0,3.0,2.0,0.0,0.0,0.0,2.0,0.0,0.0,0.0,0.0,0.0,2.0,2.0,,0,0,0,False,1.5,0.0,0.0,12.0,0.0,0,13.5,Low,Low,2 malware alerts
EMP10679,ira.khanna17,IT,Trainee,Active,1,0,3.0,1.0,1,1.0,72.0,87.0,1.0,2.0,3.0,0.0,1.0,0.0,2.0,1.0,0.0,0.0,1.0,0.0,0.0,1.0,,0,0,0,False,2.5,2.0,2.0,22.0,0.0,5,33.5,Medium,Medium,1 failed authentication events; 1 high-risk IAM events; 2 malware alerts; 1 credential-access alerts; 1 security-tampering alerts
EMP10680,chanchal.srivastava91,Procurement,Specialist,Active,1,1,7.0,3.0,3,1.0,40.83,90.0,1.0,3.0,3.0,0.0,1.0,0.0,1.0,1.0,0.0,1.0,1.0,0.0,0.0,1.0,,0,0,0,False,7.5,2.0,2.0,19.0,0.0,5,35.5,Medium,Medium,3 failed authentication events; 1 high-risk IAM events; 1 malware alerts; 1 credential-access alerts; 1 PowerShell alerts; 1 security-tampering alerts
EMP10681,abdul.mannan92,Customer Support,Manager,Active,1,0,3.0,0.0,1,1.0,60.5,100.0,1.0,2.0,2.0,0.0,0.0,0.0,1.0,0.0,0.0,1.0,0.0,0.0,0.0,1.0,,0,0,0,False,1.5,2.0,0.0,9.0,0.0,0,12.5,Low,Low,1 high-risk IAM events; 1 malware alerts; 1 PowerShell alerts
EMP10682,dhruv.sami40,R&D,Trainee,Inactive,1,1,6.0,2.0,2,0.0,31.4,68.0,1.0,5.0,2.0,0.0,1.0,0.0,0.0,0.0,0.0,2.0,0.0,0.0,0.0,1.0,2026-01-08 01:43:23,5,2,7,True,5.0,0.0,2.0,4.0,10.0,0,21.0,Low,Low,2 failed authentication events; 2 PowerShell alerts; 7 events after identity termination
EMP10683,shaurya.saini86,Operations,Consultant,Active,1,1,8.0,3.0,2,3.0,61.4,88.0,1.0,3.0,3.0,1.0,0.0,0.0,0.0,0.0,1.0,1.0,0.0,1.0,0.0,2.0,,0,0,0,False,6.0,6.0,5.0,10.0,0.0,0,27.0,Medium,Medium,3 failed authentication events; 3 high-risk IAM events; 1 lateral-movement alerts; 1 PowerShell alerts; 1 critical endpoint alerts
EMP10684,kashish_sarin22,Brand,Consultant,Active,1,1,8.0,3.0,3,2.0,49.29,100.0,1.0,5.0,4.0,0.0,0.0,0.0,0.0,0.0,0.0,2.0,0.0,3.0,0.0,1.0,,0,0,0,False,7.5,4.0,0.0,6.0,0.0,0,17.5,Low,Low,3 failed authentication events; 2 high-risk IAM events; 2 PowerShell alerts
EMP10685,anamika.sundaram14,Operations,Officer,Active,1,0,10.0,3.0,5,2.0,44.71,92.0,1.0,6.0,4.0,0.0,1.0,0.0,2.0,0.0,0.0,1.0,0.0,0.0,0.0,1.0,,0,0,0,False,10.5,4.0,2.0,15.0,0.0,5,36.5,Medium,Medium,"elevated authentication risk (3 failed auth, 5 MFA failures); 2 high-risk IAM events; 2 malware alerts; 1 PowerShell alerts"
EMP10686,rajeshri.shah80,Sales,Officer,Active,0,1,7.0,3.0,2,2.0,62.0,94.0,1.0,4.0,1.0,0.0,0.0,0.0,0.0,0.0,0.0,0.0,0.0,1.0,0.0,1.0,,0,0,0,False,6.0,4.0,0.0,1.0,0.0,0,11.0,Low,Low,3 failed authentication events; 2 high-risk IAM events
EMP10687,vaishnavi.dora76,Legal,Director,Active,1,0,3.0,1.0,2,0.0,32.0,32.0,1.0,0.0,2.0,1.0,0.0,0.0,0.0,1.0,0.0,1.0,0.0,0.0,0.0,1.0,,0,0,0,False,4.0,0.0,5.0,9.0,0.0,0,18.0,Low,Low,1 failed authentication events; 1 credential-access alerts; 1 PowerShell alerts; 1 critical endpoint alerts
EMP10688,keya.solanki95,Procurement,Trainee,Active,1,1,6.0,2.0,3,2.0,62.4,80.0,1.0,2.0,1.0,0.0,0.0,0.0,1.0,0.0,0.0,0.0,0.0,0.0,0.0,1.0,,0,0,0,False,6.5,4.0,0.0,6.0,0.0,0,16.5,Low,Low,2 failed authentication events; 2 high-risk IAM events; 1 malware alerts
EMP10689,sai_pathak23,Marketing,Director,Active,1,1,1.0,0.0,0,0.0,0.0,0.0,1.0,1.0,1.0,0.0,1.0,0.0,0.0,1.0,0.0,0.0,0.0,0.0,0.0,1.0,,0,0,0,False,0.0,0.0,2.0,6.0,0.0,0,8.0,Low,Low,1 credential-access alerts
EMP10690,umang.sahni49,Operations,Trainee,Active,1,0,4.0,2.0,2,0.0,47.67,54.0,1.0,1.0,3.0,0.0,1.0,0.0,0.0,0.0,0.0,2.0,1.0,1.0,0.0,1.0,,0,0,0,False,5.0,0.0,2.0,9.0,0.0,0,16.0,Low,Low,2 failed authentication events; 2 PowerShell alerts; 1 security-tampering alerts
EMP10691,,IT,Executive,Active,1,1,7.0,1.0,3,3.0,48.33,90.0,1.0,3.0,2.0,0.0,0.0,0.0,0.0,0.0,0.0,1.0,1.0,1.0,0.0,1.0,,0,0,0,False,5.5,6.0,0.0,8.0,0.0,3,22.5,Low,Low,1 failed authentication events; 3 high-risk IAM events; 1 PowerShell alerts; 1 security-tampering alerts
EMP10692,nitara_shukla26,Sales,Consultant,Active,1,1,4.0,0.0,0,1.0,38.25,83.0,1.0,3.0,6.0,0.0,1.0,0.0,3.0,1.0,0.0,2.0,1.0,0.0,0.0,1.0,,0,0,0,False,0.0,2.0,2.0,26.0,0.0,5,35.0,Medium,Medium,1 high-risk IAM events; 3 malware alerts; 1 credential-access alerts; 2 PowerShell alerts; 1 security-tampering alerts
EMP10693,wriddhish.babu12,Supply Chain,Analyst,Disabled,1,1,9.0,3.0,2,1.0,63.67,85.0,1.0,5.0,4.0,0.0,1.0,0.0,0.0,1.0,2.0,0.0,1.0,1.0,1.0,1.0,2026-05-02 18:32:06,8,4,12,True,6.0,2.0,2.0,19.0,10.0,0,39.0,Medium,Medium,3 failed authentication events; 1 high-risk IAM events; 1 credential-access alerts; 2 lateral-movement alerts; 1 security-tampering alerts; 12 events after identity termination
EMP10694,,Customer Support,Consultant,Active,1,1,3.0,1.0,0,1.0,50.5,95.0,1.0,1.0,2.0,0.0,0.0,0.0,2.0,0.0,0.0,0.0,0.0,0.0,0.0,1.0,,0,0,0,False,1.0,2.0,0.0,12.0,0.0,0,15.0,Low,Low,1 failed authentication events; 1 high-risk IAM events; 2 malware alerts
EMP10695,charita_dhingra41,Legal,Director,Active,1,1,10.0,4.0,4,4.0,65.17,100.0,1.0,4.0,3.0,0.0,1.0,0.0,0.0,0.0,0.0,2.0,0.0,0.0,0.0,1.0,,0,0,0,False,10.0,8.0,2.0,4.0,0.0,3,27.0,Medium,Medium,"elevated authentication risk (4 failed auth, 4 MFA failures); 4 high-risk IAM events; 2 PowerShell alerts"
EMP10696,george_krishnamurthy72,Legal,Consultant,Active,1,0,8.0,2.0,2,3.0,44.38,98.0,1.0,3.0,6.0,0.0,1.0,0.0,1.0,1.0,1.0,1.0,0.0,1.0,0.0,1.0,,0,0,0,False,5.0,6.0,2.0,22.0,0.0,10,45.0,Medium,Medium,2 failed authentication events; 3 high-risk IAM events; 1 malware alerts; 1 credential-access alerts; 1 lateral-movement alerts; 1 PowerShell alerts
EMP10697,omisha.suri10,IT,Executive,Active,1,1,5.0,2.0,2,1.0,45.33,97.0,1.0,3.0,5.0,1.0,0.0,1.0,2.0,0.0,0.0,0.0,0.0,0.0,0.0,1.0,,0,0,0,False,5.0,2.0,5.0,12.0,2.0,0,26.0,Medium,Medium,2 failed authentication events; 1 high-risk IAM events; 2 malware alerts; 1 critical endpoint alerts; 1 unresolved critical alerts
EMP10698,yashvi.korpal54,R&D,Specialist,Active,1,1,8.0,4.0,4,2.0,46.86,87.0,1.0,3.0,3.0,0.0,1.0,0.0,2.0,1.0,0.0,1.0,0.0,0.0,0.0,1.0,,0,0,0,False,10.0,4.0,2.0,21.0,0.0,10,47.0,Medium,Medium,"elevated authentication risk (4 failed auth, 4 MFA failures); 2 high-risk IAM events; 2 malware alerts; 1 credential-access alerts; 1 PowerShell alerts"
EMP10699,yatan.randhawa50,Operations,Engineer,Active,1,1,8.0,4.0,5,2.0,42.86,87.0,1.0,4.0,3.0,0.0,0.0,0.0,0.0,0.0,1.0,1.0,0.0,0.0,0.0,1.0,,0,0,0,False,11.5,4.0,0.0,9.0,0.0,5,29.5,Medium,Medium,"elevated authentication risk (4 failed auth, 5 MFA failures); 2 high-risk IAM events; 1 lateral-movement alerts; 1 PowerShell alerts"
EMP10700,charles.brar31,Customer Support,Administrator,Active,1,1,5.0,2.0,2,1.0,48.0,85.0,1.0,2.0,3.0,0.0,0.0,0.0,1.0,0.0,1.0,0.0,2.0,0.0,0.0,1.0,,0,0,0,False,5.0,2.0,0.0,17.0,0.0,5,29.0,Medium,Medium,2 failed authentication events; 1 high-risk IAM events; 1 malware alerts; 1 lateral-movement alerts; 2 security-tampering alerts
EMP10701,keya.apte48,Human Resources,Specialist,Active,1,1,3.0,1.0,1,0.0,8.0,14.0,1.0,1.0,1.0,0.0,0.0,0.0,1.0,0.0,0.0,0.0,0.0,0.0,0.0,1.0,,0,0,0,False,2.5,0.0,0.0,6.0,0.0,0,8.5,Low,Low,1 failed authentication events; 1 malware alerts
EMP10702,anjali.merchant97,Marketing,Trainee,Inactive,1,1,7.0,3.0,2,1.0,44.0,72.0,1.0,4.0,1.0,0.0,0.0,0.0,0.0,1.0,0.0,0.0,0.0,0.0,0.0,1.0,2026-02-12 00:00:00,7,1,8,True,6.0,2.0,0.0,6.0,10.0,0,24.0,Low,Low,3 failed authentication events; 1 high-risk IAM events; 1 credential-access alerts; 8 events after identity termination
EMP10703,rachana_nath10,Customer Support,Specialist,Inactive,1,1,5.0,3.0,3,1.0,40.25,97.0,1.0,2.0,2.0,0.0,0.0,0.0,0.0,0.0,0.0,0.0,0.0,1.0,0.0,2.0,2025-07-19 00:00:00,5,2,7,True,7.5,2.0,0.0,1.0,10.0,0,20.5,Low,Low,3 failed authentication events; 1 high-risk IAM events; 7 events after identity termination
EMP10704,pavani.wali74,Operations,Director,Active,1,1,4.0,1.0,1,2.0,50.25,84.0,1.0,2.0,1.0,0.0,0.0,0.0,1.0,0.0,0.0,0.0,0.0,0.0,0.0,1.0,,0,0,0,False,2.5,4.0,0.0,6.0,0.0,0,12.5,Low,Low,1 failed authentication events; 2 high-risk IAM events; 1 malware alerts
EMP10705,bimala.raval96,Marketing,Specialist,Active,1,1,8.0,1.0,3,3.0,54.29,96.0,1.0,3.0,3.0,1.0,0.0,0.0,0.0,0.0,0.0,1.0,1.0,0.0,0.0,1.0,,0,0,0,False,5.5,6.0,5.0,7.0,0.0,3,26.5,Medium,Medium,1 failed authentication events; 3 high-risk IAM events; 1 PowerShell alerts; 1 security-tampering alerts; 1 critical endpoint alerts
EMP10706,aditya.bail38,Procurement,Analyst,Active,1,1,7.0,0.0,3,1.0,43.75,71.0,1.0,6.0,2.0,0.0,1.0,0.0,0.0,0.0,1.0,0.0,0.0,0.0,0.0,1.0,,0,0,0,False,4.5,2.0,2.0,6.0,0.0,0,14.5,Low,Low,1 high-risk IAM events; 1 lateral-movement alerts
EMP10707,raksha.mahal36,Marketing,Executive,Disabled,1,0,5.0,2.0,1,0.0,36.5,51.0,1.0,4.0,3.0,1.0,0.0,1.0,0.0,0.0,1.0,2.0,0.0,0.0,1.0,1.0,2025-04-04 03:15:00,5,2,7,True,3.5,0.0,5.0,10.0,12.0,0,30.5,Medium,Medium,2 failed authentication events; 1 lateral-movement alerts; 2 PowerShell alerts; 1 critical endpoint alerts; 7 events after identity termination; 1 unresolved critical alerts
EMP10708,krisha.dugar95,Finance,Trainee,Disabled,1,1,1.0,0.0,0,0.0,0.0,0.0,1.0,1.0,3.0,2.0,1.0,2.0,3.0,0.0,0.0,1.0,0.0,0.0,0.0,1.0,2026-06-30 09:00:15,1,3,4,True,0.0,0.0,12.0,15.0,14.0,0,41.0,Medium,Medium,3 malware alerts; 1 PowerShell alerts; 2 critical endpoint alerts; 4 events after identity termination; 2 unresolved critical alerts
EMP10709,christopher.rajagopal44,Human Resources,Executive,Active,1,1,5.0,2.0,3,0.0,36.0,60.0,1.0,3.0,3.0,0.0,1.0,0.0,0.0,1.0,1.0,0.0,1.0,0.0,0.0,1.0,,0,0,0,False,6.5,0.0,2.0,16.0,0.0,0,24.5,Medium,Medium,2 failed authentication events; 1 credential-access alerts; 1 lateral-movement alerts; 1 security-tampering alerts
EMP10710,hamsini.bassi31,R&D,Executive,Active,1,1,5.0,5.0,4,3.0,71.0,88.0,1.0,2.0,6.0,0.0,1.0,0.0,2.0,1.0,1.0,0.0,1.0,1.0,0.0,1.0,,0,0,0,False,11.0,11.0,2.0,29.0,0.0,10,63.0,High,High,"elevated authentication risk (5 failed auth, 4 MFA failures); 3 high-risk IAM events; 2 malware alerts; 1 credential-access alerts; 1 lateral-movement alerts; 1 security-tampering alerts"
EMP10711,ayushman.chowdhury15,IT,Executive,Active,1,1,2.0,1.0,1,0.0,66.0,66.0,1.0,1.0,2.0,1.0,1.0,1.0,1.0,0.0,1.0,0.0,0.0,0.0,0.0,1.0,,0,0,0,False,2.5,0.0,7.0,12.0,2.0,5,28.5,Medium,Medium,1 failed authentication events; 1 malware alerts; 1 lateral-movement alerts; 1 critical endpoint alerts; 1 unresolved critical alerts
EMP10712,manya.bhatti69,Sales,Director,Active,1,1,7.0,3.0,2,2.0,54.57,99.0,1.0,3.0,3.0,1.0,0.0,1.0,1.0,0.0,0.0,1.0,1.0,0.0,0.0,1.0,,0,0,0,False,6.0,4.0,5.0,13.0,2.0,0,30.0,Medium,Medium,3 failed authentication events; 2 high-risk IAM events; 1 malware alerts; 1 PowerShell alerts; 1 security-tampering alerts; 1 critical endpoint alerts; 1 unresolved critical alerts
EMP10713,azaan.luthra2,Marketing,Trainee,On Leave,1,1,6.0,3.0,3,1.0,51.5,91.0,1.0,4.0,1.0,0.0,0.0,0.0,0.0,0.0,0.0,0.0,0.0,0.0,0.0,1.0,,0,0,0,False,7.5,2.0,0.0,0.0,0.0,0,9.5,Low,Low,3 failed authentication events; 1 high-risk IAM events
EMP10714,matthew.prabhu13,Customer Support,Consultant,Inactive,1,1,5.0,1.0,1,0.0,39.8,47.0,1.0,2.0,6.0,1.0,1.0,0.0,3.0,2.0,0.0,0.0,3.0,0.0,1.0,2.0,,0,0,0,False,2.5,0.0,7.0,25.0,0.0,5,39.5,Medium,Medium,1 failed authentication events; 3 malware alerts; 2 credential-access alerts; 3 security-tampering alerts; 1 critical endpoint alerts
EMP10715,forum.vyas33,Procurement,Director,Active,1,1,7.0,1.0,1,0.0,31.25,58.0,1.0,5.0,1.0,0.0,0.0,0.0,0.0,0.0,0.0,1.0,0.0,0.0,0.0,1.0,,0,0,0,False,2.5,0.0,0.0,3.0,0.0,0,5.5,Low,Low,1 failed authentication events; 1 PowerShell alerts
EMP10716,orinder.pal67,Operations,Executive,Active,1,1,3.0,1.0,1,0.0,38.0,61.0,1.0,1.0,7.0,2.0,2.0,1.0,1.0,0.0,2.0,2.0,0.0,1.0,0.0,2.0,,0,0,0,False,2.5,0.0,14.0,19.0,2.0,5,42.5,Medium,Medium,1 failed authentication events; 1 malware alerts; 2 lateral-movement alerts; 2 PowerShell alerts; 2 critical endpoint alerts; 1 unresolved critical alerts
EMP10717,nisha.nagarajan68,People,Trainee,Active,1,1,3.0,1.0,1,0.0,19.0,21.0,1.0,0.0,2.0,0.0,0.0,0.0,1.0,0.0,0.0,2.0,0.0,0.0,0.0,1.0,,0,0,0,False,2.5,0.0,0.0,10.0,0.0,0,12.5,Low,Low,1 failed authentication events; 1 malware alerts; 2 PowerShell alerts
EMP10718,anamika.radhakrishnan8,Procurement,Engineer,Active,1,1,0.0,0.0,0,0.0,0.0,0.0,0.0,0.0,3.0,0.0,0.0,0.0,0.0,1.0,1.0,2.0,0.0,0.0,0.0,2.0,,0,0,0,False,0.0,0.0,0.0,16.0,0.0,0,16.0,Low,Low,1 credential-access alerts; 1 lateral-movement alerts; 2 PowerShell alerts
EMP10719,chanakya.taneja17,Legal,Specialist,Active,1,1,1.0,1.0,1,0.0,58.0,58.0,1.0,0.0,2.0,0.0,1.0,0.0,1.0,0.0,0.0,1.0,0.0,0.0,0.0,1.0,,0,0,0,False,2.5,0.0,2.0,9.0,0.0,0,13.5,Low,Low,1 failed authentication events; 1 malware alerts; 1 PowerShell alerts
EMP10720,victor.chaudhuri10,R&D,Administrator,Active,1,1,5.0,0.0,2,1.0,57.0,80.0,1.0,4.0,2.0,1.0,0.0,1.0,0.0,0.0,0.0,1.0,0.0,0.0,0.0,1.0,,0,0,0,False,3.0,2.0,5.0,3.0,2.0,0,15.0,Low,Low,1 high-risk IAM events; 1 PowerShell alerts; 1 critical endpoint alerts; 1 unresolved critical alerts
EMP10721,chameli.rama10,Marketing,Analyst,Inactive,1,1,6.0,0.0,0,3.0,68.33,95.0,1.0,3.0,3.0,0.0,2.0,0.0,1.0,1.0,0.0,0.0,0.0,0.0,1.0,1.0,,0,0,0,False,0.0,6.0,4.0,12.0,0.0,5,27.0,Medium,Medium,3 high-risk IAM events; 1 malware alerts; 1 credential-access alerts
EMP10722,anirudh.dube34,Finance,Trainee,Active,1,1,5.0,1.0,1,0.0,27.33,54.0,1.0,4.0,3.0,0.0,0.0,0.0,0.0,1.0,1.0,0.0,0.0,0.0,0.0,2.0,,0,0,0,False,2.5,0.0,0.0,12.0,0.0,0,14.5,Low,Low,1 failed authentication events; 1 credential-access alerts; 1 lateral-movement alerts
EMP10723,ekaraj.nath19,Customer Support,Director,Active,1,1,4.0,0.0,2,1.0,49.0,80.0,1.0,3.0,4.0,0.0,1.0,0.0,1.0,1.0,0.0,0.0,0.0,1.0,0.0,2.0,,0,0,0,False,3.0,2.0,2.0,13.0,0.0,5,25.0,Medium,Medium,1 high-risk IAM events; 1 malware alerts; 1 credential-access alerts
EMP10724,yashica.chokshi5,Human Resources,Manager,Active,1,1,6.0,2.0,3,1.0,41.6,89.0,1.0,3.0,3.0,0.0,0.0,0.0,2.0,0.0,0.0,2.0,0.0,0.0,0.0,1.0,,0,0,0,False,6.5,2.0,0.0,16.0,0.0,0,24.5,Medium,Medium,2 failed authentication events; 1 high-risk IAM events; 2 malware alerts; 2 PowerShell alerts
EMP10725,tanveer.bhavsar20,IT,Analyst,Active,1,0,9.0,0.0,0,1.0,32.29,71.0,1.0,7.0,1.0,0.0,1.0,0.0,0.0,0.0,0.0,0.0,0.0,1.0,0.0,1.0,,0,0,0,False,0.0,2.0,2.0,1.0,0.0,0,5.0,Low,Low,1 high-risk IAM events
EMP10726,orinder.sanghvi74,IT,Officer,Active,1,0,6.0,4.0,3,0.0,14.0,23.0,1.0,1.0,3.0,1.0,0.0,0.0,0.0,0.0,1.0,1.0,0.0,1.0,0.0,1.0,,0,0,0,False,8.5,0.0,5.0,10.0,0.0,5,28.5,Medium,Medium,"elevated authentication risk (4 failed auth, 3 MFA failures); 1 lateral-movement alerts; 1 PowerShell alerts; 1 critical endpoint alerts"
EMP10727,kabir.sampath9,Customer Support,Engineer,Active,1,0,61.0,24.0,29,14.0,46.94,98.0,1.0,40.0,2.0,0.0,2.0,0.0,1.0,0.0,1.0,0.0,0.0,0.0,0.0,2.0,,0,0,0,False,20.0,20.0,4.0,12.0,0.0,10,66.0,High,High,"elevated authentication risk (24 failed auth, 29 MFA failures); 14 high-risk IAM events; 1 malware alerts; 1 lateral-movement alerts"
EMP10728,harita.lall46,Operations,Administrator,On Leave,1,0,4.0,2.0,2,1.0,34.0,84.0,1.0,2.0,3.0,0.0,1.0,0.0,1.0,1.0,0.0,0.0,0.0,0.0,0.0,1.0,,0,0,0,False,5.0,2.0,2.0,12.0,0.0,5,26.0,Medium,Medium,2 failed authentication events; 1 high-risk IAM events; 1 malware alerts; 1 credential-access alerts
EMP10729,inaya.chaudhuri44,Human Resources,Trainee,Active,0,1,6.0,2.0,2,1.0,45.5,95.0,1.0,2.0,3.0,0.0,0.0,0.0,1.0,1.0,1.0,0.0,0.0,0.0,0.0,2.0,,0,0,0,False,5.0,2.0,0.0,18.0,0.0,10,35.0,Medium,Medium,2 failed authentication events; 1 high-risk IAM events; 1 malware alerts; 1 credential-access alerts; 1 lateral-movement alerts
EMP10730,omkaar.balakrishnan85,Sales,Administrator,Active,1,1,4.0,0.0,1,1.0,39.0,77.0,1.0,3.0,1.0,0.0,0.0,0.0,1.0,0.0,0.0,0.0,0.0,0.0,0.0,1.0,,0,0,0,False,1.5,2.0,0.0,6.0,0.0,0,9.5,Low,Low,1 high-risk IAM events; 1 malware alerts
EMP10731,charles.dash57,Sales,Executive,Active,1,0,7.0,3.0,4,1.0,53.33,93.0,1.0,3.0,1.0,0.0,1.0,0.0,1.0,0.0,0.0,0.0,0.0,0.0,0.0,1.0,,0,0,0,False,9.0,2.0,2.0,6.0,0.0,5,24.0,Low,Low,"elevated authentication risk (3 failed auth, 4 MFA failures); 1 high-risk IAM events; 1 malware alerts"
EMP10732,peter.khatri9,Customer Support,Administrator,On Leave,1,1,4.0,2.0,3,0.0,43.75,67.0,1.0,1.0,4.0,0.0,1.0,0.0,3.0,1.0,0.0,0.0,0.0,0.0,0.0,1.0,,0,0,0,False,6.5,0.0,2.0,18.0,0.0,5,31.5,Medium,Medium,2 failed authentication events; 3 malware alerts; 1 credential-access alerts
EMP10733,vivaan.choudhry44,IT,Director,Active,1,1,8.0,1.0,2,1.0,47.4,78.0,1.0,4.0,2.0,0.0,0.0,0.0,0.0,1.0,0.0,0.0,0.0,1.0,0.0,1.0,,0,0,0,False,4.0,2.0,0.0,7.0,0.0,0,13.0,Low,Low,1 failed authentication events; 1 high-risk IAM events; 1 credential-access alerts
EMP10734,jason.sangha69,Finance,Specialist,Active,1,0,5.0,3.0,4,2.0,48.0,85.0,1.0,3.0,3.0,0.0,1.0,0.0,0.0,1.0,0.0,0.0,1.0,1.0,1.0,2.0,,0,0,0,False,9.0,4.0,2.0,11.0,0.0,5,31.0,Medium,Medium,"elevated authentication risk (3 failed auth, 4 MFA failures); 2 high-risk IAM events; 1 credential-access alerts; 1 security-tampering alerts"
EMP10735,chatresh.murthy80,IT,Engineer,Active,1,1,2.0,1.0,1,2.0,84.0,93.0,1.0,1.0,3.0,0.0,1.0,0.0,1.0,1.0,0.0,2.0,1.0,0.0,0.0,1.0,,0,0,0,False,2.5,4.0,2.0,20.0,0.0,5,33.5,Medium,Medium,1 failed authentication events; 2 high-risk IAM events; 1 malware alerts; 1 credential-access alerts; 2 PowerShell alerts; 1 security-tampering alerts
EMP10736,jackson.cherian13,R&D,Specialist,Disabled,1,1,5.0,2.0,2,1.0,50.0,87.0,1.0,3.0,3.0,0.0,1.0,0.0,1.0,0.0,0.0,0.0,0.0,1.0,0.0,1.0,,0,0,0,False,5.0,2.0,2.0,7.0,0.0,0,16.0,Low,Low,2 failed authentication events; 1 high-risk IAM events; 1 malware alerts
EMP10737,ayaan.mangat29,Human Resources,Engineer,Active,1,1,5.0,1.0,1,1.0,45.33,96.0,1.0,2.0,2.0,0.0,1.0,0.0,1.0,0.0,0.0,0.0,0.0,1.0,0.0,1.0,,0,0,0,False,2.5,2.0,2.0,7.0,0.0,0,13.5,Low,Low,1 failed authentication events; 1 high-risk IAM events; 1 malware alerts
EMP10738,wazir.parsa74,Customer Support,Executive,Active,1,1,7.0,3.0,3,2.0,59.2,98.0,1.0,6.0,2.0,0.0,0.0,0.0,0.0,0.0,1.0,0.0,0.0,1.0,0.0,1.0,,0,0,0,False,7.5,4.0,0.0,7.0,0.0,0,18.5,Low,Low,3 failed authentication events; 2 high-risk IAM events; 1 lateral-movement alerts
EMP10739,bhavna_bhalla19,Legal,Executive,Active,1,1,6.0,3.0,1,1.0,54.0,88.0,1.0,2.0,3.0,0.0,1.0,0.0,0.0,0.0,1.0,2.0,0.0,1.0,0.0,1.0,,0,0,0,False,4.5,2.0,2.0,11.0,0.0,0,19.5,Low,Low,3 failed authentication events; 1 high-risk IAM events; 1 lateral-movement alerts; 2 PowerShell alerts
EMP10740,devansh.raman6,Finance,Manager,Active,1,0,3.0,0.0,0,0.0,21.67,44.0,1.0,3.0,4.0,0.0,1.0,0.0,1.0,0.0,2.0,1.0,0.0,0.0,0.0,1.0,,0,0,0,False,0.0,0.0,2.0,17.0,0.0,5,24.0,Low,Low,1 malware alerts; 2 lateral-movement alerts; 1 PowerShell alerts
EMP10741,libni.bhatnagar11,IT,Analyst,Active,1,1,4.0,1.0,0,0.0,46.75,57.0,1.0,3.0,5.0,0.0,2.0,0.0,1.0,0.0,0.0,1.0,0.0,2.0,0.0,1.0,,0,0,0,False,1.0,0.0,4.0,11.0,0.0,0,16.0,Low,Low,1 failed authentication events; 1 malware alerts; 1 PowerShell alerts
EMP10742,bhanumati.tella99,Innovation,Executive,Active,1,1,7.0,2.0,1,0.0,27.67,59.0,1.0,3.0,1.0,0.0,0.0,0.0,0.0,1.0,0.0,0.0,0.0,0.0,0.0,1.0,,0,0,0,False,3.5,0.0,0.0,6.0,0.0,0,9.5,Low,Low,2 failed authentication events; 1 credential-access alerts
EMP10743,yashodhara.dugar79,IT,Specialist,Active,1,1,0.0,0.0,0,0.0,0.0,0.0,0.0,0.0,3.0,0.0,2.0,0.0,1.0,0.0,0.0,1.0,0.0,1.0,0.0,1.0,,0,0,0,False,0.0,0.0,4.0,10.0,0.0,0,14.0,Low,Low,1 malware alerts; 1 PowerShell alerts
EMP10744,dayamai.din39,Operations,Director,Active,1,1,4.0,2.0,1,1.0,52.0,94.0,1.0,2.0,4.0,2.0,0.0,2.0,2.0,0.0,1.0,0.0,1.0,1.0,0.0,1.0,,0,0,0,False,3.5,2.0,10.0,23.0,4.0,5,47.5,Medium,Medium,2 failed authentication events; 1 high-risk IAM events; 2 malware alerts; 1 lateral-movement alerts; 1 security-tampering alerts; 2 critical endpoint alerts; 2 unresolved critical alerts
EMP10745,lopa.bali80,Operations,Officer,Active,1,1,7.0,2.0,4,1.0,45.5,88.0,1.0,5.0,6.0,0.0,4.0,0.0,3.0,0.0,0.0,0.0,2.0,2.0,0.0,1.0,,0,0,0,False,8.0,2.0,5.0,19.0,0.0,5,39.0,Medium,Medium,"elevated authentication risk (2 failed auth, 4 MFA failures); 1 high-risk IAM events; 3 malware alerts; 2 security-tampering alerts"
EMP10746,oviya.acharya25,People,Executive,Active,1,0,70.0,24.0,31,13.0,46.37,100.0,1.0,37.0,4.0,1.0,1.0,0.0,1.0,0.0,0.0,1.0,0.0,1.0,0.0,2.0,,0,0,0,False,20.0,20.0,7.0,10.0,0.0,8,65.0,High,High,"elevated authentication risk (24 failed auth, 31 MFA failures); 13 high-risk IAM events; 1 malware alerts; 1 PowerShell alerts; 1 critical endpoint alerts"
EMP10747,yashica.patla7,Operations,Administrator,Active,1,1,10.0,5.0,2,2.0,56.0,95.0,1.0,7.0,4.0,0.0,2.0,0.0,0.0,0.0,0.0,0.0,0.0,0.0,0.0,2.0,,0,0,0,False,8.0,4.0,4.0,0.0,0.0,0,16.0,Low,Low,"elevated authentication risk (5 failed auth, 2 MFA failures); 2 high-risk IAM events"
EMP10748,faqid.kuruvilla95,IT,Officer,Active,1,1,11.0,6.0,6,6.0,67.62,98.0,1.0,6.0,0.0,0.0,0.0,0.0,0.0,0.0,0.0,0.0,0.0,0.0,0.0,0.0,,0,0,0,False,15.0,17.0,0.0,0.0,0.0,3,35.0,Medium,Medium,"elevated authentication risk (6 failed auth, 6 MFA failures); 6 high-risk IAM events"
EMP10749,madhav.khosla93,Innovation,Specialist,Active,1,1,5.0,2.0,3,1.0,33.6,78.0,1.0,4.0,3.0,0.0,0.0,0.0,0.0,0.0,3.0,0.0,1.0,0.0,0.0,1.0,,0,0,0,False,6.5,2.0,0.0,12.0,0.0,0,20.5,Low,Low,2 failed authentication events; 1 high-risk IAM events; 3 lateral-movement alerts; 1 security-tampering alerts
EMP10750,wazir.bobal30,People,Consultant,Active,1,1,7.0,1.0,1,2.0,46.6,81.0,1.0,4.0,6.0,0.0,3.0,0.0,3.0,0.0,2.0,2.0,1.0,0.0,0.0,2.0,,0,0,0,False,2.5,4.0,5.0,28.0,0.0,5,44.5,Medium,Medium,1 failed authentication events; 2 high-risk IAM events; 3 malware alerts; 2 lateral-movement alerts; 2 PowerShell alerts; 1 security-tampering alerts
EMP10751,robert.cherian10,R&D,Specialist,Active,1,1,1.0,0.0,1,1.0,100.0,100.0,1.0,1.0,2.0,1.0,0.0,0.0,0.0,0.0,0.0,0.0,0.0,1.0,0.0,1.0,,0,0,0,False,1.5,2.0,5.0,1.0,0.0,0,9.5,Low,Low,1 high-risk IAM events; 1 critical endpoint alerts
EMP10752,samuel.sarkar48,Finance,Trainee,Active,1,1,4.0,0.0,1,2.0,67.25,79.0,1.0,4.0,0.0,0.0,0.0,0.0,0.0,0.0,0.0,0.0,0.0,0.0,0.0,0.0,,0,0,0,False,1.5,4.0,0.0,0.0,0.0,0,5.5,Low,Low,2 high-risk IAM events
EMP10753,tanmayi.rai5,Procurement,Analyst,Disabled,1,1,6.0,2.0,2,2.0,57.25,97.0,1.0,3.0,4.0,0.0,0.0,0.0,1.0,0.0,1.0,1.0,0.0,2.0,0.0,1.0,,0,0,0,False,5.0,4.0,0.0,17.0,0.0,5,31.0,Medium,Medium,2 failed authentication events; 2 high-risk IAM events; 1 malware alerts; 1 lateral-movement alerts; 1 PowerShell alerts
EMP10754,ekalinga.keer78,Finance,Specialist,Disabled,1,1,7.0,3.0,3,2.0,47.6,86.0,1.0,2.0,4.0,0.0,1.0,0.0,2.0,1.0,1.0,0.0,0.0,0.0,1.0,2.0,2025-03-04 17:53:36,6,4,10,True,7.5,4.0,2.0,24.0,10.0,10,57.5,High,High,3 failed authentication events; 2 high-risk IAM events; 2 malware alerts; 1 credential-access alerts; 1 lateral-movement alerts; 10 events after identity termination
EMP10755,bhavini.acharya76,Innovation,Trainee,Active,1,1,5.0,0.0,0,1.0,38.25,85.0,1.0,4.0,2.0,1.0,1.0,0.0,0.0,1.0,0.0,0.0,0.0,0.0,0.0,1.0,,0,0,0,False,0.0,2.0,7.0,6.0,0.0,0,15.0,Low,Low,1 high-risk IAM events; 1 credential-access alerts; 1 critical endpoint alerts
EMP10756,mugdha.shah75,Sales,Specialist,Active,1,1,2.0,2.0,2,0.0,6.0,6.0,1.0,0.0,5.0,1.0,1.0,1.0,1.0,0.0,2.0,1.0,0.0,0.0,0.0,2.0,,0,0,0,False,5.0,0.0,7.0,17.0,2.0,5,36.0,Medium,Medium,2 failed authentication events; 1 malware alerts; 2 lateral-movement alerts; 1 PowerShell alerts; 1 critical endpoint alerts; 1 unresolved critical alerts
EMP10757,gaurika.bains94,Customer Support,Analyst,Active,1,1,7.0,1.0,5,4.0,64.6,86.0,1.0,5.0,1.0,0.0,0.0,0.0,1.0,0.0,0.0,0.0,1.0,0.0,0.0,1.0,,0,0,0,False,8.5,8.0,0.0,10.0,0.0,8,34.5,Medium,Medium,"elevated authentication risk (1 failed auth, 5 MFA failures); 4 high-risk IAM events; 1 malware alerts; 1 security-tampering alerts"
EMP10758,vedika.sagar58,R&D,Engineer,Active,1,0,5.0,2.0,2,3.0,75.0,97.0,1.0,2.0,1.0,0.0,0.0,0.0,1.0,0.0,0.0,0.0,0.0,0.0,0.0,1.0,,0,0,0,False,5.0,6.0,0.0,6.0,0.0,0,17.0,Low,Low,2 failed authentication events; 3 high-risk IAM events; 1 malware alerts
EMP10759,rohan.samra17,Operations,Administrator,Active,1,1,3.0,1.0,2,1.0,86.0,86.0,1.0,1.0,1.0,0.0,0.0,0.0,0.0,0.0,0.0,0.0,0.0,0.0,0.0,1.0,,0,0,0,False,4.0,2.0,0.0,0.0,0.0,0,6.0,Low,Low,1 failed authentication events; 1 high-risk IAM events
EMP10760,yahvi.chhabra59,Procurement,Specialist,Active,1,1,6.0,3.0,3,0.0,36.0,66.0,1.0,3.0,1.0,0.0,0.0,0.0,0.0,0.0,0.0,0.0,0.0,0.0,0.0,1.0,,0,0,0,False,7.5,0.0,0.0,0.0,0.0,0,7.5,Low,Low,3 failed authentication events
EMP10761,dayita.dasgupta48,R&D,Analyst,Active,0,1,4.0,1.0,3,1.0,35.67,88.0,1.0,2.0,5.0,0.0,1.0,0.0,2.0,1.0,1.0,0.0,0.0,1.0,0.0,1.0,,0,0,0,False,5.5,2.0,2.0,25.0,0.0,10,44.5,Medium,Medium,1 failed authentication events; 1 high-risk IAM events; 2 malware alerts; 1 credential-access alerts; 1 lateral-movement alerts
EMP10762,quincy.choudhary38,Legal,Administrator,Active,1,1,5.0,0.0,0,1.0,46.75,86.0,1.0,5.0,3.0,1.0,1.0,0.0,2.0,0.0,0.0,1.0,0.0,0.0,1.0,1.0,,0,0,0,False,0.0,2.0,7.0,15.0,0.0,0,24.0,Low,Low,1 high-risk IAM events; 2 malware alerts; 1 PowerShell alerts; 1 critical endpoint alerts
EMP10763,nitesh.sekhon11,Procurement,Consultant,Inactive,1,1,7.0,1.0,5,4.0,66.29,99.0,1.0,4.0,2.0,0.0,0.0,0.0,1.0,1.0,0.0,0.0,0.0,0.0,0.0,2.0,2025-10-17 02:22:09,7,2,9,True,8.5,8.0,0.0,12.0,10.0,10,48.5,Medium,Medium,"elevated authentication risk (1 failed auth, 5 MFA failures); 4 high-risk IAM events; 1 malware alerts; 1 credential-access alerts; 9 events after identity termination"
EMP10764,rachana.madan60,Procurement,Analyst,Active,1,0,8.0,4.0,5,4.0,82.75,95.0,1.0,3.0,4.0,0.0,0.0,0.0,1.0,0.0,2.0,1.0,1.0,0.0,0.0,1.0,,0,0,0,False,11.5,8.0,0.0,21.0,0.0,10,50.5,High,High,"elevated authentication risk (4 failed auth, 5 MFA failures); 4 high-risk IAM events; 1 malware alerts; 2 lateral-movement alerts; 1 PowerShell alerts; 1 security-tampering alerts"
EMP10765,fiyaz.narayanan27,Finance,Consultant,Active,1,1,3.0,1.0,1,2.0,79.0,84.0,1.0,1.0,3.0,0.0,2.0,0.0,0.0,1.0,1.0,0.0,0.0,0.0,0.0,2.0,,0,0,0,False,2.5,4.0,4.0,12.0,0.0,0,22.5,Low,Low,1 failed authentication events; 2 high-risk IAM events; 1 credential-access alerts; 1 lateral-movement alerts
EMP10766,vedika_kala75,Sales,Engineer,Active,1,1,3.0,1.0,0,0.0,46.0,46.0,1.0,2.0,4.0,0.0,1.0,0.0,2.0,1.0,0.0,0.0,3.0,1.0,0.0,1.0,,0,0,0,False,1.0,0.0,2.0,24.0,0.0,5,32.0,Medium,Medium,1 failed authentication events; 2 malware alerts; 1 credential-access alerts; 3 security-tampering alerts
EMP10767,pallavi.kunda48,Operations,Trainee,Disabled,1,1,6.0,3.0,5,1.0,45.75,79.0,1.0,2.0,2.0,0.0,0.0,0.0,2.0,0.0,0.0,0.0,0.0,0.0,0.0,1.0,2026-04-07 12:14:56,5,2,7,True,10.5,2.0,0.0,12.0,10.0,5,39.5,Medium,Medium,"elevated authentication risk (3 failed auth, 5 MFA failures); 1 high-risk IAM events; 2 malware alerts; 7 events after identity termination"
EMP10768,idika.rao58,Procurement,Consultant,Active,1,1,11.0,4.0,5,1.0,29.67,100.0,1.0,8.0,1.0,0.0,1.0,0.0,0.0,0.0,1.0,0.0,0.0,0.0,0.0,1.0,,0,0,0,False,11.5,2.0,2.0,6.0,0.0,5,26.5,Medium,Medium,"elevated authentication risk (4 failed auth, 5 MFA failures); 1 high-risk IAM events; 1 lateral-movement alerts"
EMP10769,,Brand,Manager,Active,1,1,6.0,1.0,0,0.0,42.0,63.0,1.0,3.0,4.0,1.0,0.0,1.0,2.0,0.0,0.0,0.0,1.0,2.0,0.0,1.0,,0,0,0,False,1.0,0.0,5.0,18.0,2.0,0,26.0,Medium,Medium,1 failed authentication events; 2 malware alerts; 1 security-tampering alerts; 1 critical endpoint alerts; 1 unresolved critical alerts
EMP10770,ryan.goel27,Customer Support,Analyst,Active,1,1,10.0,2.0,4,3.0,58.88,99.0,1.0,7.0,3.0,0.0,1.0,0.0,0.0,0.0,0.0,1.0,0.0,1.0,1.0,1.0,,0,0,0,False,8.0,6.0,2.0,4.0,0.0,3,23.0,Low,Low,"elevated authentication risk (2 failed auth, 4 MFA failures); 3 high-risk IAM events; 1 PowerShell alerts"
EMP10771,wriddhish.sachar57,IT,Administrator,Inactive,1,1,9.0,3.0,3,2.0,57.0,85.0,1.0,5.0,3.0,0.0,3.0,0.0,2.0,0.0,0.0,1.0,0.0,0.0,0.0,1.0,2026-05-25 05:20:50,7,3,10,True,7.5,4.0,5.0,15.0,10.0,0,41.5,Medium,Medium,3 failed authentication events; 2 high-risk IAM events; 2 malware alerts; 1 PowerShell alerts; 10 events after identity termination
EMP10772,gagan_bhandari75,Operations,Consultant,Active,1,1,78.0,27.0,28,18.0,52.33,100.0,1.0,41.0,2.0,0.0,0.0,0.0,2.0,0.0,0.0,1.0,0.0,0.0,0.0,2.0,,0,0,0,False,20.0,20.0,0.0,15.0,0.0,8,63.0,High,High,"elevated authentication risk (27 failed auth, 28 MFA failures); 18 high-risk IAM events; 2 malware alerts; 1 PowerShell alerts"
EMP10773,banjeet.trivedi73,Finance,Administrator,Active,1,1,2.0,1.0,2,0.0,57.0,66.0,1.0,1.0,4.0,2.0,0.0,1.0,1.0,1.0,1.0,0.0,1.0,0.0,0.0,1.0,,0,0,0,False,4.0,0.0,10.0,22.0,2.0,10,48.0,Medium,Medium,1 failed authentication events; 1 malware alerts; 1 credential-access alerts; 1 lateral-movement alerts; 1 security-tampering alerts; 2 critical endpoint alerts; 1 unresolved critical alerts
EMP10774,raagini.khanna7,Finance,Consultant,Active,1,1,5.0,0.0,1,1.0,50.8,71.0,1.0,4.0,2.0,0.0,0.0,0.0,0.0,1.0,1.0,0.0,0.0,0.0,0.0,2.0,,0,0,0,False,1.5,2.0,0.0,12.0,0.0,0,15.5,Low,Low,1 high-risk IAM events; 1 credential-access alerts; 1 lateral-movement alerts
EMP10775,vamakshi.chacko24,Finance,Executive,Active,1,1,4.0,3.0,2,2.0,78.33,89.0,1.0,1.0,2.0,0.0,1.0,0.0,1.0,0.0,1.0,1.0,0.0,0.0,0.0,1.0,,0,0,0,False,6.0,4.0,2.0,15.0,0.0,5,32.0,Medium,Medium,3 failed authentication events; 2 high-risk IAM events; 1 malware alerts; 1 lateral-movement alerts; 1 PowerShell alerts
EMP10776,ijaya.goda34,Operations,Executive,Active,1,1,3.0,1.0,1,0.0,36.0,37.0,1.0,1.0,5.0,1.0,3.0,0.0,2.0,0.0,0.0,3.0,0.0,0.0,0.0,2.0,,0,0,0,False,2.5,0.0,10.0,16.0,0.0,0,28.5,Medium,Medium,1 failed authentication events; 2 malware alerts; 3 PowerShell alerts; 1 critical endpoint alerts
EMP10777,ekanta.bumb70,Finance,Officer,Active,1,1,2.0,2.0,1,0.0,54.0,54.0,1.0,0.0,3.0,1.0,0.0,1.0,2.0,0.0,1.0,1.0,0.0,0.0,0.0,2.0,,0,0,0,False,3.5,0.0,5.0,21.0,2.0,5,36.5,Medium,Medium,2 failed authentication events; 2 malware alerts; 1 lateral-movement alerts; 1 PowerShell alerts; 1 critical endpoint alerts; 1 unresolved critical alerts
EMP10778,gaurang.de59,Operations,Executive,Inactive,1,1,4.0,0.0,0,3.0,70.25,98.0,1.0,3.0,5.0,0.0,3.0,0.0,2.0,2.0,1.0,0.0,0.0,0.0,0.0,2.0,,0,0,0,False,0.0,6.0,5.0,26.0,0.0,10,47.0,Medium,Medium,3 high-risk IAM events; 2 malware alerts; 2 credential-access alerts; 1 lateral-movement alerts
EMP10779,qabil.bhavsar61,Marketing,Specialist,Active,1,1,2.0,1.0,1,0.0,28.5,41.0,1.0,2.0,3.0,1.0,1.0,0.0,0.0,0.0,0.0,1.0,1.0,1.0,1.0,2.0,,0,0,0,False,2.5,0.0,7.0,8.0,0.0,0,17.5,Low,Low,1 failed authentication events; 1 PowerShell alerts; 1 security-tampering alerts; 1 critical endpoint alerts
EMP10780,vrinda.guha94,Innovation,Analyst,Active,1,1,4.0,1.0,1,1.0,57.0,90.0,1.0,2.0,1.0,0.0,0.0,0.0,0.0,0.0,1.0,0.0,0.0,0.0,0.0,1.0,,0,0,0,False,2.5,2.0,0.0,6.0,0.0,0,10.5,Low,Low,1 failed authentication events; 1 high-risk IAM events; 1 lateral-movement alerts
EMP10781,,Innovation,Consultant,Active,1,1,57.0,21.0,22,15.0,51.81,98.0,1.0,34.0,3.0,0.0,0.0,0.0,2.0,1.0,0.0,1.0,0.0,0.0,0.0,1.0,,0,0,0,False,20.0,20.0,0.0,21.0,0.0,10,71.0,High,High,"elevated authentication risk (21 failed auth, 22 MFA failures); 15 high-risk IAM events; 2 malware alerts; 1 credential-access alerts; 1 PowerShell alerts"
EMP10782,benjamin.sahota99,Marketing,Engineer,Disabled,1,1,5.0,3.0,2,2.0,48.5,81.0,1.0,3.0,1.0,0.0,0.0,0.0,0.0,1.0,0.0,0.0,0.0,0.0,0.0,1.0,2025-11-07 11:55:02,4,0,4,True,6.0,4.0,0.0,6.0,10.0,0,26.0,Medium,Medium,3 failed authentication events; 2 high-risk IAM events; 1 credential-access alerts; 4 events after identity termination
EMP10783,bahadurjit.ramaswamy51,Sales,Trainee,Active,1,1,9.0,3.0,3,1.0,40.67,86.0,1.0,4.0,1.0,0.0,0.0,0.0,0.0,0.0,0.0,1.0,0.0,0.0,0.0,1.0,,0,0,0,False,7.5,2.0,0.0,3.0,0.0,0,12.5,Low,Low,3 failed authentication events; 1 high-risk IAM events; 1 PowerShell alerts
EMP10784,charles.kohli47,Legal,Executive,Active,1,1,5.0,1.0,4,0.0,25.5,59.0,1.0,3.0,6.0,0.0,0.0,0.0,2.0,0.0,0.0,1.0,0.0,0.0,0.0,1.0,,0,0,0,False,7.0,0.0,0.0,15.0,0.0,0,22.0,Low,Low,1 failed authentication events; 2 malware alerts; 1 PowerShell alerts
EMP10785,jackson.balasubramanian40,R&D,Officer,Active,1,0,11.0,4.0,4,4.0,66.78,100.0,1.0,3.0,2.0,0.0,0.0,0.0,0.0,0.0,0.0,2.0,1.0,0.0,0.0,2.0,,0,0,0,False,10.0,8.0,0.0,8.0,0.0,8,34.0,Medium,Medium,"elevated authentication risk (4 failed auth, 4 MFA failures); 4 high-risk IAM events; 2 PowerShell alerts; 1 security-tampering alerts"
EMP10786,gavin.samra37,Finance,Director,Disabled,1,1,5.0,3.0,2,0.0,59.5,67.0,1.0,2.0,2.0,1.0,0.0,1.0,0.0,0.0,1.0,0.0,0.0,0.0,0.0,2.0,2025-07-12 02:41:00,5,2,7,True,6.0,0.0,5.0,6.0,12.0,0,29.0,Medium,Medium,3 failed authentication events; 1 lateral-movement alerts; 1 critical endpoint alerts; 7 events after identity termination; 1 unresolved critical alerts
EMP10787,lipika.kumer68,Operations,Manager,Active,1,1,4.0,2.0,1,2.0,51.0,80.0,1.0,2.0,1.0,0.0,0.0,0.0,1.0,0.0,0.0,0.0,0.0,0.0,0.0,1.0,,0,0,0,False,3.5,4.0,0.0,6.0,0.0,0,13.5,Low,Low,2 failed authentication events; 2 high-risk IAM events; 1 malware alerts
EMP10788,tarak.som54,Finance,Officer,Active,1,0,8.0,2.0,3,0.0,27.0,69.0,1.0,5.0,3.0,0.0,1.0,0.0,1.0,1.0,1.0,0.0,0.0,0.0,0.0,1.0,,0,0,0,False,6.5,0.0,2.0,18.0,0.0,10,36.5,Medium,Medium,2 failed authentication events; 1 malware alerts; 1 credential-access alerts; 1 lateral-movement alerts
EMP10789,jasmit.bose49,Marketing,Officer,Disabled,1,0,5.0,2.0,1,2.0,74.67,85.0,1.0,2.0,3.0,0.0,1.0,0.0,2.0,0.0,0.0,1.0,0.0,0.0,0.0,1.0,2025-09-24 13:19:49,4,3,7,True,3.5,4.0,2.0,15.0,10.0,0,34.5,Medium,Medium,2 failed authentication events; 2 high-risk IAM events; 2 malware alerts; 1 PowerShell alerts; 7 events after identity termination
EMP10790,janani.barad1,Finance,Administrator,Active,1,1,2.0,0.0,2,0.0,34.5,49.0,1.0,0.0,3.0,0.0,0.0,0.0,1.0,0.0,0.0,0.0,0.0,0.0,0.0,1.0,,0,0,0,False,3.0,0.0,0.0,6.0,0.0,0,9.0,Low,Low,1 malware alerts
EMP10791,ishani.date54,Finance,Trainee,Active,1,1,6.0,1.0,4,0.0,38.0,38.0,1.0,3.0,3.0,0.0,1.0,0.0,2.0,1.0,0.0,0.0,1.0,0.0,0.0,1.0,,0,0,0,False,7.0,0.0,2.0,22.0,0.0,5,36.0,Medium,Medium,1 failed authentication events; 2 malware alerts; 1 credential-access alerts; 1 security-tampering alerts
EMP10792,zayan.khanna77,Operations,Specialist,Inactive,1,1,4.0,1.0,1,3.0,80.33,94.0,1.0,3.0,2.0,0.0,1.0,0.0,2.0,0.0,0.0,0.0,0.0,0.0,0.0,1.0,2025-08-05 23:58:49,4,2,6,True,2.5,6.0,2.0,12.0,10.0,0,32.5,Medium,Medium,1 failed authentication events; 3 high-risk IAM events; 2 malware alerts; 6 events after identity termination
EMP10793,widisha.chhabra74,IT,Administrator,Active,1,1,5.0,2.0,3,1.0,38.4,77.0,1.0,4.0,3.0,0.0,1.0,0.0,0.0,0.0,0.0,1.0,0.0,1.0,0.0,2.0,,0,0,0,False,6.5,2.0,2.0,4.0,0.0,0,14.5,Low,Low,2 failed authentication events; 1 high-risk IAM events; 1 PowerShell alerts
EMP10794,zashil.mistry18,Operations,Executive,Active,1,1,4.0,1.0,0,0.0,45.0,68.0,1.0,4.0,4.0,0.0,0.0,0.0,1.0,0.0,1.0,1.0,0.0,1.0,0.0,1.0,,0,0,0,False,1.0,0.0,0.0,16.0,0.0,5,22.0,Low,Low,1 failed authentication events; 1 malware alerts; 1 lateral-movement alerts; 1 PowerShell alerts
EMP10795,aditya.nagarajan68,People,Officer,Active,1,0,6.0,0.0,1,0.0,37.0,61.0,1.0,6.0,2.0,0.0,0.0,0.0,1.0,0.0,0.0,1.0,0.0,0.0,1.0,1.0,,0,0,0,False,1.5,0.0,0.0,9.0,0.0,0,10.5,Low,Low,1 malware alerts; 1 PowerShell alerts
EMP10796,veer.singh70,Operations,Consultant,Active,1,0,6.0,1.0,1,1.0,36.25,73.0,1.0,3.0,2.0,0.0,0.0,0.0,0.0,1.0,0.0,0.0,0.0,0.0,0.0,1.0,,0,0,0,False,2.5,2.0,0.0,6.0,0.0,0,10.5,Low,Low,1 failed authentication events; 1 high-risk IAM events; 1 credential-access alerts
EMP10797,harita.koshy69,Procurement,Consultant,Active,1,1,6.0,2.0,1,0.0,35.25,54.0,1.0,1.0,3.0,0.0,1.0,0.0,1.0,0.0,0.0,0.0,1.0,0.0,0.0,1.0,,0,0,0,False,3.5,0.0,2.0,10.0,0.0,0,15.5,Low,Low,2 failed authentication events; 1 malware alerts; 1 security-tampering alerts
EMP10798,udarsh.korpal53,Operations,Executive,Active,1,1,5.0,3.0,4,1.0,38.75,76.0,1.0,3.0,2.0,0.0,0.0,0.0,0.0,1.0,0.0,0.0,0.0,1.0,0.0,1.0,,0,0,0,False,9.0,2.0,0.0,7.0,0.0,5,23.0,Low,Low,"elevated authentication risk (3 failed auth, 4 MFA failures); 1 high-risk IAM events; 1 credential-access alerts"
EMP10799,baljiwan.raju72,Procurement,Officer,Active,1,1,8.0,2.0,4,2.0,39.25,86.0,1.0,6.0,3.0,0.0,1.0,0.0,1.0,0.0,1.0,0.0,0.0,1.0,0.0,2.0,,0,0,0,False,8.0,4.0,2.0,13.0,0.0,10,37.0,Medium,Medium,"elevated authentication risk (2 failed auth, 4 MFA failures); 2 high-risk IAM events; 1 malware alerts; 1 lateral-movement alerts"
EMP10800,naveen.bains15,Finance,Analyst,Active,1,0,9.0,6.0,4,5.0,76.43,100.0,1.0,4.0,6.0,1.0,3.0,1.0,1.0,1.0,1.0,1.0,0.0,2.0,0.0,1.0,,0,0,0,False,12.0,15.0,10.0,23.0,2.0,10,72.0,High,High,"elevated authentication risk (6 failed auth, 4 MFA failures); 5 high-risk IAM events; 1 malware alerts; 1 credential-access alerts; 1 lateral-movement alerts; 1 PowerShell alerts; 1 critical endpoint alerts; 1 unresolved critical alerts"
EMP10801,ansh.brahmbhatt77,Customer Support,Consultant,Active,1,1,4.0,1.0,2,1.0,53.0,100.0,1.0,4.0,3.0,0.0,0.0,0.0,2.0,1.0,0.0,0.0,0.0,0.0,0.0,2.0,,0,0,0,False,4.0,2.0,0.0,18.0,0.0,5,29.0,Medium,Medium,1 failed authentication events; 1 high-risk IAM events; 2 malware alerts; 1 credential-access alerts
EMP10802,panini.gokhale89,Finance,Engineer,Active,1,0,8.0,2.0,3,2.0,57.29,98.0,1.0,5.0,4.0,1.0,2.0,1.0,3.0,0.0,0.0,0.0,0.0,0.0,0.0,1.0,,0,0,0,False,6.5,4.0,9.0,12.0,2.0,0,33.5,Medium,Medium,2 failed authentication events; 2 high-risk IAM events; 3 malware alerts; 1 critical endpoint alerts; 1 unresolved critical alerts
EMP10803,aarna.menon15,Human Resources,Analyst,Active,1,1,6.0,2.0,3,1.0,51.0,94.0,1.0,2.0,0.0,0.0,0.0,0.0,0.0,0.0,0.0,0.0,0.0,0.0,0.0,0.0,,0,0,0,False,6.5,2.0,0.0,0.0,0.0,0,8.5,Low,Low,2 failed authentication events; 1 high-risk IAM events
EMP10804,janya.sinha66,Procurement,Analyst,Active,1,1,7.0,1.0,3,0.0,19.4,65.0,1.0,3.0,1.0,0.0,0.0,0.0,1.0,0.0,0.0,0.0,0.0,0.0,0.0,1.0,,0,0,0,False,5.5,0.0,0.0,6.0,0.0,0,11.5,Low,Low,1 failed authentication events; 1 malware alerts
EMP10805,udarsh.kannan13,People,Specialist,Active,1,1,1.0,0.0,0,0.0,65.0,65.0,1.0,0.0,4.0,1.0,1.0,0.0,2.0,1.0,0.0,1.0,1.0,0.0,0.0,2.0,,0,0,0,False,0.0,0.0,7.0,25.0,0.0,5,37.0,Medium,Medium,2 malware alerts; 1 credential-access alerts; 1 PowerShell alerts; 1 security-tampering alerts; 1 critical endpoint alerts
EMP10806,daniel.nadkarni96,Marketing,Specialist,Disabled,1,1,7.0,1.0,5,4.0,70.17,87.0,1.0,3.0,5.0,1.0,1.0,1.0,3.0,1.0,0.0,1.0,0.0,0.0,0.0,1.0,2026-06-19 13:58:39,6,4,10,True,8.5,8.0,7.0,21.0,12.0,10,66.5,High,High,"elevated authentication risk (1 failed auth, 5 MFA failures); 4 high-risk IAM events; 3 malware alerts; 1 credential-access alerts; 1 PowerShell alerts; 1 critical endpoint alerts; 10 events after identity termination; 1 unresolved critical alerts"
EMP10807,vidhi.kuruvilla75,IT,Officer,On Leave,1,0,8.0,2.0,3,1.0,38.71,76.0,1.0,4.0,5.0,1.0,0.0,0.0,1.0,1.0,1.0,1.0,0.0,0.0,0.0,1.0,,0,0,0,False,6.5,2.0,5.0,21.0,0.0,10,44.5,Medium,Medium,2 failed authentication events; 1 high-risk IAM events; 1 malware alerts; 1 credential-access alerts; 1 lateral-movement alerts; 1 PowerShell alerts; 1 critical endpoint alerts
EMP10808,chakrika.wable69,IT,Manager,Active,1,1,7.0,3.0,4,1.0,51.5,71.0,1.0,3.0,5.0,0.0,1.0,0.0,1.0,1.0,3.0,1.0,2.0,0.0,0.0,1.0,,0,0,0,False,9.0,2.0,2.0,28.0,0.0,10,51.0,High,High,"elevated authentication risk (3 failed auth, 4 MFA failures); 1 high-risk IAM events; 1 malware alerts; 1 credential-access alerts; 3 lateral-movement alerts; 1 PowerShell alerts; 2 security-tampering alerts"
EMP10809,,Finance,Consultant,Active,1,1,6.0,1.0,3,1.0,39.75,72.0,1.0,3.0,4.0,0.0,0.0,0.0,3.0,0.0,0.0,0.0,0.0,1.0,0.0,1.0,,0,0,0,False,5.5,2.0,0.0,13.0,0.0,0,20.5,Low,Low,1 failed authentication events; 1 high-risk IAM events; 3 malware alerts
EMP10810,anika.acharya16,R&D,Manager,Active,1,1,6.0,1.0,2,1.0,38.83,86.0,1.0,4.0,0.0,0.0,0.0,0.0,0.0,0.0,0.0,0.0,0.0,0.0,0.0,0.0,,0,0,0,False,4.0,2.0,0.0,0.0,0.0,0,6.0,Low,Low,1 failed authentication events; 1 high-risk IAM events
EMP10811,diya.ratta6,Human Resources,Consultant,Active,1,1,5.0,0.0,0,1.0,54.5,85.0,1.0,3.0,4.0,0.0,1.0,0.0,2.0,0.0,0.0,1.0,0.0,0.0,0.0,2.0,,0,0,0,False,0.0,2.0,2.0,15.0,0.0,0,19.0,Low,Low,1 high-risk IAM events; 2 malware alerts; 1 PowerShell alerts
EMP10812,advika.mani57,Sales,Officer,Active,1,0,9.0,2.0,3,1.0,54.38,95.0,1.0,7.0,1.0,0.0,0.0,0.0,0.0,1.0,0.0,0.0,0.0,0.0,0.0,1.0,,0,0,0,False,6.5,2.0,0.0,6.0,0.0,0,14.5,Low,Low,2 failed authentication events; 1 high-risk IAM events; 1 credential-access alerts
EMP10813,ekaraj.anand61,Operations,Executive,Active,1,1,8.0,4.0,4,2.0,38.0,94.0,1.0,6.0,0.0,0.0,0.0,0.0,0.0,0.0,0.0,0.0,0.0,0.0,0.0,0.0,,0,0,0,False,10.0,4.0,0.0,0.0,0.0,0,14.0,Low,Low,"elevated authentication risk (4 failed auth, 4 MFA failures); 2 high-risk IAM events"
EMP10814,jagdish.soman87,Human Resources,Manager,Active,1,1,3.0,1.0,1,0.0,31.0,59.0,1.0,1.0,0.0,0.0,0.0,0.0,0.0,0.0,0.0,0.0,0.0,0.0,0.0,0.0,,0,0,0,False,2.5,0.0,0.0,0.0,0.0,0,2.5,Low,Low,1 failed authentication events
EMP10815,samesh.padmanabhan9,Operations,Engineer,Disabled,1,1,4.0,0.0,1,1.0,54.25,96.0,1.0,3.0,2.0,1.0,0.0,1.0,1.0,0.0,0.0,0.0,0.0,1.0,1.0,1.0,2025-03-30 20:05:00,4,2,6,True,1.5,2.0,5.0,7.0,12.0,0,27.5,Medium,Medium,1 high-risk IAM events; 1 malware alerts; 1 critical endpoint alerts; 6 events after identity termination; 1 unresolved critical alerts
EMP10816,panini.sachdev98,Supply Chain,Specialist,Active,1,1,10.0,2.0,4,2.0,62.44,94.0,1.0,7.0,3.0,0.0,1.0,0.0,0.0,0.0,0.0,2.0,0.0,2.0,0.0,2.0,,0,0,0,False,8.0,4.0,2.0,6.0,0.0,5,25.0,Medium,Medium,"elevated authentication risk (2 failed auth, 4 MFA failures); 2 high-risk IAM events; 2 PowerShell alerts"
EMP10817,geetika.ganesh63,Customer Support,Administrator,Active,1,1,5.0,1.0,0,0.0,56.5,66.0,1.0,4.0,5.0,0.0,1.0,0.0,1.0,0.0,0.0,4.0,0.0,0.0,0.0,1.0,,0,0,0,False,1.0,0.0,2.0,10.0,0.0,0,13.0,Low,Low,1 failed authentication events; 1 malware alerts; 4 PowerShell alerts
EMP10818,rayaan_tiwari18,IT,Manager,Active,1,1,7.0,0.0,2,1.0,49.5,86.0,1.0,5.0,1.0,0.0,0.0,0.0,0.0,0.0,0.0,1.0,1.0,0.0,0.0,1.0,,0,0,0,False,3.0,2.0,0.0,7.0,0.0,0,12.0,Low,Low,1 high-risk IAM events; 1 PowerShell alerts; 1 security-tampering alerts
EMP10819,oni.wable49,Procurement,Consultant,Active,1,1,4.0,2.0,3,2.0,80.5,100.0,1.0,1.0,3.0,0.0,2.0,0.0,1.0,1.0,0.0,0.0,2.0,1.0,0.0,1.0,,0,0,0,False,6.5,4.0,4.0,18.0,0.0,5,37.5,Medium,Medium,2 failed authentication events; 2 high-risk IAM events; 1 malware alerts; 1 credential-access alerts; 2 security-tampering alerts
EMP10820,,R&D,Trainee,Active,1,1,2.0,1.0,1,0.0,44.0,44.0,1.0,1.0,2.0,0.0,1.0,0.0,0.0,0.0,0.0,1.0,1.0,0.0,0.0,1.0,,0,0,0,False,2.5,0.0,2.0,7.0,0.0,0,11.5,Low,Low,1 failed authentication events; 1 PowerShell alerts; 1 security-tampering alerts
EMP10821,libni.aurora70,Customer Support,Analyst,Inactive,1,1,4.0,1.0,1,1.0,65.33,97.0,1.0,2.0,6.0,0.0,0.0,0.0,1.0,1.0,1.0,2.0,2.0,2.0,0.0,1.0,2023-09-09 00:00:00,4,6,10,True,2.5,2.0,0.0,29.0,10.0,10,53.5,High,High,1 failed authentication events; 1 high-risk IAM events; 1 malware alerts; 1 credential-access alerts; 1 lateral-movement alerts; 2 PowerShell alerts; 2 security-tampering alerts; 10 events after identity termination
EMP10822,jackson.kapur57,R&D,Analyst,Active,1,0,6.0,1.0,3,2.0,78.67,99.0,1.0,2.0,2.0,0.0,0.0,0.0,1.0,0.0,1.0,0.0,0.0,0.0,0.0,1.0,,0,0,0,False,5.5,4.0,0.0,12.0,0.0,5,26.5,Medium,Medium,1 failed authentication events; 2 high-risk IAM events; 1 malware alerts; 1 lateral-movement alerts
EMP10823,kala.parikh22,R&D,Director,Active,1,1,8.0,2.0,2,0.0,36.5,51.0,1.0,5.0,3.0,0.0,0.0,0.0,1.0,0.0,1.0,0.0,0.0,0.0,0.0,1.0,,0,0,0,False,5.0,0.0,0.0,12.0,0.0,5,22.0,Low,Low,2 failed authentication events; 1 malware alerts; 1 lateral-movement alerts
EMP10824,atharv.keer85,Customer Support,Officer,Active,0,1,5.0,1.0,3,1.0,51.33,81.0,1.0,4.0,4.0,0.0,3.0,0.0,1.0,0.0,0.0,1.0,0.0,0.0,0.0,1.0,,0,0,0,False,5.5,2.0,5.0,9.0,0.0,0,21.5,Low,Low,1 failed authentication events; 1 high-risk IAM events; 1 malware alerts; 1 PowerShell alerts
EMP10825,abeer.mishra34,Innovation,Specialist,Active,1,1,4.0,2.0,2,1.0,43.0,84.0,1.0,3.0,5.0,1.0,1.0,1.0,2.0,1.0,1.0,0.0,1.0,1.0,0.0,1.0,,0,0,0,False,5.0,2.0,7.0,29.0,2.0,10,55.0,High,High,2 failed authentication events; 1 high-risk IAM events; 2 malware alerts; 1 credential-access alerts; 1 lateral-movement alerts; 1 security-tampering alerts; 1 critical endpoint alerts; 1 unresolved critical alerts
EMP10826,nihal.garde76,IT,Executive,Disabled,1,0,5.0,1.0,2,3.0,61.2,96.0,1.0,4.0,3.0,0.0,1.0,0.0,2.0,0.0,0.0,0.0,0.0,0.0,0.0,1.0,2026-04-18 21:25:50,4,2,6,True,4.0,6.0,2.0,12.0,10.0,0,34.0,Medium,Medium,1 failed authentication events; 3 high-risk IAM events; 2 malware alerts; 6 events after identity termination
EMP10827,henry.raman55,Operations,Consultant,Active,1,1,3.0,2.0,2,0.0,27.0,27.0,1.0,2.0,3.0,1.0,0.0,1.0,2.0,0.0,1.0,0.0,0.0,0.0,0.0,1.0,,0,0,0,False,5.0,0.0,5.0,18.0,2.0,5,35.0,Medium,Medium,2 failed authentication events; 2 malware alerts; 1 lateral-movement alerts; 1 critical endpoint alerts; 1 unresolved critical alerts
EMP10828,vincent.anne76,Human Resources,Manager,Active,1,1,4.0,2.0,2,0.0,44.75,59.0,1.0,2.0,3.0,1.0,0.0,1.0,0.0,1.0,0.0,0.0,0.0,0.0,0.0,1.0,,0,0,0,False,5.0,0.0,5.0,6.0,2.0,0,18.0,Low,Low,2 failed authentication events; 1 credential-access alerts; 1 critical endpoint alerts; 1 unresolved critical alerts
EMP10829,chaman.goda59,Legal,Specialist,Active,1,1,7.0,1.0,1,2.0,57.0,94.0,1.0,5.0,3.0,0.0,1.0,0.0,2.0,1.0,0.0,0.0,0.0,0.0,0.0,2.0,,0,0,0,False,2.5,4.0,2.0,18.0,0.0,5,31.5,Medium,Medium,1 failed authentication events; 2 high-risk IAM events; 2 malware alerts; 1 credential-access alerts
EMP10830,warjas.wason49,Procurement,Director,Disabled,1,1,11.0,5.0,3,1.0,44.0,89.0,1.0,4.0,1.0,0.0,0.0,0.0,0.0,0.0,0.0,1.0,0.0,0.0,0.0,1.0,2022-08-08 14:24:13,9,1,10,True,9.5,2.0,0.0,3.0,10.0,0,24.5,Medium,Medium,"elevated authentication risk (5 failed auth, 3 MFA failures); 1 high-risk IAM events; 1 PowerShell alerts; 10 events after identity termination"
EMP10831,nilima.bahri98,Operations,Executive,Inactive,1,1,3.0,2.0,2,0.0,46.5,69.0,1.0,0.0,2.0,1.0,0.0,0.0,0.0,0.0,0.0,0.0,0.0,1.0,0.0,1.0,,0,0,0,False,5.0,0.0,5.0,1.0,0.0,0,11.0,Low,Low,2 failed authentication events; 1 critical endpoint alerts
EMP10832,irya.memon10,Customer Support,Engineer,Active,1,1,5.0,2.0,3,2.0,66.33,95.0,1.0,2.0,4.0,0.0,1.0,0.0,0.0,0.0,0.0,0.0,1.0,2.0,0.0,2.0,,0,0,0,False,6.5,4.0,2.0,6.0,0.0,0,18.5,Low,Low,2 failed authentication events; 2 high-risk IAM events; 1 security-tampering alerts
EMP10833,jagdish.bhatia80,Human Resources,Specialist,Active,1,1,7.0,2.0,2,3.0,39.29,84.0,1.0,4.0,2.0,0.0,1.0,0.0,0.0,0.0,0.0,0.0,0.0,0.0,1.0,1.0,,0,0,0,False,5.0,6.0,2.0,0.0,0.0,0,13.0,Low,Low,2 failed authentication events; 3 high-risk IAM events
EMP10834,warda_rege61,Compliance,Engineer,Disabled,1,1,10.0,2.0,6,5.0,70.75,90.0,1.0,6.0,2.0,0.0,2.0,0.0,0.0,0.0,0.0,1.0,0.0,0.0,0.0,1.0,2026-02-18 08:43:23,10,2,12,True,11.0,10.0,4.0,3.0,10.0,3,41.0,Medium,Medium,"elevated authentication risk (2 failed auth, 6 MFA failures); 5 high-risk IAM events; 1 PowerShell alerts; 12 events after identity termination"
EMP10835,samesh.amble26,Legal,Director,Active,1,0,4.0,1.0,1,1.0,76.5,87.0,1.0,2.0,2.0,0.0,1.0,0.0,0.0,0.0,1.0,1.0,0.0,0.0,0.0,1.0,,0,0,0,False,2.5,2.0,2.0,9.0,0.0,0,15.5,Low,Low,1 failed authentication events; 1 high-risk IAM events; 1 lateral-movement alerts; 1 PowerShell alerts
EMP10836,mahika.dube81,Customer Support,Executive,Active,1,1,3.0,0.0,1,1.0,58.67,99.0,1.0,2.0,1.0,0.0,0.0,0.0,1.0,0.0,0.0,0.0,0.0,0.0,0.0,1.0,,0,0,0,False,1.5,2.0,0.0,6.0,0.0,0,9.5,Low,Low,1 high-risk IAM events; 1 malware alerts
EMP10837,,Customer Support,Specialist,Active,1,1,6.0,2.0,2,1.0,48.25,97.0,1.0,3.0,0.0,0.0,0.0,0.0,0.0,0.0,0.0,0.0,0.0,0.0,0.0,0.0,,0,0,0,False,5.0,2.0,0.0,0.0,0.0,0,7.0,Low,Low,2 failed authentication events; 1 high-risk IAM events
EMP10838,,Finance,Engineer,Active,1,1,3.0,0.0,1,1.0,75.0,75.0,1.0,1.0,5.0,2.0,1.0,2.0,0.0,0.0,1.0,4.0,1.0,1.0,0.0,1.0,,0,0,0,False,1.5,2.0,12.0,15.0,4.0,0,34.5,Medium,Medium,1 high-risk IAM events; 1 lateral-movement alerts; 4 PowerShell alerts; 1 security-tampering alerts; 2 critical endpoint alerts; 2 unresolved critical alerts
EMP10839,wazir_sheth9,Sales,Director,Active,1,0,6.0,2.0,4,4.0,59.33,93.0,1.0,0.0,1.0,0.0,0.0,0.0,0.0,0.0,0.0,0.0,0.0,0.0,0.0,1.0,,0,0,0,False,8.0,8.0,0.0,0.0,0.0,3,19.0,Low,Low,"elevated authentication risk (2 failed auth, 4 MFA failures); 4 high-risk IAM events"
EMP10840,azad.hora31,Human Resources,Executive,Disabled,1,1,4.0,3.0,0,1.0,51.0,93.0,1.0,2.0,1.0,0.0,0.0,0.0,0.0,0.0,0.0,1.0,0.0,1.0,0.0,1.0,2025-01-08 11:22:19,4,0,4,True,3.0,2.0,0.0,4.0,10.0,0,19.0,Low,Low,3 failed authentication events; 1 high-risk IAM events; 1 PowerShell alerts; 4 events after identity termination
EMP10841,luke.mohan55,IT,Engineer,Active,1,1,8.0,4.0,6,1.0,28.5,71.0,1.0,3.0,4.0,0.0,1.0,0.0,1.0,1.0,1.0,1.0,0.0,0.0,0.0,1.0,,0,0,0,False,13.0,2.0,2.0,21.0,0.0,10,48.0,Medium,Medium,"elevated authentication risk (4 failed auth, 6 MFA failures); 1 high-risk IAM events; 1 malware alerts; 1 credential-access alerts; 1 lateral-movement alerts; 1 PowerShell alerts"
EMP10842,mason.garg83,IT,Trainee,Disabled,1,1,10.0,1.0,3,2.0,61.33,96.0,1.0,5.0,2.0,0.0,0.0,0.0,1.0,0.0,1.0,0.0,0.0,0.0,0.0,1.0,2023-04-01 13:10:00,8,2,10,True,5.5,4.0,0.0,12.0,10.0,5,36.5,Medium,Medium,1 failed authentication events; 2 high-risk IAM events; 1 malware alerts; 1 lateral-movement alerts; 10 events after identity termination
EMP10843,amol.dayal53,Operations,Manager,Active,1,1,10.0,2.0,3,4.0,61.33,88.0,1.0,5.0,3.0,1.0,0.0,1.0,0.0,0.0,0.0,2.0,0.0,2.0,1.0,1.0,,0,0,0,False,6.5,8.0,5.0,6.0,2.0,3,30.5,Medium,Medium,2 failed authentication events; 4 high-risk IAM events; 2 PowerShell alerts; 1 critical endpoint alerts; 1 unresolved critical alerts
EMP10844,saksham.vohra67,Supply Chain,Officer,Active,1,1,5.0,3.0,3,2.0,59.25,100.0,1.0,2.0,2.0,0.0,0.0,0.0,2.0,0.0,0.0,0.0,1.0,0.0,0.0,1.0,,0,0,0,False,7.5,4.0,0.0,16.0,0.0,0,27.5,Medium,Medium,3 failed authentication events; 2 high-risk IAM events; 2 malware alerts; 1 security-tampering alerts
EMP10845,abeer.kashyap41,Operations,Specialist,Inactive,1,1,3.0,1.0,1,1.0,71.0,93.0,1.0,3.0,3.0,2.0,0.0,0.0,1.0,1.0,0.0,0.0,0.0,1.0,0.0,2.0,,0,0,0,False,2.5,2.0,10.0,13.0,0.0,5,32.5,Medium,Medium,1 failed authentication events; 1 high-risk IAM events; 1 malware alerts; 1 credential-access alerts; 2 critical endpoint alerts
EMP10846,pratyush.balay57,Legal,Administrator,Active,1,0,4.0,1.0,1,0.0,35.0,51.0,1.0,1.0,1.0,0.0,0.0,0.0,0.0,0.0,1.0,0.0,0.0,0.0,0.0,1.0,,0,0,0,False,2.5,0.0,0.0,6.0,0.0,0,8.5,Low,Low,1 failed authentication events; 1 lateral-movement alerts
EMP10847,vidhi.krishna41,Customer Support,Director,On Leave,1,0,8.0,1.0,2,1.0,34.8,75.0,1.0,6.0,4.0,0.0,3.0,0.0,3.0,0.0,1.0,0.0,0.0,0.0,0.0,1.0,,0,0,0,False,4.0,2.0,5.0,18.0,0.0,5,34.0,Medium,Medium,1 failed authentication events; 1 high-risk IAM events; 3 malware alerts; 1 lateral-movement alerts
EMP10848,vrishti.vala48,Brand,Analyst,Disabled,1,1,5.0,2.0,2,1.0,55.25,85.0,1.0,2.0,4.0,0.0,0.0,0.0,2.0,0.0,0.0,1.0,0.0,1.0,2.0,1.0,2025-09-09 16:32:28,4,4,8,True,5.0,2.0,0.0,16.0,10.0,0,33.0,Medium,Medium,2 failed authentication events; 1 high-risk IAM events; 2 malware alerts; 1 PowerShell alerts; 8 events after identity termination
EMP10849,widisha.konda86,Sales,Administrator,Active,1,1,11.0,3.0,5,3.0,56.25,95.0,1.0,8.0,1.0,0.0,0.0,0.0,0.0,0.0,0.0,1.0,0.0,0.0,0.0,1.0,,0,0,0,False,10.5,6.0,0.0,3.0,0.0,3,22.5,Low,Low,"elevated authentication risk (3 failed auth, 5 MFA failures); 3 high-risk IAM events; 1 PowerShell alerts"
EMP10850,faqid.char88,People,Officer,Active,1,0,7.0,4.0,4,1.0,60.6,95.0,1.0,4.0,6.0,0.0,0.0,0.0,2.0,1.0,0.0,1.0,1.0,3.0,0.0,2.0,,0,0,0,False,10.0,2.0,0.0,27.0,0.0,10,49.0,Medium,Medium,"elevated authentication risk (4 failed auth, 4 MFA failures); 1 high-risk IAM events; 2 malware alerts; 1 credential-access alerts; 1 PowerShell alerts; 1 security-tampering alerts"
EMP10851,darpan.kapoor33,Brand,Manager,Active,1,0,10.0,3.0,4,1.0,44.57,82.0,1.0,5.0,3.0,0.0,1.0,0.0,3.0,0.0,0.0,0.0,0.0,0.0,0.0,2.0,,0,0,0,False,9.0,2.0,2.0,12.0,0.0,5,30.0,Medium,Medium,"elevated authentication risk (3 failed auth, 4 MFA failures); 1 high-risk IAM events; 3 malware alerts"
EMP10852,janani_sen81,Operations,Director,Inactive,1,1,5.0,2.0,1,1.0,55.8,88.0,1.0,0.0,3.0,0.0,2.0,0.0,0.0,0.0,2.0,1.0,0.0,0.0,1.0,1.0,2025-12-09 03:30:00,5,3,8,True,3.5,2.0,4.0,11.0,10.0,0,30.5,Medium,Medium,2 failed authentication events; 1 high-risk IAM events; 2 lateral-movement alerts; 1 PowerShell alerts; 8 events after identity termination
EMP10853,,Legal,Manager,Active,1,1,3.0,1.0,1,1.0,48.67,95.0,1.0,2.0,1.0,0.0,0.0,0.0,0.0,0.0,0.0,1.0,0.0,0.0,0.0,0.0,,0,0,0,False,2.5,2.0,0.0,3.0,0.0,0,7.5,Low,Low,1 failed authentication events; 1 high-risk IAM events; 1 PowerShell alerts
EMP10854,upkaar_pathak71,Operations,Trainee,Active,1,1,7.0,2.0,2,2.0,73.33,89.0,1.0,1.0,3.0,1.0,0.0,1.0,2.0,0.0,0.0,0.0,0.0,1.0,1.0,1.0,,0,0,0,False,5.0,4.0,5.0,13.0,2.0,0,29.0,Medium,Medium,2 failed authentication events; 2 high-risk IAM events; 2 malware alerts; 1 critical endpoint alerts; 1 unresolved critical alerts
EMP10855,manthan.peri83,Finance,Analyst,Active,1,1,7.0,1.0,2,2.0,52.67,97.0,1.0,4.0,0.0,0.0,0.0,0.0,0.0,0.0,0.0,0.0,0.0,0.0,0.0,0.0,,0,0,0,False,4.0,4.0,0.0,0.0,0.0,0,8.0,Low,Low,1 failed authentication events; 2 high-risk IAM events
EMP10856,odika.shanker32,Customer Support,Executive,Active,1,1,8.0,2.0,3,1.0,42.5,79.0,1.0,7.0,1.0,0.0,0.0,0.0,1.0,0.0,0.0,0.0,0.0,0.0,0.0,1.0,,0,0,0,False,6.5,2.0,0.0,6.0,0.0,0,14.5,Low,Low,2 failed authentication events; 1 high-risk IAM events; 1 malware alerts
EMP10857,manbir_subramaniam95,Finance,Administrator,Disabled,1,1,0.0,0.0,0,0.0,0.0,0.0,0.0,0.0,0.0,0.0,0.0,0.0,0.0,0.0,0.0,0.0,0.0,0.0,0.0,0.0,2025-12-03 07:25:32,0,0,0,False,0.0,0.0,0.0,0.0,0.0,0,0.0,Low,Low,No high-priority risk drivers
EMP10858,aditya.bhakta49,Supply Chain,Engineer,Active,1,1,5.0,2.0,1,1.0,61.75,73.0,1.0,4.0,4.0,0.0,1.0,0.0,2.0,0.0,1.0,2.0,2.0,0.0,1.0,1.0,,0,0,0,False,3.5,2.0,2.0,27.0,0.0,5,39.5,Medium,Medium,2 failed authentication events; 1 high-risk IAM events; 2 malware alerts; 1 lateral-movement alerts; 2 PowerShell alerts; 2 security-tampering alerts
EMP10859,gautami.kibe60,Sales,Administrator,Active,1,0,8.0,2.0,2,4.0,59.71,92.0,1.0,7.0,1.0,0.0,1.0,0.0,1.0,0.0,0.0,0.0,0.0,0.0,0.0,1.0,,0,0,0,False,5.0,8.0,2.0,6.0,0.0,0,21.0,Low,Low,2 failed authentication events; 4 high-risk IAM events; 1 malware alerts
EMP10860,alexander.d’alia12,Operations,Executive,Active,1,1,2.0,1.0,1,0.0,39.0,54.0,1.0,1.0,1.0,0.0,0.0,0.0,0.0,0.0,1.0,0.0,0.0,0.0,0.0,1.0,,0,0,0,False,2.5,0.0,0.0,6.0,0.0,0,8.5,Low,Low,1 failed authentication events; 1 lateral-movement alerts
EMP10861,gagan.gandhi59,Innovation,Manager,Active,1,1,7.0,3.0,3,3.0,52.67,86.0,1.0,3.0,0.0,0.0,0.0,0.0,0.0,0.0,0.0,0.0,0.0,0.0,0.0,0.0,,0,0,0,False,7.5,6.0,0.0,0.0,0.0,3,16.5,Low,Low,3 failed authentication events; 3 high-risk IAM events
EMP10862,gauri.nagi49,Finance,Director,Active,0,1,7.0,2.0,1,0.0,27.0,46.0,1.0,6.0,3.0,0.0,2.0,0.0,0.0,1.0,1.0,1.0,0.0,0.0,0.0,1.0,,0,0,0,False,3.5,0.0,4.0,15.0,0.0,0,22.5,Low,Low,2 failed authentication events; 1 credential-access alerts; 1 lateral-movement alerts; 1 PowerShell alerts
EMP10863,benjamin.rajan54,Finance,Director,Active,1,1,5.0,3.0,2,3.0,66.2,99.0,1.0,2.0,0.0,0.0,0.0,0.0,0.0,0.0,0.0,0.0,0.0,0.0,0.0,0.0,,0,0,0,False,6.0,6.0,0.0,0.0,0.0,0,12.0,Low,Low,3 failed authentication events; 3 high-risk IAM events
EMP10864,nidra.bora32,Operations,Specialist,Active,1,0,4.0,1.0,0,0.0,0.0,0.0,1.0,4.0,1.0,0.0,1.0,0.0,0.0,0.0,0.0,1.0,0.0,0.0,0.0,1.0,,0,0,0,False,1.0,0.0,2.0,3.0,0.0,0,6.0,Low,Low,1 failed authentication events; 1 PowerShell alerts
EMP10865,sanya.kala89,Legal,Engineer,Active,1,0,4.0,0.0,0,0.0,43.0,51.0,1.0,1.0,1.0,0.0,1.0,0.0,0.0,0.0,0.0,1.0,0.0,0.0,0.0,1.0,,0,0,0,False,0.0,0.0,2.0,3.0,0.0,0,5.0,Low,Low,1 PowerShell alerts
EMP10866,ayush.sami8,IT,Consultant,On Leave,1,0,6.0,2.0,2,0.0,39.17,64.0,1.0,4.0,4.0,0.0,1.0,0.0,0.0,1.0,2.0,2.0,0.0,0.0,0.0,1.0,,0,0,0,False,5.0,0.0,2.0,18.0,0.0,0,25.0,Medium,Medium,2 failed authentication events; 1 credential-access alerts; 2 lateral-movement alerts; 2 PowerShell alerts
EMP10867,nathan.madan77,IT,Analyst,Active,1,1,9.0,0.0,5,2.0,51.33,92.0,1.0,6.0,3.0,0.0,0.0,0.0,1.0,0.0,1.0,2.0,0.0,0.0,0.0,2.0,,0,0,0,False,7.5,4.0,0.0,16.0,0.0,5,32.5,Medium,Medium,2 high-risk IAM events; 1 malware alerts; 1 lateral-movement alerts; 2 PowerShell alerts
EMP10868,raghav.kannan72,IT,Specialist,Active,1,1,6.0,2.0,2,3.0,89.33,100.0,1.0,4.0,4.0,0.0,0.0,0.0,0.0,1.0,1.0,1.0,1.0,1.0,0.0,1.0,,0,0,0,False,5.0,6.0,0.0,20.0,0.0,0,31.0,Medium,Medium,2 failed authentication events; 3 high-risk IAM events; 1 credential-access alerts; 1 lateral-movement alerts; 1 PowerShell alerts; 1 security-tampering alerts
EMP10869,krishna.chaudry17,Human Resources,Consultant,Active,1,1,8.0,2.0,2,4.0,62.0,89.0,1.0,7.0,1.0,0.0,0.0,0.0,0.0,0.0,0.0,0.0,0.0,0.0,0.0,1.0,,0,0,0,False,5.0,8.0,0.0,0.0,0.0,0,13.0,Low,Low,2 failed authentication events; 4 high-risk IAM events
EMP10870,ucchal.pingle64,Marketing,Consultant,Active,1,1,3.0,0.0,0,1.0,55.0,73.0,1.0,3.0,3.0,0.0,0.0,0.0,0.0,1.0,0.0,1.0,0.0,1.0,0.0,1.0,,0,0,0,False,0.0,2.0,0.0,10.0,0.0,0,12.0,Low,Low,1 high-risk IAM events; 1 credential-access alerts; 1 PowerShell alerts
EMP10871,,Operations,Director,Active,0,1,5.0,1.0,3,1.0,31.0,84.0,1.0,0.0,1.0,0.0,0.0,0.0,1.0,0.0,0.0,0.0,0.0,0.0,0.0,1.0,,0,0,0,False,5.5,2.0,0.0,6.0,0.0,0,13.5,Low,Low,1 failed authentication events; 1 high-risk IAM events; 1 malware alerts
EMP10872,vanya.upadhyay82,R&D,Analyst,Active,1,0,9.0,5.0,6,3.0,60.0,99.0,1.0,4.0,4.0,1.0,0.0,0.0,2.0,0.0,0.0,1.0,0.0,1.0,0.0,1.0,,0,0,0,False,14.0,11.0,5.0,16.0,0.0,8,54.0,High,High,"elevated authentication risk (5 failed auth, 6 MFA failures); 3 high-risk IAM events; 2 malware alerts; 1 PowerShell alerts; 1 critical endpoint alerts"
EMP10873,jack.kamdar91,R&D,Director,Active,1,0,3.0,0.0,1,0.0,31.0,31.0,1.0,1.0,3.0,0.0,0.0,0.0,0.0,1.0,1.0,1.0,1.0,0.0,0.0,1.0,,0,0,0,False,1.5,0.0,0.0,19.0,0.0,0,20.5,Low,Low,1 credential-access alerts; 1 lateral-movement alerts; 1 PowerShell alerts; 1 security-tampering alerts
EMP10874,dominic.shenoy64,Human Resources,Executive,Active,1,1,4.0,1.0,2,1.0,48.25,93.0,1.0,3.0,3.0,0.0,0.0,0.0,2.0,0.0,0.0,1.0,0.0,0.0,0.0,1.0,,0,0,0,False,4.0,2.0,0.0,15.0,0.0,0,21.0,Low,Low,1 failed authentication events; 1 high-risk IAM events; 2 malware alerts; 1 PowerShell alerts
EMP10875,xalak.kota96,Customer Support,Administrator,Active,1,1,5.0,1.0,1,1.0,50.25,85.0,1.0,4.0,1.0,0.0,0.0,0.0,0.0,0.0,0.0,1.0,0.0,0.0,0.0,1.0,,0,0,0,False,2.5,2.0,0.0,3.0,0.0,0,7.5,Low,Low,1 failed authentication events; 1 high-risk IAM events; 1 PowerShell alerts
EMP10876,aashi.sridhar24,Legal,Manager,Active,1,1,3.0,0.0,0,0.0,30.67,51.0,1.0,3.0,5.0,0.0,3.0,0.0,3.0,0.0,1.0,2.0,1.0,0.0,0.0,2.0,,0,0,0,False,0.0,0.0,5.0,26.0,0.0,5,36.0,Medium,Medium,3 malware alerts; 1 lateral-movement alerts; 2 PowerShell alerts; 1 security-tampering alerts
EMP10877,amara.sawhney88,Human Resources,Director,Disabled,1,0,6.0,1.0,2,1.0,40.0,83.0,1.0,3.0,1.0,0.0,1.0,0.0,0.0,1.0,0.0,0.0,0.0,0.0,0.0,1.0,2025-03-22 00:00:00,6,0,6,True,4.0,2.0,2.0,6.0,10.0,0,24.0,Low,Low,1 failed authentication events; 1 high-risk IAM events; 1 credential-access alerts; 6 events after identity termination
EMP10878,irya.manda85,R&D,Trainee,Active,1,0,6.0,1.0,3,1.0,31.17,84.0,1.0,2.0,7.0,1.0,2.0,0.0,1.0,0.0,1.0,2.0,2.0,2.0,0.0,1.0,,0,0,0,False,5.5,2.0,9.0,23.0,0.0,5,44.5,Medium,Medium,1 failed authentication events; 1 high-risk IAM events; 1 malware alerts; 1 lateral-movement alerts; 2 PowerShell alerts; 2 security-tampering alerts; 1 critical endpoint alerts
EMP10879,indali.ramakrishnan84,Supply Chain,Trainee,Active,1,1,9.0,4.0,4,1.0,45.25,91.0,1.0,5.0,1.0,0.0,0.0,0.0,0.0,1.0,0.0,0.0,0.0,0.0,0.0,1.0,,0,0,0,False,10.0,2.0,0.0,6.0,0.0,5,23.0,Low,Low,"elevated authentication risk (4 failed auth, 4 MFA failures); 1 high-risk IAM events; 1 credential-access alerts"
EMP10880,advay.sekhon37,Operations,Analyst,Inactive,1,1,5.0,1.0,3,0.0,28.67,42.0,1.0,3.0,1.0,0.0,0.0,0.0,0.0,0.0,1.0,0.0,0.0,0.0,0.0,1.0,,0,0,0,False,5.5,0.0,0.0,6.0,0.0,0,11.5,Low,Low,1 failed authentication events; 1 lateral-movement alerts
EMP10881,umang.datta23,Sales,Director,Active,1,1,7.0,1.0,1,1.0,39.83,98.0,1.0,6.0,4.0,0.0,0.0,0.0,2.0,0.0,0.0,2.0,0.0,0.0,0.0,1.0,,0,0,0,False,2.5,2.0,0.0,16.0,0.0,0,20.5,Low,Low,1 failed authentication events; 1 high-risk IAM events; 2 malware alerts; 2 PowerShell alerts
EMP10882,mason.varghese84,Finance,Manager,Active,1,1,2.0,0.0,1,0.0,26.0,26.0,1.0,2.0,5.0,2.0,1.0,1.0,2.0,0.0,1.0,1.0,0.0,1.0,0.0,1.0,,0,0,0,False,1.5,0.0,12.0,22.0,2.0,5,42.5,Medium,Medium,2 malware alerts; 1 lateral-movement alerts; 1 PowerShell alerts; 2 critical endpoint alerts; 1 unresolved critical alerts
EMP10883,daniel.rattan78,Finance,Consultant,Active,1,0,3.0,1.0,2,1.0,54.0,95.0,1.0,2.0,4.0,0.0,1.0,0.0,2.0,1.0,0.0,1.0,0.0,0.0,0.0,1.0,,0,0,0,False,4.0,2.0,2.0,21.0,0.0,5,34.0,Medium,Medium,1 failed authentication events; 1 high-risk IAM events; 2 malware alerts; 1 credential-access alerts; 1 PowerShell alerts
EMP10884,ayushman.ravi61,Marketing,Specialist,Active,1,1,4.0,1.0,1,2.0,78.0,84.0,1.0,2.0,1.0,0.0,1.0,0.0,1.0,0.0,0.0,0.0,0.0,0.0,0.0,1.0,,0,0,0,False,2.5,4.0,2.0,6.0,0.0,0,14.5,Low,Low,1 failed authentication events; 2 high-risk IAM events; 1 malware alerts
EMP10885,tara.dash81,Legal,Manager,On Leave,1,1,6.0,3.0,3,3.0,64.2,99.0,1.0,2.0,3.0,0.0,1.0,0.0,2.0,0.0,0.0,1.0,0.0,0.0,0.0,1.0,,0,0,0,False,7.5,6.0,2.0,15.0,0.0,3,33.5,Medium,Medium,3 failed authentication events; 3 high-risk IAM events; 2 malware alerts; 1 PowerShell alerts
EMP10886,veda_dani92,Finance,Trainee,Active,1,0,7.0,0.0,3,2.0,60.83,84.0,1.0,4.0,2.0,0.0,0.0,0.0,0.0,0.0,0.0,0.0,1.0,2.0,0.0,1.0,,0,0,0,False,4.5,4.0,0.0,6.0,0.0,0,14.5,Low,Low,2 high-risk IAM events; 1 security-tampering alerts
EMP10887,ekapad.agarwal62,Marketing,Executive,Disabled,1,1,8.0,2.0,4,2.0,62.83,83.0,1.0,3.0,2.0,1.0,0.0,1.0,1.0,0.0,0.0,1.0,0.0,0.0,0.0,1.0,2024-08-26 08:00:34,7,2,9,True,8.0,4.0,5.0,9.0,12.0,5,43.0,Medium,Medium,"elevated authentication risk (2 failed auth, 4 MFA failures); 2 high-risk IAM events; 1 malware alerts; 1 PowerShell alerts; 1 critical endpoint alerts; 9 events after identity termination; 1 unresolved critical alerts"
EMP10888,vedant.parmer66,Human Resources,Officer,Active,1,1,12.0,4.0,4,4.0,56.56,97.0,1.0,5.0,0.0,0.0,0.0,0.0,0.0,0.0,0.0,0.0,0.0,0.0,0.0,0.0,,0,0,0,False,10.0,8.0,0.0,0.0,0.0,3,21.0,Low,Low,"elevated authentication risk (4 failed auth, 4 MFA failures); 4 high-risk IAM events"
EMP10889,chanchal.tank46,Marketing,Specialist,Active,1,0,3.0,0.0,2,0.0,30.0,49.0,1.0,2.0,2.0,1.0,0.0,1.0,1.0,0.0,1.0,0.0,0.0,0.0,0.0,1.0,,0,0,0,False,3.0,0.0,5.0,12.0,2.0,5,27.0,Medium,Medium,1 malware alerts; 1 lateral-movement alerts; 1 critical endpoint alerts; 1 unresolved critical alerts
EMP10890,utkarsh.mand24,Legal,Analyst,Active,1,1,7.0,2.0,3,2.0,72.25,82.0,1.0,5.0,2.0,0.0,0.0,0.0,1.0,0.0,1.0,0.0,0.0,0.0,0.0,1.0,,0,0,0,False,6.5,4.0,0.0,12.0,0.0,5,27.5,Medium,Medium,2 failed authentication events; 2 high-risk IAM events; 1 malware alerts; 1 lateral-movement alerts
EMP10891,eiravati.mahal58,Procurement,Administrator,Active,1,1,6.0,1.0,2,2.0,45.83,84.0,1.0,4.0,0.0,0.0,0.0,0.0,0.0,0.0,0.0,0.0,0.0,0.0,0.0,0.0,,0,0,0,False,4.0,4.0,0.0,0.0,0.0,0,8.0,Low,Low,1 failed authentication events; 2 high-risk IAM events
EMP10892,,Human Resources,Director,Active,1,1,4.0,3.0,3,0.0,24.33,41.0,1.0,2.0,5.0,0.0,2.0,0.0,2.0,2.0,0.0,0.0,0.0,1.0,0.0,1.0,,0,0,0,False,7.5,0.0,4.0,21.0,0.0,5,37.5,Medium,Medium,3 failed authentication events; 2 malware alerts; 2 credential-access alerts
EMP10893,yash.sawhney59,Compliance,Specialist,Active,1,1,4.0,0.0,0,1.0,32.25,76.0,1.0,3.0,3.0,1.0,0.0,0.0,2.0,0.0,0.0,1.0,1.0,0.0,0.0,1.0,,0,0,0,False,0.0,2.0,5.0,19.0,0.0,0,26.0,Medium,Medium,1 high-risk IAM events; 2 malware alerts; 1 PowerShell alerts; 1 security-tampering alerts; 1 critical endpoint alerts
EMP10894,balhaar.shukla89,Compliance,Administrator,Active,1,1,12.0,3.0,5,0.0,37.4,64.0,1.0,4.0,2.0,0.0,1.0,0.0,0.0,0.0,1.0,1.0,0.0,0.0,1.0,1.0,,0,0,0,False,10.5,0.0,2.0,9.0,0.0,5,26.5,Medium,Medium,"elevated authentication risk (3 failed auth, 5 MFA failures); 1 lateral-movement alerts; 1 PowerShell alerts"
EMP10895,hardik.basu90,Sales,Analyst,Active,1,1,5.0,3.0,3,2.0,69.5,97.0,1.0,3.0,5.0,1.0,2.0,1.0,3.0,0.0,2.0,2.0,0.0,0.0,0.0,1.0,,0,0,0,False,7.5,4.0,9.0,24.0,2.0,5,51.5,High,High,3 failed authentication events; 2 high-risk IAM events; 3 malware alerts; 2 lateral-movement alerts; 2 PowerShell alerts; 1 critical endpoint alerts; 1 unresolved critical alerts
EMP10896,omisha.raju69,Sales,Manager,Active,1,1,4.0,1.0,1,1.0,38.0,81.0,1.0,3.0,4.0,1.0,1.0,0.0,1.0,1.0,0.0,1.0,0.0,0.0,0.0,1.0,,0,0,0,False,2.5,2.0,7.0,15.0,0.0,5,31.5,Medium,Medium,1 failed authentication events; 1 high-risk IAM events; 1 malware alerts; 1 credential-access alerts; 1 PowerShell alerts; 1 critical endpoint alerts
EMP10897,tanvi.singh95,R&D,Trainee,Active,0,1,5.0,2.0,3,1.0,39.0,87.0,1.0,4.0,3.0,0.0,1.0,0.0,1.0,1.0,1.0,0.0,0.0,0.0,0.0,1.0,,0,0,0,False,6.5,2.0,2.0,18.0,0.0,10,38.5,Medium,Medium,2 failed authentication events; 1 high-risk IAM events; 1 malware alerts; 1 credential-access alerts; 1 lateral-movement alerts
EMP10898,udyati.sagar51,IT,Consultant,Disabled,1,1,3.0,2.0,2,1.0,56.33,90.0,1.0,1.0,5.0,0.0,1.0,0.0,1.0,1.0,0.0,1.0,0.0,1.0,0.0,1.0,,0,0,0,False,5.0,2.0,2.0,16.0,0.0,5,30.0,Medium,Medium,2 failed authentication events; 1 high-risk IAM events; 1 malware alerts; 1 credential-access alerts; 1 PowerShell alerts
EMP10899,raagini.anne95,Procurement,Specialist,Active,1,1,4.0,1.0,2,0.0,37.0,56.0,1.0,2.0,5.0,0.0,3.0,0.0,3.0,0.0,0.0,2.0,0.0,1.0,0.0,1.0,,0,0,0,False,4.0,0.0,5.0,17.0,0.0,0,26.0,Medium,Medium,1 failed authentication events; 3 malware alerts; 2 PowerShell alerts
EMP10900,lohit.reddy93,Procurement,Trainee,Active,1,1,61.0,22.0,27,14.0,50.24,100.0,1.0,33.0,2.0,0.0,0.0,0.0,1.0,0.0,0.0,1.0,0.0,0.0,0.0,1.0,,0,0,0,False,20.0,20.0,0.0,9.0,0.0,8,57.0,High,High,"elevated authentication risk (22 failed auth, 27 MFA failures); 14 high-risk IAM events; 1 malware alerts; 1 PowerShell alerts"
EMP10901,gaurika.babu9,Marketing,Director,Active,1,1,3.0,0.0,0,1.0,72.0,88.0,1.0,2.0,3.0,1.0,0.0,1.0,1.0,0.0,1.0,0.0,1.0,1.0,1.0,2.0,,0,0,0,False,0.0,2.0,5.0,17.0,2.0,5,31.0,Medium,Medium,1 high-risk IAM events; 1 malware alerts; 1 lateral-movement alerts; 1 security-tampering alerts; 1 critical endpoint alerts; 1 unresolved critical alerts
EMP10902,meghana.wali56,IT,Executive,Active,1,1,7.0,2.0,3,3.0,55.43,99.0,1.0,3.0,3.0,0.0,1.0,0.0,0.0,0.0,1.0,0.0,0.0,1.0,0.0,1.0,,0,0,0,False,6.5,6.0,2.0,7.0,0.0,3,24.5,Medium,Medium,2 failed authentication events; 3 high-risk IAM events; 1 lateral-movement alerts
EMP10903,unni.guha76,Operations,Specialist,Active,1,1,5.0,0.0,5,2.0,63.75,98.0,1.0,1.0,4.0,0.0,0.0,0.0,2.0,0.0,1.0,1.0,1.0,0.0,0.0,1.0,,0,0,0,False,7.5,4.0,0.0,25.0,0.0,5,41.5,Medium,Medium,2 high-risk IAM events; 2 malware alerts; 1 lateral-movement alerts; 1 PowerShell alerts; 1 security-tampering alerts
EMP10904,timothy.sur54,Operations,Trainee,Active,1,1,4.0,0.0,1,1.0,39.25,85.0,1.0,2.0,5.0,1.0,0.0,1.0,2.0,1.0,0.0,2.0,0.0,0.0,0.0,2.0,,0,0,0,False,1.5,2.0,5.0,22.0,2.0,5,37.5,Medium,Medium,1 high-risk IAM events; 2 malware alerts; 1 credential-access alerts; 2 PowerShell alerts; 1 critical endpoint alerts; 1 unresolved critical alerts
EMP10905,,Finance,Executive,Active,1,1,8.0,4.0,3,2.0,46.43,71.0,1.0,2.0,3.0,0.0,0.0,0.0,1.0,1.0,0.0,1.0,1.0,0.0,0.0,2.0,,0,0,0,False,8.5,4.0,0.0,19.0,0.0,10,41.5,Medium,Medium,"elevated authentication risk (4 failed auth, 3 MFA failures); 2 high-risk IAM events; 1 malware alerts; 1 credential-access alerts; 1 PowerShell alerts; 1 security-tampering alerts"
EMP10906,libni.dave64,Marketing,Engineer,On Leave,1,1,3.0,1.0,1,1.0,40.33,77.0,1.0,1.0,6.0,1.0,0.0,1.0,1.0,1.0,3.0,0.0,0.0,1.0,0.0,2.0,,0,0,0,False,2.5,2.0,5.0,21.0,2.0,10,42.5,Medium,Medium,1 failed authentication events; 1 high-risk IAM events; 1 malware alerts; 1 credential-access alerts; 3 lateral-movement alerts; 1 critical endpoint alerts; 1 unresolved critical alerts
EMP10907,sneha.loke46,Finance,Executive,Disabled,1,1,3.0,1.0,1,1.0,75.5,87.0,1.0,1.0,5.0,0.0,2.0,0.0,1.0,2.0,0.0,1.0,0.0,0.0,0.0,1.0,,0,0,0,False,2.5,2.0,4.0,17.0,0.0,5,30.5,Medium,Medium,1 failed authentication events; 1 high-risk IAM events; 1 malware alerts; 2 credential-access alerts; 1 PowerShell alerts
EMP10908,bhavya.shah29,R&D,Administrator,Active,1,1,6.0,1.0,1,1.0,51.6,82.0,1.0,4.0,4.0,1.0,1.0,1.0,2.0,1.0,0.0,0.0,0.0,1.0,0.0,1.0,,0,0,0,False,2.5,2.0,7.0,19.0,2.0,5,37.5,Medium,Medium,1 failed authentication events; 1 high-risk IAM events; 2 malware alerts; 1 credential-access alerts; 1 critical endpoint alerts; 1 unresolved critical alerts
EMP10909,yahvi.gokhale89,Customer Support,Specialist,Inactive,1,1,4.0,1.0,1,0.0,39.0,52.0,1.0,3.0,5.0,1.0,1.0,1.0,2.0,2.0,0.0,2.0,0.0,0.0,0.0,2.0,2024-03-12 14:31:36,4,4,8,True,2.5,0.0,7.0,24.0,12.0,5,50.5,High,High,1 failed authentication events; 2 malware alerts; 2 credential-access alerts; 2 PowerShell alerts; 1 critical endpoint alerts; 8 events after identity termination; 1 unresolved critical alerts
EMP10910,arya.srivastava79,Procurement,Manager,Active,0,1,3.0,1.0,1,2.0,57.0,82.0,1.0,3.0,1.0,0.0,0.0,0.0,0.0,0.0,0.0,0.0,0.0,0.0,0.0,1.0,,0,0,0,False,2.5,4.0,0.0,0.0,0.0,0,6.5,Low,Low,1 failed authentication events; 2 high-risk IAM events
EMP10911,unnati.krishnan27,Operations,Executive,Active,1,1,5.0,2.0,1,2.0,66.0,93.0,1.0,3.0,2.0,0.0,0.0,0.0,0.0,0.0,0.0,1.0,0.0,0.0,0.0,1.0,,0,0,0,False,3.5,4.0,0.0,3.0,0.0,0,10.5,Low,Low,2 failed authentication events; 2 high-risk IAM events; 1 PowerShell alerts
EMP10912,mohammed.devan20,Operations,Consultant,Disabled,1,1,71.0,25.0,25,21.0,57.56,100.0,1.0,32.0,7.0,1.0,0.0,1.0,2.0,0.0,2.0,0.0,0.0,1.0,1.0,2.0,,0,0,0,False,20.0,20.0,5.0,21.0,2.0,10,78.0,Critical,Critical,"elevated authentication risk (25 failed auth, 25 MFA failures); 21 high-risk IAM events; 2 malware alerts; 2 lateral-movement alerts; 1 critical endpoint alerts; 1 unresolved critical alerts"
EMP10913,tanay.bains1,Sales,Trainee,Active,1,0,6.0,2.0,4,2.0,50.6,77.0,1.0,2.0,1.0,0.0,0.0,0.0,1.0,0.0,0.0,0.0,0.0,0.0,0.0,1.0,,0,0,0,False,8.0,4.0,0.0,6.0,0.0,5,23.0,Low,Low,"elevated authentication risk (2 failed auth, 4 MFA failures); 2 high-risk IAM events; 1 malware alerts"
EMP10914,ayushman.parsa54,Operations,Engineer,Disabled,1,0,3.0,1.0,0,1.0,32.0,76.0,1.0,3.0,6.0,0.0,3.0,0.0,1.0,1.0,0.0,3.0,0.0,0.0,0.0,1.0,2024-09-09 00:00:00,2,5,7,True,1.0,2.0,5.0,16.0,10.0,5,39.0,Medium,Medium,1 failed authentication events; 1 high-risk IAM events; 1 malware alerts; 1 credential-access alerts; 3 PowerShell alerts; 7 events after identity termination
EMP10915,daksh.chaudhry59,Customer Support,Consultant,Active,1,1,5.0,2.0,2,0.0,26.67,62.0,1.0,3.0,1.0,0.0,1.0,0.0,0.0,1.0,0.0,0.0,0.0,0.0,0.0,1.0,,0,0,0,False,5.0,0.0,2.0,6.0,0.0,0,13.0,Low,Low,2 failed authentication events; 1 credential-access alerts
EMP10916,chavvi.thaman9,Human Resources,Consultant,Active,1,1,5.0,1.0,1,1.0,33.4,84.0,1.0,3.0,4.0,1.0,0.0,1.0,1.0,2.0,0.0,0.0,0.0,1.0,0.0,2.0,,0,0,0,False,2.5,2.0,5.0,15.0,2.0,5,31.5,Medium,Medium,1 failed authentication events; 1 high-risk IAM events; 1 malware alerts; 2 credential-access alerts; 1 critical endpoint alerts; 1 unresolved critical alerts
EMP10917,abha.chaudhary85,Finance,Specialist,Inactive,1,1,1.0,0.0,1,0.0,65.0,65.0,1.0,1.0,5.0,0.0,0.0,0.0,0.0,0.0,1.0,1.0,1.0,2.0,0.0,1.0,2026-04-13 19:11:21,1,4,5,True,1.5,0.0,0.0,15.0,10.0,0,26.5,Medium,Medium,1 lateral-movement alerts; 1 PowerShell alerts; 1 security-tampering alerts; 5 events after identity termination
EMP10918,,Operations,Consultant,Active,1,1,8.0,4.0,4,2.0,36.83,86.0,1.0,2.0,4.0,0.0,1.0,0.0,1.0,2.0,0.0,1.0,0.0,0.0,1.0,1.0,,0,0,0,False,10.0,4.0,2.0,17.0,0.0,10,43.0,Medium,Medium,"elevated authentication risk (4 failed auth, 4 MFA failures); 2 high-risk IAM events; 1 malware alerts; 2 credential-access alerts; 1 PowerShell alerts"
EMP10919,udyati_dugar83,Sales,Officer,Active,1,0,6.0,2.0,1,0.0,45.0,65.0,1.0,3.0,2.0,0.0,0.0,0.0,0.0,0.0,0.0,1.0,1.0,0.0,0.0,1.0,,0,0,0,False,3.5,0.0,0.0,7.0,0.0,0,10.5,Low,Low,2 failed authentication events; 1 PowerShell alerts; 1 security-tampering alerts
EMP10920,lakshit.divan84,Legal,Engineer,Active,1,1,4.0,1.0,2,0.0,30.75,40.0,1.0,3.0,3.0,1.0,0.0,1.0,2.0,0.0,0.0,0.0,0.0,1.0,0.0,1.0,,0,0,0,False,4.0,0.0,5.0,13.0,2.0,0,24.0,Low,Low,1 failed authentication events; 2 malware alerts; 1 critical endpoint alerts; 1 unresolved critical alerts
EMP10921,arunima.dhingra17,Customer Support,Officer,Active,1,1,7.0,1.0,2,2.0,48.6,79.0,1.0,6.0,3.0,0.0,0.0,0.0,0.0,1.0,0.0,2.0,1.0,1.0,0.0,1.0,,0,0,0,False,4.0,4.0,0.0,15.0,0.0,0,23.0,Low,Low,1 failed authentication events; 2 high-risk IAM events; 1 credential-access alerts; 2 PowerShell alerts; 1 security-tampering alerts
EMP10922,aahana.kaur82,Finance,Analyst,Active,1,0,5.0,0.0,0,0.0,19.2,41.0,1.0,2.0,1.0,0.0,0.0,0.0,0.0,0.0,0.0,0.0,0.0,0.0,0.0,1.0,,0,0,0,False,0.0,0.0,0.0,0.0,0.0,0,0.0,Low,Low,No high-priority risk drivers
EMP10923,aryan_pillay15,IT,Consultant,Active,1,1,5.0,1.0,1,2.0,49.75,88.0,1.0,4.0,1.0,0.0,1.0,0.0,1.0,0.0,0.0,0.0,0.0,0.0,0.0,1.0,,0,0,0,False,2.5,4.0,2.0,6.0,0.0,0,14.5,Low,Low,1 failed authentication events; 2 high-risk IAM events; 1 malware alerts
EMP10924,noah.ranganathan16,R&D,Administrator,Active,1,1,7.0,2.0,3,2.0,55.67,94.0,1.0,5.0,4.0,0.0,1.0,0.0,1.0,0.0,0.0,2.0,0.0,1.0,0.0,1.0,,0,0,0,False,6.5,4.0,2.0,11.0,0.0,0,23.5,Low,Low,2 failed authentication events; 2 high-risk IAM events; 1 malware alerts; 2 PowerShell alerts
EMP10925,ranveer.kapadia75,Procurement,Officer,Active,1,1,9.0,2.0,2,1.0,43.4,98.0,1.0,6.0,4.0,0.0,1.0,0.0,1.0,1.0,1.0,2.0,0.0,0.0,0.0,1.0,,0,0,0,False,5.0,2.0,2.0,22.0,0.0,10,41.0,Medium,Medium,2 failed authentication events; 1 high-risk IAM events; 1 malware alerts; 1 credential-access alerts; 1 lateral-movement alerts; 2 PowerShell alerts
EMP10926,ishaan.narang92,Procurement,Executive,Active,1,1,5.0,3.0,3,1.0,54.5,73.0,1.0,2.0,2.0,1.0,0.0,1.0,1.0,1.0,0.0,0.0,0.0,0.0,0.0,1.0,,0,0,0,False,7.5,2.0,5.0,12.0,2.0,5,33.5,Medium,Medium,3 failed authentication events; 1 high-risk IAM events; 1 malware alerts; 1 credential-access alerts; 1 critical endpoint alerts; 1 unresolved critical alerts
EMP10927,ekta.batra25,Operations,Trainee,Disabled,1,1,4.0,1.0,2,0.0,34.5,65.0,1.0,2.0,3.0,0.0,1.0,0.0,1.0,0.0,0.0,1.0,0.0,1.0,0.0,1.0,2024-04-23 16:16:28,3,3,6,True,4.0,0.0,2.0,10.0,10.0,0,26.0,Medium,Medium,1 failed authentication events; 1 malware alerts; 1 PowerShell alerts; 6 events after identity termination
EMP10928,baljiwan_das61,Sales,Trainee,Active,1,0,10.0,6.0,4,5.0,73.71,93.0,1.0,6.0,2.0,0.0,2.0,0.0,2.0,0.0,0.0,0.0,0.0,0.0,0.0,1.0,,0,0,0,False,12.0,15.0,4.0,12.0,0.0,8,51.0,High,High,"elevated authentication risk (6 failed auth, 4 MFA failures); 5 high-risk IAM events; 2 malware alerts"
EMP10929,aarini.bora51,Marketing,Specialist,On Leave,1,1,6.0,2.0,2,2.0,67.5,91.0,1.0,5.0,3.0,1.0,1.0,1.0,1.0,0.0,1.0,1.0,0.0,0.0,0.0,2.0,,0,0,0,False,5.0,4.0,7.0,15.0,2.0,5,38.0,Medium,Medium,2 failed authentication events; 2 high-risk IAM events; 1 malware alerts; 1 lateral-movement alerts; 1 PowerShell alerts; 1 critical endpoint alerts; 1 unresolved critical alerts
EMP10930,,Legal,Executive,Active,1,0,10.0,5.0,7,1.0,49.89,89.0,1.0,7.0,1.0,0.0,0.0,0.0,0.0,0.0,0.0,0.0,1.0,1.0,0.0,1.0,,0,0,0,False,15.0,2.0,0.0,5.0,0.0,0,22.0,Low,Low,"elevated authentication risk (5 failed auth, 7 MFA failures); 1 high-risk IAM events; 1 security-tampering alerts"
EMP10931,sanaya.chaudhary66,Customer Support,Manager,Active,1,0,7.0,3.0,4,2.0,57.6,79.0,1.0,3.0,1.0,0.0,0.0,0.0,0.0,0.0,0.0,1.0,0.0,0.0,0.0,0.0,,0,0,0,False,9.0,4.0,0.0,3.0,0.0,0,16.0,Low,Low,"elevated authentication risk (3 failed auth, 4 MFA failures); 2 high-risk IAM events; 1 PowerShell alerts"
EMP10932,ayush.zacharia48,Human Resources,Specialist,Active,1,0,7.0,2.0,3,1.0,44.83,80.0,1.0,5.0,1.0,0.0,0.0,0.0,0.0,0.0,0.0,0.0,0.0,1.0,0.0,1.0,,0,0,0,False,6.5,2.0,0.0,1.0,0.0,0,9.5,Low,Low,2 failed authentication events; 1 high-risk IAM events
EMP10933,saksham.balay20,Human Resources,Consultant,Active,1,1,4.0,1.0,1,0.0,50.67,69.0,1.0,3.0,2.0,0.0,1.0,0.0,1.0,0.0,0.0,0.0,0.0,1.0,0.0,1.0,,0,0,0,False,2.5,0.0,2.0,7.0,0.0,0,11.5,Low,Low,1 failed authentication events; 1 malware alerts
EMP10934,triveni.kohli19,Procurement,Director,Active,1,1,3.0,2.0,2,0.0,40.0,68.0,1.0,2.0,4.0,1.0,0.0,1.0,1.0,1.0,1.0,0.0,0.0,1.0,0.0,2.0,,0,0,0,False,5.0,0.0,5.0,19.0,2.0,10,41.0,Medium,Medium,2 failed authentication events; 1 malware alerts; 1 credential-access alerts; 1 lateral-movement alerts; 1 critical endpoint alerts; 1 unresolved critical alerts
EMP10935,ojas.barad71,Operations,Manager,Active,0,1,6.0,1.0,2,2.0,57.8,90.0,1.0,1.0,2.0,0.0,0.0,0.0,1.0,0.0,1.0,0.0,0.0,0.0,1.0,1.0,,0,0,0,False,4.0,4.0,0.0,12.0,0.0,5,25.0,Medium,Medium,1 failed authentication events; 2 high-risk IAM events; 1 malware alerts; 1 lateral-movement alerts
EMP10936,chatura.sengupta49,R&D,Specialist,Active,1,1,7.0,3.0,3,5.0,80.33,91.0,1.0,2.0,1.0,0.0,0.0,0.0,1.0,0.0,0.0,0.0,1.0,0.0,0.0,1.0,,0,0,0,False,7.5,10.0,0.0,10.0,0.0,3,30.5,Medium,Medium,3 failed authentication events; 5 high-risk IAM events; 1 malware alerts; 1 security-tampering alerts
EMP10937,ridhi.kumer20,Operations,Manager,Active,1,1,6.0,1.0,3,3.0,74.33,100.0,1.0,3.0,3.0,0.0,0.0,0.0,2.0,0.0,0.0,1.0,0.0,0.0,0.0,1.0,,0,0,0,False,5.5,6.0,0.0,15.0,0.0,3,29.5,Medium,Medium,1 failed authentication events; 3 high-risk IAM events; 2 malware alerts; 1 PowerShell alerts
EMP10938,alka.memon44,Customer Support,Analyst,Active,1,1,6.0,1.0,1,3.0,62.6,93.0,1.0,4.0,1.0,0.0,1.0,0.0,1.0,0.0,0.0,0.0,0.0,0.0,0.0,1.0,,0,0,0,False,2.5,6.0,2.0,6.0,0.0,0,16.5,Low,Low,1 failed authentication events; 3 high-risk IAM events; 1 malware alerts
EMP10939,karan.mutti81,Marketing,Officer,Active,1,1,8.0,3.0,5,3.0,52.67,94.0,1.0,3.0,2.0,0.0,0.0,0.0,0.0,0.0,1.0,0.0,0.0,0.0,0.0,1.0,,0,0,0,False,10.5,6.0,0.0,6.0,0.0,8,30.5,Medium,Medium,"elevated authentication risk (3 failed auth, 5 MFA failures); 3 high-risk IAM events; 1 lateral-movement alerts"
EMP10940,,Supply Chain,Analyst,Active,1,1,4.0,1.0,2,1.0,61.33,91.0,1.0,2.0,2.0,0.0,0.0,0.0,1.0,1.0,0.0,1.0,0.0,0.0,0.0,1.0,,0,0,0,False,4.0,2.0,0.0,15.0,0.0,5,26.0,Medium,Medium,1 failed authentication events; 1 high-risk IAM events; 1 malware alerts; 1 credential-access alerts; 1 PowerShell alerts
EMP10941,tanveer.murty16,Customer Support,Executive,Active,1,1,5.0,2.0,3,0.0,48.25,64.0,1.0,2.0,1.0,0.0,1.0,0.0,1.0,0.0,0.0,0.0,0.0,0.0,0.0,1.0,,0,0,0,False,6.5,0.0,2.0,6.0,0.0,0,14.5,Low,Low,2 failed authentication events; 1 malware alerts
EMP10942,,R&D,Manager,Active,1,1,5.0,1.0,3,1.0,35.67,76.0,1.0,2.0,1.0,0.0,1.0,0.0,0.0,1.0,0.0,0.0,0.0,0.0,0.0,0.0,,0,0,0,False,5.5,2.0,2.0,6.0,0.0,0,15.5,Low,Low,1 failed authentication events; 1 high-risk IAM events; 1 credential-access alerts
EMP10943,vasudha.mital3,Operations,Director,Disabled,1,1,2.0,0.0,0,1.0,75.0,75.0,1.0,1.0,3.0,1.0,0.0,1.0,2.0,1.0,0.0,0.0,0.0,0.0,0.0,1.0,2023-02-01 11:24:00,1,2,3,True,0.0,2.0,5.0,18.0,11.0,5,41.0,Medium,Medium,1 high-risk IAM events; 2 malware alerts; 1 credential-access alerts; 1 critical endpoint alerts; 3 events after identity termination; 1 unresolved critical alerts
EMP10944,quincy.goda70,Finance,Administrator,Active,1,1,6.0,2.0,1,2.0,57.0,88.0,1.0,5.0,5.0,0.0,0.0,0.0,3.0,0.0,0.0,1.0,0.0,0.0,1.0,1.0,,0,0,0,False,3.5,4.0,0.0,15.0,0.0,0,22.5,Low,Low,2 failed authentication events; 2 high-risk IAM events; 3 malware alerts; 1 PowerShell alerts
EMP10945,sachi.shetty87,Finance,Analyst,Active,1,1,4.0,1.0,2,1.0,46.33,82.0,1.0,1.0,4.0,0.0,1.0,0.0,1.0,2.0,0.0,0.0,0.0,1.0,1.0,2.0,,0,0,0,False,4.0,2.0,2.0,15.0,0.0,5,28.0,Medium,Medium,1 failed authentication events; 1 high-risk IAM events; 1 malware alerts; 2 credential-access alerts
EMP10946,ekbal.chandra41,Finance,Director,Inactive,1,1,4.0,1.0,2,1.0,57.5,81.0,1.0,2.0,2.0,1.0,0.0,1.0,1.0,0.0,0.0,1.0,1.0,0.0,0.0,1.0,2023-01-25 07:28:00,3,2,5,True,4.0,2.0,5.0,13.0,12.0,0,36.0,Medium,Medium,1 failed authentication events; 1 high-risk IAM events; 1 malware alerts; 1 PowerShell alerts; 1 security-tampering alerts; 1 critical endpoint alerts; 5 events after identity termination; 1 unresolved critical alerts
EMP10947,vansha.choudhury76,Sales,Trainee,Inactive,1,1,6.0,5.0,2,0.0,30.75,55.0,1.0,4.0,1.0,1.0,0.0,0.0,0.0,1.0,0.0,0.0,0.0,0.0,0.0,1.0,2026-03-30 19:17:00,5,1,6,True,8.0,0.0,5.0,6.0,10.0,5,34.0,Medium,Medium,"elevated authentication risk (5 failed auth, 2 MFA failures); 1 credential-access alerts; 1 critical endpoint alerts; 6 events after identity termination"
EMP10948,yamini.dubey62,IT,Director,Active,1,1,6.0,2.0,2,3.0,65.2,97.0,1.0,4.0,2.0,1.0,1.0,1.0,0.0,0.0,0.0,1.0,0.0,0.0,0.0,1.0,,0,0,0,False,5.0,6.0,7.0,3.0,2.0,0,23.0,Low,Low,2 failed authentication events; 3 high-risk IAM events; 1 PowerShell alerts; 1 critical endpoint alerts; 1 unresolved critical alerts
EMP10949,,Customer Support,Executive,Active,1,1,6.0,5.0,4,2.0,65.25,73.0,1.0,2.0,4.0,0.0,2.0,0.0,1.0,0.0,1.0,1.0,0.0,2.0,0.0,2.0,,0,0,0,False,11.0,4.0,4.0,17.0,0.0,10,46.0,Medium,Medium,"elevated authentication risk (5 failed auth, 4 MFA failures); 2 high-risk IAM events; 1 malware alerts; 1 lateral-movement alerts; 1 PowerShell alerts"
EMP10950,girik.pai19,Operations,Officer,Inactive,1,1,7.0,1.0,2,0.0,25.0,65.0,1.0,3.0,3.0,2.0,0.0,1.0,0.0,0.0,1.0,1.0,1.0,1.0,0.0,1.0,,0,0,0,False,4.0,0.0,10.0,14.0,2.0,0,30.0,Medium,Medium,1 failed authentication events; 1 lateral-movement alerts; 1 PowerShell alerts; 1 security-tampering alerts; 2 critical endpoint alerts; 1 unresolved critical alerts
EMP10951,leena.batra60,Procurement,Administrator,Active,1,1,11.0,2.0,3,3.0,54.83,85.0,1.0,10.0,0.0,0.0,0.0,0.0,0.0,0.0,0.0,0.0,0.0,0.0,0.0,0.0,,0,0,0,False,6.5,6.0,0.0,0.0,0.0,3,15.5,Low,Low,2 failed authentication events; 3 high-risk IAM events
EMP10952,januja.yadav88,Legal,Consultant,Active,1,1,10.0,2.0,3,1.0,48.67,78.0,1.0,6.0,0.0,0.0,0.0,0.0,0.0,0.0,0.0,0.0,0.0,0.0,0.0,0.0,,0,0,0,False,6.5,2.0,0.0,0.0,0.0,0,8.5,Low,Low,2 failed authentication events; 1 high-risk IAM events
EMP10953,laban.sankar95,Customer Support,Specialist,Active,1,1,6.0,3.0,2,2.0,58.4,88.0,1.0,3.0,7.0,0.0,2.0,0.0,2.0,1.0,0.0,1.0,2.0,2.0,0.0,1.0,,0,0,0,False,6.0,4.0,4.0,28.0,0.0,5,47.0,Medium,Medium,3 failed authentication events; 2 high-risk IAM events; 2 malware alerts; 1 credential-access alerts; 1 PowerShell alerts; 2 security-tampering alerts
EMP10954,balendra.chada93,Customer Support,Administrator,Active,1,1,7.0,2.0,3,0.0,31.2,48.0,1.0,5.0,3.0,2.0,0.0,1.0,1.0,1.0,0.0,1.0,0.0,0.0,0.0,2.0,,0,0,0,False,6.5,0.0,10.0,15.0,2.0,5,38.5,Medium,Medium,2 failed authentication events; 1 malware alerts; 1 credential-access alerts; 1 PowerShell alerts; 2 critical endpoint alerts; 1 unresolved critical alerts
EMP10955,janya.kuruvilla44,Marketing,Trainee,On Leave,1,1,7.0,3.0,2,2.0,52.0,94.0,1.0,5.0,3.0,0.0,1.0,0.0,1.0,1.0,1.0,0.0,0.0,0.0,0.0,1.0,,0,0,0,False,6.0,4.0,2.0,18.0,0.0,10,40.0,Medium,Medium,3 failed authentication events; 2 high-risk IAM events; 1 malware alerts; 1 credential-access alerts; 1 lateral-movement alerts
EMP10956,devika.contractor43,IT,Executive,Active,1,1,6.0,2.0,1,1.0,50.75,100.0,1.0,5.0,0.0,0.0,0.0,0.0,0.0,0.0,0.0,0.0,0.0,0.0,0.0,0.0,,0,0,0,False,3.5,2.0,0.0,0.0,0.0,0,5.5,Low,Low,2 failed authentication events; 1 high-risk IAM events
EMP10957,gautami.chaudhry72,Innovation,Director,Active,1,1,8.0,0.0,2,0.0,51.0,68.0,1.0,3.0,0.0,0.0,0.0,0.0,0.0,0.0,0.0,0.0,0.0,0.0,0.0,0.0,,0,0,0,False,3.0,0.0,0.0,0.0,0.0,0,3.0,Low,Low,No high-priority risk drivers
EMP10958,azaan.sampath86,R&D,Manager,Active,1,1,7.0,3.0,2,1.0,61.4,96.0,1.0,3.0,2.0,0.0,1.0,0.0,0.0,0.0,0.0,0.0,1.0,2.0,0.0,2.0,,0,0,0,False,6.0,2.0,2.0,6.0,0.0,0,16.0,Low,Low,3 failed authentication events; 1 high-risk IAM events; 1 security-tampering alerts
EMP10959,ira.bhatnagar90,IT,Manager,Active,1,1,9.0,3.0,5,3.0,60.5,90.0,1.0,8.0,2.0,0.0,1.0,0.0,1.0,0.0,0.0,1.0,1.0,0.0,0.0,1.0,,0,0,0,False,10.5,6.0,2.0,13.0,0.0,8,39.5,Medium,Medium,"elevated authentication risk (3 failed auth, 5 MFA failures); 3 high-risk IAM events; 1 malware alerts; 1 PowerShell alerts; 1 security-tampering alerts"
EMP10960,mason.rao36,Operations,Engineer,Active,1,1,3.0,1.0,2,0.0,5.5,6.0,1.0,2.0,4.0,0.0,1.0,0.0,2.0,0.0,0.0,2.0,0.0,1.0,0.0,1.0,,0,0,0,False,4.0,0.0,2.0,17.0,0.0,0,23.0,Low,Low,1 failed authentication events; 2 malware alerts; 2 PowerShell alerts
EMP10961,samar.deep47,IT,Administrator,Active,1,1,6.0,0.0,2,0.0,16.0,36.0,1.0,6.0,3.0,0.0,2.0,0.0,1.0,1.0,0.0,0.0,0.0,0.0,0.0,1.0,,0,0,0,False,3.0,0.0,4.0,12.0,0.0,5,24.0,Low,Low,1 malware alerts; 1 credential-access alerts
EMP10962,aarav.sankaran82,Legal,Manager,Active,1,1,2.0,0.0,0,1.0,72.0,86.0,1.0,2.0,3.0,0.0,0.0,0.0,1.0,2.0,0.0,0.0,0.0,0.0,1.0,1.0,,0,0,0,False,0.0,2.0,0.0,14.0,0.0,5,21.0,Low,Low,1 high-risk IAM events; 1 malware alerts; 2 credential-access alerts
EMP10963,yash_boase95,Supply Chain,Specialist,Active,1,1,12.0,1.0,3,2.0,40.55,99.0,1.0,10.0,2.0,0.0,1.0,0.0,1.0,0.0,1.0,0.0,0.0,0.0,0.0,1.0,,0,0,0,False,5.5,4.0,2.0,12.0,0.0,5,28.5,Medium,Medium,1 failed authentication events; 2 high-risk IAM events; 1 malware alerts; 1 lateral-movement alerts
EMP10964,bahadurjit.ramanathan73,Sales,Officer,Disabled,1,0,5.0,1.0,0,2.0,56.0,89.0,1.0,4.0,1.0,0.0,0.0,0.0,0.0,1.0,0.0,1.0,0.0,0.0,0.0,1.0,,0,0,0,False,1.0,4.0,0.0,9.0,0.0,0,14.0,Low,Low,1 failed authentication events; 2 high-risk IAM events; 1 credential-access alerts; 1 PowerShell alerts
EMP10965,nisha.walla79,Marketing,Officer,Active,1,1,4.0,1.0,0,0.0,27.0,58.0,1.0,1.0,2.0,0.0,2.0,0.0,1.0,0.0,1.0,0.0,1.0,0.0,0.0,1.0,,0,0,0,False,1.0,0.0,4.0,16.0,0.0,5,26.0,Medium,Medium,1 failed authentication events; 1 malware alerts; 1 lateral-movement alerts; 1 security-tampering alerts
EMP10966,abhimanyu.dhar56,Legal,Administrator,Active,1,0,7.0,2.0,3,1.0,30.6,97.0,1.0,3.0,3.0,0.0,0.0,0.0,1.0,1.0,0.0,0.0,1.0,1.0,0.0,1.0,,0,0,0,False,6.5,2.0,0.0,17.0,0.0,5,30.5,Medium,Medium,2 failed authentication events; 1 high-risk IAM events; 1 malware alerts; 1 credential-access alerts; 1 security-tampering alerts
EMP10967,ikshita.luthra93,Sales,Analyst,Active,1,1,1.0,1.0,1,0.0,0.0,0.0,1.0,1.0,5.0,0.0,4.0,0.0,1.0,2.0,0.0,1.0,1.0,0.0,0.0,1.0,,0,0,0,False,2.5,0.0,5.0,21.0,0.0,5,33.5,Medium,Medium,1 failed authentication events; 1 malware alerts; 2 credential-access alerts; 1 PowerShell alerts; 1 security-tampering alerts
EMP10968,raksha.johal11,Supply Chain,Analyst,Inactive,1,0,3.0,1.0,0,0.0,53.0,53.0,1.0,2.0,1.0,0.0,0.0,0.0,1.0,0.0,0.0,0.0,1.0,0.0,0.0,1.0,,0,0,0,False,1.0,0.0,0.0,10.0,0.0,0,11.0,Low,Low,1 failed authentication events; 1 malware alerts; 1 security-tampering alerts
EMP10969,urvashi.upadhyay40,Human Resources,Manager,Disabled,0,1,7.0,3.0,2,2.0,64.5,97.0,1.0,4.0,2.0,0.0,0.0,0.0,0.0,0.0,1.0,1.0,0.0,1.0,0.0,2.0,2025-10-01 00:00:00,7,1,8,True,6.0,4.0,0.0,10.0,10.0,0,30.0,Medium,Medium,3 failed authentication events; 2 high-risk IAM events; 1 lateral-movement alerts; 1 PowerShell alerts; 8 events after identity termination
EMP10970,geetika.palla32,Human Resources,Trainee,Disabled,1,1,3.0,0.0,0,0.0,45.0,65.0,1.0,2.0,3.0,0.0,1.0,0.0,1.0,1.0,0.0,1.0,1.0,0.0,1.0,2.0,2024-09-23 20:05:33,3,2,5,True,0.0,0.0,2.0,19.0,10.0,5,36.0,Medium,Medium,1 malware alerts; 1 credential-access alerts; 1 PowerShell alerts; 1 security-tampering alerts; 5 events after identity termination
EMP10971,chavvi.loyal80,R&D,Manager,Active,1,1,5.0,3.0,1,2.0,53.0,83.0,1.0,2.0,2.0,1.0,0.0,1.0,0.0,0.0,1.0,0.0,0.0,0.0,0.0,1.0,,0,0,0,False,4.5,4.0,5.0,6.0,2.0,0,21.5,Low,Low,3 failed authentication events; 2 high-risk IAM events; 1 lateral-movement alerts; 1 critical endpoint alerts; 1 unresolved critical alerts
EMP10972,zaitra.hayre49,Operations,Manager,Inactive,1,1,6.0,2.0,2,2.0,54.0,98.0,1.0,4.0,1.0,0.0,1.0,0.0,0.0,0.0,0.0,0.0,0.0,0.0,0.0,1.0,2026-05-10 00:00:00,5,1,6,True,5.0,4.0,2.0,0.0,10.0,0,21.0,Low,Low,2 failed authentication events; 2 high-risk IAM events; 6 events after identity termination
EMP10973,varenya.wali14,IT,Officer,Active,1,0,8.0,1.0,3,2.0,90.0,99.0,1.0,6.0,1.0,0.0,1.0,0.0,0.0,0.0,0.0,0.0,0.0,0.0,0.0,1.0,,0,0,0,False,5.5,4.0,2.0,0.0,0.0,0,11.5,Low,Low,1 failed authentication events; 2 high-risk IAM events
EMP10974,laksh.dani30,Procurement,Specialist,Active,0,1,8.0,2.0,5,0.0,29.25,55.0,1.0,5.0,3.0,0.0,0.0,0.0,1.0,0.0,1.0,1.0,0.0,0.0,1.0,1.0,,0,0,0,False,9.5,0.0,0.0,15.0,0.0,10,34.5,Medium,Medium,"elevated authentication risk (2 failed auth, 5 MFA failures); 1 malware alerts; 1 lateral-movement alerts; 1 PowerShell alerts"
EMP10975,azad.baral80,People,Consultant,Active,1,1,4.0,1.0,1,0.0,31.0,55.0,1.0,2.0,2.0,0.0,0.0,0.0,0.0,0.0,0.0,1.0,0.0,0.0,0.0,2.0,,0,0,0,False,2.5,0.0,0.0,3.0,0.0,0,5.5,Low,Low,1 failed authentication events; 1 PowerShell alerts
EMP10976,michael.dhillon14,IT,Specialist,Disabled,1,1,3.0,1.0,2,1.0,38.5,73.0,1.0,2.0,2.0,0.0,0.0,0.0,1.0,0.0,0.0,1.0,0.0,0.0,0.0,1.0,,0,0,0,False,4.0,2.0,0.0,9.0,0.0,0,15.0,Low,Low,1 failed authentication events; 1 high-risk IAM events; 1 malware alerts; 1 PowerShell alerts
EMP10977,udyati.trivedi33,Operations,Director,Active,1,0,2.0,1.0,1,0.0,51.5,69.0,1.0,1.0,7.0,0.0,4.0,0.0,2.0,1.0,0.0,1.0,0.0,3.0,0.0,2.0,,0,0,0,False,2.5,0.0,5.0,23.0,0.0,5,35.5,Medium,Medium,1 failed authentication events; 2 malware alerts; 1 credential-access alerts; 1 PowerShell alerts
EMP10978,girish.tata8,Finance,Administrator,On Leave,1,1,4.0,1.0,2,1.0,55.5,96.0,1.0,2.0,1.0,0.0,0.0,0.0,1.0,0.0,0.0,0.0,0.0,0.0,0.0,1.0,,0,0,0,False,4.0,2.0,0.0,6.0,0.0,0,12.0,Low,Low,1 failed authentication events; 1 high-risk IAM events; 1 malware alerts
EMP10979,alka.sastry70,Finance,Executive,Active,1,1,8.0,2.0,3,1.0,43.33,82.0,1.0,7.0,1.0,0.0,0.0,0.0,0.0,1.0,0.0,0.0,0.0,0.0,1.0,1.0,,0,0,0,False,6.5,2.0,0.0,6.0,0.0,0,14.5,Low,Low,2 failed authentication events; 1 high-risk IAM events; 1 credential-access alerts
EMP10980,imaran.dayal67,Procurement,Executive,Disabled,1,0,2.0,0.0,2,0.0,41.0,66.0,1.0,1.0,3.0,0.0,1.0,0.0,1.0,1.0,1.0,0.0,0.0,0.0,0.0,1.0,,0,0,0,False,3.0,0.0,2.0,18.0,0.0,10,33.0,Medium,Medium,1 malware alerts; 1 credential-access alerts; 1 lateral-movement alerts
EMP10981,jasmit.apte26,Sales,Manager,Active,1,0,2.0,0.0,0,1.0,55.5,95.0,1.0,2.0,6.0,1.0,1.0,0.0,3.0,1.0,0.0,1.0,3.0,1.0,0.0,1.0,,0,0,0,False,0.0,2.0,7.0,27.0,0.0,5,41.0,Medium,Medium,1 high-risk IAM events; 3 malware alerts; 1 credential-access alerts; 1 PowerShell alerts; 3 security-tampering alerts; 1 critical endpoint alerts
EMP10982,eta.aurora77,Operations,Specialist,Active,1,1,1.0,0.0,0,0.0,14.0,14.0,1.0,1.0,5.0,1.0,1.0,1.0,2.0,3.0,0.0,0.0,0.0,0.0,0.0,1.0,,0,0,0,False,0.0,0.0,7.0,20.0,2.0,5,34.0,Medium,Medium,2 malware alerts; 3 credential-access alerts; 1 critical endpoint alerts; 1 unresolved critical alerts
EMP10983,meghana.mani6,R&D,Engineer,Active,1,1,4.0,2.0,2,0.0,59.5,68.0,1.0,1.0,1.0,0.0,0.0,0.0,0.0,1.0,0.0,0.0,0.0,0.0,0.0,1.0,,0,0,0,False,5.0,0.0,0.0,6.0,0.0,0,11.0,Low,Low,2 failed authentication events; 1 credential-access alerts
EMP10984,gaurav.borde62,Operations,Director,Disabled,1,1,11.0,3.0,6,4.0,51.33,99.0,1.0,5.0,1.0,0.0,1.0,0.0,0.0,0.0,1.0,0.0,0.0,0.0,0.0,1.0,2020-09-06 00:00:00,11,0,11,True,12.0,8.0,2.0,6.0,10.0,8,46.0,Medium,Medium,"elevated authentication risk (3 failed auth, 6 MFA failures); 4 high-risk IAM events; 1 lateral-movement alerts; 11 events after identity termination"
EMP10985,maanas.nori15,Finance,Administrator,Active,1,1,11.0,2.0,3,1.0,31.44,79.0,1.0,8.0,3.0,0.0,1.0,0.0,1.0,0.0,1.0,0.0,1.0,1.0,0.0,1.0,,0,0,0,False,6.5,2.0,2.0,17.0,0.0,5,32.5,Medium,Medium,2 failed authentication events; 1 high-risk IAM events; 1 malware alerts; 1 lateral-movement alerts; 1 security-tampering alerts
EMP10986,raksha.sethi26,Sales,Administrator,Active,1,0,8.0,6.0,5,2.0,66.0,80.0,1.0,3.0,2.0,1.0,0.0,1.0,0.0,0.0,1.0,0.0,1.0,0.0,0.0,2.0,,0,0,0,False,13.5,4.0,5.0,10.0,2.0,5,39.5,Medium,Medium,"elevated authentication risk (6 failed auth, 5 MFA failures); 2 high-risk IAM events; 1 lateral-movement alerts; 1 security-tampering alerts; 1 critical endpoint alerts; 1 unresolved critical alerts"
EMP10987,irya.raval32,Finance,Engineer,Inactive,1,1,8.0,4.0,4,1.0,36.29,95.0,1.0,6.0,2.0,1.0,0.0,1.0,0.0,1.0,0.0,1.0,1.0,0.0,0.0,1.0,2021-05-06 00:00:00,6,2,8,True,10.0,2.0,5.0,13.0,12.0,5,47.0,Medium,Medium,"elevated authentication risk (4 failed auth, 4 MFA failures); 1 high-risk IAM events; 1 credential-access alerts; 1 PowerShell alerts; 1 security-tampering alerts; 1 critical endpoint alerts; 8 events after identity termination; 1 unresolved critical alerts"
EMP10988,kalpit_savant15,Operations,Engineer,Active,1,0,10.0,6.0,5,1.0,42.33,83.0,1.0,4.0,1.0,0.0,0.0,0.0,0.0,0.0,0.0,0.0,1.0,0.0,0.0,1.0,,0,0,0,False,13.5,2.0,0.0,4.0,0.0,0,19.5,Low,Low,"elevated authentication risk (6 failed auth, 5 MFA failures); 1 high-risk IAM events; 1 security-tampering alerts"
EMP10989,samaksh.arya80,Legal,Manager,Disabled,1,1,8.0,2.0,4,3.0,56.43,78.0,1.0,6.0,1.0,0.0,0.0,0.0,0.0,0.0,1.0,1.0,0.0,0.0,0.0,1.0,2024-10-24 07:17:28,6,1,7,True,8.0,6.0,0.0,9.0,10.0,8,41.0,Medium,Medium,"elevated authentication risk (2 failed auth, 4 MFA failures); 3 high-risk IAM events; 1 lateral-movement alerts; 1 PowerShell alerts; 7 events after identity termination"
EMP10990,dalbir.reddy82,Sales,Analyst,Active,1,1,5.0,4.0,4,0.0,30.0,51.0,1.0,2.0,1.0,0.0,0.0,0.0,0.0,0.0,0.0,1.0,0.0,0.0,0.0,1.0,,0,0,0,False,10.0,0.0,0.0,3.0,0.0,0,13.0,Low,Low,"elevated authentication risk (4 failed auth, 4 MFA failures); 1 PowerShell alerts"
EMP10991,anthony.vora42,Sales,Analyst,Disabled,1,1,6.0,3.0,4,4.0,78.6,96.0,1.0,3.0,2.0,0.0,1.0,0.0,0.0,0.0,0.0,1.0,0.0,1.0,0.0,1.0,,0,0,0,False,9.0,8.0,2.0,4.0,0.0,3,26.0,Medium,Medium,"elevated authentication risk (3 failed auth, 4 MFA failures); 4 high-risk IAM events; 1 PowerShell alerts"
EMP10992,charita.kala61,Procurement,Manager,Active,1,0,3.0,1.0,1,1.0,59.0,76.0,1.0,2.0,4.0,0.0,1.0,0.0,1.0,0.0,2.0,3.0,0.0,0.0,0.0,1.0,,0,0,0,False,2.5,2.0,2.0,18.0,0.0,5,29.5,Medium,Medium,1 failed authentication events; 1 high-risk IAM events; 1 malware alerts; 2 lateral-movement alerts; 3 PowerShell alerts
EMP10993,bhanumati.raja48,R&D,Officer,Active,1,1,5.0,2.0,3,2.0,74.0,98.0,1.0,4.0,2.0,1.0,1.0,0.0,0.0,0.0,1.0,0.0,0.0,1.0,0.0,1.0,,0,0,0,False,6.5,4.0,7.0,7.0,0.0,0,24.5,Medium,Medium,2 failed authentication events; 2 high-risk IAM events; 1 lateral-movement alerts; 1 critical endpoint alerts
EMP10994,gaurav.konda64,R&D,Administrator,Inactive,1,1,10.0,1.0,1,3.0,49.2,87.0,1.0,7.0,4.0,0.0,0.0,0.0,1.0,1.0,2.0,1.0,0.0,0.0,0.0,1.0,2025-05-29 07:22:50,9,4,13,True,2.5,6.0,0.0,23.0,10.0,10,51.5,High,High,1 failed authentication events; 3 high-risk IAM events; 1 malware alerts; 1 credential-access alerts; 2 lateral-movement alerts; 1 PowerShell alerts; 13 events after identity termination
EMP10995,triveni.keer58,Sales,Director,Inactive,0,1,4.0,2.0,2,1.0,68.5,74.0,1.0,2.0,2.0,0.0,0.0,0.0,1.0,1.0,0.0,0.0,0.0,0.0,0.0,1.0,2026-08-26 12:31:00,1,0,1,True,5.0,2.0,0.0,12.0,3.0,5,27.0,Medium,Medium,2 failed authentication events; 1 high-risk IAM events; 1 malware alerts; 1 credential-access alerts; 1 events after identity termination
EMP10996,oeshi.bal11,Finance,Manager,Active,0,1,3.0,1.0,1,1.0,52.5,93.0,1.0,1.0,2.0,0.0,1.0,0.0,1.0,1.0,0.0,0.0,0.0,0.0,0.0,1.0,,0,0,0,False,2.5,2.0,2.0,12.0,0.0,5,23.5,Low,Low,1 failed authentication events; 1 high-risk IAM events; 1 malware alerts; 1 credential-access alerts
EMP10997,vrishti_bhandari80,Operations,Director,Active,1,1,6.0,1.0,0,2.0,58.0,73.0,1.0,4.0,1.0,0.0,0.0,0.0,1.0,0.0,0.0,0.0,0.0,0.0,0.0,1.0,,0,0,0,False,1.0,4.0,0.0,6.0,0.0,0,11.0,Low,Low,1 failed authentication events; 2 high-risk IAM events; 1 malware alerts
EMP10998,lopa.sarin4,Finance,Trainee,Active,1,1,7.0,2.0,1,2.0,55.0,90.0,1.0,5.0,5.0,2.0,0.0,1.0,1.0,2.0,2.0,2.0,1.0,0.0,1.0,1.0,,0,0,0,False,3.5,4.0,10.0,30.0,2.0,10,59.5,High,High,2 failed authentication events; 2 high-risk IAM events; 1 malware alerts; 2 credential-access alerts; 2 lateral-movement alerts; 2 PowerShell alerts; 1 security-tampering alerts; 2 critical endpoint alerts; 1 unresolved critical alerts
EMP10999,yoshita.raval66,Customer Support,Manager,Active,0,1,9.0,0.0,2,1.0,34.86,70.0,1.0,9.0,2.0,0.0,1.0,0.0,1.0,0.0,0.0,1.0,0.0,0.0,0.0,1.0,,0,0,0,False,3.0,2.0,2.0,9.0,0.0,0,16.0,Low,Low,1 high-risk IAM events; 1 malware alerts; 1 PowerShell alerts
EMP11000,chanakya.bali26,Operations,Engineer,Active,1,1,12.0,3.0,5,4.0,57.1,97.0,1.0,5.0,2.0,0.0,0.0,0.0,0.0,0.0,0.0,1.0,0.0,0.0,0.0,1.0,,0,0,0,False,10.5,8.0,0.0,3.0,0.0,3,24.5,Medium,Medium,"elevated authentication risk (3 failed auth, 5 MFA failures); 4 high-risk IAM events; 1 PowerShell alerts"
EMP11001,aarush.prashad25,Procurement,Executive,Inactive,1,1,78.0,19.0,23,18.0,50.45,98.0,1.0,54.0,2.0,0.0,1.0,0.0,1.0,0.0,0.0,0.0,0.0,1.0,0.0,1.0,2022-06-21 04:14:18,70,2,72,True,20.0,20.0,2.0,7.0,10.0,8,67.0,High,High,"elevated authentication risk (19 failed auth, 23 MFA failures); 18 high-risk IAM events; 1 malware alerts; 72 events after identity termination"
EMP11002,radha.kibe52,Legal,Specialist,Active,1,1,11.0,5.0,3,1.0,36.57,75.0,1.0,5.0,0.0,0.0,0.0,0.0,0.0,0.0,0.0,0.0,0.0,0.0,0.0,0.0,,0,0,0,False,9.5,2.0,0.0,0.0,0.0,0,11.5,Low,Low,"elevated authentication risk (5 failed auth, 3 MFA failures); 1 high-risk IAM events"
EMP11003,yashasvi.nayar20,Legal,Engineer,Active,1,1,6.0,1.0,1,3.0,76.0,98.0,1.0,5.0,4.0,1.0,0.0,0.0,0.0,1.0,1.0,0.0,0.0,1.0,0.0,2.0,,0,0,0,False,2.5,6.0,5.0,13.0,0.0,0,26.5,Medium,Medium,1 failed authentication events; 3 high-risk IAM events; 1 credential-access alerts; 1 lateral-movement alerts; 1 critical endpoint alerts
EMP11004,yamini.baral97,R&D,Trainee,Disabled,1,1,5.0,3.0,3,2.0,56.25,92.0,1.0,2.0,4.0,0.0,2.0,0.0,0.0,1.0,1.0,2.0,1.0,0.0,0.0,2.0,2026-08-13 10:15:00,2,2,4,True,7.5,4.0,4.0,20.0,10.0,0,45.5,Medium,Medium,3 failed authentication events; 2 high-risk IAM events; 1 credential-access alerts; 1 lateral-movement alerts; 2 PowerShell alerts; 1 security-tampering alerts; 4 events after identity termination
EMP11005,xalak.gill58,Customer Support,Analyst,Inactive,1,1,60.0,21.0,25,14.0,56.02,99.0,1.0,31.0,4.0,0.0,1.0,0.0,2.0,0.0,1.0,0.0,0.0,0.0,0.0,2.0,,0,0,0,False,20.0,20.0,2.0,18.0,0.0,10,70.0,High,High,"elevated authentication risk (21 failed auth, 25 MFA failures); 14 high-risk IAM events; 2 malware alerts; 1 lateral-movement alerts"
EMP11006,raksha.khanna85,Operations,Consultant,Active,1,1,7.0,1.0,1,1.0,53.17,99.0,1.0,5.0,6.0,0.0,0.0,0.0,3.0,0.0,1.0,0.0,2.0,1.0,0.0,1.0,,0,0,0,False,2.5,2.0,0.0,24.0,0.0,5,33.5,Medium,Medium,1 failed authentication events; 1 high-risk IAM events; 3 malware alerts; 1 lateral-movement alerts; 2 security-tampering alerts
EMP11007,pushti.bhatia89,Customer Support,Administrator,Active,1,1,7.0,3.0,3,2.0,50.75,95.0,1.0,5.0,3.0,1.0,2.0,1.0,0.0,2.0,1.0,1.0,1.0,0.0,0.0,1.0,,0,0,0,False,7.5,4.0,9.0,21.0,2.0,0,43.5,Medium,Medium,3 failed authentication events; 2 high-risk IAM events; 2 credential-access alerts; 1 lateral-movement alerts; 1 PowerShell alerts; 1 security-tampering alerts; 1 critical endpoint alerts; 1 unresolved critical alerts
EMP11008,jason.ravi20,Operations,Specialist,Active,1,1,5.0,2.0,1,1.0,55.25,89.0,1.0,2.0,3.0,0.0,2.0,0.0,2.0,1.0,0.0,1.0,0.0,0.0,0.0,1.0,,0,0,0,False,3.5,2.0,4.0,21.0,0.0,5,35.5,Medium,Medium,2 failed authentication events; 1 high-risk IAM events; 2 malware alerts; 1 credential-access alerts; 1 PowerShell alerts
EMP11009,lekha.anne27,Legal,Manager,Active,1,1,7.0,5.0,5,1.0,43.4,86.0,1.0,4.0,2.0,0.0,0.0,0.0,2.0,0.0,0.0,0.0,0.0,0.0,0.0,1.0,,0,0,0,False,12.5,2.0,0.0,12.0,0.0,5,31.5,Medium,Medium,"elevated authentication risk (5 failed auth, 5 MFA failures); 1 high-risk IAM events; 2 malware alerts"
EMP11010,kiaan.issac82,Marketing,Manager,Active,1,1,4.0,1.0,1,1.0,68.0,76.0,1.0,2.0,2.0,0.0,1.0,0.0,0.0,0.0,1.0,1.0,0.0,0.0,0.0,1.0,,0,0,0,False,2.5,2.0,2.0,9.0,0.0,0,15.5,Low,Low,1 failed authentication events; 1 high-risk IAM events; 1 lateral-movement alerts; 1 PowerShell alerts
EMP11011,adya.divan78,R&D,Analyst,Inactive,1,1,5.0,3.0,3,2.0,47.25,99.0,1.0,5.0,3.0,0.0,1.0,0.0,0.0,2.0,0.0,0.0,0.0,1.0,0.0,1.0,,0,0,0,False,7.5,4.0,2.0,9.0,0.0,0,22.5,Low,Low,3 failed authentication events; 2 high-risk IAM events; 2 credential-access alerts
EMP11012,shivansh.korpal9,R&D,Analyst,Active,1,1,12.0,4.0,6,3.0,59.89,98.0,1.0,7.0,2.0,0.0,0.0,0.0,2.0,0.0,0.0,0.0,0.0,0.0,0.0,1.0,,0,0,0,False,13.0,6.0,0.0,12.0,0.0,8,39.0,Medium,Medium,"elevated authentication risk (4 failed auth, 6 MFA failures); 3 high-risk IAM events; 2 malware alerts"
EMP11013,brijesh.ganesh17,Customer Support,Director,Active,1,1,5.0,0.0,1,2.0,58.0,88.0,1.0,3.0,1.0,0.0,0.0,0.0,0.0,0.0,0.0,1.0,0.0,0.0,0.0,1.0,,0,0,0,False,1.5,4.0,0.0,3.0,0.0,0,8.5,Low,Low,2 high-risk IAM events; 1 PowerShell alerts
EMP11014,farhan.khanna40,Compliance,Trainee,Inactive,1,1,6.0,0.0,2,2.0,47.6,92.0,1.0,4.0,0.0,0.0,0.0,0.0,0.0,0.0,0.0,0.0,0.0,0.0,0.0,0.0,2026-07-10 00:10:28,6,0,6,True,3.0,4.0,0.0,0.0,10.0,0,17.0,Low,Low,2 high-risk IAM events; 6 events after identity termination
EMP11015,eiravati.dyal26,IT,Executive,Active,1,1,5.0,2.0,4,1.0,47.0,71.0,1.0,3.0,5.0,1.0,0.0,1.0,3.0,0.0,0.0,1.0,0.0,0.0,0.0,1.0,,0,0,0,False,8.0,2.0,5.0,15.0,2.0,5,37.0,Medium,Medium,"elevated authentication risk (2 failed auth, 4 MFA failures); 1 high-risk IAM events; 3 malware alerts; 1 PowerShell alerts; 1 critical endpoint alerts; 1 unresolved critical alerts"
EMP11016,neel.joshi63,Innovation,Trainee,Active,1,1,6.0,1.0,3,0.0,30.0,63.0,1.0,4.0,2.0,0.0,1.0,0.0,1.0,0.0,0.0,0.0,0.0,0.0,0.0,1.0,,0,0,0,False,5.5,0.0,2.0,6.0,0.0,0,13.5,Low,Low,1 failed authentication events; 1 malware alerts
EMP11017,kalpit.mannan92,Marketing,Director,Active,1,1,6.0,3.0,3,1.0,63.0,90.0,1.0,2.0,3.0,0.0,0.0,0.0,0.0,0.0,1.0,1.0,2.0,1.0,0.0,1.0,,0,0,0,False,7.5,2.0,0.0,15.0,0.0,0,24.5,Medium,Medium,3 failed authentication events; 1 high-risk IAM events; 1 lateral-movement alerts; 1 PowerShell alerts; 2 security-tampering alerts
EMP11018,edhitha.saini50,Finance,Specialist,Active,1,1,3.0,0.0,0,2.0,86.5,97.0,1.0,3.0,3.0,0.0,2.0,0.0,0.0,1.0,1.0,1.0,0.0,0.0,0.0,1.0,,0,0,0,False,0.0,4.0,4.0,15.0,0.0,0,23.0,Low,Low,2 high-risk IAM events; 1 credential-access alerts; 1 lateral-movement alerts; 1 PowerShell alerts
EMP11019,rudra.sood69,Marketing,Manager,Inactive,1,1,6.0,1.0,2,2.0,70.0,94.0,1.0,5.0,2.0,1.0,1.0,0.0,0.0,0.0,1.0,0.0,0.0,1.0,0.0,1.0,,0,0,0,False,4.0,4.0,7.0,7.0,0.0,0,22.0,Low,Low,1 failed authentication events; 2 high-risk IAM events; 1 lateral-movement alerts; 1 critical endpoint alerts
EMP11020,yochana.johal10,Human Resources,Officer,Active,1,1,10.0,6.0,5,2.0,49.38,91.0,1.0,5.0,2.0,0.0,1.0,0.0,0.0,0.0,0.0,1.0,0.0,0.0,1.0,1.0,,0,0,0,False,13.5,4.0,2.0,3.0,0.0,0,22.5,Low,Low,"elevated authentication risk (6 failed auth, 5 MFA failures); 2 high-risk IAM events; 1 PowerShell alerts"
EMP11021,gaurika.raman60,IT,Manager,Active,1,1,5.0,3.0,4,0.0,47.75,63.0,1.0,2.0,2.0,1.0,0.0,1.0,0.0,1.0,0.0,1.0,0.0,0.0,0.0,1.0,,0,0,0,False,9.0,0.0,5.0,9.0,2.0,5,30.0,Medium,Medium,"elevated authentication risk (3 failed auth, 4 MFA failures); 1 credential-access alerts; 1 PowerShell alerts; 1 critical endpoint alerts; 1 unresolved critical alerts"
EMP11022,faris.mander25,Legal,Analyst,Active,1,0,6.0,3.0,2,2.0,49.33,77.0,1.0,2.0,3.0,0.0,1.0,0.0,0.0,0.0,1.0,1.0,1.0,1.0,0.0,1.0,,0,0,0,False,6.0,4.0,2.0,14.0,0.0,0,26.0,Medium,Medium,3 failed authentication events; 2 high-risk IAM events; 1 lateral-movement alerts; 1 PowerShell alerts; 1 security-tampering alerts
EMP11023,aashi.raju60,R&D,Trainee,Active,1,1,8.0,1.0,3,3.0,57.5,99.0,1.0,8.0,2.0,1.0,0.0,1.0,0.0,1.0,0.0,0.0,0.0,0.0,0.0,1.0,,0,0,0,False,5.5,6.0,5.0,6.0,2.0,3,27.5,Medium,Medium,1 failed authentication events; 3 high-risk IAM events; 1 credential-access alerts; 1 critical endpoint alerts; 1 unresolved critical alerts
EMP11024,ubika.koshy18,Innovation,Administrator,Disabled,1,1,9.0,3.0,3,1.0,47.2,93.0,1.0,4.0,7.0,0.0,3.0,0.0,3.0,0.0,2.0,1.0,0.0,1.0,1.0,1.0,2025-10-15 07:36:04,7,6,13,True,7.5,2.0,5.0,24.0,10.0,5,53.5,High,High,3 failed authentication events; 1 high-risk IAM events; 3 malware alerts; 2 lateral-movement alerts; 1 PowerShell alerts; 13 events after identity termination
EMP11025,darsh.patla51,Finance,Manager,Active,1,1,3.0,0.0,3,1.0,95.0,95.0,1.0,2.0,10.0,1.0,4.0,1.0,1.0,1.0,2.0,1.0,2.0,2.0,0.0,1.0,,0,0,0,False,4.5,2.0,10.0,30.0,2.0,10,58.5,High,High,1 high-risk IAM events; 1 malware alerts; 1 credential-access alerts; 2 lateral-movement alerts; 1 PowerShell alerts; 2 security-tampering alerts; 1 critical endpoint alerts; 1 unresolved critical alerts
EMP11026,daksha.narasimhan92,IT,Officer,Disabled,1,1,9.0,3.0,2,3.0,66.0,100.0,1.0,4.0,2.0,0.0,0.0,0.0,1.0,0.0,0.0,1.0,1.0,0.0,0.0,1.0,2024-11-19 04:45:26,8,2,10,True,6.0,6.0,0.0,13.0,10.0,0,35.0,Medium,Medium,3 failed authentication events; 3 high-risk IAM events; 1 malware alerts; 1 PowerShell alerts; 1 security-tampering alerts; 10 events after identity termination
EMP11027,abha.manda57,IT,Specialist,Active,1,1,4.0,0.0,0,1.0,39.33,82.0,1.0,3.0,2.0,0.0,1.0,0.0,0.0,2.0,0.0,0.0,0.0,0.0,0.0,1.0,,0,0,0,False,0.0,2.0,2.0,8.0,0.0,0,12.0,Low,Low,1 high-risk IAM events; 2 credential-access alerts
EMP11028,aditya.anne26,Human Resources,Analyst,Active,1,1,2.0,0.0,0,0.0,29.5,46.0,1.0,2.0,5.0,0.0,3.0,0.0,1.0,1.0,2.0,2.0,0.0,0.0,0.0,2.0,,0,0,0,False,0.0,0.0,5.0,24.0,0.0,10,39.0,Medium,Medium,1 malware alerts; 1 credential-access alerts; 2 lateral-movement alerts; 2 PowerShell alerts
EMP11029,,Human Resources,Executive,Active,1,0,3.0,0.0,0,1.0,58.0,99.0,1.0,3.0,1.0,0.0,0.0,0.0,1.0,0.0,0.0,0.0,0.0,0.0,1.0,1.0,,0,0,0,False,0.0,2.0,0.0,6.0,0.0,0,8.0,Low,Low,1 high-risk IAM events; 1 malware alerts
EMP11030,saanvi.srinivasan42,Customer Support,Engineer,Active,0,1,3.0,0.0,1,0.0,30.67,49.0,1.0,3.0,2.0,0.0,0.0,0.0,1.0,0.0,1.0,1.0,0.0,0.0,0.0,1.0,,0,0,0,False,1.5,0.0,0.0,15.0,0.0,5,21.5,Low,Low,1 malware alerts; 1 lateral-movement alerts; 1 PowerShell alerts
EMP11031,samuel.hari14,Operations,Consultant,Active,1,1,7.0,0.0,4,3.0,63.67,95.0,1.0,3.0,1.0,0.0,0.0,0.0,1.0,0.0,0.0,0.0,0.0,0.0,0.0,1.0,,0,0,0,False,6.0,6.0,0.0,6.0,0.0,3,21.0,Low,Low,3 high-risk IAM events; 1 malware alerts
EMP11032,hiral.kibe29,People,Administrator,Active,1,1,1.0,1.0,0,0.0,0.0,0.0,1.0,1.0,1.0,0.0,1.0,0.0,0.0,0.0,0.0,1.0,1.0,0.0,0.0,1.0,,0,0,0,False,1.0,0.0,2.0,7.0,0.0,0,10.0,Low,Low,1 failed authentication events; 1 PowerShell alerts; 1 security-tampering alerts
EMP11033,ayushman.andra77,R&D,Manager,Active,1,1,5.0,4.0,3,0.0,47.0,59.0,1.0,3.0,3.0,0.0,0.0,0.0,0.0,1.0,0.0,0.0,2.0,0.0,0.0,1.0,,0,0,0,False,8.5,0.0,0.0,11.0,0.0,5,24.5,Medium,Medium,"elevated authentication risk (4 failed auth, 3 MFA failures); 1 credential-access alerts; 2 security-tampering alerts"
EMP11034,anamika.gala90,Legal,Executive,Active,1,1,11.0,5.0,8,6.0,66.22,99.0,1.0,4.0,3.0,0.0,1.0,0.0,3.0,0.0,0.0,0.0,0.0,0.0,0.0,2.0,,0,0,0,False,15.0,17.0,2.0,12.0,0.0,8,54.0,High,High,"elevated authentication risk (5 failed auth, 8 MFA failures); 6 high-risk IAM events; 3 malware alerts"
EMP11035,umang.dugal86,R&D,Manager,Inactive,1,1,8.0,1.0,0,2.0,54.17,74.0,1.0,7.0,2.0,0.0,0.0,0.0,1.0,0.0,0.0,1.0,0.0,0.0,0.0,1.0,2026-07-17 00:00:00,7,2,9,True,1.0,4.0,0.0,9.0,10.0,0,24.0,Low,Low,1 failed authentication events; 2 high-risk IAM events; 1 malware alerts; 1 PowerShell alerts; 9 events after identity termination
EMP11036,sanaya.chaudhuri76,IT,Engineer,Active,1,0,8.0,3.0,3,2.0,58.4,77.0,1.0,4.0,1.0,0.0,0.0,0.0,0.0,0.0,1.0,0.0,0.0,0.0,0.0,1.0,,0,0,0,False,7.5,4.0,0.0,6.0,0.0,0,17.5,Low,Low,3 failed authentication events; 2 high-risk IAM events; 1 lateral-movement alerts
EMP11037,abdul.baral80,People,Analyst,Active,1,1,5.0,2.0,3,0.0,15.5,29.0,1.0,2.0,2.0,0.0,1.0,0.0,0.0,0.0,0.0,0.0,0.0,1.0,0.0,1.0,,0,0,0,False,6.5,0.0,2.0,1.0,0.0,0,9.5,Low,Low,2 failed authentication events
EMP11038,samaksh.acharya5,Sales,Specialist,Active,1,1,5.0,3.0,3,2.0,39.2,72.0,1.0,3.0,2.0,0.0,1.0,0.0,1.0,0.0,0.0,1.0,1.0,1.0,0.0,1.0,,0,0,0,False,7.5,4.0,2.0,14.0,0.0,0,27.5,Medium,Medium,3 failed authentication events; 2 high-risk IAM events; 1 malware alerts; 1 PowerShell alerts; 1 security-tampering alerts
EMP11039,vritti.khalsa6,Customer Support,Director,Active,1,1,10.0,5.0,5,1.0,38.0,88.0,1.0,2.0,4.0,2.0,1.0,1.0,2.0,1.0,1.0,0.0,1.0,0.0,0.0,1.0,,0,0,0,False,12.5,2.0,12.0,28.0,2.0,10,66.5,High,High,"elevated authentication risk (5 failed auth, 5 MFA failures); 1 high-risk IAM events; 2 malware alerts; 1 credential-access alerts; 1 lateral-movement alerts; 1 security-tampering alerts; 2 critical endpoint alerts; 1 unresolved critical alerts"
EMP11040,aarav.suri27,Customer Support,Analyst,Active,1,1,2.0,1.0,2,0.0,6.0,6.0,1.0,1.0,3.0,0.0,0.0,0.0,1.0,1.0,0.0,1.0,0.0,0.0,0.0,1.0,,0,0,0,False,4.0,0.0,0.0,15.0,0.0,5,24.0,Low,Low,1 failed authentication events; 1 malware alerts; 1 credential-access alerts; 1 PowerShell alerts
EMP11041,sara.raj57,IT,Manager,On Leave,1,1,6.0,1.0,6,2.0,66.5,88.0,1.0,4.0,2.0,0.0,1.0,0.0,0.0,1.0,0.0,0.0,0.0,0.0,0.0,1.0,,0,0,0,False,10.0,4.0,2.0,6.0,0.0,5,27.0,Medium,Medium,"elevated authentication risk (1 failed auth, 6 MFA failures); 2 high-risk IAM events; 1 credential-access alerts"
EMP11042,chaman.memon27,Finance,Manager,Disabled,0,1,8.0,1.0,2,2.0,49.0,94.0,1.0,6.0,4.0,2.0,0.0,2.0,0.0,0.0,0.0,0.0,0.0,3.0,0.0,2.0,2022-05-27 19:32:55,7,3,10,True,4.0,4.0,10.0,2.0,14.0,0,34.0,Medium,Medium,1 failed authentication events; 2 high-risk IAM events; 2 critical endpoint alerts; 10 events after identity termination; 2 unresolved critical alerts
EMP11043,tripti.johal40,Finance,Engineer,Active,0,1,5.0,2.0,4,1.0,48.4,79.0,1.0,2.0,1.0,0.0,0.0,0.0,0.0,0.0,0.0,0.0,0.0,0.0,0.0,1.0,,0,0,0,False,8.0,2.0,0.0,0.0,0.0,0,10.0,Low,Low,"elevated authentication risk (2 failed auth, 4 MFA failures); 1 high-risk IAM events"
EMP11044,mugdha.khare82,Sales,Administrator,On Leave,1,1,11.0,1.0,5,2.0,56.22,94.0,1.0,8.0,1.0,0.0,0.0,0.0,0.0,0.0,0.0,1.0,0.0,0.0,0.0,1.0,,0,0,0,False,8.5,4.0,0.0,3.0,0.0,0,15.5,Low,Low,"elevated authentication risk (1 failed auth, 5 MFA failures); 2 high-risk IAM events; 1 PowerShell alerts"
EMP11045,anjali.bhalla61,R&D,Director,Active,1,1,6.0,1.0,2,4.0,83.5,96.0,1.0,4.0,1.0,0.0,0.0,0.0,0.0,0.0,0.0,0.0,0.0,0.0,0.0,1.0,,0,0,0,False,4.0,8.0,0.0,0.0,0.0,0,12.0,Low,Low,1 failed authentication events; 4 high-risk IAM events
EMP11046,falan.gandhi55,Human Resources,Administrator,Active,1,1,3.0,1.0,1,0.0,25.33,45.0,1.0,1.0,3.0,0.0,0.0,0.0,1.0,0.0,1.0,0.0,0.0,0.0,0.0,1.0,,0,0,0,False,2.5,0.0,0.0,12.0,0.0,5,19.5,Low,Low,1 failed authentication events; 1 malware alerts; 1 lateral-movement alerts
EMP11047,riya.trivedi40,R&D,Administrator,Active,1,0,10.0,4.0,2,2.0,52.0,99.0,1.0,3.0,2.0,0.0,1.0,0.0,1.0,0.0,0.0,2.0,1.0,0.0,0.0,1.0,,0,0,0,False,7.0,4.0,2.0,14.0,0.0,0,27.0,Medium,Medium,4 failed authentication events; 2 high-risk IAM events; 1 malware alerts; 2 PowerShell alerts; 1 security-tampering alerts
EMP11048,quincy.lata26,Finance,Engineer,Active,1,0,7.0,1.0,4,1.0,55.0,76.0,1.0,4.0,5.0,3.0,0.0,3.0,2.0,0.0,1.0,1.0,0.0,0.0,0.0,2.0,,0,0,0,False,7.0,2.0,15.0,21.0,5.0,5,55.0,High,High,1 failed authentication events; 1 high-risk IAM events; 2 malware alerts; 1 lateral-movement alerts; 1 PowerShell alerts; 3 critical endpoint alerts; 3 unresolved critical alerts
EMP11049,qushi.acharya51,Operations,Director,On Leave,1,1,7.0,2.0,2,1.0,54.0,85.0,1.0,5.0,4.0,0.0,0.0,0.0,2.0,0.0,2.0,0.0,1.0,0.0,0.0,1.0,,0,0,0,False,5.0,2.0,0.0,24.0,0.0,5,36.0,Medium,Medium,2 failed authentication events; 1 high-risk IAM events; 2 malware alerts; 2 lateral-movement alerts; 1 security-tampering alerts
EMP11050,radhika.uppal16,Legal,Specialist,Inactive,0,0,7.0,2.0,3,0.0,29.2,63.0,1.0,3.0,5.0,0.0,1.0,0.0,3.0,0.0,1.0,0.0,0.0,1.0,0.0,1.0,,0,0,0,False,6.5,0.0,2.0,19.0,0.0,5,32.5,Medium,Medium,2 failed authentication events; 3 malware alerts; 1 lateral-movement alerts
EMP11051,yamini.thakur93,Operations,Officer,Active,1,1,4.0,2.0,3,2.0,84.0,84.0,1.0,3.0,2.0,0.0,0.0,0.0,1.0,0.0,0.0,1.0,0.0,0.0,0.0,1.0,,0,0,0,False,6.5,4.0,0.0,9.0,0.0,0,19.5,Low,Low,2 failed authentication events; 2 high-risk IAM events; 1 malware alerts; 1 PowerShell alerts
EMP11052,lajita.dhingra55,Sales,Engineer,Active,1,0,3.0,2.0,0,1.0,92.0,92.0,1.0,2.0,3.0,0.0,1.0,0.0,0.0,0.0,0.0,1.0,0.0,0.0,0.0,2.0,,0,0,0,False,2.0,2.0,2.0,3.0,0.0,0,9.0,Low,Low,2 failed authentication events; 1 high-risk IAM events; 1 PowerShell alerts
EMP11053,rajata.sandhu83,Finance,Administrator,Active,0,1,6.0,2.0,2,1.0,35.67,77.0,1.0,1.0,3.0,2.0,0.0,2.0,0.0,2.0,0.0,0.0,0.0,1.0,0.0,1.0,,0,0,0,False,5.0,2.0,10.0,9.0,4.0,0,30.0,Medium,Medium,2 failed authentication events; 1 high-risk IAM events; 2 credential-access alerts; 2 critical endpoint alerts; 2 unresolved critical alerts
EMP11054,leela.gill21,IT,Manager,Active,1,1,1.0,0.0,0,0.0,0.0,0.0,1.0,1.0,3.0,0.0,1.0,0.0,0.0,0.0,0.0,2.0,0.0,2.0,0.0,1.0,,0,0,0,False,0.0,0.0,2.0,6.0,0.0,0,8.0,Low,Low,2 PowerShell alerts
EMP11055,urmi.sunder11,Customer Support,Engineer,Active,1,1,7.0,2.0,2,3.0,66.4,94.0,1.0,5.0,2.0,0.0,0.0,0.0,1.0,0.0,0.0,0.0,1.0,1.0,0.0,1.0,,0,0,0,False,5.0,6.0,0.0,11.0,0.0,0,22.0,Low,Low,2 failed authentication events; 3 high-risk IAM events; 1 malware alerts; 1 security-tampering alerts
EMP11056,yashoda_chada85,Legal,Specialist,Active,1,1,5.0,0.0,1,1.0,52.33,80.0,1.0,3.0,5.0,0.0,2.0,0.0,0.0,1.0,1.0,0.0,0.0,3.0,0.0,1.0,,0,0,0,False,1.5,2.0,4.0,14.0,0.0,0,21.5,Low,Low,1 high-risk IAM events; 1 credential-access alerts; 1 lateral-movement alerts
EMP11057,turvi.devan14,Procurement,Consultant,Active,1,1,4.0,2.0,2,1.0,53.0,81.0,1.0,1.0,3.0,0.0,1.0,0.0,2.0,0.0,1.0,0.0,0.0,0.0,0.0,1.0,,0,0,0,False,5.0,2.0,2.0,18.0,0.0,5,32.0,Medium,Medium,2 failed authentication events; 1 high-risk IAM events; 2 malware alerts; 1 lateral-movement alerts
EMP11058,,Finance,Trainee,Active,1,1,5.0,3.0,2,1.0,69.5,77.0,1.0,2.0,0.0,0.0,0.0,0.0,0.0,0.0,0.0,0.0,0.0,0.0,0.0,0.0,,0,0,0,False,6.0,2.0,0.0,0.0,0.0,0,8.0,Low,Low,3 failed authentication events; 1 high-risk IAM events
EMP11059,wridesh.dass37,Legal,Executive,Active,1,1,2.0,0.0,0,0.0,15.0,25.0,1.0,2.0,2.0,0.0,1.0,0.0,0.0,1.0,0.0,1.0,0.0,0.0,0.0,1.0,,0,0,0,False,0.0,0.0,2.0,9.0,0.0,0,11.0,Low,Low,1 credential-access alerts; 1 PowerShell alerts
EMP11060,charan.dua15,R&D,Specialist,Active,1,1,6.0,1.0,1,1.0,41.0,83.0,1.0,6.0,0.0,0.0,0.0,0.0,0.0,0.0,0.0,0.0,0.0,0.0,0.0,0.0,,0,0,0,False,2.5,2.0,0.0,0.0,0.0,0,4.5,Low,Low,1 failed authentication events; 1 high-risk IAM events
EMP11061,ekansh.ahuja25,Marketing,Director,Active,1,1,5.0,1.0,0,0.0,41.75,60.0,1.0,2.0,6.0,1.0,1.0,1.0,1.0,1.0,0.0,0.0,1.0,3.0,0.0,2.0,,0,0,0,False,1.0,0.0,7.0,18.0,2.0,5,33.0,Medium,Medium,1 failed authentication events; 1 malware alerts; 1 credential-access alerts; 1 security-tampering alerts; 1 critical endpoint alerts; 1 unresolved critical alerts
EMP11062,vedant.halder11,Legal,Manager,Active,1,1,6.0,2.0,1,2.0,53.4,95.0,1.0,2.0,4.0,1.0,0.0,0.0,0.0,1.0,2.0,1.0,0.0,0.0,0.0,2.0,,0,0,0,False,3.5,4.0,5.0,17.0,0.0,0,29.5,Medium,Medium,2 failed authentication events; 2 high-risk IAM events; 1 credential-access alerts; 2 lateral-movement alerts; 1 PowerShell alerts; 1 critical endpoint alerts
EMP11063,osha.warrior98,Human Resources,Analyst,Active,1,1,5.0,1.0,1,1.0,43.75,91.0,1.0,2.0,4.0,1.0,3.0,0.0,3.0,0.0,0.0,1.0,0.0,1.0,0.0,1.0,,0,0,0,False,2.5,2.0,10.0,16.0,0.0,0,30.5,Medium,Medium,1 failed authentication events; 1 high-risk IAM events; 3 malware alerts; 1 PowerShell alerts; 1 critical endpoint alerts
EMP11064,yadavi_seshadri1,Compliance,Specialist,Active,1,1,6.0,1.0,2,2.0,71.4,93.0,1.0,4.0,1.0,0.0,0.0,0.0,0.0,0.0,0.0,1.0,0.0,0.0,0.0,1.0,,0,0,0,False,4.0,4.0,0.0,3.0,0.0,0,11.0,Low,Low,1 failed authentication events; 2 high-risk IAM events; 1 PowerShell alerts
EMP11065,benjamin.toor48,Operations,Consultant,Active,1,1,7.0,4.0,4,1.0,31.5,79.0,1.0,3.0,3.0,1.0,1.0,1.0,3.0,0.0,0.0,0.0,0.0,0.0,0.0,2.0,,0,0,0,False,10.0,2.0,7.0,12.0,2.0,5,38.0,Medium,Medium,"elevated authentication risk (4 failed auth, 4 MFA failures); 1 high-risk IAM events; 3 malware alerts; 1 critical endpoint alerts; 1 unresolved critical alerts"
EMP11066,ekansh.bawa43,People,Analyst,Active,1,0,5.0,1.0,0,1.0,33.0,81.0,1.0,3.0,1.0,0.0,0.0,0.0,0.0,0.0,0.0,1.0,0.0,0.0,0.0,1.0,,0,0,0,False,1.0,2.0,0.0,3.0,0.0,0,6.0,Low,Low,1 failed authentication events; 1 high-risk IAM events; 1 PowerShell alerts
EMP11067,ekta.ray68,Brand,Engineer,Active,1,1,5.0,2.0,0,1.0,47.0,98.0,1.0,2.0,9.0,0.0,0.0,0.0,6.0,1.0,0.0,1.0,2.0,0.0,1.0,2.0,,0,0,0,False,2.0,2.0,0.0,26.0,0.0,5,35.0,Medium,Medium,2 failed authentication events; 1 high-risk IAM events; 6 malware alerts; 1 credential-access alerts; 1 PowerShell alerts; 2 security-tampering alerts
EMP11068,yasti.swamy25,IT,Consultant,Inactive,1,1,6.0,2.0,1,3.0,61.33,98.0,1.0,4.0,2.0,0.0,0.0,0.0,1.0,1.0,0.0,0.0,0.0,0.0,0.0,1.0,2026-06-30 08:48:46,6,2,8,True,3.5,6.0,0.0,12.0,10.0,5,36.5,Medium,Medium,2 failed authentication events; 3 high-risk IAM events; 1 malware alerts; 1 credential-access alerts; 8 events after identity termination
EMP11069,vihaan.oak52,Procurement,Manager,On Leave,1,0,6.0,4.0,3,2.0,56.25,89.0,1.0,3.0,6.0,1.0,1.0,1.0,2.0,0.0,1.0,2.0,3.0,1.0,1.0,2.0,,0,0,0,False,8.5,4.0,7.0,28.0,2.0,10,59.5,High,High,"elevated authentication risk (4 failed auth, 3 MFA failures); 2 high-risk IAM events; 2 malware alerts; 1 lateral-movement alerts; 2 PowerShell alerts; 3 security-tampering alerts; 1 critical endpoint alerts; 1 unresolved critical alerts"
EMP11070,megha.arya94,Legal,Administrator,Inactive,1,1,4.0,0.0,0,2.0,47.75,81.0,1.0,4.0,2.0,0.0,1.0,0.0,1.0,0.0,0.0,0.0,1.0,1.0,0.0,2.0,2026-05-22 11:01:13,3,2,5,True,0.0,4.0,2.0,11.0,10.0,0,27.0,Medium,Medium,2 high-risk IAM events; 1 malware alerts; 1 security-tampering alerts; 5 events after identity termination
EMP11071,faqid.dani64,Human Resources,Administrator,Inactive,1,1,4.0,1.0,2,1.0,81.0,98.0,1.0,3.0,1.0,0.0,0.0,0.0,1.0,0.0,0.0,0.0,0.0,0.0,0.0,1.0,,0,0,0,False,4.0,2.0,0.0,6.0,0.0,0,12.0,Low,Low,1 failed authentication events; 1 high-risk IAM events; 1 malware alerts
EMP11072,yashoda.kannan15,R&D,Officer,Active,1,1,3.0,1.0,1,0.0,46.67,64.0,1.0,1.0,2.0,0.0,1.0,0.0,1.0,0.0,0.0,1.0,0.0,0.0,0.0,1.0,,0,0,0,False,2.5,0.0,2.0,9.0,0.0,0,13.5,Low,Low,1 failed authentication events; 1 malware alerts; 1 PowerShell alerts
EMP11073,rachit.shanker56,IT,Executive,Active,1,1,65.0,17.0,28,23.0,57.59,99.0,1.0,43.0,1.0,0.0,0.0,0.0,1.0,0.0,0.0,0.0,0.0,0.0,0.0,0.0,,0,0,0,False,20.0,20.0,0.0,6.0,0.0,8,54.0,High,High,"elevated authentication risk (17 failed auth, 28 MFA failures); 23 high-risk IAM events; 1 malware alerts"
EMP11074,guneet.uppal16,Finance,Officer,Active,1,1,5.0,0.0,2,1.0,33.2,75.0,1.0,2.0,2.0,0.0,1.0,0.0,1.0,1.0,0.0,0.0,0.0,0.0,0.0,1.0,,0,0,0,False,3.0,2.0,2.0,12.0,0.0,5,24.0,Low,Low,1 high-risk IAM events; 1 malware alerts; 1 credential-access alerts
EMP11075,gopal.uppal74,Procurement,Manager,Inactive,1,1,2.0,0.0,2,0.0,42.5,69.0,1.0,1.0,3.0,0.0,0.0,0.0,0.0,0.0,1.0,0.0,0.0,0.0,0.0,1.0,,0,0,0,False,3.0,0.0,0.0,6.0,0.0,0,9.0,Low,Low,1 lateral-movement alerts
EMP11076,bina.rana72,Compliance,Engineer,Active,0,1,6.0,1.0,1,2.0,57.75,88.0,1.0,4.0,4.0,1.0,0.0,1.0,2.0,0.0,0.0,2.0,0.0,0.0,0.0,2.0,,0,0,0,False,2.5,4.0,5.0,16.0,2.0,0,29.5,Medium,Medium,1 failed authentication events; 2 high-risk IAM events; 2 malware alerts; 2 PowerShell alerts; 1 critical endpoint alerts; 1 unresolved critical alerts
EMP11077,veer.sekhon76,Sales,Manager,Disabled,1,1,5.0,2.0,2,1.0,56.67,76.0,1.0,2.0,1.0,0.0,0.0,0.0,0.0,0.0,0.0,0.0,1.0,0.0,0.0,1.0,2023-03-29 19:58:00,5,1,6,True,5.0,2.0,0.0,4.0,10.0,0,21.0,Low,Low,2 failed authentication events; 1 high-risk IAM events; 1 security-tampering alerts; 6 events after identity termination
EMP11078,dayita.apte69,Sales,Director,Disabled,1,1,6.0,3.0,2,1.0,55.5,88.0,1.0,2.0,4.0,0.0,0.0,0.0,2.0,1.0,0.0,1.0,0.0,0.0,0.0,2.0,2026-03-11 14:01:18,6,4,10,True,6.0,2.0,0.0,21.0,10.0,5,44.0,Medium,Medium,3 failed authentication events; 1 high-risk IAM events; 2 malware alerts; 1 credential-access alerts; 1 PowerShell alerts; 10 events after identity termination
EMP11079,teerth.andra51,IT,Officer,Active,1,1,7.0,1.0,2,2.0,50.0,100.0,1.0,3.0,4.0,1.0,2.0,1.0,1.0,0.0,0.0,2.0,0.0,1.0,0.0,1.0,,0,0,0,False,4.0,4.0,9.0,11.0,2.0,0,30.0,Medium,Medium,1 failed authentication events; 2 high-risk IAM events; 1 malware alerts; 2 PowerShell alerts; 1 critical endpoint alerts; 1 unresolved critical alerts
EMP11080,pavani.rout64,R&D,Executive,Active,1,1,9.0,5.0,5,2.0,47.17,89.0,1.0,4.0,1.0,0.0,0.0,0.0,0.0,1.0,0.0,1.0,0.0,0.0,0.0,1.0,,0,0,0,False,12.5,4.0,0.0,9.0,0.0,5,30.5,Medium,Medium,"elevated authentication risk (5 failed auth, 5 MFA failures); 2 high-risk IAM events; 1 credential-access alerts; 1 PowerShell alerts"
EMP11081,vanya.om40,Customer Support,Manager,Active,1,1,6.0,0.0,0,3.0,53.5,93.0,1.0,3.0,1.0,0.0,1.0,0.0,0.0,0.0,0.0,0.0,0.0,1.0,0.0,1.0,,0,0,0,False,0.0,6.0,2.0,1.0,0.0,0,9.0,Low,Low,3 high-risk IAM events
EMP11082,om_jain49,IT,Consultant,Disabled,1,1,4.0,1.0,2,0.0,18.25,28.0,1.0,2.0,3.0,0.0,1.0,0.0,0.0,0.0,2.0,1.0,0.0,0.0,0.0,2.0,2022-05-12 14:11:31,2,2,4,True,4.0,0.0,2.0,11.0,10.0,0,27.0,Medium,Medium,1 failed authentication events; 2 lateral-movement alerts; 1 PowerShell alerts; 4 events after identity termination
EMP11083,dipta.muni23,R&D,Director,On Leave,1,1,2.0,1.0,1,2.0,80.0,86.0,1.0,0.0,3.0,0.0,0.0,0.0,1.0,0.0,0.0,0.0,0.0,2.0,0.0,2.0,,0,0,0,False,2.5,4.0,0.0,8.0,0.0,0,14.5,Low,Low,1 failed authentication events; 2 high-risk IAM events; 1 malware alerts
EMP11084,yadavi.pandit87,Innovation,Consultant,Active,1,1,3.0,0.0,2,0.0,45.33,67.0,1.0,1.0,2.0,0.0,0.0,0.0,2.0,0.0,0.0,0.0,0.0,0.0,1.0,1.0,,0,0,0,False,3.0,0.0,0.0,12.0,0.0,0,15.0,Low,Low,2 malware alerts
EMP11085,finn.kurian25,Customer Support,Director,Active,1,1,11.0,4.0,6,2.0,48.11,98.0,1.0,8.0,2.0,1.0,1.0,1.0,0.0,0.0,1.0,1.0,2.0,0.0,0.0,1.0,,0,0,0,False,13.0,4.0,7.0,14.0,2.0,5,45.0,Medium,Medium,"elevated authentication risk (4 failed auth, 6 MFA failures); 2 high-risk IAM events; 1 lateral-movement alerts; 1 PowerShell alerts; 2 security-tampering alerts; 1 critical endpoint alerts; 1 unresolved critical alerts"
EMP11086,chaman.krish7,Marketing,Trainee,Active,1,1,4.0,1.0,1,2.0,60.5,86.0,1.0,2.0,4.0,0.0,2.0,0.0,1.0,1.0,0.0,2.0,0.0,0.0,0.0,1.0,,0,0,0,False,2.5,4.0,4.0,16.0,0.0,5,31.5,Medium,Medium,1 failed authentication events; 2 high-risk IAM events; 1 malware alerts; 1 credential-access alerts; 2 PowerShell alerts
EMP11087,,Sales,Engineer,Active,1,1,3.0,1.0,0,1.0,48.0,71.0,1.0,3.0,1.0,0.0,1.0,0.0,0.0,0.0,0.0,0.0,0.0,0.0,0.0,1.0,,0,0,0,False,1.0,2.0,2.0,0.0,0.0,0,5.0,Low,Low,1 failed authentication events; 1 high-risk IAM events
EMP11088,mohini_kalla19,Legal,Director,Active,1,0,4.0,2.0,1,0.0,33.0,39.0,1.0,1.0,1.0,0.0,0.0,0.0,0.0,0.0,0.0,0.0,0.0,1.0,0.0,1.0,,0,0,0,False,3.5,0.0,0.0,1.0,0.0,0,4.5,Low,Low,2 failed authentication events
EMP11089,,Customer Support,Consultant,Active,1,1,0.0,0.0,0,0.0,0.0,0.0,0.0,0.0,2.0,0.0,0.0,0.0,0.0,0.0,1.0,0.0,1.0,0.0,0.0,1.0,,0,0,0,False,0.0,0.0,0.0,10.0,0.0,0,10.0,Low,Low,1 lateral-movement alerts; 1 security-tampering alerts
EMP11090,pahal.bajwa31,Legal,Trainee,On Leave,1,0,66.0,18.0,21,16.0,48.79,98.0,1.0,34.0,3.0,0.0,1.0,0.0,1.0,0.0,1.0,0.0,0.0,0.0,0.0,1.0,,0,0,0,False,20.0,20.0,2.0,12.0,0.0,10,64.0,High,High,"elevated authentication risk (18 failed auth, 21 MFA failures); 16 high-risk IAM events; 1 malware alerts; 1 lateral-movement alerts"
EMP11091,nathaniel.wadhwa89,Human Resources,Trainee,Active,1,0,5.0,0.0,0,1.0,45.75,75.0,1.0,4.0,4.0,0.0,1.0,0.0,1.0,1.0,1.0,0.0,0.0,0.0,0.0,1.0,,0,0,0,False,0.0,2.0,2.0,18.0,0.0,10,32.0,Medium,Medium,1 high-risk IAM events; 1 malware alerts; 1 credential-access alerts; 1 lateral-movement alerts
EMP11092,ati.kota16,Human Resources,Manager,Active,1,1,7.0,3.0,4,1.0,38.29,70.0,1.0,2.0,1.0,0.0,0.0,0.0,0.0,0.0,1.0,0.0,0.0,0.0,0.0,1.0,,0,0,0,False,9.0,2.0,0.0,6.0,0.0,5,22.0,Low,Low,"elevated authentication risk (3 failed auth, 4 MFA failures); 1 high-risk IAM events; 1 lateral-movement alerts"
EMP11093,chaaya.gokhale74,Procurement,Trainee,Disabled,1,0,5.0,1.0,1,2.0,46.75,85.0,1.0,2.0,0.0,0.0,0.0,0.0,0.0,0.0,0.0,0.0,0.0,0.0,0.0,0.0,2025-03-24 23:18:41,4,0,4,True,2.5,4.0,0.0,0.0,10.0,0,16.5,Low,Low,1 failed authentication events; 2 high-risk IAM events; 4 events after identity termination
EMP11094,bimala.narasimhan13,Operations,Manager,Active,1,1,2.0,1.0,1,0.0,57.0,68.0,1.0,1.0,3.0,1.0,0.0,1.0,0.0,1.0,1.0,1.0,0.0,0.0,0.0,1.0,,0,0,0,False,2.5,0.0,5.0,15.0,2.0,0,24.5,Medium,Medium,1 failed authentication events; 1 credential-access alerts; 1 lateral-movement alerts; 1 PowerShell alerts; 1 critical endpoint alerts; 1 unresolved critical alerts
EMP11095,nicholas.sur69,Customer Support,Trainee,Active,1,1,3.0,0.0,1,1.0,65.0,73.0,1.0,2.0,5.0,1.0,2.0,1.0,3.0,0.0,0.0,2.0,0.0,0.0,0.0,2.0,,0,0,0,False,1.5,2.0,9.0,16.0,2.0,0,30.5,Medium,Medium,1 high-risk IAM events; 3 malware alerts; 2 PowerShell alerts; 1 critical endpoint alerts; 1 unresolved critical alerts
EMP11096,aishani.madan27,People,Executive,Active,1,0,5.0,1.0,3,1.0,33.75,78.0,1.0,2.0,1.0,0.0,0.0,0.0,0.0,0.0,0.0,0.0,0.0,0.0,0.0,1.0,,0,0,0,False,5.5,2.0,0.0,0.0,0.0,0,7.5,Low,Low,1 failed authentication events; 1 high-risk IAM events
EMP11097,nirja.jani16,IT,Executive,Active,1,1,9.0,4.0,4,2.0,44.0,97.0,1.0,5.0,1.0,0.0,0.0,0.0,0.0,0.0,1.0,0.0,0.0,0.0,0.0,1.0,,0,0,0,False,10.0,4.0,0.0,6.0,0.0,5,25.0,Medium,Medium,"elevated authentication risk (4 failed auth, 4 MFA failures); 2 high-risk IAM events; 1 lateral-movement alerts"
EMP11098,rajeshri_uppal5,Human Resources,Manager,Inactive,1,1,5.0,2.0,2,2.0,57.5,83.0,1.0,4.0,2.0,0.0,0.0,0.0,1.0,0.0,0.0,1.0,0.0,0.0,0.0,1.0,,0,0,0,False,5.0,4.0,0.0,9.0,0.0,0,18.0,Low,Low,2 failed authentication events; 2 high-risk IAM events; 1 malware alerts; 1 PowerShell alerts
EMP11099,aashi.kapadia1,Sales,Administrator,Active,1,1,7.0,2.0,2,1.0,63.0,100.0,1.0,5.0,3.0,1.0,0.0,1.0,1.0,0.0,1.0,0.0,1.0,0.0,0.0,1.0,,0,0,0,False,5.0,2.0,5.0,16.0,2.0,5,35.0,Medium,Medium,2 failed authentication events; 1 high-risk IAM events; 1 malware alerts; 1 lateral-movement alerts; 1 security-tampering alerts; 1 critical endpoint alerts; 1 unresolved critical alerts
EMP11100,vasatika.buch89,Operations,Officer,Active,1,0,3.0,0.0,0,1.0,48.0,95.0,1.0,3.0,3.0,0.0,2.0,0.0,1.0,0.0,0.0,1.0,1.0,0.0,0.0,1.0,,0,0,0,False,0.0,2.0,4.0,13.0,0.0,0,19.0,Low,Low,1 high-risk IAM events; 1 malware alerts; 1 PowerShell alerts; 1 security-tampering alerts
EMP11101,harsh_dass6,Sales,Analyst,Disabled,1,1,5.0,3.0,3,0.0,33.5,39.0,1.0,3.0,2.0,0.0,0.0,0.0,1.0,1.0,0.0,0.0,0.0,0.0,0.0,1.0,,0,0,0,False,7.5,0.0,0.0,12.0,0.0,5,24.5,Medium,Medium,3 failed authentication events; 1 malware alerts; 1 credential-access alerts
EMP11102,nidra.sengupta76,Operations,Administrator,Active,1,0,3.0,1.0,2,1.0,45.0,89.0,1.0,2.0,1.0,0.0,0.0,0.0,1.0,0.0,0.0,0.0,0.0,0.0,0.0,1.0,,0,0,0,False,4.0,2.0,0.0,6.0,0.0,0,12.0,Low,Low,1 failed authentication events; 1 high-risk IAM events; 1 malware alerts
EMP11103,naksh.khalsa84,Finance,Director,Active,1,1,7.0,4.0,3,1.0,31.8,83.0,1.0,5.0,3.0,1.0,0.0,0.0,1.0,0.0,0.0,1.0,1.0,0.0,0.0,1.0,,0,0,0,False,8.5,2.0,5.0,13.0,0.0,5,33.5,Medium,Medium,"elevated authentication risk (4 failed auth, 3 MFA failures); 1 high-risk IAM events; 1 malware alerts; 1 PowerShell alerts; 1 security-tampering alerts; 1 critical endpoint alerts"
EMP11104,jack.chacko10,Marketing,Engineer,Active,1,1,5.0,1.0,2,0.0,49.75,63.0,1.0,3.0,3.0,0.0,1.0,0.0,0.0,1.0,1.0,0.0,0.0,1.0,0.0,1.0,,0,0,0,False,4.0,0.0,2.0,13.0,0.0,0,19.0,Low,Low,1 failed authentication events; 1 credential-access alerts; 1 lateral-movement alerts
EMP11105,neel.soman20,Operations,Director,Active,1,0,2.0,0.0,0,0.0,25.0,25.0,1.0,2.0,1.0,0.0,0.0,0.0,1.0,0.0,0.0,0.0,0.0,0.0,0.0,1.0,,0,0,0,False,0.0,0.0,0.0,6.0,0.0,0,6.0,Low,Low,1 malware alerts
EMP11106,veer.batra88,Customer Support,Director,Active,1,0,2.0,0.0,0,0.0,47.5,64.0,1.0,1.0,2.0,2.0,0.0,2.0,0.0,0.0,0.0,0.0,0.0,1.0,0.0,1.0,,0,0,0,False,0.0,0.0,10.0,1.0,4.0,0,15.0,Low,Low,2 critical endpoint alerts; 2 unresolved critical alerts
EMP11107,warhi.grewal19,Sales,Administrator,On Leave,1,1,10.0,4.0,5,1.0,36.67,91.0,1.0,5.0,3.0,0.0,0.0,0.0,0.0,0.0,1.0,2.0,0.0,0.0,0.0,1.0,,0,0,0,False,11.5,2.0,0.0,10.0,0.0,5,28.5,Medium,Medium,"elevated authentication risk (4 failed auth, 5 MFA failures); 1 high-risk IAM events; 1 lateral-movement alerts; 2 PowerShell alerts"
EMP11108,urvashi.palan16,Finance,Officer,Disabled,1,1,2.0,1.0,1,0.0,58.0,59.0,1.0,0.0,2.0,1.0,0.0,0.0,1.0,1.0,0.0,0.0,0.0,0.0,0.0,2.0,2025-08-25 04:33:06,2,2,4,True,2.5,0.0,5.0,12.0,10.0,5,34.5,Medium,Medium,1 failed authentication events; 1 malware alerts; 1 credential-access alerts; 1 critical endpoint alerts; 4 events after identity termination
EMP11109,ekapad.murthy37,Customer Support,Administrator,Active,1,1,8.0,1.0,0,4.0,57.5,95.0,1.0,6.0,3.0,0.0,1.0,0.0,1.0,1.0,0.0,0.0,1.0,0.0,0.0,1.0,,0,0,0,False,1.0,8.0,2.0,16.0,0.0,5,32.0,Medium,Medium,1 failed authentication events; 4 high-risk IAM events; 1 malware alerts; 1 credential-access alerts; 1 security-tampering alerts
EMP11110,meera.banik95,Customer Support,Officer,Active,1,1,3.0,1.0,0,2.0,69.33,86.0,1.0,1.0,1.0,0.0,0.0,0.0,0.0,0.0,0.0,0.0,0.0,1.0,0.0,1.0,,0,0,0,False,1.0,4.0,0.0,1.0,0.0,0,6.0,Low,Low,1 failed authentication events; 2 high-risk IAM events
EMP11111,anamika.nagarajan92,Finance,Executive,Active,1,1,9.0,4.0,3,2.0,40.0,94.0,1.0,4.0,3.0,1.0,0.0,1.0,1.0,0.0,1.0,1.0,0.0,0.0,0.0,2.0,,0,0,0,False,8.5,4.0,5.0,15.0,2.0,10,44.5,Medium,Medium,"elevated authentication risk (4 failed auth, 3 MFA failures); 2 high-risk IAM events; 1 malware alerts; 1 lateral-movement alerts; 1 PowerShell alerts; 1 critical endpoint alerts; 1 unresolved critical alerts"
EMP11112,umang.raval82,Operations,Engineer,Active,1,1,7.0,3.0,3,5.0,63.14,88.0,1.0,5.0,3.0,1.0,0.0,1.0,2.0,0.0,0.0,1.0,0.0,0.0,0.0,1.0,,0,0,0,False,7.5,10.0,5.0,15.0,2.0,3,42.5,Medium,Medium,3 failed authentication events; 5 high-risk IAM events; 2 malware alerts; 1 PowerShell alerts; 1 critical endpoint alerts; 1 unresolved critical alerts
EMP11113,rachana.jani60,Customer Support,Administrator,Inactive,1,1,5.0,1.0,2,0.0,22.67,56.0,1.0,4.0,4.0,2.0,1.0,1.0,1.0,0.0,0.0,1.0,2.0,2.0,0.0,2.0,2022-09-07 20:46:26,4,4,8,True,4.0,0.0,12.0,16.0,12.0,0,44.0,Medium,Medium,1 failed authentication events; 1 malware alerts; 1 PowerShell alerts; 2 security-tampering alerts; 2 critical endpoint alerts; 8 events after identity termination; 1 unresolved critical alerts
EMP11114,anamika.iyengar53,Operations,Manager,Active,1,1,12.0,2.0,3,6.0,63.82,98.0,1.0,6.0,4.0,3.0,0.0,2.0,2.0,1.0,0.0,1.0,0.0,1.0,0.0,1.0,,0,0,0,False,6.5,12.0,15.0,22.0,4.0,8,67.5,High,High,2 failed authentication events; 6 high-risk IAM events; 2 malware alerts; 1 credential-access alerts; 1 PowerShell alerts; 3 critical endpoint alerts; 2 unresolved critical alerts
EMP11115,ishaan.prabhakar11,Marketing,Officer,Active,1,1,3.0,0.0,0,0.0,0.0,0.0,1.0,2.0,2.0,0.0,0.0,0.0,0.0,0.0,0.0,1.0,0.0,1.0,0.0,2.0,,0,0,0,False,0.0,0.0,0.0,4.0,0.0,0,4.0,Low,Low,1 PowerShell alerts
EMP11116,sneha.devi66,Customer Support,Manager,Active,1,1,8.0,2.0,1,0.0,37.25,68.0,1.0,6.0,5.0,0.0,1.0,0.0,1.0,1.0,1.0,1.0,1.0,0.0,2.0,2.0,,0,0,0,False,3.5,0.0,2.0,25.0,0.0,10,40.5,Medium,Medium,2 failed authentication events; 1 malware alerts; 1 credential-access alerts; 1 lateral-movement alerts; 1 PowerShell alerts; 1 security-tampering alerts
EMP11117,yagnesh.bhardwaj90,Customer Support,Consultant,On Leave,1,0,63.0,25.0,28,14.0,51.11,99.0,1.0,38.0,4.0,0.0,0.0,0.0,2.0,0.0,1.0,1.0,0.0,0.0,0.0,1.0,,0,0,0,False,20.0,20.0,0.0,21.0,0.0,10,71.0,High,High,"elevated authentication risk (25 failed auth, 28 MFA failures); 14 high-risk IAM events; 2 malware alerts; 1 lateral-movement alerts; 1 PowerShell alerts"
EMP11118,bimala.yohannan78,R&D,Executive,Active,1,1,10.0,3.0,5,4.0,66.0,98.0,1.0,6.0,1.0,0.0,1.0,0.0,0.0,0.0,0.0,0.0,1.0,1.0,0.0,1.0,,0,0,0,False,10.5,8.0,2.0,5.0,0.0,3,28.5,Medium,Medium,"elevated authentication risk (3 failed auth, 5 MFA failures); 4 high-risk IAM events; 1 security-tampering alerts"
EMP11119,rajeshri.wagle66,Operations,Analyst,Active,1,0,4.0,1.0,3,0.0,33.0,64.0,1.0,2.0,2.0,0.0,0.0,0.0,1.0,1.0,0.0,0.0,0.0,0.0,0.0,1.0,,0,0,0,False,5.5,0.0,0.0,12.0,0.0,5,22.5,Low,Low,1 failed authentication events; 1 malware alerts; 1 credential-access alerts
EMP11120,siya.naik32,Customer Support,Manager,Active,1,1,4.0,3.0,3,0.0,27.33,53.0,1.0,2.0,1.0,0.0,0.0,0.0,1.0,0.0,0.0,0.0,0.0,0.0,0.0,0.0,,0,0,0,False,7.5,0.0,0.0,6.0,0.0,0,13.5,Low,Low,3 failed authentication events; 1 malware alerts
EMP11121,divya.narain73,Compliance,Engineer,Disabled,1,1,3.0,1.0,0,2.0,58.67,96.0,1.0,0.0,1.0,1.0,0.0,0.0,0.0,0.0,0.0,0.0,0.0,0.0,0.0,1.0,,0,0,0,False,1.0,4.0,5.0,0.0,0.0,0,10.0,Low,Low,1 failed authentication events; 2 high-risk IAM events; 1 critical endpoint alerts
EMP11122,jacob.hayer63,IT,Consultant,Active,1,1,4.0,1.0,2,1.0,47.33,93.0,1.0,2.0,1.0,0.0,0.0,0.0,0.0,0.0,0.0,0.0,0.0,0.0,0.0,1.0,,0,0,0,False,4.0,2.0,0.0,0.0,0.0,0,6.0,Low,Low,1 failed authentication events; 1 high-risk IAM events
EMP11123,samesh.tak93,Finance,Director,Active,1,1,4.0,1.0,0,1.0,53.33,93.0,1.0,3.0,3.0,0.0,1.0,0.0,1.0,2.0,0.0,1.0,0.0,0.0,0.0,2.0,,0,0,0,False,1.0,2.0,2.0,17.0,0.0,5,27.0,Medium,Medium,1 failed authentication events; 1 high-risk IAM events; 1 malware alerts; 2 credential-access alerts; 1 PowerShell alerts
EMP11124,hamsini.d’alia20,Legal,Manager,Active,1,1,9.0,4.0,4,1.0,38.5,100.0,1.0,6.0,1.0,0.0,0.0,0.0,0.0,0.0,0.0,1.0,0.0,0.0,0.0,1.0,,0,0,0,False,10.0,2.0,0.0,3.0,0.0,0,15.0,Low,Low,"elevated authentication risk (4 failed auth, 4 MFA failures); 1 high-risk IAM events; 1 PowerShell alerts"
EMP11125,indali.aggarwal48,Marketing,Consultant,Disabled,1,1,3.0,0.0,0,1.0,62.67,96.0,1.0,3.0,5.0,0.0,2.0,0.0,1.0,0.0,1.0,2.0,1.0,1.0,0.0,2.0,,0,0,0,False,0.0,2.0,4.0,21.0,0.0,5,32.0,Medium,Medium,1 high-risk IAM events; 1 malware alerts; 1 lateral-movement alerts; 2 PowerShell alerts; 1 security-tampering alerts
EMP11126,liam.murthy21,Finance,Consultant,Active,1,0,3.0,0.0,1,1.0,86.0,86.0,1.0,1.0,2.0,0.0,1.0,0.0,0.0,0.0,2.0,2.0,0.0,0.0,0.0,1.0,,0,0,0,False,1.5,2.0,2.0,12.0,0.0,0,17.5,Low,Low,1 high-risk IAM events; 2 lateral-movement alerts; 2 PowerShell alerts
EMP11127,kritika.gole37,IT,Executive,Inactive,1,1,7.0,3.0,5,2.0,52.0,96.0,1.0,3.0,1.0,0.0,0.0,0.0,0.0,0.0,0.0,0.0,0.0,0.0,0.0,1.0,2025-06-10 04:35:00,7,1,8,True,10.5,4.0,0.0,0.0,10.0,0,24.5,Medium,Medium,"elevated authentication risk (3 failed auth, 5 MFA failures); 2 high-risk IAM events; 8 events after identity termination"
EMP11128,pratyush.deshpande35,Human Resources,Director,Disabled,1,1,6.0,1.0,3,2.0,36.33,88.0,1.0,3.0,3.0,0.0,1.0,0.0,1.0,1.0,1.0,0.0,1.0,0.0,0.0,1.0,2026-07-02 14:44:45,4,2,6,True,5.5,4.0,2.0,22.0,10.0,10,53.5,High,High,1 failed authentication events; 2 high-risk IAM events; 1 malware alerts; 1 credential-access alerts; 1 lateral-movement alerts; 1 security-tampering alerts; 6 events after identity termination
EMP11129,anay.barad50,Finance,Manager,Active,1,1,5.0,1.0,3,0.0,27.6,47.0,1.0,1.0,0.0,0.0,0.0,0.0,0.0,0.0,0.0,0.0,0.0,0.0,0.0,0.0,,0,0,0,False,5.5,0.0,0.0,0.0,0.0,0,5.5,Low,Low,1 failed authentication events
EMP11130,radhika.sampath31,IT,Consultant,Active,1,1,13.0,4.0,8,4.0,54.83,93.0,1.0,7.0,6.0,1.0,0.0,1.0,1.0,2.0,1.0,1.0,1.0,0.0,1.0,1.0,,0,0,0,False,14.0,8.0,5.0,27.0,2.0,10,66.0,High,High,"elevated authentication risk (4 failed auth, 8 MFA failures); 4 high-risk IAM events; 1 malware alerts; 2 credential-access alerts; 1 lateral-movement alerts; 1 PowerShell alerts; 1 security-tampering alerts; 1 critical endpoint alerts; 1 unresolved critical alerts"
EMP11131,nilima.gour98,Legal,Engineer,Active,0,1,3.0,1.0,2,0.0,46.67,62.0,1.0,1.0,0.0,0.0,0.0,0.0,0.0,0.0,0.0,0.0,0.0,0.0,0.0,0.0,,0,0,0,False,4.0,0.0,0.0,0.0,0.0,0,4.0,Low,Low,1 failed authentication events
EMP11132,yug.om34,Sales,Director,Active,1,1,9.0,2.0,3,1.0,33.5,94.0,1.0,7.0,3.0,0.0,1.0,0.0,2.0,0.0,0.0,0.0,1.0,0.0,1.0,1.0,,0,0,0,False,6.5,2.0,2.0,16.0,0.0,0,26.5,Medium,Medium,2 failed authentication events; 1 high-risk IAM events; 2 malware alerts; 1 security-tampering alerts
EMP11133,brijesh.hegde76,Finance,Engineer,Active,0,1,5.0,1.0,1,0.0,37.4,68.0,1.0,2.0,0.0,0.0,0.0,0.0,0.0,0.0,0.0,0.0,0.0,0.0,0.0,0.0,,0,0,0,False,2.5,0.0,0.0,0.0,0.0,0,2.5,Low,Low,1 failed authentication events
EMP11134,ganga.yogi55,IT,Specialist,Active,1,1,5.0,1.0,0,2.0,61.67,100.0,1.0,3.0,2.0,0.0,0.0,0.0,1.0,0.0,1.0,0.0,0.0,0.0,0.0,2.0,,0,0,0,False,1.0,4.0,0.0,12.0,0.0,5,22.0,Low,Low,1 failed authentication events; 2 high-risk IAM events; 1 malware alerts; 1 lateral-movement alerts
EMP11135,nandini.pai30,Sales,Consultant,Active,1,1,2.0,2.0,2,0.0,28.0,28.0,1.0,0.0,1.0,0.0,0.0,0.0,0.0,0.0,0.0,0.0,0.0,0.0,0.0,1.0,,0,0,0,False,5.0,0.0,0.0,0.0,0.0,0,5.0,Low,Low,2 failed authentication events
EMP11136,chaman_ravi35,Operations,Administrator,Active,1,1,6.0,1.0,2,2.0,51.2,97.0,1.0,3.0,1.0,0.0,1.0,0.0,1.0,0.0,0.0,0.0,1.0,0.0,0.0,0.0,,0,0,0,False,4.0,4.0,2.0,10.0,0.0,0,20.0,Low,Low,1 failed authentication events; 2 high-risk IAM events; 1 malware alerts; 1 security-tampering alerts
EMP11137,shivani.deol7,Operations,Engineer,Inactive,1,1,7.0,5.0,4,2.0,55.6,84.0,1.0,4.0,1.0,1.0,0.0,0.0,1.0,0.0,0.0,0.0,0.0,0.0,0.0,1.0,2023-01-01 19:25:00,5,1,6,True,11.0,4.0,5.0,6.0,10.0,5,41.0,Medium,Medium,"elevated authentication risk (5 failed auth, 4 MFA failures); 2 high-risk IAM events; 1 malware alerts; 1 critical endpoint alerts; 6 events after identity termination"
EMP11138,pooja.bassi47,Operations,Administrator,Active,1,0,10.0,5.0,6,1.0,42.17,82.0,1.0,4.0,3.0,0.0,2.0,0.0,0.0,0.0,1.0,2.0,0.0,0.0,1.0,1.0,,0,0,0,False,14.0,2.0,4.0,10.0,0.0,5,35.0,Medium,Medium,"elevated authentication risk (5 failed auth, 6 MFA failures); 1 high-risk IAM events; 1 lateral-movement alerts; 2 PowerShell alerts"
EMP11139,ranveer.rattan17,Operations,Consultant,Active,1,1,5.0,1.0,2,3.0,67.0,90.0,1.0,4.0,2.0,0.0,0.0,0.0,0.0,0.0,1.0,1.0,1.0,0.0,0.0,1.0,,0,0,0,False,4.0,6.0,0.0,13.0,0.0,0,23.0,Low,Low,1 failed authentication events; 3 high-risk IAM events; 1 lateral-movement alerts; 1 PowerShell alerts; 1 security-tampering alerts
EMP11140,anusha.roy27,Procurement,Director,Active,1,1,9.0,3.0,4,3.0,53.71,91.0,1.0,6.0,3.0,1.0,1.0,1.0,1.0,1.0,0.0,0.0,0.0,0.0,0.0,1.0,,0,0,0,False,9.0,6.0,7.0,12.0,2.0,10,46.0,Medium,Medium,"elevated authentication risk (3 failed auth, 4 MFA failures); 3 high-risk IAM events; 1 malware alerts; 1 credential-access alerts; 1 critical endpoint alerts; 1 unresolved critical alerts"
EMP11141,champak.banerjee84,Sales,Engineer,Active,1,1,7.0,2.0,2,1.0,53.25,92.0,1.0,4.0,5.0,0.0,2.0,0.0,0.0,1.0,0.0,3.0,1.0,2.0,0.0,1.0,,0,0,0,False,5.0,2.0,4.0,16.0,0.0,0,27.0,Medium,Medium,2 failed authentication events; 1 high-risk IAM events; 1 credential-access alerts; 3 PowerShell alerts; 1 security-tampering alerts
EMP11142,vasatika.sidhu93,R&D,Engineer,Active,1,1,6.0,3.0,2,2.0,62.25,96.0,1.0,4.0,2.0,1.0,1.0,1.0,0.0,1.0,1.0,0.0,0.0,0.0,0.0,1.0,,0,0,0,False,6.0,4.0,7.0,12.0,2.0,0,31.0,Medium,Medium,3 failed authentication events; 2 high-risk IAM events; 1 credential-access alerts; 1 lateral-movement alerts; 1 critical endpoint alerts; 1 unresolved critical alerts
EMP11143,vidhi.zacharia33,Customer Support,Consultant,Active,1,1,7.0,5.0,5,2.0,51.86,100.0,1.0,3.0,3.0,0.0,0.0,0.0,2.0,0.0,0.0,1.0,0.0,0.0,0.0,2.0,,0,0,0,False,12.5,4.0,0.0,15.0,0.0,5,36.5,Medium,Medium,"elevated authentication risk (5 failed auth, 5 MFA failures); 2 high-risk IAM events; 2 malware alerts; 1 PowerShell alerts"
EMP11144,lohit.sandhu68,Customer Support,Analyst,Active,1,1,7.0,2.0,1,0.0,28.75,48.0,1.0,5.0,0.0,0.0,0.0,0.0,0.0,0.0,0.0,0.0,0.0,0.0,0.0,0.0,,0,0,0,False,3.5,0.0,0.0,0.0,0.0,0,3.5,Low,Low,2 failed authentication events
EMP11145,sathvik.krishnamurthy8,Sales,Director,Inactive,1,0,4.0,2.0,2,0.0,64.0,64.0,1.0,2.0,4.0,0.0,0.0,0.0,2.0,1.0,0.0,1.0,0.0,1.0,0.0,2.0,2024-12-20 05:52:25,4,4,8,True,5.0,0.0,0.0,22.0,10.0,5,42.0,Medium,Medium,2 failed authentication events; 2 malware alerts; 1 credential-access alerts; 1 PowerShell alerts; 8 events after identity termination
EMP11146,tanay.halder50,Legal,Specialist,Active,1,0,5.0,1.0,2,2.0,49.5,86.0,1.0,2.0,1.0,1.0,0.0,1.0,1.0,0.0,0.0,0.0,0.0,0.0,0.0,1.0,,0,0,0,False,4.0,4.0,5.0,6.0,2.0,0,21.0,Low,Low,1 failed authentication events; 2 high-risk IAM events; 1 malware alerts; 1 critical endpoint alerts; 1 unresolved critical alerts
EMP11147,yashodhara.minhas2,Customer Support,Trainee,Active,1,1,4.0,2.0,2,0.0,18.5,29.0,1.0,3.0,1.0,0.0,0.0,0.0,1.0,0.0,0.0,0.0,0.0,0.0,0.0,1.0,,0,0,0,False,5.0,0.0,0.0,6.0,0.0,0,11.0,Low,Low,2 failed authentication events; 1 malware alerts
EMP11148,bhanumati.mukhopadhyay71,Human Resources,Executive,Active,0,1,7.0,1.0,5,2.0,59.33,97.0,1.0,6.0,5.0,0.0,1.0,0.0,2.0,1.0,0.0,2.0,0.0,0.0,0.0,1.0,,0,0,0,False,8.5,4.0,2.0,22.0,0.0,10,46.5,Medium,Medium,"elevated authentication risk (1 failed auth, 5 MFA failures); 2 high-risk IAM events; 2 malware alerts; 1 credential-access alerts; 2 PowerShell alerts"
EMP11149,ekaraj.kaur18,Marketing,Analyst,Active,1,1,3.0,1.0,1,1.0,92.0,92.0,1.0,2.0,1.0,0.0,0.0,0.0,1.0,0.0,0.0,0.0,0.0,0.0,0.0,1.0,,0,0,0,False,2.5,2.0,0.0,6.0,0.0,0,10.5,Low,Low,1 failed authentication events; 1 high-risk IAM events; 1 malware alerts
EMP11150,nicholas.swaminathan78,Operations,Consultant,Active,1,1,5.0,2.0,1,1.0,34.6,74.0,1.0,3.0,3.0,1.0,0.0,1.0,2.0,0.0,0.0,1.0,0.0,0.0,0.0,1.0,,0,0,0,False,3.5,2.0,5.0,15.0,2.0,0,27.5,Medium,Medium,2 failed authentication events; 1 high-risk IAM events; 2 malware alerts; 1 PowerShell alerts; 1 critical endpoint alerts; 1 unresolved critical alerts
EMP11151,aadhya.saini38,Operations,Analyst,Active,1,1,3.0,1.0,1,0.0,54.0,67.0,1.0,2.0,1.0,0.0,0.0,0.0,0.0,1.0,0.0,1.0,0.0,0.0,1.0,1.0,,0,0,0,False,2.5,0.0,0.0,9.0,0.0,0,11.5,Low,Low,1 failed authentication events; 1 credential-access alerts; 1 PowerShell alerts
EMP11152,tanmayi.dara69,Supply Chain,Manager,Inactive,1,1,7.0,3.0,2,2.0,52.67,86.0,1.0,2.0,4.0,0.0,3.0,0.0,2.0,2.0,0.0,0.0,1.0,0.0,0.0,2.0,,0,0,0,False,6.0,4.0,5.0,24.0,0.0,5,44.0,Medium,Medium,3 failed authentication events; 2 high-risk IAM events; 2 malware alerts; 2 credential-access alerts; 1 security-tampering alerts
EMP11153,zehaan.ahluwalia27,R&D,Engineer,Active,1,0,7.0,2.0,2,1.0,62.33,82.0,1.0,3.0,1.0,0.0,0.0,0.0,1.0,0.0,0.0,0.0,1.0,0.0,0.0,1.0,,0,0,0,False,5.0,2.0,0.0,10.0,0.0,0,17.0,Low,Low,2 failed authentication events; 1 high-risk IAM events; 1 malware alerts; 1 security-tampering alerts
EMP11154,rachita.peri30,Compliance,Consultant,Active,1,1,5.0,1.0,0,3.0,64.8,95.0,1.0,3.0,3.0,1.0,0.0,1.0,2.0,0.0,1.0,0.0,0.0,0.0,0.0,1.0,,0,0,0,False,1.0,6.0,5.0,18.0,2.0,5,37.0,Medium,Medium,1 failed authentication events; 3 high-risk IAM events; 2 malware alerts; 1 lateral-movement alerts; 1 critical endpoint alerts; 1 unresolved critical alerts
EMP11155,andrew.sura23,Sales,Specialist,Active,1,1,4.0,0.0,0,1.0,32.0,73.0,1.0,3.0,5.0,0.0,2.0,0.0,2.0,1.0,2.0,1.0,1.0,0.0,1.0,1.0,,0,0,0,False,0.0,2.0,4.0,30.0,0.0,10,46.0,Medium,Medium,1 high-risk IAM events; 2 malware alerts; 1 credential-access alerts; 2 lateral-movement alerts; 1 PowerShell alerts; 1 security-tampering alerts
EMP11156,ria.srivastava51,Procurement,Engineer,Active,1,1,9.0,3.0,6,3.0,49.44,97.0,1.0,4.0,1.0,1.0,0.0,1.0,0.0,0.0,0.0,0.0,0.0,0.0,0.0,1.0,,0,0,0,False,12.0,6.0,5.0,0.0,2.0,3,28.0,Medium,Medium,"elevated authentication risk (3 failed auth, 6 MFA failures); 3 high-risk IAM events; 1 critical endpoint alerts; 1 unresolved critical alerts"
EMP11157,jyoti.brar52,People,Officer,Active,1,1,3.0,0.0,2,0.0,52.5,66.0,1.0,2.0,2.0,0.0,1.0,0.0,0.0,0.0,0.0,0.0,0.0,0.0,1.0,1.0,,0,0,0,False,3.0,0.0,2.0,0.0,0.0,0,5.0,Low,Low,No high-priority risk drivers
EMP11158,ikshita.sampath2,IT,Executive,Active,1,1,4.0,2.0,2,1.0,38.33,88.0,1.0,2.0,3.0,0.0,1.0,0.0,1.0,0.0,0.0,0.0,0.0,1.0,0.0,1.0,,0,0,0,False,5.0,2.0,2.0,7.0,0.0,0,16.0,Low,Low,2 failed authentication events; 1 high-risk IAM events; 1 malware alerts
EMP11159,adya.shetty2,People,Officer,Active,1,0,12.0,6.0,5,4.0,51.91,90.0,1.0,8.0,1.0,1.0,0.0,1.0,1.0,0.0,0.0,0.0,0.0,0.0,0.0,1.0,,0,0,0,False,13.5,13.0,5.0,6.0,2.0,8,47.5,Medium,Medium,"elevated authentication risk (6 failed auth, 5 MFA failures); 4 high-risk IAM events; 1 malware alerts; 1 critical endpoint alerts; 1 unresolved critical alerts"
EMP11160,neel.dass57,Finance,Administrator,Active,1,1,6.0,2.0,0,3.0,59.0,99.0,1.0,3.0,0.0,0.0,0.0,0.0,0.0,0.0,0.0,0.0,0.0,0.0,0.0,0.0,,0,0,0,False,2.0,6.0,0.0,0.0,0.0,0,8.0,Low,Low,2 failed authentication events; 3 high-risk IAM events
EMP11161,neel.venkataraman70,Human Resources,Analyst,Active,1,1,8.0,2.0,2,0.0,27.67,49.0,1.0,7.0,1.0,0.0,0.0,0.0,1.0,0.0,0.0,0.0,0.0,0.0,0.0,1.0,,0,0,0,False,5.0,0.0,0.0,6.0,0.0,0,11.0,Low,Low,2 failed authentication events; 1 malware alerts
EMP11162,jasmit.keer54,Finance,Analyst,Active,1,1,7.0,1.0,3,4.0,65.17,92.0,1.0,5.0,2.0,0.0,0.0,0.0,0.0,0.0,1.0,0.0,0.0,1.0,0.0,1.0,,0,0,0,False,5.5,8.0,0.0,7.0,0.0,3,23.5,Low,Low,1 failed authentication events; 4 high-risk IAM events; 1 lateral-movement alerts
EMP11163,chameli.srinivas29,Compliance,Manager,Active,1,1,2.0,2.0,1,0.0,58.0,65.0,1.0,0.0,4.0,0.0,2.0,0.0,2.0,0.0,0.0,1.0,1.0,1.0,1.0,1.0,,0,0,0,False,3.5,0.0,4.0,20.0,0.0,0,27.5,Medium,Medium,2 failed authentication events; 2 malware alerts; 1 PowerShell alerts; 1 security-tampering alerts
EMP11164,laksh.swamy43,People,Consultant,Active,1,1,10.0,4.0,2,1.0,36.62,77.0,1.0,5.0,3.0,1.0,0.0,1.0,1.0,1.0,0.0,1.0,1.0,0.0,0.0,1.0,,0,0,0,False,7.0,2.0,5.0,19.0,2.0,5,40.0,Medium,Medium,4 failed authentication events; 1 high-risk IAM events; 1 malware alerts; 1 credential-access alerts; 1 PowerShell alerts; 1 security-tampering alerts; 1 critical endpoint alerts; 1 unresolved critical alerts
EMP11165,balhaar.thakkar24,Legal,Executive,Active,1,0,6.0,2.0,3,2.0,48.0,97.0,1.0,3.0,3.0,0.0,1.0,0.0,2.0,0.0,0.0,0.0,0.0,1.0,0.0,1.0,,0,0,0,False,6.5,4.0,2.0,13.0,0.0,0,25.5,Medium,Medium,2 failed authentication events; 2 high-risk IAM events; 2 malware alerts
EMP11166,gauri.dass35,R&D,Consultant,Disabled,1,1,7.0,3.0,3,0.0,45.83,66.0,1.0,5.0,4.0,0.0,3.0,0.0,1.0,1.0,1.0,0.0,0.0,1.0,0.0,2.0,2022-07-06 00:00:00,6,4,10,True,7.5,0.0,5.0,19.0,10.0,10,51.5,High,High,3 failed authentication events; 1 malware alerts; 1 credential-access alerts; 1 lateral-movement alerts; 10 events after identity termination
EMP11167,yagnesh.goswami58,R&D,Manager,Inactive,1,1,1.0,1.0,1,1.0,81.0,81.0,1.0,0.0,3.0,0.0,2.0,0.0,2.0,0.0,0.0,1.0,0.0,1.0,0.0,1.0,,0,0,0,False,2.5,2.0,4.0,16.0,0.0,0,24.5,Medium,Medium,1 failed authentication events; 1 high-risk IAM events; 2 malware alerts; 1 PowerShell alerts
EMP11168,daksh.maharaj17,Finance,Director,Active,1,0,3.0,3.0,3,2.0,71.67,95.0,1.0,0.0,2.0,0.0,1.0,0.0,2.0,0.0,0.0,1.0,0.0,0.0,0.0,2.0,,0,0,0,False,7.5,4.0,2.0,15.0,0.0,0,28.5,Medium,Medium,3 failed authentication events; 2 high-risk IAM events; 2 malware alerts; 1 PowerShell alerts
EMP11169,,Operations,Executive,Active,1,1,6.0,3.0,4,2.0,37.6,81.0,1.0,1.0,4.0,0.0,1.0,0.0,2.0,1.0,0.0,0.0,0.0,1.0,0.0,1.0,,0,0,0,False,9.0,4.0,2.0,19.0,0.0,10,44.0,Medium,Medium,"elevated authentication risk (3 failed auth, 4 MFA failures); 2 high-risk IAM events; 2 malware alerts; 1 credential-access alerts"
EMP11170,upasna.kuruvilla64,Customer Support,Officer,Active,1,0,10.0,2.0,4,2.0,53.12,97.0,1.0,3.0,3.0,0.0,2.0,0.0,1.0,1.0,1.0,0.0,0.0,0.0,0.0,2.0,,0,0,0,False,8.0,4.0,4.0,18.0,0.0,10,44.0,Medium,Medium,"elevated authentication risk (2 failed auth, 4 MFA failures); 2 high-risk IAM events; 1 malware alerts; 1 credential-access alerts; 1 lateral-movement alerts"
EMP11171,shravya.khalsa89,Sales,Manager,Active,1,0,4.0,3.0,4,1.0,53.67,88.0,1.0,0.0,4.0,3.0,0.0,0.0,1.0,1.0,0.0,2.0,1.0,0.0,0.0,2.0,,0,0,0,False,9.0,2.0,15.0,20.0,0.0,10,56.0,High,High,"elevated authentication risk (3 failed auth, 4 MFA failures); 1 high-risk IAM events; 1 malware alerts; 1 credential-access alerts; 2 PowerShell alerts; 1 security-tampering alerts; 3 critical endpoint alerts"
EMP11172,victor.khalsa18,Human Resources,Analyst,Active,1,0,4.0,0.0,1,0.0,58.5,63.0,1.0,3.0,5.0,0.0,1.0,0.0,0.0,1.0,0.0,1.0,2.0,2.0,0.0,1.0,,0,0,0,False,1.5,0.0,2.0,16.0,0.0,0,19.5,Low,Low,1 credential-access alerts; 1 PowerShell alerts; 2 security-tampering alerts
EMP11173,,Legal,Engineer,Active,1,1,6.0,1.0,1,2.0,53.25,73.0,1.0,5.0,4.0,1.0,0.0,1.0,2.0,0.0,1.0,1.0,0.0,1.0,0.0,1.0,,0,0,0,False,2.5,4.0,5.0,22.0,2.0,5,40.5,Medium,Medium,1 failed authentication events; 2 high-risk IAM events; 2 malware alerts; 1 lateral-movement alerts; 1 PowerShell alerts; 1 critical endpoint alerts; 1 unresolved critical alerts
EMP11174,max.ganguly91,Finance,Director,Active,1,1,4.0,1.0,2,1.0,38.67,84.0,1.0,2.0,3.0,2.0,0.0,1.0,1.0,0.0,1.0,1.0,0.0,1.0,0.0,1.0,,0,0,0,False,4.0,2.0,10.0,16.0,2.0,5,39.0,Medium,Medium,1 failed authentication events; 1 high-risk IAM events; 1 malware alerts; 1 lateral-movement alerts; 1 PowerShell alerts; 2 critical endpoint alerts; 1 unresolved critical alerts
EMP11175,david.jayaraman10,R&D,Specialist,Active,1,1,12.0,3.0,5,2.0,55.44,91.0,1.0,8.0,6.0,1.0,1.0,1.0,0.0,2.0,1.0,2.0,0.0,0.0,0.0,1.0,,0,0,0,False,10.5,4.0,7.0,18.0,2.0,5,46.5,Medium,Medium,"elevated authentication risk (3 failed auth, 5 MFA failures); 2 high-risk IAM events; 2 credential-access alerts; 1 lateral-movement alerts; 2 PowerShell alerts; 1 critical endpoint alerts; 1 unresolved critical alerts"
EMP11176,saanvi.dass2,Procurement,Director,Active,1,1,4.0,0.0,0,1.0,41.75,87.0,1.0,3.0,2.0,1.0,0.0,1.0,1.0,0.0,0.0,1.0,0.0,0.0,0.0,2.0,,0,0,0,False,0.0,2.0,5.0,9.0,2.0,0,18.0,Low,Low,1 high-risk IAM events; 1 malware alerts; 1 PowerShell alerts; 1 critical endpoint alerts; 1 unresolved critical alerts
EMP11177,lekha.jhaveri61,Legal,Consultant,Active,1,1,5.0,2.0,2,1.0,62.0,84.0,1.0,0.0,3.0,0.0,1.0,0.0,2.0,1.0,0.0,0.0,1.0,0.0,0.0,1.0,,0,0,0,False,5.0,2.0,2.0,22.0,0.0,5,36.0,Medium,Medium,2 failed authentication events; 1 high-risk IAM events; 2 malware alerts; 1 credential-access alerts; 1 security-tampering alerts
EMP11178,mason.goyal5,Procurement,Executive,Active,1,1,7.0,4.0,5,2.0,47.5,99.0,1.0,3.0,4.0,0.0,1.0,0.0,0.0,1.0,1.0,1.0,0.0,1.0,1.0,1.0,,0,0,0,False,11.5,4.0,2.0,16.0,0.0,5,38.5,Medium,Medium,"elevated authentication risk (4 failed auth, 5 MFA failures); 2 high-risk IAM events; 1 credential-access alerts; 1 lateral-movement alerts; 1 PowerShell alerts"
EMP11179,ishani.tak59,Customer Support,Administrator,Active,1,1,4.0,1.0,3,0.0,52.0,65.0,1.0,3.0,3.0,0.0,2.0,0.0,1.0,1.0,0.0,0.0,0.0,1.0,0.0,1.0,,0,0,0,False,5.5,0.0,4.0,13.0,0.0,5,27.5,Medium,Medium,1 failed authentication events; 1 malware alerts; 1 credential-access alerts
EMP11180,frederick_cheema35,Human Resources,Officer,Active,1,0,3.0,2.0,2,0.0,41.0,41.0,1.0,3.0,0.0,0.0,0.0,0.0,0.0,0.0,0.0,0.0,0.0,0.0,0.0,0.0,,0,0,0,False,5.0,0.0,0.0,0.0,0.0,0,5.0,Low,Low,2 failed authentication events
EMP11181,ira.korpal96,Customer Support,Specialist,Active,1,1,8.0,6.0,6,3.0,56.67,91.0,1.0,3.0,2.0,0.0,1.0,0.0,1.0,0.0,0.0,0.0,0.0,0.0,0.0,1.0,,0,0,0,False,15.0,11.0,2.0,6.0,0.0,8,42.0,Medium,Medium,"elevated authentication risk (6 failed auth, 6 MFA failures); 3 high-risk IAM events; 1 malware alerts"
EMP11182,ethan.madan49,Finance,Analyst,Active,1,0,4.0,0.0,3,1.0,62.25,84.0,1.0,2.0,3.0,1.0,0.0,0.0,1.0,0.0,1.0,1.0,1.0,0.0,0.0,1.0,,0,0,0,False,4.5,2.0,5.0,19.0,0.0,5,35.5,Medium,Medium,1 high-risk IAM events; 1 malware alerts; 1 lateral-movement alerts; 1 PowerShell alerts; 1 security-tampering alerts; 1 critical endpoint alerts
EMP11183,azaan.nigam47,Procurement,Consultant,Active,1,1,6.0,1.0,1,3.0,68.0,79.0,1.0,3.0,0.0,0.0,0.0,0.0,0.0,0.0,0.0,0.0,0.0,0.0,0.0,0.0,,0,0,0,False,2.5,6.0,0.0,0.0,0.0,0,8.5,Low,Low,1 failed authentication events; 3 high-risk IAM events
EMP11184,ira.tripathi2,Marketing,Engineer,Inactive,1,1,3.0,0.0,2,2.0,72.0,98.0,1.0,2.0,4.0,0.0,2.0,0.0,1.0,1.0,1.0,1.0,0.0,0.0,0.0,1.0,2022-06-05 00:00:00,2,3,5,True,3.0,4.0,4.0,21.0,10.0,10,52.0,High,High,2 high-risk IAM events; 1 malware alerts; 1 credential-access alerts; 1 lateral-movement alerts; 1 PowerShell alerts; 5 events after identity termination
EMP11185,abhiram.iyengar62,IT,Analyst,Active,1,1,4.0,0.0,1,1.0,93.0,93.0,1.0,4.0,2.0,1.0,1.0,1.0,1.0,0.0,0.0,0.0,2.0,1.0,0.0,1.0,,0,0,0,False,1.5,2.0,7.0,12.0,2.0,0,24.5,Medium,Medium,1 high-risk IAM events; 1 malware alerts; 2 security-tampering alerts; 1 critical endpoint alerts; 1 unresolved critical alerts
EMP11186,christopher.chaudhary51,Customer Support,Engineer,Inactive,1,1,8.0,1.0,2,2.0,45.88,84.0,1.0,5.0,5.0,0.0,0.0,0.0,2.0,1.0,0.0,0.0,2.0,2.0,0.0,1.0,,0,0,0,False,4.0,4.0,0.0,25.0,0.0,5,38.0,Medium,Medium,1 failed authentication events; 2 high-risk IAM events; 2 malware alerts; 1 credential-access alerts; 2 security-tampering alerts
EMP11187,aarav_chakraborty53,Customer Support,Manager,Active,1,1,7.0,1.0,1,2.0,53.4,100.0,1.0,3.0,0.0,0.0,0.0,0.0,0.0,0.0,0.0,0.0,0.0,0.0,0.0,0.0,,0,0,0,False,2.5,4.0,0.0,0.0,0.0,0,6.5,Low,Low,1 failed authentication events; 2 high-risk IAM events
EMP11188,pranav.dara5,Marketing,Executive,Active,1,1,5.0,3.0,3,0.0,28.25,52.0,1.0,3.0,4.0,0.0,1.0,0.0,0.0,2.0,0.0,1.0,0.0,0.0,0.0,1.0,,0,0,0,False,7.5,0.0,2.0,11.0,0.0,0,20.5,Low,Low,3 failed authentication events; 2 credential-access alerts; 1 PowerShell alerts
EMP11189,kai.chhabra30,Sales,Executive,On Leave,1,1,3.0,0.0,0,0.0,32.0,64.0,1.0,2.0,0.0,0.0,0.0,0.0,0.0,0.0,0.0,0.0,0.0,0.0,0.0,0.0,,0,0,0,False,0.0,0.0,0.0,0.0,0.0,0,0.0,Low,Low,No high-priority risk drivers
EMP11190,yuvraj.mistry78,Customer Support,Consultant,Active,1,0,59.0,19.0,28,19.0,54.74,97.0,1.0,33.0,0.0,0.0,0.0,0.0,0.0,0.0,0.0,0.0,0.0,0.0,0.0,0.0,,0,0,0,False,20.0,20.0,0.0,0.0,0.0,3,43.0,Medium,Medium,"elevated authentication risk (19 failed auth, 28 MFA failures); 19 high-risk IAM events"
EMP11191,ekbal.shah56,IT,Director,Active,1,1,5.0,2.0,1,2.0,75.67,91.0,1.0,4.0,2.0,1.0,0.0,1.0,0.0,1.0,1.0,0.0,0.0,0.0,1.0,1.0,,0,0,0,False,3.5,4.0,5.0,12.0,2.0,0,26.5,Medium,Medium,2 failed authentication events; 2 high-risk IAM events; 1 credential-access alerts; 1 lateral-movement alerts; 1 critical endpoint alerts; 1 unresolved critical alerts
EMP11192,vamakshi.divan13,IT,Executive,Inactive,1,1,6.0,4.0,4,1.0,31.67,80.0,1.0,5.0,3.0,0.0,1.0,0.0,0.0,1.0,1.0,1.0,0.0,0.0,0.0,1.0,2024-08-10 20:37:31,5,3,8,True,10.0,2.0,2.0,15.0,10.0,5,44.0,Medium,Medium,"elevated authentication risk (4 failed auth, 4 MFA failures); 1 high-risk IAM events; 1 credential-access alerts; 1 lateral-movement alerts; 1 PowerShell alerts; 8 events after identity termination"
EMP11193,nikita.rao21,Human Resources,Administrator,Active,1,1,5.0,3.0,3,0.0,39.8,63.0,1.0,2.0,1.0,1.0,0.0,0.0,0.0,0.0,1.0,0.0,0.0,0.0,0.0,1.0,,0,0,0,False,7.5,0.0,5.0,6.0,0.0,0,18.5,Low,Low,3 failed authentication events; 1 lateral-movement alerts; 1 critical endpoint alerts
EMP11194,shivani.pal34,R&D,Administrator,Inactive,1,1,10.0,1.0,4,2.0,45.89,97.0,1.0,7.0,6.0,0.0,0.0,0.0,2.0,0.0,1.0,1.0,0.0,2.0,1.0,1.0,,0,0,0,False,7.0,4.0,0.0,23.0,0.0,5,39.0,Medium,Medium,1 failed authentication events; 2 high-risk IAM events; 2 malware alerts; 1 lateral-movement alerts; 1 PowerShell alerts
EMP11195,christopher.toor37,Legal,Director,Active,1,1,3.0,1.0,1,0.0,16.0,27.0,1.0,2.0,1.0,0.0,0.0,0.0,0.0,0.0,0.0,1.0,0.0,0.0,0.0,1.0,,0,0,0,False,2.5,0.0,0.0,3.0,0.0,0,5.5,Low,Low,1 failed authentication events; 1 PowerShell alerts
EMP11196,odika.rajagopal41,Operations,Manager,Active,1,0,4.0,1.0,1,1.0,42.75,94.0,1.0,2.0,3.0,0.0,0.0,0.0,1.0,2.0,0.0,0.0,1.0,0.0,0.0,1.0,,0,0,0,False,2.5,2.0,0.0,18.0,0.0,5,27.5,Medium,Medium,1 failed authentication events; 1 high-risk IAM events; 1 malware alerts; 2 credential-access alerts; 1 security-tampering alerts
EMP11197,oliver.venkataraman8,Sales,Officer,Active,1,1,4.0,0.0,1,2.0,45.75,87.0,1.0,2.0,5.0,0.0,1.0,0.0,2.0,1.0,1.0,1.0,0.0,0.0,0.0,2.0,,0,0,0,False,1.5,4.0,2.0,27.0,0.0,10,44.5,Medium,Medium,2 high-risk IAM events; 2 malware alerts; 1 credential-access alerts; 1 lateral-movement alerts; 1 PowerShell alerts
EMP11198,girish.d’alia10,Sales,Director,Active,0,1,7.0,2.0,3,1.0,57.75,76.0,1.0,5.0,0.0,0.0,0.0,0.0,0.0,0.0,0.0,0.0,0.0,0.0,0.0,0.0,,0,0,0,False,6.5,2.0,0.0,0.0,0.0,0,8.5,Low,Low,2 failed authentication events; 1 high-risk IAM events
EMP11199,ikshita.mital60,People,Manager,Inactive,1,1,4.0,1.0,2,1.0,59.33,96.0,1.0,2.0,3.0,0.0,1.0,0.0,0.0,1.0,0.0,0.0,0.0,1.0,0.0,1.0,2024-03-23 00:00:00,4,3,7,True,4.0,2.0,2.0,7.0,10.0,0,25.0,Medium,Medium,1 failed authentication events; 1 high-risk IAM events; 1 credential-access alerts; 7 events after identity termination
EMP11200,xiti.sem41,Operations,Specialist,Active,1,1,8.0,2.0,0,1.0,44.62,97.0,1.0,4.0,2.0,0.0,0.0,0.0,0.0,0.0,0.0,1.0,0.0,1.0,0.0,1.0,,0,0,0,False,2.0,2.0,0.0,4.0,0.0,0,8.0,Low,Low,2 failed authentication events; 1 high-risk IAM events; 1 PowerShell alerts
EMP11201,pooja.bava61,Finance,Engineer,On Leave,1,1,8.0,0.0,3,7.0,75.12,88.0,1.0,5.0,4.0,0.0,1.0,0.0,0.0,3.0,0.0,1.0,0.0,0.0,0.0,1.0,,0,0,0,False,4.5,14.0,2.0,11.0,0.0,3,34.5,Medium,Medium,7 high-risk IAM events; 3 credential-access alerts; 1 PowerShell alerts
EMP11202,isaiah.dave47,Compliance,Trainee,Inactive,1,1,3.0,1.0,2,0.0,32.5,36.0,1.0,1.0,1.0,0.0,0.0,0.0,0.0,0.0,0.0,0.0,1.0,0.0,0.0,1.0,2026-07-11 03:19:46,3,1,4,True,4.0,0.0,0.0,4.0,10.0,0,18.0,Low,Low,1 failed authentication events; 1 security-tampering alerts; 4 events after identity termination
EMP11203,upkaar.padmanabhan11,Finance,Manager,Active,1,1,3.0,0.0,1,0.0,14.0,23.0,1.0,2.0,0.0,0.0,0.0,0.0,0.0,0.0,0.0,0.0,0.0,0.0,0.0,0.0,,0,0,0,False,1.5,0.0,0.0,0.0,0.0,0,1.5,Low,Low,No high-priority risk drivers
EMP11204,karan.zachariah68,Sales,Administrator,Inactive,0,1,6.0,2.0,2,1.0,43.6,81.0,1.0,3.0,4.0,0.0,0.0,0.0,0.0,0.0,3.0,0.0,0.0,0.0,0.0,1.0,2024-11-27 15:15:11,6,4,10,True,5.0,2.0,0.0,8.0,10.0,0,25.0,Medium,Medium,2 failed authentication events; 1 high-risk IAM events; 3 lateral-movement alerts; 10 events after identity termination
EMP11205,,R&D,Trainee,On Leave,1,1,10.0,1.0,2,1.0,46.3,71.0,1.0,7.0,2.0,0.0,0.0,0.0,2.0,0.0,0.0,0.0,0.0,0.0,0.0,2.0,,0,0,0,False,4.0,2.0,0.0,12.0,0.0,0,18.0,Low,Low,1 failed authentication events; 1 high-risk IAM events; 2 malware alerts
EMP11206,guneet.lalla74,Legal,Analyst,Active,1,1,8.0,3.0,4,2.0,59.17,100.0,1.0,3.0,2.0,0.0,0.0,0.0,1.0,1.0,0.0,0.0,0.0,0.0,0.0,1.0,,0,0,0,False,9.0,4.0,0.0,12.0,0.0,10,35.0,Medium,Medium,"elevated authentication risk (3 failed auth, 4 MFA failures); 2 high-risk IAM events; 1 malware alerts; 1 credential-access alerts"
EMP11207,dhriti.choudhary42,Operations,Analyst,Active,1,1,2.0,0.0,0,0.0,26.5,45.0,1.0,1.0,2.0,0.0,1.0,0.0,2.0,0.0,0.0,0.0,0.0,0.0,0.0,1.0,,0,0,0,False,0.0,0.0,2.0,12.0,0.0,0,14.0,Low,Low,2 malware alerts
EMP11208,utkarsh.tata53,Marketing,Officer,Inactive,1,1,4.0,0.0,2,1.0,40.5,79.0,1.0,2.0,1.0,0.0,1.0,0.0,1.0,0.0,0.0,0.0,0.0,0.0,0.0,1.0,2026-07-03 15:12:47,3,1,4,True,3.0,2.0,2.0,6.0,10.0,0,23.0,Low,Low,1 high-risk IAM events; 1 malware alerts; 4 events after identity termination
EMP11209,oscar.bumb13,IT,Engineer,Active,1,1,4.0,3.0,3,1.0,67.5,94.0,1.0,1.0,2.0,0.0,2.0,0.0,1.0,0.0,1.0,0.0,1.0,0.0,0.0,2.0,,0,0,0,False,7.5,2.0,4.0,16.0,0.0,5,34.5,Medium,Medium,3 failed authentication events; 1 high-risk IAM events; 1 malware alerts; 1 lateral-movement alerts; 1 security-tampering alerts
EMP11210,warda.bora45,Sales,Engineer,Active,1,1,7.0,3.0,6,2.0,42.71,88.0,1.0,4.0,7.0,2.0,2.0,1.0,4.0,0.0,1.0,3.0,1.0,1.0,0.0,2.0,,0,0,0,False,12.0,4.0,14.0,27.0,2.0,10,69.0,High,High,"elevated authentication risk (3 failed auth, 6 MFA failures); 2 high-risk IAM events; 4 malware alerts; 1 lateral-movement alerts; 3 PowerShell alerts; 1 security-tampering alerts; 2 critical endpoint alerts; 1 unresolved critical alerts"
EMP11211,gagan.sunder65,Human Resources,Trainee,Active,1,1,9.0,2.0,3,1.0,44.0,75.0,1.0,5.0,4.0,0.0,2.0,0.0,2.0,0.0,0.0,1.0,0.0,1.0,0.0,1.0,,0,0,0,False,6.5,2.0,4.0,16.0,0.0,0,28.5,Medium,Medium,2 failed authentication events; 1 high-risk IAM events; 2 malware alerts; 1 PowerShell alerts
EMP11212,naksh.kalita55,Customer Support,Consultant,Active,1,0,5.0,0.0,1,1.0,49.75,90.0,1.0,3.0,4.0,1.0,0.0,0.0,1.0,0.0,2.0,2.0,0.0,0.0,0.0,2.0,,0,0,0,False,1.5,2.0,5.0,18.0,0.0,5,31.5,Medium,Medium,1 high-risk IAM events; 1 malware alerts; 2 lateral-movement alerts; 2 PowerShell alerts; 1 critical endpoint alerts
EMP11213,divya.gupta70,Compliance,Director,Active,1,0,1.0,0.0,0,0.0,50.0,50.0,1.0,1.0,2.0,1.0,0.0,0.0,0.0,1.0,1.0,0.0,0.0,0.0,0.0,1.0,,0,0,0,False,0.0,0.0,5.0,12.0,0.0,0,17.0,Low,Low,1 credential-access alerts; 1 lateral-movement alerts; 1 critical endpoint alerts
EMP11214,frado.toor13,Human Resources,Manager,Active,1,1,6.0,2.0,2,1.0,43.8,81.0,1.0,1.0,2.0,1.0,1.0,1.0,0.0,1.0,0.0,0.0,0.0,0.0,0.0,1.0,,0,0,0,False,5.0,2.0,7.0,6.0,2.0,0,22.0,Low,Low,2 failed authentication events; 1 high-risk IAM events; 1 credential-access alerts; 1 critical endpoint alerts; 1 unresolved critical alerts
EMP11215,gopal.nath97,Procurement,Officer,Active,1,1,5.0,0.0,4,0.0,23.5,41.0,1.0,3.0,0.0,0.0,0.0,0.0,0.0,0.0,0.0,0.0,0.0,0.0,0.0,0.0,,0,0,0,False,6.0,0.0,0.0,0.0,0.0,0,6.0,Low,Low,No high-priority risk drivers
EMP11216,kamya_pandya54,Sales,Engineer,Active,1,1,5.0,1.0,0,0.0,26.75,51.0,1.0,4.0,0.0,0.0,0.0,0.0,0.0,0.0,0.0,0.0,0.0,0.0,0.0,0.0,,0,0,0,False,1.0,0.0,0.0,0.0,0.0,0,1.0,Low,Low,1 failed authentication events
EMP11217,harinakshi.bhatia16,Operations,Trainee,Active,1,1,5.0,0.0,2,1.0,37.6,72.0,1.0,3.0,3.0,1.0,1.0,0.0,1.0,0.0,0.0,0.0,0.0,1.0,0.0,1.0,,0,0,0,False,3.0,2.0,7.0,7.0,0.0,0,19.0,Low,Low,1 high-risk IAM events; 1 malware alerts; 1 critical endpoint alerts
EMP11218,karan.goda65,Marketing,Administrator,Disabled,1,0,9.0,4.0,5,2.0,42.43,91.0,1.0,5.0,5.0,3.0,1.0,3.0,2.0,1.0,1.0,2.0,0.0,1.0,0.0,1.0,2023-07-18 22:30:35,9,5,14,True,11.5,4.0,17.0,29.0,15.0,10,86.5,Critical,Critical,"elevated authentication risk (4 failed auth, 5 MFA failures); 2 high-risk IAM events; 2 malware alerts; 1 credential-access alerts; 1 lateral-movement alerts; 2 PowerShell alerts; 3 critical endpoint alerts; 14 events after identity termination; 3 unresolved critical alerts"
EMP11219,nilima.nanda54,IT,Analyst,Disabled,1,1,7.0,2.0,2,2.0,49.33,99.0,1.0,3.0,2.0,1.0,0.0,1.0,0.0,0.0,1.0,0.0,0.0,0.0,0.0,1.0,,0,0,0,False,5.0,4.0,5.0,6.0,2.0,0,22.0,Low,Low,2 failed authentication events; 2 high-risk IAM events; 1 lateral-movement alerts; 1 critical endpoint alerts; 1 unresolved critical alerts
EMP11220,pranit.chadha56,Sales,Officer,Active,1,1,5.0,2.0,3,1.0,51.2,80.0,1.0,3.0,5.0,3.0,0.0,2.0,2.0,1.0,0.0,0.0,0.0,0.0,0.0,1.0,,0,0,0,False,6.5,2.0,15.0,18.0,4.0,5,50.5,High,High,2 failed authentication events; 1 high-risk IAM events; 2 malware alerts; 1 credential-access alerts; 3 critical endpoint alerts; 2 unresolved critical alerts
EMP11221,qabil.lanka74,Legal,Executive,Active,1,1,5.0,3.0,3,0.0,21.4,40.0,1.0,3.0,3.0,0.0,1.0,0.0,0.0,0.0,0.0,1.0,0.0,1.0,0.0,1.0,,0,0,0,False,7.5,0.0,2.0,4.0,0.0,0,13.5,Low,Low,3 failed authentication events; 1 PowerShell alerts
EMP11222,vasatika.saraf30,Human Resources,Executive,Active,1,1,8.0,2.0,5,2.0,44.33,85.0,1.0,5.0,2.0,1.0,0.0,1.0,0.0,0.0,1.0,1.0,0.0,0.0,0.0,1.0,,0,0,0,False,9.5,4.0,5.0,9.0,2.0,5,34.5,Medium,Medium,"elevated authentication risk (2 failed auth, 5 MFA failures); 2 high-risk IAM events; 1 lateral-movement alerts; 1 PowerShell alerts; 1 critical endpoint alerts; 1 unresolved critical alerts"
EMP11223,gauri.kannan81,Marketing,Officer,Active,1,1,1.0,1.0,0,0.0,68.0,68.0,1.0,0.0,4.0,0.0,0.0,0.0,1.0,1.0,1.0,1.0,0.0,0.0,0.0,1.0,,0,0,0,False,1.0,0.0,0.0,21.0,0.0,10,32.0,Medium,Medium,1 failed authentication events; 1 malware alerts; 1 credential-access alerts; 1 lateral-movement alerts; 1 PowerShell alerts
EMP11224,chatresh.upadhyay99,Supply Chain,Executive,Inactive,1,1,8.0,4.0,4,1.0,48.25,88.0,1.0,3.0,7.0,0.0,0.0,0.0,3.0,0.0,1.0,1.0,0.0,0.0,0.0,1.0,2020-11-19 07:27:00,7,6,13,True,10.0,2.0,0.0,21.0,10.0,10,53.0,High,High,"elevated authentication risk (4 failed auth, 4 MFA failures); 1 high-risk IAM events; 3 malware alerts; 1 lateral-movement alerts; 1 PowerShell alerts; 13 events after identity termination"
EMP11225,tanay.viswanathan59,Operations,Executive,Active,1,1,5.0,2.0,2,3.0,66.25,99.0,1.0,3.0,4.0,1.0,0.0,1.0,1.0,2.0,0.0,1.0,0.0,0.0,0.0,1.0,,0,0,0,False,5.0,6.0,5.0,17.0,2.0,5,40.0,Medium,Medium,2 failed authentication events; 3 high-risk IAM events; 1 malware alerts; 2 credential-access alerts; 1 PowerShell alerts; 1 critical endpoint alerts; 1 unresolved critical alerts
EMP11226,tanveer.dugar93,Legal,Administrator,Active,1,1,64.0,19.0,26,24.0,56.35,99.0,1.0,42.0,1.0,0.0,1.0,0.0,0.0,0.0,0.0,0.0,0.0,1.0,0.0,1.0,,0,0,0,False,20.0,20.0,2.0,1.0,0.0,3,46.0,Medium,Medium,"elevated authentication risk (19 failed auth, 26 MFA failures); 24 high-risk IAM events"
EMP11227,omya.mutti75,Human Resources,Manager,Active,1,1,7.0,4.0,4,0.0,31.6,59.0,1.0,5.0,1.0,0.0,0.0,0.0,0.0,1.0,0.0,0.0,1.0,0.0,0.0,1.0,,0,0,0,False,10.0,0.0,0.0,10.0,0.0,5,25.0,Medium,Medium,"elevated authentication risk (4 failed auth, 4 MFA failures); 1 credential-access alerts; 1 security-tampering alerts"
EMP11228,tanmayi.dhar12,People,Trainee,Active,0,1,7.0,1.0,2,2.0,52.6,76.0,1.0,5.0,1.0,0.0,1.0,0.0,1.0,0.0,0.0,0.0,0.0,0.0,0.0,1.0,,0,0,0,False,4.0,4.0,2.0,6.0,0.0,0,16.0,Low,Low,1 failed authentication events; 2 high-risk IAM events; 1 malware alerts
EMP11229,aahana.rao53,People,Trainee,Active,1,0,9.0,2.0,3,2.0,46.67,95.0,1.0,6.0,1.0,0.0,0.0,0.0,0.0,1.0,0.0,0.0,1.0,0.0,0.0,1.0,,0,0,0,False,6.5,4.0,0.0,10.0,0.0,0,20.5,Low,Low,2 failed authentication events; 2 high-risk IAM events; 1 credential-access alerts; 1 security-tampering alerts
EMP11230,urishilla.dewan82,R&D,Executive,Inactive,1,1,2.0,0.0,0,0.0,69.0,69.0,1.0,2.0,3.0,0.0,0.0,0.0,2.0,0.0,1.0,0.0,0.0,0.0,0.0,1.0,,0,0,0,False,0.0,0.0,0.0,18.0,0.0,5,23.0,Low,Low,2 malware alerts; 1 lateral-movement alerts
EMP11231,raagini.bail16,Operations,Consultant,Active,1,1,1.0,1.0,1,0.0,10.0,10.0,1.0,0.0,0.0,0.0,0.0,0.0,0.0,0.0,0.0,0.0,0.0,0.0,0.0,0.0,,0,0,0,False,2.5,0.0,0.0,0.0,0.0,0,2.5,Low,Low,1 failed authentication events
EMP11232,gaurangi.mistry16,Sales,Specialist,Active,1,1,12.0,3.0,4,5.0,60.5,86.0,1.0,7.0,0.0,0.0,0.0,0.0,0.0,0.0,0.0,0.0,0.0,0.0,0.0,0.0,,0,0,0,False,9.0,10.0,0.0,0.0,0.0,3,22.0,Low,Low,"elevated authentication risk (3 failed auth, 4 MFA failures); 5 high-risk IAM events"
EMP11233,shivansh_karan47,Human Resources,Engineer,Active,1,1,7.0,2.0,1,0.0,32.75,50.0,1.0,2.0,4.0,1.0,1.0,1.0,0.0,1.0,1.0,0.0,0.0,1.0,0.0,2.0,,0,0,0,False,3.5,0.0,7.0,13.0,2.0,0,25.5,Medium,Medium,2 failed authentication events; 1 credential-access alerts; 1 lateral-movement alerts; 1 critical endpoint alerts; 1 unresolved critical alerts
EMP11234,gaurika.chopra35,Brand,Trainee,Active,1,1,6.0,4.0,5,0.0,34.67,53.0,1.0,2.0,6.0,1.0,0.0,1.0,2.0,1.0,1.0,0.0,1.0,2.0,1.0,2.0,,0,0,0,False,11.5,0.0,5.0,30.0,2.0,10,58.5,High,High,"elevated authentication risk (4 failed auth, 5 MFA failures); 2 malware alerts; 1 credential-access alerts; 1 lateral-movement alerts; 1 security-tampering alerts; 1 critical endpoint alerts; 1 unresolved critical alerts"
EMP11235,hritik.dar64,Legal,Officer,Active,1,0,2.0,1.0,0,1.0,58.0,77.0,1.0,0.0,4.0,1.0,0.0,0.0,0.0,1.0,0.0,0.0,0.0,2.0,0.0,1.0,,0,0,0,False,1.0,2.0,5.0,8.0,0.0,0,16.0,Low,Low,1 failed authentication events; 1 high-risk IAM events; 1 credential-access alerts; 1 critical endpoint alerts
EMP11236,jagdish.chaudhry92,Marketing,Director,Active,1,0,3.0,1.0,0,1.0,66.0,89.0,1.0,1.0,4.0,0.0,0.0,0.0,0.0,1.0,1.0,0.0,0.0,2.0,0.0,1.0,,0,0,0,False,1.0,2.0,0.0,14.0,0.0,0,17.0,Low,Low,1 failed authentication events; 1 high-risk IAM events; 1 credential-access alerts; 1 lateral-movement alerts
EMP11237,meera.srinivasan63,Legal,Trainee,Disabled,1,1,4.0,3.0,3,0.0,23.67,54.0,1.0,2.0,1.0,0.0,0.0,0.0,0.0,0.0,0.0,1.0,0.0,1.0,0.0,1.0,2026-02-10 00:00:00,4,1,5,True,7.5,0.0,0.0,4.0,10.0,0,21.5,Low,Low,3 failed authentication events; 1 PowerShell alerts; 5 events after identity termination
EMP11238,brinda.kade46,Operations,Manager,On Leave,1,1,7.0,4.0,4,1.0,53.67,87.0,1.0,4.0,4.0,0.0,0.0,0.0,1.0,0.0,1.0,1.0,1.0,0.0,0.0,1.0,,0,0,0,False,10.0,2.0,0.0,19.0,0.0,10,41.0,Medium,Medium,"elevated authentication risk (4 failed auth, 4 MFA failures); 1 high-risk IAM events; 1 malware alerts; 1 lateral-movement alerts; 1 PowerShell alerts; 1 security-tampering alerts"
EMP11239,benjamin.bhatia78,Customer Support,Consultant,Active,0,1,3.0,1.0,1,1.0,72.0,87.0,1.0,3.0,3.0,0.0,1.0,0.0,2.0,0.0,0.0,0.0,0.0,1.0,0.0,1.0,,0,0,0,False,2.5,2.0,2.0,13.0,0.0,0,19.5,Low,Low,1 failed authentication events; 1 high-risk IAM events; 2 malware alerts
EMP11240,mekhala.shenoy46,Sales,Manager,Active,1,1,4.0,2.0,2,1.0,51.5,71.0,1.0,1.0,2.0,0.0,2.0,0.0,1.0,0.0,0.0,0.0,0.0,1.0,0.0,2.0,,0,0,0,False,5.0,2.0,4.0,7.0,0.0,0,18.0,Low,Low,2 failed authentication events; 1 high-risk IAM events; 1 malware alerts
EMP11241,bhavani.shetty89,IT,Consultant,Disabled,1,0,62.0,15.0,20,15.0,54.36,100.0,1.0,31.0,4.0,1.0,1.0,1.0,1.0,0.0,0.0,2.0,0.0,0.0,0.0,1.0,2025-04-04 00:00:00,54,3,57,True,20.0,20.0,7.0,10.0,12.0,8,77.0,Critical,Critical,"elevated authentication risk (15 failed auth, 20 MFA failures); 15 high-risk IAM events; 1 malware alerts; 2 PowerShell alerts; 1 critical endpoint alerts; 57 events after identity termination; 1 unresolved critical alerts"
EMP11242,reva.cherian68,Sales,Manager,Inactive,1,0,3.0,1.0,1,1.0,65.33,95.0,1.0,2.0,0.0,0.0,0.0,0.0,0.0,0.0,0.0,0.0,0.0,0.0,0.0,0.0,2026-08-29 11:20:00,1,0,1,True,2.5,2.0,0.0,0.0,3.0,0,7.5,Low,Low,1 failed authentication events; 1 high-risk IAM events; 1 events after identity termination
EMP11243,,Compliance,Consultant,Active,1,1,2.0,1.0,1,0.0,56.0,56.0,1.0,1.0,0.0,0.0,0.0,0.0,0.0,0.0,0.0,0.0,0.0,0.0,0.0,0.0,,0,0,0,False,2.5,0.0,0.0,0.0,0.0,0,2.5,Low,Low,1 failed authentication events
EMP11244,qasim.bahl54,Human Resources,Manager,Active,1,1,5.0,1.0,1,3.0,54.0,83.0,1.0,4.0,1.0,1.0,0.0,1.0,0.0,0.0,0.0,0.0,0.0,1.0,0.0,1.0,,0,0,0,False,2.5,6.0,5.0,1.0,2.0,0,16.5,Low,Low,1 failed authentication events; 3 high-risk IAM events; 1 critical endpoint alerts; 1 unresolved critical alerts
EMP11245,vaishnavi.loyal37,IT,Specialist,Active,1,0,8.0,4.0,3,2.0,48.71,87.0,1.0,3.0,5.0,0.0,1.0,0.0,1.0,0.0,1.0,1.0,1.0,3.0,0.0,2.0,,0,0,0,False,8.5,4.0,2.0,21.0,0.0,10,45.5,Medium,Medium,"elevated authentication risk (4 failed auth, 3 MFA failures); 2 high-risk IAM events; 1 malware alerts; 1 lateral-movement alerts; 1 PowerShell alerts; 1 security-tampering alerts"
EMP11246,logan.guha68,IT,Consultant,Active,1,0,4.0,1.0,1,0.0,33.5,48.0,1.0,3.0,6.0,1.0,2.0,1.0,3.0,0.0,2.0,1.0,1.0,0.0,0.0,1.0,,0,0,0,False,2.5,0.0,9.0,27.0,2.0,5,45.5,Medium,Medium,1 failed authentication events; 3 malware alerts; 2 lateral-movement alerts; 1 PowerShell alerts; 1 security-tampering alerts; 1 critical endpoint alerts; 1 unresolved critical alerts
EMP11247,riya.khare41,Operations,Director,Active,1,1,6.0,3.0,4,2.0,56.75,100.0,1.0,4.0,4.0,0.0,1.0,0.0,2.0,0.0,1.0,1.0,2.0,0.0,0.0,1.0,,0,0,0,False,9.0,4.0,2.0,26.0,0.0,10,51.0,High,High,"elevated authentication risk (3 failed auth, 4 MFA failures); 2 high-risk IAM events; 2 malware alerts; 1 lateral-movement alerts; 1 PowerShell alerts; 2 security-tampering alerts"
EMP11248,noah.kata59,R&D,Manager,Active,1,1,6.0,1.0,0,0.0,32.67,50.0,1.0,5.0,1.0,1.0,0.0,1.0,0.0,0.0,0.0,1.0,0.0,0.0,0.0,1.0,,0,0,0,False,1.0,0.0,5.0,3.0,2.0,0,11.0,Low,Low,1 failed authentication events; 1 PowerShell alerts; 1 critical endpoint alerts; 1 unresolved critical alerts
EMP11249,abhiram.date18,Human Resources,Consultant,Active,1,1,5.0,2.0,3,2.0,61.0,83.0,1.0,2.0,1.0,0.0,0.0,0.0,0.0,0.0,0.0,0.0,0.0,0.0,0.0,1.0,,0,0,0,False,6.5,4.0,0.0,0.0,0.0,0,10.5,Low,Low,2 failed authentication events; 2 high-risk IAM events
EMP11250,triya.venkataraman48,Customer Support,Analyst,Inactive,0,1,3.0,2.0,2,0.0,30.5,45.0,1.0,1.0,4.0,1.0,1.0,1.0,2.0,0.0,1.0,0.0,0.0,1.0,0.0,1.0,2022-12-15 05:30:24,3,3,6,True,5.0,0.0,7.0,19.0,12.0,5,48.0,Medium,Medium,2 failed authentication events; 2 malware alerts; 1 lateral-movement alerts; 1 critical endpoint alerts; 6 events after identity termination; 1 unresolved critical alerts
EMP11251,amrita.balakrishnan89,Procurement,Director,Inactive,1,0,4.0,2.0,2,2.0,60.75,91.0,1.0,3.0,1.0,0.0,0.0,0.0,0.0,0.0,0.0,0.0,1.0,1.0,0.0,1.0,2025-03-25 19:36:58,4,1,5,True,5.0,4.0,0.0,5.0,10.0,0,24.0,Low,Low,2 failed authentication events; 2 high-risk IAM events; 1 security-tampering alerts; 5 events after identity termination
EMP11252,zayan.bhalla97,Procurement,Director,Active,1,1,7.0,2.0,3,3.0,60.5,95.0,1.0,4.0,5.0,0.0,1.0,0.0,1.0,1.0,1.0,3.0,0.0,0.0,1.0,2.0,,0,0,0,False,6.5,6.0,2.0,22.0,0.0,10,46.5,Medium,Medium,2 failed authentication events; 3 high-risk IAM events; 1 malware alerts; 1 credential-access alerts; 1 lateral-movement alerts; 3 PowerShell alerts
EMP11253,bachittar.sathe85,R&D,Administrator,Active,1,1,8.0,4.0,6,1.0,43.86,96.0,1.0,4.0,3.0,1.0,0.0,1.0,1.0,0.0,0.0,1.0,0.0,0.0,0.0,2.0,,0,0,0,False,13.0,2.0,5.0,9.0,2.0,5,36.0,Medium,Medium,"elevated authentication risk (4 failed auth, 6 MFA failures); 1 high-risk IAM events; 1 malware alerts; 1 PowerShell alerts; 1 critical endpoint alerts; 1 unresolved critical alerts"
EMP11254,siddharth.chadha92,Human Resources,Consultant,Active,1,1,3.0,1.0,1,0.0,42.0,64.0,1.0,2.0,3.0,1.0,1.0,1.0,2.0,0.0,0.0,0.0,0.0,1.0,0.0,1.0,,0,0,0,False,2.5,0.0,7.0,13.0,2.0,0,24.5,Medium,Medium,1 failed authentication events; 2 malware alerts; 1 critical endpoint alerts; 1 unresolved critical alerts
EMP11255,yochana.choudhary64,IT,Engineer,Active,1,1,7.0,1.0,2,2.0,45.2,84.0,1.0,6.0,1.0,0.0,0.0,0.0,0.0,0.0,0.0,0.0,0.0,1.0,0.0,1.0,,0,0,0,False,4.0,4.0,0.0,1.0,0.0,0,9.0,Low,Low,1 failed authentication events; 2 high-risk IAM events
EMP11256,odika.ray44,Sales,Specialist,Disabled,1,0,4.0,2.0,2,1.0,59.33,91.0,1.0,2.0,3.0,0.0,1.0,0.0,0.0,0.0,0.0,1.0,0.0,2.0,1.0,1.0,,0,0,0,False,5.0,2.0,2.0,5.0,0.0,0,14.0,Low,Low,2 failed authentication events; 1 high-risk IAM events; 1 PowerShell alerts
EMP11257,kala.cheema20,Customer Support,Manager,Active,1,1,6.0,1.0,2,3.0,68.0,91.0,1.0,5.0,3.0,0.0,0.0,0.0,2.0,0.0,1.0,0.0,1.0,0.0,0.0,2.0,,0,0,0,False,4.0,6.0,0.0,22.0,0.0,5,37.0,Medium,Medium,1 failed authentication events; 3 high-risk IAM events; 2 malware alerts; 1 lateral-movement alerts; 1 security-tampering alerts
EMP11258,vinaya.barad66,Sales,Director,Active,1,1,4.0,0.0,2,1.0,48.67,100.0,1.0,3.0,6.0,0.0,0.0,0.0,4.0,2.0,0.0,1.0,0.0,0.0,0.0,1.0,,0,0,0,False,3.0,2.0,0.0,23.0,0.0,5,33.0,Medium,Medium,1 high-risk IAM events; 4 malware alerts; 2 credential-access alerts; 1 PowerShell alerts
EMP11259,kashish.chaudhari74,Human Resources,Executive,Active,0,0,8.0,4.0,4,0.0,43.2,65.0,1.0,2.0,2.0,0.0,0.0,0.0,0.0,1.0,0.0,1.0,0.0,0.0,0.0,1.0,,0,0,0,False,10.0,0.0,0.0,9.0,0.0,5,24.0,Low,Low,"elevated authentication risk (4 failed auth, 4 MFA failures); 1 credential-access alerts; 1 PowerShell alerts"
EMP11260,alexander.gaba61,Customer Support,Trainee,Inactive,0,1,4.0,3.0,4,0.0,37.33,44.0,1.0,3.0,5.0,0.0,1.0,0.0,4.0,0.0,0.0,0.0,2.0,1.0,0.0,1.0,,0,0,0,False,9.0,0.0,2.0,18.0,0.0,5,34.0,Medium,Medium,"elevated authentication risk (3 failed auth, 4 MFA failures); 4 malware alerts; 2 security-tampering alerts"
EMP11261,krishna.nayar56,Customer Support,Consultant,Active,1,1,7.0,2.0,2,1.0,42.2,83.0,1.0,6.0,3.0,0.0,2.0,0.0,1.0,0.0,0.0,1.0,0.0,0.0,0.0,1.0,,0,0,0,False,5.0,2.0,4.0,9.0,0.0,0,20.0,Low,Low,2 failed authentication events; 1 high-risk IAM events; 1 malware alerts; 1 PowerShell alerts
EMP11262,devansh.ganguly55,Sales,Administrator,Active,1,0,8.0,4.0,5,3.0,65.25,79.0,1.0,6.0,5.0,1.0,3.0,1.0,1.0,0.0,0.0,2.0,0.0,2.0,0.0,1.0,,0,0,0,False,11.5,6.0,10.0,12.0,2.0,8,49.5,High,High,"elevated authentication risk (4 failed auth, 5 MFA failures); 3 high-risk IAM events; 1 malware alerts; 2 PowerShell alerts; 1 critical endpoint alerts; 1 unresolved critical alerts"
EMP11263,anirudh.warrior56,Human Resources,Analyst,Active,1,1,4.0,2.0,1,0.0,26.5,48.0,1.0,2.0,5.0,0.0,1.0,0.0,2.0,0.0,0.0,1.0,1.0,1.0,0.0,2.0,,0,0,0,False,3.5,0.0,2.0,20.0,0.0,0,25.5,Medium,Medium,2 failed authentication events; 2 malware alerts; 1 PowerShell alerts; 1 security-tampering alerts
EMP11264,nitesh.dugar74,Marketing,Engineer,Active,1,1,10.0,4.0,5,4.0,61.67,99.0,1.0,6.0,0.0,0.0,0.0,0.0,0.0,0.0,0.0,0.0,0.0,0.0,0.0,0.0,,0,0,0,False,11.5,8.0,0.0,0.0,0.0,3,22.5,Low,Low,"elevated authentication risk (4 failed auth, 5 MFA failures); 4 high-risk IAM events"
EMP11265,gayathri.mangal51,Legal,Manager,Active,1,1,7.0,1.0,2,3.0,63.8,84.0,1.0,5.0,4.0,1.0,0.0,1.0,1.0,2.0,1.0,0.0,0.0,0.0,0.0,1.0,,0,0,0,False,4.0,6.0,5.0,20.0,2.0,10,47.0,Medium,Medium,1 failed authentication events; 3 high-risk IAM events; 1 malware alerts; 2 credential-access alerts; 1 lateral-movement alerts; 1 critical endpoint alerts; 1 unresolved critical alerts
EMP11266,barkha.sahota45,Brand,Specialist,Active,1,1,5.0,2.0,2,1.0,47.25,73.0,1.0,3.0,3.0,0.0,1.0,0.0,0.0,0.0,1.0,2.0,0.0,0.0,0.0,1.0,,0,0,0,False,5.0,2.0,2.0,10.0,0.0,0,19.0,Low,Low,2 failed authentication events; 1 high-risk IAM events; 1 lateral-movement alerts; 2 PowerShell alerts
EMP11267,indira.tella80,R&D,Administrator,Active,1,1,4.0,1.0,2,1.0,53.75,91.0,1.0,3.0,7.0,1.0,1.0,0.0,3.0,1.0,0.0,1.0,0.0,1.0,0.0,1.0,,0,0,0,False,4.0,2.0,7.0,22.0,0.0,5,40.0,Medium,Medium,1 failed authentication events; 1 high-risk IAM events; 3 malware alerts; 1 credential-access alerts; 1 PowerShell alerts; 1 critical endpoint alerts
EMP11268,krishna.babu43,Innovation,Executive,Active,1,1,4.0,2.0,1,1.0,70.0,71.0,1.0,2.0,1.0,0.0,0.0,0.0,1.0,0.0,0.0,0.0,0.0,0.0,0.0,1.0,,0,0,0,False,3.5,2.0,0.0,6.0,0.0,0,11.5,Low,Low,2 failed authentication events; 1 high-risk IAM events; 1 malware alerts
EMP11269,ekavir.kalita10,Finance,Analyst,Active,1,1,4.0,1.0,2,0.0,58.0,69.0,1.0,2.0,3.0,0.0,0.0,0.0,2.0,0.0,0.0,0.0,1.0,0.0,0.0,1.0,,0,0,0,False,4.0,0.0,0.0,16.0,0.0,0,20.0,Low,Low,1 failed authentication events; 2 malware alerts; 1 security-tampering alerts
EMP11270,pallavi.prashad61,Human Resources,Analyst,Active,1,1,5.0,2.0,3,0.0,30.0,67.0,1.0,3.0,1.0,0.0,0.0,0.0,0.0,0.0,0.0,0.0,0.0,1.0,0.0,1.0,,0,0,0,False,6.5,0.0,0.0,1.0,0.0,0,7.5,Low,Low,2 failed authentication events
EMP11271,krishna.hayre68,Customer Support,Executive,Active,1,1,5.0,2.0,2,1.0,52.0,82.0,1.0,2.0,3.0,2.0,0.0,1.0,2.0,0.0,0.0,1.0,0.0,1.0,0.0,1.0,,0,0,0,False,5.0,2.0,10.0,16.0,2.0,0,35.0,Medium,Medium,2 failed authentication events; 1 high-risk IAM events; 2 malware alerts; 1 PowerShell alerts; 2 critical endpoint alerts; 1 unresolved critical alerts
EMP11272,umang.loke95,Operations,Officer,Active,1,0,5.0,1.0,1,2.0,46.0,82.0,1.0,4.0,4.0,1.0,1.0,0.0,1.0,0.0,1.0,1.0,0.0,0.0,0.0,2.0,,0,0,0,False,2.5,4.0,7.0,15.0,0.0,5,33.5,Medium,Medium,1 failed authentication events; 2 high-risk IAM events; 1 malware alerts; 1 lateral-movement alerts; 1 PowerShell alerts; 1 critical endpoint alerts
EMP11273,krisha.natarajan39,Operations,Officer,Active,1,1,7.0,3.0,4,1.0,48.67,80.0,1.0,3.0,1.0,0.0,0.0,0.0,1.0,0.0,0.0,0.0,0.0,0.0,0.0,1.0,,0,0,0,False,9.0,2.0,0.0,6.0,0.0,5,22.0,Low,Low,"elevated authentication risk (3 failed auth, 4 MFA failures); 1 high-risk IAM events; 1 malware alerts"
EMP11274,,IT,Executive,On Leave,1,1,1.0,0.0,0,0.0,0.0,0.0,1.0,1.0,1.0,0.0,0.0,0.0,0.0,1.0,0.0,0.0,0.0,0.0,0.0,1.0,,0,0,0,False,0.0,0.0,0.0,6.0,0.0,0,6.0,Low,Low,1 credential-access alerts
EMP11275,dhriti.hegde74,Legal,Consultant,Active,1,1,4.0,4.0,2,1.0,54.33,71.0,1.0,2.0,3.0,0.0,0.0,0.0,1.0,0.0,0.0,0.0,0.0,0.0,0.0,1.0,,0,0,0,False,7.0,2.0,0.0,6.0,0.0,0,15.0,Low,Low,4 failed authentication events; 1 high-risk IAM events; 1 malware alerts
EMP11276,tripti.cherian81,Customer Support,Trainee,Inactive,1,1,6.0,2.0,0,0.0,40.0,64.0,1.0,3.0,4.0,0.0,1.0,0.0,4.0,0.0,0.0,0.0,1.0,0.0,0.0,2.0,,0,0,0,False,2.0,0.0,2.0,16.0,0.0,0,20.0,Low,Low,2 failed authentication events; 4 malware alerts; 1 security-tampering alerts
EMP11277,ansh.bandi36,Marketing,Engineer,Active,1,0,1.0,0.0,0,0.0,50.0,50.0,1.0,1.0,0.0,0.0,0.0,0.0,0.0,0.0,0.0,0.0,0.0,0.0,0.0,0.0,,0,0,0,False,0.0,0.0,0.0,0.0,0.0,0,0.0,Low,Low,No high-priority risk drivers
EMP11278,niharika.lad59,Procurement,Consultant,Active,1,1,4.0,1.0,1,1.0,63.0,86.0,1.0,3.0,4.0,1.0,1.0,0.0,1.0,0.0,2.0,1.0,2.0,1.0,1.0,1.0,,0,0,0,False,2.5,2.0,7.0,23.0,0.0,5,39.5,Medium,Medium,1 failed authentication events; 1 high-risk IAM events; 1 malware alerts; 2 lateral-movement alerts; 1 PowerShell alerts; 2 security-tampering alerts; 1 critical endpoint alerts
EMP11279,balhaar.dhar20,Customer Support,Administrator,Active,1,1,2.0,1.0,2,0.0,61.5,65.0,1.0,0.0,5.0,1.0,0.0,1.0,2.0,0.0,1.0,1.0,0.0,1.0,0.0,2.0,,0,0,0,False,4.0,0.0,5.0,22.0,2.0,5,38.0,Medium,Medium,1 failed authentication events; 2 malware alerts; 1 lateral-movement alerts; 1 PowerShell alerts; 1 critical endpoint alerts; 1 unresolved critical alerts
EMP11280,forum.saran38,IT,Trainee,Disabled,1,0,3.0,1.0,0,1.0,45.0,72.0,1.0,3.0,4.0,1.0,1.0,1.0,2.0,0.0,1.0,1.0,0.0,1.0,0.0,2.0,2023-08-26 15:44:30,3,3,6,True,1.0,2.0,7.0,22.0,12.0,5,49.0,Medium,Medium,1 failed authentication events; 1 high-risk IAM events; 2 malware alerts; 1 lateral-movement alerts; 1 PowerShell alerts; 1 critical endpoint alerts; 6 events after identity termination; 1 unresolved critical alerts
EMP11281,amol.talwar85,IT,Analyst,Inactive,1,1,5.0,1.0,2,0.0,34.5,68.0,1.0,3.0,2.0,2.0,0.0,1.0,0.0,1.0,0.0,1.0,0.0,0.0,0.0,1.0,2026-08-27 17:34:00,2,0,2,True,4.0,0.0,10.0,9.0,8.0,0,31.0,Medium,Medium,1 failed authentication events; 1 credential-access alerts; 1 PowerShell alerts; 2 critical endpoint alerts; 2 events after identity termination; 1 unresolved critical alerts
EMP11282,jason.doshi92,Marketing,Executive,Active,1,0,4.0,0.0,1,1.0,34.0,75.0,1.0,4.0,3.0,0.0,2.0,0.0,0.0,0.0,2.0,1.0,1.0,0.0,0.0,1.0,,0,0,0,False,1.5,2.0,4.0,15.0,0.0,0,22.5,Low,Low,1 high-risk IAM events; 2 lateral-movement alerts; 1 PowerShell alerts; 1 security-tampering alerts
EMP11283,ranbir.kalita61,Operations,Engineer,Active,1,1,7.0,0.0,3,3.0,55.71,79.0,1.0,3.0,2.0,1.0,0.0,1.0,0.0,0.0,0.0,1.0,0.0,1.0,0.0,1.0,,0,0,0,False,4.5,6.0,5.0,4.0,2.0,3,24.5,Medium,Medium,3 high-risk IAM events; 1 PowerShell alerts; 1 critical endpoint alerts; 1 unresolved critical alerts
EMP11284,charvi.dyal13,Marketing,Administrator,Active,1,1,3.0,1.0,1,0.0,23.0,23.0,1.0,1.0,1.0,0.0,1.0,0.0,0.0,0.0,1.0,0.0,0.0,0.0,0.0,1.0,,0,0,0,False,2.5,0.0,2.0,6.0,0.0,0,10.5,Low,Low,1 failed authentication events; 1 lateral-movement alerts
EMP11285,azad.joshi75,Finance,Engineer,Active,0,1,6.0,1.0,1,2.0,74.0,83.0,1.0,3.0,3.0,0.0,0.0,0.0,1.0,0.0,0.0,0.0,1.0,1.0,0.0,1.0,,0,0,0,False,2.5,4.0,0.0,11.0,0.0,0,17.5,Low,Low,1 failed authentication events; 2 high-risk IAM events; 1 malware alerts; 1 security-tampering alerts
EMP11286,quincy.saran73,R&D,Officer,Active,1,1,4.0,2.0,1,2.0,67.67,92.0,1.0,2.0,7.0,1.0,0.0,1.0,4.0,0.0,0.0,4.0,1.0,0.0,0.0,2.0,,0,0,0,False,3.5,4.0,5.0,20.0,2.0,0,34.5,Medium,Medium,2 failed authentication events; 2 high-risk IAM events; 4 malware alerts; 4 PowerShell alerts; 1 security-tampering alerts; 1 critical endpoint alerts; 1 unresolved critical alerts
EMP11287,zansi.boase65,Operations,Trainee,Active,1,1,6.0,3.0,2,1.0,61.67,93.0,1.0,3.0,2.0,0.0,0.0,0.0,1.0,1.0,0.0,0.0,1.0,0.0,0.0,1.0,,0,0,0,False,6.0,2.0,0.0,16.0,0.0,5,29.0,Medium,Medium,3 failed authentication events; 1 high-risk IAM events; 1 malware alerts; 1 credential-access alerts; 1 security-tampering alerts
EMP11288,urvashi.rege4,Compliance,Manager,Inactive,1,1,5.0,0.0,0,3.0,77.5,99.0,1.0,5.0,2.0,1.0,0.0,1.0,1.0,0.0,1.0,0.0,0.0,0.0,0.0,1.0,2025-03-28 02:09:19,4,2,6,True,0.0,6.0,5.0,12.0,12.0,5,40.0,Medium,Medium,3 high-risk IAM events; 1 malware alerts; 1 lateral-movement alerts; 1 critical endpoint alerts; 6 events after identity termination; 1 unresolved critical alerts
EMP11289,alka.mody73,Brand,Analyst,Active,1,1,8.0,4.0,5,1.0,47.8,76.0,1.0,5.0,5.0,0.0,1.0,0.0,2.0,2.0,0.0,1.0,0.0,0.0,0.0,1.0,,0,0,0,False,11.5,2.0,2.0,23.0,0.0,10,48.5,Medium,Medium,"elevated authentication risk (4 failed auth, 5 MFA failures); 1 high-risk IAM events; 2 malware alerts; 2 credential-access alerts; 1 PowerShell alerts"
EMP11290,ati.patla67,Innovation,Analyst,Disabled,0,1,4.0,4.0,3,1.0,50.5,73.0,1.0,0.0,4.0,1.0,1.0,1.0,3.0,1.0,0.0,0.0,0.0,0.0,0.0,1.0,2025-09-25 18:12:39,3,4,7,True,8.5,2.0,7.0,18.0,12.0,10,57.5,High,High,"elevated authentication risk (4 failed auth, 3 MFA failures); 1 high-risk IAM events; 3 malware alerts; 1 credential-access alerts; 1 critical endpoint alerts; 7 events after identity termination; 1 unresolved critical alerts"
EMP11291,gayathri.cherian73,Innovation,Consultant,Active,1,1,4.0,1.0,1,1.0,38.25,87.0,1.0,3.0,2.0,0.0,0.0,0.0,1.0,0.0,0.0,0.0,0.0,1.0,0.0,1.0,,0,0,0,False,2.5,2.0,0.0,7.0,0.0,0,11.5,Low,Low,1 failed authentication events; 1 high-risk IAM events; 1 malware alerts
EMP11292,harsh.sem7,Sales,Officer,Active,1,1,4.0,2.0,3,0.0,18.25,36.0,1.0,2.0,2.0,0.0,1.0,0.0,1.0,1.0,0.0,0.0,0.0,0.0,0.0,1.0,,0,0,0,False,6.5,0.0,2.0,12.0,0.0,5,25.5,Medium,Medium,2 failed authentication events; 1 malware alerts; 1 credential-access alerts
EMP11293,upasna.gade39,Marketing,Analyst,Active,1,1,5.0,2.0,2,1.0,58.5,100.0,1.0,2.0,2.0,0.0,0.0,0.0,0.0,0.0,1.0,1.0,0.0,0.0,0.0,1.0,,0,0,0,False,5.0,2.0,0.0,9.0,0.0,0,16.0,Low,Low,2 failed authentication events; 1 high-risk IAM events; 1 lateral-movement alerts; 1 PowerShell alerts
EMP11294,forum.gala78,Human Resources,Officer,Active,1,1,5.0,1.0,2,0.0,31.0,31.0,1.0,1.0,3.0,0.0,0.0,0.0,3.0,0.0,0.0,1.0,1.0,0.0,0.0,1.0,,0,0,0,False,4.0,0.0,0.0,19.0,0.0,0,23.0,Low,Low,1 failed authentication events; 3 malware alerts; 1 PowerShell alerts; 1 security-tampering alerts
EMP11295,utkarsh.bakshi57,Legal,Analyst,Active,1,1,3.0,1.0,1,0.0,2.0,2.0,1.0,3.0,4.0,1.0,0.0,1.0,1.0,0.0,0.0,2.0,1.0,1.0,0.0,2.0,,0,0,0,False,2.5,0.0,5.0,15.0,2.0,0,24.5,Medium,Medium,1 failed authentication events; 1 malware alerts; 2 PowerShell alerts; 1 security-tampering alerts; 1 critical endpoint alerts; 1 unresolved critical alerts
EMP11296,upma.warrior70,Marketing,Specialist,Active,0,1,7.0,2.0,0,1.0,60.8,81.0,1.0,3.0,2.0,0.0,0.0,0.0,1.0,0.0,0.0,0.0,0.0,0.0,0.0,1.0,,0,0,0,False,2.0,2.0,0.0,6.0,0.0,0,10.0,Low,Low,2 failed authentication events; 1 high-risk IAM events; 1 malware alerts
EMP11297,zansi.sodhi24,Finance,Engineer,Active,1,0,6.0,3.0,3,1.0,53.25,95.0,1.0,3.0,2.0,0.0,1.0,0.0,2.0,0.0,0.0,2.0,1.0,0.0,0.0,2.0,,0,0,0,False,7.5,2.0,2.0,20.0,0.0,0,31.5,Medium,Medium,3 failed authentication events; 1 high-risk IAM events; 2 malware alerts; 2 PowerShell alerts; 1 security-tampering alerts
EMP11298,harrison.varughese13,Procurement,Trainee,Active,1,1,70.0,15.0,27,21.0,51.0,97.0,1.0,49.0,3.0,0.0,0.0,0.0,3.0,0.0,0.0,0.0,0.0,0.0,0.0,1.0,,0,0,0,False,20.0,20.0,0.0,12.0,0.0,8,60.0,High,High,"elevated authentication risk (15 failed auth, 27 MFA failures); 21 high-risk IAM events; 3 malware alerts"
EMP11299,ojasvi_vohra60,Compliance,Director,Active,1,1,11.0,2.0,2,6.0,65.0,100.0,1.0,7.0,3.0,0.0,1.0,0.0,0.0,1.0,0.0,1.0,0.0,1.0,1.0,1.0,,0,0,0,False,5.0,12.0,2.0,10.0,0.0,0,29.0,Medium,Medium,2 failed authentication events; 6 high-risk IAM events; 1 credential-access alerts; 1 PowerShell alerts
EMP11300,,IT,Specialist,On Leave,1,0,8.0,4.0,5,2.0,51.0,94.0,1.0,5.0,6.0,1.0,0.0,0.0,3.0,0.0,0.0,0.0,0.0,0.0,0.0,2.0,,0,0,0,False,11.5,4.0,5.0,12.0,0.0,5,37.5,Medium,Medium,"elevated authentication risk (4 failed auth, 5 MFA failures); 2 high-risk IAM events; 3 malware alerts; 1 critical endpoint alerts"
EMP11301,kabir.tandon59,Brand,Analyst,Disabled,1,0,4.0,3.0,3,3.0,83.33,90.0,1.0,2.0,3.0,0.0,1.0,0.0,2.0,1.0,0.0,1.0,1.0,0.0,0.0,1.0,2026-07-07 01:13:27,4,3,7,True,7.5,6.0,2.0,25.0,10.0,8,58.5,High,High,3 failed authentication events; 3 high-risk IAM events; 2 malware alerts; 1 credential-access alerts; 1 PowerShell alerts; 1 security-tampering alerts; 7 events after identity termination
EMP11302,,Finance,Consultant,Active,1,0,3.0,1.0,1,0.0,34.33,48.0,1.0,3.0,4.0,1.0,0.0,1.0,1.0,1.0,0.0,1.0,0.0,1.0,0.0,2.0,,0,0,0,False,2.5,0.0,5.0,16.0,2.0,5,30.5,Medium,Medium,1 failed authentication events; 1 malware alerts; 1 credential-access alerts; 1 PowerShell alerts; 1 critical endpoint alerts; 1 unresolved critical alerts
EMP11303,vaishnavi.khanna18,Brand,Administrator,Active,1,0,0.0,0.0,0,0.0,0.0,0.0,0.0,0.0,2.0,0.0,1.0,0.0,0.0,0.0,0.0,0.0,0.0,0.0,0.0,1.0,,0,0,0,False,0.0,0.0,2.0,0.0,0.0,0,2.0,Low,Low,No high-priority risk drivers
EMP11304,amruta.parsa74,Customer Support,Officer,Active,1,0,6.0,3.0,2,2.0,46.4,81.0,1.0,3.0,2.0,0.0,1.0,0.0,2.0,0.0,0.0,1.0,0.0,0.0,0.0,1.0,,0,0,0,False,6.0,4.0,2.0,15.0,0.0,0,27.0,Medium,Medium,3 failed authentication events; 2 high-risk IAM events; 2 malware alerts; 1 PowerShell alerts
EMP11305,aahana.shanker52,People,Analyst,Active,1,1,7.0,2.0,2,1.0,40.4,94.0,1.0,4.0,2.0,0.0,0.0,0.0,1.0,1.0,0.0,0.0,0.0,0.0,0.0,1.0,,0,0,0,False,5.0,2.0,0.0,12.0,0.0,5,24.0,Low,Low,2 failed authentication events; 1 high-risk IAM events; 1 malware alerts; 1 credential-access alerts
EMP11306,,Operations,Engineer,Active,1,1,3.0,1.0,2,0.0,34.0,53.0,1.0,2.0,3.0,0.0,0.0,0.0,0.0,0.0,0.0,1.0,1.0,0.0,0.0,1.0,,0,0,0,False,4.0,0.0,0.0,7.0,0.0,0,11.0,Low,Low,1 failed authentication events; 1 PowerShell alerts; 1 security-tampering alerts
EMP11307,ethan.narasimhan97,Legal,Manager,Active,1,1,8.0,3.0,3,1.0,33.0,86.0,1.0,3.0,2.0,0.0,1.0,0.0,0.0,0.0,1.0,0.0,0.0,0.0,0.0,1.0,,0,0,0,False,7.5,2.0,2.0,6.0,0.0,0,17.5,Low,Low,3 failed authentication events; 1 high-risk IAM events; 1 lateral-movement alerts
EMP11308,,Procurement,Analyst,Active,1,1,4.0,2.0,2,1.0,36.33,80.0,1.0,2.0,2.0,0.0,1.0,0.0,1.0,0.0,0.0,0.0,0.0,0.0,0.0,1.0,,0,0,0,False,5.0,2.0,2.0,6.0,0.0,0,15.0,Low,Low,2 failed authentication events; 1 high-risk IAM events; 1 malware alerts
EMP11309,sachi.venkatesh74,Customer Support,Engineer,Active,1,1,3.0,1.0,2,1.0,51.5,99.0,1.0,3.0,0.0,0.0,0.0,0.0,0.0,0.0,0.0,0.0,0.0,0.0,0.0,0.0,,0,0,0,False,4.0,2.0,0.0,0.0,0.0,0,6.0,Low,Low,1 failed authentication events; 1 high-risk IAM events
EMP11310,ganga.joshi21,Legal,Officer,Active,1,1,6.0,1.0,1,2.0,56.6,96.0,1.0,4.0,2.0,0.0,0.0,0.0,0.0,0.0,1.0,0.0,1.0,1.0,1.0,1.0,,0,0,0,False,2.5,4.0,0.0,11.0,0.0,0,17.5,Low,Low,1 failed authentication events; 2 high-risk IAM events; 1 lateral-movement alerts; 1 security-tampering alerts
EMP11311,balvan.jani13,Sales,Analyst,Active,1,0,2.0,1.0,1,2.0,85.5,93.0,1.0,2.0,2.0,0.0,0.0,0.0,1.0,0.0,1.0,0.0,1.0,0.0,0.0,1.0,,0,0,0,False,2.5,4.0,0.0,16.0,0.0,5,27.5,Medium,Medium,1 failed authentication events; 2 high-risk IAM events; 1 malware alerts; 1 lateral-movement alerts; 1 security-tampering alerts
EMP11312,lekha.raman10,Operations,Executive,Active,1,1,3.0,1.0,1,1.0,81.5,100.0,1.0,2.0,3.0,0.0,0.0,0.0,2.0,0.0,0.0,0.0,0.0,0.0,0.0,1.0,,0,0,0,False,2.5,2.0,0.0,12.0,0.0,0,16.5,Low,Low,1 failed authentication events; 1 high-risk IAM events; 2 malware alerts
EMP11313,gautami.sodhi74,R&D,Officer,Inactive,1,1,8.0,2.0,5,2.0,56.8,99.0,1.0,2.0,3.0,1.0,0.0,1.0,1.0,0.0,0.0,1.0,0.0,1.0,0.0,1.0,2024-11-26 21:42:57,6,3,9,True,9.5,4.0,5.0,10.0,12.0,5,45.5,Medium,Medium,"elevated authentication risk (2 failed auth, 5 MFA failures); 2 high-risk IAM events; 1 malware alerts; 1 PowerShell alerts; 1 critical endpoint alerts; 9 events after identity termination; 1 unresolved critical alerts"
EMP11314,amaira.sengupta10,Procurement,Manager,Active,1,1,5.0,1.0,4,0.0,46.0,59.0,1.0,2.0,1.0,0.0,0.0,0.0,0.0,0.0,0.0,0.0,0.0,0.0,0.0,1.0,,0,0,0,False,7.0,0.0,0.0,0.0,0.0,0,7.0,Low,Low,1 failed authentication events
EMP11315,yash.choudhary70,Operations,Analyst,Active,1,1,5.0,3.0,1,0.0,36.5,59.0,1.0,3.0,2.0,1.0,0.0,1.0,1.0,0.0,0.0,1.0,1.0,0.0,0.0,2.0,,0,0,0,False,4.5,0.0,5.0,13.0,2.0,0,24.5,Medium,Medium,3 failed authentication events; 1 malware alerts; 1 PowerShell alerts; 1 security-tampering alerts; 1 critical endpoint alerts; 1 unresolved critical alerts
EMP11316,dalaja.sankar21,Brand,Manager,Disabled,1,0,6.0,1.0,3,2.0,55.0,87.0,1.0,3.0,4.0,0.0,1.0,0.0,1.0,0.0,1.0,1.0,0.0,2.0,0.0,1.0,2026-01-18 03:53:59,6,4,10,True,5.5,4.0,2.0,17.0,10.0,5,43.5,Medium,Medium,1 failed authentication events; 2 high-risk IAM events; 1 malware alerts; 1 lateral-movement alerts; 1 PowerShell alerts; 10 events after identity termination
EMP11317,ganga.goswami90,Human Resources,Specialist,Active,1,1,7.0,4.0,3,1.0,32.6,95.0,1.0,5.0,1.0,0.0,0.0,0.0,1.0,0.0,0.0,0.0,0.0,0.0,0.0,1.0,,0,0,0,False,8.5,2.0,0.0,6.0,0.0,5,21.5,Low,Low,"elevated authentication risk (4 failed auth, 3 MFA failures); 1 high-risk IAM events; 1 malware alerts"
EMP11318,kritika.nori43,IT,Executive,Inactive,1,1,6.0,1.0,1,3.0,86.5,98.0,1.0,4.0,3.0,0.0,0.0,0.0,0.0,1.0,2.0,0.0,0.0,0.0,0.0,1.0,,0,0,0,False,2.5,6.0,0.0,14.0,0.0,0,22.5,Low,Low,1 failed authentication events; 3 high-risk IAM events; 1 credential-access alerts; 2 lateral-movement alerts
EMP11319,yuvraj.ram10,Supply Chain,Specialist,On Leave,1,1,5.0,2.0,1,1.0,62.75,76.0,1.0,3.0,1.0,0.0,0.0,0.0,0.0,0.0,0.0,0.0,0.0,1.0,0.0,1.0,,0,0,0,False,3.5,2.0,0.0,1.0,0.0,0,6.5,Low,Low,2 failed authentication events; 1 high-risk IAM events
EMP11320,qasim.munshi11,Customer Support,Trainee,Active,1,0,7.0,3.0,5,3.0,69.33,98.0,1.0,2.0,1.0,0.0,1.0,0.0,1.0,0.0,0.0,0.0,0.0,0.0,0.0,1.0,,0,0,0,False,10.5,6.0,2.0,6.0,0.0,8,32.5,Medium,Medium,"elevated authentication risk (3 failed auth, 5 MFA failures); 3 high-risk IAM events; 1 malware alerts"
EMP11321,arin.rattan45,Legal,Trainee,Inactive,1,1,6.0,0.0,1,2.0,41.0,85.0,1.0,3.0,2.0,0.0,1.0,0.0,1.0,0.0,1.0,0.0,0.0,0.0,0.0,1.0,2021-11-22 08:53:52,6,2,8,True,1.5,4.0,2.0,12.0,10.0,5,34.5,Medium,Medium,2 high-risk IAM events; 1 malware alerts; 1 lateral-movement alerts; 8 events after identity termination
EMP11322,agastya.subramanian49,IT,Officer,Active,1,1,4.0,1.0,1,0.0,35.5,66.0,1.0,1.0,5.0,1.0,1.0,0.0,1.0,0.0,0.0,1.0,0.0,2.0,0.0,2.0,,0,0,0,False,2.5,0.0,7.0,11.0,0.0,0,20.5,Low,Low,1 failed authentication events; 1 malware alerts; 1 PowerShell alerts; 1 critical endpoint alerts
EMP11323,frederick.shetty55,Customer Support,Executive,Inactive,1,1,8.0,5.0,4,2.0,51.2,83.0,1.0,3.0,2.0,0.0,1.0,0.0,0.0,0.0,0.0,1.0,1.0,1.0,1.0,2.0,2024-08-02 10:59:48,8,2,10,True,11.0,4.0,2.0,8.0,10.0,5,40.0,Medium,Medium,"elevated authentication risk (5 failed auth, 4 MFA failures); 2 high-risk IAM events; 1 PowerShell alerts; 1 security-tampering alerts; 10 events after identity termination"
EMP11324,yash.rattan31,Sales,Manager,Active,1,1,4.0,2.0,2,1.0,48.0,80.0,1.0,3.0,2.0,1.0,0.0,1.0,1.0,0.0,0.0,0.0,0.0,1.0,0.0,1.0,,0,0,0,False,5.0,2.0,5.0,7.0,2.0,0,21.0,Low,Low,2 failed authentication events; 1 high-risk IAM events; 1 malware alerts; 1 critical endpoint alerts; 1 unresolved critical alerts
EMP11325,vaishnavi.barad69,Procurement,Analyst,Disabled,1,1,3.0,1.0,2,1.0,61.0,74.0,1.0,2.0,3.0,0.0,1.0,0.0,1.0,0.0,0.0,1.0,0.0,1.0,0.0,1.0,2024-05-19 13:40:40,3,3,6,True,4.0,2.0,2.0,10.0,10.0,0,28.0,Medium,Medium,1 failed authentication events; 1 high-risk IAM events; 1 malware alerts; 1 PowerShell alerts; 6 events after identity termination
EMP11326,aarini.rajan41,Operations,Specialist,Active,1,1,5.0,1.0,3,1.0,41.0,95.0,1.0,4.0,2.0,1.0,1.0,1.0,1.0,0.0,1.0,0.0,0.0,0.0,0.0,1.0,,0,0,0,False,5.5,2.0,7.0,12.0,2.0,5,33.5,Medium,Medium,1 failed authentication events; 1 high-risk IAM events; 1 malware alerts; 1 lateral-movement alerts; 1 critical endpoint alerts; 1 unresolved critical alerts
EMP11327,zayyan.naidu85,Human Resources,Manager,Active,1,1,6.0,2.0,1,3.0,75.5,90.0,1.0,4.0,3.0,0.0,1.0,0.0,1.0,1.0,0.0,1.0,1.0,0.0,0.0,2.0,,0,0,0,False,3.5,6.0,2.0,19.0,0.0,5,35.5,Medium,Medium,2 failed authentication events; 3 high-risk IAM events; 1 malware alerts; 1 credential-access alerts; 1 PowerShell alerts; 1 security-tampering alerts
EMP11328,krish.gill29,Innovation,Administrator,Inactive,1,0,10.0,3.0,4,1.0,41.6,92.0,1.0,8.0,4.0,0.0,1.0,0.0,2.0,0.0,0.0,0.0,1.0,2.0,0.0,2.0,,0,0,0,False,9.0,2.0,2.0,18.0,0.0,5,36.0,Medium,Medium,"elevated authentication risk (3 failed auth, 4 MFA failures); 1 high-risk IAM events; 2 malware alerts; 1 security-tampering alerts"
EMP11329,udarsh.bali65,Human Resources,Analyst,Active,1,1,6.0,1.0,1,1.0,54.33,86.0,1.0,4.0,2.0,0.0,0.0,0.0,0.0,1.0,0.0,0.0,1.0,1.0,0.0,1.0,,0,0,0,False,2.5,2.0,0.0,11.0,0.0,0,15.5,Low,Low,1 failed authentication events; 1 high-risk IAM events; 1 credential-access alerts; 1 security-tampering alerts
EMP11330,vyanjana.chawla67,Sales,Administrator,Active,1,0,10.0,4.0,3,2.0,51.0,100.0,1.0,6.0,3.0,0.0,1.0,0.0,1.0,1.0,0.0,0.0,0.0,1.0,0.0,2.0,,0,0,0,False,8.5,4.0,2.0,13.0,0.0,10,37.5,Medium,Medium,"elevated authentication risk (4 failed auth, 3 MFA failures); 2 high-risk IAM events; 1 malware alerts; 1 credential-access alerts"
EMP11331,harshil_seshadri19,IT,Engineer,Active,1,1,1.0,0.0,0,0.0,0.0,0.0,1.0,1.0,3.0,0.0,1.0,0.0,0.0,0.0,3.0,0.0,0.0,0.0,0.0,1.0,,0,0,0,False,0.0,0.0,2.0,8.0,0.0,0,10.0,Low,Low,3 lateral-movement alerts
EMP11332,shivansh.parmer5,Marketing,Administrator,Disabled,1,1,2.0,0.0,1,1.0,83.0,83.0,1.0,1.0,3.0,1.0,0.0,1.0,1.0,0.0,0.0,1.0,0.0,0.0,0.0,1.0,2025-11-26 00:00:00,1,3,4,True,1.5,2.0,5.0,9.0,12.0,0,29.5,Medium,Medium,1 high-risk IAM events; 1 malware alerts; 1 PowerShell alerts; 1 critical endpoint alerts; 4 events after identity termination; 1 unresolved critical alerts
EMP11333,meera.sule49,Legal,Trainee,Active,0,1,6.0,3.0,2,3.0,67.0,93.0,1.0,2.0,2.0,0.0,1.0,0.0,1.0,0.0,0.0,0.0,0.0,1.0,0.0,1.0,,0,0,0,False,6.0,6.0,2.0,7.0,0.0,0,21.0,Low,Low,3 failed authentication events; 3 high-risk IAM events; 1 malware alerts
EMP11334,varsha.ramanathan85,Marketing,Analyst,Inactive,1,1,1.0,0.0,1,0.0,36.0,36.0,1.0,1.0,2.0,0.0,0.0,0.0,0.0,0.0,1.0,2.0,0.0,0.0,0.0,1.0,,0,0,0,False,1.5,0.0,0.0,10.0,0.0,0,11.5,Low,Low,1 lateral-movement alerts; 2 PowerShell alerts
EMP11335,warda.ghose34,Procurement,Engineer,Active,1,1,6.0,3.0,2,0.0,24.33,37.0,1.0,3.0,6.0,0.0,0.0,0.0,1.0,1.0,2.0,1.0,1.0,1.0,0.0,1.0,,0,0,0,False,6.0,0.0,0.0,28.0,0.0,10,44.0,Medium,Medium,3 failed authentication events; 1 malware alerts; 1 credential-access alerts; 2 lateral-movement alerts; 1 PowerShell alerts; 1 security-tampering alerts
EMP11336,darpan.batra94,IT,Manager,Active,1,1,3.0,1.0,2,0.0,13.33,21.0,1.0,1.0,6.0,0.0,2.0,0.0,2.0,1.0,0.0,1.0,0.0,0.0,0.0,1.0,,0,0,0,False,4.0,0.0,4.0,21.0,0.0,5,34.0,Medium,Medium,1 failed authentication events; 2 malware alerts; 1 credential-access alerts; 1 PowerShell alerts
EMP11337,siddharth.brahmbhatt93,Supply Chain,Officer,Active,1,0,8.0,4.0,4,2.0,36.67,91.0,1.0,6.0,4.0,1.0,0.0,1.0,2.0,0.0,1.0,1.0,0.0,0.0,1.0,1.0,,0,0,0,False,10.0,4.0,5.0,21.0,2.0,10,52.0,High,High,"elevated authentication risk (4 failed auth, 4 MFA failures); 2 high-risk IAM events; 2 malware alerts; 1 lateral-movement alerts; 1 PowerShell alerts; 1 critical endpoint alerts; 1 unresolved critical alerts"
EMP11338,vansha_virk36,Marketing,Manager,Active,1,0,0.0,0.0,0,0.0,0.0,0.0,0.0,0.0,4.0,0.0,3.0,0.0,2.0,1.0,1.0,0.0,0.0,0.0,0.0,2.0,,0,0,0,False,0.0,0.0,5.0,24.0,0.0,10,39.0,Medium,Medium,2 malware alerts; 1 credential-access alerts; 1 lateral-movement alerts
EMP11339,mitesh.koshy47,Marketing,Administrator,Active,1,1,6.0,0.0,2,3.0,61.2,91.0,1.0,6.0,3.0,0.0,2.0,0.0,0.0,1.0,1.0,1.0,0.0,1.0,0.0,2.0,,0,0,0,False,3.0,6.0,4.0,16.0,0.0,0,29.0,Medium,Medium,3 high-risk IAM events; 1 credential-access alerts; 1 lateral-movement alerts; 1 PowerShell alerts
EMP11340,ranbir.tak34,Finance,Trainee,Active,1,1,5.0,0.0,1,1.0,44.2,88.0,1.0,4.0,0.0,0.0,0.0,0.0,0.0,0.0,0.0,0.0,0.0,0.0,0.0,0.0,,0,0,0,False,1.5,2.0,0.0,0.0,0.0,0,3.5,Low,Low,1 high-risk IAM events
EMP11341,chaman.andra62,Customer Support,Engineer,Inactive,1,1,3.0,2.0,1,1.0,42.0,74.0,1.0,2.0,1.0,0.0,0.0,0.0,0.0,0.0,0.0,1.0,0.0,0.0,0.0,1.0,,0,0,0,False,3.5,2.0,0.0,3.0,0.0,0,8.5,Low,Low,2 failed authentication events; 1 high-risk IAM events; 1 PowerShell alerts
EMP11342,devansh.hora57,Finance,Administrator,Inactive,1,0,5.0,3.0,4,0.0,34.5,53.0,1.0,1.0,3.0,0.0,2.0,0.0,1.0,0.0,0.0,1.0,0.0,0.0,0.0,1.0,2022-07-26 09:42:34,4,2,6,True,9.0,0.0,4.0,9.0,10.0,5,37.0,Medium,Medium,"elevated authentication risk (3 failed auth, 4 MFA failures); 1 malware alerts; 1 PowerShell alerts; 6 events after identity termination"
EMP11343,sanaya.dara84,IT,Engineer,Active,1,1,8.0,3.0,4,3.0,62.43,95.0,1.0,5.0,0.0,0.0,0.0,0.0,0.0,0.0,0.0,0.0,0.0,0.0,0.0,0.0,,0,0,0,False,9.0,6.0,0.0,0.0,0.0,3,18.0,Low,Low,"elevated authentication risk (3 failed auth, 4 MFA failures); 3 high-risk IAM events"
EMP11344,zayyan.krishnan75,Operations,Analyst,Active,1,1,7.0,4.0,2,1.0,49.0,89.0,1.0,0.0,2.0,0.0,1.0,0.0,0.0,0.0,0.0,1.0,0.0,0.0,0.0,1.0,,0,0,0,False,7.0,2.0,2.0,3.0,0.0,0,14.0,Low,Low,4 failed authentication events; 1 high-risk IAM events; 1 PowerShell alerts
EMP11345,lipika.gupta33,IT,Consultant,Active,1,0,4.0,2.0,3,1.0,39.0,81.0,1.0,2.0,2.0,0.0,1.0,0.0,1.0,0.0,0.0,1.0,0.0,0.0,0.0,1.0,,0,0,0,False,6.5,2.0,2.0,9.0,0.0,0,19.5,Low,Low,2 failed authentication events; 1 high-risk IAM events; 1 malware alerts; 1 PowerShell alerts
EMP11346,anirudh.ahuja57,Human Resources,Officer,Active,1,1,1.0,0.0,0,0.0,0.0,0.0,1.0,1.0,6.0,0.0,2.0,0.0,1.0,2.0,2.0,2.0,0.0,0.0,0.0,1.0,,0,0,0,False,0.0,0.0,4.0,26.0,0.0,10,40.0,Medium,Medium,1 malware alerts; 2 credential-access alerts; 2 lateral-movement alerts; 2 PowerShell alerts
EMP11347,shravya.chopra88,Legal,Manager,Active,1,1,7.0,1.0,1,1.0,56.0,87.0,1.0,3.0,3.0,1.0,1.0,0.0,1.0,0.0,2.0,0.0,0.0,0.0,0.0,1.0,,0,0,0,False,2.5,2.0,7.0,14.0,0.0,5,30.5,Medium,Medium,1 failed authentication events; 1 high-risk IAM events; 1 malware alerts; 2 lateral-movement alerts; 1 critical endpoint alerts
EMP11348,amaira.karpe43,Legal,Consultant,Active,1,1,6.0,3.0,3,0.0,60.25,68.0,1.0,3.0,2.0,0.0,1.0,0.0,1.0,0.0,0.0,0.0,0.0,0.0,0.0,1.0,,0,0,0,False,7.5,0.0,2.0,6.0,0.0,0,15.5,Low,Low,3 failed authentication events; 1 malware alerts
EMP11349,widisha.basak76,IT,Manager,Active,1,0,6.0,1.0,2,1.0,41.0,92.0,1.0,4.0,1.0,1.0,0.0,1.0,0.0,1.0,0.0,0.0,0.0,0.0,0.0,1.0,,0,0,0,False,4.0,2.0,5.0,6.0,2.0,0,19.0,Low,Low,1 failed authentication events; 1 high-risk IAM events; 1 credential-access alerts; 1 critical endpoint alerts; 1 unresolved critical alerts
EMP11350,utkarsh.nadig92,Operations,Engineer,Active,1,1,4.0,1.0,1,0.0,37.0,53.0,1.0,2.0,2.0,0.0,0.0,0.0,1.0,0.0,0.0,0.0,0.0,0.0,0.0,1.0,,0,0,0,False,2.5,0.0,0.0,6.0,0.0,0,8.5,Low,Low,1 failed authentication events; 1 malware alerts
EMP11351,raksha.de11,People,Engineer,Active,1,1,2.0,0.0,1,0.0,49.0,68.0,1.0,2.0,3.0,0.0,0.0,0.0,1.0,0.0,1.0,0.0,0.0,0.0,0.0,1.0,,0,0,0,False,1.5,0.0,0.0,12.0,0.0,5,18.5,Low,Low,1 malware alerts; 1 lateral-movement alerts
EMP11352,umang.chaudry16,Customer Support,Analyst,Active,1,1,6.0,3.0,4,2.0,51.0,90.0,1.0,3.0,4.0,0.0,3.0,0.0,2.0,0.0,0.0,2.0,0.0,0.0,0.0,1.0,,0,0,0,False,9.0,4.0,5.0,16.0,0.0,5,39.0,Medium,Medium,"elevated authentication risk (3 failed auth, 4 MFA failures); 2 high-risk IAM events; 2 malware alerts; 2 PowerShell alerts"
EMP11353,anamika.morar74,Marketing,Engineer,Active,1,1,5.0,1.0,2,2.0,56.6,77.0,1.0,4.0,6.0,1.0,2.0,0.0,4.0,0.0,1.0,0.0,0.0,1.0,0.0,2.0,,0,0,0,False,4.0,4.0,9.0,19.0,0.0,5,41.0,Medium,Medium,1 failed authentication events; 2 high-risk IAM events; 4 malware alerts; 1 lateral-movement alerts; 1 critical endpoint alerts
EMP11354,vedika.de89,Sales,Trainee,Active,0,1,7.0,2.0,2,2.0,43.71,85.0,1.0,3.0,2.0,0.0,0.0,0.0,1.0,0.0,0.0,0.0,0.0,0.0,0.0,1.0,,0,0,0,False,5.0,4.0,0.0,6.0,0.0,0,15.0,Low,Low,2 failed authentication events; 2 high-risk IAM events; 1 malware alerts
EMP11355,finn.bahl84,R&D,Specialist,Active,1,1,3.0,0.0,2,0.0,6.0,8.0,1.0,2.0,3.0,0.0,2.0,0.0,1.0,0.0,1.0,0.0,0.0,0.0,0.0,1.0,,0,0,0,False,3.0,0.0,4.0,12.0,0.0,5,24.0,Low,Low,1 malware alerts; 1 lateral-movement alerts
EMP11356,jeet.tara32,Legal,Specialist,Active,1,0,4.0,2.0,3,1.0,45.67,75.0,1.0,2.0,0.0,0.0,0.0,0.0,0.0,0.0,0.0,0.0,0.0,0.0,0.0,0.0,,0,0,0,False,6.5,2.0,0.0,0.0,0.0,0,8.5,Low,Low,2 failed authentication events; 1 high-risk IAM events
EMP11357,nandini.buch11,Compliance,Director,Active,1,0,10.0,3.0,5,1.0,41.2,84.0,1.0,7.0,3.0,0.0,1.0,0.0,1.0,0.0,1.0,0.0,0.0,1.0,0.0,1.0,,0,0,0,False,10.5,2.0,2.0,13.0,0.0,10,37.5,Medium,Medium,"elevated authentication risk (3 failed auth, 5 MFA failures); 1 high-risk IAM events; 1 malware alerts; 1 lateral-movement alerts"
EMP11358,lavanya.pillai59,IT,Executive,Active,1,1,13.0,5.0,3,2.0,50.71,96.0,1.0,5.0,2.0,0.0,1.0,0.0,0.0,1.0,0.0,1.0,0.0,0.0,0.0,1.0,,0,0,0,False,9.5,4.0,2.0,9.0,0.0,5,29.5,Medium,Medium,"elevated authentication risk (5 failed auth, 3 MFA failures); 2 high-risk IAM events; 1 credential-access alerts; 1 PowerShell alerts"
EMP11359,gaurika.patla96,Human Resources,Executive,Active,1,1,71.0,17.0,22,17.0,54.3,100.0,1.0,42.0,3.0,0.0,0.0,0.0,1.0,0.0,0.0,0.0,0.0,2.0,0.0,1.0,,0,0,0,False,20.0,20.0,0.0,8.0,0.0,8,56.0,High,High,"elevated authentication risk (17 failed auth, 22 MFA failures); 17 high-risk IAM events; 1 malware alerts"
EMP11360,osha.dutta17,Customer Support,Officer,Active,1,1,62.0,12.0,23,18.0,54.96,100.0,1.0,43.0,2.0,0.0,0.0,0.0,1.0,0.0,0.0,0.0,0.0,1.0,0.0,1.0,,0,0,0,False,20.0,20.0,0.0,7.0,0.0,8,55.0,High,High,"elevated authentication risk (12 failed auth, 23 MFA failures); 18 high-risk IAM events; 1 malware alerts"
EMP11361,inaya.sridhar38,Human Resources,Consultant,Active,1,1,5.0,1.0,1,0.0,43.0,61.0,1.0,4.0,3.0,1.0,1.0,1.0,2.0,0.0,0.0,0.0,2.0,0.0,0.0,1.0,,0,0,0,False,2.5,0.0,7.0,17.0,2.0,0,28.5,Medium,Medium,1 failed authentication events; 2 malware alerts; 2 security-tampering alerts; 1 critical endpoint alerts; 1 unresolved critical alerts
EMP11362,meghana.jaggi6,Human Resources,Consultant,Active,1,1,5.0,2.0,1,0.0,29.25,43.0,1.0,4.0,2.0,0.0,0.0,0.0,1.0,0.0,0.0,0.0,0.0,0.0,0.0,2.0,,0,0,0,False,3.5,0.0,0.0,6.0,0.0,0,9.5,Low,Low,2 failed authentication events; 1 malware alerts
EMP11363,chatura.sankar90,Finance,Executive,Active,1,1,9.0,2.0,2,3.0,50.57,89.0,1.0,7.0,3.0,0.0,1.0,0.0,1.0,1.0,0.0,1.0,2.0,0.0,0.0,1.0,,0,0,0,False,5.0,6.0,2.0,20.0,0.0,5,38.0,Medium,Medium,2 failed authentication events; 3 high-risk IAM events; 1 malware alerts; 1 credential-access alerts; 1 PowerShell alerts; 2 security-tampering alerts
EMP11364,vrinda.ratta87,R&D,Director,Active,1,1,7.0,2.0,2,2.0,41.71,100.0,1.0,6.0,2.0,0.0,0.0,0.0,1.0,0.0,0.0,0.0,1.0,1.0,1.0,1.0,,0,0,0,False,5.0,4.0,0.0,11.0,0.0,0,20.0,Low,Low,2 failed authentication events; 2 high-risk IAM events; 1 malware alerts; 1 security-tampering alerts
EMP11365,osha.modi13,Sales,Administrator,Active,1,1,5.0,1.0,1,1.0,64.0,74.0,1.0,2.0,3.0,0.0,1.0,0.0,0.0,0.0,1.0,1.0,1.0,1.0,0.0,1.0,,0,0,0,False,2.5,2.0,2.0,14.0,0.0,0,20.5,Low,Low,1 failed authentication events; 1 high-risk IAM events; 1 lateral-movement alerts; 1 PowerShell alerts; 1 security-tampering alerts
EMP11366,jagat.mohanty55,Marketing,Consultant,Inactive,1,0,9.0,3.0,5,2.0,46.14,77.0,1.0,3.0,3.0,0.0,0.0,0.0,2.0,0.0,0.0,0.0,0.0,0.0,0.0,2.0,,0,0,0,False,10.5,4.0,0.0,12.0,0.0,5,31.5,Medium,Medium,"elevated authentication risk (3 failed auth, 5 MFA failures); 2 high-risk IAM events; 2 malware alerts"
EMP11367,unnati.sane95,Sales,Director,Inactive,1,1,8.0,3.0,7,2.0,49.33,98.0,1.0,5.0,4.0,1.0,0.0,0.0,1.0,2.0,1.0,1.0,1.0,0.0,0.0,1.0,2023-11-20 02:42:29,8,4,12,True,13.0,4.0,5.0,27.0,10.0,10,69.0,High,High,"elevated authentication risk (3 failed auth, 7 MFA failures); 2 high-risk IAM events; 1 malware alerts; 2 credential-access alerts; 1 lateral-movement alerts; 1 PowerShell alerts; 1 security-tampering alerts; 1 critical endpoint alerts; 12 events after identity termination"
EMP11368,hardik.sundaram36,R&D,Trainee,Inactive,1,0,4.0,0.0,1,2.0,63.67,80.0,1.0,3.0,2.0,1.0,0.0,0.0,1.0,0.0,1.0,0.0,0.0,0.0,0.0,1.0,,0,0,0,False,1.5,4.0,5.0,12.0,0.0,5,27.5,Medium,Medium,2 high-risk IAM events; 1 malware alerts; 1 lateral-movement alerts; 1 critical endpoint alerts
EMP11369,sachi.mishra30,Marketing,Executive,Disabled,1,1,5.0,4.0,3,0.0,58.0,67.0,1.0,2.0,2.0,0.0,0.0,0.0,1.0,1.0,0.0,0.0,0.0,0.0,0.0,1.0,2026-07-31 00:00:00,5,1,6,True,8.5,0.0,0.0,12.0,10.0,10,40.5,Medium,Medium,"elevated authentication risk (4 failed auth, 3 MFA failures); 1 malware alerts; 1 credential-access alerts; 6 events after identity termination"
EMP11370,eiravati.devi70,Customer Support,Engineer,Active,1,1,4.0,2.0,2,0.0,50.67,60.0,1.0,3.0,1.0,0.0,0.0,0.0,0.0,0.0,0.0,0.0,0.0,1.0,0.0,1.0,,0,0,0,False,5.0,0.0,0.0,1.0,0.0,0,6.0,Low,Low,2 failed authentication events
EMP11371,chanakya.sharaf74,Legal,Trainee,Active,1,1,6.0,0.0,1,1.0,50.5,73.0,1.0,4.0,4.0,0.0,2.0,0.0,1.0,1.0,1.0,0.0,0.0,0.0,0.0,1.0,,0,0,0,False,1.5,2.0,4.0,18.0,0.0,10,35.5,Medium,Medium,1 high-risk IAM events; 1 malware alerts; 1 credential-access alerts; 1 lateral-movement alerts
EMP11372,nikita.d’alia16,R&D,Director,Inactive,1,1,6.0,2.0,3,1.0,55.4,75.0,1.0,4.0,2.0,1.0,0.0,1.0,0.0,0.0,0.0,1.0,1.0,1.0,1.0,1.0,2023-05-11 23:03:31,6,2,8,True,6.5,2.0,5.0,8.0,12.0,0,33.5,Medium,Medium,2 failed authentication events; 1 high-risk IAM events; 1 PowerShell alerts; 1 security-tampering alerts; 1 critical endpoint alerts; 8 events after identity termination; 1 unresolved critical alerts
EMP11373,vanya.barman11,Sales,Manager,Active,1,1,3.0,1.0,1,2.0,84.0,88.0,1.0,2.0,2.0,0.0,1.0,0.0,1.0,1.0,0.0,0.0,0.0,0.0,0.0,1.0,,0,0,0,False,2.5,4.0,2.0,12.0,0.0,5,25.5,Medium,Medium,1 failed authentication events; 2 high-risk IAM events; 1 malware alerts; 1 credential-access alerts
EMP11374,vyanjana.ahuja87,Human Resources,Consultant,Inactive,1,1,8.0,4.0,2,1.0,49.0,92.0,1.0,5.0,8.0,1.0,2.0,1.0,3.0,1.0,1.0,0.0,1.0,1.0,0.0,1.0,2024-08-01 23:19:12,8,7,15,True,7.0,2.0,9.0,29.0,12.0,10,69.0,High,High,4 failed authentication events; 1 high-risk IAM events; 3 malware alerts; 1 credential-access alerts; 1 lateral-movement alerts; 1 security-tampering alerts; 1 critical endpoint alerts; 15 events after identity termination; 1 unresolved critical alerts
EMP11375,ijaya.sachar81,IT,Engineer,Inactive,0,1,8.0,5.0,1,1.0,50.67,93.0,1.0,4.0,5.0,0.0,0.0,0.0,3.0,0.0,1.0,0.0,1.0,1.0,0.0,1.0,2024-02-17 09:10:31,7,4,11,True,6.5,2.0,0.0,23.0,10.0,5,46.5,Medium,Medium,5 failed authentication events; 1 high-risk IAM events; 3 malware alerts; 1 lateral-movement alerts; 1 security-tampering alerts; 11 events after identity termination
EMP11376,matthew.dalal24,R&D,Administrator,Inactive,1,0,9.0,3.0,5,2.0,51.43,93.0,1.0,2.0,7.0,0.0,3.0,0.0,3.0,1.0,1.0,1.0,0.0,0.0,0.0,2.0,,0,0,0,False,10.5,4.0,5.0,27.0,0.0,10,56.5,High,High,"elevated authentication risk (3 failed auth, 5 MFA failures); 2 high-risk IAM events; 3 malware alerts; 1 credential-access alerts; 1 lateral-movement alerts; 1 PowerShell alerts"
EMP11377,yutika.sheth56,Human Resources,Trainee,Active,1,0,4.0,1.0,1,0.0,32.5,61.0,1.0,3.0,2.0,0.0,0.0,0.0,0.0,0.0,0.0,1.0,0.0,2.0,0.0,1.0,,0,0,0,False,2.5,0.0,0.0,5.0,0.0,0,7.5,Low,Low,1 failed authentication events; 1 PowerShell alerts
EMP11378,chasmum.sachdeva79,Compliance,Specialist,Active,1,1,9.0,0.0,0,0.0,32.88,69.0,1.0,9.0,3.0,0.0,0.0,0.0,1.0,0.0,2.0,0.0,1.0,0.0,0.0,1.0,,0,0,0,False,0.0,0.0,0.0,18.0,0.0,5,23.0,Low,Low,1 malware alerts; 2 lateral-movement alerts; 1 security-tampering alerts
EMP11379,victor.manne39,Sales,Administrator,Disabled,1,1,4.0,0.0,1,2.0,59.33,98.0,1.0,4.0,2.0,1.0,0.0,1.0,0.0,0.0,1.0,0.0,0.0,0.0,1.0,1.0,2025-08-24 17:13:04,4,2,6,True,1.5,4.0,5.0,6.0,12.0,0,28.5,Medium,Medium,2 high-risk IAM events; 1 lateral-movement alerts; 1 critical endpoint alerts; 6 events after identity termination; 1 unresolved critical alerts
EMP11380,chakrika.sehgal29,Human Resources,Administrator,Active,1,1,5.0,2.0,2,1.0,37.8,89.0,1.0,2.0,5.0,2.0,3.0,0.0,2.0,0.0,1.0,2.0,1.0,1.0,0.0,1.0,,0,0,0,False,5.0,2.0,15.0,27.0,0.0,5,54.0,High,High,2 failed authentication events; 1 high-risk IAM events; 2 malware alerts; 1 lateral-movement alerts; 2 PowerShell alerts; 1 security-tampering alerts; 2 critical endpoint alerts
EMP11381,jairaj_acharya41,Human Resources,Consultant,Active,1,1,8.0,3.0,4,3.0,68.43,98.0,1.0,4.0,4.0,0.0,0.0,0.0,1.0,0.0,0.0,2.0,1.0,0.0,0.0,1.0,,0,0,0,False,9.0,6.0,0.0,14.0,0.0,8,37.0,Medium,Medium,"elevated authentication risk (3 failed auth, 4 MFA failures); 3 high-risk IAM events; 1 malware alerts; 2 PowerShell alerts; 1 security-tampering alerts"
EMP11382,ishanvi.ravel63,Procurement,Director,Active,1,1,7.0,2.0,1,2.0,39.29,90.0,1.0,5.0,4.0,0.0,2.0,0.0,1.0,3.0,0.0,0.0,1.0,0.0,0.0,1.0,,0,0,0,False,3.5,4.0,4.0,18.0,0.0,5,34.5,Medium,Medium,2 failed authentication events; 2 high-risk IAM events; 1 malware alerts; 3 credential-access alerts; 1 security-tampering alerts
EMP11383,nilima.goda53,IT,Officer,Active,1,1,4.0,0.0,1,0.0,43.5,66.0,1.0,0.0,2.0,1.0,1.0,1.0,0.0,0.0,0.0,0.0,0.0,1.0,0.0,1.0,,0,0,0,False,1.5,0.0,7.0,1.0,2.0,0,11.5,Low,Low,1 critical endpoint alerts; 1 unresolved critical alerts
EMP11384,daniel_bains55,Compliance,Administrator,Active,1,1,3.0,2.0,2,0.0,27.5,32.0,1.0,1.0,1.0,0.0,1.0,0.0,0.0,1.0,0.0,0.0,0.0,0.0,0.0,1.0,,0,0,0,False,5.0,0.0,2.0,6.0,0.0,0,13.0,Low,Low,2 failed authentication events; 1 credential-access alerts
EMP11385,dalaja.bakshi40,R&D,Director,Active,1,1,3.0,0.0,0,0.0,29.5,30.0,1.0,3.0,5.0,1.0,1.0,1.0,1.0,1.0,1.0,0.0,1.0,1.0,1.0,1.0,,0,0,0,False,0.0,0.0,7.0,23.0,2.0,10,42.0,Medium,Medium,1 malware alerts; 1 credential-access alerts; 1 lateral-movement alerts; 1 security-tampering alerts; 1 critical endpoint alerts; 1 unresolved critical alerts
EMP11386,manthan.rajagopal79,Operations,Executive,On Leave,1,1,6.0,3.0,3,2.0,69.5,82.0,1.0,2.0,1.0,0.0,0.0,0.0,1.0,0.0,0.0,0.0,0.0,0.0,0.0,1.0,,0,0,0,False,7.5,4.0,0.0,6.0,0.0,0,17.5,Low,Low,3 failed authentication events; 2 high-risk IAM events; 1 malware alerts
EMP11387,ethan.shanker12,Operations,Consultant,Active,1,0,6.0,3.0,3,2.0,47.8,80.0,1.0,4.0,6.0,0.0,0.0,0.0,3.0,0.0,0.0,3.0,0.0,0.0,0.0,1.0,,0,0,0,False,7.5,4.0,0.0,16.0,0.0,0,27.5,Medium,Medium,3 failed authentication events; 2 high-risk IAM events; 3 malware alerts; 3 PowerShell alerts
EMP11388,victor.dani26,Finance,Officer,Active,1,0,4.0,0.0,2,1.0,40.33,86.0,1.0,2.0,3.0,0.0,2.0,0.0,1.0,0.0,0.0,2.0,0.0,0.0,0.0,2.0,,0,0,0,False,3.0,2.0,4.0,10.0,0.0,0,19.0,Low,Low,1 high-risk IAM events; 1 malware alerts; 2 PowerShell alerts
EMP11389,aadhya.uppal43,Legal,Engineer,Inactive,1,1,5.0,1.0,3,3.0,77.5,94.0,1.0,5.0,3.0,0.0,0.0,0.0,2.0,1.0,0.0,0.0,1.0,0.0,0.0,1.0,2024-10-14 00:45:00,4,2,6,True,5.5,6.0,0.0,22.0,10.0,8,51.5,High,High,1 failed authentication events; 3 high-risk IAM events; 2 malware alerts; 1 credential-access alerts; 1 security-tampering alerts; 6 events after identity termination
EMP11390,lakshmi_madan63,IT,Executive,Active,1,1,9.0,1.0,3,3.0,54.62,100.0,1.0,8.0,4.0,2.0,1.0,1.0,1.0,1.0,0.0,2.0,0.0,1.0,0.0,1.0,,0,0,0,False,5.5,6.0,12.0,17.0,2.0,8,50.5,High,High,1 failed authentication events; 3 high-risk IAM events; 1 malware alerts; 1 credential-access alerts; 2 PowerShell alerts; 2 critical endpoint alerts; 1 unresolved critical alerts
EMP11391,gunbir.dubey35,Human Resources,Director,Disabled,1,1,6.0,1.0,1,1.0,48.6,93.0,1.0,4.0,3.0,0.0,0.0,0.0,2.0,1.0,0.0,0.0,0.0,0.0,0.0,2.0,,0,0,0,False,2.5,2.0,0.0,18.0,0.0,5,27.5,Medium,Medium,1 failed authentication events; 1 high-risk IAM events; 2 malware alerts; 1 credential-access alerts
EMP11392,qadim.zacharia93,Compliance,Analyst,Active,1,1,4.0,0.0,2,0.0,42.33,58.0,1.0,0.0,3.0,0.0,1.0,0.0,1.0,0.0,2.0,0.0,0.0,0.0,0.0,1.0,,0,0,0,False,3.0,0.0,2.0,14.0,0.0,5,24.0,Low,Low,1 malware alerts; 2 lateral-movement alerts
EMP11393,rishi.iyengar51,Sales,Specialist,Active,1,1,6.0,1.0,2,1.0,61.4,73.0,1.0,3.0,4.0,0.0,1.0,0.0,3.0,0.0,0.0,0.0,0.0,1.0,0.0,1.0,,0,0,0,False,4.0,2.0,2.0,13.0,0.0,0,21.0,Low,Low,1 failed authentication events; 1 high-risk IAM events; 3 malware alerts
EMP11394,anamika.deshpande59,Sales,Manager,Active,1,1,5.0,1.0,3,2.0,73.0,89.0,1.0,1.0,2.0,0.0,0.0,0.0,1.0,0.0,1.0,0.0,0.0,0.0,0.0,1.0,,0,0,0,False,5.5,4.0,0.0,12.0,0.0,5,26.5,Medium,Medium,1 failed authentication events; 2 high-risk IAM events; 1 malware alerts; 1 lateral-movement alerts
EMP11395,tejas.sami53,Customer Support,Administrator,Active,1,1,1.0,0.0,0,1.0,81.0,81.0,1.0,1.0,1.0,0.0,0.0,0.0,1.0,0.0,0.0,0.0,0.0,0.0,0.0,1.0,,0,0,0,False,0.0,2.0,0.0,6.0,0.0,0,8.0,Low,Low,1 high-risk IAM events; 1 malware alerts
EMP11396,victor.ratta94,Legal,Consultant,Active,1,1,8.0,0.0,3,0.0,27.0,39.0,1.0,4.0,2.0,0.0,0.0,0.0,0.0,0.0,1.0,0.0,0.0,1.0,0.0,1.0,,0,0,0,False,4.5,0.0,0.0,7.0,0.0,0,11.5,Low,Low,1 lateral-movement alerts
EMP11397,kalpit.palla51,Sales,Trainee,Active,0,0,6.0,1.0,1,2.0,63.2,89.0,1.0,3.0,6.0,0.0,1.0,0.0,1.0,0.0,0.0,2.0,0.0,3.0,0.0,1.0,,0,0,0,False,2.5,4.0,2.0,12.0,0.0,0,20.5,Low,Low,1 failed authentication events; 2 high-risk IAM events; 1 malware alerts; 2 PowerShell alerts
EMP11398,yauvani_chacko81,Human Resources,Manager,Inactive,1,1,7.0,2.0,2,3.0,66.0,96.0,1.0,4.0,0.0,0.0,0.0,0.0,0.0,0.0,0.0,0.0,0.0,0.0,0.0,0.0,2024-07-10 02:35:24,7,0,7,True,5.0,6.0,0.0,0.0,10.0,0,21.0,Low,Low,2 failed authentication events; 3 high-risk IAM events; 7 events after identity termination
EMP11399,rehaan.trivedi61,Customer Support,Specialist,Active,1,1,3.0,0.0,1,0.0,41.5,42.0,1.0,2.0,5.0,1.0,1.0,1.0,2.0,0.0,0.0,1.0,0.0,2.0,0.0,1.0,,0,0,0,False,1.5,0.0,7.0,17.0,2.0,0,27.5,Medium,Medium,2 malware alerts; 1 PowerShell alerts; 1 critical endpoint alerts; 1 unresolved critical alerts
EMP11400,vrishti.nadig44,Finance,Analyst,Active,1,1,5.0,2.0,2,3.0,70.25,94.0,1.0,1.0,0.0,0.0,0.0,0.0,0.0,0.0,0.0,0.0,0.0,0.0,0.0,0.0,,0,0,0,False,5.0,6.0,0.0,0.0,0.0,0,11.0,Low,Low,2 failed authentication events; 3 high-risk IAM events
EMP11401,oviya.bahl97,Customer Support,Trainee,Inactive,1,1,5.0,1.0,3,1.0,54.0,71.0,1.0,2.0,0.0,0.0,0.0,0.0,0.0,0.0,0.0,0.0,0.0,0.0,0.0,0.0,,0,0,0,False,5.5,2.0,0.0,0.0,0.0,0,7.5,Low,Low,1 failed authentication events; 1 high-risk IAM events
EMP11402,gagan.devan62,Customer Support,Officer,Inactive,1,1,2.0,0.0,0,0.0,56.0,56.0,1.0,2.0,5.0,0.0,2.0,0.0,1.0,1.0,1.0,2.0,0.0,1.0,0.0,1.0,2025-03-21 05:14:04,2,5,7,True,0.0,0.0,4.0,23.0,10.0,10,47.0,Medium,Medium,1 malware alerts; 1 credential-access alerts; 1 lateral-movement alerts; 2 PowerShell alerts; 7 events after identity termination
EMP11403,raksha.saxena21,Customer Support,Manager,Inactive,1,1,0.0,0.0,0,0.0,0.0,0.0,0.0,0.0,3.0,1.0,0.0,1.0,0.0,1.0,0.0,0.0,0.0,1.0,0.0,1.0,2024-07-29 00:45:54,0,3,3,True,0.0,0.0,5.0,7.0,11.0,0,23.0,Low,Low,1 credential-access alerts; 1 critical endpoint alerts; 3 events after identity termination; 1 unresolved critical alerts
EMP11404,siya.baria68,R&D,Executive,Active,1,1,2.0,0.0,1,1.0,50.0,70.0,1.0,2.0,3.0,0.0,2.0,0.0,2.0,0.0,0.0,0.0,1.0,1.0,0.0,1.0,,0,0,0,False,1.5,2.0,4.0,17.0,0.0,0,24.5,Medium,Medium,1 high-risk IAM events; 2 malware alerts; 1 security-tampering alerts
EMP11405,yug.modi93,Brand,Officer,Active,1,1,7.0,4.0,5,2.0,56.6,97.0,1.0,5.0,1.0,0.0,1.0,0.0,1.0,0.0,0.0,0.0,0.0,0.0,0.0,1.0,,0,0,0,False,11.5,4.0,2.0,6.0,0.0,5,28.5,Medium,Medium,"elevated authentication risk (4 failed auth, 5 MFA failures); 2 high-risk IAM events; 1 malware alerts"
EMP11406,urishilla.bhatt88,Sales,Specialist,Active,1,1,6.0,2.0,3,1.0,55.0,99.0,1.0,2.0,2.0,0.0,0.0,0.0,0.0,2.0,0.0,1.0,0.0,0.0,0.0,1.0,,0,0,0,False,6.5,2.0,0.0,11.0,0.0,0,19.5,Low,Low,2 failed authentication events; 1 high-risk IAM events; 2 credential-access alerts; 1 PowerShell alerts
EMP11407,zashil.menon96,Finance,Executive,Active,1,1,5.0,3.0,3,2.0,55.5,88.0,1.0,4.0,0.0,0.0,0.0,0.0,0.0,0.0,0.0,0.0,0.0,0.0,0.0,0.0,,0,0,0,False,7.5,4.0,0.0,0.0,0.0,0,11.5,Low,Low,3 failed authentication events; 2 high-risk IAM events
EMP11408,balendra.dixit9,IT,Administrator,Active,1,0,8.0,4.0,4,4.0,62.83,94.0,1.0,5.0,2.0,0.0,1.0,0.0,1.0,0.0,0.0,0.0,0.0,1.0,0.0,1.0,,0,0,0,False,10.0,8.0,2.0,7.0,0.0,8,35.0,Medium,Medium,"elevated authentication risk (4 failed auth, 4 MFA failures); 4 high-risk IAM events; 1 malware alerts"
EMP11409,anay.din8,Procurement,Trainee,Active,1,1,6.0,0.0,3,1.0,43.33,91.0,1.0,4.0,3.0,1.0,1.0,0.0,1.0,1.0,0.0,0.0,0.0,0.0,0.0,2.0,,0,0,0,False,4.5,2.0,7.0,12.0,0.0,5,30.5,Medium,Medium,1 high-risk IAM events; 1 malware alerts; 1 credential-access alerts; 1 critical endpoint alerts
EMP11410,yagnesh.jayaraman45,IT,Engineer,Active,1,1,4.0,0.0,0,1.0,79.5,91.0,1.0,4.0,5.0,1.0,2.0,1.0,3.0,0.0,1.0,2.0,1.0,0.0,0.0,1.0,,0,0,0,False,0.0,2.0,9.0,26.0,2.0,5,44.0,Medium,Medium,1 high-risk IAM events; 3 malware alerts; 1 lateral-movement alerts; 2 PowerShell alerts; 1 security-tampering alerts; 1 critical endpoint alerts; 1 unresolved critical alerts
EMP11411,zaid.raval52,Brand,Officer,Active,1,1,73.0,24.0,34,14.0,47.36,99.0,1.0,37.0,5.0,1.0,1.0,0.0,2.0,2.0,1.0,0.0,0.0,0.0,0.0,1.0,,0,0,0,False,20.0,20.0,7.0,26.0,0.0,10,83.0,Critical,Critical,"elevated authentication risk (24 failed auth, 34 MFA failures); 14 high-risk IAM events; 2 malware alerts; 2 credential-access alerts; 1 lateral-movement alerts; 1 critical endpoint alerts"
EMP11412,praneel.panchal28,Marketing,Executive,Active,1,1,6.0,0.0,1,2.0,56.5,91.0,1.0,3.0,3.0,1.0,0.0,0.0,1.0,0.0,0.0,1.0,0.0,0.0,0.0,1.0,,0,0,0,False,1.5,4.0,5.0,9.0,0.0,0,19.5,Low,Low,2 high-risk IAM events; 1 malware alerts; 1 PowerShell alerts; 1 critical endpoint alerts
EMP11413,tejas.vora50,Operations,Specialist,Active,1,1,3.0,1.0,1,0.0,52.0,52.0,1.0,2.0,3.0,0.0,0.0,0.0,1.0,0.0,0.0,0.0,1.0,1.0,0.0,1.0,,0,0,0,False,2.5,0.0,0.0,11.0,0.0,0,13.5,Low,Low,1 failed authentication events; 1 malware alerts; 1 security-tampering alerts
EMP11414,maanav.grover86,R&D,Engineer,Inactive,1,1,4.0,2.0,2,1.0,60.67,92.0,1.0,3.0,1.0,0.0,0.0,0.0,0.0,0.0,0.0,1.0,1.0,0.0,0.0,1.0,,0,0,0,False,5.0,2.0,0.0,7.0,0.0,0,14.0,Low,Low,2 failed authentication events; 1 high-risk IAM events; 1 PowerShell alerts; 1 security-tampering alerts
EMP11415,nihal.varkey79,Finance,Executive,Active,1,1,9.0,3.0,3,1.0,47.0,88.0,1.0,3.0,5.0,0.0,2.0,0.0,2.0,1.0,1.0,1.0,1.0,0.0,0.0,2.0,,0,0,0,False,7.5,2.0,4.0,30.0,0.0,10,53.5,High,High,3 failed authentication events; 1 high-risk IAM events; 2 malware alerts; 1 credential-access alerts; 1 lateral-movement alerts; 1 PowerShell alerts; 1 security-tampering alerts
EMP11416,ria.khare57,Legal,Trainee,Active,1,1,7.0,2.0,1,2.0,53.67,75.0,1.0,4.0,1.0,0.0,0.0,0.0,0.0,0.0,1.0,1.0,0.0,0.0,0.0,1.0,,0,0,0,False,3.5,4.0,0.0,9.0,0.0,0,16.5,Low,Low,2 failed authentication events; 2 high-risk IAM events; 1 lateral-movement alerts; 1 PowerShell alerts
EMP11417,faris.agarwal50,R&D,Consultant,Active,1,1,3.0,2.0,1,0.0,51.0,69.0,1.0,2.0,3.0,0.0,0.0,0.0,1.0,0.0,1.0,0.0,0.0,1.0,0.0,1.0,,0,0,0,False,3.5,0.0,0.0,13.0,0.0,5,21.5,Low,Low,2 failed authentication events; 1 malware alerts; 1 lateral-movement alerts
EMP11418,,Marketing,Executive,Active,1,1,3.0,0.0,1,1.0,76.0,83.0,1.0,2.0,3.0,0.0,1.0,0.0,1.0,0.0,0.0,1.0,1.0,1.0,0.0,1.0,,0,0,0,False,1.5,2.0,2.0,14.0,0.0,0,19.5,Low,Low,1 high-risk IAM events; 1 malware alerts; 1 PowerShell alerts; 1 security-tampering alerts
EMP11419,daksha.sabharwal88,Human Resources,Officer,Active,1,0,5.0,2.0,3,1.0,37.8,71.0,1.0,1.0,1.0,0.0,0.0,0.0,1.0,0.0,0.0,0.0,0.0,0.0,0.0,1.0,,0,0,0,False,6.5,2.0,0.0,6.0,0.0,0,14.5,Low,Low,2 failed authentication events; 1 high-risk IAM events; 1 malware alerts
EMP11420,ayush.yogi99,Operations,Director,Inactive,1,1,6.0,2.0,0,0.0,16.0,33.0,1.0,2.0,4.0,0.0,1.0,0.0,1.0,2.0,0.0,1.0,1.0,1.0,0.0,1.0,2023-02-23 00:00:00,6,3,9,True,2.0,0.0,2.0,22.0,10.0,5,41.0,Medium,Medium,2 failed authentication events; 1 malware alerts; 2 credential-access alerts; 1 PowerShell alerts; 1 security-tampering alerts; 9 events after identity termination
EMP11421,bina.kar2,Sales,Trainee,Active,1,1,4.0,1.0,2,0.0,47.33,67.0,1.0,2.0,4.0,1.0,0.0,1.0,1.0,0.0,0.0,2.0,1.0,1.0,0.0,1.0,,0,0,0,False,4.0,0.0,5.0,15.0,2.0,0,26.0,Medium,Medium,1 failed authentication events; 1 malware alerts; 2 PowerShell alerts; 1 security-tampering alerts; 1 critical endpoint alerts; 1 unresolved critical alerts
EMP11422,rishi.contractor33,Customer Support,Analyst,Active,1,1,4.0,1.0,2,0.0,39.0,39.0,1.0,2.0,3.0,1.0,0.0,0.0,1.0,0.0,1.0,0.0,0.0,1.0,0.0,1.0,,0,0,0,False,4.0,0.0,5.0,13.0,0.0,5,27.0,Medium,Medium,1 failed authentication events; 1 malware alerts; 1 lateral-movement alerts; 1 critical endpoint alerts
EMP11423,krishna.sama90,Marketing,Administrator,Disabled,1,1,4.0,2.0,1,2.0,52.75,72.0,1.0,2.0,3.0,0.0,0.0,0.0,0.0,0.0,1.0,0.0,1.0,2.0,0.0,1.0,,0,0,0,False,3.5,4.0,0.0,12.0,0.0,0,19.5,Low,Low,2 failed authentication events; 2 high-risk IAM events; 1 lateral-movement alerts; 1 security-tampering alerts
EMP11424,parth.maharaj81,R&D,Trainee,Active,1,1,4.0,3.0,2,1.0,59.33,81.0,1.0,2.0,0.0,0.0,0.0,0.0,0.0,0.0,0.0,0.0,0.0,0.0,0.0,0.0,,0,0,0,False,6.0,2.0,0.0,0.0,0.0,0,8.0,Low,Low,3 failed authentication events; 1 high-risk IAM events
EMP11425,hemang.desai79,Finance,Executive,Active,1,1,3.0,2.0,1,0.0,0.0,0.0,1.0,2.0,1.0,0.0,1.0,0.0,1.0,0.0,0.0,1.0,0.0,0.0,0.0,1.0,,0,0,0,False,3.5,0.0,2.0,9.0,0.0,0,14.5,Low,Low,2 failed authentication events; 1 malware alerts; 1 PowerShell alerts
EMP11426,qasim.gade91,IT,Consultant,On Leave,1,1,7.0,1.0,3,1.0,35.4,91.0,1.0,3.0,1.0,0.0,0.0,0.0,0.0,1.0,0.0,0.0,0.0,0.0,0.0,1.0,,0,0,0,False,5.5,2.0,0.0,6.0,0.0,0,13.5,Low,Low,1 failed authentication events; 1 high-risk IAM events; 1 credential-access alerts
EMP11427,niharika.murty3,Operations,Consultant,Active,1,1,9.0,4.0,3,1.0,46.75,87.0,1.0,6.0,6.0,1.0,0.0,1.0,2.0,0.0,2.0,2.0,1.0,2.0,0.0,2.0,,0,0,0,False,8.5,2.0,5.0,30.0,2.0,10,57.5,High,High,"elevated authentication risk (4 failed auth, 3 MFA failures); 1 high-risk IAM events; 2 malware alerts; 2 lateral-movement alerts; 2 PowerShell alerts; 1 security-tampering alerts; 1 critical endpoint alerts; 1 unresolved critical alerts"
EMP11428,vidhi.gulati52,Compliance,Analyst,Active,1,1,8.0,4.0,5,0.0,12.25,26.0,1.0,3.0,2.0,0.0,2.0,0.0,0.0,0.0,0.0,0.0,0.0,0.0,0.0,2.0,,0,0,0,False,11.5,0.0,4.0,0.0,0.0,0,15.5,Low,Low,"elevated authentication risk (4 failed auth, 5 MFA failures)"
EMP11429,peter_agarwal6,Marketing,Specialist,Active,1,1,7.0,2.0,4,1.0,38.25,81.0,1.0,4.0,2.0,0.0,0.0,0.0,2.0,0.0,0.0,0.0,0.0,0.0,0.0,1.0,,0,0,0,False,8.0,2.0,0.0,12.0,0.0,5,27.0,Medium,Medium,"elevated authentication risk (2 failed auth, 4 MFA failures); 1 high-risk IAM events; 2 malware alerts"
EMP11430,chasmum.nadkarni1,Marketing,Administrator,Active,1,1,6.0,1.0,1,2.0,55.6,84.0,1.0,6.0,2.0,0.0,1.0,0.0,1.0,1.0,0.0,0.0,1.0,0.0,0.0,1.0,,0,0,0,False,2.5,4.0,2.0,16.0,0.0,5,29.5,Medium,Medium,1 failed authentication events; 2 high-risk IAM events; 1 malware alerts; 1 credential-access alerts; 1 security-tampering alerts
EMP11431,diya.dutt12,Procurement,Trainee,Active,1,1,5.0,1.0,3,3.0,69.6,97.0,1.0,4.0,5.0,0.0,2.0,0.0,1.0,1.0,1.0,0.0,0.0,1.0,1.0,1.0,,0,0,0,False,5.5,6.0,4.0,19.0,0.0,10,44.5,Medium,Medium,1 failed authentication events; 3 high-risk IAM events; 1 malware alerts; 1 credential-access alerts; 1 lateral-movement alerts
EMP11432,vasudha.dass81,IT,Executive,Active,1,1,5.0,1.0,4,2.0,61.67,97.0,1.0,2.0,4.0,0.0,1.0,0.0,1.0,0.0,1.0,1.0,0.0,0.0,0.0,2.0,,0,0,0,False,7.0,4.0,2.0,15.0,0.0,5,33.0,Medium,Medium,1 failed authentication events; 2 high-risk IAM events; 1 malware alerts; 1 lateral-movement alerts; 1 PowerShell alerts
EMP11433,urvashi.kata32,Marketing,Engineer,Active,0,1,6.0,3.0,6,0.0,15.0,22.0,1.0,1.0,6.0,0.0,1.0,0.0,2.0,0.0,1.0,1.0,1.0,1.0,0.0,1.0,,0,0,0,False,12.0,0.0,2.0,26.0,0.0,10,50.0,High,High,"elevated authentication risk (3 failed auth, 6 MFA failures); 2 malware alerts; 1 lateral-movement alerts; 1 PowerShell alerts; 1 security-tampering alerts"
EMP11434,tanmayi.cherian36,Finance,Specialist,Disabled,1,0,5.0,1.0,1,1.0,55.0,81.0,1.0,4.0,3.0,1.0,2.0,1.0,0.0,0.0,1.0,1.0,0.0,1.0,0.0,1.0,,0,0,0,False,2.5,2.0,9.0,10.0,2.0,0,25.5,Medium,Medium,1 failed authentication events; 1 high-risk IAM events; 1 lateral-movement alerts; 1 PowerShell alerts; 1 critical endpoint alerts; 1 unresolved critical alerts
EMP11435,kalpit.das34,Innovation,Administrator,Active,0,1,11.0,5.0,6,4.0,59.12,93.0,1.0,7.0,2.0,0.0,1.0,0.0,1.0,0.0,0.0,1.0,0.0,0.0,0.0,1.0,,0,0,0,False,14.0,13.0,2.0,9.0,0.0,8,46.0,Medium,Medium,"elevated authentication risk (5 failed auth, 6 MFA failures); 4 high-risk IAM events; 1 malware alerts; 1 PowerShell alerts"
EMP11436,christopher.sarna67,Innovation,Executive,Active,1,1,6.0,1.0,3,3.0,80.25,92.0,1.0,4.0,3.0,0.0,0.0,0.0,2.0,1.0,0.0,1.0,2.0,0.0,0.0,2.0,,0,0,0,False,5.5,6.0,0.0,26.0,0.0,8,45.5,Medium,Medium,1 failed authentication events; 3 high-risk IAM events; 2 malware alerts; 1 credential-access alerts; 1 PowerShell alerts; 2 security-tampering alerts
EMP11437,waida.anand56,Operations,Administrator,Active,1,1,5.0,3.0,3,2.0,46.25,85.0,1.0,3.0,3.0,1.0,0.0,1.0,2.0,0.0,1.0,0.0,1.0,0.0,0.0,1.0,,0,0,0,False,7.5,4.0,5.0,22.0,2.0,5,45.5,Medium,Medium,3 failed authentication events; 2 high-risk IAM events; 2 malware alerts; 1 lateral-movement alerts; 1 security-tampering alerts; 1 critical endpoint alerts; 1 unresolved critical alerts
EMP11438,joshua.patel12,Customer Support,Engineer,Active,1,1,5.0,1.0,1,3.0,88.33,94.0,1.0,2.0,4.0,1.0,0.0,1.0,1.0,0.0,1.0,0.0,1.0,1.0,1.0,1.0,,0,0,0,False,2.5,6.0,5.0,17.0,2.0,5,37.5,Medium,Medium,1 failed authentication events; 3 high-risk IAM events; 1 malware alerts; 1 lateral-movement alerts; 1 security-tampering alerts; 1 critical endpoint alerts; 1 unresolved critical alerts
EMP11439,bhavya.morar24,R&D,Executive,Active,1,1,1.0,1.0,1,0.0,0.0,0.0,1.0,0.0,2.0,1.0,0.0,0.0,0.0,0.0,1.0,0.0,0.0,0.0,1.0,1.0,,0,0,0,False,2.5,0.0,5.0,6.0,0.0,0,13.5,Low,Low,1 failed authentication events; 1 lateral-movement alerts; 1 critical endpoint alerts
EMP11440,yutika.raju42,Human Resources,Consultant,Active,1,1,5.0,0.0,2,1.0,50.4,99.0,1.0,4.0,4.0,0.0,3.0,0.0,1.0,0.0,1.0,0.0,1.0,1.0,0.0,1.0,,0,0,0,False,3.0,2.0,5.0,17.0,0.0,5,32.0,Medium,Medium,1 high-risk IAM events; 1 malware alerts; 1 lateral-movement alerts; 1 security-tampering alerts
EMP11441,qabil.kumar24,Operations,Administrator,Active,1,1,4.0,2.0,2,0.0,28.0,46.0,1.0,2.0,3.0,0.0,0.0,0.0,1.0,0.0,1.0,1.0,0.0,1.0,1.0,1.0,,0,0,0,False,5.0,0.0,0.0,16.0,0.0,5,26.0,Medium,Medium,2 failed authentication events; 1 malware alerts; 1 lateral-movement alerts; 1 PowerShell alerts
EMP11442,reyansh.keer59,Procurement,Specialist,Active,1,1,5.0,3.0,3,0.0,37.5,56.0,1.0,3.0,2.0,0.0,0.0,0.0,0.0,1.0,1.0,0.0,0.0,0.0,0.0,1.0,,0,0,0,False,7.5,0.0,0.0,12.0,0.0,0,19.5,Low,Low,3 failed authentication events; 1 credential-access alerts; 1 lateral-movement alerts
EMP11443,xavier.sarma77,Operations,Trainee,Active,1,1,6.0,2.0,2,0.0,24.33,32.0,1.0,1.0,5.0,1.0,1.0,0.0,3.0,0.0,1.0,0.0,2.0,1.0,0.0,1.0,,0,0,0,False,5.0,0.0,7.0,24.0,0.0,5,41.0,Medium,Medium,2 failed authentication events; 3 malware alerts; 1 lateral-movement alerts; 2 security-tampering alerts; 1 critical endpoint alerts
EMP11444,nitesh.dugar65,Human Resources,Director,Active,1,0,4.0,1.0,1,1.0,39.25,78.0,1.0,3.0,4.0,0.0,0.0,0.0,0.0,0.0,1.0,2.0,1.0,0.0,0.0,1.0,,0,0,0,False,2.5,2.0,0.0,14.0,0.0,0,18.5,Low,Low,1 failed authentication events; 1 high-risk IAM events; 1 lateral-movement alerts; 2 PowerShell alerts; 1 security-tampering alerts
EMP11445,urvashi_dugar39,Procurement,Officer,Active,1,0,4.0,1.0,2,2.0,92.0,100.0,1.0,3.0,3.0,0.0,0.0,0.0,1.0,0.0,0.0,2.0,0.0,1.0,0.0,1.0,,0,0,0,False,4.0,4.0,0.0,11.0,0.0,0,19.0,Low,Low,1 failed authentication events; 2 high-risk IAM events; 1 malware alerts; 2 PowerShell alerts
EMP11446,mekhala.varughese7,Human Resources,Administrator,Active,1,1,8.0,0.0,1,1.0,31.67,77.0,1.0,6.0,2.0,0.0,0.0,0.0,1.0,0.0,0.0,1.0,0.0,0.0,0.0,1.0,,0,0,0,False,1.5,2.0,0.0,9.0,0.0,0,12.5,Low,Low,1 high-risk IAM events; 1 malware alerts; 1 PowerShell alerts
EMP11447,ranbir.shanker19,Sales,Executive,Active,1,1,7.0,2.0,2,2.0,57.2,95.0,1.0,5.0,3.0,1.0,1.0,1.0,0.0,0.0,3.0,0.0,0.0,0.0,1.0,1.0,,0,0,0,False,5.0,4.0,7.0,8.0,2.0,0,26.0,Medium,Medium,2 failed authentication events; 2 high-risk IAM events; 3 lateral-movement alerts; 1 critical endpoint alerts; 1 unresolved critical alerts
EMP11448,aishani.mandal32,Finance,Officer,Active,1,1,2.0,0.0,1,0.0,54.5,59.0,1.0,1.0,3.0,0.0,1.0,0.0,1.0,0.0,1.0,0.0,0.0,1.0,0.0,2.0,,0,0,0,False,1.5,0.0,2.0,13.0,0.0,5,21.5,Low,Low,1 malware alerts; 1 lateral-movement alerts
EMP11449,geetika.gaba88,Compliance,Engineer,Disabled,1,1,6.0,2.0,2,1.0,50.6,89.0,1.0,3.0,4.0,0.0,1.0,0.0,0.0,1.0,1.0,1.0,1.0,1.0,1.0,1.0,2026-02-09 09:02:16,6,3,9,True,5.0,2.0,2.0,20.0,10.0,0,39.0,Medium,Medium,2 failed authentication events; 1 high-risk IAM events; 1 credential-access alerts; 1 lateral-movement alerts; 1 PowerShell alerts; 1 security-tampering alerts; 9 events after identity termination
EMP11450,radha.bera98,Finance,Director,Disabled,1,1,2.0,0.0,1,0.0,39.5,65.0,1.0,1.0,1.0,0.0,0.0,0.0,1.0,0.0,0.0,0.0,0.0,0.0,0.0,1.0,,0,0,0,False,1.5,0.0,0.0,6.0,0.0,0,7.5,Low,Low,1 malware alerts
EMP11451,arunima.dube10,Operations,Trainee,Active,1,1,4.0,1.0,1,2.0,73.0,80.0,1.0,2.0,0.0,0.0,0.0,0.0,0.0,0.0,0.0,0.0,0.0,0.0,0.0,0.0,,0,0,0,False,2.5,4.0,0.0,0.0,0.0,0,6.5,Low,Low,1 failed authentication events; 2 high-risk IAM events
EMP11452,bhanumati.anand48,Operations,Consultant,Active,1,1,5.0,1.0,1,1.0,46.0,91.0,1.0,3.0,0.0,0.0,0.0,0.0,0.0,0.0,0.0,0.0,0.0,0.0,0.0,0.0,,0,0,0,False,2.5,2.0,0.0,0.0,0.0,0,4.5,Low,Low,1 failed authentication events; 1 high-risk IAM events
EMP11453,aadi.sharma83,Sales,Executive,Active,1,0,7.0,0.0,2,2.0,62.2,96.0,1.0,5.0,1.0,0.0,0.0,0.0,1.0,0.0,0.0,0.0,0.0,0.0,0.0,1.0,,0,0,0,False,3.0,4.0,0.0,6.0,0.0,0,13.0,Low,Low,2 high-risk IAM events; 1 malware alerts
EMP11454,meera.kaur84,Finance,Director,Active,1,0,8.0,1.0,6,4.0,64.5,93.0,1.0,6.0,2.0,0.0,1.0,0.0,0.0,0.0,0.0,0.0,0.0,2.0,0.0,1.0,,0,0,0,False,10.0,8.0,2.0,2.0,0.0,3,25.0,Medium,Medium,"elevated authentication risk (1 failed auth, 6 MFA failures); 4 high-risk IAM events"
EMP11455,leena_hayer23,Finance,Director,Active,1,1,5.0,2.0,2,0.0,60.0,60.0,1.0,2.0,3.0,0.0,0.0,0.0,2.0,1.0,0.0,0.0,0.0,0.0,0.0,1.0,,0,0,0,False,5.0,0.0,0.0,18.0,0.0,5,28.0,Medium,Medium,2 failed authentication events; 2 malware alerts; 1 credential-access alerts
EMP11456,dev.kata13,Legal,Analyst,Active,1,1,9.0,3.0,4,4.0,55.62,92.0,1.0,7.0,2.0,0.0,0.0,0.0,0.0,0.0,0.0,2.0,0.0,0.0,0.0,1.0,,0,0,0,False,9.0,8.0,0.0,4.0,0.0,3,24.0,Low,Low,"elevated authentication risk (3 failed auth, 4 MFA failures); 4 high-risk IAM events; 2 PowerShell alerts"
EMP11457,noah.sood63,Legal,Director,Active,1,0,3.0,2.0,2,0.0,30.0,58.0,1.0,0.0,1.0,0.0,0.0,0.0,1.0,0.0,0.0,1.0,0.0,0.0,0.0,0.0,,0,0,0,False,5.0,0.0,0.0,9.0,0.0,0,14.0,Low,Low,2 failed authentication events; 1 malware alerts; 1 PowerShell alerts
EMP11458,agastya_wali58,Customer Support,Consultant,Disabled,1,1,4.0,1.0,2,1.0,61.0,98.0,1.0,1.0,2.0,0.0,1.0,0.0,0.0,0.0,0.0,1.0,0.0,0.0,0.0,1.0,2023-11-12 09:41:00,4,2,6,True,4.0,2.0,2.0,3.0,10.0,0,21.0,Low,Low,1 failed authentication events; 1 high-risk IAM events; 1 PowerShell alerts; 6 events after identity termination
EMP11459,yagnesh.solanki69,Legal,Manager,Inactive,1,0,5.0,4.0,4,3.0,69.0,89.0,1.0,2.0,3.0,0.0,1.0,0.0,1.0,1.0,0.0,0.0,0.0,1.0,0.0,1.0,2026-03-25 01:44:00,5,2,7,True,10.0,6.0,2.0,13.0,10.0,10,51.0,High,High,"elevated authentication risk (4 failed auth, 4 MFA failures); 3 high-risk IAM events; 1 malware alerts; 1 credential-access alerts; 7 events after identity termination"
EMP11460,meera.ranganathan94,Innovation,Director,Active,1,1,5.0,1.0,2,3.0,64.2,89.0,1.0,4.0,2.0,0.0,1.0,0.0,0.0,1.0,0.0,2.0,0.0,0.0,1.0,2.0,,0,0,0,False,4.0,6.0,2.0,10.0,0.0,0,22.0,Low,Low,1 failed authentication events; 3 high-risk IAM events; 1 credential-access alerts; 2 PowerShell alerts
EMP11461,,Operations,Administrator,Active,1,1,6.0,0.0,1,1.0,41.8,75.0,1.0,3.0,2.0,0.0,1.0,0.0,2.0,0.0,0.0,0.0,0.0,0.0,0.0,1.0,,0,0,0,False,1.5,2.0,2.0,12.0,0.0,0,17.5,Low,Low,1 high-risk IAM events; 2 malware alerts
EMP11462,tejas.dugar38,Operations,Director,Active,1,1,8.0,2.0,3,3.0,66.33,91.0,1.0,6.0,6.0,1.0,3.0,0.0,4.0,0.0,0.0,0.0,2.0,2.0,0.0,2.0,,0,0,0,False,6.5,6.0,10.0,19.0,0.0,3,44.5,Medium,Medium,2 failed authentication events; 3 high-risk IAM events; 4 malware alerts; 2 security-tampering alerts; 1 critical endpoint alerts
EMP11463,widisha.hari94,IT,Officer,Active,1,1,10.0,1.0,2,2.0,51.43,84.0,1.0,8.0,2.0,0.0,0.0,0.0,2.0,0.0,0.0,0.0,1.0,0.0,1.0,1.0,,0,0,0,False,4.0,4.0,0.0,16.0,0.0,0,24.0,Low,Low,1 failed authentication events; 2 high-risk IAM events; 2 malware alerts; 1 security-tampering alerts
EMP11464,lekha.luthra19,R&D,Director,Active,1,1,7.0,2.0,2,0.0,35.17,58.0,1.0,5.0,3.0,0.0,1.0,0.0,0.0,1.0,0.0,0.0,0.0,1.0,0.0,1.0,,0,0,0,False,5.0,0.0,2.0,7.0,0.0,0,14.0,Low,Low,2 failed authentication events; 1 credential-access alerts
EMP11465,brinda.chauhan94,Customer Support,Specialist,Active,1,1,1.0,0.0,0,1.0,90.0,90.0,0.0,0.0,1.0,0.0,0.0,0.0,0.0,0.0,0.0,1.0,0.0,0.0,0.0,1.0,,0,0,0,False,0.0,2.0,0.0,3.0,0.0,0,5.0,Low,Low,1 high-risk IAM events; 1 PowerShell alerts
EMP11466,eta.bajwa82,Human Resources,Director,Active,0,1,6.0,3.0,2,2.0,59.6,89.0,1.0,0.0,4.0,0.0,1.0,0.0,3.0,0.0,0.0,1.0,1.0,0.0,0.0,1.0,,0,0,0,False,6.0,4.0,2.0,19.0,0.0,0,31.0,Medium,Medium,3 failed authentication events; 2 high-risk IAM events; 3 malware alerts; 1 PowerShell alerts; 1 security-tampering alerts
EMP11467,balhaar.chahal52,IT,Executive,Active,1,1,4.0,1.0,1,0.0,18.67,36.0,1.0,3.0,3.0,1.0,0.0,1.0,2.0,0.0,0.0,0.0,0.0,1.0,0.0,1.0,,0,0,0,False,2.5,0.0,5.0,13.0,2.0,0,22.5,Low,Low,1 failed authentication events; 2 malware alerts; 1 critical endpoint alerts; 1 unresolved critical alerts
EMP11468,neelima_varty56,People,Engineer,Active,1,1,5.0,2.0,2,1.0,55.25,93.0,1.0,2.0,1.0,0.0,0.0,0.0,0.0,0.0,1.0,0.0,1.0,0.0,1.0,1.0,,0,0,0,False,5.0,2.0,0.0,10.0,0.0,0,17.0,Low,Low,2 failed authentication events; 1 high-risk IAM events; 1 lateral-movement alerts; 1 security-tampering alerts
EMP11469,janya.ganesh32,IT,Consultant,Active,1,1,3.0,2.0,3,1.0,50.0,92.0,1.0,1.0,3.0,1.0,0.0,1.0,1.0,2.0,0.0,0.0,1.0,0.0,1.0,1.0,,0,0,0,False,6.5,2.0,5.0,18.0,2.0,5,38.5,Medium,Medium,2 failed authentication events; 1 high-risk IAM events; 1 malware alerts; 2 credential-access alerts; 1 security-tampering alerts; 1 critical endpoint alerts; 1 unresolved critical alerts
EMP11470,vansha.lalla24,Marketing,Officer,Active,0,1,4.0,3.0,3,0.0,10.0,20.0,1.0,1.0,2.0,0.0,0.0,0.0,1.0,0.0,0.0,0.0,0.0,1.0,0.0,1.0,,0,0,0,False,7.5,0.0,0.0,7.0,0.0,0,14.5,Low,Low,3 failed authentication events; 1 malware alerts
EMP11471,meera.bath1,Legal,Engineer,Active,1,0,8.0,2.0,1,2.0,44.14,75.0,1.0,5.0,2.0,1.0,1.0,0.0,0.0,0.0,0.0,1.0,0.0,0.0,0.0,1.0,,0,0,0,False,3.5,4.0,7.0,3.0,0.0,0,17.5,Low,Low,2 failed authentication events; 2 high-risk IAM events; 1 PowerShell alerts; 1 critical endpoint alerts
EMP11472,anamika_singh82,Operations,Manager,Active,1,1,9.0,2.0,2,2.0,55.57,87.0,1.0,6.0,2.0,0.0,0.0,0.0,0.0,1.0,0.0,1.0,0.0,0.0,0.0,2.0,,0,0,0,False,5.0,4.0,0.0,9.0,0.0,0,18.0,Low,Low,2 failed authentication events; 2 high-risk IAM events; 1 credential-access alerts; 1 PowerShell alerts
EMP11473,qushi.peri94,Procurement,Trainee,Active,1,1,2.0,0.0,0,0.0,23.5,32.0,1.0,1.0,1.0,0.0,0.0,0.0,1.0,0.0,0.0,0.0,1.0,0.0,0.0,1.0,,0,0,0,False,0.0,0.0,0.0,10.0,0.0,0,10.0,Low,Low,1 malware alerts; 1 security-tampering alerts
EMP11474,ishwar.sha2,Operations,Consultant,Active,0,1,2.0,0.0,0,0.0,0.0,0.0,1.0,1.0,1.0,0.0,1.0,0.0,0.0,0.0,1.0,0.0,0.0,0.0,0.0,1.0,,0,0,0,False,0.0,0.0,2.0,6.0,0.0,0,8.0,Low,Low,1 lateral-movement alerts
EMP11475,aarush_din90,Finance,Director,Active,1,1,5.0,1.0,1,1.0,47.0,78.0,1.0,4.0,2.0,0.0,0.0,0.0,0.0,0.0,0.0,0.0,0.0,0.0,0.0,1.0,,0,0,0,False,2.5,2.0,0.0,0.0,0.0,0,4.5,Low,Low,1 failed authentication events; 1 high-risk IAM events
EMP11476,chameli.bajwa81,R&D,Officer,Active,1,1,7.0,2.0,2,1.0,43.4,77.0,1.0,4.0,2.0,1.0,0.0,0.0,1.0,1.0,0.0,0.0,1.0,0.0,0.0,1.0,,0,0,0,False,5.0,2.0,5.0,16.0,0.0,5,33.0,Medium,Medium,2 failed authentication events; 1 high-risk IAM events; 1 malware alerts; 1 credential-access alerts; 1 security-tampering alerts; 1 critical endpoint alerts
EMP11477,odika.mann97,Operations,Trainee,Active,1,1,2.0,1.0,0,1.0,52.0,90.0,1.0,1.0,1.0,1.0,0.0,1.0,1.0,0.0,0.0,0.0,0.0,0.0,0.0,1.0,,0,0,0,False,1.0,2.0,5.0,6.0,2.0,0,16.0,Low,Low,1 failed authentication events; 1 high-risk IAM events; 1 malware alerts; 1 critical endpoint alerts; 1 unresolved critical alerts
EMP11478,rudra.chakrabarti73,Legal,Director,Active,1,1,4.0,2.0,2,3.0,69.5,91.0,1.0,2.0,1.0,0.0,0.0,0.0,0.0,0.0,0.0,0.0,0.0,1.0,0.0,1.0,,0,0,0,False,5.0,6.0,0.0,1.0,0.0,0,12.0,Low,Low,2 failed authentication events; 3 high-risk IAM events
EMP11479,patrick.dewan49,Customer Support,Executive,Active,0,1,4.0,2.0,3,2.0,57.0,98.0,1.0,3.0,3.0,2.0,1.0,1.0,2.0,0.0,0.0,0.0,0.0,0.0,0.0,1.0,,0,0,0,False,6.5,4.0,12.0,12.0,2.0,0,36.5,Medium,Medium,2 failed authentication events; 2 high-risk IAM events; 2 malware alerts; 2 critical endpoint alerts; 1 unresolved critical alerts
EMP11480,,Marketing,Executive,Active,1,1,5.0,2.0,1,2.0,79.0,99.0,1.0,4.0,0.0,0.0,0.0,0.0,0.0,0.0,0.0,0.0,0.0,0.0,0.0,0.0,,0,0,0,False,3.5,4.0,0.0,0.0,0.0,0,7.5,Low,Low,2 failed authentication events; 2 high-risk IAM events
EMP11481,ikshita.roy54,Procurement,Administrator,Active,1,1,6.0,0.0,0,1.0,27.67,70.0,1.0,6.0,2.0,0.0,0.0,0.0,0.0,0.0,0.0,1.0,0.0,0.0,1.0,1.0,,0,0,0,False,0.0,2.0,0.0,3.0,0.0,0,5.0,Low,Low,1 high-risk IAM events; 1 PowerShell alerts
EMP11482,simon.srinivasan98,Operations,Officer,Active,1,1,2.0,0.0,0,0.0,45.5,54.0,1.0,1.0,4.0,0.0,4.0,0.0,2.0,0.0,0.0,0.0,0.0,2.0,0.0,2.0,,0,0,0,False,0.0,0.0,5.0,14.0,0.0,0,19.0,Low,Low,2 malware alerts
EMP11483,mekhala.choudhary37,R&D,Executive,Active,1,1,6.0,2.0,1,2.0,51.0,95.0,1.0,0.0,5.0,1.0,1.0,1.0,2.0,1.0,1.0,2.0,3.0,0.0,0.0,1.0,,0,0,0,False,3.5,4.0,7.0,30.0,2.0,10,56.5,High,High,2 failed authentication events; 2 high-risk IAM events; 2 malware alerts; 1 credential-access alerts; 1 lateral-movement alerts; 2 PowerShell alerts; 3 security-tampering alerts; 1 critical endpoint alerts; 1 unresolved critical alerts
EMP11484,,Innovation,Executive,Active,1,1,10.0,3.0,2,2.0,41.43,74.0,1.0,8.0,3.0,0.0,1.0,0.0,1.0,0.0,2.0,0.0,0.0,0.0,0.0,1.0,,0,0,0,False,6.0,4.0,2.0,14.0,0.0,5,31.0,Medium,Medium,3 failed authentication events; 2 high-risk IAM events; 1 malware alerts; 2 lateral-movement alerts
EMP11485,harita.patel53,Sales,Analyst,Active,1,0,2.0,0.0,0,1.0,73.0,73.0,1.0,2.0,3.0,0.0,1.0,0.0,0.0,1.0,1.0,0.0,0.0,1.0,0.0,1.0,,0,0,0,False,0.0,2.0,2.0,13.0,0.0,0,17.0,Low,Low,1 high-risk IAM events; 1 credential-access alerts; 1 lateral-movement alerts
EMP11486,ethan.mukherjee77,Procurement,Director,Active,0,1,7.0,1.0,2,1.0,43.75,70.0,1.0,4.0,2.0,0.0,0.0,0.0,0.0,1.0,0.0,1.0,0.0,0.0,0.0,2.0,,0,0,0,False,4.0,2.0,0.0,9.0,0.0,0,15.0,Low,Low,1 failed authentication events; 1 high-risk IAM events; 1 credential-access alerts; 1 PowerShell alerts
EMP11487,manya.sridhar12,Operations,Analyst,Active,1,1,4.0,1.0,0,2.0,58.33,81.0,1.0,3.0,4.0,0.0,3.0,0.0,1.0,0.0,0.0,1.0,0.0,1.0,0.0,1.0,,0,0,0,False,1.0,4.0,5.0,10.0,0.0,0,20.0,Low,Low,1 failed authentication events; 2 high-risk IAM events; 1 malware alerts; 1 PowerShell alerts
EMP11488,gaurangi.viswanathan21,R&D,Consultant,Active,1,1,5.0,2.0,2,0.0,41.0,65.0,1.0,2.0,3.0,1.0,1.0,0.0,2.0,0.0,0.0,0.0,0.0,0.0,1.0,2.0,,0,0,0,False,5.0,0.0,7.0,12.0,0.0,0,24.0,Low,Low,2 failed authentication events; 2 malware alerts; 1 critical endpoint alerts
EMP11489,anya.gandhi42,Finance,Administrator,Active,1,1,7.0,2.0,4,1.0,39.4,86.0,1.0,2.0,4.0,1.0,0.0,1.0,1.0,1.0,0.0,0.0,0.0,0.0,0.0,1.0,,0,0,0,False,8.0,2.0,5.0,12.0,2.0,10,39.0,Medium,Medium,"elevated authentication risk (2 failed auth, 4 MFA failures); 1 high-risk IAM events; 1 malware alerts; 1 credential-access alerts; 1 critical endpoint alerts; 1 unresolved critical alerts"
EMP11490,advaith.shroff57,Sales,Executive,Active,1,1,5.0,0.0,1,0.0,33.0,54.0,1.0,4.0,2.0,0.0,0.0,0.0,0.0,0.0,0.0,1.0,0.0,0.0,0.0,1.0,,0,0,0,False,1.5,0.0,0.0,3.0,0.0,0,4.5,Low,Low,1 PowerShell alerts
EMP11491,zarna.mandal21,Sales,Trainee,Active,1,1,3.0,0.0,2,0.0,29.0,46.0,1.0,3.0,3.0,0.0,2.0,0.0,2.0,0.0,0.0,1.0,0.0,0.0,0.0,1.0,,0,0,0,False,3.0,0.0,4.0,15.0,0.0,0,22.0,Low,Low,2 malware alerts; 1 PowerShell alerts
EMP11492,vasudha.sridhar67,R&D,Director,Inactive,1,1,2.0,2.0,1,1.0,96.0,96.0,1.0,1.0,2.0,0.0,0.0,0.0,2.0,0.0,0.0,0.0,0.0,0.0,0.0,1.0,2026-03-22 15:53:26,2,2,4,True,3.5,2.0,0.0,12.0,10.0,0,27.5,Medium,Medium,2 failed authentication events; 1 high-risk IAM events; 2 malware alerts; 4 events after identity termination
EMP11493,amrita.shanker92,IT,Trainee,Active,1,1,5.0,1.0,3,1.0,56.33,96.0,1.0,1.0,4.0,2.0,1.0,1.0,3.0,0.0,0.0,0.0,2.0,0.0,0.0,1.0,,0,0,0,False,5.5,2.0,12.0,17.0,2.0,0,38.5,Medium,Medium,1 failed authentication events; 1 high-risk IAM events; 3 malware alerts; 2 security-tampering alerts; 2 critical endpoint alerts; 1 unresolved critical alerts
EMP11494,zayan.kakar93,IT,Consultant,Active,1,1,6.0,1.0,2,1.0,57.25,92.0,1.0,3.0,1.0,0.0,1.0,0.0,0.0,0.0,0.0,1.0,0.0,1.0,0.0,1.0,,0,0,0,False,4.0,2.0,2.0,4.0,0.0,0,12.0,Low,Low,1 failed authentication events; 1 high-risk IAM events; 1 PowerShell alerts
EMP11495,darpan.morar14,Finance,Administrator,Active,1,1,6.0,2.0,1,1.0,38.25,95.0,1.0,5.0,3.0,0.0,0.0,0.0,1.0,1.0,0.0,1.0,0.0,0.0,0.0,1.0,,0,0,0,False,3.5,2.0,0.0,15.0,0.0,5,25.5,Medium,Medium,2 failed authentication events; 1 high-risk IAM events; 1 malware alerts; 1 credential-access alerts; 1 PowerShell alerts
EMP11496,veda_gala19,Sales,Trainee,Active,1,1,2.0,1.0,0,0.0,24.0,31.0,1.0,1.0,3.0,0.0,1.0,0.0,3.0,0.0,0.0,0.0,0.0,0.0,0.0,2.0,,0,0,0,False,1.0,0.0,2.0,12.0,0.0,0,15.0,Low,Low,1 failed authentication events; 3 malware alerts
EMP11497,naveen.dubey63,Sales,Administrator,Active,1,0,5.0,0.0,1,1.0,45.4,75.0,1.0,4.0,3.0,0.0,0.0,0.0,0.0,0.0,1.0,0.0,0.0,0.0,0.0,1.0,,0,0,0,False,1.5,2.0,0.0,6.0,0.0,0,9.5,Low,Low,1 high-risk IAM events; 1 lateral-movement alerts
EMP11498,lakshmi.biswas36,Procurement,Analyst,Active,1,1,5.0,1.0,1,0.0,24.75,36.0,1.0,3.0,4.0,0.0,1.0,0.0,2.0,1.0,0.0,1.0,0.0,1.0,1.0,2.0,,0,0,0,False,2.5,0.0,2.0,22.0,0.0,5,31.5,Medium,Medium,1 failed authentication events; 2 malware alerts; 1 credential-access alerts; 1 PowerShell alerts
EMP11499,mekhala.oommen73,Operations,Administrator,Active,1,1,7.0,1.0,4,3.0,70.75,91.0,1.0,3.0,5.0,1.0,3.0,1.0,2.0,2.0,0.0,1.0,1.0,0.0,0.0,1.0,,0,0,0,False,7.0,6.0,10.0,27.0,2.0,8,60.0,High,High,1 failed authentication events; 3 high-risk IAM events; 2 malware alerts; 2 credential-access alerts; 1 PowerShell alerts; 1 security-tampering alerts; 1 critical endpoint alerts; 1 unresolved critical alerts
EMP11500,falak.bhattacharyya87,Brand,Executive,Active,1,1,8.0,2.0,3,3.0,56.0,95.0,1.0,5.0,1.0,0.0,0.0,0.0,0.0,0.0,0.0,1.0,0.0,0.0,0.0,1.0,,0,0,0,False,6.5,6.0,0.0,3.0,0.0,3,18.5,Low,Low,2 failed authentication events; 3 high-risk IAM events; 1 PowerShell alerts
EMP11501,bakhshi.swamy33,Sales,Analyst,Active,1,1,4.0,2.0,3,0.0,48.33,51.0,1.0,0.0,4.0,0.0,2.0,0.0,0.0,0.0,0.0,3.0,0.0,1.0,0.0,1.0,,0,0,0,False,6.5,0.0,4.0,5.0,0.0,0,15.5,Low,Low,2 failed authentication events; 3 PowerShell alerts
EMP11502,wyatt.jani93,Customer Support,Officer,Inactive,1,1,6.0,1.0,5,3.0,60.6,76.0,1.0,4.0,3.0,0.0,1.0,0.0,1.0,0.0,2.0,0.0,0.0,0.0,0.0,1.0,2025-06-04 12:25:00,5,3,8,True,8.5,6.0,2.0,14.0,10.0,10,50.5,High,High,"elevated authentication risk (1 failed auth, 5 MFA failures); 3 high-risk IAM events; 1 malware alerts; 2 lateral-movement alerts; 8 events after identity termination"
EMP11503,turvi.pillay41,Customer Support,Consultant,Active,1,1,7.0,2.0,4,3.0,64.43,88.0,1.0,6.0,5.0,0.0,0.0,0.0,2.0,1.0,1.0,2.0,0.0,0.0,0.0,1.0,,0,0,0,False,8.0,6.0,0.0,28.0,0.0,10,52.0,High,High,"elevated authentication risk (2 failed auth, 4 MFA failures); 3 high-risk IAM events; 2 malware alerts; 1 credential-access alerts; 1 lateral-movement alerts; 2 PowerShell alerts"
EMP11504,qabil.sharma49,IT,Manager,Active,1,1,6.0,1.0,1,3.0,76.4,88.0,1.0,4.0,3.0,0.0,0.0,0.0,1.0,0.0,0.0,2.0,1.0,0.0,0.0,1.0,,0,0,0,False,2.5,6.0,0.0,14.0,0.0,0,22.5,Low,Low,1 failed authentication events; 3 high-risk IAM events; 1 malware alerts; 2 PowerShell alerts; 1 security-tampering alerts
EMP11505,caleb.khurana94,Human Resources,Engineer,Active,1,1,11.0,3.0,5,0.0,37.14,58.0,1.0,8.0,3.0,0.0,2.0,0.0,2.0,1.0,0.0,1.0,0.0,0.0,1.0,1.0,,0,0,0,False,10.5,0.0,4.0,21.0,0.0,10,45.5,Medium,Medium,"elevated authentication risk (3 failed auth, 5 MFA failures); 2 malware alerts; 1 credential-access alerts; 1 PowerShell alerts"
EMP11506,charvi.bera96,Customer Support,Engineer,Active,1,1,2.0,0.0,0,0.0,64.0,64.0,1.0,0.0,2.0,0.0,1.0,0.0,0.0,2.0,0.0,0.0,1.0,0.0,0.0,1.0,,0,0,0,False,0.0,0.0,2.0,12.0,0.0,0,14.0,Low,Low,2 credential-access alerts; 1 security-tampering alerts
EMP11507,owen.badal65,Human Resources,Administrator,Inactive,1,0,8.0,3.0,4,1.0,36.6,85.0,1.0,3.0,5.0,1.0,1.0,1.0,1.0,1.0,0.0,2.0,1.0,0.0,0.0,1.0,2024-12-03 15:40:19,7,5,12,True,9.0,2.0,7.0,20.0,12.0,10,60.0,High,High,"elevated authentication risk (3 failed auth, 4 MFA failures); 1 high-risk IAM events; 1 malware alerts; 1 credential-access alerts; 2 PowerShell alerts; 1 security-tampering alerts; 1 critical endpoint alerts; 12 events after identity termination; 1 unresolved critical alerts"
EMP11508,qarin.prabhu95,Finance,Engineer,Active,1,1,5.0,2.0,2,1.0,53.0,88.0,1.0,3.0,3.0,1.0,0.0,1.0,0.0,0.0,0.0,1.0,0.0,1.0,0.0,1.0,,0,0,0,False,5.0,2.0,5.0,4.0,2.0,0,18.0,Low,Low,2 failed authentication events; 1 high-risk IAM events; 1 PowerShell alerts; 1 critical endpoint alerts; 1 unresolved critical alerts
EMP11509,deepa.keer12,Sales,Manager,Active,1,1,4.0,2.0,1,2.0,61.33,100.0,1.0,3.0,1.0,0.0,1.0,0.0,1.0,0.0,0.0,0.0,0.0,0.0,0.0,1.0,,0,0,0,False,3.5,4.0,2.0,6.0,0.0,0,15.5,Low,Low,2 failed authentication events; 2 high-risk IAM events; 1 malware alerts
EMP11510,yashoda.kapur75,R&D,Trainee,Active,1,1,3.0,1.0,2,2.0,91.5,92.0,1.0,2.0,2.0,0.0,0.0,0.0,1.0,1.0,0.0,2.0,0.0,0.0,0.0,1.0,,0,0,0,False,4.0,4.0,0.0,16.0,0.0,5,29.0,Medium,Medium,1 failed authentication events; 2 high-risk IAM events; 1 malware alerts; 1 credential-access alerts; 2 PowerShell alerts
EMP11511,sudiksha.raman15,R&D,Manager,Active,1,1,10.0,3.0,3,2.0,50.5,72.0,1.0,5.0,4.0,0.0,0.0,0.0,1.0,0.0,1.0,1.0,0.0,0.0,0.0,1.0,,0,0,0,False,7.5,4.0,0.0,15.0,0.0,5,31.5,Medium,Medium,3 failed authentication events; 2 high-risk IAM events; 1 malware alerts; 1 lateral-movement alerts; 1 PowerShell alerts
EMP11512,samesh_sangha73,IT,Specialist,Active,1,1,8.0,2.0,2,1.0,34.43,70.0,1.0,5.0,2.0,0.0,1.0,0.0,0.0,0.0,0.0,0.0,0.0,2.0,1.0,2.0,,0,0,0,False,5.0,2.0,2.0,2.0,0.0,0,11.0,Low,Low,2 failed authentication events; 1 high-risk IAM events
EMP11513,vedika.mandal79,R&D,Analyst,Active,1,1,4.0,1.0,0,1.0,52.25,91.0,1.0,3.0,2.0,0.0,0.0,0.0,1.0,0.0,0.0,0.0,0.0,0.0,0.0,1.0,,0,0,0,False,1.0,2.0,0.0,6.0,0.0,0,9.0,Low,Low,1 failed authentication events; 1 high-risk IAM events; 1 malware alerts
EMP11514,dakshesh.chaudhari62,Customer Support,Administrator,Inactive,1,1,6.0,1.0,1,3.0,63.25,96.0,1.0,5.0,3.0,1.0,1.0,1.0,1.0,0.0,0.0,0.0,0.0,1.0,0.0,1.0,2026-05-25 15:28:00,4,3,7,True,2.5,6.0,7.0,7.0,12.0,0,34.5,Medium,Medium,1 failed authentication events; 3 high-risk IAM events; 1 malware alerts; 1 critical endpoint alerts; 7 events after identity termination; 1 unresolved critical alerts
EMP11515,yashoda.kalita15,Finance,Trainee,Active,1,1,3.0,2.0,1,1.0,72.0,97.0,1.0,1.0,3.0,0.0,1.0,0.0,3.0,0.0,0.0,1.0,0.0,0.0,0.0,1.0,,0,0,0,False,3.5,2.0,2.0,15.0,0.0,0,22.5,Low,Low,2 failed authentication events; 1 high-risk IAM events; 3 malware alerts; 1 PowerShell alerts
EMP11516,ria.batra56,Marketing,Manager,Active,1,1,4.0,0.0,0,3.0,88.33,96.0,1.0,4.0,2.0,1.0,0.0,0.0,0.0,1.0,0.0,0.0,0.0,1.0,0.0,1.0,,0,0,0,False,0.0,6.0,5.0,7.0,0.0,0,18.0,Low,Low,3 high-risk IAM events; 1 credential-access alerts; 1 critical endpoint alerts
EMP11517,anita.dutt25,Human Resources,Engineer,Active,1,1,5.0,2.0,2,1.0,44.5,84.0,1.0,4.0,4.0,0.0,0.0,0.0,1.0,2.0,0.0,0.0,0.0,1.0,1.0,2.0,,0,0,0,False,5.0,2.0,0.0,15.0,0.0,5,27.0,Medium,Medium,2 failed authentication events; 1 high-risk IAM events; 1 malware alerts; 2 credential-access alerts
EMP11518,vyanjana.chopra88,Marketing,Specialist,Active,1,0,2.0,1.0,2,1.0,62.5,81.0,1.0,1.0,3.0,1.0,0.0,0.0,1.0,0.0,1.0,0.0,0.0,0.0,0.0,1.0,,0,0,0,False,4.0,2.0,5.0,12.0,0.0,5,28.0,Medium,Medium,1 failed authentication events; 1 high-risk IAM events; 1 malware alerts; 1 lateral-movement alerts; 1 critical endpoint alerts
EMP11519,jagvi.kar22,Finance,Specialist,On Leave,0,0,5.0,2.0,3,0.0,30.33,58.0,1.0,2.0,3.0,0.0,2.0,0.0,0.0,0.0,0.0,1.0,0.0,1.0,0.0,1.0,,0,0,0,False,6.5,0.0,4.0,4.0,0.0,0,14.5,Low,Low,2 failed authentication events; 1 PowerShell alerts
EMP11520,kevin.vig54,Marketing,Engineer,Active,1,1,4.0,1.0,1,1.0,40.0,84.0,1.0,3.0,3.0,0.0,1.0,0.0,0.0,0.0,1.0,1.0,0.0,0.0,0.0,2.0,,0,0,0,False,2.5,2.0,2.0,9.0,0.0,0,15.5,Low,Low,1 failed authentication events; 1 high-risk IAM events; 1 lateral-movement alerts; 1 PowerShell alerts
EMP11521,mohini.hegde96,Operations,Trainee,Active,1,1,9.0,4.0,4,3.0,54.29,88.0,1.0,4.0,1.0,0.0,1.0,0.0,0.0,0.0,0.0,1.0,0.0,0.0,0.0,1.0,,0,0,0,False,10.0,6.0,2.0,3.0,0.0,3,24.0,Low,Low,"elevated authentication risk (4 failed auth, 4 MFA failures); 3 high-risk IAM events; 1 PowerShell alerts"
EMP11522,gunbir.rajagopal8,Legal,Consultant,Active,1,1,6.0,2.0,3,1.0,48.5,77.0,1.0,1.0,5.0,1.0,2.0,1.0,0.0,0.0,1.0,1.0,0.0,1.0,0.0,2.0,,0,0,0,False,6.5,2.0,9.0,10.0,2.0,0,29.5,Medium,Medium,2 failed authentication events; 1 high-risk IAM events; 1 lateral-movement alerts; 1 PowerShell alerts; 1 critical endpoint alerts; 1 unresolved critical alerts
EMP11523,urvi.d’alia26,Sales,Administrator,Active,1,1,5.0,1.0,1,1.0,40.4,72.0,1.0,3.0,3.0,2.0,1.0,1.0,1.0,1.0,0.0,0.0,0.0,0.0,0.0,1.0,,0,0,0,False,2.5,2.0,12.0,12.0,2.0,5,35.5,Medium,Medium,1 failed authentication events; 1 high-risk IAM events; 1 malware alerts; 1 credential-access alerts; 2 critical endpoint alerts; 1 unresolved critical alerts
EMP11524,veda.srinivasan95,Sales,Engineer,Disabled,1,1,6.0,1.0,2,3.0,65.4,95.0,1.0,5.0,2.0,0.0,1.0,0.0,2.0,0.0,0.0,0.0,0.0,0.0,0.0,2.0,2022-04-10 07:47:00,6,1,7,True,4.0,6.0,2.0,12.0,10.0,0,34.0,Medium,Medium,1 failed authentication events; 3 high-risk IAM events; 2 malware alerts; 7 events after identity termination
EMP11525,yamini.cherian93,Procurement,Trainee,Active,1,1,6.0,1.0,0,2.0,63.33,89.0,1.0,3.0,4.0,0.0,1.0,0.0,3.0,0.0,0.0,0.0,0.0,0.0,0.0,1.0,,0,0,0,False,1.0,4.0,2.0,12.0,0.0,0,19.0,Low,Low,1 failed authentication events; 2 high-risk IAM events; 3 malware alerts
EMP11526,devansh.nazareth78,Procurement,Director,Active,1,0,1.0,0.0,0,0.0,22.0,22.0,0.0,1.0,3.0,1.0,1.0,0.0,1.0,0.0,0.0,1.0,1.0,1.0,0.0,1.0,,0,0,0,False,0.0,0.0,7.0,14.0,0.0,0,21.0,Low,Low,1 malware alerts; 1 PowerShell alerts; 1 security-tampering alerts; 1 critical endpoint alerts
EMP11527,,Human Resources,Trainee,Active,1,1,6.0,2.0,3,3.0,74.25,98.0,1.0,4.0,1.0,0.0,1.0,0.0,0.0,0.0,0.0,0.0,0.0,1.0,0.0,1.0,,0,0,0,False,6.5,6.0,2.0,1.0,0.0,3,18.5,Low,Low,2 failed authentication events; 3 high-risk IAM events
EMP11528,udyati_thaker20,Procurement,Administrator,Active,1,0,6.0,3.0,3,2.0,55.67,80.0,1.0,3.0,3.0,0.0,1.0,0.0,0.0,0.0,1.0,2.0,0.0,0.0,0.0,1.0,,0,0,0,False,7.5,4.0,2.0,10.0,0.0,0,23.5,Low,Low,3 failed authentication events; 2 high-risk IAM events; 1 lateral-movement alerts; 2 PowerShell alerts
EMP11529,chakradhar.basak98,Brand,Officer,Active,1,0,1.0,0.0,1,0.0,0.0,0.0,1.0,1.0,2.0,0.0,0.0,0.0,0.0,0.0,1.0,0.0,1.0,1.0,0.0,1.0,,0,0,0,False,1.5,0.0,0.0,11.0,0.0,0,12.5,Low,Low,1 lateral-movement alerts; 1 security-tampering alerts
EMP11530,parth.pandey90,Operations,Consultant,Active,1,0,8.0,3.0,2,1.0,41.25,91.0,1.0,5.0,3.0,0.0,2.0,0.0,1.0,0.0,0.0,0.0,0.0,1.0,0.0,1.0,,0,0,0,False,6.0,2.0,4.0,7.0,0.0,0,19.0,Low,Low,3 failed authentication events; 1 high-risk IAM events; 1 malware alerts
EMP11531,lakshit.barad43,Sales,Administrator,Active,1,0,6.0,0.0,1,1.0,41.67,86.0,1.0,5.0,3.0,0.0,1.0,0.0,2.0,1.0,0.0,0.0,0.0,0.0,0.0,1.0,,0,0,0,False,1.5,2.0,2.0,18.0,0.0,5,28.5,Medium,Medium,1 high-risk IAM events; 2 malware alerts; 1 credential-access alerts
EMP11532,anmol.dugar63,IT,Officer,Active,1,1,5.0,2.0,2,1.0,25.75,73.0,1.0,3.0,1.0,0.0,0.0,0.0,0.0,0.0,0.0,0.0,0.0,0.0,0.0,1.0,,0,0,0,False,5.0,2.0,0.0,0.0,0.0,0,7.0,Low,Low,2 failed authentication events; 1 high-risk IAM events
EMP11533,abdul_mitra65,Operations,Officer,Active,1,1,4.0,1.0,1,0.0,50.0,62.0,1.0,3.0,2.0,0.0,0.0,0.0,0.0,0.0,1.0,1.0,0.0,0.0,0.0,1.0,,0,0,0,False,2.5,0.0,0.0,9.0,0.0,0,11.5,Low,Low,1 failed authentication events; 1 lateral-movement alerts; 1 PowerShell alerts
EMP11534,xavier.bal12,Customer Support,Manager,Disabled,1,0,4.0,1.0,1,1.0,73.5,82.0,1.0,2.0,2.0,0.0,0.0,0.0,2.0,0.0,0.0,0.0,0.0,0.0,0.0,2.0,2024-09-23 00:00:00,4,1,5,True,2.5,2.0,0.0,12.0,10.0,0,26.5,Medium,Medium,1 failed authentication events; 1 high-risk IAM events; 2 malware alerts; 5 events after identity termination
EMP11535,dhriti.shere97,Human Resources,Director,Active,1,1,6.0,2.0,3,1.0,45.0,90.0,1.0,4.0,1.0,0.0,0.0,0.0,0.0,0.0,0.0,0.0,0.0,0.0,0.0,1.0,,0,0,0,False,6.5,2.0,0.0,0.0,0.0,0,8.5,Low,Low,2 failed authentication events; 1 high-risk IAM events
EMP11536,lila.rege10,Finance,Specialist,Disabled,1,1,0.0,0.0,0,0.0,0.0,0.0,0.0,0.0,4.0,0.0,1.0,0.0,4.0,0.0,0.0,0.0,1.0,0.0,0.0,2.0,2026-07-09 09:08:00,0,4,4,True,0.0,0.0,2.0,16.0,10.0,0,28.0,Medium,Medium,4 malware alerts; 1 security-tampering alerts; 4 events after identity termination
EMP11537,nachiket.subramaniam52,Procurement,Administrator,Active,1,1,5.0,1.0,4,1.0,57.75,98.0,1.0,4.0,4.0,1.0,0.0,1.0,3.0,0.0,0.0,1.0,1.0,0.0,0.0,2.0,,0,0,0,False,7.0,2.0,5.0,19.0,2.0,0,35.0,Medium,Medium,1 failed authentication events; 1 high-risk IAM events; 3 malware alerts; 1 PowerShell alerts; 1 security-tampering alerts; 1 critical endpoint alerts; 1 unresolved critical alerts
EMP11538,jai.chanda34,Sales,Specialist,Active,1,1,5.0,4.0,3,1.0,31.33,72.0,1.0,3.0,5.0,0.0,0.0,0.0,3.0,0.0,1.0,0.0,1.0,1.0,0.0,2.0,,0,0,0,False,8.5,2.0,0.0,23.0,0.0,10,43.5,Medium,Medium,"elevated authentication risk (4 failed auth, 3 MFA failures); 1 high-risk IAM events; 3 malware alerts; 1 lateral-movement alerts; 1 security-tampering alerts"
EMP11539,aradhana.korpal74,Operations,Specialist,Active,0,1,7.0,2.0,5,1.0,32.0,76.0,1.0,4.0,2.0,0.0,0.0,0.0,0.0,1.0,0.0,0.0,0.0,0.0,0.0,1.0,,0,0,0,False,9.5,2.0,0.0,6.0,0.0,5,22.5,Low,Low,"elevated authentication risk (2 failed auth, 5 MFA failures); 1 high-risk IAM events; 1 credential-access alerts"
EMP11540,daksh.ravel78,IT,Executive,Active,1,1,3.0,0.0,0,1.0,41.5,76.0,1.0,3.0,4.0,0.0,1.0,0.0,2.0,1.0,0.0,1.0,0.0,0.0,0.0,2.0,,0,0,0,False,0.0,2.0,2.0,21.0,0.0,5,30.0,Medium,Medium,1 high-risk IAM events; 2 malware alerts; 1 credential-access alerts; 1 PowerShell alerts
EMP11541,,Sales,Engineer,Inactive,1,1,7.0,2.0,1,3.0,70.17,99.0,1.0,4.0,4.0,0.0,1.0,0.0,2.0,1.0,0.0,1.0,1.0,0.0,0.0,1.0,,0,0,0,False,3.5,6.0,2.0,25.0,0.0,5,41.5,Medium,Medium,2 failed authentication events; 3 high-risk IAM events; 2 malware alerts; 1 credential-access alerts; 1 PowerShell alerts; 1 security-tampering alerts
EMP11542,warinder.thakur28,Operations,Analyst,Disabled,1,1,10.0,5.0,5,1.0,37.12,99.0,1.0,6.0,1.0,0.0,1.0,0.0,1.0,0.0,0.0,0.0,1.0,0.0,0.0,1.0,2026-05-10 02:42:00,9,1,10,True,12.5,2.0,2.0,10.0,10.0,5,41.5,Medium,Medium,"elevated authentication risk (5 failed auth, 5 MFA failures); 1 high-risk IAM events; 1 malware alerts; 1 security-tampering alerts; 10 events after identity termination"
EMP11543,aarini.chandran27,Legal,Analyst,Active,1,1,6.0,2.0,2,1.0,57.0,87.0,1.0,2.0,3.0,0.0,1.0,0.0,1.0,0.0,0.0,1.0,0.0,1.0,0.0,1.0,,0,0,0,False,5.0,2.0,2.0,10.0,0.0,0,19.0,Low,Low,2 failed authentication events; 1 high-risk IAM events; 1 malware alerts; 1 PowerShell alerts
EMP11544,gautam.thakur16,Human Resources,Executive,Active,1,1,7.0,3.0,4,2.0,50.6,84.0,1.0,3.0,2.0,0.0,0.0,0.0,0.0,0.0,1.0,1.0,0.0,0.0,0.0,1.0,,0,0,0,False,9.0,4.0,0.0,9.0,0.0,5,27.0,Medium,Medium,"elevated authentication risk (3 failed auth, 4 MFA failures); 2 high-risk IAM events; 1 lateral-movement alerts; 1 PowerShell alerts"
EMP11545,hritik.shan95,Procurement,Consultant,Active,1,1,1.0,1.0,0,1.0,83.0,83.0,1.0,0.0,4.0,0.0,2.0,0.0,0.0,0.0,2.0,1.0,0.0,0.0,0.0,1.0,,0,0,0,False,1.0,2.0,4.0,11.0,0.0,0,18.0,Low,Low,1 failed authentication events; 1 high-risk IAM events; 2 lateral-movement alerts; 1 PowerShell alerts
EMP11546,aachal.chand47,Innovation,Administrator,Active,1,1,8.0,0.0,3,3.0,55.86,95.0,1.0,5.0,2.0,0.0,1.0,0.0,0.0,0.0,1.0,1.0,0.0,0.0,0.0,1.0,,0,0,0,False,4.5,6.0,2.0,9.0,0.0,3,24.5,Medium,Medium,3 high-risk IAM events; 1 lateral-movement alerts; 1 PowerShell alerts
EMP11547,ryan.rau52,People,Consultant,Active,1,1,69.0,19.0,24,22.0,63.52,99.0,1.0,42.0,2.0,0.0,1.0,0.0,1.0,0.0,0.0,1.0,0.0,0.0,0.0,1.0,,0,0,0,False,20.0,20.0,2.0,9.0,0.0,8,59.0,High,High,"elevated authentication risk (19 failed auth, 24 MFA failures); 22 high-risk IAM events; 1 malware alerts; 1 PowerShell alerts"
EMP11548,suhani.kapur11,Legal,Trainee,Inactive,1,1,2.0,2.0,1,0.0,17.0,17.0,1.0,1.0,3.0,0.0,1.0,0.0,1.0,1.0,0.0,0.0,0.0,1.0,0.0,1.0,2022-07-03 00:00:00,2,2,4,True,3.5,0.0,2.0,13.0,10.0,5,33.5,Medium,Medium,2 failed authentication events; 1 malware alerts; 1 credential-access alerts; 4 events after identity termination
EMP11549,nidhi.chada17,Customer Support,Executive,Active,1,0,6.0,1.0,1,0.0,29.6,62.0,1.0,5.0,4.0,0.0,0.0,0.0,0.0,1.0,2.0,1.0,0.0,0.0,0.0,2.0,,0,0,0,False,2.5,0.0,0.0,17.0,0.0,0,19.5,Low,Low,1 failed authentication events; 1 credential-access alerts; 2 lateral-movement alerts; 1 PowerShell alerts
EMP11550,,Marketing,Consultant,Active,1,1,11.0,2.0,6,4.0,62.14,88.0,1.0,5.0,8.0,1.0,2.0,1.0,4.0,1.0,0.0,2.0,2.0,1.0,0.0,1.0,,0,0,0,False,11.0,8.0,9.0,28.0,2.0,10,68.0,High,High,"elevated authentication risk (2 failed auth, 6 MFA failures); 4 high-risk IAM events; 4 malware alerts; 1 credential-access alerts; 2 PowerShell alerts; 2 security-tampering alerts; 1 critical endpoint alerts; 1 unresolved critical alerts"
EMP11551,pavani.choudhary20,Finance,Consultant,Active,1,1,3.0,0.0,1,1.0,60.5,81.0,1.0,1.0,1.0,0.0,0.0,0.0,0.0,0.0,0.0,0.0,0.0,0.0,0.0,1.0,,0,0,0,False,1.5,2.0,0.0,0.0,0.0,0,3.5,Low,Low,1 high-risk IAM events
EMP11552,dalbir.sharaf34,Supply Chain,Consultant,Active,1,1,4.0,1.0,1,1.0,54.0,92.0,1.0,2.0,0.0,0.0,0.0,0.0,0.0,0.0,0.0,0.0,0.0,0.0,0.0,0.0,,0,0,0,False,2.5,2.0,0.0,0.0,0.0,0,4.5,Low,Low,1 failed authentication events; 1 high-risk IAM events
EMP11553,zaid_chad19,Legal,Analyst,Active,1,1,2.0,1.0,1,1.0,87.0,87.0,1.0,0.0,2.0,0.0,0.0,0.0,1.0,0.0,0.0,0.0,1.0,0.0,0.0,2.0,,0,0,0,False,2.5,2.0,0.0,10.0,0.0,0,14.5,Low,Low,1 failed authentication events; 1 high-risk IAM events; 1 malware alerts; 1 security-tampering alerts
EMP11554,charles.shah45,Sales,Manager,Inactive,1,1,3.0,2.0,1,1.0,67.33,99.0,1.0,1.0,3.0,0.0,2.0,0.0,1.0,0.0,0.0,0.0,0.0,2.0,0.0,1.0,,0,0,0,False,3.5,2.0,4.0,8.0,0.0,0,17.5,Low,Low,2 failed authentication events; 1 high-risk IAM events; 1 malware alerts
EMP11555,urmi.master69,R&D,Executive,Active,1,1,9.0,2.0,1,4.0,58.75,99.0,1.0,7.0,1.0,0.0,0.0,0.0,1.0,0.0,0.0,0.0,0.0,0.0,0.0,1.0,,0,0,0,False,3.5,8.0,0.0,6.0,0.0,0,17.5,Low,Low,2 failed authentication events; 4 high-risk IAM events; 1 malware alerts
EMP11556,bishakha_mangat17,Operations,Officer,Active,1,1,7.0,0.0,3,3.0,75.0,92.0,1.0,6.0,4.0,0.0,1.0,0.0,1.0,2.0,0.0,0.0,0.0,0.0,0.0,1.0,,0,0,0,False,4.5,6.0,2.0,14.0,0.0,8,34.5,Medium,Medium,3 high-risk IAM events; 1 malware alerts; 2 credential-access alerts
EMP11557,oscar.kari74,Sales,Executive,Disabled,1,1,2.0,0.0,0,0.0,0.0,0.0,1.0,1.0,2.0,1.0,0.0,1.0,0.0,0.0,0.0,0.0,0.0,1.0,0.0,1.0,2021-11-29 00:00:00,2,1,3,True,0.0,0.0,5.0,1.0,11.0,0,17.0,Low,Low,1 critical endpoint alerts; 3 events after identity termination; 1 unresolved critical alerts
EMP11558,neelima.divan52,Brand,Specialist,Active,1,1,9.0,3.0,4,1.0,48.8,97.0,1.0,4.0,8.0,1.0,3.0,1.0,2.0,0.0,1.0,3.0,0.0,2.0,0.0,2.0,,0,0,0,False,9.0,2.0,10.0,24.0,2.0,10,57.0,High,High,"elevated authentication risk (3 failed auth, 4 MFA failures); 1 high-risk IAM events; 2 malware alerts; 1 lateral-movement alerts; 3 PowerShell alerts; 1 critical endpoint alerts; 1 unresolved critical alerts"
EMP11559,girish.jayaraman91,R&D,Specialist,Inactive,1,1,4.0,1.0,2,0.0,21.33,32.0,1.0,3.0,1.0,1.0,0.0,1.0,1.0,0.0,0.0,0.0,0.0,0.0,0.0,1.0,,0,0,0,False,4.0,0.0,5.0,6.0,2.0,0,17.0,Low,Low,1 failed authentication events; 1 malware alerts; 1 critical endpoint alerts; 1 unresolved critical alerts
EMP11560,osha.nadig17,Operations,Director,Active,1,1,9.0,2.0,2,1.0,41.67,100.0,1.0,5.0,5.0,0.0,0.0,0.0,2.0,1.0,1.0,1.0,0.0,0.0,0.0,1.0,,0,0,0,False,5.0,2.0,0.0,27.0,0.0,10,44.0,Medium,Medium,2 failed authentication events; 1 high-risk IAM events; 2 malware alerts; 1 credential-access alerts; 1 lateral-movement alerts; 1 PowerShell alerts
EMP11561,aradhana.sarraf50,IT,Engineer,Active,0,1,5.0,0.0,2,0.0,36.33,65.0,1.0,4.0,1.0,0.0,0.0,0.0,0.0,0.0,0.0,0.0,1.0,1.0,0.0,1.0,,0,0,0,False,3.0,0.0,0.0,5.0,0.0,0,8.0,Low,Low,1 security-tampering alerts
EMP11562,upkaar.chaudhary2,Procurement,Trainee,Active,1,1,6.0,2.0,4,2.0,59.4,93.0,1.0,5.0,5.0,0.0,1.0,0.0,3.0,1.0,0.0,1.0,0.0,1.0,0.0,1.0,,0,0,0,False,8.0,4.0,2.0,22.0,0.0,10,46.0,Medium,Medium,"elevated authentication risk (2 failed auth, 4 MFA failures); 2 high-risk IAM events; 3 malware alerts; 1 credential-access alerts; 1 PowerShell alerts"
EMP11563,jeet.raju59,Procurement,Administrator,Active,1,0,5.0,0.0,1,1.0,41.0,85.0,1.0,3.0,2.0,0.0,0.0,0.0,1.0,0.0,0.0,1.0,0.0,0.0,0.0,2.0,,0,0,0,False,1.5,2.0,0.0,9.0,0.0,0,12.5,Low,Low,1 high-risk IAM events; 1 malware alerts; 1 PowerShell alerts
EMP11564,ikbal.bumb44,Operations,Executive,Active,0,1,3.0,1.0,1,1.0,64.33,87.0,1.0,2.0,5.0,0.0,3.0,0.0,4.0,0.0,0.0,0.0,1.0,1.0,0.0,1.0,,0,0,0,False,2.5,2.0,5.0,17.0,0.0,0,26.5,Medium,Medium,1 failed authentication events; 1 high-risk IAM events; 4 malware alerts; 1 security-tampering alerts
EMP11565,aadi.arya44,Customer Support,Administrator,Active,1,1,7.0,5.0,5,2.0,57.5,94.0,1.0,3.0,1.0,0.0,0.0,0.0,1.0,0.0,0.0,0.0,0.0,0.0,0.0,1.0,,0,0,0,False,12.5,4.0,0.0,6.0,0.0,5,27.5,Medium,Medium,"elevated authentication risk (5 failed auth, 5 MFA failures); 2 high-risk IAM events; 1 malware alerts"
EMP11566,ekani.panchal59,Human Resources,Manager,Active,1,1,6.0,1.0,3,2.0,60.33,74.0,1.0,4.0,4.0,0.0,0.0,0.0,2.0,0.0,0.0,1.0,3.0,1.0,0.0,2.0,,0,0,0,False,5.5,4.0,0.0,21.0,0.0,0,30.5,Medium,Medium,1 failed authentication events; 2 high-risk IAM events; 2 malware alerts; 1 PowerShell alerts; 3 security-tampering alerts
EMP11567,hardik.kata71,Human Resources,Officer,Active,1,0,6.0,2.0,2,2.0,54.6,89.0,1.0,3.0,1.0,0.0,0.0,0.0,0.0,0.0,1.0,0.0,0.0,0.0,0.0,1.0,,0,0,0,False,5.0,4.0,0.0,6.0,0.0,0,15.0,Low,Low,2 failed authentication events; 2 high-risk IAM events; 1 lateral-movement alerts
EMP11568,oviya.shukla26,Operations,Officer,Disabled,1,1,8.0,3.0,4,1.0,40.83,87.0,1.0,3.0,5.0,0.0,0.0,0.0,1.0,2.0,0.0,3.0,0.0,1.0,0.0,1.0,2026-01-03 15:00:39,6,4,10,True,9.0,2.0,0.0,19.0,10.0,10,50.0,High,High,"elevated authentication risk (3 failed auth, 4 MFA failures); 1 high-risk IAM events; 1 malware alerts; 2 credential-access alerts; 3 PowerShell alerts; 10 events after identity termination"
EMP11569,lakshit_dutt68,Finance,Consultant,Active,1,1,4.0,0.0,1,1.0,38.67,90.0,1.0,3.0,3.0,0.0,2.0,0.0,1.0,0.0,0.0,3.0,1.0,0.0,1.0,1.0,,0,0,0,False,1.5,2.0,4.0,14.0,0.0,0,21.5,Low,Low,1 high-risk IAM events; 1 malware alerts; 3 PowerShell alerts; 1 security-tampering alerts
EMP11570,xavier.hayre29,Finance,Officer,Active,0,1,4.0,1.0,0,0.0,43.33,69.0,1.0,2.0,0.0,0.0,0.0,0.0,0.0,0.0,0.0,0.0,0.0,0.0,0.0,0.0,,0,0,0,False,1.0,0.0,0.0,0.0,0.0,0,1.0,Low,Low,1 failed authentication events
EMP11571,,R&D,Trainee,Active,1,1,8.0,0.0,1,0.0,34.0,68.0,1.0,8.0,3.0,1.0,1.0,0.0,3.0,0.0,0.0,0.0,1.0,0.0,0.0,2.0,,0,0,0,False,1.5,0.0,7.0,16.0,0.0,0,24.5,Medium,Medium,3 malware alerts; 1 security-tampering alerts; 1 critical endpoint alerts
EMP11572,peter.chowdhury40,Sales,Specialist,Active,1,0,6.0,1.0,0,1.0,53.75,76.0,1.0,5.0,2.0,1.0,0.0,0.0,1.0,0.0,1.0,0.0,0.0,0.0,0.0,1.0,,0,0,0,False,1.0,2.0,5.0,12.0,0.0,5,25.0,Medium,Medium,1 failed authentication events; 1 high-risk IAM events; 1 malware alerts; 1 lateral-movement alerts; 1 critical endpoint alerts
EMP11573,jagrati.dutt21,Sales,Director,Active,0,1,8.0,3.0,5,2.0,58.5,100.0,1.0,4.0,1.0,0.0,0.0,0.0,0.0,0.0,1.0,0.0,0.0,0.0,0.0,1.0,,0,0,0,False,10.5,4.0,0.0,6.0,0.0,5,25.5,Medium,Medium,"elevated authentication risk (3 failed auth, 5 MFA failures); 2 high-risk IAM events; 1 lateral-movement alerts"
EMP11574,rajata.comar45,Human Resources,Engineer,Active,1,1,7.0,3.0,6,2.0,41.29,90.0,1.0,5.0,2.0,0.0,0.0,0.0,0.0,1.0,0.0,0.0,0.0,1.0,0.0,1.0,,0,0,0,False,12.0,4.0,0.0,7.0,0.0,5,28.0,Medium,Medium,"elevated authentication risk (3 failed auth, 6 MFA failures); 2 high-risk IAM events; 1 credential-access alerts"
EMP11575,suhani.gupta20,Sales,Trainee,Active,1,1,5.0,0.0,1,0.0,20.33,57.0,1.0,4.0,2.0,0.0,0.0,0.0,0.0,1.0,0.0,0.0,1.0,1.0,0.0,1.0,,0,0,0,False,1.5,0.0,0.0,11.0,0.0,0,12.5,Low,Low,1 credential-access alerts; 1 security-tampering alerts
EMP11576,timothy.maharaj40,Customer Support,Manager,Active,1,1,9.0,2.0,2,5.0,62.29,85.0,1.0,7.0,2.0,0.0,2.0,0.0,1.0,0.0,0.0,0.0,0.0,0.0,0.0,1.0,,0,0,0,False,5.0,10.0,4.0,6.0,0.0,0,25.0,Medium,Medium,2 failed authentication events; 5 high-risk IAM events; 1 malware alerts
EMP11577,yashodhara_sen16,Customer Support,Specialist,Inactive,1,1,5.0,3.0,3,0.0,48.75,53.0,1.0,3.0,5.0,0.0,1.0,0.0,2.0,1.0,1.0,0.0,1.0,0.0,1.0,1.0,,0,0,0,False,7.5,0.0,2.0,28.0,0.0,10,47.5,Medium,Medium,3 failed authentication events; 2 malware alerts; 1 credential-access alerts; 1 lateral-movement alerts; 1 security-tampering alerts
EMP11578,henry.sami6,Legal,Administrator,Active,1,1,6.0,1.0,3,3.0,72.0,96.0,1.0,4.0,1.0,0.0,0.0,0.0,0.0,0.0,0.0,1.0,0.0,0.0,0.0,1.0,,0,0,0,False,5.5,6.0,0.0,3.0,0.0,3,17.5,Low,Low,1 failed authentication events; 3 high-risk IAM events; 1 PowerShell alerts
EMP11579,naksh.sekhon89,R&D,Administrator,Active,1,1,6.0,1.0,2,1.0,24.2,77.0,1.0,2.0,1.0,0.0,1.0,0.0,0.0,0.0,0.0,1.0,0.0,0.0,0.0,1.0,,0,0,0,False,4.0,2.0,2.0,3.0,0.0,0,11.0,Low,Low,1 failed authentication events; 1 high-risk IAM events; 1 PowerShell alerts
EMP11580,hemangini.goda47,Sales,Trainee,Active,1,1,4.0,1.0,1,2.0,80.0,88.0,1.0,2.0,6.0,1.0,0.0,1.0,1.0,2.0,0.0,2.0,0.0,0.0,0.0,1.0,,0,0,0,False,2.5,4.0,5.0,18.0,2.0,5,36.5,Medium,Medium,1 failed authentication events; 2 high-risk IAM events; 1 malware alerts; 2 credential-access alerts; 2 PowerShell alerts; 1 critical endpoint alerts; 1 unresolved critical alerts
EMP11581,onkar.mital36,Marketing,Administrator,Active,1,1,6.0,1.0,1,3.0,68.67,92.0,1.0,2.0,4.0,0.0,0.0,0.0,1.0,1.0,1.0,0.0,0.0,0.0,0.0,1.0,,0,0,0,False,2.5,6.0,0.0,18.0,0.0,10,36.5,Medium,Medium,1 failed authentication events; 3 high-risk IAM events; 1 malware alerts; 1 credential-access alerts; 1 lateral-movement alerts
EMP11582,aadi.bhasin11,IT,Manager,Active,1,1,1.0,1.0,1,0.0,26.0,26.0,1.0,1.0,4.0,1.0,0.0,1.0,2.0,0.0,0.0,2.0,0.0,1.0,0.0,1.0,,0,0,0,False,2.5,0.0,5.0,17.0,2.0,0,26.5,Medium,Medium,1 failed authentication events; 2 malware alerts; 2 PowerShell alerts; 1 critical endpoint alerts; 1 unresolved critical alerts
EMP11583,hemang.bansal35,Human Resources,Trainee,Active,1,1,66.0,26.0,35,13.0,44.38,97.0,1.0,35.0,3.0,0.0,0.0,0.0,2.0,0.0,0.0,0.0,0.0,0.0,1.0,1.0,,0,0,0,False,20.0,20.0,0.0,12.0,0.0,8,60.0,High,High,"elevated authentication risk (26 failed auth, 35 MFA failures); 13 high-risk IAM events; 2 malware alerts"
EMP11584,indali.walla86,Compliance,Analyst,Disabled,1,1,7.0,2.0,3,2.0,62.4,98.0,1.0,4.0,2.0,0.0,0.0,0.0,1.0,0.0,0.0,1.0,0.0,0.0,0.0,1.0,,0,0,0,False,6.5,4.0,0.0,9.0,0.0,0,19.5,Low,Low,2 failed authentication events; 2 high-risk IAM events; 1 malware alerts; 1 PowerShell alerts
EMP11585,,Sales,Consultant,Active,1,1,4.0,2.0,1,0.0,24.67,55.0,1.0,2.0,3.0,0.0,1.0,0.0,1.0,1.0,1.0,0.0,0.0,0.0,0.0,2.0,,0,0,0,False,3.5,0.0,2.0,18.0,0.0,10,33.5,Medium,Medium,2 failed authentication events; 1 malware alerts; 1 credential-access alerts; 1 lateral-movement alerts
EMP11586,gunbir.goda45,R&D,Trainee,Inactive,1,1,8.0,2.0,2,2.0,44.67,87.0,1.0,4.0,4.0,0.0,2.0,0.0,1.0,0.0,0.0,1.0,0.0,3.0,0.0,1.0,,0,0,0,False,5.0,4.0,4.0,11.0,0.0,0,24.0,Low,Low,2 failed authentication events; 2 high-risk IAM events; 1 malware alerts; 1 PowerShell alerts
EMP11587,isaac.bora28,Procurement,Executive,Active,1,1,8.0,1.0,3,0.0,33.38,67.0,1.0,4.0,2.0,0.0,0.0,0.0,0.0,1.0,0.0,0.0,1.0,1.0,0.0,1.0,,0,0,0,False,5.5,0.0,0.0,11.0,0.0,0,16.5,Low,Low,1 failed authentication events; 1 credential-access alerts; 1 security-tampering alerts
EMP11588,ati.choudhury94,R&D,Administrator,Active,1,1,3.0,1.0,2,1.0,72.5,93.0,1.0,2.0,2.0,1.0,0.0,1.0,1.0,0.0,0.0,2.0,0.0,1.0,0.0,1.0,,0,0,0,False,4.0,2.0,5.0,11.0,2.0,0,24.0,Low,Low,1 failed authentication events; 1 high-risk IAM events; 1 malware alerts; 2 PowerShell alerts; 1 critical endpoint alerts; 1 unresolved critical alerts
EMP11589,gaurangi.patel7,Operations,Trainee,Active,1,1,5.0,3.0,2,1.0,39.0,79.0,1.0,3.0,2.0,1.0,0.0,1.0,1.0,0.0,0.0,1.0,0.0,0.0,0.0,1.0,,0,0,0,False,6.0,2.0,5.0,9.0,2.0,0,24.0,Low,Low,3 failed authentication events; 1 high-risk IAM events; 1 malware alerts; 1 PowerShell alerts; 1 critical endpoint alerts; 1 unresolved critical alerts
EMP11590,mahika.som71,Operations,Director,Disabled,1,1,3.0,0.0,0,0.0,48.0,48.0,1.0,3.0,2.0,1.0,0.0,1.0,0.0,1.0,1.0,0.0,1.0,0.0,0.0,1.0,2025-12-31 04:54:19,3,2,5,True,0.0,0.0,5.0,16.0,12.0,0,33.0,Medium,Medium,1 credential-access alerts; 1 lateral-movement alerts; 1 security-tampering alerts; 1 critical endpoint alerts; 5 events after identity termination; 1 unresolved critical alerts
EMP11591,dalaja.tak30,Operations,Administrator,Active,1,1,11.0,1.0,5,2.0,51.71,90.0,1.0,6.0,0.0,0.0,0.0,0.0,0.0,0.0,0.0,0.0,0.0,0.0,0.0,0.0,,0,0,0,False,8.5,4.0,0.0,0.0,0.0,0,12.5,Low,Low,"elevated authentication risk (1 failed auth, 5 MFA failures); 2 high-risk IAM events"
EMP11592,manthan.badal24,Legal,Engineer,Active,1,1,4.0,1.0,1,1.0,49.33,78.0,1.0,2.0,4.0,0.0,1.0,0.0,2.0,0.0,1.0,1.0,1.0,0.0,0.0,1.0,,0,0,0,False,2.5,2.0,2.0,25.0,0.0,5,36.5,Medium,Medium,1 failed authentication events; 1 high-risk IAM events; 2 malware alerts; 1 lateral-movement alerts; 1 PowerShell alerts; 1 security-tampering alerts
EMP11593,,Finance,Executive,Active,1,1,5.0,0.0,2,1.0,63.33,98.0,1.0,4.0,0.0,0.0,0.0,0.0,0.0,0.0,0.0,0.0,0.0,0.0,0.0,0.0,,0,0,0,False,3.0,2.0,0.0,0.0,0.0,0,5.0,Low,Low,1 high-risk IAM events
EMP11594,vrinda.ganesan90,Customer Support,Administrator,Active,1,1,2.0,0.0,1,0.0,18.0,18.0,1.0,2.0,2.0,0.0,1.0,0.0,0.0,0.0,1.0,1.0,0.0,0.0,0.0,1.0,,0,0,0,False,1.5,0.0,2.0,9.0,0.0,0,12.5,Low,Low,1 lateral-movement alerts; 1 PowerShell alerts
EMP11595,xalak.sathe12,People,Specialist,Active,1,0,5.0,0.0,1,1.0,41.67,74.0,1.0,3.0,1.0,0.0,0.0,0.0,1.0,0.0,0.0,0.0,0.0,0.0,0.0,1.0,,0,0,0,False,1.5,2.0,0.0,6.0,0.0,0,9.5,Low,Low,1 high-risk IAM events; 1 malware alerts
EMP11596,avi.kant18,Legal,Manager,Active,1,1,6.0,4.0,3,2.0,75.0,94.0,1.0,1.0,2.0,0.0,1.0,0.0,1.0,0.0,0.0,1.0,0.0,0.0,0.0,1.0,,0,0,0,False,8.5,4.0,2.0,9.0,0.0,5,28.5,Medium,Medium,"elevated authentication risk (4 failed auth, 3 MFA failures); 2 high-risk IAM events; 1 malware alerts; 1 PowerShell alerts"
EMP11597,isha.bhargava57,IT,Engineer,Inactive,1,1,5.0,1.0,0,1.0,48.8,79.0,1.0,3.0,1.0,0.0,1.0,0.0,1.0,0.0,0.0,1.0,0.0,0.0,0.0,1.0,,0,0,0,False,1.0,2.0,2.0,9.0,0.0,0,14.0,Low,Low,1 failed authentication events; 1 high-risk IAM events; 1 malware alerts; 1 PowerShell alerts
EMP11598,megha_shetty89,Sales,Engineer,Disabled,1,0,5.0,2.0,2,0.0,0.0,0.0,1.0,4.0,4.0,0.0,2.0,0.0,2.0,1.0,0.0,0.0,0.0,1.0,0.0,1.0,2023-04-23 18:11:06,5,4,9,True,5.0,0.0,4.0,19.0,10.0,5,43.0,Medium,Medium,2 failed authentication events; 2 malware alerts; 1 credential-access alerts; 9 events after identity termination
EMP11599,hardik.krishnan79,R&D,Trainee,Inactive,1,1,5.0,1.0,2,1.0,53.5,85.0,1.0,4.0,6.0,1.0,1.0,1.0,3.0,0.0,0.0,0.0,0.0,3.0,0.0,1.0,,0,0,0,False,4.0,2.0,7.0,14.0,2.0,0,29.0,Medium,Medium,1 failed authentication events; 1 high-risk IAM events; 3 malware alerts; 1 critical endpoint alerts; 1 unresolved critical alerts
EMP11600,gagan.mitter67,Procurement,Director,Active,1,1,68.0,19.0,25,16.0,49.06,97.0,1.0,36.0,2.0,1.0,1.0,1.0,0.0,0.0,0.0,1.0,1.0,1.0,0.0,1.0,,0,0,0,False,20.0,20.0,7.0,8.0,2.0,8,65.0,High,High,"elevated authentication risk (19 failed auth, 25 MFA failures); 16 high-risk IAM events; 1 PowerShell alerts; 1 security-tampering alerts; 1 critical endpoint alerts; 1 unresolved critical alerts"
EMP11601,ethan.choudhry47,Marketing,Director,Active,1,1,0.0,0.0,0,0.0,0.0,0.0,0.0,0.0,4.0,1.0,1.0,1.0,1.0,0.0,2.0,0.0,0.0,0.0,0.0,2.0,,0,0,0,False,0.0,0.0,7.0,14.0,2.0,5,28.0,Medium,Medium,1 malware alerts; 2 lateral-movement alerts; 1 critical endpoint alerts; 1 unresolved critical alerts
EMP11602,ekavir_nigam18,Operations,Engineer,Active,1,1,8.0,4.0,4,3.0,65.33,98.0,1.0,3.0,3.0,0.0,2.0,0.0,1.0,1.0,0.0,0.0,0.0,1.0,0.0,1.0,,0,0,0,False,10.0,6.0,4.0,13.0,0.0,10,43.0,Medium,Medium,"elevated authentication risk (4 failed auth, 4 MFA failures); 3 high-risk IAM events; 1 malware alerts; 1 credential-access alerts"
EMP11603,nicholas.tara41,Human Resources,Specialist,Active,1,1,5.0,3.0,3,1.0,49.75,100.0,1.0,2.0,1.0,0.0,0.0,0.0,0.0,0.0,0.0,1.0,0.0,0.0,0.0,1.0,,0,0,0,False,7.5,2.0,0.0,3.0,0.0,0,12.5,Low,Low,3 failed authentication events; 1 high-risk IAM events; 1 PowerShell alerts
EMP11604,aashi.bajaj29,R&D,Administrator,Active,1,1,4.0,2.0,1,0.0,19.33,38.0,1.0,0.0,4.0,0.0,3.0,0.0,0.0,1.0,1.0,0.0,2.0,1.0,1.0,1.0,,0,0,0,False,3.5,0.0,5.0,18.0,0.0,0,26.5,Medium,Medium,2 failed authentication events; 1 credential-access alerts; 1 lateral-movement alerts; 2 security-tampering alerts
EMP11605,chakrika.sharma22,IT,Officer,Active,1,1,7.0,2.0,3,1.0,48.57,96.0,1.0,7.0,5.0,0.0,1.0,0.0,1.0,2.0,1.0,2.0,1.0,0.0,0.0,1.0,,0,0,0,False,6.5,2.0,2.0,28.0,0.0,10,48.5,Medium,Medium,2 failed authentication events; 1 high-risk IAM events; 1 malware alerts; 2 credential-access alerts; 1 lateral-movement alerts; 2 PowerShell alerts; 1 security-tampering alerts
EMP11606,manya.kale19,People,Consultant,Active,1,0,4.0,2.0,3,0.0,26.0,44.0,1.0,2.0,1.0,0.0,1.0,0.0,0.0,0.0,0.0,0.0,1.0,1.0,0.0,1.0,,0,0,0,False,6.5,0.0,2.0,5.0,0.0,0,13.5,Low,Low,2 failed authentication events; 1 security-tampering alerts
EMP11607,shivansh.chaudhry63,Legal,Executive,Active,1,1,4.0,1.0,1,0.0,8.0,8.0,1.0,4.0,1.0,0.0,0.0,0.0,0.0,0.0,1.0,0.0,0.0,0.0,0.0,1.0,,0,0,0,False,2.5,0.0,0.0,6.0,0.0,0,8.5,Low,Low,1 failed authentication events; 1 lateral-movement alerts
EMP11608,ati.chana43,Sales,Specialist,Active,1,1,7.0,2.0,3,0.0,46.0,55.0,1.0,5.0,0.0,0.0,0.0,0.0,0.0,0.0,0.0,0.0,0.0,0.0,0.0,0.0,,0,0,0,False,6.5,0.0,0.0,0.0,0.0,0,6.5,Low,Low,2 failed authentication events
EMP11609,,Operations,Analyst,Active,1,1,4.0,2.0,3,0.0,34.5,59.0,1.0,1.0,0.0,0.0,0.0,0.0,0.0,0.0,0.0,0.0,0.0,0.0,0.0,0.0,,0,0,0,False,6.5,0.0,0.0,0.0,0.0,0,6.5,Low,Low,2 failed authentication events
EMP11610,daksh.dhar53,Finance,Engineer,Disabled,1,1,3.0,1.0,1,0.0,0.0,0.0,1.0,2.0,4.0,0.0,0.0,0.0,1.0,0.0,1.0,2.0,0.0,0.0,0.0,1.0,2024-06-17 10:45:00,3,4,7,True,2.5,0.0,0.0,16.0,10.0,5,33.5,Medium,Medium,1 failed authentication events; 1 malware alerts; 1 lateral-movement alerts; 2 PowerShell alerts; 7 events after identity termination
EMP11611,sara.ganesh12,Human Resources,Director,Active,1,1,5.0,1.0,1,1.0,56.0,97.0,1.0,3.0,7.0,1.0,0.0,1.0,4.0,0.0,1.0,1.0,2.0,2.0,0.0,2.0,,0,0,0,False,2.5,2.0,5.0,28.0,2.0,5,44.5,Medium,Medium,1 failed authentication events; 1 high-risk IAM events; 4 malware alerts; 1 lateral-movement alerts; 1 PowerShell alerts; 2 security-tampering alerts; 1 critical endpoint alerts; 1 unresolved critical alerts
EMP11612,aarush.vasa18,Operations,Executive,Active,1,1,5.0,3.0,2,2.0,45.6,78.0,1.0,3.0,5.0,0.0,0.0,0.0,2.0,1.0,0.0,2.0,1.0,1.0,0.0,1.0,,0,0,0,False,6.0,4.0,0.0,27.0,0.0,5,42.0,Medium,Medium,3 failed authentication events; 2 high-risk IAM events; 2 malware alerts; 1 credential-access alerts; 2 PowerShell alerts; 1 security-tampering alerts
EMP11613,kevin.ahuja64,Human Resources,Executive,Active,1,1,3.0,2.0,2,2.0,77.33,86.0,1.0,2.0,3.0,0.0,1.0,0.0,1.0,0.0,0.0,2.0,1.0,0.0,0.0,1.0,,0,0,0,False,5.0,4.0,2.0,14.0,0.0,0,25.0,Medium,Medium,2 failed authentication events; 2 high-risk IAM events; 1 malware alerts; 2 PowerShell alerts; 1 security-tampering alerts
EMP11614,lucky.goda58,Human Resources,Officer,Active,1,0,5.0,2.0,2,0.0,34.25,67.0,1.0,3.0,2.0,0.0,1.0,0.0,0.0,0.0,1.0,0.0,1.0,1.0,0.0,1.0,,0,0,0,False,5.0,0.0,2.0,11.0,0.0,0,18.0,Low,Low,2 failed authentication events; 1 lateral-movement alerts; 1 security-tampering alerts
EMP11615,akshay.maharaj13,Finance,Analyst,Active,1,1,7.0,2.0,0,1.0,65.0,99.0,1.0,5.0,4.0,0.0,0.0,0.0,2.0,0.0,1.0,1.0,0.0,0.0,1.0,2.0,,0,0,0,False,2.0,2.0,0.0,21.0,0.0,5,30.0,Medium,Medium,2 failed authentication events; 1 high-risk IAM events; 2 malware alerts; 1 lateral-movement alerts; 1 PowerShell alerts
EMP11616,arunima.sampath73,Operations,Manager,Active,1,1,6.0,2.0,1,2.0,67.75,95.0,1.0,4.0,2.0,0.0,0.0,0.0,1.0,0.0,0.0,0.0,1.0,1.0,1.0,1.0,,0,0,0,False,3.5,4.0,0.0,11.0,0.0,0,18.5,Low,Low,2 failed authentication events; 2 high-risk IAM events; 1 malware alerts; 1 security-tampering alerts
EMP11617,ryan.sarin13,Finance,Specialist,Inactive,1,1,3.0,0.0,1,0.0,52.33,58.0,1.0,2.0,5.0,0.0,2.0,0.0,1.0,1.0,0.0,3.0,1.0,0.0,0.0,1.0,2026-03-13 12:55:42,3,4,7,True,1.5,0.0,4.0,20.0,10.0,5,40.5,Medium,Medium,1 malware alerts; 1 credential-access alerts; 3 PowerShell alerts; 1 security-tampering alerts; 7 events after identity termination
EMP11618,,IT,Specialist,Disabled,1,1,5.0,2.0,2,2.0,89.0,94.0,1.0,3.0,2.0,0.0,0.0,0.0,0.0,1.0,0.0,1.0,0.0,0.0,0.0,1.0,,0,0,0,False,5.0,4.0,0.0,9.0,0.0,0,18.0,Low,Low,2 failed authentication events; 2 high-risk IAM events; 1 credential-access alerts; 1 PowerShell alerts
EMP11619,ekiya_banik24,Supply Chain,Officer,Active,1,1,1.0,1.0,1,0.0,0.0,0.0,1.0,0.0,4.0,0.0,0.0,0.0,1.0,0.0,1.0,1.0,1.0,0.0,0.0,1.0,,0,0,0,False,2.5,0.0,0.0,19.0,0.0,5,26.5,Medium,Medium,1 failed authentication events; 1 malware alerts; 1 lateral-movement alerts; 1 PowerShell alerts; 1 security-tampering alerts
EMP11620,ira.choudhury44,R&D,Officer,Inactive,1,1,6.0,1.0,2,1.0,62.25,70.0,1.0,1.0,0.0,0.0,0.0,0.0,0.0,0.0,0.0,0.0,0.0,0.0,0.0,0.0,2026-01-17 23:51:00,4,0,4,True,4.0,2.0,0.0,0.0,10.0,0,16.0,Low,Low,1 failed authentication events; 1 high-risk IAM events; 4 events after identity termination
EMP11621,wriddhish.chaudhari31,R&D,Engineer,Active,1,1,9.0,3.0,5,2.0,49.62,79.0,1.0,6.0,2.0,0.0,1.0,0.0,2.0,0.0,0.0,1.0,0.0,0.0,0.0,1.0,,0,0,0,False,10.5,4.0,2.0,15.0,0.0,5,36.5,Medium,Medium,"elevated authentication risk (3 failed auth, 5 MFA failures); 2 high-risk IAM events; 2 malware alerts; 1 PowerShell alerts"
EMP11622,abhiram.issac85,Procurement,Manager,Active,1,0,2.0,2.0,2,0.0,0.0,0.0,1.0,0.0,2.0,0.0,0.0,0.0,1.0,0.0,0.0,0.0,0.0,1.0,0.0,1.0,,0,0,0,False,5.0,0.0,0.0,7.0,0.0,0,12.0,Low,Low,2 failed authentication events; 1 malware alerts
EMP11623,edhitha.khatri73,Procurement,Officer,Active,1,1,3.0,1.0,1,2.0,76.33,94.0,1.0,3.0,1.0,0.0,0.0,0.0,0.0,0.0,0.0,0.0,0.0,0.0,0.0,0.0,,0,0,0,False,2.5,4.0,0.0,0.0,0.0,0,6.5,Low,Low,1 failed authentication events; 2 high-risk IAM events
EMP11624,bishakha_ghose98,Sales,Administrator,Active,0,1,5.0,1.0,3,2.0,54.25,88.0,1.0,2.0,3.0,0.0,2.0,0.0,0.0,0.0,0.0,1.0,1.0,1.0,0.0,1.0,,0,0,0,False,5.5,4.0,4.0,8.0,0.0,0,21.5,Low,Low,1 failed authentication events; 2 high-risk IAM events; 1 PowerShell alerts; 1 security-tampering alerts
EMP11625,vansha.bhalla14,Operations,Officer,Active,1,1,7.0,1.0,3,3.0,59.0,93.0,1.0,6.0,1.0,0.0,0.0,0.0,0.0,0.0,0.0,0.0,0.0,1.0,0.0,0.0,,0,0,0,False,5.5,6.0,0.0,1.0,0.0,3,15.5,Low,Low,1 failed authentication events; 3 high-risk IAM events
EMP11626,charita_hari90,IT,Officer,Inactive,1,1,12.0,6.0,5,1.0,45.38,86.0,1.0,5.0,2.0,0.0,0.0,0.0,0.0,2.0,0.0,1.0,0.0,0.0,0.0,1.0,,0,0,0,False,13.5,2.0,0.0,11.0,0.0,5,31.5,Medium,Medium,"elevated authentication risk (6 failed auth, 5 MFA failures); 1 high-risk IAM events; 2 credential-access alerts; 1 PowerShell alerts"
EMP11627,anthony.chadha70,Finance,Consultant,Active,1,1,5.0,1.0,3,1.0,40.67,78.0,1.0,2.0,3.0,0.0,0.0,0.0,0.0,0.0,0.0,1.0,1.0,0.0,0.0,1.0,,0,0,0,False,5.5,2.0,0.0,7.0,0.0,0,14.5,Low,Low,1 failed authentication events; 1 high-risk IAM events; 1 PowerShell alerts; 1 security-tampering alerts
EMP11628,gautami.chaudhry69,IT,Director,Disabled,1,1,6.0,1.0,4,2.0,47.8,84.0,1.0,4.0,0.0,0.0,0.0,0.0,0.0,0.0,0.0,0.0,0.0,0.0,0.0,0.0,2024-07-08 02:07:44,5,0,5,True,7.0,4.0,0.0,0.0,10.0,0,21.0,Low,Low,1 failed authentication events; 2 high-risk IAM events; 5 events after identity termination
EMP11629,max.subramanian13,Innovation,Executive,Active,1,1,7.0,1.0,2,0.0,40.0,63.0,1.0,7.0,4.0,0.0,0.0,0.0,2.0,1.0,0.0,0.0,0.0,1.0,1.0,1.0,,0,0,0,False,4.0,0.0,0.0,19.0,0.0,5,28.0,Medium,Medium,1 failed authentication events; 2 malware alerts; 1 credential-access alerts
EMP11630,lakshmi.lalla82,Procurement,Analyst,Inactive,1,1,9.0,1.0,3,4.0,53.12,95.0,1.0,9.0,4.0,0.0,0.0,0.0,0.0,0.0,0.0,2.0,1.0,1.0,0.0,2.0,,0,0,0,False,5.5,8.0,0.0,9.0,0.0,3,25.5,Medium,Medium,1 failed authentication events; 4 high-risk IAM events; 2 PowerShell alerts; 1 security-tampering alerts
EMP11631,libni.ahuja85,Operations,Executive,Inactive,1,1,6.0,0.0,2,0.0,41.0,68.0,1.0,6.0,3.0,0.0,0.0,0.0,2.0,0.0,0.0,1.0,0.0,0.0,0.0,1.0,2024-01-08 22:02:03,6,2,8,True,3.0,0.0,0.0,15.0,10.0,0,28.0,Medium,Medium,2 malware alerts; 1 PowerShell alerts; 8 events after identity termination
EMP11632,wridesh.thakur86,Brand,Director,Active,1,1,5.0,3.0,1,0.0,29.5,45.0,1.0,2.0,4.0,0.0,0.0,0.0,2.0,0.0,1.0,1.0,1.0,0.0,0.0,1.0,,0,0,0,False,4.5,0.0,0.0,25.0,0.0,5,34.5,Medium,Medium,3 failed authentication events; 2 malware alerts; 1 lateral-movement alerts; 1 PowerShell alerts; 1 security-tampering alerts
EMP11633,nakul.sodhi53,IT,Director,Active,1,1,5.0,0.0,2,0.0,26.5,63.0,1.0,3.0,0.0,0.0,0.0,0.0,0.0,0.0,0.0,0.0,0.0,0.0,0.0,0.0,,0,0,0,False,3.0,0.0,0.0,0.0,0.0,0,3.0,Low,Low,No high-priority risk drivers
EMP11634,xavier.thaker63,Marketing,Specialist,Active,1,1,7.0,5.0,3,1.0,37.8,72.0,1.0,5.0,5.0,0.0,1.0,0.0,2.0,0.0,0.0,2.0,1.0,0.0,0.0,2.0,,0,0,0,False,9.5,2.0,2.0,20.0,0.0,5,38.5,Medium,Medium,"elevated authentication risk (5 failed auth, 3 MFA failures); 1 high-risk IAM events; 2 malware alerts; 2 PowerShell alerts; 1 security-tampering alerts"
EMP11635,varenya.gopal89,Sales,Manager,Active,1,1,3.0,2.0,2,0.0,9.0,9.0,1.0,2.0,0.0,0.0,0.0,0.0,0.0,0.0,0.0,0.0,0.0,0.0,0.0,0.0,,0,0,0,False,5.0,0.0,0.0,0.0,0.0,0,5.0,Low,Low,2 failed authentication events
EMP11636,yasti.wagle42,Finance,Administrator,Active,1,1,2.0,1.0,2,0.0,33.5,46.0,1.0,1.0,5.0,0.0,0.0,0.0,4.0,0.0,0.0,0.0,0.0,1.0,0.0,2.0,,0,0,0,False,4.0,0.0,0.0,13.0,0.0,0,17.0,Low,Low,1 failed authentication events; 4 malware alerts
EMP11637,daniel.raj34,People,Manager,Active,1,1,3.0,0.0,1,1.0,46.67,90.0,1.0,2.0,3.0,1.0,0.0,1.0,2.0,0.0,0.0,0.0,0.0,0.0,0.0,1.0,,0,0,0,False,1.5,2.0,5.0,12.0,2.0,0,22.5,Low,Low,1 high-risk IAM events; 2 malware alerts; 1 critical endpoint alerts; 1 unresolved critical alerts
EMP11638,daniel.kala5,R&D,Trainee,Active,1,1,7.0,2.0,5,1.0,43.0,76.0,1.0,2.0,5.0,0.0,1.0,0.0,3.0,1.0,0.0,1.0,1.0,0.0,0.0,1.0,,0,0,0,False,9.5,2.0,2.0,25.0,0.0,10,48.5,Medium,Medium,"elevated authentication risk (2 failed auth, 5 MFA failures); 1 high-risk IAM events; 3 malware alerts; 1 credential-access alerts; 1 PowerShell alerts; 1 security-tampering alerts"
EMP11639,farhan.bedi89,Human Resources,Engineer,Active,1,1,6.0,1.0,2,2.0,50.0,81.0,1.0,4.0,3.0,0.0,0.0,0.0,1.0,1.0,0.0,1.0,1.0,0.0,0.0,2.0,,0,0,0,False,4.0,4.0,0.0,19.0,0.0,5,32.0,Medium,Medium,1 failed authentication events; 2 high-risk IAM events; 1 malware alerts; 1 credential-access alerts; 1 PowerShell alerts; 1 security-tampering alerts
EMP11640,meghana.chana6,Customer Support,Engineer,Active,1,1,5.0,2.0,4,2.0,44.4,94.0,1.0,2.0,1.0,0.0,1.0,0.0,0.0,0.0,1.0,0.0,0.0,0.0,0.0,0.0,,0,0,0,False,8.0,4.0,2.0,6.0,0.0,5,25.0,Medium,Medium,"elevated authentication risk (2 failed auth, 4 MFA failures); 2 high-risk IAM events; 1 lateral-movement alerts"
EMP11641,chakrika.garde44,Marketing,Executive,Inactive,1,1,3.0,0.0,1,1.0,70.0,70.0,1.0,3.0,3.0,1.0,0.0,1.0,1.0,0.0,1.0,1.0,1.0,0.0,0.0,2.0,2021-10-12 23:21:58,3,3,6,True,1.5,2.0,5.0,19.0,12.0,5,44.5,Medium,Medium,1 high-risk IAM events; 1 malware alerts; 1 lateral-movement alerts; 1 PowerShell alerts; 1 security-tampering alerts; 1 critical endpoint alerts; 6 events after identity termination; 1 unresolved critical alerts
EMP11642,samesh_tandon65,People,Engineer,Active,1,1,6.0,3.0,2,2.0,60.17,95.0,1.0,4.0,4.0,1.0,0.0,1.0,3.0,0.0,0.0,0.0,0.0,0.0,0.0,2.0,,0,0,0,False,6.0,4.0,5.0,12.0,2.0,0,29.0,Medium,Medium,3 failed authentication events; 2 high-risk IAM events; 3 malware alerts; 1 critical endpoint alerts; 1 unresolved critical alerts
EMP11643,odika.varughese57,Human Resources,Engineer,Active,1,0,7.0,2.0,2,1.0,32.6,72.0,1.0,3.0,5.0,2.0,1.0,2.0,1.0,0.0,2.0,0.0,0.0,1.0,0.0,1.0,,0,0,0,False,5.0,2.0,12.0,15.0,4.0,5,43.0,Medium,Medium,2 failed authentication events; 1 high-risk IAM events; 1 malware alerts; 2 lateral-movement alerts; 2 critical endpoint alerts; 2 unresolved critical alerts
EMP11644,ayushman.dara8,Human Resources,Manager,Active,1,1,3.0,2.0,1,1.0,64.5,74.0,1.0,1.0,3.0,1.0,1.0,1.0,1.0,0.0,1.0,0.0,0.0,0.0,0.0,1.0,,0,0,0,False,3.5,2.0,7.0,12.0,2.0,5,31.5,Medium,Medium,2 failed authentication events; 1 high-risk IAM events; 1 malware alerts; 1 lateral-movement alerts; 1 critical endpoint alerts; 1 unresolved critical alerts
EMP11645,falak.chhabra48,IT,Executive,Active,1,1,4.0,1.0,1,1.0,56.5,94.0,1.0,3.0,4.0,0.0,1.0,0.0,2.0,1.0,0.0,2.0,1.0,1.0,1.0,2.0,,0,0,0,False,2.5,2.0,2.0,27.0,0.0,5,38.5,Medium,Medium,1 failed authentication events; 1 high-risk IAM events; 2 malware alerts; 1 credential-access alerts; 2 PowerShell alerts; 1 security-tampering alerts
EMP11646,fariq.bajwa50,Procurement,Manager,Active,1,1,6.0,1.0,2,3.0,67.25,84.0,1.0,6.0,1.0,1.0,0.0,1.0,0.0,0.0,0.0,0.0,0.0,1.0,0.0,1.0,,0,0,0,False,4.0,6.0,5.0,1.0,2.0,0,18.0,Low,Low,1 failed authentication events; 3 high-risk IAM events; 1 critical endpoint alerts; 1 unresolved critical alerts
EMP11647,simon.kapoor61,Supply Chain,Director,Active,1,1,6.0,1.0,3,3.0,61.4,98.0,1.0,2.0,0.0,0.0,0.0,0.0,0.0,0.0,0.0,0.0,0.0,0.0,0.0,0.0,,0,0,0,False,5.5,6.0,0.0,0.0,0.0,3,14.5,Low,Low,1 failed authentication events; 3 high-risk IAM events
EMP11648,parth.varma79,Marketing,Consultant,Inactive,1,1,11.0,5.0,1,3.0,45.1,87.0,1.0,6.0,3.0,0.0,1.0,0.0,1.0,0.0,0.0,1.0,1.0,0.0,0.0,1.0,2024-05-13 16:24:48,9,2,11,True,6.5,11.0,2.0,13.0,10.0,0,42.5,Medium,Medium,5 failed authentication events; 3 high-risk IAM events; 1 malware alerts; 1 PowerShell alerts; 1 security-tampering alerts; 11 events after identity termination
EMP11649,ekbal.dhar82,Finance,Director,Active,1,1,5.0,1.0,1,0.0,35.5,42.0,1.0,1.0,5.0,1.0,0.0,0.0,0.0,1.0,2.0,1.0,0.0,2.0,0.0,2.0,,0,0,0,False,2.5,0.0,5.0,19.0,0.0,0,26.5,Medium,Medium,1 failed authentication events; 1 credential-access alerts; 2 lateral-movement alerts; 1 PowerShell alerts; 1 critical endpoint alerts
EMP11650,charita.rattan19,IT,Trainee,Disabled,1,1,5.0,3.0,2,3.0,72.6,98.0,1.0,2.0,1.0,0.0,0.0,0.0,1.0,0.0,0.0,0.0,0.0,0.0,0.0,1.0,2026-01-31 22:07:00,3,1,4,True,6.0,6.0,0.0,6.0,10.0,0,28.0,Medium,Medium,3 failed authentication events; 3 high-risk IAM events; 1 malware alerts; 4 events after identity termination
EMP11651,ethan.bhattacharyya54,Legal,Trainee,Inactive,1,1,4.0,0.0,3,1.0,43.67,81.0,1.0,1.0,3.0,0.0,0.0,0.0,0.0,1.0,0.0,1.0,0.0,0.0,0.0,1.0,,0,0,0,False,4.5,2.0,0.0,9.0,0.0,0,15.5,Low,Low,1 high-risk IAM events; 1 credential-access alerts; 1 PowerShell alerts
EMP11652,,Legal,Executive,Active,1,1,2.0,1.0,2,1.0,100.0,100.0,1.0,1.0,5.0,1.0,2.0,1.0,1.0,0.0,0.0,2.0,0.0,0.0,0.0,1.0,,0,0,0,False,4.0,2.0,9.0,10.0,2.0,0,27.0,Medium,Medium,1 failed authentication events; 1 high-risk IAM events; 1 malware alerts; 2 PowerShell alerts; 1 critical endpoint alerts; 1 unresolved critical alerts
EMP11653,balhaar.bhakta94,Procurement,Consultant,Active,1,1,2.0,0.0,0,0.0,41.0,63.0,1.0,1.0,2.0,0.0,1.0,0.0,0.0,1.0,0.0,0.0,0.0,1.0,0.0,2.0,,0,0,0,False,0.0,0.0,2.0,7.0,0.0,0,9.0,Low,Low,1 credential-access alerts
EMP11654,rachita.nagi61,Human Resources,Officer,Inactive,1,0,6.0,2.0,3,1.0,50.25,75.0,1.0,3.0,3.0,0.0,0.0,0.0,1.0,0.0,1.0,0.0,1.0,1.0,0.0,1.0,2025-09-23 07:57:41,6,3,9,True,6.5,2.0,0.0,17.0,10.0,5,40.5,Medium,Medium,2 failed authentication events; 1 high-risk IAM events; 1 malware alerts; 1 lateral-movement alerts; 1 security-tampering alerts; 9 events after identity termination
EMP11655,gautam.sama21,Legal,Officer,Active,1,1,4.0,0.0,1,0.0,38.75,56.0,1.0,3.0,3.0,0.0,2.0,0.0,1.0,0.0,2.0,0.0,1.0,0.0,0.0,1.0,,0,0,0,False,1.5,0.0,4.0,18.0,0.0,5,28.5,Medium,Medium,1 malware alerts; 2 lateral-movement alerts; 1 security-tampering alerts
EMP11656,qabil.sastry23,Marketing,Specialist,Active,1,1,5.0,1.0,2,2.0,64.0,100.0,1.0,4.0,2.0,0.0,2.0,0.0,1.0,1.0,0.0,0.0,1.0,0.0,0.0,2.0,,0,0,0,False,4.0,4.0,4.0,16.0,0.0,5,33.0,Medium,Medium,1 failed authentication events; 2 high-risk IAM events; 1 malware alerts; 1 credential-access alerts; 1 security-tampering alerts
EMP11657,yadavi.balay60,Sales,Executive,Active,1,1,4.0,2.0,2,1.0,46.5,91.0,1.0,1.0,3.0,1.0,0.0,1.0,1.0,0.0,1.0,0.0,0.0,1.0,0.0,2.0,,0,0,0,False,5.0,2.0,5.0,13.0,2.0,5,32.0,Medium,Medium,2 failed authentication events; 1 high-risk IAM events; 1 malware alerts; 1 lateral-movement alerts; 1 critical endpoint alerts; 1 unresolved critical alerts
EMP11658,abha.baria81,IT,Manager,Active,1,1,4.0,1.0,0,1.0,67.67,89.0,1.0,3.0,3.0,0.0,1.0,0.0,2.0,1.0,0.0,0.0,0.0,0.0,0.0,1.0,,0,0,0,False,1.0,2.0,2.0,18.0,0.0,5,28.0,Medium,Medium,1 failed authentication events; 1 high-risk IAM events; 2 malware alerts; 1 credential-access alerts
EMP11659,vritti.sundaram41,Operations,Engineer,Active,1,0,6.0,4.0,4,0.0,31.67,63.0,1.0,2.0,2.0,0.0,0.0,0.0,1.0,0.0,0.0,1.0,1.0,0.0,0.0,1.0,,0,0,0,False,10.0,0.0,0.0,13.0,0.0,5,28.0,Medium,Medium,"elevated authentication risk (4 failed auth, 4 MFA failures); 1 malware alerts; 1 PowerShell alerts; 1 security-tampering alerts"
EMP11660,naksh.ramachandran75,Innovation,Trainee,Active,1,0,4.0,1.0,1,0.0,2.0,2.0,1.0,3.0,5.0,0.0,2.0,0.0,0.0,0.0,3.0,0.0,1.0,0.0,0.0,1.0,,0,0,0,False,2.5,0.0,4.0,12.0,0.0,0,18.5,Low,Low,1 failed authentication events; 3 lateral-movement alerts; 1 security-tampering alerts
EMP11661,rachana.badami21,Finance,Executive,Inactive,1,1,2.0,1.0,2,0.0,0.0,0.0,1.0,1.0,2.0,0.0,1.0,0.0,2.0,0.0,0.0,1.0,0.0,0.0,0.0,1.0,2025-10-31 19:58:25,1,2,3,True,4.0,0.0,2.0,15.0,9.0,0,30.0,Medium,Medium,1 failed authentication events; 2 malware alerts; 1 PowerShell alerts; 3 events after identity termination
EMP11662,aishani.dugal36,Sales,Manager,Active,0,1,6.0,0.0,2,1.0,51.4,99.0,1.0,5.0,6.0,1.0,3.0,1.0,3.0,0.0,1.0,1.0,0.0,1.0,0.0,2.0,,0,0,0,False,3.0,2.0,10.0,22.0,2.0,5,44.0,Medium,Medium,1 high-risk IAM events; 3 malware alerts; 1 lateral-movement alerts; 1 PowerShell alerts; 1 critical endpoint alerts; 1 unresolved critical alerts
EMP11663,jagrati.bava61,Legal,Trainee,Active,1,1,2.0,1.0,1,0.0,34.5,55.0,1.0,1.0,2.0,0.0,1.0,0.0,0.0,0.0,0.0,1.0,1.0,1.0,0.0,1.0,,0,0,0,False,2.5,0.0,2.0,8.0,0.0,0,12.5,Low,Low,1 failed authentication events; 1 PowerShell alerts; 1 security-tampering alerts
EMP11664,qabil.vig75,Procurement,Executive,Inactive,1,0,9.0,3.0,5,2.0,53.62,90.0,1.0,6.0,2.0,0.0,1.0,0.0,0.0,0.0,0.0,0.0,0.0,2.0,0.0,1.0,2025-07-17 20:17:58,9,2,11,True,10.5,4.0,2.0,2.0,10.0,0,28.5,Medium,Medium,"elevated authentication risk (3 failed auth, 5 MFA failures); 2 high-risk IAM events; 11 events after identity termination"
EMP11665,oni_goda48,Human Resources,Executive,Active,1,1,48.0,8.0,20,12.0,54.85,97.0,1.0,25.0,4.0,1.0,0.0,1.0,2.0,0.0,0.0,1.0,0.0,1.0,0.0,1.0,,0,0,0,False,18.0,20.0,5.0,16.0,2.0,8,69.0,High,High,"elevated authentication risk (8 failed auth, 20 MFA failures); 12 high-risk IAM events; 2 malware alerts; 1 PowerShell alerts; 1 critical endpoint alerts; 1 unresolved critical alerts"
EMP11666,jai.purohit86,Sales,Consultant,Active,1,1,5.0,2.0,3,2.0,71.25,91.0,1.0,2.0,4.0,0.0,2.0,0.0,1.0,0.0,0.0,0.0,1.0,2.0,0.0,2.0,,0,0,0,False,6.5,4.0,4.0,12.0,0.0,0,26.5,Medium,Medium,2 failed authentication events; 2 high-risk IAM events; 1 malware alerts; 1 security-tampering alerts
EMP11667,inaya.nagy54,Finance,Consultant,Active,1,1,5.0,0.0,3,3.0,84.0,92.0,1.0,2.0,2.0,0.0,0.0,0.0,1.0,0.0,0.0,1.0,0.0,0.0,0.0,1.0,,0,0,0,False,4.5,6.0,0.0,9.0,0.0,3,22.5,Low,Low,3 high-risk IAM events; 1 malware alerts; 1 PowerShell alerts
EMP11668,jeremiah.salvi4,R&D,Consultant,Active,1,1,9.0,3.0,3,2.0,42.83,86.0,1.0,5.0,3.0,1.0,1.0,1.0,1.0,0.0,0.0,1.0,1.0,0.0,0.0,1.0,,0,0,0,False,7.5,4.0,7.0,13.0,2.0,0,33.5,Medium,Medium,3 failed authentication events; 2 high-risk IAM events; 1 malware alerts; 1 PowerShell alerts; 1 security-tampering alerts; 1 critical endpoint alerts; 1 unresolved critical alerts
EMP11669,hitesh.patil44,IT,Administrator,Active,1,1,11.0,2.0,4,1.0,28.62,71.0,1.0,7.0,2.0,2.0,0.0,2.0,0.0,1.0,0.0,1.0,0.0,1.0,0.0,1.0,,0,0,0,False,8.0,2.0,10.0,10.0,4.0,5,39.0,Medium,Medium,"elevated authentication risk (2 failed auth, 4 MFA failures); 1 high-risk IAM events; 1 credential-access alerts; 1 PowerShell alerts; 2 critical endpoint alerts; 2 unresolved critical alerts"
EMP11670,vritti.badal80,IT,Specialist,Active,0,1,5.0,3.0,3,1.0,59.0,100.0,1.0,1.0,3.0,0.0,1.0,0.0,1.0,1.0,0.0,0.0,0.0,1.0,0.0,1.0,,0,0,0,False,7.5,2.0,2.0,13.0,0.0,5,29.5,Medium,Medium,3 failed authentication events; 1 high-risk IAM events; 1 malware alerts; 1 credential-access alerts
EMP11671,viraj.chaudhuri89,Marketing,Director,Disabled,1,1,7.0,2.0,2,1.0,36.33,97.0,1.0,7.0,4.0,0.0,0.0,0.0,1.0,0.0,3.0,0.0,1.0,0.0,0.0,1.0,,0,0,0,False,5.0,2.0,0.0,18.0,0.0,5,30.0,Medium,Medium,2 failed authentication events; 1 high-risk IAM events; 1 malware alerts; 3 lateral-movement alerts; 1 security-tampering alerts
EMP11672,ishwar.ganesan93,Marketing,Officer,Active,1,1,5.0,2.0,1,1.0,34.8,78.0,1.0,2.0,4.0,0.0,0.0,0.0,2.0,0.0,1.0,0.0,0.0,0.0,0.0,2.0,,0,0,0,False,3.5,2.0,0.0,18.0,0.0,5,28.5,Medium,Medium,2 failed authentication events; 1 high-risk IAM events; 2 malware alerts; 1 lateral-movement alerts
EMP11673,arya_dhillon11,Operations,Officer,Disabled,1,1,5.0,1.0,1,2.0,54.5,77.0,1.0,5.0,1.0,0.0,0.0,0.0,0.0,0.0,0.0,0.0,0.0,0.0,0.0,1.0,2022-06-01 20:16:07,4,1,5,True,2.5,4.0,0.0,0.0,10.0,0,16.5,Low,Low,1 failed authentication events; 2 high-risk IAM events; 5 events after identity termination
EMP11674,sudiksha.shenoy74,Sales,Manager,Active,1,1,5.0,3.0,3,1.0,35.0,90.0,1.0,4.0,3.0,0.0,0.0,0.0,2.0,0.0,0.0,1.0,0.0,0.0,0.0,1.0,,0,0,0,False,7.5,2.0,0.0,15.0,0.0,0,24.5,Medium,Medium,3 failed authentication events; 1 high-risk IAM events; 2 malware alerts; 1 PowerShell alerts
EMP11675,jatin.narasimhan80,People,Executive,Active,1,1,5.0,1.0,2,0.0,27.75,36.0,1.0,3.0,2.0,0.0,0.0,0.0,1.0,0.0,0.0,0.0,0.0,0.0,0.0,2.0,,0,0,0,False,4.0,0.0,0.0,6.0,0.0,0,10.0,Low,Low,1 failed authentication events; 1 malware alerts
EMP11676,balhaar.swaminathan14,Procurement,Manager,Active,1,1,7.0,5.0,3,2.0,53.71,99.0,1.0,3.0,1.0,0.0,0.0,0.0,0.0,1.0,0.0,0.0,1.0,0.0,0.0,1.0,,0,0,0,False,9.5,4.0,0.0,10.0,0.0,5,28.5,Medium,Medium,"elevated authentication risk (5 failed auth, 3 MFA failures); 2 high-risk IAM events; 1 credential-access alerts; 1 security-tampering alerts"
EMP11677,sachi.bains24,People,Manager,Active,1,1,5.0,2.0,1,0.0,63.5,68.0,1.0,1.0,3.0,0.0,1.0,0.0,1.0,0.0,0.0,1.0,1.0,1.0,0.0,2.0,,0,0,0,False,3.5,0.0,2.0,14.0,0.0,0,19.5,Low,Low,2 failed authentication events; 1 malware alerts; 1 PowerShell alerts; 1 security-tampering alerts
EMP11678,alka_tata42,Customer Support,Engineer,Active,1,1,12.0,3.0,4,2.0,40.67,84.0,1.0,10.0,5.0,0.0,2.0,0.0,1.0,0.0,0.0,2.0,0.0,1.0,1.0,2.0,,0,0,0,False,9.0,4.0,4.0,11.0,0.0,5,33.0,Medium,Medium,"elevated authentication risk (3 failed auth, 4 MFA failures); 2 high-risk IAM events; 1 malware alerts; 2 PowerShell alerts"
EMP11679,jacob.devan87,Procurement,Analyst,Active,1,1,4.0,0.0,0,0.0,23.5,26.0,1.0,2.0,6.0,1.0,2.0,1.0,1.0,0.0,1.0,1.0,1.0,1.0,0.0,2.0,,0,0,0,False,0.0,0.0,9.0,20.0,2.0,5,36.0,Medium,Medium,1 malware alerts; 1 lateral-movement alerts; 1 PowerShell alerts; 1 security-tampering alerts; 1 critical endpoint alerts; 1 unresolved critical alerts
EMP11680,widisha.parikh34,Finance,Officer,Active,1,1,7.0,5.0,4,0.0,27.83,66.0,1.0,2.0,6.0,0.0,3.0,0.0,3.0,1.0,0.0,1.0,1.0,1.0,0.0,1.0,,0,0,0,False,11.0,0.0,5.0,26.0,0.0,10,52.0,High,High,"elevated authentication risk (5 failed auth, 4 MFA failures); 3 malware alerts; 1 credential-access alerts; 1 PowerShell alerts; 1 security-tampering alerts"
EMP11681,ayushman.varty42,Sales,Executive,Active,1,1,4.0,2.0,3,1.0,53.33,76.0,1.0,1.0,6.0,0.0,0.0,0.0,1.0,0.0,1.0,1.0,1.0,1.0,0.0,2.0,,0,0,0,False,6.5,2.0,0.0,20.0,0.0,5,33.5,Medium,Medium,2 failed authentication events; 1 high-risk IAM events; 1 malware alerts; 1 lateral-movement alerts; 1 PowerShell alerts; 1 security-tampering alerts
EMP11682,azad.sahota28,Compliance,Administrator,Active,1,1,7.0,2.0,4,0.0,47.5,69.0,1.0,4.0,5.0,1.0,2.0,1.0,1.0,2.0,0.0,0.0,0.0,0.0,0.0,1.0,,0,0,0,False,8.0,0.0,9.0,14.0,2.0,10,43.0,Medium,Medium,"elevated authentication risk (2 failed auth, 4 MFA failures); 1 malware alerts; 2 credential-access alerts; 1 critical endpoint alerts; 1 unresolved critical alerts"
EMP11683,maanav.venkatesh88,Marketing,Administrator,Active,1,0,5.0,1.0,3,0.0,51.0,51.0,1.0,4.0,9.0,0.0,1.0,0.0,2.0,1.0,2.0,2.0,0.0,1.0,0.0,1.0,,0,0,0,False,5.5,0.0,2.0,30.0,0.0,10,47.5,Medium,Medium,1 failed authentication events; 2 malware alerts; 1 credential-access alerts; 2 lateral-movement alerts; 2 PowerShell alerts
EMP11684,timothy.gopal8,Supply Chain,Director,Active,1,1,3.0,0.0,1,0.0,66.0,66.0,1.0,1.0,0.0,0.0,0.0,0.0,0.0,0.0,0.0,0.0,0.0,0.0,0.0,0.0,,0,0,0,False,1.5,0.0,0.0,0.0,0.0,0,1.5,Low,Low,No high-priority risk drivers
EMP11685,zaid.kata76,Operations,Specialist,Active,1,1,5.0,1.0,2,1.0,90.0,90.0,1.0,2.0,0.0,0.0,0.0,0.0,0.0,0.0,0.0,0.0,0.0,0.0,0.0,0.0,,0,0,0,False,4.0,2.0,0.0,0.0,0.0,0,6.0,Low,Low,1 failed authentication events; 1 high-risk IAM events
EMP11686,ekani.bhat62,Operations,Trainee,Active,1,1,6.0,1.0,1,2.0,65.5,86.0,1.0,5.0,2.0,0.0,0.0,0.0,1.0,0.0,0.0,0.0,0.0,0.0,0.0,2.0,,0,0,0,False,2.5,4.0,0.0,6.0,0.0,0,12.5,Low,Low,1 failed authentication events; 2 high-risk IAM events; 1 malware alerts
EMP11687,wridesh.karpe22,IT,Consultant,Active,1,1,8.0,3.0,4,0.0,29.6,56.0,1.0,5.0,5.0,0.0,3.0,0.0,0.0,1.0,1.0,2.0,0.0,1.0,0.0,1.0,,0,0,0,False,9.0,0.0,5.0,17.0,0.0,5,36.0,Medium,Medium,"elevated authentication risk (3 failed auth, 4 MFA failures); 1 credential-access alerts; 1 lateral-movement alerts; 2 PowerShell alerts"
EMP11688,pranav.master58,Finance,Executive,Inactive,1,1,4.0,2.0,2,0.0,26.67,58.0,1.0,3.0,2.0,1.0,0.0,1.0,0.0,1.0,0.0,0.0,0.0,0.0,0.0,2.0,2024-06-06 00:00:00,2,1,3,True,5.0,0.0,5.0,6.0,11.0,0,27.0,Medium,Medium,2 failed authentication events; 1 credential-access alerts; 1 critical endpoint alerts; 3 events after identity termination; 1 unresolved critical alerts
EMP11689,vaishnavi.kant81,Finance,Director,Disabled,1,1,6.0,2.0,3,2.0,44.2,96.0,1.0,3.0,2.0,1.0,0.0,0.0,1.0,0.0,0.0,0.0,0.0,1.0,0.0,1.0,,0,0,0,False,6.5,4.0,5.0,7.0,0.0,0,22.5,Low,Low,2 failed authentication events; 2 high-risk IAM events; 1 malware alerts; 1 critical endpoint alerts
EMP11690,madhav.handa28,People,Analyst,Active,1,1,6.0,1.0,1,2.0,60.0,90.0,1.0,2.0,7.0,0.0,0.0,0.0,2.0,1.0,2.0,2.0,2.0,0.0,0.0,1.0,,0,0,0,False,2.5,4.0,0.0,30.0,0.0,10,46.5,Medium,Medium,1 failed authentication events; 2 high-risk IAM events; 2 malware alerts; 1 credential-access alerts; 2 lateral-movement alerts; 2 PowerShell alerts; 2 security-tampering alerts
EMP11691,warjas.bedi21,Marketing,Officer,Active,1,1,7.0,2.0,4,3.0,55.5,85.0,1.0,3.0,1.0,0.0,0.0,0.0,0.0,0.0,0.0,0.0,0.0,1.0,0.0,1.0,,0,0,0,False,8.0,6.0,0.0,1.0,0.0,3,18.0,Low,Low,"elevated authentication risk (2 failed auth, 4 MFA failures); 3 high-risk IAM events"
EMP11692,qarin.rau21,R&D,Analyst,On Leave,1,1,8.0,1.0,2,1.0,37.12,96.0,1.0,7.0,1.0,0.0,1.0,0.0,0.0,0.0,1.0,0.0,0.0,0.0,0.0,1.0,,0,0,0,False,4.0,2.0,2.0,6.0,0.0,0,14.0,Low,Low,1 failed authentication events; 1 high-risk IAM events; 1 lateral-movement alerts
EMP11693,madhav.murthy19,Sales,Officer,Active,0,1,6.0,3.0,4,0.0,38.2,54.0,1.0,5.0,3.0,0.0,1.0,0.0,3.0,0.0,0.0,0.0,0.0,0.0,0.0,1.0,,0,0,0,False,9.0,0.0,2.0,12.0,0.0,5,28.0,Medium,Medium,"elevated authentication risk (3 failed auth, 4 MFA failures); 3 malware alerts"
EMP11694,abhiram.badal81,Marketing,Specialist,Active,1,1,9.0,5.0,5,2.0,63.5,96.0,1.0,4.0,4.0,0.0,3.0,0.0,3.0,0.0,1.0,0.0,0.0,0.0,0.0,2.0,,0,0,0,False,12.5,4.0,5.0,18.0,0.0,10,49.5,High,High,"elevated authentication risk (5 failed auth, 5 MFA failures); 2 high-risk IAM events; 3 malware alerts; 1 lateral-movement alerts"
EMP11695,fiyaz.mishra48,Finance,Consultant,Active,1,1,6.0,1.0,3,1.0,51.25,87.0,1.0,3.0,2.0,0.0,0.0,0.0,0.0,2.0,0.0,0.0,0.0,0.0,0.0,1.0,,0,0,0,False,5.5,2.0,0.0,8.0,0.0,0,15.5,Low,Low,1 failed authentication events; 1 high-risk IAM events; 2 credential-access alerts
EMP11696,amrita.saran42,Sales,Consultant,Active,1,1,6.0,3.0,2,1.0,48.33,90.0,1.0,1.0,2.0,0.0,1.0,0.0,1.0,0.0,0.0,0.0,0.0,1.0,0.0,1.0,,0,0,0,False,6.0,2.0,2.0,7.0,0.0,0,17.0,Low,Low,3 failed authentication events; 1 high-risk IAM events; 1 malware alerts
EMP11697,gautami.batra90,Sales,Executive,On Leave,1,1,9.0,4.0,3,2.0,41.86,72.0,1.0,6.0,2.0,0.0,1.0,0.0,0.0,0.0,2.0,0.0,0.0,0.0,0.0,1.0,,0,0,0,False,8.5,4.0,2.0,8.0,0.0,5,27.5,Medium,Medium,"elevated authentication risk (4 failed auth, 3 MFA failures); 2 high-risk IAM events; 2 lateral-movement alerts"
EMP11698,mahika.sarraf31,Sales,Trainee,Active,1,1,6.0,2.0,3,0.0,36.33,69.0,1.0,2.0,2.0,0.0,2.0,0.0,1.0,0.0,0.0,0.0,0.0,0.0,0.0,2.0,,0,0,0,False,6.5,0.0,4.0,6.0,0.0,0,16.5,Low,Low,2 failed authentication events; 1 malware alerts
EMP11699,vansha.mani80,Operations,Manager,Active,1,1,8.0,3.0,4,1.0,43.33,100.0,1.0,5.0,4.0,1.0,2.0,0.0,2.0,1.0,0.0,1.0,2.0,0.0,0.0,1.0,,0,0,0,False,9.0,2.0,9.0,26.0,0.0,10,56.0,High,High,"elevated authentication risk (3 failed auth, 4 MFA failures); 1 high-risk IAM events; 2 malware alerts; 1 credential-access alerts; 1 PowerShell alerts; 2 security-tampering alerts; 1 critical endpoint alerts"
EMP11700,bahadurjit.ratta50,Sales,Administrator,Disabled,1,1,5.0,2.0,0,1.0,80.0,80.0,1.0,2.0,1.0,0.0,0.0,0.0,1.0,0.0,0.0,0.0,1.0,0.0,0.0,1.0,2022-05-27 05:52:57,5,0,5,True,2.0,2.0,0.0,10.0,10.0,0,24.0,Low,Low,2 failed authentication events; 1 high-risk IAM events; 1 malware alerts; 1 security-tampering alerts; 5 events after identity termination
EMP11701,aarav.malhotra46,Procurement,Trainee,On Leave,1,1,6.0,2.0,2,3.0,70.17,97.0,1.0,4.0,1.0,0.0,0.0,0.0,0.0,1.0,0.0,1.0,1.0,0.0,0.0,1.0,,0,0,0,False,5.0,6.0,0.0,13.0,0.0,0,24.0,Low,Low,2 failed authentication events; 3 high-risk IAM events; 1 credential-access alerts; 1 PowerShell alerts; 1 security-tampering alerts
EMP11702,hemang.bakshi78,Customer Support,Engineer,On Leave,1,0,6.0,2.0,2,1.0,42.2,83.0,1.0,3.0,1.0,0.0,0.0,0.0,0.0,0.0,1.0,0.0,0.0,0.0,0.0,1.0,,0,0,0,False,5.0,2.0,0.0,6.0,0.0,0,13.0,Low,Low,2 failed authentication events; 1 high-risk IAM events; 1 lateral-movement alerts
EMP11703,jagdish.mammen94,IT,Engineer,Active,1,0,1.0,1.0,1,0.0,29.0,29.0,1.0,0.0,2.0,1.0,0.0,1.0,0.0,0.0,1.0,0.0,0.0,0.0,0.0,1.0,,0,0,0,False,2.5,0.0,5.0,6.0,2.0,0,15.5,Low,Low,1 failed authentication events; 1 lateral-movement alerts; 1 critical endpoint alerts; 1 unresolved critical alerts
EMP11704,abeer.goel2,Marketing,Administrator,Active,0,1,5.0,1.0,1,2.0,56.5,77.0,1.0,2.0,3.0,0.0,1.0,0.0,0.0,0.0,1.0,1.0,0.0,1.0,0.0,1.0,,0,0,0,False,2.5,4.0,2.0,10.0,0.0,0,18.5,Low,Low,1 failed authentication events; 2 high-risk IAM events; 1 lateral-movement alerts; 1 PowerShell alerts
EMP11705,arin.bir11,Operations,Trainee,Active,1,1,5.0,3.0,3,2.0,53.0,89.0,1.0,2.0,4.0,1.0,0.0,1.0,0.0,3.0,1.0,0.0,0.0,0.0,0.0,1.0,,0,0,0,False,7.5,4.0,5.0,14.0,2.0,0,32.5,Medium,Medium,3 failed authentication events; 2 high-risk IAM events; 3 credential-access alerts; 1 lateral-movement alerts; 1 critical endpoint alerts; 1 unresolved critical alerts
EMP11706,jyoti.saraf98,Operations,Manager,Active,1,0,5.0,2.0,2,1.0,65.33,99.0,1.0,4.0,1.0,0.0,0.0,0.0,0.0,1.0,0.0,0.0,0.0,0.0,0.0,1.0,,0,0,0,False,5.0,2.0,0.0,6.0,0.0,0,13.0,Low,Low,2 failed authentication events; 1 high-risk IAM events; 1 credential-access alerts
EMP11707,hemal_rama76,Finance,Consultant,Inactive,1,1,7.0,3.0,3,4.0,67.17,95.0,1.0,4.0,4.0,0.0,0.0,0.0,0.0,0.0,2.0,1.0,0.0,1.0,1.0,1.0,2024-12-31 00:00:00,6,3,9,True,7.5,8.0,0.0,12.0,10.0,3,40.5,Medium,Medium,3 failed authentication events; 4 high-risk IAM events; 2 lateral-movement alerts; 1 PowerShell alerts; 9 events after identity termination
EMP11708,rachita_nath49,Customer Support,Analyst,Active,1,0,5.0,1.0,1,1.0,48.33,100.0,1.0,4.0,6.0,0.0,3.0,0.0,3.0,1.0,0.0,3.0,1.0,0.0,0.0,2.0,,0,0,0,False,2.5,2.0,5.0,26.0,0.0,5,40.5,Medium,Medium,1 failed authentication events; 1 high-risk IAM events; 3 malware alerts; 1 credential-access alerts; 3 PowerShell alerts; 1 security-tampering alerts
EMP11709,bhavna.patel98,IT,Administrator,Active,1,1,9.0,4.0,2,2.0,51.14,98.0,1.0,5.0,4.0,0.0,0.0,0.0,1.0,0.0,1.0,1.0,0.0,0.0,0.0,1.0,,0,0,0,False,7.0,4.0,0.0,15.0,0.0,5,31.0,Medium,Medium,4 failed authentication events; 2 high-risk IAM events; 1 malware alerts; 1 lateral-movement alerts; 1 PowerShell alerts
EMP11710,advaith.barman92,Finance,Trainee,Active,1,1,8.0,2.0,4,0.0,28.14,43.0,1.0,6.0,1.0,0.0,0.0,0.0,0.0,1.0,0.0,0.0,0.0,0.0,0.0,1.0,,0,0,0,False,8.0,0.0,0.0,6.0,0.0,5,19.0,Low,Low,"elevated authentication risk (2 failed auth, 4 MFA failures); 1 credential-access alerts"
EMP11711,kai.chatterjee31,Human Resources,Consultant,Active,1,1,4.0,2.0,1,2.0,80.5,91.0,1.0,2.0,5.0,0.0,0.0,0.0,1.0,1.0,1.0,1.0,1.0,2.0,0.0,2.0,,0,0,0,False,3.5,4.0,0.0,27.0,0.0,10,44.5,Medium,Medium,2 failed authentication events; 2 high-risk IAM events; 1 malware alerts; 1 credential-access alerts; 1 lateral-movement alerts; 1 PowerShell alerts; 1 security-tampering alerts
EMP11712,vasatika.kunda70,IT,Officer,Active,1,1,2.0,1.0,0,0.0,13.0,13.0,1.0,1.0,4.0,0.0,0.0,0.0,1.0,0.0,0.0,3.0,0.0,0.0,0.0,1.0,,0,0,0,False,1.0,0.0,0.0,10.0,0.0,0,11.0,Low,Low,1 failed authentication events; 1 malware alerts; 3 PowerShell alerts
EMP11713,gabriel_pal27,R&D,Executive,Active,1,1,5.0,3.0,2,2.0,60.8,95.0,1.0,3.0,4.0,2.0,0.0,1.0,2.0,1.0,0.0,0.0,0.0,0.0,0.0,1.0,,0,0,0,False,6.0,4.0,10.0,18.0,2.0,5,45.0,Medium,Medium,3 failed authentication events; 2 high-risk IAM events; 2 malware alerts; 1 credential-access alerts; 2 critical endpoint alerts; 1 unresolved critical alerts
EMP11714,ekaraj.nagar7,Sales,Trainee,Active,1,0,4.0,0.0,1,0.0,58.0,64.0,1.0,2.0,6.0,0.0,0.0,0.0,2.0,0.0,0.0,2.0,0.0,3.0,1.0,1.0,,0,0,0,False,1.5,0.0,0.0,18.0,0.0,0,19.5,Low,Low,2 malware alerts; 2 PowerShell alerts
EMP11715,harinakshi.kohli18,Customer Support,Consultant,Active,1,0,12.0,2.0,3,2.0,32.6,77.0,1.0,7.0,2.0,1.0,1.0,1.0,0.0,0.0,0.0,0.0,0.0,1.0,0.0,1.0,,0,0,0,False,6.5,4.0,7.0,1.0,2.0,0,20.5,Low,Low,2 failed authentication events; 2 high-risk IAM events; 1 critical endpoint alerts; 1 unresolved critical alerts
EMP11716,samaksh.buch64,IT,Director,Active,0,1,8.0,4.0,5,2.0,42.5,94.0,1.0,4.0,4.0,0.0,0.0,0.0,1.0,1.0,0.0,2.0,1.0,0.0,0.0,1.0,,0,0,0,False,11.5,4.0,0.0,20.0,0.0,10,45.5,Medium,Medium,"elevated authentication risk (4 failed auth, 5 MFA failures); 2 high-risk IAM events; 1 malware alerts; 1 credential-access alerts; 2 PowerShell alerts; 1 security-tampering alerts"
EMP11717,jatin.saha63,IT,Consultant,Inactive,1,1,4.0,2.0,2,0.0,42.0,57.0,1.0,2.0,2.0,1.0,0.0,1.0,0.0,0.0,0.0,0.0,0.0,1.0,0.0,1.0,,0,0,0,False,5.0,0.0,5.0,1.0,2.0,0,13.0,Low,Low,2 failed authentication events; 1 critical endpoint alerts; 1 unresolved critical alerts
EMP11718,ishaan.ratta20,Customer Support,Analyst,Active,1,1,6.0,3.0,3,4.0,65.8,95.0,1.0,4.0,3.0,0.0,2.0,0.0,2.0,0.0,0.0,0.0,1.0,1.0,0.0,2.0,,0,0,0,False,7.5,8.0,4.0,17.0,0.0,3,39.5,Medium,Medium,3 failed authentication events; 4 high-risk IAM events; 2 malware alerts; 1 security-tampering alerts
EMP11719,jack_solanki21,Sales,Specialist,Active,1,1,6.0,0.0,1,1.0,39.5,83.0,1.0,5.0,1.0,0.0,0.0,0.0,0.0,1.0,0.0,0.0,0.0,0.0,0.0,1.0,,0,0,0,False,1.5,2.0,0.0,6.0,0.0,0,9.5,Low,Low,1 high-risk IAM events; 1 credential-access alerts
EMP11720,faqid.dixit37,R&D,Analyst,Active,1,1,3.0,1.0,0,0.0,18.5,34.0,1.0,1.0,2.0,1.0,0.0,1.0,2.0,0.0,0.0,1.0,0.0,0.0,0.0,1.0,,0,0,0,False,1.0,0.0,5.0,15.0,2.0,0,23.0,Low,Low,1 failed authentication events; 2 malware alerts; 1 PowerShell alerts; 1 critical endpoint alerts; 1 unresolved critical alerts
EMP11721,frederick.vasa15,IT,Director,Active,1,1,3.0,1.0,0,0.0,34.33,64.0,1.0,2.0,4.0,0.0,2.0,0.0,2.0,1.0,0.0,0.0,0.0,1.0,0.0,2.0,,0,0,0,False,1.0,0.0,4.0,19.0,0.0,5,29.0,Medium,Medium,1 failed authentication events; 2 malware alerts; 1 credential-access alerts
EMP11722,jyoti.gaba89,Sales,Specialist,Active,1,1,2.0,2.0,1,1.0,95.0,95.0,1.0,1.0,2.0,1.0,1.0,1.0,0.0,0.0,1.0,1.0,1.0,0.0,0.0,1.0,,0,0,0,False,3.5,2.0,7.0,13.0,2.0,0,27.5,Medium,Medium,2 failed authentication events; 1 high-risk IAM events; 1 lateral-movement alerts; 1 PowerShell alerts; 1 security-tampering alerts; 1 critical endpoint alerts; 1 unresolved critical alerts
EMP11723,yashica.pandey33,Sales,Officer,Active,1,1,6.0,4.0,2,3.0,52.67,98.0,1.0,1.0,2.0,0.0,0.0,0.0,1.0,0.0,0.0,0.0,0.0,1.0,0.0,1.0,,0,0,0,False,7.0,6.0,0.0,7.0,0.0,0,20.0,Low,Low,4 failed authentication events; 3 high-risk IAM events; 1 malware alerts
EMP11724,indrajit_palla27,R&D,Director,Inactive,1,1,5.0,2.0,2,0.0,27.0,51.0,1.0,4.0,4.0,1.0,0.0,1.0,2.0,0.0,0.0,1.0,0.0,1.0,0.0,1.0,,0,0,0,False,5.0,0.0,5.0,16.0,2.0,0,28.0,Medium,Medium,2 failed authentication events; 2 malware alerts; 1 PowerShell alerts; 1 critical endpoint alerts; 1 unresolved critical alerts
EMP11725,advik.wagle63,R&D,Officer,Disabled,1,1,8.0,4.0,5,1.0,47.25,94.0,1.0,3.0,3.0,0.0,1.0,0.0,2.0,0.0,0.0,0.0,0.0,1.0,0.0,1.0,2023-01-10 08:52:56,5,2,7,True,11.5,2.0,2.0,13.0,10.0,5,43.5,Medium,Medium,"elevated authentication risk (4 failed auth, 5 MFA failures); 1 high-risk IAM events; 2 malware alerts; 7 events after identity termination"
EMP11726,leena.virk4,Procurement,Analyst,Inactive,1,1,5.0,4.0,3,1.0,41.0,70.0,1.0,1.0,2.0,0.0,1.0,0.0,0.0,0.0,0.0,1.0,0.0,1.0,0.0,1.0,2025-09-05 00:00:00,4,2,6,True,8.5,2.0,2.0,4.0,10.0,0,26.5,Medium,Medium,"elevated authentication risk (4 failed auth, 3 MFA failures); 1 high-risk IAM events; 1 PowerShell alerts; 6 events after identity termination"
EMP11727,bhavya.sem13,IT,Consultant,On Leave,1,1,6.0,5.0,5,1.0,66.0,77.0,1.0,1.0,4.0,0.0,0.0,0.0,2.0,0.0,2.0,0.0,0.0,0.0,0.0,1.0,,0,0,0,False,12.5,2.0,0.0,20.0,0.0,10,44.5,Medium,Medium,"elevated authentication risk (5 failed auth, 5 MFA failures); 1 high-risk IAM events; 2 malware alerts; 2 lateral-movement alerts"
EMP11728,rushil.bassi10,Marketing,Director,Active,1,1,3.0,1.0,0,0.0,0.0,0.0,1.0,1.0,2.0,0.0,0.0,0.0,0.0,0.0,0.0,1.0,1.0,0.0,0.0,1.0,,0,0,0,False,1.0,0.0,0.0,7.0,0.0,0,8.0,Low,Low,1 failed authentication events; 1 PowerShell alerts; 1 security-tampering alerts
EMP11729,anvi.biswas59,Sales,Manager,Disabled,1,1,6.0,3.0,4,2.0,58.8,93.0,1.0,3.0,1.0,0.0,1.0,0.0,1.0,0.0,0.0,0.0,0.0,0.0,0.0,1.0,,0,0,0,False,9.0,4.0,2.0,6.0,0.0,5,26.0,Medium,Medium,"elevated authentication risk (3 failed auth, 4 MFA failures); 2 high-risk IAM events; 1 malware alerts"
EMP11730,wridesh.rajan59,Procurement,Officer,Active,1,1,5.0,3.0,2,2.0,67.0,100.0,1.0,1.0,6.0,0.0,0.0,0.0,4.0,1.0,0.0,1.0,0.0,0.0,1.0,1.0,,0,0,0,False,6.0,4.0,0.0,21.0,0.0,5,36.0,Medium,Medium,3 failed authentication events; 2 high-risk IAM events; 4 malware alerts; 1 credential-access alerts; 1 PowerShell alerts
EMP11731,,Sales,Manager,Active,1,0,10.0,3.0,7,2.0,56.38,91.0,1.0,6.0,2.0,1.0,0.0,1.0,1.0,0.0,0.0,1.0,0.0,0.0,0.0,2.0,,0,0,0,False,13.0,4.0,5.0,9.0,2.0,5,38.0,Medium,Medium,"elevated authentication risk (3 failed auth, 7 MFA failures); 2 high-risk IAM events; 1 malware alerts; 1 PowerShell alerts; 1 critical endpoint alerts; 1 unresolved critical alerts"
EMP11732,andrew.tiwari53,Finance,Analyst,Active,1,1,7.0,3.0,3,2.0,56.6,79.0,1.0,3.0,0.0,0.0,0.0,0.0,0.0,0.0,0.0,0.0,0.0,0.0,0.0,0.0,,0,0,0,False,7.5,4.0,0.0,0.0,0.0,0,11.5,Low,Low,3 failed authentication events; 2 high-risk IAM events
EMP11733,vivaan.sagar91,Marketing,Trainee,Active,0,1,3.0,0.0,0,0.0,29.5,33.0,1.0,2.0,3.0,1.0,1.0,0.0,1.0,1.0,1.0,0.0,0.0,0.0,0.0,2.0,,0,0,0,False,0.0,0.0,7.0,18.0,0.0,10,35.0,Medium,Medium,1 malware alerts; 1 credential-access alerts; 1 lateral-movement alerts; 1 critical endpoint alerts
EMP11734,arunima.chad1,IT,Specialist,Inactive,0,1,5.0,0.0,0,1.0,40.25,97.0,1.0,4.0,1.0,0.0,1.0,0.0,0.0,0.0,1.0,0.0,0.0,0.0,0.0,0.0,,0,0,0,False,0.0,2.0,2.0,6.0,0.0,0,10.0,Low,Low,1 high-risk IAM events; 1 lateral-movement alerts
EMP11735,dayamai.dora92,IT,Administrator,Active,1,0,2.0,0.0,1,1.0,50.5,75.0,1.0,1.0,4.0,1.0,1.0,0.0,1.0,0.0,1.0,1.0,0.0,0.0,0.0,1.0,,0,0,0,False,1.5,2.0,7.0,15.0,0.0,5,30.5,Medium,Medium,1 high-risk IAM events; 1 malware alerts; 1 lateral-movement alerts; 1 PowerShell alerts; 1 critical endpoint alerts
EMP11736,vanya.desai85,Operations,Officer,Active,1,1,5.0,1.0,3,0.0,40.0,60.0,1.0,3.0,3.0,0.0,1.0,0.0,1.0,0.0,0.0,1.0,1.0,0.0,0.0,2.0,,0,0,0,False,5.5,0.0,2.0,13.0,0.0,0,20.5,Low,Low,1 failed authentication events; 1 malware alerts; 1 PowerShell alerts; 1 security-tampering alerts
EMP11737,fitan.rana52,Operations,Trainee,Disabled,1,1,3.0,2.0,1,1.0,72.5,77.0,1.0,1.0,2.0,0.0,0.0,0.0,1.0,1.0,0.0,1.0,0.0,0.0,0.0,1.0,,0,0,0,False,3.5,2.0,0.0,15.0,0.0,5,25.5,Medium,Medium,2 failed authentication events; 1 high-risk IAM events; 1 malware alerts; 1 credential-access alerts; 1 PowerShell alerts
EMP11738,yamini.bala47,Legal,Manager,Active,1,1,3.0,1.0,1,1.0,89.0,89.0,1.0,2.0,1.0,0.0,0.0,0.0,0.0,0.0,0.0,0.0,0.0,0.0,0.0,1.0,,0,0,0,False,2.5,2.0,0.0,0.0,0.0,0,4.5,Low,Low,1 failed authentication events; 1 high-risk IAM events
EMP11739,edhitha.bala97,Customer Support,Executive,Inactive,1,1,9.0,1.0,4,5.0,64.43,97.0,1.0,4.0,5.0,0.0,0.0,0.0,2.0,1.0,0.0,1.0,0.0,1.0,0.0,2.0,2026-01-16 00:00:00,7,4,11,True,7.0,10.0,0.0,22.0,10.0,8,57.0,High,High,1 failed authentication events; 5 high-risk IAM events; 2 malware alerts; 1 credential-access alerts; 1 PowerShell alerts; 11 events after identity termination
EMP11740,faris.chowdhury96,Finance,Specialist,Active,1,0,6.0,4.0,5,2.0,61.5,100.0,1.0,1.0,2.0,0.0,0.0,0.0,1.0,0.0,1.0,0.0,0.0,0.0,0.0,1.0,,0,0,0,False,11.5,4.0,0.0,12.0,0.0,10,37.5,Medium,Medium,"elevated authentication risk (4 failed auth, 5 MFA failures); 2 high-risk IAM events; 1 malware alerts; 1 lateral-movement alerts"
EMP11741,warda.rajagopal65,Customer Support,Analyst,Active,1,1,5.0,1.0,3,0.0,31.0,35.0,1.0,2.0,3.0,0.0,0.0,0.0,2.0,0.0,1.0,0.0,0.0,0.0,0.0,2.0,,0,0,0,False,5.5,0.0,0.0,18.0,0.0,5,28.5,Medium,Medium,1 failed authentication events; 2 malware alerts; 1 lateral-movement alerts
EMP11742,zansi.sha95,Sales,Consultant,Active,1,1,11.0,3.0,2,2.0,55.78,92.0,1.0,7.0,2.0,0.0,0.0,0.0,0.0,0.0,0.0,0.0,0.0,1.0,0.0,1.0,,0,0,0,False,6.0,4.0,0.0,1.0,0.0,0,11.0,Low,Low,3 failed authentication events; 2 high-risk IAM events
EMP11743,,Legal,Engineer,Active,1,1,7.0,3.0,3,3.0,52.71,92.0,1.0,3.0,0.0,0.0,0.0,0.0,0.0,0.0,0.0,0.0,0.0,0.0,0.0,0.0,,0,0,0,False,7.5,6.0,0.0,0.0,0.0,3,16.5,Low,Low,3 failed authentication events; 3 high-risk IAM events
EMP11744,avi.basak59,Finance,Engineer,Disabled,1,1,8.0,3.0,4,2.0,51.43,98.0,1.0,6.0,3.0,1.0,0.0,0.0,2.0,0.0,0.0,2.0,0.0,0.0,0.0,1.0,2024-07-08 17:03:00,7,2,9,True,9.0,4.0,5.0,16.0,10.0,5,49.0,Medium,Medium,"elevated authentication risk (3 failed auth, 4 MFA failures); 2 high-risk IAM events; 2 malware alerts; 2 PowerShell alerts; 1 critical endpoint alerts; 9 events after identity termination"
EMP11745,yuvraj.mani31,Legal,Administrator,Active,1,1,9.0,3.0,3,1.0,52.43,94.0,1.0,5.0,1.0,0.0,0.0,0.0,0.0,0.0,0.0,1.0,0.0,0.0,0.0,1.0,,0,0,0,False,7.5,2.0,0.0,3.0,0.0,0,12.5,Low,Low,3 failed authentication events; 1 high-risk IAM events; 1 PowerShell alerts
EMP11746,nimrat.chhabra38,Human Resources,Engineer,Active,1,1,2.0,1.0,1,2.0,75.0,78.0,1.0,0.0,2.0,1.0,0.0,1.0,2.0,0.0,0.0,1.0,0.0,0.0,0.0,1.0,,0,0,0,False,2.5,4.0,5.0,15.0,2.0,0,28.5,Medium,Medium,1 failed authentication events; 2 high-risk IAM events; 2 malware alerts; 1 PowerShell alerts; 1 critical endpoint alerts; 1 unresolved critical alerts
EMP11747,darpan.sibal55,Operations,Director,Active,1,1,3.0,1.0,2,0.0,10.0,10.0,1.0,3.0,0.0,0.0,0.0,0.0,0.0,0.0,0.0,0.0,0.0,0.0,0.0,0.0,,0,0,0,False,4.0,0.0,0.0,0.0,0.0,0,4.0,Low,Low,1 failed authentication events
EMP11748,nicholas.aggarwal55,Procurement,Specialist,Active,1,1,5.0,1.0,1,0.0,0.0,0.0,1.0,4.0,3.0,1.0,0.0,1.0,0.0,0.0,0.0,1.0,0.0,2.0,0.0,1.0,,0,0,0,False,2.5,0.0,5.0,5.0,2.0,0,14.5,Low,Low,1 failed authentication events; 1 PowerShell alerts; 1 critical endpoint alerts; 1 unresolved critical alerts
EMP11749,hamsini.lala64,Operations,Consultant,Inactive,1,1,5.0,2.0,2,0.0,20.5,30.0,1.0,3.0,6.0,0.0,2.0,0.0,1.0,0.0,2.0,0.0,2.0,2.0,0.0,1.0,,0,0,0,False,5.0,0.0,4.0,21.0,0.0,5,35.0,Medium,Medium,2 failed authentication events; 1 malware alerts; 2 lateral-movement alerts; 2 security-tampering alerts
EMP11750,gaurika.sachdev76,Procurement,Consultant,Active,1,1,2.0,1.0,1,0.0,30.0,60.0,1.0,1.0,0.0,0.0,0.0,0.0,0.0,0.0,0.0,0.0,0.0,0.0,0.0,0.0,,0,0,0,False,2.5,0.0,0.0,0.0,0.0,0,2.5,Low,Low,1 failed authentication events
EMP11751,abhimanyu.edwin12,R&D,Administrator,Active,1,0,3.0,0.0,0,1.0,36.0,75.0,1.0,2.0,6.0,1.0,0.0,1.0,3.0,1.0,1.0,1.0,1.0,0.0,0.0,2.0,,0,0,0,False,0.0,2.0,5.0,30.0,2.0,10,49.0,Medium,Medium,1 high-risk IAM events; 3 malware alerts; 1 credential-access alerts; 1 lateral-movement alerts; 1 PowerShell alerts; 1 security-tampering alerts; 1 critical endpoint alerts; 1 unresolved critical alerts
EMP11752,nachiket.singh59,Legal,Consultant,Active,1,1,5.0,3.0,2,1.0,30.75,79.0,1.0,3.0,2.0,0.0,1.0,0.0,1.0,0.0,1.0,0.0,0.0,0.0,1.0,1.0,,0,0,0,False,6.0,2.0,2.0,12.0,0.0,5,27.0,Medium,Medium,3 failed authentication events; 1 high-risk IAM events; 1 malware alerts; 1 lateral-movement alerts
EMP11753,anay_sen58,Sales,Specialist,Active,1,1,4.0,2.0,2,0.0,36.5,66.0,1.0,2.0,3.0,0.0,1.0,0.0,1.0,0.0,0.0,1.0,0.0,0.0,0.0,1.0,,0,0,0,False,5.0,0.0,2.0,9.0,0.0,0,16.0,Low,Low,2 failed authentication events; 1 malware alerts; 1 PowerShell alerts
EMP11754,girindra.uppal4,Customer Support,Trainee,Active,1,1,6.0,2.0,2,0.0,51.25,65.0,1.0,3.0,4.0,0.0,0.0,0.0,2.0,0.0,1.0,0.0,0.0,1.0,1.0,1.0,,0,0,0,False,5.0,0.0,0.0,19.0,0.0,5,29.0,Medium,Medium,2 failed authentication events; 2 malware alerts; 1 lateral-movement alerts
EMP11755,daksh.zachariah69,IT,Administrator,Active,1,1,3.0,2.0,2,0.0,51.5,57.0,1.0,1.0,6.0,0.0,1.0,0.0,3.0,2.0,0.0,0.0,1.0,1.0,1.0,1.0,,0,0,0,False,5.0,0.0,2.0,25.0,0.0,5,37.0,Medium,Medium,2 failed authentication events; 3 malware alerts; 2 credential-access alerts; 1 security-tampering alerts
EMP11756,zaid.goel6,Marketing,Specialist,Active,1,1,5.0,2.0,2,0.0,55.0,56.0,1.0,4.0,0.0,0.0,0.0,0.0,0.0,0.0,0.0,0.0,0.0,0.0,0.0,0.0,,0,0,0,False,5.0,0.0,0.0,0.0,0.0,0,5.0,Low,Low,2 failed authentication events
EMP11757,yashvi.sanghvi32,IT,Director,Inactive,1,0,4.0,1.0,0,2.0,46.25,90.0,1.0,2.0,6.0,1.0,2.0,1.0,4.0,0.0,0.0,2.0,1.0,0.0,0.0,1.0,2026-08-11 15:10:00,2,5,7,True,1.0,4.0,9.0,20.0,12.0,0,46.0,Medium,Medium,1 failed authentication events; 2 high-risk IAM events; 4 malware alerts; 2 PowerShell alerts; 1 security-tampering alerts; 1 critical endpoint alerts; 7 events after identity termination; 1 unresolved critical alerts
EMP11758,naksh.madan88,Procurement,Trainee,Disabled,1,1,8.0,5.0,6,1.0,37.5,91.0,1.0,3.0,3.0,2.0,0.0,1.0,1.0,1.0,1.0,1.0,0.0,0.0,0.0,1.0,2022-03-04 04:09:50,6,2,8,True,14.0,2.0,10.0,21.0,12.0,10,69.0,High,High,"elevated authentication risk (5 failed auth, 6 MFA failures); 1 high-risk IAM events; 1 malware alerts; 1 credential-access alerts; 1 lateral-movement alerts; 1 PowerShell alerts; 2 critical endpoint alerts; 8 events after identity termination; 1 unresolved critical alerts"
EMP11759,gautami.chaudhary73,IT,Trainee,Active,1,0,5.0,2.0,2,0.0,20.33,41.0,1.0,1.0,0.0,0.0,0.0,0.0,0.0,0.0,0.0,0.0,0.0,0.0,0.0,0.0,,0,0,0,False,5.0,0.0,0.0,0.0,0.0,0,5.0,Low,Low,2 failed authentication events
EMP11760,kashvi.shere48,Customer Support,Manager,Active,1,1,6.0,0.0,2,1.0,39.25,82.0,1.0,4.0,1.0,1.0,0.0,1.0,1.0,0.0,0.0,0.0,1.0,0.0,0.0,1.0,,0,0,0,False,3.0,2.0,5.0,10.0,2.0,0,22.0,Low,Low,1 high-risk IAM events; 1 malware alerts; 1 security-tampering alerts; 1 critical endpoint alerts; 1 unresolved critical alerts
EMP11761,onveer.kohli9,Human Resources,Administrator,Active,1,0,2.0,2.0,2,1.0,63.5,71.0,1.0,1.0,4.0,1.0,0.0,1.0,3.0,1.0,0.0,0.0,1.0,0.0,0.0,1.0,,0,0,0,False,5.0,2.0,5.0,22.0,2.0,5,41.0,Medium,Medium,2 failed authentication events; 1 high-risk IAM events; 3 malware alerts; 1 credential-access alerts; 1 security-tampering alerts; 1 critical endpoint alerts; 1 unresolved critical alerts
EMP11762,bhavya.khanna18,Human Resources,Analyst,Active,1,0,5.0,3.0,3,1.0,53.33,83.0,1.0,3.0,2.0,0.0,1.0,0.0,1.0,0.0,0.0,0.0,0.0,1.0,0.0,1.0,,0,0,0,False,7.5,2.0,2.0,7.0,0.0,0,18.5,Low,Low,3 failed authentication events; 1 high-risk IAM events; 1 malware alerts
EMP11763,rachita.baria48,Customer Support,Administrator,Active,1,1,70.0,17.0,27,14.0,50.22,98.0,1.0,40.0,1.0,1.0,0.0,1.0,0.0,1.0,0.0,1.0,0.0,0.0,0.0,1.0,,0,0,0,False,20.0,20.0,5.0,9.0,2.0,8,64.0,High,High,"elevated authentication risk (17 failed auth, 27 MFA failures); 14 high-risk IAM events; 1 credential-access alerts; 1 PowerShell alerts; 1 critical endpoint alerts; 1 unresolved critical alerts"
EMP11764,charles.subramaniam30,Sales,Executive,Active,1,1,0.0,0.0,0,0.0,0.0,0.0,0.0,0.0,3.0,0.0,1.0,0.0,1.0,1.0,0.0,0.0,0.0,0.0,0.0,2.0,,0,0,0,False,0.0,0.0,2.0,12.0,0.0,5,19.0,Low,Low,1 malware alerts; 1 credential-access alerts
EMP11765,anirudh.shukla15,Customer Support,Administrator,Active,1,1,9.0,4.0,4,1.0,39.0,89.0,1.0,5.0,1.0,0.0,0.0,0.0,0.0,0.0,0.0,0.0,0.0,0.0,0.0,1.0,,0,0,0,False,10.0,2.0,0.0,0.0,0.0,0,12.0,Low,Low,"elevated authentication risk (4 failed auth, 4 MFA failures); 1 high-risk IAM events"
EMP11766,indali.pandey62,Sales,Engineer,Active,1,0,4.0,1.0,2,2.0,58.25,95.0,1.0,3.0,1.0,0.0,0.0,0.0,1.0,0.0,0.0,1.0,1.0,0.0,0.0,1.0,,0,0,0,False,4.0,4.0,0.0,13.0,0.0,0,21.0,Low,Low,1 failed authentication events; 2 high-risk IAM events; 1 malware alerts; 1 PowerShell alerts; 1 security-tampering alerts
EMP11767,harita.kakar82,Customer Support,Manager,Disabled,1,1,3.0,0.0,1,0.0,38.0,63.0,1.0,3.0,2.0,1.0,1.0,1.0,0.0,0.0,1.0,0.0,1.0,1.0,0.0,1.0,,0,0,0,False,1.5,0.0,7.0,11.0,2.0,0,21.5,Low,Low,1 lateral-movement alerts; 1 security-tampering alerts; 1 critical endpoint alerts; 1 unresolved critical alerts
EMP11768,anvi.mukherjee10,Procurement,Executive,Disabled,1,1,2.0,1.0,2,1.0,49.5,78.0,1.0,1.0,2.0,0.0,0.0,0.0,0.0,0.0,1.0,0.0,0.0,1.0,0.0,1.0,,0,0,0,False,4.0,2.0,0.0,7.0,0.0,0,13.0,Low,Low,1 failed authentication events; 1 high-risk IAM events; 1 lateral-movement alerts
EMP11769,jeremiah.sastry53,IT,Director,Active,1,0,8.0,2.0,3,1.0,43.83,100.0,1.0,7.0,4.0,0.0,1.0,0.0,1.0,0.0,1.0,1.0,0.0,1.0,0.0,1.0,,0,0,0,False,6.5,2.0,2.0,16.0,0.0,5,31.5,Medium,Medium,2 failed authentication events; 1 high-risk IAM events; 1 malware alerts; 1 lateral-movement alerts; 1 PowerShell alerts
EMP11770,pranit.goel51,R&D,Specialist,Active,0,1,6.0,3.0,3,1.0,48.6,75.0,1.0,4.0,1.0,0.0,0.0,0.0,0.0,0.0,1.0,1.0,0.0,0.0,0.0,1.0,,0,0,0,False,7.5,2.0,0.0,9.0,0.0,0,18.5,Low,Low,3 failed authentication events; 1 high-risk IAM events; 1 lateral-movement alerts; 1 PowerShell alerts
EMP11771,gopal.walia83,Finance,Engineer,Active,1,1,3.0,2.0,2,2.0,75.33,92.0,1.0,1.0,4.0,0.0,0.0,0.0,2.0,0.0,1.0,1.0,0.0,0.0,0.0,1.0,,0,0,0,False,5.0,4.0,0.0,21.0,0.0,5,35.0,Medium,Medium,2 failed authentication events; 2 high-risk IAM events; 2 malware alerts; 1 lateral-movement alerts; 1 PowerShell alerts
EMP11772,mohini.munshi54,Human Resources,Officer,Active,1,1,3.0,0.0,0,1.0,41.67,80.0,1.0,1.0,3.0,2.0,0.0,1.0,2.0,1.0,0.0,0.0,2.0,0.0,0.0,1.0,,0,0,0,False,0.0,2.0,10.0,23.0,2.0,5,42.0,Medium,Medium,1 high-risk IAM events; 2 malware alerts; 1 credential-access alerts; 2 security-tampering alerts; 2 critical endpoint alerts; 1 unresolved critical alerts
EMP11773,osha.purohit36,Innovation,Consultant,Active,0,1,10.0,1.0,2,3.0,54.4,95.0,1.0,8.0,0.0,0.0,0.0,0.0,0.0,0.0,0.0,0.0,0.0,0.0,0.0,0.0,,0,0,0,False,4.0,6.0,0.0,0.0,0.0,0,10.0,Low,Low,1 failed authentication events; 3 high-risk IAM events
EMP11774,oliver.gokhale61,Customer Support,Trainee,Active,1,0,7.0,1.0,4,3.0,68.8,92.0,1.0,5.0,5.0,0.0,1.0,0.0,1.0,1.0,0.0,1.0,1.0,0.0,0.0,1.0,,0,0,0,False,7.0,6.0,2.0,19.0,0.0,8,42.0,Medium,Medium,1 failed authentication events; 3 high-risk IAM events; 1 malware alerts; 1 credential-access alerts; 1 PowerShell alerts; 1 security-tampering alerts
EMP11775,harita.padmanabhan74,Finance,Trainee,Inactive,1,1,4.0,0.0,1,1.0,62.33,82.0,1.0,4.0,1.0,0.0,0.0,0.0,0.0,0.0,0.0,0.0,0.0,1.0,0.0,1.0,,0,0,0,False,1.5,2.0,0.0,1.0,0.0,0,4.5,Low,Low,1 high-risk IAM events
EMP11776,amrita.hayer9,Brand,Administrator,Active,1,1,10.0,2.0,3,2.0,61.33,97.0,1.0,7.0,3.0,1.0,1.0,1.0,0.0,0.0,1.0,2.0,0.0,0.0,0.0,1.0,,0,0,0,False,6.5,4.0,7.0,10.0,2.0,0,29.5,Medium,Medium,2 failed authentication events; 2 high-risk IAM events; 1 lateral-movement alerts; 2 PowerShell alerts; 1 critical endpoint alerts; 1 unresolved critical alerts
EMP11777,anusha.contractor42,Sales,Specialist,Active,1,0,6.0,1.0,2,2.0,58.6,95.0,1.0,4.0,2.0,0.0,0.0,0.0,0.0,0.0,0.0,0.0,1.0,1.0,0.0,1.0,,0,0,0,False,4.0,4.0,0.0,5.0,0.0,0,13.0,Low,Low,1 failed authentication events; 2 high-risk IAM events; 1 security-tampering alerts
EMP11778,viraj.wadhwa36,Marketing,Specialist,Active,1,1,3.0,2.0,2,0.0,2.0,2.0,1.0,1.0,3.0,0.0,0.0,0.0,2.0,0.0,0.0,1.0,0.0,1.0,0.0,1.0,,0,0,0,False,5.0,0.0,0.0,16.0,0.0,0,21.0,Low,Low,2 failed authentication events; 2 malware alerts; 1 PowerShell alerts
EMP11779,hardik.pathak18,Marketing,Engineer,Active,1,0,5.0,4.0,4,0.0,42.0,61.0,1.0,2.0,4.0,1.0,0.0,1.0,3.0,0.0,0.0,1.0,1.0,0.0,0.0,1.0,,0,0,0,False,10.0,0.0,5.0,19.0,2.0,5,41.0,Medium,Medium,"elevated authentication risk (4 failed auth, 4 MFA failures); 3 malware alerts; 1 PowerShell alerts; 1 security-tampering alerts; 1 critical endpoint alerts; 1 unresolved critical alerts"
EMP11780,radha.gour60,Procurement,Officer,Active,0,1,2.0,2.0,1,0.0,19.0,24.0,1.0,0.0,0.0,0.0,0.0,0.0,0.0,0.0,0.0,0.0,0.0,0.0,0.0,0.0,,0,0,0,False,3.5,0.0,0.0,0.0,0.0,0,3.5,Low,Low,2 failed authentication events
EMP11781,vivaan.sur44,Finance,Trainee,Active,1,0,7.0,2.0,2,3.0,63.83,96.0,1.0,5.0,4.0,0.0,0.0,0.0,1.0,0.0,2.0,1.0,0.0,0.0,0.0,1.0,,0,0,0,False,5.0,6.0,0.0,17.0,0.0,5,33.0,Medium,Medium,2 failed authentication events; 3 high-risk IAM events; 1 malware alerts; 2 lateral-movement alerts; 1 PowerShell alerts
EMP11782,qadim.amble59,Customer Support,Consultant,Active,1,1,5.0,1.0,1,0.0,21.5,30.0,1.0,3.0,1.0,0.0,0.0,0.0,0.0,0.0,1.0,0.0,0.0,0.0,0.0,1.0,,0,0,0,False,2.5,0.0,0.0,6.0,0.0,0,8.5,Low,Low,1 failed authentication events; 1 lateral-movement alerts
EMP11783,suhani.lanka71,Legal,Analyst,Inactive,1,1,4.0,1.0,1,1.0,62.33,92.0,1.0,3.0,1.0,0.0,0.0,0.0,0.0,0.0,0.0,0.0,0.0,1.0,0.0,1.0,,0,0,0,False,2.5,2.0,0.0,1.0,0.0,0,5.5,Low,Low,1 failed authentication events; 1 high-risk IAM events
EMP11784,nandini.rajan36,Customer Support,Specialist,Active,1,1,1.0,1.0,1,0.0,0.0,0.0,1.0,0.0,4.0,0.0,0.0,0.0,3.0,1.0,0.0,0.0,1.0,0.0,0.0,1.0,,0,0,0,False,2.5,0.0,0.0,22.0,0.0,5,29.5,Medium,Medium,1 failed authentication events; 3 malware alerts; 1 credential-access alerts; 1 security-tampering alerts
EMP11785,vidhi.banerjee77,People,Trainee,Active,1,1,5.0,0.0,0,0.0,33.5,55.0,1.0,5.0,1.0,0.0,0.0,0.0,0.0,0.0,0.0,0.0,0.0,1.0,0.0,1.0,,0,0,0,False,0.0,0.0,0.0,1.0,0.0,0,1.0,Low,Low,No high-priority risk drivers
EMP11786,garima.arora7,IT,Manager,Active,1,1,6.0,3.0,3,0.0,52.0,52.0,1.0,5.0,2.0,0.0,1.0,0.0,1.0,0.0,0.0,1.0,0.0,0.0,0.0,1.0,,0,0,0,False,7.5,0.0,2.0,9.0,0.0,0,18.5,Low,Low,3 failed authentication events; 1 malware alerts; 1 PowerShell alerts
EMP11787,lajita.buch96,Compliance,Engineer,Active,1,0,5.0,3.0,4,0.0,33.33,64.0,1.0,1.0,4.0,0.0,1.0,0.0,0.0,0.0,1.0,2.0,0.0,0.0,0.0,1.0,,0,0,0,False,9.0,0.0,2.0,10.0,0.0,5,26.0,Medium,Medium,"elevated authentication risk (3 failed auth, 4 MFA failures); 1 lateral-movement alerts; 2 PowerShell alerts"
EMP11788,yadavi.kaur93,Marketing,Administrator,Active,1,1,4.0,2.0,1,1.0,58.33,87.0,1.0,1.0,4.0,0.0,2.0,0.0,3.0,0.0,0.0,0.0,0.0,0.0,0.0,2.0,,0,0,0,False,3.5,2.0,4.0,12.0,0.0,0,21.5,Low,Low,2 failed authentication events; 1 high-risk IAM events; 3 malware alerts
EMP11789,,Operations,Engineer,Active,1,1,6.0,2.0,0,1.0,45.4,99.0,1.0,2.0,2.0,0.0,2.0,0.0,1.0,0.0,0.0,0.0,0.0,0.0,0.0,1.0,,0,0,0,False,2.0,2.0,4.0,6.0,0.0,0,14.0,Low,Low,2 failed authentication events; 1 high-risk IAM events; 1 malware alerts
EMP11790,amrita.shah50,Sales,Officer,Active,1,1,3.0,1.0,2,1.0,66.67,90.0,1.0,1.0,2.0,0.0,2.0,0.0,0.0,0.0,1.0,1.0,0.0,0.0,0.0,2.0,,0,0,0,False,4.0,2.0,4.0,9.0,0.0,0,19.0,Low,Low,1 failed authentication events; 1 high-risk IAM events; 1 lateral-movement alerts; 1 PowerShell alerts
EMP11791,zehaan.comar63,Human Resources,Manager,Active,1,0,2.0,0.0,1,0.0,46.5,53.0,1.0,2.0,0.0,0.0,0.0,0.0,0.0,0.0,0.0,0.0,0.0,0.0,0.0,0.0,,0,0,0,False,1.5,0.0,0.0,0.0,0.0,0,1.5,Low,Low,No high-priority risk drivers
EMP11792,ladli.shan29,Marketing,Manager,Active,1,0,6.0,2.0,3,2.0,60.4,87.0,1.0,5.0,0.0,0.0,0.0,0.0,0.0,0.0,0.0,0.0,0.0,0.0,0.0,0.0,,0,0,0,False,6.5,4.0,0.0,0.0,0.0,0,10.5,Low,Low,2 failed authentication events; 2 high-risk IAM events
EMP11793,nathan.mall50,Innovation,Engineer,Active,1,1,5.0,1.0,1,0.0,26.33,46.0,1.0,3.0,3.0,0.0,2.0,0.0,1.0,0.0,0.0,1.0,0.0,0.0,0.0,1.0,,0,0,0,False,2.5,0.0,4.0,9.0,0.0,0,15.5,Low,Low,1 failed authentication events; 1 malware alerts; 1 PowerShell alerts
EMP11794,chatura.gopal50,Procurement,Director,Active,1,1,6.0,2.0,2,2.0,48.0,73.0,1.0,3.0,3.0,0.0,0.0,0.0,1.0,0.0,0.0,1.0,1.0,1.0,0.0,1.0,,0,0,0,False,5.0,4.0,0.0,14.0,0.0,0,23.0,Low,Low,2 failed authentication events; 2 high-risk IAM events; 1 malware alerts; 1 PowerShell alerts; 1 security-tampering alerts
EMP11795,agastya.kala68,Operations,Consultant,Active,1,1,9.0,4.0,5,5.0,60.0,100.0,1.0,7.0,2.0,0.0,0.0,0.0,0.0,2.0,0.0,0.0,0.0,0.0,0.0,1.0,,0,0,0,False,11.5,10.0,0.0,8.0,0.0,8,37.5,Medium,Medium,"elevated authentication risk (4 failed auth, 5 MFA failures); 5 high-risk IAM events; 2 credential-access alerts"
EMP11796,teerth.sura19,Human Resources,Specialist,Active,1,1,7.0,5.0,5,0.0,6.0,9.0,1.0,3.0,4.0,0.0,2.0,0.0,1.0,0.0,1.0,0.0,0.0,1.0,0.0,1.0,,0,0,0,False,12.5,0.0,4.0,13.0,0.0,10,39.5,Medium,Medium,"elevated authentication risk (5 failed auth, 5 MFA failures); 1 malware alerts; 1 lateral-movement alerts"
EMP11797,chatura.rajagopalan46,Legal,Administrator,Inactive,1,1,4.0,0.0,0,1.0,60.67,87.0,1.0,3.0,3.0,1.0,1.0,1.0,0.0,1.0,0.0,1.0,0.0,1.0,0.0,2.0,2025-03-23 13:34:12,4,3,7,True,0.0,2.0,7.0,10.0,12.0,0,31.0,Medium,Medium,1 high-risk IAM events; 1 credential-access alerts; 1 PowerShell alerts; 1 critical endpoint alerts; 7 events after identity termination; 1 unresolved critical alerts
EMP11798,jack.madan88,Procurement,Engineer,Active,1,1,8.0,1.0,2,2.0,50.86,96.0,1.0,5.0,4.0,2.0,1.0,2.0,0.0,0.0,0.0,1.0,0.0,1.0,0.0,1.0,,0,0,0,False,4.0,4.0,12.0,4.0,4.0,0,28.0,Medium,Medium,1 failed authentication events; 2 high-risk IAM events; 1 PowerShell alerts; 2 critical endpoint alerts; 2 unresolved critical alerts
EMP11799,kamya.ganesan47,Legal,Analyst,Inactive,1,0,4.0,3.0,2,1.0,100.0,100.0,1.0,3.0,4.0,1.0,0.0,0.0,2.0,0.0,0.0,0.0,1.0,1.0,0.0,1.0,2023-09-21 20:36:11,3,2,5,True,6.0,2.0,5.0,17.0,10.0,0,40.0,Medium,Medium,3 failed authentication events; 1 high-risk IAM events; 2 malware alerts; 1 security-tampering alerts; 1 critical endpoint alerts; 5 events after identity termination
EMP11800,farhan.sastry34,R&D,Executive,Active,1,1,5.0,2.0,2,2.0,61.33,91.0,1.0,3.0,0.0,0.0,0.0,0.0,0.0,0.0,0.0,0.0,0.0,0.0,0.0,0.0,,0,0,0,False,5.0,4.0,0.0,0.0,0.0,0,9.0,Low,Low,2 failed authentication events; 2 high-risk IAM events
EMP11801,ekiya.jaggi5,Legal,Consultant,Active,1,1,76.0,18.0,20,23.0,55.97,99.0,1.0,51.0,0.0,0.0,0.0,0.0,0.0,0.0,0.0,0.0,0.0,0.0,0.0,0.0,,0,0,0,False,20.0,20.0,0.0,0.0,0.0,3,43.0,Medium,Medium,"elevated authentication risk (18 failed auth, 20 MFA failures); 23 high-risk IAM events"
EMP11802,hemani.saxena71,IT,Administrator,Active,1,1,3.0,1.0,1,1.0,37.33,82.0,1.0,2.0,5.0,0.0,2.0,0.0,2.0,0.0,2.0,0.0,0.0,0.0,0.0,1.0,,0,0,0,False,2.5,2.0,4.0,20.0,0.0,5,33.5,Medium,Medium,1 failed authentication events; 1 high-risk IAM events; 2 malware alerts; 2 lateral-movement alerts
EMP11803,yashawini.salvi36,Finance,Engineer,Active,1,1,6.0,2.0,4,4.0,74.6,95.0,1.0,3.0,4.0,1.0,1.0,1.0,3.0,0.0,0.0,0.0,1.0,0.0,0.0,1.0,,0,0,0,False,8.0,8.0,7.0,16.0,2.0,8,49.0,Medium,Medium,"elevated authentication risk (2 failed auth, 4 MFA failures); 4 high-risk IAM events; 3 malware alerts; 1 security-tampering alerts; 1 critical endpoint alerts; 1 unresolved critical alerts"
EMP11804,tarak.hegde80,IT,Specialist,Active,1,1,3.0,0.0,1,1.0,39.0,71.0,1.0,1.0,3.0,0.0,0.0,0.0,0.0,0.0,1.0,1.0,1.0,1.0,0.0,2.0,,0,0,0,False,1.5,2.0,0.0,14.0,0.0,0,17.5,Low,Low,1 high-risk IAM events; 1 lateral-movement alerts; 1 PowerShell alerts; 1 security-tampering alerts
EMP11805,liam.sarma22,Sales,Analyst,Active,1,1,0.0,0.0,0,0.0,0.0,0.0,0.0,0.0,3.0,1.0,0.0,1.0,2.0,0.0,1.0,1.0,0.0,0.0,0.0,1.0,,0,0,0,False,0.0,0.0,5.0,21.0,2.0,5,33.0,Medium,Medium,2 malware alerts; 1 lateral-movement alerts; 1 PowerShell alerts; 1 critical endpoint alerts; 1 unresolved critical alerts
EMP11806,shivansh.goyal35,Finance,Officer,Active,1,0,4.0,3.0,4,0.0,14.0,14.0,1.0,3.0,3.0,1.0,0.0,1.0,0.0,1.0,0.0,0.0,0.0,2.0,0.0,1.0,,0,0,0,False,9.0,0.0,5.0,8.0,2.0,5,29.0,Medium,Medium,"elevated authentication risk (3 failed auth, 4 MFA failures); 1 credential-access alerts; 1 critical endpoint alerts; 1 unresolved critical alerts"
EMP11807,waida.rai24,Sales,Analyst,Active,1,0,7.0,3.0,3,0.0,15.33,33.0,1.0,4.0,5.0,1.0,0.0,0.0,0.0,1.0,1.0,0.0,0.0,2.0,0.0,1.0,,0,0,0,False,7.5,0.0,5.0,14.0,0.0,0,26.5,Medium,Medium,3 failed authentication events; 1 credential-access alerts; 1 lateral-movement alerts; 1 critical endpoint alerts
EMP11808,qasim.balasubramanian51,Finance,Executive,Disabled,1,1,3.0,1.0,2,1.0,47.0,79.0,1.0,2.0,0.0,0.0,0.0,0.0,0.0,0.0,0.0,0.0,0.0,0.0,0.0,0.0,,0,0,0,False,4.0,2.0,0.0,0.0,0.0,0,6.0,Low,Low,1 failed authentication events; 1 high-risk IAM events
EMP11809,girish.atwal74,Brand,Trainee,Active,1,0,6.0,2.0,3,1.0,47.0,70.0,1.0,2.0,1.0,0.0,0.0,0.0,1.0,0.0,0.0,0.0,0.0,0.0,0.0,0.0,,0,0,0,False,6.5,2.0,0.0,6.0,0.0,0,14.5,Low,Low,2 failed authentication events; 1 high-risk IAM events; 1 malware alerts
EMP11810,isaiah.merchant78,IT,Manager,Active,1,0,10.0,5.0,5,0.0,38.5,63.0,1.0,8.0,4.0,0.0,1.0,0.0,0.0,1.0,1.0,2.0,0.0,0.0,0.0,1.0,,0,0,0,False,12.5,0.0,2.0,16.0,0.0,5,35.5,Medium,Medium,"elevated authentication risk (5 failed auth, 5 MFA failures); 1 credential-access alerts; 1 lateral-movement alerts; 2 PowerShell alerts"
EMP11811,ishani.bhardwaj87,Legal,Officer,Inactive,1,1,3.0,1.0,1,0.0,19.0,19.0,1.0,2.0,3.0,1.0,1.0,1.0,1.0,0.0,0.0,0.0,1.0,1.0,0.0,2.0,,0,0,0,False,2.5,0.0,7.0,11.0,2.0,0,22.5,Low,Low,1 failed authentication events; 1 malware alerts; 1 security-tampering alerts; 1 critical endpoint alerts; 1 unresolved critical alerts
EMP11812,zinal.varty46,Procurement,Specialist,Active,1,1,6.0,3.0,3,1.0,43.25,83.0,1.0,3.0,1.0,0.0,0.0,0.0,1.0,0.0,0.0,0.0,0.0,0.0,0.0,1.0,,0,0,0,False,7.5,2.0,0.0,6.0,0.0,0,15.5,Low,Low,3 failed authentication events; 1 high-risk IAM events; 1 malware alerts
EMP11813,aarush.krishna22,Customer Support,Trainee,Active,1,0,3.0,0.0,2,1.0,51.0,86.0,1.0,1.0,4.0,0.0,1.0,0.0,1.0,1.0,1.0,2.0,1.0,0.0,1.0,1.0,,0,0,0,False,3.0,2.0,2.0,26.0,0.0,10,43.0,Medium,Medium,1 high-risk IAM events; 1 malware alerts; 1 credential-access alerts; 1 lateral-movement alerts; 2 PowerShell alerts; 1 security-tampering alerts
EMP11814,dipta_agate15,Procurement,Director,Active,1,1,4.0,3.0,2,1.0,53.33,91.0,1.0,0.0,2.0,0.0,1.0,0.0,1.0,0.0,1.0,0.0,0.0,0.0,0.0,1.0,,0,0,0,False,6.0,2.0,2.0,12.0,0.0,5,27.0,Medium,Medium,3 failed authentication events; 1 high-risk IAM events; 1 malware alerts; 1 lateral-movement alerts
EMP11815,yatin.sodhi3,Sales,Director,Active,1,1,7.0,1.0,4,1.0,38.25,83.0,1.0,4.0,8.0,2.0,3.0,1.0,2.0,0.0,1.0,3.0,1.0,3.0,0.0,1.0,,0,0,0,False,7.0,2.0,15.0,28.0,2.0,5,59.0,High,High,1 failed authentication events; 1 high-risk IAM events; 2 malware alerts; 1 lateral-movement alerts; 3 PowerShell alerts; 1 security-tampering alerts; 2 critical endpoint alerts; 1 unresolved critical alerts
EMP11816,alexander.dhar96,Finance,Administrator,Active,1,1,7.0,2.0,1,1.0,56.2,88.0,1.0,4.0,2.0,1.0,0.0,0.0,1.0,0.0,1.0,0.0,0.0,0.0,0.0,1.0,,0,0,0,False,3.5,2.0,5.0,12.0,0.0,5,27.5,Medium,Medium,2 failed authentication events; 1 high-risk IAM events; 1 malware alerts; 1 lateral-movement alerts; 1 critical endpoint alerts
EMP11817,brinda.iyer33,R&D,Director,Active,1,1,56.0,17.0,21,12.0,45.21,95.0,1.0,24.0,4.0,0.0,1.0,0.0,2.0,0.0,0.0,2.0,0.0,0.0,0.0,1.0,,0,0,0,False,20.0,20.0,2.0,16.0,0.0,8,66.0,High,High,"elevated authentication risk (17 failed auth, 21 MFA failures); 12 high-risk IAM events; 2 malware alerts; 2 PowerShell alerts"
EMP11818,triveni.ranganathan7,Sales,Executive,Active,1,1,4.0,1.0,1,0.0,41.0,57.0,1.0,1.0,4.0,0.0,0.0,0.0,1.0,1.0,1.0,1.0,0.0,0.0,0.0,1.0,,0,0,0,False,2.5,0.0,0.0,21.0,0.0,10,33.5,Medium,Medium,1 failed authentication events; 1 malware alerts; 1 credential-access alerts; 1 lateral-movement alerts; 1 PowerShell alerts
EMP11819,nitara.dass84,Legal,Manager,Disabled,1,1,3.0,0.0,1,1.0,69.0,79.0,1.0,0.0,2.0,0.0,0.0,0.0,0.0,0.0,1.0,1.0,0.0,0.0,0.0,1.0,2026-07-16 11:11:49,3,2,5,True,1.5,2.0,0.0,9.0,10.0,0,22.5,Low,Low,1 high-risk IAM events; 1 lateral-movement alerts; 1 PowerShell alerts; 5 events after identity termination
EMP11820,lipika.ramaswamy9,Operations,Consultant,Active,1,0,9.0,0.0,4,2.0,48.75,98.0,1.0,7.0,1.0,0.0,0.0,0.0,1.0,0.0,0.0,0.0,1.0,0.0,0.0,1.0,,0,0,0,False,6.0,4.0,0.0,10.0,0.0,0,20.0,Low,Low,2 high-risk IAM events; 1 malware alerts; 1 security-tampering alerts
EMP11821,caleb.murty72,Marketing,Analyst,Active,1,1,6.0,0.0,3,1.0,50.75,79.0,1.0,5.0,2.0,0.0,1.0,0.0,1.0,0.0,0.0,0.0,0.0,1.0,0.0,1.0,,0,0,0,False,4.5,2.0,2.0,7.0,0.0,0,15.5,Low,Low,1 high-risk IAM events; 1 malware alerts
EMP11822,chatresh.cheema43,Procurement,Trainee,Active,1,0,15.0,6.0,5,3.0,53.82,86.0,1.0,8.0,3.0,0.0,2.0,0.0,1.0,0.0,1.0,1.0,0.0,0.0,0.0,1.0,,0,0,0,False,13.5,11.0,4.0,15.0,0.0,10,53.5,High,High,"elevated authentication risk (6 failed auth, 5 MFA failures); 3 high-risk IAM events; 1 malware alerts; 1 lateral-movement alerts; 1 PowerShell alerts"
EMP11823,maanas.mangal75,Human Resources,Trainee,Active,1,1,6.0,5.0,4,3.0,59.6,84.0,1.0,2.0,0.0,0.0,0.0,0.0,0.0,0.0,0.0,0.0,0.0,0.0,0.0,0.0,,0,0,0,False,11.0,11.0,0.0,0.0,0.0,3,25.0,Medium,Medium,"elevated authentication risk (5 failed auth, 4 MFA failures); 3 high-risk IAM events"
EMP11824,pranav.kunda94,Procurement,Officer,Active,1,0,6.0,1.0,4,0.0,44.0,55.0,1.0,3.0,4.0,0.0,2.0,0.0,2.0,1.0,1.0,2.0,1.0,0.0,0.0,1.0,,0,0,0,False,7.0,0.0,4.0,30.0,0.0,10,51.0,High,High,1 failed authentication events; 2 malware alerts; 1 credential-access alerts; 1 lateral-movement alerts; 2 PowerShell alerts; 1 security-tampering alerts
EMP11825,dipta.bala82,Brand,Executive,Active,1,1,5.0,3.0,1,1.0,41.33,85.0,1.0,4.0,4.0,0.0,0.0,0.0,1.0,0.0,1.0,0.0,2.0,2.0,0.0,2.0,,0,0,0,False,4.5,2.0,0.0,19.0,0.0,5,30.5,Medium,Medium,3 failed authentication events; 1 high-risk IAM events; 1 malware alerts; 1 lateral-movement alerts; 2 security-tampering alerts
EMP11826,rohan.dasgupta6,Marketing,Analyst,Active,1,1,5.0,1.0,1,2.0,84.67,97.0,1.0,2.0,3.0,0.0,1.0,0.0,2.0,0.0,0.0,1.0,1.0,0.0,0.0,2.0,,0,0,0,False,2.5,4.0,2.0,19.0,0.0,0,27.5,Medium,Medium,1 failed authentication events; 2 high-risk IAM events; 2 malware alerts; 1 PowerShell alerts; 1 security-tampering alerts
EMP11827,aditya.krishnan20,Legal,Officer,Active,1,1,8.0,2.0,4,0.0,28.43,42.0,1.0,7.0,3.0,1.0,1.0,0.0,1.0,1.0,1.0,1.0,0.0,0.0,0.0,1.0,,0,0,0,False,8.0,0.0,7.0,21.0,0.0,10,46.0,Medium,Medium,"elevated authentication risk (2 failed auth, 4 MFA failures); 1 malware alerts; 1 credential-access alerts; 1 lateral-movement alerts; 1 PowerShell alerts; 1 critical endpoint alerts"
EMP11828,maanas.madan34,R&D,Manager,Inactive,1,1,8.0,2.0,4,3.0,44.12,94.0,1.0,3.0,3.0,0.0,0.0,0.0,0.0,1.0,1.0,2.0,0.0,0.0,0.0,1.0,2026-02-25 00:00:00,7,3,10,True,8.0,6.0,0.0,16.0,10.0,8,48.0,Medium,Medium,"elevated authentication risk (2 failed auth, 4 MFA failures); 3 high-risk IAM events; 1 credential-access alerts; 1 lateral-movement alerts; 2 PowerShell alerts; 10 events after identity termination"
EMP11829,azad.dewan44,Procurement,Consultant,Active,0,1,8.0,2.0,3,2.0,42.57,85.0,1.0,3.0,2.0,0.0,0.0,0.0,0.0,0.0,0.0,0.0,0.0,2.0,0.0,1.0,,0,0,0,False,6.5,4.0,0.0,2.0,0.0,0,12.5,Low,Low,2 failed authentication events; 2 high-risk IAM events
EMP11830,atharv.peri95,Operations,Consultant,Active,1,1,5.0,2.0,3,1.0,65.5,100.0,1.0,3.0,4.0,0.0,2.0,0.0,2.0,0.0,0.0,1.0,1.0,0.0,0.0,1.0,,0,0,0,False,6.5,2.0,4.0,19.0,0.0,0,31.5,Medium,Medium,2 failed authentication events; 1 high-risk IAM events; 2 malware alerts; 1 PowerShell alerts; 1 security-tampering alerts
EMP11831,,Supply Chain,Engineer,Active,1,1,5.0,1.0,1,0.0,48.0,56.0,1.0,2.0,2.0,1.0,0.0,1.0,2.0,0.0,0.0,1.0,0.0,0.0,1.0,1.0,,0,0,0,False,2.5,0.0,5.0,15.0,2.0,0,24.5,Medium,Medium,1 failed authentication events; 2 malware alerts; 1 PowerShell alerts; 1 critical endpoint alerts; 1 unresolved critical alerts
EMP11832,chakradev.vyas39,R&D,Director,Disabled,1,1,4.0,1.0,2,1.0,65.0,91.0,1.0,3.0,2.0,0.0,0.0,0.0,2.0,0.0,0.0,1.0,0.0,0.0,1.0,1.0,2023-06-14 00:00:00,4,2,6,True,4.0,2.0,0.0,15.0,10.0,0,31.0,Medium,Medium,1 failed authentication events; 1 high-risk IAM events; 2 malware alerts; 1 PowerShell alerts; 6 events after identity termination
EMP11833,janya.wagle29,Sales,Trainee,Active,1,1,5.0,0.0,2,0.0,32.2,50.0,1.0,5.0,2.0,0.0,1.0,0.0,1.0,1.0,0.0,1.0,0.0,0.0,1.0,1.0,,0,0,0,False,3.0,0.0,2.0,15.0,0.0,5,25.0,Medium,Medium,1 malware alerts; 1 credential-access alerts; 1 PowerShell alerts
EMP11834,aryan.shankar73,Operations,Administrator,Active,1,1,2.0,0.0,1,1.0,80.0,80.0,1.0,0.0,4.0,0.0,1.0,0.0,1.0,1.0,0.0,0.0,0.0,1.0,0.0,1.0,,0,0,0,False,1.5,2.0,2.0,13.0,0.0,5,23.5,Low,Low,1 high-risk IAM events; 1 malware alerts; 1 credential-access alerts
EMP11835,yashoda.nair8,Legal,Director,Active,0,1,9.0,2.0,4,3.0,42.25,100.0,1.0,6.0,1.0,0.0,0.0,0.0,1.0,0.0,0.0,1.0,1.0,0.0,0.0,0.0,,0,0,0,False,8.0,6.0,0.0,13.0,0.0,8,35.0,Medium,Medium,"elevated authentication risk (2 failed auth, 4 MFA failures); 3 high-risk IAM events; 1 malware alerts; 1 PowerShell alerts; 1 security-tampering alerts"
EMP11836,siya.om16,Marketing,Engineer,Active,1,1,3.0,0.0,1,1.0,83.0,83.0,1.0,1.0,2.0,0.0,1.0,0.0,0.0,0.0,0.0,1.0,0.0,0.0,0.0,1.0,,0,0,0,False,1.5,2.0,2.0,3.0,0.0,0,8.5,Low,Low,1 high-risk IAM events; 1 PowerShell alerts
EMP11837,qabil.parikh37,Sales,Specialist,Active,1,1,5.0,1.0,3,0.0,22.67,32.0,1.0,2.0,1.0,0.0,0.0,0.0,1.0,0.0,0.0,0.0,0.0,0.0,0.0,1.0,,0,0,0,False,5.5,0.0,0.0,6.0,0.0,0,11.5,Low,Low,1 failed authentication events; 1 malware alerts
EMP11838,yamini.ghose11,Human Resources,Manager,Active,1,1,2.0,1.0,1,0.0,16.0,23.0,1.0,1.0,2.0,0.0,0.0,0.0,0.0,0.0,0.0,1.0,0.0,0.0,0.0,1.0,,0,0,0,False,2.5,0.0,0.0,3.0,0.0,0,5.5,Low,Low,1 failed authentication events; 1 PowerShell alerts
EMP11839,owen.rau90,Finance,Analyst,Active,1,0,4.0,1.0,2,0.0,60.0,60.0,1.0,2.0,0.0,0.0,0.0,0.0,0.0,0.0,0.0,0.0,0.0,0.0,0.0,0.0,,0,0,0,False,4.0,0.0,0.0,0.0,0.0,0,4.0,Low,Low,1 failed authentication events
EMP11840,triya.singh47,Operations,Specialist,Inactive,1,1,6.0,1.0,1,2.0,52.0,83.0,1.0,3.0,5.0,1.0,1.0,1.0,2.0,1.0,0.0,1.0,0.0,0.0,1.0,2.0,2025-04-15 03:52:43,6,5,11,True,2.5,4.0,7.0,21.0,12.0,5,51.5,High,High,1 failed authentication events; 2 high-risk IAM events; 2 malware alerts; 1 credential-access alerts; 1 PowerShell alerts; 1 critical endpoint alerts; 11 events after identity termination; 1 unresolved critical alerts
EMP11841,gaurav.gala79,IT,Engineer,Disabled,1,1,3.0,1.0,2,1.0,50.5,99.0,1.0,2.0,4.0,0.0,1.0,0.0,1.0,0.0,1.0,2.0,1.0,0.0,0.0,1.0,2025-05-30 05:08:16,2,4,6,True,4.0,2.0,2.0,20.0,10.0,5,43.0,Medium,Medium,1 failed authentication events; 1 high-risk IAM events; 1 malware alerts; 1 lateral-movement alerts; 2 PowerShell alerts; 1 security-tampering alerts; 6 events after identity termination
EMP11842,harita.parekh10,Procurement,Administrator,Active,1,1,3.0,0.0,1,1.0,99.0,99.0,1.0,3.0,1.0,0.0,0.0,0.0,0.0,0.0,0.0,0.0,0.0,0.0,0.0,1.0,,0,0,0,False,1.5,2.0,0.0,0.0,0.0,0,3.5,Low,Low,1 high-risk IAM events
EMP11843,sarthak.baria90,Customer Support,Manager,Active,1,1,5.0,1.0,2,1.0,42.25,92.0,1.0,3.0,4.0,0.0,1.0,0.0,1.0,1.0,0.0,0.0,1.0,1.0,1.0,1.0,,0,0,0,False,4.0,2.0,2.0,17.0,0.0,5,30.0,Medium,Medium,1 failed authentication events; 1 high-risk IAM events; 1 malware alerts; 1 credential-access alerts; 1 security-tampering alerts
EMP11844,anamika.ben86,Finance,Trainee,On Leave,1,1,11.0,4.0,3,2.0,47.11,85.0,1.0,5.0,1.0,0.0,0.0,0.0,1.0,0.0,0.0,0.0,1.0,0.0,0.0,1.0,,0,0,0,False,8.5,4.0,0.0,10.0,0.0,5,27.5,Medium,Medium,"elevated authentication risk (4 failed auth, 3 MFA failures); 2 high-risk IAM events; 1 malware alerts; 1 security-tampering alerts"
EMP11845,rajeshri.shetty52,Legal,Engineer,Active,1,1,4.0,1.0,2,1.0,93.0,93.0,1.0,2.0,4.0,0.0,1.0,0.0,0.0,1.0,1.0,1.0,0.0,0.0,0.0,1.0,,0,0,0,False,4.0,2.0,2.0,15.0,0.0,0,23.0,Low,Low,1 failed authentication events; 1 high-risk IAM events; 1 credential-access alerts; 1 lateral-movement alerts; 1 PowerShell alerts
EMP11846,,IT,Manager,Active,1,1,4.0,3.0,3,2.0,71.67,81.0,1.0,1.0,5.0,1.0,1.0,0.0,1.0,0.0,2.0,1.0,0.0,1.0,0.0,1.0,,0,0,0,False,7.5,4.0,7.0,18.0,0.0,5,41.5,Medium,Medium,3 failed authentication events; 2 high-risk IAM events; 1 malware alerts; 2 lateral-movement alerts; 1 PowerShell alerts; 1 critical endpoint alerts
EMP11847,vinaya.lal10,Marketing,Consultant,Active,1,1,5.0,0.0,2,1.0,42.4,96.0,1.0,4.0,4.0,1.0,0.0,1.0,0.0,0.0,1.0,2.0,0.0,0.0,0.0,1.0,,0,0,0,False,3.0,2.0,5.0,10.0,2.0,0,22.0,Low,Low,1 high-risk IAM events; 1 lateral-movement alerts; 2 PowerShell alerts; 1 critical endpoint alerts; 1 unresolved critical alerts
EMP11848,dev.nath83,Customer Support,Specialist,Inactive,1,1,3.0,1.0,1,0.0,59.0,69.0,1.0,3.0,1.0,0.0,0.0,0.0,0.0,0.0,0.0,1.0,0.0,0.0,0.0,1.0,2025-11-30 00:00:00,2,1,3,True,2.5,0.0,0.0,3.0,9.0,0,14.5,Low,Low,1 failed authentication events; 1 PowerShell alerts; 3 events after identity termination
EMP11849,yochana.talwar9,IT,Analyst,Active,1,1,3.0,1.0,1,0.0,68.0,68.0,1.0,2.0,2.0,0.0,0.0,0.0,1.0,1.0,0.0,0.0,0.0,0.0,0.0,1.0,,0,0,0,False,2.5,0.0,0.0,12.0,0.0,5,19.5,Low,Low,1 failed authentication events; 1 malware alerts; 1 credential-access alerts
EMP11850,,Operations,Trainee,Active,1,1,6.0,3.0,2,1.0,41.4,84.0,1.0,2.0,4.0,1.0,0.0,0.0,0.0,0.0,0.0,1.0,1.0,3.0,0.0,1.0,,0,0,0,False,6.0,2.0,5.0,9.0,0.0,0,22.0,Low,Low,3 failed authentication events; 1 high-risk IAM events; 1 PowerShell alerts; 1 security-tampering alerts; 1 critical endpoint alerts
EMP11851,faqid.choudhry24,IT,Executive,Active,1,1,5.0,2.0,2,4.0,80.5,93.0,1.0,3.0,3.0,0.0,0.0,0.0,2.0,0.0,0.0,0.0,1.0,0.0,0.0,1.0,,0,0,0,False,5.0,8.0,0.0,16.0,0.0,0,29.0,Medium,Medium,2 failed authentication events; 4 high-risk IAM events; 2 malware alerts; 1 security-tampering alerts
EMP11852,kevin.pillai31,Customer Support,Specialist,Active,1,1,3.0,3.0,1,0.0,33.0,50.0,1.0,1.0,3.0,0.0,1.0,0.0,1.0,0.0,1.0,0.0,0.0,0.0,1.0,2.0,,0,0,0,False,4.5,0.0,2.0,12.0,0.0,5,23.5,Low,Low,3 failed authentication events; 1 malware alerts; 1 lateral-movement alerts
EMP11853,falak.konda81,Operations,Consultant,Active,1,1,11.0,2.0,4,1.0,32.12,78.0,1.0,6.0,2.0,0.0,0.0,0.0,0.0,0.0,1.0,0.0,0.0,0.0,0.0,1.0,,0,0,0,False,8.0,2.0,0.0,6.0,0.0,5,21.0,Low,Low,"elevated authentication risk (2 failed auth, 4 MFA failures); 1 high-risk IAM events; 1 lateral-movement alerts"
EMP11854,rayaan.sani65,Sales,Engineer,Active,1,1,2.0,1.0,1,0.0,11.5,19.0,1.0,1.0,3.0,0.0,0.0,0.0,0.0,0.0,2.0,1.0,0.0,0.0,0.0,1.0,,0,0,0,False,2.5,0.0,0.0,11.0,0.0,0,13.5,Low,Low,1 failed authentication events; 2 lateral-movement alerts; 1 PowerShell alerts
EMP11855,neel.majumdar68,Legal,Officer,Active,1,1,8.0,3.0,4,1.0,53.2,82.0,1.0,2.0,2.0,0.0,1.0,0.0,1.0,0.0,0.0,0.0,0.0,0.0,0.0,1.0,,0,0,0,False,9.0,2.0,2.0,6.0,0.0,5,24.0,Low,Low,"elevated authentication risk (3 failed auth, 4 MFA failures); 1 high-risk IAM events; 1 malware alerts"
EMP11856,isha.nadkarni6,R&D,Specialist,On Leave,1,1,5.0,0.0,1,1.0,45.0,94.0,1.0,5.0,1.0,1.0,0.0,1.0,0.0,0.0,1.0,0.0,0.0,0.0,0.0,1.0,,0,0,0,False,1.5,2.0,5.0,6.0,2.0,0,16.5,Low,Low,1 high-risk IAM events; 1 lateral-movement alerts; 1 critical endpoint alerts; 1 unresolved critical alerts
EMP11857,yashawini.bajaj3,Compliance,Specialist,Disabled,1,1,4.0,0.0,0,1.0,48.5,94.0,1.0,2.0,6.0,0.0,0.0,0.0,3.0,1.0,1.0,1.0,1.0,0.0,1.0,1.0,,0,0,0,False,0.0,2.0,0.0,30.0,0.0,10,42.0,Medium,Medium,1 high-risk IAM events; 3 malware alerts; 1 credential-access alerts; 1 lateral-movement alerts; 1 PowerShell alerts; 1 security-tampering alerts
EMP11858,robert.raj78,Procurement,Engineer,Active,1,1,6.0,3.0,2,1.0,49.2,90.0,1.0,3.0,4.0,0.0,0.0,0.0,1.0,0.0,1.0,0.0,1.0,1.0,0.0,2.0,,0,0,0,False,6.0,2.0,0.0,17.0,0.0,5,30.0,Medium,Medium,3 failed authentication events; 1 high-risk IAM events; 1 malware alerts; 1 lateral-movement alerts; 1 security-tampering alerts
EMP11859,aachal.sarraf5,Sales,Specialist,Active,0,1,7.0,4.0,3,2.0,50.8,98.0,1.0,4.0,2.0,0.0,0.0,0.0,0.0,1.0,0.0,0.0,0.0,0.0,0.0,1.0,,0,0,0,False,8.5,4.0,0.0,6.0,0.0,5,23.5,Low,Low,"elevated authentication risk (4 failed auth, 3 MFA failures); 2 high-risk IAM events; 1 credential-access alerts"
EMP11860,gautami.johal58,Sales,Director,On Leave,1,1,4.0,0.0,1,1.0,37.0,81.0,1.0,4.0,3.0,0.0,2.0,0.0,2.0,0.0,0.0,0.0,0.0,1.0,0.0,2.0,,0,0,0,False,1.5,2.0,4.0,13.0,0.0,0,20.5,Low,Low,1 high-risk IAM events; 2 malware alerts
EMP11861,wazir.khatri54,IT,Officer,Disabled,1,1,9.0,1.0,2,3.0,65.17,98.0,1.0,6.0,1.0,0.0,1.0,0.0,1.0,0.0,0.0,0.0,1.0,0.0,0.0,1.0,,0,0,0,False,4.0,6.0,2.0,10.0,0.0,0,22.0,Low,Low,1 failed authentication events; 3 high-risk IAM events; 1 malware alerts; 1 security-tampering alerts
EMP11862,,Customer Support,Officer,Inactive,1,1,7.0,1.0,1,1.0,41.67,77.0,1.0,3.0,7.0,0.0,2.0,0.0,3.0,1.0,1.0,2.0,0.0,0.0,0.0,1.0,2024-09-15 02:32:42,7,5,12,True,2.5,2.0,4.0,28.0,10.0,10,56.5,High,High,1 failed authentication events; 1 high-risk IAM events; 3 malware alerts; 1 credential-access alerts; 1 lateral-movement alerts; 2 PowerShell alerts; 12 events after identity termination
EMP11863,,IT,Director,Active,1,1,5.0,3.0,3,1.0,69.0,73.0,1.0,3.0,3.0,0.0,1.0,0.0,0.0,1.0,0.0,0.0,0.0,1.0,0.0,2.0,,0,0,0,False,7.5,2.0,2.0,7.0,0.0,0,18.5,Low,Low,3 failed authentication events; 1 high-risk IAM events; 1 credential-access alerts
EMP11864,isaac.bir96,Marketing,Executive,Active,1,1,8.0,2.0,2,1.0,25.17,88.0,1.0,5.0,2.0,0.0,1.0,0.0,1.0,1.0,0.0,0.0,0.0,0.0,0.0,1.0,,0,0,0,False,5.0,2.0,2.0,12.0,0.0,5,26.0,Medium,Medium,2 failed authentication events; 1 high-risk IAM events; 1 malware alerts; 1 credential-access alerts
EMP11865,rehaan.gola27,Finance,Consultant,On Leave,1,1,9.0,1.0,1,3.0,51.22,99.0,1.0,8.0,6.0,1.0,0.0,1.0,4.0,0.0,1.0,0.0,1.0,1.0,1.0,1.0,,0,0,0,False,2.5,6.0,5.0,23.0,2.0,5,43.5,Medium,Medium,1 failed authentication events; 3 high-risk IAM events; 4 malware alerts; 1 lateral-movement alerts; 1 security-tampering alerts; 1 critical endpoint alerts; 1 unresolved critical alerts
EMP11866,leena.sankaran10,Finance,Manager,Active,1,1,7.0,3.0,5,3.0,65.4,92.0,1.0,5.0,2.0,0.0,0.0,0.0,0.0,1.0,1.0,1.0,0.0,0.0,0.0,1.0,,0,0,0,False,10.5,6.0,0.0,15.0,0.0,8,39.5,Medium,Medium,"elevated authentication risk (3 failed auth, 5 MFA failures); 3 high-risk IAM events; 1 credential-access alerts; 1 lateral-movement alerts; 1 PowerShell alerts"
EMP11867,balveer.bandi35,Finance,Manager,Active,1,0,5.0,1.0,0,3.0,65.75,100.0,1.0,3.0,4.0,0.0,2.0,0.0,3.0,0.0,0.0,0.0,0.0,1.0,0.0,2.0,,0,0,0,False,1.0,6.0,4.0,13.0,0.0,0,24.0,Low,Low,1 failed authentication events; 3 high-risk IAM events; 3 malware alerts
EMP11868,jagvi.acharya69,R&D,Officer,Active,1,1,2.0,1.0,1,1.0,72.0,89.0,1.0,1.0,0.0,0.0,0.0,0.0,0.0,0.0,0.0,0.0,0.0,0.0,0.0,0.0,,0,0,0,False,2.5,2.0,0.0,0.0,0.0,0,4.5,Low,Low,1 failed authentication events; 1 high-risk IAM events
EMP11869,oni_varkey46,Finance,Director,Inactive,1,1,4.0,0.0,2,1.0,50.25,98.0,1.0,2.0,1.0,0.0,0.0,0.0,1.0,0.0,0.0,0.0,0.0,0.0,0.0,1.0,2026-08-27 22:24:48,2,0,2,True,3.0,2.0,0.0,6.0,6.0,0,17.0,Low,Low,1 high-risk IAM events; 1 malware alerts; 2 events after identity termination
EMP11870,zinal.palla99,People,Manager,Active,1,1,3.0,2.0,2,2.0,89.0,92.0,1.0,2.0,1.0,0.0,0.0,0.0,0.0,0.0,0.0,0.0,0.0,1.0,0.0,1.0,,0,0,0,False,5.0,4.0,0.0,1.0,0.0,0,10.0,Low,Low,2 failed authentication events; 2 high-risk IAM events
EMP11871,vedant.kar97,Operations,Analyst,Active,1,1,8.0,2.0,4,2.0,42.0,99.0,1.0,4.0,2.0,0.0,1.0,0.0,1.0,0.0,0.0,1.0,0.0,0.0,0.0,1.0,,0,0,0,False,8.0,4.0,2.0,9.0,0.0,5,28.0,Medium,Medium,"elevated authentication risk (2 failed auth, 4 MFA failures); 2 high-risk IAM events; 1 malware alerts; 1 PowerShell alerts"
EMP11872,janani.narula52,Sales,Executive,Active,1,0,5.0,3.0,2,3.0,67.4,90.0,1.0,3.0,7.0,0.0,4.0,0.0,2.0,0.0,0.0,2.0,0.0,3.0,0.0,1.0,,0,0,0,False,6.0,6.0,5.0,18.0,0.0,0,35.0,Medium,Medium,3 failed authentication events; 3 high-risk IAM events; 2 malware alerts; 2 PowerShell alerts
EMP11873,jasmit.badal96,Sales,Trainee,Active,1,1,5.0,2.0,2,1.0,81.0,98.0,1.0,2.0,3.0,0.0,0.0,0.0,0.0,2.0,0.0,0.0,1.0,1.0,1.0,2.0,,0,0,0,False,5.0,2.0,0.0,13.0,0.0,0,20.0,Low,Low,2 failed authentication events; 1 high-risk IAM events; 2 credential-access alerts; 1 security-tampering alerts
EMP11874,dayita.rout5,R&D,Engineer,Active,1,1,7.0,0.0,3,1.0,46.75,79.0,1.0,6.0,2.0,0.0,1.0,0.0,1.0,0.0,0.0,0.0,0.0,0.0,0.0,1.0,,0,0,0,False,4.5,2.0,2.0,6.0,0.0,0,14.5,Low,Low,1 high-risk IAM events; 1 malware alerts
EMP11875,chakrika.chacko84,Operations,Director,Inactive,1,1,5.0,1.0,1,1.0,34.0,93.0,1.0,3.0,4.0,0.0,0.0,0.0,3.0,0.0,0.0,0.0,1.0,1.0,0.0,1.0,,0,0,0,False,2.5,2.0,0.0,17.0,0.0,0,21.5,Low,Low,1 failed authentication events; 1 high-risk IAM events; 3 malware alerts; 1 security-tampering alerts
EMP11876,yochana.sinha99,Human Resources,Specialist,Active,1,1,7.0,2.0,5,1.0,50.14,76.0,1.0,5.0,4.0,1.0,1.0,1.0,0.0,1.0,1.0,1.0,0.0,0.0,1.0,1.0,,0,0,0,False,9.5,2.0,7.0,15.0,2.0,5,40.5,Medium,Medium,"elevated authentication risk (2 failed auth, 5 MFA failures); 1 high-risk IAM events; 1 credential-access alerts; 1 lateral-movement alerts; 1 PowerShell alerts; 1 critical endpoint alerts; 1 unresolved critical alerts"
EMP11877,osha.mani16,Supply Chain,Analyst,Active,1,1,4.0,0.0,2,2.0,64.67,94.0,1.0,2.0,2.0,0.0,0.0,0.0,0.0,0.0,0.0,1.0,0.0,1.0,0.0,1.0,,0,0,0,False,3.0,4.0,0.0,4.0,0.0,0,11.0,Low,Low,2 high-risk IAM events; 1 PowerShell alerts
EMP11878,qadim.puri38,IT,Manager,Inactive,1,0,6.0,4.0,4,1.0,57.25,84.0,1.0,1.0,1.0,0.0,0.0,0.0,0.0,1.0,0.0,0.0,0.0,0.0,0.0,1.0,,0,0,0,False,10.0,2.0,0.0,6.0,0.0,5,23.0,Low,Low,"elevated authentication risk (4 failed auth, 4 MFA failures); 1 high-risk IAM events; 1 credential-access alerts"
EMP11879,ethan.sekhon49,Finance,Administrator,On Leave,1,1,2.0,0.0,0,0.0,27.5,53.0,1.0,2.0,1.0,0.0,0.0,0.0,0.0,1.0,0.0,0.0,0.0,0.0,0.0,0.0,,0,0,0,False,0.0,0.0,0.0,6.0,0.0,0,6.0,Low,Low,1 credential-access alerts
EMP11880,yashvi.din95,Marketing,Director,Active,1,1,8.0,4.0,3,1.0,36.4,76.0,1.0,6.0,3.0,0.0,1.0,0.0,0.0,0.0,0.0,1.0,0.0,2.0,0.0,1.0,,0,0,0,False,8.5,2.0,2.0,5.0,0.0,0,17.5,Low,Low,"elevated authentication risk (4 failed auth, 3 MFA failures); 1 high-risk IAM events; 1 PowerShell alerts"
EMP11881,nidra_nagar68,Supply Chain,Specialist,Active,1,0,4.0,1.0,0,1.0,40.25,88.0,1.0,2.0,0.0,0.0,0.0,0.0,0.0,0.0,0.0,0.0,0.0,0.0,0.0,0.0,,0,0,0,False,1.0,2.0,0.0,0.0,0.0,0,3.0,Low,Low,1 failed authentication events; 1 high-risk IAM events
EMP11882,sai.garde41,Human Resources,Executive,Disabled,1,0,4.0,0.0,1,0.0,40.0,55.0,1.0,3.0,1.0,1.0,0.0,1.0,1.0,0.0,0.0,0.0,1.0,0.0,0.0,1.0,2024-08-14 01:36:13,3,1,4,True,1.5,0.0,5.0,10.0,12.0,0,28.5,Medium,Medium,1 malware alerts; 1 security-tampering alerts; 1 critical endpoint alerts; 4 events after identity termination; 1 unresolved critical alerts
EMP11883,falak_handa71,Customer Support,Manager,Inactive,1,1,2.0,1.0,1,0.0,59.5,67.0,1.0,2.0,3.0,0.0,0.0,0.0,0.0,2.0,0.0,1.0,0.0,0.0,0.0,2.0,2026-06-17 18:31:00,2,3,5,True,2.5,0.0,0.0,11.0,10.0,0,23.5,Low,Low,1 failed authentication events; 2 credential-access alerts; 1 PowerShell alerts; 5 events after identity termination
EMP11884,ranbir.bobal52,IT,Administrator,Active,1,1,5.0,2.0,1,2.0,60.8,81.0,1.0,5.0,3.0,0.0,1.0,0.0,1.0,1.0,0.0,1.0,0.0,1.0,0.0,1.0,,0,0,0,False,3.5,4.0,2.0,16.0,0.0,5,30.5,Medium,Medium,2 failed authentication events; 2 high-risk IAM events; 1 malware alerts; 1 credential-access alerts; 1 PowerShell alerts
EMP11885,bhavika.kalla13,Procurement,Analyst,Active,1,1,5.0,1.0,2,0.0,32.8,49.0,1.0,3.0,2.0,1.0,1.0,1.0,1.0,0.0,0.0,1.0,0.0,0.0,0.0,2.0,,0,0,0,False,4.0,0.0,7.0,9.0,2.0,0,22.0,Low,Low,1 failed authentication events; 1 malware alerts; 1 PowerShell alerts; 1 critical endpoint alerts; 1 unresolved critical alerts
EMP11886,bhavya.sura34,Finance,Specialist,Active,1,1,6.0,2.0,2,1.0,43.5,84.0,1.0,4.0,2.0,0.0,1.0,0.0,0.0,0.0,1.0,1.0,0.0,0.0,0.0,1.0,,0,0,0,False,5.0,2.0,2.0,9.0,0.0,0,18.0,Low,Low,2 failed authentication events; 1 high-risk IAM events; 1 lateral-movement alerts; 1 PowerShell alerts
EMP11887,chavvi.bakshi90,People,Analyst,Active,1,1,5.0,3.0,2,3.0,90.33,95.0,1.0,1.0,1.0,0.0,0.0,0.0,0.0,0.0,1.0,0.0,0.0,0.0,0.0,1.0,,0,0,0,False,6.0,6.0,0.0,6.0,0.0,0,18.0,Low,Low,3 failed authentication events; 3 high-risk IAM events; 1 lateral-movement alerts
EMP11888,saanvi.puri1,Customer Support,Administrator,Active,1,0,4.0,1.0,2,1.0,49.5,91.0,1.0,2.0,1.0,0.0,0.0,0.0,0.0,0.0,0.0,0.0,1.0,0.0,0.0,1.0,,0,0,0,False,4.0,2.0,0.0,4.0,0.0,0,10.0,Low,Low,1 failed authentication events; 1 high-risk IAM events; 1 security-tampering alerts
EMP11889,atharv.shukla79,Legal,Engineer,Active,1,1,6.0,1.0,1,2.0,56.2,97.0,1.0,6.0,2.0,0.0,0.0,0.0,2.0,0.0,0.0,0.0,0.0,0.0,0.0,1.0,,0,0,0,False,2.5,4.0,0.0,12.0,0.0,0,18.5,Low,Low,1 failed authentication events; 2 high-risk IAM events; 2 malware alerts
EMP11890,zansi.baria53,Procurement,Administrator,Disabled,1,1,5.0,1.0,3,3.0,67.25,100.0,1.0,4.0,2.0,0.0,1.0,0.0,0.0,0.0,0.0,0.0,1.0,1.0,0.0,1.0,2023-03-25 12:36:00,4,2,6,True,5.5,6.0,2.0,5.0,10.0,3,31.5,Medium,Medium,1 failed authentication events; 3 high-risk IAM events; 1 security-tampering alerts; 6 events after identity termination
EMP11891,,People,Director,Active,1,1,4.0,2.0,2,2.0,53.0,85.0,1.0,3.0,1.0,0.0,1.0,0.0,0.0,0.0,0.0,1.0,0.0,0.0,0.0,1.0,,0,0,0,False,5.0,4.0,2.0,3.0,0.0,0,14.0,Low,Low,2 failed authentication events; 2 high-risk IAM events; 1 PowerShell alerts
EMP11892,sudiksha.patil75,Human Resources,Engineer,Active,1,1,2.0,2.0,2,0.0,49.0,63.0,1.0,1.0,2.0,0.0,0.0,0.0,0.0,0.0,0.0,0.0,1.0,0.0,0.0,1.0,,0,0,0,False,5.0,0.0,0.0,4.0,0.0,0,9.0,Low,Low,2 failed authentication events; 1 security-tampering alerts
EMP11893,damyanti.sha10,Legal,Executive,Active,1,0,6.0,4.0,5,1.0,41.0,94.0,1.0,3.0,0.0,0.0,0.0,0.0,0.0,0.0,0.0,0.0,0.0,0.0,0.0,0.0,,0,0,0,False,11.5,2.0,0.0,0.0,0.0,0,13.5,Low,Low,"elevated authentication risk (4 failed auth, 5 MFA failures); 1 high-risk IAM events"
EMP11894,hema.grover90,IT,Director,Active,1,1,1.0,0.0,1,0.0,13.0,13.0,1.0,1.0,4.0,0.0,2.0,0.0,0.0,1.0,0.0,0.0,0.0,2.0,0.0,1.0,,0,0,0,False,1.5,0.0,4.0,8.0,0.0,0,13.5,Low,Low,1 credential-access alerts
EMP11895,ayushman.dave16,Operations,Consultant,Active,1,1,6.0,2.0,4,2.0,60.0,86.0,1.0,2.0,3.0,1.0,0.0,1.0,0.0,0.0,2.0,1.0,1.0,0.0,0.0,2.0,,0,0,0,False,8.0,4.0,5.0,15.0,2.0,5,39.0,Medium,Medium,"elevated authentication risk (2 failed auth, 4 MFA failures); 2 high-risk IAM events; 2 lateral-movement alerts; 1 PowerShell alerts; 1 security-tampering alerts; 1 critical endpoint alerts; 1 unresolved critical alerts"
EMP11896,urmi.pall82,Finance,Engineer,Inactive,1,0,3.0,1.0,1,0.0,0.0,0.0,1.0,3.0,1.0,0.0,1.0,0.0,1.0,0.0,0.0,0.0,0.0,0.0,0.0,1.0,2026-02-25 13:56:11,2,1,3,True,2.5,0.0,2.0,6.0,9.0,0,19.5,Low,Low,1 failed authentication events; 1 malware alerts; 3 events after identity termination
EMP11897,bimala.khosla56,IT,Administrator,Active,1,1,3.0,1.0,1,0.0,23.0,23.0,1.0,2.0,2.0,0.0,1.0,0.0,1.0,0.0,0.0,1.0,1.0,0.0,0.0,1.0,,0,0,0,False,2.5,0.0,2.0,13.0,0.0,0,17.5,Low,Low,1 failed authentication events; 1 malware alerts; 1 PowerShell alerts; 1 security-tampering alerts
EMP11898,hemani.dada38,Sales,Director,Active,1,1,2.0,0.0,1,0.0,0.0,0.0,1.0,2.0,1.0,0.0,1.0,0.0,0.0,0.0,0.0,0.0,0.0,0.0,0.0,1.0,,0,0,0,False,1.5,0.0,2.0,0.0,0.0,0,3.5,Low,Low,No high-priority risk drivers
EMP11899,rayaan.srinivas61,Customer Support,Manager,Active,1,0,5.0,3.0,2,0.0,30.0,30.0,1.0,3.0,1.0,0.0,0.0,0.0,0.0,0.0,1.0,0.0,0.0,0.0,0.0,1.0,,0,0,0,False,6.0,0.0,0.0,6.0,0.0,0,12.0,Low,Low,3 failed authentication events; 1 lateral-movement alerts
EMP11900,chanakya.bora36,R&D,Director,Active,1,0,5.0,2.0,3,1.0,34.4,86.0,1.0,3.0,3.0,0.0,1.0,0.0,2.0,1.0,0.0,0.0,1.0,0.0,0.0,1.0,,0,0,0,False,6.5,2.0,2.0,22.0,0.0,5,37.5,Medium,Medium,2 failed authentication events; 1 high-risk IAM events; 2 malware alerts; 1 credential-access alerts; 1 security-tampering alerts
EMP11901,radha.acharya83,R&D,Director,Active,1,1,10.0,2.0,5,1.0,40.5,94.0,1.0,7.0,2.0,0.0,1.0,0.0,0.0,1.0,0.0,2.0,0.0,0.0,0.0,1.0,,0,0,0,False,9.5,2.0,2.0,10.0,0.0,5,28.5,Medium,Medium,"elevated authentication risk (2 failed auth, 5 MFA failures); 1 high-risk IAM events; 1 credential-access alerts; 2 PowerShell alerts"
EMP11902,,Customer Support,Administrator,Inactive,1,1,4.0,3.0,2,0.0,45.5,68.0,1.0,2.0,2.0,0.0,0.0,0.0,1.0,0.0,0.0,0.0,0.0,1.0,0.0,1.0,2026-02-09 00:00:00,3,2,5,True,6.0,0.0,0.0,7.0,10.0,0,23.0,Low,Low,3 failed authentication events; 1 malware alerts; 5 events after identity termination
EMP11903,amruta.modi14,Sales,Administrator,Inactive,1,1,4.0,3.0,2,2.0,55.0,78.0,1.0,1.0,1.0,0.0,0.0,0.0,0.0,0.0,0.0,1.0,0.0,0.0,0.0,1.0,2026-05-06 00:00:00,4,1,5,True,6.0,4.0,0.0,3.0,10.0,0,23.0,Low,Low,3 failed authentication events; 2 high-risk IAM events; 1 PowerShell alerts; 5 events after identity termination
EMP11904,yashawini.comar81,Innovation,Officer,Active,1,1,6.0,2.0,2,3.0,63.33,90.0,1.0,4.0,4.0,1.0,2.0,1.0,0.0,0.0,3.0,2.0,0.0,1.0,0.0,2.0,,0,0,0,False,5.0,6.0,9.0,13.0,2.0,0,35.0,Medium,Medium,2 failed authentication events; 3 high-risk IAM events; 3 lateral-movement alerts; 2 PowerShell alerts; 1 critical endpoint alerts; 1 unresolved critical alerts
EMP11905,mahika.srinivas54,Procurement,Consultant,Active,0,1,6.0,2.0,3,4.0,67.5,99.0,1.0,2.0,2.0,0.0,1.0,0.0,1.0,0.0,1.0,0.0,0.0,0.0,0.0,1.0,,0,0,0,False,6.5,8.0,2.0,12.0,0.0,8,36.5,Medium,Medium,2 failed authentication events; 4 high-risk IAM events; 1 malware alerts; 1 lateral-movement alerts
EMP11906,abeer.palla55,Marketing,Administrator,Active,1,1,9.0,2.0,3,3.0,52.75,82.0,1.0,4.0,1.0,0.0,0.0,0.0,0.0,0.0,0.0,1.0,0.0,0.0,0.0,1.0,,0,0,0,False,6.5,6.0,0.0,3.0,0.0,3,18.5,Low,Low,2 failed authentication events; 3 high-risk IAM events; 1 PowerShell alerts
EMP11907,wridesh.wable13,Legal,Trainee,Active,1,1,2.0,0.0,0,0.0,8.0,12.0,1.0,2.0,1.0,0.0,1.0,0.0,1.0,0.0,0.0,0.0,0.0,0.0,0.0,1.0,,0,0,0,False,0.0,0.0,2.0,6.0,0.0,0,8.0,Low,Low,1 malware alerts
EMP11908,hitesh.keer31,Customer Support,Consultant,On Leave,1,0,7.0,2.0,2,1.0,31.6,74.0,1.0,3.0,5.0,0.0,1.0,0.0,0.0,2.0,2.0,0.0,0.0,0.0,0.0,1.0,,0,0,0,False,5.0,2.0,2.0,16.0,0.0,0,25.0,Medium,Medium,2 failed authentication events; 1 high-risk IAM events; 2 credential-access alerts; 2 lateral-movement alerts
EMP11909,kashvi.bhagat73,Finance,Engineer,Active,1,1,8.0,1.0,1,1.0,37.14,94.0,1.0,5.0,2.0,0.0,0.0,0.0,0.0,1.0,0.0,2.0,0.0,0.0,0.0,1.0,,0,0,0,False,2.5,2.0,0.0,10.0,0.0,0,14.5,Low,Low,1 failed authentication events; 1 high-risk IAM events; 1 credential-access alerts; 2 PowerShell alerts
EMP11910,jonathan.lalla10,Human Resources,Officer,Active,1,1,3.0,2.0,1,1.0,49.5,84.0,1.0,2.0,1.0,0.0,0.0,0.0,0.0,0.0,0.0,0.0,0.0,1.0,0.0,1.0,,0,0,0,False,3.5,2.0,0.0,1.0,0.0,0,6.5,Low,Low,2 failed authentication events; 1 high-risk IAM events
EMP11911,joshua.ahluwalia5,Marketing,Analyst,Inactive,1,1,2.0,1.0,1,2.0,75.5,81.0,1.0,1.0,1.0,0.0,0.0,0.0,1.0,0.0,0.0,0.0,0.0,0.0,0.0,1.0,,0,0,0,False,2.5,4.0,0.0,6.0,0.0,0,12.5,Low,Low,1 failed authentication events; 2 high-risk IAM events; 1 malware alerts
EMP11912,vinaya.ravi27,Human Resources,Consultant,Active,1,1,5.0,2.0,2,1.0,34.0,96.0,1.0,3.0,5.0,0.0,1.0,0.0,2.0,0.0,0.0,1.0,0.0,2.0,0.0,2.0,,0,0,0,False,5.0,2.0,2.0,17.0,0.0,0,26.0,Medium,Medium,2 failed authentication events; 1 high-risk IAM events; 2 malware alerts; 1 PowerShell alerts
EMP11913,darpan.randhawa69,Sales,Analyst,Active,1,0,6.0,1.0,0,2.0,65.0,90.0,1.0,4.0,1.0,0.0,0.0,0.0,0.0,0.0,0.0,1.0,0.0,0.0,0.0,0.0,,0,0,0,False,1.0,4.0,0.0,3.0,0.0,0,8.0,Low,Low,1 failed authentication events; 2 high-risk IAM events; 1 PowerShell alerts
EMP11914,krishna.nayak94,IT,Trainee,Inactive,1,1,10.0,4.0,3,4.0,63.67,91.0,1.0,7.0,4.0,0.0,2.0,0.0,2.0,0.0,0.0,1.0,0.0,2.0,0.0,1.0,2025-10-22 22:08:24,9,2,11,True,8.5,8.0,4.0,17.0,10.0,8,55.5,High,High,"elevated authentication risk (4 failed auth, 3 MFA failures); 4 high-risk IAM events; 2 malware alerts; 1 PowerShell alerts; 11 events after identity termination"
EMP11915,jasmit.panchal36,IT,Director,Active,1,1,7.0,4.0,5,0.0,40.33,58.0,1.0,2.0,2.0,0.0,1.0,0.0,2.0,0.0,0.0,2.0,0.0,0.0,0.0,1.0,,0,0,0,False,11.5,0.0,2.0,16.0,0.0,5,34.5,Medium,Medium,"elevated authentication risk (4 failed auth, 5 MFA failures); 2 malware alerts; 2 PowerShell alerts"
EMP11916,chandran.batta95,Human Resources,Specialist,Active,1,1,5.0,1.0,1,3.0,71.0,90.0,1.0,1.0,5.0,0.0,1.0,0.0,1.0,1.0,1.0,1.0,0.0,0.0,1.0,1.0,,0,0,0,False,2.5,6.0,2.0,21.0,0.0,10,41.5,Medium,Medium,1 failed authentication events; 3 high-risk IAM events; 1 malware alerts; 1 credential-access alerts; 1 lateral-movement alerts; 1 PowerShell alerts
EMP11917,naksh.sanghvi94,Finance,Engineer,Active,1,1,1.0,0.0,0,1.0,78.0,78.0,1.0,1.0,0.0,0.0,0.0,0.0,0.0,0.0,0.0,0.0,0.0,0.0,0.0,0.0,,0,0,0,False,0.0,2.0,0.0,0.0,0.0,0,2.0,Low,Low,1 high-risk IAM events
EMP11918,lekha.dhawan29,Procurement,Executive,Active,1,0,10.0,2.0,2,0.0,21.12,48.0,1.0,6.0,3.0,0.0,0.0,0.0,1.0,0.0,1.0,1.0,0.0,0.0,0.0,1.0,,0,0,0,False,5.0,0.0,0.0,15.0,0.0,5,25.0,Medium,Medium,2 failed authentication events; 1 malware alerts; 1 lateral-movement alerts; 1 PowerShell alerts
EMP11919,aachal.tara39,Legal,Executive,Active,1,1,8.0,2.0,2,1.0,41.83,76.0,1.0,4.0,2.0,0.0,0.0,0.0,1.0,0.0,0.0,1.0,0.0,0.0,0.0,1.0,,0,0,0,False,5.0,2.0,0.0,9.0,0.0,0,16.0,Low,Low,2 failed authentication events; 1 high-risk IAM events; 1 malware alerts; 1 PowerShell alerts
EMP11920,gautam.keer69,Finance,Director,Active,1,1,4.0,1.0,1,3.0,64.75,92.0,1.0,1.0,2.0,0.0,1.0,0.0,0.0,0.0,0.0,1.0,0.0,2.0,0.0,1.0,,0,0,0,False,2.5,6.0,2.0,5.0,0.0,0,15.5,Low,Low,1 failed authentication events; 3 high-risk IAM events; 1 PowerShell alerts
EMP11921,warda.bhatt30,Finance,Administrator,Inactive,1,1,8.0,3.0,7,1.0,44.6,76.0,1.0,5.0,5.0,1.0,1.0,1.0,1.0,0.0,2.0,1.0,0.0,1.0,0.0,2.0,,0,0,0,False,13.0,2.0,7.0,18.0,2.0,10,52.0,High,High,"elevated authentication risk (3 failed auth, 7 MFA failures); 1 high-risk IAM events; 1 malware alerts; 2 lateral-movement alerts; 1 PowerShell alerts; 1 critical endpoint alerts; 1 unresolved critical alerts"
EMP11922,william.rajan75,Operations,Trainee,Active,1,1,4.0,2.0,3,0.0,51.67,62.0,1.0,3.0,4.0,0.0,0.0,0.0,2.0,0.0,1.0,0.0,0.0,0.0,1.0,1.0,,0,0,0,False,6.5,0.0,0.0,18.0,0.0,5,29.5,Medium,Medium,2 failed authentication events; 2 malware alerts; 1 lateral-movement alerts
EMP11923,jatin.bansal55,Finance,Specialist,Active,1,1,6.0,0.0,2,1.0,49.75,78.0,1.0,4.0,6.0,1.0,2.0,1.0,1.0,3.0,1.0,1.0,0.0,0.0,0.0,1.0,,0,0,0,False,3.0,2.0,9.0,23.0,2.0,10,49.0,Medium,Medium,1 high-risk IAM events; 1 malware alerts; 3 credential-access alerts; 1 lateral-movement alerts; 1 PowerShell alerts; 1 critical endpoint alerts; 1 unresolved critical alerts
EMP11924,chandani.palan99,IT,Engineer,Active,1,1,3.0,1.0,0,1.0,44.33,86.0,1.0,1.0,2.0,0.0,1.0,0.0,1.0,1.0,0.0,1.0,0.0,0.0,0.0,1.0,,0,0,0,False,1.0,2.0,2.0,15.0,0.0,5,25.0,Medium,Medium,1 failed authentication events; 1 high-risk IAM events; 1 malware alerts; 1 credential-access alerts; 1 PowerShell alerts
EMP11925,triya.narasimhan75,Human Resources,Executive,Inactive,1,1,2.0,1.0,1,1.0,89.0,89.0,1.0,2.0,2.0,0.0,0.0,0.0,0.0,0.0,0.0,1.0,0.0,0.0,0.0,1.0,2024-04-26 14:13:10,2,2,4,True,2.5,2.0,0.0,3.0,10.0,0,17.5,Low,Low,1 failed authentication events; 1 high-risk IAM events; 1 PowerShell alerts; 4 events after identity termination
EMP11926,chatresh.varty75,Finance,Analyst,Inactive,0,1,5.0,1.0,4,3.0,81.25,97.0,1.0,3.0,2.0,0.0,2.0,0.0,2.0,0.0,0.0,0.0,0.0,0.0,1.0,1.0,2021-07-04 11:53:00,5,2,7,True,7.0,6.0,4.0,12.0,10.0,3,42.0,Medium,Medium,1 failed authentication events; 3 high-risk IAM events; 2 malware alerts; 7 events after identity termination
EMP11927,laban.verma70,Human Resources,Engineer,Active,1,1,6.0,1.0,1,3.0,64.2,92.0,1.0,2.0,1.0,0.0,0.0,0.0,0.0,0.0,0.0,0.0,0.0,0.0,0.0,1.0,,0,0,0,False,2.5,6.0,0.0,0.0,0.0,0,8.5,Low,Low,1 failed authentication events; 3 high-risk IAM events
EMP11928,riya.chadha43,Customer Support,Executive,Active,1,1,6.0,1.0,1,3.0,84.33,100.0,1.0,6.0,1.0,0.0,0.0,0.0,0.0,0.0,0.0,1.0,0.0,0.0,0.0,1.0,,0,0,0,False,2.5,6.0,0.0,3.0,0.0,0,11.5,Low,Low,1 failed authentication events; 3 high-risk IAM events; 1 PowerShell alerts
EMP11929,jagat_gulati29,People,Officer,Active,1,1,8.0,4.0,3,1.0,59.83,99.0,1.0,3.0,4.0,1.0,0.0,1.0,4.0,0.0,0.0,1.0,0.0,0.0,0.0,2.0,,0,0,0,False,8.5,2.0,5.0,15.0,2.0,5,37.5,Medium,Medium,"elevated authentication risk (4 failed auth, 3 MFA failures); 1 high-risk IAM events; 4 malware alerts; 1 PowerShell alerts; 1 critical endpoint alerts; 1 unresolved critical alerts"
EMP11930,upma.mani95,Operations,Trainee,Inactive,1,1,5.0,2.0,1,0.0,49.0,54.0,1.0,4.0,3.0,0.0,1.0,0.0,1.0,0.0,1.0,1.0,0.0,0.0,0.0,1.0,,0,0,0,False,3.5,0.0,2.0,15.0,0.0,5,25.5,Medium,Medium,2 failed authentication events; 1 malware alerts; 1 lateral-movement alerts; 1 PowerShell alerts
EMP11931,tamanna.ravi2,IT,Analyst,Active,0,1,5.0,3.0,4,0.0,35.4,66.0,1.0,1.0,1.0,0.0,0.0,0.0,1.0,0.0,0.0,0.0,0.0,0.0,0.0,1.0,,0,0,0,False,9.0,0.0,0.0,6.0,0.0,5,20.0,Low,Low,"elevated authentication risk (3 failed auth, 4 MFA failures); 1 malware alerts"
EMP11932,mahika.chakraborty82,Procurement,Manager,Active,1,1,7.0,3.0,3,1.0,40.75,76.0,1.0,4.0,5.0,0.0,2.0,0.0,3.0,1.0,0.0,0.0,4.0,1.0,0.0,1.0,,0,0,0,False,7.5,2.0,4.0,24.0,0.0,5,42.5,Medium,Medium,3 failed authentication events; 1 high-risk IAM events; 3 malware alerts; 1 credential-access alerts; 4 security-tampering alerts
EMP11933,balendra.madan83,Operations,Analyst,Active,1,1,5.0,1.0,2,2.0,68.2,87.0,1.0,2.0,1.0,0.0,0.0,0.0,0.0,0.0,0.0,1.0,0.0,0.0,0.0,1.0,,0,0,0,False,4.0,4.0,0.0,3.0,0.0,0,11.0,Low,Low,1 failed authentication events; 2 high-risk IAM events; 1 PowerShell alerts
EMP11934,nicholas.varma41,Legal,Manager,Active,1,1,9.0,4.0,5,1.0,40.88,82.0,1.0,4.0,3.0,0.0,2.0,0.0,2.0,0.0,0.0,0.0,0.0,1.0,0.0,1.0,,0,0,0,False,11.5,2.0,4.0,13.0,0.0,5,35.5,Medium,Medium,"elevated authentication risk (4 failed auth, 5 MFA failures); 1 high-risk IAM events; 2 malware alerts"
EMP11935,pooja.sinha70,Finance,Specialist,Active,1,1,6.0,2.0,2,2.0,44.0,76.0,1.0,4.0,4.0,0.0,0.0,0.0,1.0,0.0,1.0,0.0,1.0,1.0,0.0,1.0,,0,0,0,False,5.0,4.0,0.0,17.0,0.0,5,31.0,Medium,Medium,2 failed authentication events; 2 high-risk IAM events; 1 malware alerts; 1 lateral-movement alerts; 1 security-tampering alerts
EMP11936,darsh.mishra10,Finance,Executive,Active,1,1,2.0,0.0,0,1.0,61.0,93.0,1.0,1.0,2.0,0.0,0.0,0.0,0.0,0.0,1.0,0.0,0.0,1.0,0.0,1.0,,0,0,0,False,0.0,2.0,0.0,7.0,0.0,0,9.0,Low,Low,1 high-risk IAM events; 1 lateral-movement alerts
EMP11937,omya.arya6,Customer Support,Director,Active,1,1,9.0,1.0,3,4.0,58.0,95.0,1.0,6.0,5.0,1.0,0.0,0.0,2.0,1.0,0.0,1.0,2.0,1.0,0.0,1.0,,0,0,0,False,5.5,8.0,5.0,27.0,0.0,8,53.5,High,High,1 failed authentication events; 4 high-risk IAM events; 2 malware alerts; 1 credential-access alerts; 1 PowerShell alerts; 2 security-tampering alerts; 1 critical endpoint alerts
EMP11938,omya.choudhury49,Operations,Consultant,Active,1,1,5.0,2.0,3,0.0,17.67,42.0,1.0,2.0,4.0,1.0,0.0,0.0,0.0,1.0,1.0,2.0,0.0,2.0,0.0,1.0,,0,0,0,False,6.5,0.0,5.0,18.0,0.0,0,29.5,Medium,Medium,2 failed authentication events; 1 credential-access alerts; 1 lateral-movement alerts; 2 PowerShell alerts; 1 critical endpoint alerts
EMP11939,ekbal.walia16,Sales,Director,Active,1,0,4.0,1.0,2,0.0,48.33,67.0,1.0,3.0,1.0,0.0,0.0,0.0,0.0,0.0,0.0,1.0,0.0,0.0,0.0,1.0,,0,0,0,False,4.0,0.0,0.0,3.0,0.0,0,7.0,Low,Low,1 failed authentication events; 1 PowerShell alerts
EMP11940,jairaj.jayaraman47,Brand,Executive,Active,1,1,3.0,1.0,1,1.0,51.33,88.0,1.0,1.0,2.0,0.0,1.0,0.0,1.0,0.0,1.0,0.0,0.0,0.0,1.0,1.0,,0,0,0,False,2.5,2.0,2.0,12.0,0.0,5,23.5,Low,Low,1 failed authentication events; 1 high-risk IAM events; 1 malware alerts; 1 lateral-movement alerts
EMP11941,yatan.chander61,IT,Director,Active,1,0,10.0,2.0,3,3.0,59.0,97.0,1.0,7.0,1.0,1.0,0.0,1.0,1.0,0.0,0.0,0.0,0.0,0.0,0.0,1.0,,0,0,0,False,6.5,6.0,5.0,6.0,2.0,3,28.5,Medium,Medium,2 failed authentication events; 3 high-risk IAM events; 1 malware alerts; 1 critical endpoint alerts; 1 unresolved critical alerts
EMP11942,,IT,Specialist,Active,1,1,9.0,3.0,2,1.0,40.0,91.0,1.0,5.0,3.0,0.0,0.0,0.0,0.0,1.0,0.0,1.0,0.0,0.0,0.0,1.0,,0,0,0,False,6.0,2.0,0.0,9.0,0.0,0,17.0,Low,Low,3 failed authentication events; 1 high-risk IAM events; 1 credential-access alerts; 1 PowerShell alerts
EMP11943,zilmil.warrior7,Human Resources,Director,Inactive,1,1,4.0,1.0,1,1.0,57.0,94.0,1.0,3.0,5.0,0.0,2.0,0.0,3.0,0.0,2.0,1.0,1.0,0.0,0.0,2.0,2025-08-12 20:08:30,3,4,7,True,2.5,2.0,4.0,27.0,10.0,5,50.5,High,High,1 failed authentication events; 1 high-risk IAM events; 3 malware alerts; 2 lateral-movement alerts; 1 PowerShell alerts; 1 security-tampering alerts; 7 events after identity termination
EMP11944,logan.shroff83,Finance,Officer,Active,1,1,12.0,4.0,5,1.0,39.6,82.0,1.0,6.0,2.0,1.0,0.0,1.0,0.0,1.0,1.0,0.0,0.0,0.0,0.0,1.0,,0,0,0,False,11.5,2.0,5.0,12.0,2.0,5,37.5,Medium,Medium,"elevated authentication risk (4 failed auth, 5 MFA failures); 1 high-risk IAM events; 1 credential-access alerts; 1 lateral-movement alerts; 1 critical endpoint alerts; 1 unresolved critical alerts"
EMP11945,ira.shukla68,Human Resources,Director,Active,1,1,6.0,2.0,3,0.0,45.33,66.0,1.0,3.0,7.0,1.0,1.0,0.0,3.0,0.0,1.0,4.0,0.0,1.0,1.0,1.0,,0,0,0,False,6.5,0.0,7.0,23.0,0.0,5,41.5,Medium,Medium,2 failed authentication events; 3 malware alerts; 1 lateral-movement alerts; 4 PowerShell alerts; 1 critical endpoint alerts
EMP11946,laban.mani87,Marketing,Executive,Active,1,1,3.0,1.0,1,1.0,58.0,91.0,1.0,2.0,1.0,0.0,0.0,0.0,0.0,0.0,0.0,1.0,0.0,0.0,0.0,1.0,,0,0,0,False,2.5,2.0,0.0,3.0,0.0,0,7.5,Low,Low,1 failed authentication events; 1 high-risk IAM events; 1 PowerShell alerts
EMP11947,xalak.handa21,IT,Engineer,Active,1,1,5.0,1.0,2,1.0,56.0,72.0,1.0,3.0,1.0,0.0,1.0,0.0,0.0,0.0,0.0,1.0,1.0,1.0,0.0,1.0,,0,0,0,False,4.0,2.0,2.0,8.0,0.0,0,16.0,Low,Low,1 failed authentication events; 1 high-risk IAM events; 1 PowerShell alerts; 1 security-tampering alerts
EMP11948,kamya.ram56,Sales,Manager,Active,1,1,8.0,1.0,4,1.0,42.25,88.0,1.0,7.0,2.0,0.0,1.0,0.0,2.0,0.0,0.0,0.0,2.0,0.0,0.0,1.0,,0,0,0,False,7.0,2.0,2.0,17.0,0.0,0,28.0,Medium,Medium,1 failed authentication events; 1 high-risk IAM events; 2 malware alerts; 2 security-tampering alerts
EMP11949,nirja_munshi38,Compliance,Executive,Inactive,1,1,6.0,2.0,3,1.0,32.5,87.0,1.0,2.0,4.0,0.0,0.0,0.0,1.0,0.0,2.0,1.0,0.0,0.0,0.0,1.0,2022-04-23 04:55:14,5,3,8,True,6.5,2.0,0.0,17.0,10.0,5,40.5,Medium,Medium,2 failed authentication events; 1 high-risk IAM events; 1 malware alerts; 2 lateral-movement alerts; 1 PowerShell alerts; 8 events after identity termination
EMP11950,garima.chaudhary44,Customer Support,Executive,Active,1,1,6.0,2.0,2,2.0,55.4,96.0,1.0,2.0,0.0,0.0,0.0,0.0,0.0,0.0,0.0,0.0,0.0,0.0,0.0,0.0,,0,0,0,False,5.0,4.0,0.0,0.0,0.0,0,9.0,Low,Low,2 failed authentication events; 2 high-risk IAM events
EMP11951,harsh.dugar36,Marketing,Officer,Inactive,1,1,6.0,1.0,2,1.0,60.33,91.0,1.0,3.0,4.0,1.0,1.0,1.0,4.0,0.0,0.0,0.0,0.0,0.0,0.0,2.0,2026-05-29 08:02:08,6,4,10,True,4.0,2.0,7.0,12.0,12.0,0,37.0,Medium,Medium,1 failed authentication events; 1 high-risk IAM events; 4 malware alerts; 1 critical endpoint alerts; 10 events after identity termination; 1 unresolved critical alerts
EMP11952,kavya.char72,Customer Support,Officer,Active,1,0,5.0,2.0,3,3.0,79.67,95.0,1.0,2.0,2.0,1.0,0.0,0.0,0.0,0.0,1.0,0.0,0.0,1.0,0.0,1.0,,0,0,0,False,6.5,6.0,5.0,7.0,0.0,3,27.5,Medium,Medium,2 failed authentication events; 3 high-risk IAM events; 1 lateral-movement alerts; 1 critical endpoint alerts
EMP11953,mitali.bains90,IT,Consultant,Active,1,1,5.0,2.0,2,2.0,69.67,86.0,1.0,4.0,3.0,0.0,1.0,0.0,0.0,1.0,1.0,0.0,0.0,0.0,0.0,2.0,,0,0,0,False,5.0,4.0,2.0,12.0,0.0,0,23.0,Low,Low,2 failed authentication events; 2 high-risk IAM events; 1 credential-access alerts; 1 lateral-movement alerts
EMP11954,krishna.mukherjee27,Operations,Engineer,Active,1,1,4.0,0.0,1,1.0,43.5,77.0,1.0,1.0,3.0,0.0,3.0,0.0,2.0,0.0,1.0,0.0,0.0,0.0,0.0,1.0,,0,0,0,False,1.5,2.0,5.0,18.0,0.0,5,31.5,Medium,Medium,1 high-risk IAM events; 2 malware alerts; 1 lateral-movement alerts
EMP11955,ronith.narayan29,Finance,Manager,Active,1,0,6.0,3.0,3,2.0,40.8,88.0,1.0,3.0,6.0,0.0,2.0,0.0,1.0,0.0,0.0,3.0,1.0,1.0,0.0,2.0,,0,0,0,False,7.5,4.0,4.0,15.0,0.0,0,30.5,Medium,Medium,3 failed authentication events; 2 high-risk IAM events; 1 malware alerts; 3 PowerShell alerts; 1 security-tampering alerts
EMP11956,damini.loke16,Customer Support,Analyst,Active,1,1,5.0,0.0,3,1.0,44.25,79.0,1.0,2.0,1.0,1.0,0.0,1.0,0.0,1.0,0.0,0.0,0.0,0.0,0.0,1.0,,0,0,0,False,4.5,2.0,5.0,6.0,2.0,0,19.5,Low,Low,1 high-risk IAM events; 1 credential-access alerts; 1 critical endpoint alerts; 1 unresolved critical alerts
EMP11957,noah.tailor28,Finance,Director,Active,0,1,11.0,2.0,5,4.0,70.14,97.0,1.0,5.0,2.0,0.0,1.0,0.0,1.0,0.0,0.0,1.0,0.0,0.0,0.0,1.0,,0,0,0,False,9.5,8.0,2.0,9.0,0.0,8,36.5,Medium,Medium,"elevated authentication risk (2 failed auth, 5 MFA failures); 4 high-risk IAM events; 1 malware alerts; 1 PowerShell alerts"
EMP11958,,Human Resources,Manager,Active,1,1,6.0,3.0,4,2.0,56.67,92.0,1.0,3.0,2.0,1.0,0.0,1.0,0.0,0.0,0.0,1.0,0.0,1.0,0.0,1.0,,0,0,0,False,9.0,4.0,5.0,4.0,2.0,0,24.0,Low,Low,"elevated authentication risk (3 failed auth, 4 MFA failures); 2 high-risk IAM events; 1 PowerShell alerts; 1 critical endpoint alerts; 1 unresolved critical alerts"
EMP11959,nathaniel.das13,R&D,Officer,Active,1,0,4.0,2.0,3,2.0,77.0,83.0,1.0,4.0,5.0,0.0,0.0,0.0,4.0,0.0,0.0,0.0,1.0,0.0,0.0,2.0,,0,0,0,False,6.5,4.0,0.0,16.0,0.0,0,26.5,Medium,Medium,2 failed authentication events; 2 high-risk IAM events; 4 malware alerts; 1 security-tampering alerts
EMP11960,finn.mall2,Finance,Engineer,Active,1,1,3.0,1.0,1,1.0,50.0,76.0,1.0,3.0,2.0,0.0,2.0,0.0,0.0,1.0,0.0,0.0,0.0,1.0,0.0,1.0,,0,0,0,False,2.5,2.0,4.0,7.0,0.0,0,15.5,Low,Low,1 failed authentication events; 1 high-risk IAM events; 1 credential-access alerts
EMP11961,benjamin_srinivasan15,Customer Support,Executive,Inactive,1,1,9.0,2.0,1,4.0,58.71,90.0,1.0,8.0,3.0,0.0,0.0,0.0,1.0,0.0,0.0,1.0,0.0,0.0,0.0,2.0,,0,0,0,False,3.5,8.0,0.0,9.0,0.0,0,20.5,Low,Low,2 failed authentication events; 4 high-risk IAM events; 1 malware alerts; 1 PowerShell alerts
EMP11962,abhimanyu.krishnamurthy64,Marketing,Administrator,Inactive,1,0,4.0,0.0,0,1.0,51.0,72.0,1.0,2.0,4.0,0.0,1.0,0.0,1.0,1.0,0.0,1.0,0.0,0.0,0.0,1.0,,0,0,0,False,0.0,2.0,2.0,15.0,0.0,5,24.0,Low,Low,1 high-risk IAM events; 1 malware alerts; 1 credential-access alerts; 1 PowerShell alerts
EMP11963,sanya.ram80,Sales,Director,Active,1,1,6.0,4.0,3,3.0,73.5,85.0,1.0,3.0,2.0,0.0,1.0,0.0,0.0,0.0,0.0,2.0,0.0,0.0,1.0,1.0,,0,0,0,False,8.5,6.0,2.0,4.0,0.0,3,23.5,Low,Low,"elevated authentication risk (4 failed auth, 3 MFA failures); 3 high-risk IAM events; 2 PowerShell alerts"
EMP11964,priya.lad10,Human Resources,Officer,Active,1,1,8.0,3.0,4,1.0,44.0,93.0,1.0,3.0,3.0,0.0,1.0,0.0,1.0,0.0,1.0,2.0,0.0,0.0,0.0,2.0,,0,0,0,False,9.0,2.0,2.0,16.0,0.0,10,39.0,Medium,Medium,"elevated authentication risk (3 failed auth, 4 MFA failures); 1 high-risk IAM events; 1 malware alerts; 1 lateral-movement alerts; 2 PowerShell alerts"
EMP11965,damyanti.madan68,Innovation,Consultant,Active,1,1,6.0,2.0,3,3.0,63.5,92.0,1.0,3.0,2.0,0.0,0.0,0.0,0.0,1.0,0.0,0.0,0.0,0.0,0.0,1.0,,0,0,0,False,6.5,6.0,0.0,6.0,0.0,3,21.5,Low,Low,2 failed authentication events; 3 high-risk IAM events; 1 credential-access alerts
EMP11966,varsha.bhakta93,Finance,Engineer,Active,1,1,4.0,0.0,1,3.0,96.0,98.0,1.0,3.0,1.0,0.0,1.0,0.0,1.0,0.0,0.0,0.0,1.0,0.0,0.0,1.0,,0,0,0,False,1.5,6.0,2.0,10.0,0.0,0,19.5,Low,Low,3 high-risk IAM events; 1 malware alerts; 1 security-tampering alerts
EMP11967,geetika.ratti44,Legal,Manager,Active,1,0,7.0,3.0,4,1.0,52.5,82.0,1.0,3.0,3.0,0.0,1.0,0.0,2.0,0.0,0.0,0.0,1.0,1.0,0.0,1.0,,0,0,0,False,9.0,2.0,2.0,17.0,0.0,5,35.0,Medium,Medium,"elevated authentication risk (3 failed auth, 4 MFA failures); 1 high-risk IAM events; 2 malware alerts; 1 security-tampering alerts"
EMP11968,ojasvi.keer69,Legal,Analyst,Active,1,1,9.0,6.0,5,0.0,14.25,42.0,1.0,3.0,3.0,0.0,0.0,0.0,2.0,0.0,0.0,0.0,0.0,1.0,0.0,1.0,,0,0,0,False,13.5,0.0,0.0,13.0,0.0,5,31.5,Medium,Medium,"elevated authentication risk (6 failed auth, 5 MFA failures); 2 malware alerts"
EMP11969,theodore.pandya55,Compliance,Analyst,Active,1,0,4.0,2.0,0,1.0,51.0,99.0,1.0,3.0,0.0,0.0,0.0,0.0,0.0,0.0,0.0,0.0,0.0,0.0,0.0,0.0,,0,0,0,False,2.0,2.0,0.0,0.0,0.0,0,4.0,Low,Low,2 failed authentication events; 1 high-risk IAM events
EMP11970,devansh.sule3,IT,Engineer,Inactive,1,1,2.0,0.0,0,0.0,29.0,29.0,1.0,2.0,3.0,0.0,0.0,0.0,2.0,0.0,0.0,0.0,0.0,1.0,1.0,1.0,2025-08-28 00:00:00,2,2,4,True,0.0,0.0,0.0,13.0,10.0,0,23.0,Low,Low,2 malware alerts; 4 events after identity termination
EMP11971,aachal.cheema98,IT,Director,Active,1,0,7.0,3.0,3,2.0,62.33,95.0,1.0,4.0,1.0,0.0,1.0,0.0,0.0,0.0,0.0,0.0,0.0,1.0,0.0,1.0,,0,0,0,False,7.5,4.0,2.0,1.0,0.0,0,14.5,Low,Low,3 failed authentication events; 2 high-risk IAM events
EMP11972,yochana.vyas99,Sales,Administrator,Disabled,1,1,3.0,0.0,1,2.0,59.67,100.0,1.0,0.0,6.0,0.0,1.0,0.0,2.0,2.0,1.0,1.0,0.0,0.0,0.0,2.0,,0,0,0,False,1.5,4.0,2.0,29.0,0.0,10,46.5,Medium,Medium,2 high-risk IAM events; 2 malware alerts; 2 credential-access alerts; 1 lateral-movement alerts; 1 PowerShell alerts
EMP11973,edhitha.pathak81,R&D,Director,Inactive,1,1,6.0,1.0,2,1.0,59.0,82.0,1.0,4.0,6.0,0.0,0.0,0.0,3.0,0.0,1.0,0.0,0.0,1.0,0.0,1.0,,0,0,0,False,4.0,2.0,0.0,19.0,0.0,5,30.0,Medium,Medium,1 failed authentication events; 1 high-risk IAM events; 3 malware alerts; 1 lateral-movement alerts
EMP11974,wyatt.sibal38,IT,Manager,Active,1,0,5.0,2.0,2,1.0,49.2,74.0,1.0,3.0,5.0,0.0,2.0,0.0,3.0,0.0,0.0,3.0,1.0,1.0,0.0,2.0,,0,0,0,False,5.0,2.0,4.0,21.0,0.0,0,32.0,Medium,Medium,2 failed authentication events; 1 high-risk IAM events; 3 malware alerts; 3 PowerShell alerts; 1 security-tampering alerts
EMP11975,turvi.munshi25,Operations,Administrator,Inactive,1,1,7.0,3.0,3,2.0,53.75,83.0,1.0,5.0,2.0,0.0,1.0,0.0,2.0,0.0,0.0,0.0,1.0,0.0,0.0,1.0,,0,0,0,False,7.5,4.0,2.0,16.0,0.0,0,29.5,Medium,Medium,3 failed authentication events; 2 high-risk IAM events; 2 malware alerts; 1 security-tampering alerts
EMP11976,jacob.viswanathan28,Sales,Consultant,Active,1,1,5.0,1.0,3,0.0,57.0,69.0,1.0,4.0,3.0,0.0,1.0,0.0,3.0,0.0,0.0,0.0,0.0,0.0,0.0,1.0,,0,0,0,False,5.5,0.0,2.0,12.0,0.0,0,19.5,Low,Low,1 failed authentication events; 3 malware alerts
EMP11977,rudra.gokhale89,IT,Specialist,Active,1,1,3.0,0.0,1,0.0,46.0,64.0,1.0,2.0,2.0,1.0,0.0,1.0,2.0,0.0,0.0,0.0,0.0,0.0,0.0,1.0,,0,0,0,False,1.5,0.0,5.0,12.0,2.0,0,20.5,Low,Low,2 malware alerts; 1 critical endpoint alerts; 1 unresolved critical alerts
EMP11978,krishna.prashad38,Marketing,Specialist,On Leave,1,1,5.0,2.0,1,0.0,24.75,56.0,1.0,1.0,2.0,0.0,1.0,0.0,1.0,0.0,0.0,1.0,0.0,0.0,0.0,1.0,,0,0,0,False,3.5,0.0,2.0,9.0,0.0,0,14.5,Low,Low,2 failed authentication events; 1 malware alerts; 1 PowerShell alerts
EMP11979,noah_dhar52,Procurement,Specialist,Active,1,1,4.0,0.0,2,2.0,86.5,94.0,1.0,2.0,1.0,0.0,0.0,0.0,0.0,0.0,0.0,1.0,0.0,0.0,0.0,1.0,,0,0,0,False,3.0,4.0,0.0,3.0,0.0,0,10.0,Low,Low,2 high-risk IAM events; 1 PowerShell alerts
EMP11980,eta.saran85,Marketing,Officer,Active,1,0,3.0,0.0,0,2.0,66.33,83.0,1.0,3.0,2.0,0.0,1.0,0.0,1.0,0.0,0.0,1.0,0.0,0.0,0.0,1.0,,0,0,0,False,0.0,4.0,2.0,9.0,0.0,0,15.0,Low,Low,2 high-risk IAM events; 1 malware alerts; 1 PowerShell alerts
EMP11981,logan.nagi59,Human Resources,Officer,Disabled,1,1,1.0,0.0,1,0.0,14.0,14.0,1.0,1.0,1.0,0.0,0.0,0.0,1.0,0.0,0.0,0.0,0.0,0.0,0.0,1.0,2026-02-19 12:41:37,0,1,1,True,1.5,0.0,0.0,6.0,3.0,0,10.5,Low,Low,1 malware alerts; 1 events after identity termination
EMP11982,parth.raval73,Human Resources,Administrator,Active,1,1,8.0,2.0,4,3.0,59.0,97.0,1.0,6.0,4.0,0.0,2.0,0.0,0.0,0.0,2.0,2.0,0.0,0.0,0.0,2.0,,0,0,0,False,8.0,6.0,4.0,12.0,0.0,8,38.0,Medium,Medium,"elevated authentication risk (2 failed auth, 4 MFA failures); 3 high-risk IAM events; 2 lateral-movement alerts; 2 PowerShell alerts"
EMP11983,timothy.korpal25,Human Resources,Executive,Disabled,1,1,5.0,0.0,1,2.0,79.33,98.0,1.0,3.0,0.0,0.0,0.0,0.0,0.0,0.0,0.0,0.0,0.0,0.0,0.0,0.0,2026-01-14 06:26:50,3,0,3,True,1.5,4.0,0.0,0.0,9.0,0,14.5,Low,Low,2 high-risk IAM events; 3 events after identity termination
EMP11984,imaran.sankar8,Legal,Specialist,Active,1,1,3.0,1.0,2,0.0,51.33,66.0,1.0,1.0,2.0,0.0,0.0,0.0,1.0,0.0,0.0,0.0,0.0,0.0,0.0,1.0,,0,0,0,False,4.0,0.0,0.0,6.0,0.0,0,10.0,Low,Low,1 failed authentication events; 1 malware alerts
EMP11985,yochana.shere98,Compliance,Analyst,Active,1,0,3.0,1.0,0,0.0,26.5,35.0,1.0,1.0,2.0,0.0,1.0,0.0,1.0,0.0,0.0,0.0,0.0,0.0,0.0,1.0,,0,0,0,False,1.0,0.0,2.0,6.0,0.0,0,9.0,Low,Low,1 failed authentication events; 1 malware alerts
EMP11986,yahvi.bhat30,Customer Support,Specialist,Active,1,1,7.0,1.0,2,4.0,75.83,87.0,1.0,3.0,1.0,0.0,0.0,0.0,1.0,0.0,0.0,1.0,0.0,0.0,0.0,1.0,,0,0,0,False,4.0,8.0,0.0,9.0,0.0,0,21.0,Low,Low,1 failed authentication events; 4 high-risk IAM events; 1 malware alerts; 1 PowerShell alerts
EMP11987,madhav.samra18,Customer Support,Analyst,Inactive,1,0,6.0,3.0,3,0.0,48.8,63.0,1.0,4.0,1.0,0.0,1.0,0.0,0.0,0.0,0.0,0.0,0.0,1.0,0.0,1.0,,0,0,0,False,7.5,0.0,2.0,1.0,0.0,0,10.5,Low,Low,3 failed authentication events
EMP11988,hemal.gokhale89,Supply Chain,Specialist,Active,1,0,6.0,1.0,3,1.0,55.6,90.0,1.0,4.0,3.0,0.0,3.0,0.0,2.0,0.0,0.0,0.0,0.0,1.0,1.0,1.0,,0,0,0,False,5.5,2.0,5.0,13.0,0.0,0,25.5,Medium,Medium,1 failed authentication events; 1 high-risk IAM events; 2 malware alerts
EMP11989,jonathan.bail46,Customer Support,Executive,Active,1,1,6.0,4.0,4,2.0,57.6,99.0,1.0,2.0,4.0,0.0,1.0,0.0,2.0,0.0,1.0,2.0,0.0,0.0,0.0,1.0,,0,0,0,False,10.0,4.0,2.0,22.0,0.0,10,48.0,Medium,Medium,"elevated authentication risk (4 failed auth, 4 MFA failures); 2 high-risk IAM events; 2 malware alerts; 1 lateral-movement alerts; 2 PowerShell alerts"
EMP11990,neel.bhalla45,Legal,Manager,Active,0,1,6.0,2.0,2,0.0,32.67,39.0,1.0,4.0,3.0,0.0,1.0,0.0,2.0,0.0,0.0,1.0,0.0,0.0,0.0,1.0,,0,0,0,False,5.0,0.0,2.0,15.0,0.0,0,22.0,Low,Low,2 failed authentication events; 2 malware alerts; 1 PowerShell alerts
EMP11991,harsh.talwar88,Finance,Engineer,Active,1,1,9.0,4.0,2,2.0,61.57,97.0,1.0,5.0,1.0,0.0,0.0,0.0,1.0,0.0,0.0,0.0,0.0,0.0,0.0,1.0,,0,0,0,False,7.0,4.0,0.0,6.0,0.0,0,17.0,Low,Low,4 failed authentication events; 2 high-risk IAM events; 1 malware alerts
EMP11992,raksha.saini25,Marketing,Director,Active,1,1,12.0,4.0,5,5.0,73.11,98.0,1.0,5.0,0.0,0.0,0.0,0.0,0.0,0.0,0.0,0.0,0.0,0.0,0.0,0.0,,0,0,0,False,11.5,10.0,0.0,0.0,0.0,3,24.5,Medium,Medium,"elevated authentication risk (4 failed auth, 5 MFA failures); 5 high-risk IAM events"
EMP11993,yashodhara.baria35,IT,Analyst,Active,1,1,9.0,0.0,4,2.0,41.25,91.0,1.0,5.0,3.0,0.0,1.0,0.0,2.0,0.0,0.0,2.0,0.0,0.0,0.0,2.0,,0,0,0,False,6.0,4.0,2.0,16.0,0.0,0,28.0,Medium,Medium,2 high-risk IAM events; 2 malware alerts; 2 PowerShell alerts
EMP11994,gavin_bakshi66,Legal,Specialist,Inactive,1,0,5.0,0.0,2,0.0,48.75,68.0,1.0,3.0,1.0,0.0,0.0,0.0,0.0,1.0,0.0,0.0,0.0,0.0,1.0,1.0,,0,0,0,False,3.0,0.0,0.0,6.0,0.0,0,9.0,Low,Low,1 credential-access alerts
EMP11995,dhriti.sami98,Compliance,Officer,Active,1,1,1.0,0.0,0,1.0,88.0,88.0,1.0,1.0,7.0,0.0,1.0,0.0,4.0,1.0,1.0,0.0,0.0,0.0,1.0,1.0,,0,0,0,False,0.0,2.0,2.0,24.0,0.0,10,38.0,Medium,Medium,1 high-risk IAM events; 4 malware alerts; 1 credential-access alerts; 1 lateral-movement alerts
EMP11996,harshil.chana4,IT,Manager,Active,0,1,7.0,3.0,2,2.0,60.17,84.0,1.0,2.0,2.0,1.0,0.0,1.0,0.0,0.0,0.0,0.0,0.0,0.0,0.0,1.0,,0,0,0,False,6.0,4.0,5.0,0.0,2.0,0,17.0,Low,Low,3 failed authentication events; 2 high-risk IAM events; 1 critical endpoint alerts; 1 unresolved critical alerts
EMP11997,zayan.sidhu78,Human Resources,Consultant,Active,1,1,1.0,1.0,1,0.0,42.0,42.0,1.0,0.0,3.0,1.0,0.0,1.0,2.0,0.0,1.0,0.0,1.0,0.0,0.0,1.0,,0,0,0,False,2.5,0.0,5.0,22.0,2.0,5,36.5,Medium,Medium,1 failed authentication events; 2 malware alerts; 1 lateral-movement alerts; 1 security-tampering alerts; 1 critical endpoint alerts; 1 unresolved critical alerts
EMP11998,nakul.sastry75,R&D,Director,Active,1,0,5.0,2.0,2,2.0,55.0,82.0,1.0,1.0,4.0,0.0,1.0,0.0,2.0,0.0,0.0,1.0,0.0,0.0,0.0,1.0,,0,0,0,False,5.0,4.0,2.0,15.0,0.0,0,26.0,Medium,Medium,2 failed authentication events; 2 high-risk IAM events; 2 malware alerts; 1 PowerShell alerts
EMP11999,udant.dyal3,Innovation,Trainee,Active,1,1,4.0,0.0,0,1.0,60.0,93.0,1.0,3.0,5.0,1.0,1.0,1.0,2.0,0.0,1.0,1.0,0.0,0.0,0.0,1.0,,0,0,0,False,0.0,2.0,7.0,21.0,2.0,5,37.0,Medium,Medium,1 high-risk IAM events; 2 malware alerts; 1 lateral-movement alerts; 1 PowerShell alerts; 1 critical endpoint alerts; 1 unresolved critical alerts
EMP12000,indali.korpal18,Legal,Director,Active,0,1,5.0,2.0,2,1.0,49.75,84.0,1.0,3.0,2.0,0.0,0.0,0.0,0.0,1.0,0.0,0.0,1.0,0.0,0.0,2.0,,0,0,0,False,5.0,2.0,0.0,10.0,0.0,0,17.0,Low,Low,2 failed authentication events; 1 high-risk IAM events; 1 credential-access alerts; 1 security-tampering alerts
EMP12001,naksh.virk96,R&D,Trainee,Active,1,0,8.0,1.0,1,2.0,54.4,100.0,1.0,6.0,3.0,0.0,3.0,0.0,2.0,0.0,0.0,0.0,0.0,0.0,0.0,1.0,,0,0,0,False,2.5,4.0,5.0,12.0,0.0,0,23.5,Low,Low,1 failed authentication events; 2 high-risk IAM events; 2 malware alerts
EMP12002,ria.jain34,IT,Director,Active,1,0,5.0,1.0,2,1.0,29.33,73.0,1.0,3.0,3.0,0.0,0.0,0.0,1.0,0.0,0.0,1.0,1.0,0.0,0.0,2.0,,0,0,0,False,4.0,2.0,0.0,13.0,0.0,0,19.0,Low,Low,1 failed authentication events; 1 high-risk IAM events; 1 malware alerts; 1 PowerShell alerts; 1 security-tampering alerts
EMP12003,nitara.bhargava30,Human Resources,Executive,Active,1,0,6.0,2.0,4,1.0,45.25,83.0,1.0,5.0,2.0,0.0,0.0,0.0,1.0,0.0,1.0,0.0,0.0,0.0,0.0,1.0,,0,0,0,False,8.0,2.0,0.0,12.0,0.0,10,32.0,Medium,Medium,"elevated authentication risk (2 failed auth, 4 MFA failures); 1 high-risk IAM events; 1 malware alerts; 1 lateral-movement alerts"
EMP12004,daksha.mangal11,R&D,Analyst,Active,1,1,2.0,0.0,0,0.0,14.0,16.0,1.0,2.0,0.0,0.0,0.0,0.0,0.0,0.0,0.0,0.0,0.0,0.0,0.0,0.0,,0,0,0,False,0.0,0.0,0.0,0.0,0.0,0,0.0,Low,Low,No high-priority risk drivers
EMP12005,xavier.date15,Sales,Director,Active,1,0,7.0,4.0,3,3.0,72.25,88.0,1.0,3.0,4.0,0.0,0.0,0.0,1.0,0.0,0.0,3.0,1.0,0.0,0.0,1.0,,0,0,0,False,8.5,6.0,0.0,14.0,0.0,8,36.5,Medium,Medium,"elevated authentication risk (4 failed auth, 3 MFA failures); 3 high-risk IAM events; 1 malware alerts; 3 PowerShell alerts; 1 security-tampering alerts"
EMP12006,,Legal,Manager,Active,1,1,6.0,2.0,2,1.0,60.25,88.0,1.0,3.0,1.0,0.0,0.0,0.0,0.0,1.0,0.0,0.0,0.0,0.0,0.0,1.0,,0,0,0,False,5.0,2.0,0.0,6.0,0.0,0,13.0,Low,Low,2 failed authentication events; 1 high-risk IAM events; 1 credential-access alerts
EMP12007,rajata.sem34,Procurement,Analyst,Active,1,1,5.0,1.0,3,1.0,53.0,84.0,1.0,3.0,4.0,0.0,3.0,0.0,0.0,0.0,0.0,2.0,0.0,1.0,0.0,1.0,,0,0,0,False,5.5,2.0,5.0,5.0,0.0,0,17.5,Low,Low,1 failed authentication events; 1 high-risk IAM events; 2 PowerShell alerts
EMP12008,neel.balay38,Customer Support,Analyst,Active,1,1,7.0,4.0,4,1.0,42.4,96.0,1.0,5.0,3.0,0.0,1.0,0.0,1.0,0.0,1.0,0.0,0.0,0.0,0.0,1.0,,0,0,0,False,10.0,2.0,2.0,12.0,0.0,10,36.0,Medium,Medium,"elevated authentication risk (4 failed auth, 4 MFA failures); 1 high-risk IAM events; 1 malware alerts; 1 lateral-movement alerts"
EMP12009,gautam.bala88,Marketing,Manager,Active,1,1,6.0,3.0,3,0.0,34.0,55.0,1.0,3.0,3.0,0.0,2.0,0.0,0.0,0.0,0.0,2.0,0.0,1.0,0.0,1.0,,0,0,0,False,7.5,0.0,4.0,5.0,0.0,0,16.5,Low,Low,3 failed authentication events; 2 PowerShell alerts
EMP12010,rudra.pal95,R&D,Officer,Active,1,1,8.0,2.0,1,2.0,55.71,100.0,1.0,3.0,0.0,0.0,0.0,0.0,0.0,0.0,0.0,0.0,0.0,0.0,0.0,0.0,,0,0,0,False,3.5,4.0,0.0,0.0,0.0,0,7.5,Low,Low,2 failed authentication events; 2 high-risk IAM events
EMP12011,wishi.ganesh63,Procurement,Officer,Active,1,1,5.0,3.0,1,2.0,61.0,84.0,1.0,4.0,1.0,0.0,1.0,0.0,0.0,0.0,0.0,0.0,0.0,0.0,1.0,1.0,,0,0,0,False,4.5,4.0,2.0,0.0,0.0,0,10.5,Low,Low,3 failed authentication events; 2 high-risk IAM events
EMP12012,chakradhar.koshy22,Procurement,Officer,Disabled,1,0,8.0,5.0,4,3.0,66.0,86.0,1.0,5.0,2.0,0.0,2.0,0.0,0.0,0.0,0.0,1.0,0.0,0.0,0.0,2.0,2026-02-02 00:00:00,7,2,9,True,11.0,11.0,4.0,3.0,10.0,3,42.0,Medium,Medium,"elevated authentication risk (5 failed auth, 4 MFA failures); 3 high-risk IAM events; 1 PowerShell alerts; 9 events after identity termination"
EMP12013,faris.bhandari30,Customer Support,Engineer,Active,1,1,4.0,0.0,2,1.0,55.67,96.0,1.0,1.0,3.0,0.0,1.0,0.0,0.0,2.0,0.0,1.0,0.0,0.0,0.0,2.0,,0,0,0,False,3.0,2.0,2.0,11.0,0.0,0,18.0,Low,Low,1 high-risk IAM events; 2 credential-access alerts; 1 PowerShell alerts
EMP12014,yadavi.karan30,Procurement,Trainee,Disabled,1,1,4.0,0.0,3,1.0,63.33,99.0,1.0,3.0,3.0,0.0,1.0,0.0,0.0,0.0,1.0,1.0,0.0,1.0,0.0,1.0,,0,0,0,False,4.5,2.0,2.0,10.0,0.0,0,18.5,Low,Low,1 high-risk IAM events; 1 lateral-movement alerts; 1 PowerShell alerts
EMP12015,warhi.sarraf16,R&D,Trainee,Inactive,1,1,4.0,2.0,2,0.0,52.0,64.0,1.0,2.0,4.0,0.0,0.0,0.0,1.0,0.0,1.0,2.0,0.0,0.0,0.0,2.0,,0,0,0,False,5.0,0.0,0.0,16.0,0.0,5,26.0,Medium,Medium,2 failed authentication events; 1 malware alerts; 1 lateral-movement alerts; 2 PowerShell alerts
EMP12016,darsh.deshpande19,IT,Consultant,Active,1,1,6.0,3.0,3,1.0,57.67,99.0,1.0,1.0,1.0,0.0,0.0,0.0,0.0,0.0,0.0,0.0,0.0,0.0,0.0,1.0,,0,0,0,False,7.5,2.0,0.0,0.0,0.0,0,9.5,Low,Low,3 failed authentication events; 1 high-risk IAM events
EMP12017,abdul.anne24,Sales,Consultant,Active,1,1,8.0,4.0,4,1.0,43.57,99.0,1.0,4.0,5.0,1.0,1.0,0.0,0.0,1.0,1.0,0.0,1.0,2.0,0.0,1.0,,0,0,0,False,10.0,2.0,7.0,18.0,0.0,5,42.0,Medium,Medium,"elevated authentication risk (4 failed auth, 4 MFA failures); 1 high-risk IAM events; 1 credential-access alerts; 1 lateral-movement alerts; 1 security-tampering alerts; 1 critical endpoint alerts"
EMP12018,darpan.koshy47,IT,Consultant,Active,1,1,6.0,0.0,2,1.0,34.2,83.0,1.0,5.0,0.0,0.0,0.0,0.0,0.0,0.0,0.0,0.0,0.0,0.0,0.0,0.0,,0,0,0,False,3.0,2.0,0.0,0.0,0.0,0,5.0,Low,Low,1 high-risk IAM events
EMP12019,fariq.mammen10,Customer Support,Executive,Active,1,1,4.0,0.0,0,2.0,60.67,91.0,1.0,2.0,5.0,1.0,2.0,1.0,2.0,0.0,1.0,1.0,1.0,0.0,0.0,2.0,,0,0,0,False,0.0,4.0,9.0,25.0,2.0,5,45.0,Medium,Medium,2 high-risk IAM events; 2 malware alerts; 1 lateral-movement alerts; 1 PowerShell alerts; 1 security-tampering alerts; 1 critical endpoint alerts; 1 unresolved critical alerts
EMP12020,wyatt.sharaf97,Procurement,Analyst,Active,1,0,8.0,0.0,2,3.0,71.2,91.0,1.0,6.0,3.0,1.0,1.0,0.0,1.0,0.0,0.0,2.0,0.0,1.0,0.0,1.0,,0,0,0,False,3.0,6.0,7.0,11.0,0.0,0,27.0,Medium,Medium,3 high-risk IAM events; 1 malware alerts; 2 PowerShell alerts; 1 critical endpoint alerts
EMP12021,rushil.sura78,Customer Support,Administrator,Inactive,1,1,7.0,4.0,3,1.0,58.2,88.0,1.0,2.0,2.0,0.0,0.0,0.0,0.0,0.0,1.0,0.0,0.0,0.0,0.0,1.0,,0,0,0,False,8.5,2.0,0.0,6.0,0.0,5,21.5,Low,Low,"elevated authentication risk (4 failed auth, 3 MFA failures); 1 high-risk IAM events; 1 lateral-movement alerts"
EMP12022,,Operations,Analyst,Active,1,1,10.0,2.0,2,1.0,35.11,82.0,1.0,6.0,2.0,1.0,1.0,1.0,0.0,1.0,0.0,1.0,0.0,0.0,0.0,1.0,,0,0,0,False,5.0,2.0,7.0,9.0,2.0,0,25.0,Medium,Medium,2 failed authentication events; 1 high-risk IAM events; 1 credential-access alerts; 1 PowerShell alerts; 1 critical endpoint alerts; 1 unresolved critical alerts
EMP12023,balveer.babu77,Brand,Officer,Active,0,1,9.0,3.0,5,5.0,62.0,99.0,1.0,3.0,4.0,0.0,1.0,0.0,2.0,0.0,0.0,0.0,1.0,1.0,0.0,1.0,,0,0,0,False,10.5,10.0,2.0,17.0,0.0,8,47.5,Medium,Medium,"elevated authentication risk (3 failed auth, 5 MFA failures); 5 high-risk IAM events; 2 malware alerts; 1 security-tampering alerts"
EMP12024,imaran.narasimhan79,Customer Support,Officer,Active,1,1,5.0,1.0,4,0.0,35.75,68.0,1.0,5.0,2.0,0.0,0.0,0.0,0.0,0.0,1.0,1.0,0.0,0.0,0.0,1.0,,0,0,0,False,7.0,0.0,0.0,9.0,0.0,0,16.0,Low,Low,1 failed authentication events; 1 lateral-movement alerts; 1 PowerShell alerts
EMP12025,oliver.devan65,R&D,Analyst,Active,1,1,5.0,3.0,2,0.0,48.0,56.0,1.0,3.0,5.0,0.0,1.0,0.0,1.0,1.0,1.0,0.0,0.0,1.0,0.0,1.0,,0,0,0,False,6.0,0.0,2.0,19.0,0.0,10,37.0,Medium,Medium,3 failed authentication events; 1 malware alerts; 1 credential-access alerts; 1 lateral-movement alerts
EMP12026,bhavna_patla52,R&D,Director,Active,1,1,4.0,2.0,2,1.0,61.33,83.0,1.0,1.0,1.0,1.0,0.0,0.0,0.0,1.0,0.0,0.0,0.0,0.0,0.0,1.0,,0,0,0,False,5.0,2.0,5.0,6.0,0.0,0,18.0,Low,Low,2 failed authentication events; 1 high-risk IAM events; 1 credential-access alerts; 1 critical endpoint alerts
EMP12027,bhavika.mall58,Marketing,Director,Active,0,1,10.0,2.0,5,1.0,40.43,80.0,1.0,6.0,1.0,0.0,0.0,0.0,0.0,0.0,0.0,0.0,0.0,0.0,0.0,1.0,,0,0,0,False,9.5,2.0,0.0,0.0,0.0,0,11.5,Low,Low,"elevated authentication risk (2 failed auth, 5 MFA failures); 1 high-risk IAM events"
EMP12028,neha_devan64,Supply Chain,Officer,Active,1,1,7.0,1.0,4,1.0,42.83,78.0,1.0,4.0,2.0,0.0,0.0,0.0,0.0,0.0,2.0,0.0,0.0,0.0,1.0,1.0,,0,0,0,False,7.0,2.0,0.0,8.0,0.0,0,17.0,Low,Low,1 failed authentication events; 1 high-risk IAM events; 2 lateral-movement alerts
EMP12029,gayathri.mohanty65,R&D,Executive,Active,1,1,4.0,1.0,2,2.0,58.0,88.0,1.0,2.0,0.0,0.0,0.0,0.0,0.0,0.0,0.0,0.0,0.0,0.0,0.0,0.0,,0,0,0,False,4.0,4.0,0.0,0.0,0.0,0,8.0,Low,Low,1 failed authentication events; 2 high-risk IAM events
EMP12030,urishilla.dugar5,Customer Support,Consultant,Active,1,1,15.0,6.0,4,6.0,56.15,97.0,1.0,9.0,5.0,2.0,1.0,0.0,1.0,0.0,1.0,1.0,0.0,2.0,1.0,2.0,,0,0,0,False,12.0,17.0,12.0,17.0,0.0,10,68.0,High,High,"elevated authentication risk (6 failed auth, 4 MFA failures); 6 high-risk IAM events; 1 malware alerts; 1 lateral-movement alerts; 1 PowerShell alerts; 2 critical endpoint alerts"
EMP12031,,Operations,Analyst,Active,1,1,6.0,4.0,4,3.0,57.2,84.0,1.0,2.0,2.0,0.0,0.0,0.0,1.0,0.0,0.0,1.0,0.0,0.0,0.0,1.0,,0,0,0,False,10.0,6.0,0.0,9.0,0.0,8,33.0,Medium,Medium,"elevated authentication risk (4 failed auth, 4 MFA failures); 3 high-risk IAM events; 1 malware alerts; 1 PowerShell alerts"
EMP12032,alka.jayaraman50,Legal,Specialist,Active,1,1,8.0,1.0,4,3.0,54.4,93.0,1.0,4.0,3.0,0.0,1.0,0.0,1.0,1.0,0.0,1.0,0.0,1.0,0.0,0.0,,0,0,0,False,7.0,6.0,2.0,16.0,0.0,8,39.0,Medium,Medium,1 failed authentication events; 3 high-risk IAM events; 1 malware alerts; 1 credential-access alerts; 1 PowerShell alerts
EMP12033,jason.lanka36,Customer Support,Executive,Disabled,1,1,4.0,2.0,3,1.0,52.0,85.0,1.0,3.0,1.0,0.0,0.0,0.0,0.0,0.0,0.0,1.0,0.0,0.0,0.0,1.0,2025-08-17 04:42:08,4,1,5,True,6.5,2.0,0.0,3.0,10.0,0,21.5,Low,Low,2 failed authentication events; 1 high-risk IAM events; 1 PowerShell alerts; 5 events after identity termination
EMP12034,lohit.toor26,Finance,Consultant,Active,1,1,6.0,1.0,1,2.0,63.83,94.0,1.0,6.0,1.0,0.0,1.0,0.0,0.0,0.0,0.0,0.0,0.0,0.0,0.0,1.0,,0,0,0,False,2.5,4.0,2.0,0.0,0.0,0,8.5,Low,Low,1 failed authentication events; 2 high-risk IAM events
EMP12035,omya.seshadri88,Customer Support,Specialist,Disabled,1,1,7.0,4.0,4,1.0,40.8,76.0,1.0,4.0,2.0,0.0,0.0,0.0,0.0,1.0,1.0,0.0,0.0,0.0,0.0,1.0,,0,0,0,False,10.0,2.0,0.0,12.0,0.0,5,29.0,Medium,Medium,"elevated authentication risk (4 failed auth, 4 MFA failures); 1 high-risk IAM events; 1 credential-access alerts; 1 lateral-movement alerts"
EMP12036,inaya.arya14,Operations,Director,Active,1,1,2.0,0.0,1,0.0,0.0,0.0,1.0,1.0,2.0,0.0,0.0,0.0,1.0,0.0,1.0,0.0,0.0,0.0,0.0,1.0,,0,0,0,False,1.5,0.0,0.0,12.0,0.0,5,18.5,Low,Low,1 malware alerts; 1 lateral-movement alerts
EMP12037,aayush.sha44,R&D,Executive,On Leave,1,0,6.0,0.0,2,2.0,59.17,98.0,1.0,6.0,2.0,0.0,1.0,0.0,1.0,0.0,0.0,0.0,0.0,1.0,0.0,1.0,,0,0,0,False,3.0,4.0,2.0,7.0,0.0,0,16.0,Low,Low,2 high-risk IAM events; 1 malware alerts
EMP12038,jagvi.morar29,Sales,Consultant,Active,1,0,3.0,0.0,0,0.0,24.33,29.0,1.0,1.0,0.0,0.0,0.0,0.0,0.0,0.0,0.0,0.0,0.0,0.0,0.0,0.0,,0,0,0,False,0.0,0.0,0.0,0.0,0.0,0,0.0,Low,Low,No high-priority risk drivers
EMP12039,arunima_sridhar65,Human Resources,Officer,Active,1,1,8.0,2.0,3,1.0,39.33,85.0,1.0,5.0,3.0,0.0,1.0,0.0,0.0,0.0,1.0,2.0,1.0,1.0,0.0,1.0,,0,0,0,False,6.5,2.0,2.0,15.0,0.0,0,25.5,Medium,Medium,2 failed authentication events; 1 high-risk IAM events; 1 lateral-movement alerts; 2 PowerShell alerts; 1 security-tampering alerts
EMP12040,warjas.ratta50,Customer Support,Consultant,Active,0,1,2.0,1.0,1,1.0,54.0,81.0,1.0,0.0,3.0,0.0,0.0,0.0,2.0,0.0,0.0,0.0,0.0,1.0,0.0,1.0,,0,0,0,False,2.5,2.0,0.0,13.0,0.0,0,17.5,Low,Low,1 failed authentication events; 1 high-risk IAM events; 2 malware alerts
EMP12041,advaith.choudhary34,Sales,Analyst,Active,1,1,4.0,0.0,1,1.0,44.5,95.0,1.0,3.0,3.0,0.0,0.0,0.0,0.0,0.0,0.0,2.0,0.0,2.0,0.0,1.0,,0,0,0,False,1.5,2.0,0.0,6.0,0.0,0,9.5,Low,Low,1 high-risk IAM events; 2 PowerShell alerts
EMP12042,nikita.gala74,Human Resources,Manager,Active,1,0,3.0,0.0,0,0.0,22.5,45.0,1.0,3.0,2.0,1.0,0.0,0.0,0.0,0.0,0.0,2.0,1.0,0.0,0.0,1.0,,0,0,0,False,0.0,0.0,5.0,8.0,0.0,0,13.0,Low,Low,2 PowerShell alerts; 1 security-tampering alerts; 1 critical endpoint alerts
EMP12043,wakeeta.nigam43,Procurement,Engineer,Disabled,1,1,4.0,2.0,1,1.0,49.5,70.0,1.0,2.0,5.0,0.0,1.0,0.0,2.0,0.0,1.0,2.0,0.0,0.0,1.0,1.0,2022-07-16 01:48:12,2,5,7,True,3.5,2.0,2.0,22.0,10.0,5,44.5,Medium,Medium,2 failed authentication events; 1 high-risk IAM events; 2 malware alerts; 1 lateral-movement alerts; 2 PowerShell alerts; 7 events after identity termination
EMP12044,daksh.swamy14,Operations,Consultant,Active,1,1,6.0,2.0,2,3.0,69.0,97.0,1.0,2.0,3.0,0.0,1.0,0.0,1.0,0.0,0.0,0.0,0.0,1.0,0.0,2.0,,0,0,0,False,5.0,6.0,2.0,7.0,0.0,0,20.0,Low,Low,2 failed authentication events; 3 high-risk IAM events; 1 malware alerts
EMP12045,girik.gaba54,Innovation,Officer,Active,1,0,3.0,1.0,1,1.0,59.0,78.0,1.0,1.0,2.0,1.0,0.0,0.0,0.0,0.0,0.0,0.0,0.0,1.0,0.0,1.0,,0,0,0,False,2.5,2.0,5.0,1.0,0.0,0,10.5,Low,Low,1 failed authentication events; 1 high-risk IAM events; 1 critical endpoint alerts
EMP12046,pushti.misra35,Finance,Manager,Active,1,1,8.0,4.0,4,3.0,45.5,96.0,1.0,4.0,5.0,1.0,0.0,1.0,2.0,0.0,1.0,1.0,0.0,0.0,0.0,1.0,,0,0,0,False,10.0,6.0,5.0,21.0,2.0,10,54.0,High,High,"elevated authentication risk (4 failed auth, 4 MFA failures); 3 high-risk IAM events; 2 malware alerts; 1 lateral-movement alerts; 1 PowerShell alerts; 1 critical endpoint alerts; 1 unresolved critical alerts"
EMP12047,tamanna.mital68,Human Resources,Specialist,Active,1,0,6.0,3.0,3,1.0,60.4,98.0,1.0,1.0,1.0,0.0,0.0,0.0,0.0,0.0,1.0,0.0,0.0,0.0,0.0,1.0,,0,0,0,False,7.5,2.0,0.0,6.0,0.0,0,15.5,Low,Low,3 failed authentication events; 1 high-risk IAM events; 1 lateral-movement alerts
EMP12048,lopa.dewan97,R&D,Analyst,Active,1,1,5.0,1.0,1,3.0,65.8,82.0,1.0,2.0,1.0,0.0,1.0,0.0,0.0,0.0,0.0,1.0,0.0,0.0,0.0,1.0,,0,0,0,False,2.5,6.0,2.0,3.0,0.0,0,13.5,Low,Low,1 failed authentication events; 3 high-risk IAM events; 1 PowerShell alerts
EMP12049,kalpit.bahri99,Operations,Director,Active,1,0,10.0,4.0,7,2.0,42.22,99.0,1.0,5.0,0.0,0.0,0.0,0.0,0.0,0.0,0.0,0.0,0.0,0.0,0.0,0.0,,0,0,0,False,14.0,4.0,0.0,0.0,0.0,0,18.0,Low,Low,"elevated authentication risk (4 failed auth, 7 MFA failures); 2 high-risk IAM events"
EMP12050,aditya.nayar99,Procurement,Officer,Active,1,1,5.0,2.0,1,2.0,60.6,97.0,1.0,3.0,3.0,0.0,0.0,0.0,1.0,1.0,0.0,0.0,1.0,0.0,1.0,1.0,,0,0,0,False,3.5,4.0,0.0,16.0,0.0,5,28.5,Medium,Medium,2 failed authentication events; 2 high-risk IAM events; 1 malware alerts; 1 credential-access alerts; 1 security-tampering alerts
EMP12051,warda.dey18,R&D,Consultant,Active,1,0,6.0,1.0,0,1.0,65.0,79.0,1.0,3.0,5.0,1.0,0.0,1.0,1.0,1.0,1.0,2.0,0.0,0.0,0.0,1.0,,0,0,0,False,1.0,2.0,5.0,22.0,2.0,10,42.0,Medium,Medium,1 failed authentication events; 1 high-risk IAM events; 1 malware alerts; 1 credential-access alerts; 1 lateral-movement alerts; 2 PowerShell alerts; 1 critical endpoint alerts; 1 unresolved critical alerts
EMP12052,caleb.lal55,Operations,Consultant,Active,1,1,6.0,4.0,4,0.0,44.6,66.0,1.0,4.0,1.0,0.0,0.0,0.0,0.0,0.0,0.0,0.0,1.0,1.0,0.0,1.0,,0,0,0,False,10.0,0.0,0.0,5.0,0.0,0,15.0,Low,Low,"elevated authentication risk (4 failed auth, 4 MFA failures); 1 security-tampering alerts"
EMP12053,joshua.setty16,Human Resources,Director,Inactive,1,1,4.0,0.0,2,0.0,31.0,45.0,1.0,0.0,2.0,1.0,0.0,1.0,0.0,0.0,0.0,1.0,0.0,1.0,0.0,1.0,,0,0,0,False,3.0,0.0,5.0,4.0,2.0,0,14.0,Low,Low,1 PowerShell alerts; 1 critical endpoint alerts; 1 unresolved critical alerts
EMP12054,amara.sur40,Operations,Engineer,Active,1,1,7.0,1.0,2,0.0,13.75,30.0,1.0,4.0,3.0,0.0,0.0,0.0,1.0,0.0,0.0,1.0,0.0,1.0,0.0,1.0,,0,0,0,False,4.0,0.0,0.0,10.0,0.0,0,14.0,Low,Low,1 failed authentication events; 1 malware alerts; 1 PowerShell alerts
EMP12055,ikbal.lanka15,Operations,Consultant,Active,1,0,5.0,0.0,0,1.0,62.25,80.0,1.0,3.0,0.0,0.0,0.0,0.0,0.0,0.0,0.0,0.0,0.0,0.0,0.0,0.0,,0,0,0,False,0.0,2.0,0.0,0.0,0.0,0,2.0,Low,Low,1 high-risk IAM events
EMP12056,,Compliance,Officer,Active,1,1,5.0,2.0,3,0.0,33.0,53.0,1.0,2.0,1.0,0.0,1.0,0.0,1.0,0.0,0.0,0.0,0.0,0.0,0.0,1.0,,0,0,0,False,6.5,0.0,2.0,6.0,0.0,0,14.5,Low,Low,2 failed authentication events; 1 malware alerts
EMP12057,orinder.sachdev68,Procurement,Director,Inactive,1,1,9.0,5.0,6,1.0,49.57,80.0,1.0,4.0,1.0,0.0,0.0,0.0,0.0,0.0,1.0,0.0,0.0,0.0,0.0,1.0,,0,0,0,False,14.0,2.0,0.0,6.0,0.0,5,27.0,Medium,Medium,"elevated authentication risk (5 failed auth, 6 MFA failures); 1 high-risk IAM events; 1 lateral-movement alerts"
EMP12058,girindra.goyal89,Sales,Director,Active,1,1,5.0,1.0,2,1.0,40.0,86.0,1.0,2.0,2.0,2.0,0.0,1.0,0.0,0.0,0.0,1.0,0.0,0.0,0.0,1.0,,0,0,0,False,4.0,2.0,10.0,3.0,2.0,0,21.0,Low,Low,1 failed authentication events; 1 high-risk IAM events; 1 PowerShell alerts; 2 critical endpoint alerts; 1 unresolved critical alerts
EMP12059,qushi.sandhu96,IT,Executive,Inactive,1,0,3.0,1.0,2,0.0,50.5,65.0,1.0,2.0,3.0,0.0,0.0,0.0,1.0,1.0,0.0,0.0,0.0,1.0,0.0,2.0,2026-07-11 18:58:56,3,3,6,True,4.0,0.0,0.0,13.0,10.0,5,32.0,Medium,Medium,1 failed authentication events; 1 malware alerts; 1 credential-access alerts; 6 events after identity termination
EMP12060,vrishti.chadha23,Customer Support,Manager,Disabled,1,0,3.0,1.0,1,0.0,7.0,7.0,1.0,2.0,4.0,0.0,0.0,0.0,1.0,1.0,0.0,0.0,1.0,1.0,0.0,1.0,2022-04-17 07:58:30,2,4,6,True,2.5,0.0,0.0,17.0,10.0,5,34.5,Medium,Medium,1 failed authentication events; 1 malware alerts; 1 credential-access alerts; 1 security-tampering alerts; 6 events after identity termination
EMP12061,harish.sura83,IT,Administrator,Active,1,1,4.0,1.0,2,1.0,62.5,77.0,1.0,1.0,3.0,2.0,1.0,0.0,1.0,1.0,0.0,0.0,0.0,1.0,0.0,1.0,,0,0,0,False,4.0,2.0,12.0,13.0,0.0,5,36.0,Medium,Medium,1 failed authentication events; 1 high-risk IAM events; 1 malware alerts; 1 credential-access alerts; 2 critical endpoint alerts
EMP12062,manan.bhattacharyya67,Sales,Director,Active,1,1,3.0,0.0,0,1.0,37.33,76.0,1.0,1.0,2.0,0.0,1.0,0.0,2.0,0.0,0.0,0.0,1.0,0.0,0.0,1.0,,0,0,0,False,0.0,2.0,2.0,16.0,0.0,0,20.0,Low,Low,1 high-risk IAM events; 2 malware alerts; 1 security-tampering alerts
EMP12063,urvi.kala69,Finance,Trainee,Active,1,0,6.0,1.0,3,0.0,34.2,63.0,1.0,6.0,0.0,0.0,0.0,0.0,0.0,0.0,0.0,0.0,0.0,0.0,0.0,0.0,,0,0,0,False,5.5,0.0,0.0,0.0,0.0,0,5.5,Low,Low,1 failed authentication events
EMP12064,nathaniel.deep45,R&D,Trainee,Active,1,1,6.0,2.0,2,1.0,40.0,71.0,1.0,4.0,5.0,1.0,1.0,1.0,3.0,1.0,0.0,0.0,2.0,1.0,0.0,1.0,,0,0,0,False,5.0,2.0,7.0,24.0,2.0,5,45.0,Medium,Medium,2 failed authentication events; 1 high-risk IAM events; 3 malware alerts; 1 credential-access alerts; 2 security-tampering alerts; 1 critical endpoint alerts; 1 unresolved critical alerts
EMP12065,dev.barad20,Procurement,Analyst,Active,1,1,8.0,4.0,5,2.0,57.71,77.0,1.0,5.0,3.0,0.0,1.0,0.0,1.0,0.0,0.0,0.0,1.0,0.0,1.0,2.0,,0,0,0,False,11.5,4.0,2.0,10.0,0.0,5,32.5,Medium,Medium,"elevated authentication risk (4 failed auth, 5 MFA failures); 2 high-risk IAM events; 1 malware alerts; 1 security-tampering alerts"
EMP12066,david.sampath85,Customer Support,Engineer,Active,1,1,8.0,1.0,2,0.0,48.33,66.0,1.0,5.0,4.0,0.0,0.0,0.0,3.0,0.0,1.0,0.0,1.0,0.0,0.0,1.0,,0,0,0,False,4.0,0.0,0.0,22.0,0.0,5,31.0,Medium,Medium,1 failed authentication events; 3 malware alerts; 1 lateral-movement alerts; 1 security-tampering alerts
EMP12067,qarin.bhagat83,R&D,Executive,Active,1,1,8.0,4.0,2,2.0,54.5,94.0,1.0,3.0,6.0,0.0,4.0,0.0,2.0,0.0,0.0,1.0,0.0,1.0,1.0,1.0,,0,0,0,False,7.0,4.0,5.0,16.0,0.0,0,32.0,Medium,Medium,4 failed authentication events; 2 high-risk IAM events; 2 malware alerts; 1 PowerShell alerts
EMP12068,fariq_dayal84,Procurement,Executive,Active,1,1,7.0,2.0,2,1.0,45.4,76.0,1.0,5.0,1.0,0.0,1.0,0.0,0.0,0.0,0.0,0.0,0.0,1.0,0.0,1.0,,0,0,0,False,5.0,2.0,2.0,1.0,0.0,0,10.0,Low,Low,2 failed authentication events; 1 high-risk IAM events
EMP12069,rishi.thaker79,Sales,Director,Disabled,1,1,6.0,0.0,2,0.0,25.4,49.0,1.0,5.0,4.0,0.0,1.0,0.0,3.0,0.0,1.0,0.0,1.0,0.0,0.0,2.0,,0,0,0,False,3.0,0.0,2.0,22.0,0.0,5,32.0,Medium,Medium,3 malware alerts; 1 lateral-movement alerts; 1 security-tampering alerts
EMP12070,,Customer Support,Officer,Active,1,1,1.0,0.0,0,1.0,100.0,100.0,1.0,1.0,2.0,0.0,0.0,0.0,1.0,0.0,0.0,0.0,1.0,0.0,0.0,2.0,,0,0,0,False,0.0,2.0,0.0,10.0,0.0,0,12.0,Low,Low,1 high-risk IAM events; 1 malware alerts; 1 security-tampering alerts
EMP12071,bhavna.deshpande74,Customer Support,Engineer,Active,1,1,2.0,0.0,1,1.0,72.0,72.0,1.0,1.0,4.0,1.0,1.0,1.0,2.0,0.0,1.0,1.0,0.0,0.0,0.0,1.0,,0,0,0,False,1.5,2.0,7.0,21.0,2.0,5,38.5,Medium,Medium,1 high-risk IAM events; 2 malware alerts; 1 lateral-movement alerts; 1 PowerShell alerts; 1 critical endpoint alerts; 1 unresolved critical alerts
EMP12072,vrinda_sankar60,Innovation,Engineer,Active,1,1,10.0,4.0,5,4.0,59.57,87.0,1.0,8.0,2.0,0.0,1.0,0.0,1.0,0.0,0.0,1.0,0.0,0.0,0.0,1.0,,0,0,0,False,11.5,8.0,2.0,9.0,0.0,8,38.5,Medium,Medium,"elevated authentication risk (4 failed auth, 5 MFA failures); 4 high-risk IAM events; 1 malware alerts; 1 PowerShell alerts"
EMP12073,yashvi.biswas33,Supply Chain,Trainee,Active,1,1,6.0,3.0,3,1.0,51.5,70.0,1.0,2.0,7.0,2.0,2.0,2.0,3.0,0.0,0.0,1.0,0.0,2.0,0.0,1.0,,0,0,0,False,7.5,2.0,14.0,17.0,4.0,0,44.5,Medium,Medium,3 failed authentication events; 1 high-risk IAM events; 3 malware alerts; 1 PowerShell alerts; 2 critical endpoint alerts; 2 unresolved critical alerts
EMP12074,qadim.mallick75,Innovation,Analyst,Active,1,1,3.0,0.0,1,1.0,47.0,92.0,1.0,2.0,1.0,1.0,0.0,1.0,0.0,0.0,0.0,0.0,0.0,1.0,0.0,1.0,,0,0,0,False,1.5,2.0,5.0,1.0,2.0,0,11.5,Low,Low,1 high-risk IAM events; 1 critical endpoint alerts; 1 unresolved critical alerts
EMP12075,balendra.sathe86,Procurement,Trainee,Active,1,1,5.0,2.0,0,1.0,51.25,93.0,1.0,3.0,0.0,0.0,0.0,0.0,0.0,0.0,0.0,0.0,0.0,0.0,0.0,0.0,,0,0,0,False,2.0,2.0,0.0,0.0,0.0,0,4.0,Low,Low,2 failed authentication events; 1 high-risk IAM events
EMP12076,saumya.puri42,Finance,Specialist,Active,1,1,6.0,1.0,4,0.0,31.33,44.0,1.0,5.0,1.0,0.0,1.0,0.0,1.0,0.0,0.0,0.0,0.0,0.0,0.0,1.0,,0,0,0,False,7.0,0.0,2.0,6.0,0.0,0,15.0,Low,Low,1 failed authentication events; 1 malware alerts
EMP12077,jai.dube97,Human Resources,Executive,Active,1,1,7.0,2.0,3,2.0,52.67,78.0,1.0,6.0,2.0,1.0,0.0,1.0,0.0,0.0,1.0,0.0,0.0,0.0,0.0,1.0,,0,0,0,False,6.5,4.0,5.0,6.0,2.0,0,23.5,Low,Low,2 failed authentication events; 2 high-risk IAM events; 1 lateral-movement alerts; 1 critical endpoint alerts; 1 unresolved critical alerts
EMP12078,omya.comar71,Sales,Executive,Active,1,1,5.0,3.0,3,0.0,20.0,30.0,1.0,3.0,5.0,1.0,3.0,1.0,1.0,0.0,0.0,0.0,0.0,3.0,0.0,2.0,,0,0,0,False,7.5,0.0,10.0,8.0,2.0,0,27.5,Medium,Medium,3 failed authentication events; 1 malware alerts; 1 critical endpoint alerts; 1 unresolved critical alerts
EMP12079,upasna.choudhary60,Customer Support,Officer,Active,1,1,3.0,2.0,1,1.0,32.0,86.0,1.0,3.0,3.0,0.0,0.0,0.0,1.0,1.0,1.0,0.0,0.0,0.0,0.0,1.0,,0,0,0,False,3.5,2.0,0.0,18.0,0.0,10,33.5,Medium,Medium,2 failed authentication events; 1 high-risk IAM events; 1 malware alerts; 1 credential-access alerts; 1 lateral-movement alerts
EMP12080,ojas.bala91,Operations,Officer,Active,1,1,5.0,2.0,1,0.0,38.75,62.0,1.0,2.0,2.0,0.0,0.0,0.0,0.0,1.0,0.0,0.0,1.0,1.0,0.0,2.0,,0,0,0,False,3.5,0.0,0.0,11.0,0.0,0,14.5,Low,Low,2 failed authentication events; 1 credential-access alerts; 1 security-tampering alerts
EMP12081,jeevika.bajwa97,IT,Engineer,Active,1,1,1.0,0.0,0,0.0,49.0,49.0,1.0,1.0,2.0,0.0,1.0,0.0,1.0,1.0,0.0,0.0,0.0,0.0,0.0,1.0,,0,0,0,False,0.0,0.0,2.0,12.0,0.0,5,19.0,Low,Low,1 malware alerts; 1 credential-access alerts
EMP12082,nikita.toor74,Procurement,Consultant,Active,1,1,3.0,2.0,1,0.0,59.33,63.0,1.0,1.0,3.0,0.0,0.0,0.0,1.0,0.0,0.0,1.0,0.0,0.0,0.0,1.0,,0,0,0,False,3.5,0.0,0.0,9.0,0.0,0,12.5,Low,Low,2 failed authentication events; 1 malware alerts; 1 PowerShell alerts
EMP12083,mohini.minhas94,Procurement,Manager,Active,1,1,67.0,26.0,27,14.0,43.08,100.0,1.0,37.0,2.0,0.0,0.0,0.0,2.0,0.0,0.0,1.0,1.0,0.0,0.0,1.0,,0,0,0,False,20.0,20.0,0.0,19.0,0.0,8,67.0,High,High,"elevated authentication risk (26 failed auth, 27 MFA failures); 14 high-risk IAM events; 2 malware alerts; 1 PowerShell alerts; 1 security-tampering alerts"
EMP12084,vasudha.tata96,Operations,Analyst,Active,1,1,7.0,2.0,3,0.0,41.0,61.0,1.0,4.0,0.0,0.0,0.0,0.0,0.0,0.0,0.0,0.0,0.0,0.0,0.0,0.0,,0,0,0,False,6.5,0.0,0.0,0.0,0.0,0,6.5,Low,Low,2 failed authentication events
EMP12085,,Sales,Analyst,Active,1,1,9.0,4.0,3,2.0,41.5,98.0,1.0,5.0,4.0,1.0,0.0,1.0,1.0,1.0,1.0,0.0,0.0,0.0,0.0,1.0,,0,0,0,False,8.5,4.0,5.0,18.0,2.0,10,47.5,Medium,Medium,"elevated authentication risk (4 failed auth, 3 MFA failures); 2 high-risk IAM events; 1 malware alerts; 1 credential-access alerts; 1 lateral-movement alerts; 1 critical endpoint alerts; 1 unresolved critical alerts"
EMP12086,vincent.dube76,R&D,Manager,Active,1,1,4.0,2.0,1,0.0,43.33,59.0,1.0,4.0,4.0,0.0,0.0,0.0,0.0,1.0,1.0,1.0,0.0,2.0,0.0,1.0,,0,0,0,False,3.5,0.0,0.0,17.0,0.0,0,20.5,Low,Low,2 failed authentication events; 1 credential-access alerts; 1 lateral-movement alerts; 1 PowerShell alerts
EMP12087,faqid.shukla15,Sales,Executive,Active,1,1,3.0,1.0,1,0.0,49.0,49.0,1.0,1.0,0.0,0.0,0.0,0.0,0.0,0.0,0.0,0.0,0.0,0.0,0.0,0.0,,0,0,0,False,2.5,0.0,0.0,0.0,0.0,0,2.5,Low,Low,1 failed authentication events
EMP12088,timothy.chad15,Procurement,Manager,Active,1,1,6.0,1.0,2,0.0,33.4,69.0,1.0,4.0,4.0,0.0,0.0,0.0,2.0,2.0,0.0,0.0,1.0,0.0,0.0,2.0,,0,0,0,False,4.0,0.0,0.0,24.0,0.0,5,33.0,Medium,Medium,1 failed authentication events; 2 malware alerts; 2 credential-access alerts; 1 security-tampering alerts
EMP12089,,Human Resources,Specialist,Active,1,0,4.0,3.0,2,3.0,78.75,98.0,1.0,3.0,2.0,1.0,1.0,0.0,1.0,0.0,0.0,1.0,0.0,0.0,0.0,1.0,,0,0,0,False,6.0,6.0,7.0,9.0,0.0,0,28.0,Medium,Medium,3 failed authentication events; 3 high-risk IAM events; 1 malware alerts; 1 PowerShell alerts; 1 critical endpoint alerts
EMP12090,vasatika.saha98,R&D,Engineer,Active,1,1,1.0,0.0,0,1.0,72.0,72.0,1.0,1.0,0.0,0.0,0.0,0.0,0.0,0.0,0.0,0.0,0.0,0.0,0.0,0.0,,0,0,0,False,0.0,2.0,0.0,0.0,0.0,0,2.0,Low,Low,1 high-risk IAM events
EMP12091,chakrika.mittal44,Sales,Officer,Active,0,1,2.0,1.0,2,1.0,60.5,70.0,1.0,0.0,2.0,0.0,0.0,0.0,2.0,0.0,0.0,0.0,1.0,0.0,0.0,1.0,,0,0,0,False,4.0,2.0,0.0,16.0,0.0,0,22.0,Low,Low,1 failed authentication events; 1 high-risk IAM events; 2 malware alerts; 1 security-tampering alerts
EMP12092,vedant.muni67,People,Executive,Active,1,1,7.0,3.0,4,2.0,53.67,100.0,1.0,5.0,1.0,0.0,0.0,0.0,0.0,0.0,0.0,1.0,0.0,0.0,0.0,1.0,,0,0,0,False,9.0,4.0,0.0,3.0,0.0,0,16.0,Low,Low,"elevated authentication risk (3 failed auth, 4 MFA failures); 2 high-risk IAM events; 1 PowerShell alerts"
EMP12093,aadhya.bahri88,Legal,Officer,Active,1,1,9.0,3.0,3,1.0,38.71,80.0,1.0,6.0,5.0,2.0,0.0,2.0,0.0,2.0,1.0,1.0,1.0,0.0,0.0,1.0,,0,0,0,False,7.5,2.0,10.0,21.0,4.0,0,44.5,Medium,Medium,3 failed authentication events; 1 high-risk IAM events; 2 credential-access alerts; 1 lateral-movement alerts; 1 PowerShell alerts; 1 security-tampering alerts; 2 critical endpoint alerts; 2 unresolved critical alerts
EMP12094,gautam.samra20,Procurement,Administrator,Disabled,1,0,0.0,0.0,0,0.0,0.0,0.0,0.0,0.0,1.0,0.0,1.0,0.0,0.0,0.0,0.0,1.0,0.0,0.0,0.0,1.0,2025-10-23 06:21:39,0,1,1,True,0.0,0.0,2.0,3.0,3.0,0,8.0,Low,Low,1 PowerShell alerts; 1 events after identity termination
EMP12095,,Compliance,Manager,Active,1,1,4.0,2.0,2,2.0,80.0,80.0,1.0,4.0,7.0,1.0,0.0,0.0,3.0,2.0,0.0,1.0,0.0,1.0,0.0,2.0,,0,0,0,False,5.0,4.0,5.0,24.0,0.0,5,43.0,Medium,Medium,2 failed authentication events; 2 high-risk IAM events; 3 malware alerts; 2 credential-access alerts; 1 PowerShell alerts; 1 critical endpoint alerts
EMP12096,bhavini.mutti77,Operations,Executive,Active,1,1,11.0,4.0,3,4.0,64.3,97.0,1.0,5.0,5.0,1.0,2.0,0.0,3.0,0.0,1.0,0.0,0.0,0.0,0.0,1.0,,0,0,0,False,8.5,8.0,9.0,18.0,0.0,10,53.5,High,High,"elevated authentication risk (4 failed auth, 3 MFA failures); 4 high-risk IAM events; 3 malware alerts; 1 lateral-movement alerts; 1 critical endpoint alerts"
EMP12097,rachit.balan30,R&D,Manager,Active,1,1,5.0,1.0,1,2.0,65.6,97.0,1.0,5.0,4.0,0.0,1.0,0.0,1.0,0.0,1.0,1.0,1.0,1.0,0.0,1.0,,0,0,0,False,2.5,4.0,2.0,20.0,0.0,5,33.5,Medium,Medium,1 failed authentication events; 2 high-risk IAM events; 1 malware alerts; 1 lateral-movement alerts; 1 PowerShell alerts; 1 security-tampering alerts
EMP12098,caleb.pandit47,Compliance,Administrator,Disabled,1,1,7.0,2.0,3,2.0,51.33,92.0,1.0,4.0,3.0,0.0,1.0,0.0,1.0,1.0,1.0,0.0,0.0,0.0,0.0,1.0,,0,0,0,False,6.5,4.0,2.0,18.0,0.0,10,40.5,Medium,Medium,2 failed authentication events; 2 high-risk IAM events; 1 malware alerts; 1 credential-access alerts; 1 lateral-movement alerts
EMP12099,omaja.kapur20,IT,Executive,Active,1,0,10.0,0.0,2,4.0,65.0,99.0,1.0,5.0,4.0,0.0,0.0,0.0,0.0,0.0,1.0,0.0,2.0,0.0,0.0,1.0,,0,0,0,False,3.0,8.0,0.0,11.0,0.0,0,22.0,Low,Low,4 high-risk IAM events; 1 lateral-movement alerts; 2 security-tampering alerts
EMP12100,abdul.narain72,R&D,Administrator,Active,1,1,9.0,0.0,1,2.0,54.71,95.0,1.0,5.0,2.0,0.0,1.0,0.0,1.0,0.0,0.0,1.0,0.0,0.0,0.0,1.0,,0,0,0,False,1.5,4.0,2.0,9.0,0.0,0,16.5,Low,Low,2 high-risk IAM events; 1 malware alerts; 1 PowerShell alerts
EMP12101,agastya.sule56,Legal,Specialist,Active,1,1,3.0,1.0,1,0.0,40.0,58.0,1.0,2.0,3.0,1.0,1.0,1.0,1.0,1.0,1.0,0.0,1.0,0.0,0.0,1.0,,0,0,0,False,2.5,0.0,7.0,22.0,2.0,10,43.5,Medium,Medium,1 failed authentication events; 1 malware alerts; 1 credential-access alerts; 1 lateral-movement alerts; 1 security-tampering alerts; 1 critical endpoint alerts; 1 unresolved critical alerts
EMP12102,gaurang.cheema44,Operations,Administrator,Active,1,1,6.0,2.0,3,0.0,32.5,44.0,1.0,4.0,5.0,0.0,2.0,0.0,3.0,0.0,0.0,2.0,0.0,1.0,0.0,2.0,,0,0,0,False,6.5,0.0,4.0,17.0,0.0,0,27.5,Medium,Medium,2 failed authentication events; 3 malware alerts; 2 PowerShell alerts
EMP12103,,IT,Engineer,Active,1,1,4.0,2.0,2,2.0,81.33,99.0,1.0,1.0,2.0,0.0,0.0,0.0,0.0,0.0,0.0,0.0,0.0,0.0,0.0,1.0,,0,0,0,False,5.0,4.0,0.0,0.0,0.0,0,9.0,Low,Low,2 failed authentication events; 2 high-risk IAM events
EMP12104,ikbal.dewan73,R&D,Consultant,Active,1,1,1.0,0.0,0,1.0,100.0,100.0,1.0,1.0,3.0,0.0,0.0,0.0,2.0,0.0,0.0,0.0,0.0,0.0,0.0,1.0,,0,0,0,False,0.0,2.0,0.0,12.0,0.0,0,14.0,Low,Low,1 high-risk IAM events; 2 malware alerts
EMP12105,,Operations,Administrator,Active,1,1,5.0,3.0,3,1.0,44.33,98.0,1.0,3.0,4.0,1.0,0.0,1.0,0.0,2.0,2.0,0.0,1.0,0.0,1.0,2.0,,0,0,0,False,7.5,2.0,5.0,20.0,2.0,0,36.5,Medium,Medium,3 failed authentication events; 1 high-risk IAM events; 2 credential-access alerts; 2 lateral-movement alerts; 1 security-tampering alerts; 1 critical endpoint alerts; 1 unresolved critical alerts
EMP12106,rachana.gokhale33,R&D,Director,Active,1,1,2.0,1.0,0,1.0,95.0,95.0,1.0,1.0,2.0,1.0,0.0,1.0,1.0,0.0,1.0,0.0,0.0,0.0,0.0,1.0,,0,0,0,False,1.0,2.0,5.0,12.0,2.0,5,27.0,Medium,Medium,1 failed authentication events; 1 high-risk IAM events; 1 malware alerts; 1 lateral-movement alerts; 1 critical endpoint alerts; 1 unresolved critical alerts
EMP12107,dalbir_kale66,Human Resources,Analyst,Active,1,1,5.0,1.0,0,0.0,35.0,60.0,1.0,3.0,2.0,0.0,0.0,0.0,1.0,1.0,0.0,1.0,0.0,0.0,0.0,1.0,,0,0,0,False,1.0,0.0,0.0,15.0,0.0,5,21.0,Low,Low,1 failed authentication events; 1 malware alerts; 1 credential-access alerts; 1 PowerShell alerts
EMP12108,yug.rajan98,Human Resources,Trainee,Active,1,1,0.0,0.0,0,0.0,0.0,0.0,0.0,0.0,3.0,0.0,1.0,0.0,2.0,0.0,0.0,0.0,1.0,1.0,0.0,1.0,,0,0,0,False,0.0,0.0,2.0,17.0,0.0,0,19.0,Low,Low,2 malware alerts; 1 security-tampering alerts
EMP12109,nitesh.deol94,Operations,Trainee,Active,1,1,5.0,0.0,1,1.0,51.25,73.0,1.0,3.0,3.0,1.0,1.0,1.0,1.0,0.0,0.0,2.0,0.0,0.0,0.0,1.0,,0,0,0,False,1.5,2.0,7.0,10.0,2.0,0,22.5,Low,Low,1 high-risk IAM events; 1 malware alerts; 2 PowerShell alerts; 1 critical endpoint alerts; 1 unresolved critical alerts
EMP12110,sai.srinivas91,IT,Trainee,Active,0,0,5.0,1.0,1,0.0,39.2,59.0,1.0,4.0,7.0,1.0,1.0,0.0,1.0,0.0,2.0,2.0,0.0,0.0,1.0,1.0,,0,0,0,False,2.5,0.0,7.0,18.0,0.0,5,32.5,Medium,Medium,1 failed authentication events; 1 malware alerts; 2 lateral-movement alerts; 2 PowerShell alerts; 1 critical endpoint alerts
EMP12111,chatresh.krish60,Sales,Consultant,Active,1,1,72.0,27.0,27,16.0,47.0,93.0,1.0,38.0,1.0,1.0,0.0,1.0,0.0,1.0,0.0,0.0,0.0,0.0,0.0,1.0,,0,0,0,False,20.0,20.0,5.0,6.0,2.0,8,61.0,High,High,"elevated authentication risk (27 failed auth, 27 MFA failures); 16 high-risk IAM events; 1 credential-access alerts; 1 critical endpoint alerts; 1 unresolved critical alerts"
EMP12112,,Marketing,Engineer,Active,1,1,4.0,0.0,1,2.0,52.67,74.0,1.0,3.0,2.0,0.0,0.0,0.0,0.0,0.0,0.0,2.0,0.0,0.0,0.0,1.0,,0,0,0,False,1.5,4.0,0.0,4.0,0.0,0,9.5,Low,Low,2 high-risk IAM events; 2 PowerShell alerts
EMP12113,akshay.dugal56,Finance,Consultant,Active,1,1,78.0,21.0,24,17.0,54.09,100.0,1.0,52.0,0.0,0.0,0.0,0.0,0.0,0.0,0.0,0.0,0.0,0.0,0.0,0.0,,0,0,0,False,20.0,20.0,0.0,0.0,0.0,3,43.0,Medium,Medium,"elevated authentication risk (21 failed auth, 24 MFA failures); 17 high-risk IAM events"
EMP12114,omkaar.srinivasan33,R&D,Analyst,Active,1,1,5.0,1.0,1,0.0,41.5,55.0,1.0,4.0,2.0,1.0,0.0,1.0,1.0,0.0,1.0,0.0,1.0,0.0,0.0,2.0,,0,0,0,False,2.5,0.0,5.0,16.0,2.0,5,30.5,Medium,Medium,1 failed authentication events; 1 malware alerts; 1 lateral-movement alerts; 1 security-tampering alerts; 1 critical endpoint alerts; 1 unresolved critical alerts
EMP12115,omaja.peri26,Procurement,Director,Disabled,1,1,9.0,1.0,3,4.0,76.0,90.0,1.0,6.0,0.0,0.0,0.0,0.0,0.0,0.0,0.0,0.0,0.0,0.0,0.0,0.0,2023-12-25 06:38:15,9,0,9,True,5.5,8.0,0.0,0.0,10.0,3,26.5,Medium,Medium,1 failed authentication events; 4 high-risk IAM events; 9 events after identity termination
EMP12116,saanvi.konda9,Customer Support,Engineer,Active,1,0,3.0,2.0,2,1.0,67.0,90.0,1.0,3.0,1.0,0.0,1.0,0.0,0.0,0.0,1.0,0.0,0.0,0.0,0.0,1.0,,0,0,0,False,5.0,2.0,2.0,6.0,0.0,0,15.0,Low,Low,2 failed authentication events; 1 high-risk IAM events; 1 lateral-movement alerts
EMP12117,timothy.yadav52,Legal,Director,Active,1,1,10.0,4.0,5,5.0,53.56,92.0,1.0,6.0,3.0,0.0,1.0,0.0,1.0,0.0,1.0,0.0,0.0,1.0,0.0,1.0,,0,0,0,False,11.5,10.0,2.0,13.0,0.0,10,46.5,Medium,Medium,"elevated authentication risk (4 failed auth, 5 MFA failures); 5 high-risk IAM events; 1 malware alerts; 1 lateral-movement alerts"
EMP12118,diya.sidhu15,IT,Trainee,Active,1,1,4.0,1.0,1,2.0,55.5,79.0,1.0,1.0,5.0,0.0,2.0,0.0,3.0,1.0,0.0,1.0,0.0,1.0,0.0,2.0,,0,0,0,False,2.5,4.0,4.0,22.0,0.0,5,37.5,Medium,Medium,1 failed authentication events; 2 high-risk IAM events; 3 malware alerts; 1 credential-access alerts; 1 PowerShell alerts
EMP12119,niharika.bal84,Marketing,Specialist,Active,1,1,4.0,2.0,2,0.0,14.33,33.0,1.0,0.0,2.0,0.0,0.0,0.0,1.0,0.0,1.0,1.0,0.0,0.0,0.0,1.0,,0,0,0,False,5.0,0.0,0.0,15.0,0.0,5,25.0,Medium,Medium,2 failed authentication events; 1 malware alerts; 1 lateral-movement alerts; 1 PowerShell alerts
EMP12120,sachi.brar91,Brand,Specialist,Active,1,1,5.0,1.0,1,1.0,50.67,93.0,1.0,4.0,3.0,0.0,1.0,0.0,2.0,1.0,0.0,0.0,0.0,0.0,0.0,1.0,,0,0,0,False,2.5,2.0,2.0,18.0,0.0,5,29.5,Medium,Medium,1 failed authentication events; 1 high-risk IAM events; 2 malware alerts; 1 credential-access alerts
EMP12121,aishani.raja23,IT,Administrator,Active,1,0,5.0,3.0,2,0.0,38.5,61.0,1.0,2.0,3.0,0.0,0.0,0.0,1.0,0.0,1.0,1.0,0.0,0.0,0.0,2.0,,0,0,0,False,6.0,0.0,0.0,15.0,0.0,5,26.0,Medium,Medium,3 failed authentication events; 1 malware alerts; 1 lateral-movement alerts; 1 PowerShell alerts
EMP12122,barkha.saini77,R&D,Director,On Leave,1,0,4.0,1.0,0,1.0,63.33,95.0,1.0,3.0,4.0,0.0,1.0,0.0,0.0,0.0,1.0,2.0,0.0,0.0,0.0,2.0,,0,0,0,False,1.0,2.0,2.0,10.0,0.0,0,15.0,Low,Low,1 failed authentication events; 1 high-risk IAM events; 1 lateral-movement alerts; 2 PowerShell alerts
EMP12123,chavvi.naidu26,R&D,Specialist,Disabled,1,1,9.0,3.0,3,1.0,55.67,93.0,1.0,6.0,4.0,0.0,0.0,0.0,1.0,1.0,0.0,2.0,1.0,0.0,1.0,1.0,2026-06-10 00:00:00,6,4,10,True,7.5,2.0,0.0,20.0,10.0,5,44.5,Medium,Medium,3 failed authentication events; 1 high-risk IAM events; 1 malware alerts; 1 credential-access alerts; 2 PowerShell alerts; 1 security-tampering alerts; 10 events after identity termination
EMP12124,azaan.dora49,Human Resources,Executive,Inactive,1,1,5.0,1.0,1,2.0,53.25,94.0,1.0,3.0,1.0,0.0,0.0,0.0,0.0,0.0,0.0,0.0,0.0,0.0,0.0,0.0,,0,0,0,False,2.5,4.0,0.0,0.0,0.0,0,6.5,Low,Low,1 failed authentication events; 2 high-risk IAM events
EMP12125,hemal.deo32,Sales,Executive,Active,1,1,8.0,2.0,5,2.0,62.0,100.0,1.0,4.0,1.0,0.0,0.0,0.0,0.0,0.0,0.0,0.0,0.0,0.0,0.0,1.0,,0,0,0,False,9.5,4.0,0.0,0.0,0.0,0,13.5,Low,Low,"elevated authentication risk (2 failed auth, 5 MFA failures); 2 high-risk IAM events"
EMP12126,ekiya.kota86,Procurement,Specialist,Inactive,1,1,9.0,4.0,4,0.0,34.33,67.0,1.0,5.0,1.0,0.0,0.0,0.0,0.0,1.0,0.0,0.0,0.0,0.0,0.0,1.0,2025-03-23 06:54:47,8,1,9,True,10.0,0.0,0.0,6.0,10.0,5,31.0,Medium,Medium,"elevated authentication risk (4 failed auth, 4 MFA failures); 1 credential-access alerts; 9 events after identity termination"
EMP12127,oscar.gopal34,Finance,Director,Active,1,1,5.0,1.0,0,2.0,65.5,96.0,1.0,4.0,3.0,0.0,1.0,0.0,0.0,0.0,0.0,2.0,0.0,1.0,0.0,1.0,,0,0,0,False,1.0,4.0,2.0,5.0,0.0,0,12.0,Low,Low,1 failed authentication events; 2 high-risk IAM events; 2 PowerShell alerts
EMP12128,anthony.cheema70,Finance,Manager,Disabled,1,0,7.0,2.0,2,4.0,75.0,96.0,1.0,6.0,2.0,0.0,0.0,0.0,1.0,0.0,1.0,0.0,1.0,0.0,0.0,2.0,2025-08-25 13:11:42,6,2,8,True,5.0,8.0,0.0,16.0,10.0,5,44.0,Medium,Medium,2 failed authentication events; 4 high-risk IAM events; 1 malware alerts; 1 lateral-movement alerts; 1 security-tampering alerts; 8 events after identity termination
EMP12129,praneel.raju81,Marketing,Manager,Active,1,1,0.0,0.0,0,0.0,0.0,0.0,0.0,0.0,2.0,0.0,1.0,0.0,1.0,0.0,0.0,0.0,0.0,0.0,0.0,2.0,,0,0,0,False,0.0,0.0,2.0,6.0,0.0,0,8.0,Low,Low,1 malware alerts
EMP12130,krishna.kata74,Customer Support,Specialist,Inactive,1,1,3.0,1.0,1,0.0,57.0,59.0,1.0,1.0,0.0,0.0,0.0,0.0,0.0,0.0,0.0,0.0,0.0,0.0,0.0,0.0,2024-09-24 00:00:00,3,0,3,True,2.5,0.0,0.0,0.0,9.0,0,11.5,Low,Low,1 failed authentication events; 3 events after identity termination
EMP12131,chaaya_sodhi94,Customer Support,Officer,Inactive,1,1,3.0,0.0,1,1.0,65.67,98.0,1.0,1.0,2.0,0.0,0.0,0.0,1.0,0.0,0.0,1.0,0.0,0.0,0.0,1.0,2024-08-15 15:57:07,2,2,4,True,1.5,2.0,0.0,9.0,10.0,0,22.5,Low,Low,1 high-risk IAM events; 1 malware alerts; 1 PowerShell alerts; 4 events after identity termination
EMP12132,daksha.ratti52,Marketing,Administrator,Active,1,1,6.0,3.0,5,0.0,28.2,53.0,1.0,2.0,1.0,0.0,0.0,0.0,0.0,0.0,0.0,1.0,0.0,0.0,0.0,0.0,,0,0,0,False,10.5,0.0,0.0,3.0,0.0,0,13.5,Low,Low,"elevated authentication risk (3 failed auth, 5 MFA failures); 1 PowerShell alerts"
EMP12133,kashvi_badal46,Customer Support,Officer,On Leave,1,1,8.0,4.0,6,3.0,55.0,98.0,1.0,3.0,3.0,0.0,1.0,0.0,0.0,0.0,1.0,1.0,0.0,0.0,1.0,2.0,,0,0,0,False,13.0,6.0,2.0,9.0,0.0,8,38.0,Medium,Medium,"elevated authentication risk (4 failed auth, 6 MFA failures); 3 high-risk IAM events; 1 lateral-movement alerts; 1 PowerShell alerts"
EMP12134,ayush.mital70,Finance,Analyst,Active,1,1,4.0,1.0,1,2.0,55.0,88.0,1.0,4.0,2.0,1.0,0.0,1.0,1.0,1.0,0.0,0.0,0.0,0.0,0.0,1.0,,0,0,0,False,2.5,4.0,5.0,12.0,2.0,5,30.5,Medium,Medium,1 failed authentication events; 2 high-risk IAM events; 1 malware alerts; 1 credential-access alerts; 1 critical endpoint alerts; 1 unresolved critical alerts
EMP12135,arunima.sharaf86,Human Resources,Executive,Active,1,1,3.0,0.0,1,0.0,35.5,66.0,1.0,3.0,5.0,1.0,1.0,1.0,3.0,0.0,1.0,0.0,0.0,0.0,0.0,1.0,,0,0,0,False,1.5,0.0,7.0,18.0,2.0,5,33.5,Medium,Medium,3 malware alerts; 1 lateral-movement alerts; 1 critical endpoint alerts; 1 unresolved critical alerts
EMP12136,raksha.bhalla98,Human Resources,Executive,Disabled,1,1,4.0,2.0,3,1.0,32.25,100.0,1.0,1.0,0.0,0.0,0.0,0.0,0.0,0.0,0.0,0.0,0.0,0.0,0.0,0.0,2025-11-25 20:14:07,4,0,4,True,6.5,2.0,0.0,0.0,10.0,0,18.5,Low,Low,2 failed authentication events; 1 high-risk IAM events; 4 events after identity termination
EMP12137,logan.ramakrishnan20,Innovation,Director,Active,1,1,7.0,4.0,2,1.0,48.5,76.0,1.0,3.0,2.0,0.0,0.0,0.0,2.0,0.0,0.0,1.0,1.0,0.0,0.0,1.0,,0,0,0,False,7.0,2.0,0.0,19.0,0.0,0,28.0,Medium,Medium,4 failed authentication events; 1 high-risk IAM events; 2 malware alerts; 1 PowerShell alerts; 1 security-tampering alerts
EMP12138,anita.varughese46,Sales,Manager,Active,1,1,7.0,3.0,2,2.0,57.6,87.0,1.0,2.0,1.0,0.0,0.0,0.0,1.0,0.0,0.0,0.0,0.0,0.0,0.0,1.0,,0,0,0,False,6.0,4.0,0.0,6.0,0.0,0,16.0,Low,Low,3 failed authentication events; 2 high-risk IAM events; 1 malware alerts
EMP12139,wridesh.jha71,Sales,Executive,Inactive,1,1,6.0,1.0,3,1.0,56.67,72.0,1.0,4.0,0.0,0.0,0.0,0.0,0.0,0.0,0.0,0.0,0.0,0.0,0.0,0.0,2026-02-11 16:33:27,5,0,5,True,5.5,2.0,0.0,0.0,10.0,0,17.5,Low,Low,1 failed authentication events; 1 high-risk IAM events; 5 events after identity termination
EMP12140,neelima.koshy46,Human Resources,Trainee,Active,1,1,10.0,2.0,5,4.0,62.0,96.0,1.0,6.0,4.0,1.0,0.0,0.0,1.0,1.0,1.0,1.0,1.0,0.0,0.0,1.0,,0,0,0,False,9.5,8.0,5.0,25.0,0.0,10,57.5,High,High,"elevated authentication risk (2 failed auth, 5 MFA failures); 4 high-risk IAM events; 1 malware alerts; 1 credential-access alerts; 1 lateral-movement alerts; 1 PowerShell alerts; 1 security-tampering alerts; 1 critical endpoint alerts"
EMP12141,darpan.keer78,Legal,Administrator,Active,1,1,6.0,2.0,4,2.0,40.0,80.0,1.0,5.0,2.0,0.0,0.0,0.0,0.0,0.0,0.0,0.0,0.0,1.0,0.0,1.0,,0,0,0,False,8.0,4.0,0.0,1.0,0.0,0,13.0,Low,Low,"elevated authentication risk (2 failed auth, 4 MFA failures); 2 high-risk IAM events"
EMP12142,onveer.bumb55,IT,Administrator,Active,0,0,5.0,1.0,2,1.0,52.8,99.0,1.0,4.0,2.0,0.0,0.0,0.0,0.0,0.0,1.0,0.0,0.0,1.0,0.0,1.0,,0,0,0,False,4.0,2.0,0.0,7.0,0.0,0,13.0,Low,Low,1 failed authentication events; 1 high-risk IAM events; 1 lateral-movement alerts
EMP12143,ubika.ranganathan44,Human Resources,Director,Active,1,1,5.0,2.0,2,2.0,53.5,98.0,1.0,1.0,2.0,0.0,1.0,0.0,0.0,0.0,0.0,0.0,0.0,0.0,0.0,1.0,,0,0,0,False,5.0,4.0,2.0,0.0,0.0,0,11.0,Low,Low,2 failed authentication events; 2 high-risk IAM events
EMP12144,krishna_gala53,Marketing,Officer,Active,1,1,56.0,19.0,20,9.0,53.75,99.0,1.0,32.0,1.0,0.0,0.0,0.0,0.0,0.0,0.0,0.0,0.0,0.0,0.0,1.0,,0,0,0,False,20.0,20.0,0.0,0.0,0.0,3,43.0,Medium,Medium,"elevated authentication risk (19 failed auth, 20 MFA failures); 9 high-risk IAM events"
EMP12145,ekanta.ganguly29,Brand,Officer,Active,1,1,7.0,2.0,2,2.0,49.29,95.0,1.0,5.0,0.0,0.0,0.0,0.0,0.0,0.0,0.0,0.0,0.0,0.0,0.0,0.0,,0,0,0,False,5.0,4.0,0.0,0.0,0.0,0,9.0,Low,Low,2 failed authentication events; 2 high-risk IAM events
EMP12146,ranbir.om18,Marketing,Director,Active,0,1,4.0,0.0,2,1.0,59.33,86.0,1.0,3.0,1.0,0.0,0.0,0.0,0.0,1.0,0.0,0.0,0.0,0.0,0.0,1.0,,0,0,0,False,3.0,2.0,0.0,6.0,0.0,0,11.0,Low,Low,1 high-risk IAM events; 1 credential-access alerts
EMP12147,odika.mistry80,Human Resources,Manager,Inactive,1,1,6.0,1.0,1,0.0,44.2,69.0,1.0,5.0,1.0,0.0,0.0,0.0,0.0,0.0,1.0,0.0,0.0,0.0,0.0,1.0,,0,0,0,False,2.5,0.0,0.0,6.0,0.0,0,8.5,Low,Low,1 failed authentication events; 1 lateral-movement alerts
EMP12148,ridhi.kota93,Sales,Consultant,Disabled,1,1,3.0,2.0,1,1.0,63.33,86.0,1.0,1.0,3.0,0.0,0.0,0.0,0.0,1.0,1.0,0.0,0.0,1.0,0.0,1.0,2022-08-29 00:02:25,3,2,5,True,3.5,2.0,0.0,13.0,10.0,0,28.5,Medium,Medium,2 failed authentication events; 1 high-risk IAM events; 1 credential-access alerts; 1 lateral-movement alerts; 5 events after identity termination
EMP12149,teerth.chowdhury93,Legal,Analyst,Active,1,1,7.0,4.0,4,1.0,61.8,98.0,1.0,2.0,4.0,0.0,0.0,0.0,1.0,0.0,0.0,2.0,0.0,1.0,0.0,2.0,,0,0,0,False,10.0,2.0,0.0,11.0,0.0,5,28.0,Medium,Medium,"elevated authentication risk (4 failed auth, 4 MFA failures); 1 high-risk IAM events; 1 malware alerts; 2 PowerShell alerts"
EMP12150,ekta.pall13,Legal,Consultant,Inactive,1,1,4.0,0.0,1,1.0,97.0,97.0,1.0,3.0,2.0,0.0,1.0,0.0,0.0,1.0,0.0,1.0,0.0,0.0,0.0,2.0,,0,0,0,False,1.5,2.0,2.0,9.0,0.0,0,14.5,Low,Low,1 high-risk IAM events; 1 credential-access alerts; 1 PowerShell alerts
EMP12151,manya.mohanty64,Finance,Administrator,Active,1,1,6.0,1.0,5,1.0,43.25,84.0,1.0,5.0,0.0,0.0,0.0,0.0,0.0,0.0,0.0,0.0,0.0,0.0,0.0,0.0,,0,0,0,False,8.5,2.0,0.0,0.0,0.0,0,10.5,Low,Low,"elevated authentication risk (1 failed auth, 5 MFA failures); 1 high-risk IAM events"
EMP12152,suhani.sinha90,Brand,Administrator,Active,1,1,5.0,2.0,2,1.0,44.25,76.0,1.0,3.0,3.0,0.0,0.0,0.0,2.0,0.0,0.0,0.0,0.0,0.0,0.0,1.0,,0,0,0,False,5.0,2.0,0.0,12.0,0.0,0,19.0,Low,Low,2 failed authentication events; 1 high-risk IAM events; 2 malware alerts
EMP12153,abdul.deep62,Human Resources,Officer,Active,1,0,6.0,4.0,3,1.0,37.8,83.0,1.0,4.0,3.0,0.0,0.0,0.0,2.0,0.0,0.0,1.0,0.0,0.0,0.0,1.0,,0,0,0,False,8.5,2.0,0.0,15.0,0.0,5,30.5,Medium,Medium,"elevated authentication risk (4 failed auth, 3 MFA failures); 1 high-risk IAM events; 2 malware alerts; 1 PowerShell alerts"
EMP12154,aadi.sidhu81,IT,Officer,Inactive,1,0,5.0,2.0,1,0.0,25.0,50.0,1.0,5.0,2.0,0.0,0.0,0.0,1.0,0.0,0.0,0.0,0.0,0.0,0.0,1.0,2024-07-18 11:51:53,5,1,6,True,3.5,0.0,0.0,6.0,10.0,0,19.5,Low,Low,2 failed authentication events; 1 malware alerts; 6 events after identity termination
EMP12155,ekansh.soni57,Marketing,Director,Disabled,0,1,8.0,3.0,3,5.0,67.14,96.0,1.0,5.0,4.0,0.0,0.0,0.0,1.0,1.0,0.0,2.0,0.0,1.0,0.0,1.0,2026-02-18 14:53:11,8,4,12,True,7.5,10.0,0.0,17.0,10.0,8,52.5,High,High,3 failed authentication events; 5 high-risk IAM events; 1 malware alerts; 1 credential-access alerts; 2 PowerShell alerts; 12 events after identity termination
EMP12156,oscar.tak70,Legal,Specialist,Disabled,1,1,1.0,1.0,0,1.0,81.0,81.0,1.0,0.0,2.0,0.0,0.0,0.0,0.0,1.0,0.0,0.0,0.0,1.0,1.0,1.0,2025-06-26 08:01:18,1,2,3,True,1.0,2.0,0.0,7.0,9.0,0,19.0,Low,Low,1 failed authentication events; 1 high-risk IAM events; 1 credential-access alerts; 3 events after identity termination
EMP12157,vansha.chadha57,Brand,Officer,Active,1,1,10.0,2.0,3,1.0,32.5,83.0,1.0,3.0,4.0,0.0,1.0,0.0,2.0,0.0,1.0,2.0,0.0,0.0,0.0,1.0,,0,0,0,False,6.5,2.0,2.0,22.0,0.0,5,37.5,Medium,Medium,2 failed authentication events; 1 high-risk IAM events; 2 malware alerts; 1 lateral-movement alerts; 2 PowerShell alerts
EMP12158,timothy.sahni34,Operations,Analyst,Active,1,1,6.0,2.0,2,1.0,41.8,86.0,1.0,4.0,2.0,0.0,0.0,0.0,0.0,0.0,0.0,1.0,0.0,1.0,0.0,1.0,,0,0,0,False,5.0,2.0,0.0,4.0,0.0,0,11.0,Low,Low,2 failed authentication events; 1 high-risk IAM events; 1 PowerShell alerts
EMP12159,mitesh_chaudhry88,R&D,Consultant,Inactive,1,1,3.0,0.0,0,1.0,82.0,82.0,1.0,3.0,2.0,0.0,0.0,0.0,2.0,0.0,0.0,0.0,0.0,0.0,0.0,0.0,2020-12-22 21:29:02,3,2,5,True,0.0,2.0,0.0,12.0,10.0,0,24.0,Low,Low,1 high-risk IAM events; 2 malware alerts; 5 events after identity termination
EMP12160,ladli.chanda88,IT,Engineer,Active,1,0,8.0,2.0,3,3.0,56.43,99.0,1.0,6.0,3.0,1.0,0.0,1.0,1.0,0.0,0.0,2.0,0.0,0.0,0.0,2.0,,0,0,0,False,6.5,6.0,5.0,10.0,2.0,3,32.5,Medium,Medium,2 failed authentication events; 3 high-risk IAM events; 1 malware alerts; 2 PowerShell alerts; 1 critical endpoint alerts; 1 unresolved critical alerts
EMP12161,omya.sahota27,Legal,Consultant,Active,1,1,7.0,2.0,2,2.0,46.43,83.0,1.0,5.0,2.0,0.0,0.0,0.0,1.0,0.0,0.0,1.0,1.0,0.0,0.0,1.0,,0,0,0,False,5.0,4.0,0.0,13.0,0.0,0,22.0,Low,Low,2 failed authentication events; 2 high-risk IAM events; 1 malware alerts; 1 PowerShell alerts; 1 security-tampering alerts
EMP12162,megha.garg48,Procurement,Analyst,Active,1,1,2.0,0.0,0,0.0,59.0,59.0,1.0,1.0,5.0,2.0,1.0,2.0,3.0,0.0,0.0,1.0,1.0,1.0,0.0,1.0,,0,0,0,False,0.0,0.0,12.0,20.0,4.0,0,36.0,Medium,Medium,3 malware alerts; 1 PowerShell alerts; 1 security-tampering alerts; 2 critical endpoint alerts; 2 unresolved critical alerts
EMP12163,ethan.dhillon39,Finance,Administrator,Active,1,1,10.0,3.0,4,3.0,54.0,86.0,1.0,7.0,3.0,0.0,1.0,0.0,3.0,0.0,0.0,1.0,0.0,0.0,1.0,1.0,,0,0,0,False,9.0,6.0,2.0,15.0,0.0,8,40.0,Medium,Medium,"elevated authentication risk (3 failed auth, 4 MFA failures); 3 high-risk IAM events; 3 malware alerts; 1 PowerShell alerts"
EMP12164,ekansh.mangal49,Marketing,Officer,Active,1,1,4.0,2.0,2,2.0,68.0,90.0,1.0,1.0,8.0,2.0,0.0,1.0,1.0,0.0,1.0,1.0,1.0,2.0,0.0,1.0,,0,0,0,False,5.0,4.0,10.0,21.0,2.0,5,47.0,Medium,Medium,2 failed authentication events; 2 high-risk IAM events; 1 malware alerts; 1 lateral-movement alerts; 1 PowerShell alerts; 1 security-tampering alerts; 2 critical endpoint alerts; 1 unresolved critical alerts
EMP12165,samesh.gopal34,Finance,Analyst,Active,1,1,3.0,0.0,1,0.0,55.5,57.0,1.0,2.0,2.0,0.0,0.0,0.0,0.0,0.0,1.0,0.0,1.0,0.0,0.0,1.0,,0,0,0,False,1.5,0.0,0.0,10.0,0.0,0,11.5,Low,Low,1 lateral-movement alerts; 1 security-tampering alerts
EMP12166,advika.barman44,Customer Support,Analyst,Active,1,1,1.0,1.0,0,0.0,38.0,38.0,1.0,0.0,3.0,0.0,0.0,0.0,1.0,1.0,1.0,0.0,2.0,0.0,0.0,1.0,,0,0,0,False,1.0,0.0,0.0,23.0,0.0,10,34.0,Medium,Medium,1 failed authentication events; 1 malware alerts; 1 credential-access alerts; 1 lateral-movement alerts; 2 security-tampering alerts
EMP12167,isaiah.salvi78,IT,Director,Active,1,0,3.0,2.0,2,1.0,38.0,75.0,1.0,1.0,2.0,0.0,1.0,0.0,2.0,0.0,0.0,0.0,1.0,0.0,0.0,1.0,,0,0,0,False,5.0,2.0,2.0,16.0,0.0,0,25.0,Medium,Medium,2 failed authentication events; 1 high-risk IAM events; 2 malware alerts; 1 security-tampering alerts
EMP12168,balendra.taneja17,Finance,Director,Active,0,1,6.0,1.0,2,0.0,39.25,55.0,1.0,4.0,4.0,1.0,1.0,1.0,2.0,0.0,0.0,1.0,0.0,1.0,1.0,2.0,,0,0,0,False,4.0,0.0,7.0,16.0,2.0,0,29.0,Medium,Medium,1 failed authentication events; 2 malware alerts; 1 PowerShell alerts; 1 critical endpoint alerts; 1 unresolved critical alerts
EMP12169,banjeet.bains78,Operations,Engineer,Active,1,1,7.0,2.0,1,1.0,38.33,81.0,1.0,3.0,4.0,0.0,0.0,0.0,0.0,1.0,1.0,1.0,0.0,1.0,0.0,2.0,,0,0,0,False,3.5,2.0,0.0,16.0,0.0,0,21.5,Low,Low,2 failed authentication events; 1 high-risk IAM events; 1 credential-access alerts; 1 lateral-movement alerts; 1 PowerShell alerts
EMP12170,rachana.chana38,Finance,Trainee,Active,1,0,3.0,0.0,1,0.0,20.0,25.0,1.0,2.0,4.0,0.0,1.0,0.0,2.0,2.0,0.0,0.0,1.0,0.0,0.0,1.0,,0,0,0,False,1.5,0.0,2.0,24.0,0.0,5,32.5,Medium,Medium,2 malware alerts; 2 credential-access alerts; 1 security-tampering alerts
EMP12171,bishakha.bajaj79,Human Resources,Director,Active,1,0,5.0,2.0,1,1.0,45.5,78.0,1.0,3.0,4.0,1.0,0.0,0.0,1.0,0.0,1.0,2.0,2.0,1.0,0.0,2.0,,0,0,0,False,3.5,2.0,5.0,22.0,0.0,5,37.5,Medium,Medium,2 failed authentication events; 1 high-risk IAM events; 1 malware alerts; 1 lateral-movement alerts; 2 PowerShell alerts; 2 security-tampering alerts; 1 critical endpoint alerts
EMP12172,dominic.bose12,Operations,Officer,Disabled,1,1,4.0,2.0,4,3.0,85.67,95.0,1.0,1.0,4.0,0.0,0.0,0.0,1.0,0.0,0.0,3.0,0.0,0.0,0.0,1.0,2025-07-26 00:00:00,2,4,6,True,8.0,6.0,0.0,10.0,10.0,8,42.0,Medium,Medium,"elevated authentication risk (2 failed auth, 4 MFA failures); 3 high-risk IAM events; 1 malware alerts; 3 PowerShell alerts; 6 events after identity termination"
EMP12173,yashica.seth2,People,Trainee,Active,1,1,9.0,2.0,4,3.0,50.12,96.0,1.0,6.0,1.0,0.0,0.0,0.0,1.0,0.0,0.0,0.0,0.0,0.0,0.0,1.0,,0,0,0,False,8.0,6.0,0.0,6.0,0.0,8,28.0,Medium,Medium,"elevated authentication risk (2 failed auth, 4 MFA failures); 3 high-risk IAM events; 1 malware alerts"
EMP12174,onveer.bansal17,Sales,Manager,Inactive,1,1,8.0,1.0,2,2.0,70.5,92.0,1.0,6.0,5.0,0.0,3.0,0.0,0.0,0.0,1.0,1.0,0.0,1.0,0.0,1.0,2026-05-22 18:40:00,8,4,12,True,4.0,4.0,5.0,10.0,10.0,0,33.0,Medium,Medium,1 failed authentication events; 2 high-risk IAM events; 1 lateral-movement alerts; 1 PowerShell alerts; 12 events after identity termination
EMP12175,ira.kaul35,Innovation,Executive,Disabled,1,1,6.0,1.0,2,1.0,47.75,75.0,1.0,5.0,2.0,0.0,0.0,0.0,2.0,0.0,0.0,0.0,0.0,0.0,0.0,1.0,2025-08-05 04:22:13,6,2,8,True,4.0,2.0,0.0,12.0,10.0,0,28.0,Medium,Medium,1 failed authentication events; 1 high-risk IAM events; 2 malware alerts; 8 events after identity termination
EMP12176,theodore.chander22,IT,Engineer,Active,0,1,3.0,2.0,3,1.0,62.0,90.0,1.0,2.0,2.0,1.0,1.0,1.0,0.0,1.0,0.0,1.0,0.0,0.0,0.0,1.0,,0,0,0,False,6.5,2.0,7.0,9.0,2.0,0,26.5,Medium,Medium,2 failed authentication events; 1 high-risk IAM events; 1 credential-access alerts; 1 PowerShell alerts; 1 critical endpoint alerts; 1 unresolved critical alerts
EMP12177,,Procurement,Director,Active,1,0,6.0,3.0,2,0.0,41.33,66.0,1.0,3.0,1.0,0.0,0.0,0.0,0.0,0.0,1.0,0.0,0.0,0.0,1.0,0.0,,0,0,0,False,6.0,0.0,0.0,6.0,0.0,0,12.0,Low,Low,3 failed authentication events; 1 lateral-movement alerts
EMP12178,orinder.gera82,Finance,Consultant,Active,0,1,4.0,0.0,0,1.0,40.25,78.0,1.0,2.0,5.0,0.0,2.0,0.0,2.0,1.0,0.0,2.0,0.0,0.0,0.0,1.0,,0,0,0,False,0.0,2.0,4.0,22.0,0.0,5,33.0,Medium,Medium,1 high-risk IAM events; 2 malware alerts; 1 credential-access alerts; 2 PowerShell alerts
EMP12179,bhavika_naidu97,Sales,Officer,Disabled,1,0,7.0,0.0,3,0.0,28.4,53.0,1.0,2.0,3.0,0.0,2.0,0.0,1.0,0.0,0.0,1.0,1.0,0.0,0.0,1.0,2025-12-07 00:00:00,5,3,8,True,4.5,0.0,4.0,13.0,10.0,0,31.5,Medium,Medium,1 malware alerts; 1 PowerShell alerts; 1 security-tampering alerts; 8 events after identity termination
EMP12180,anika.gill48,Marketing,Trainee,Inactive,1,0,10.0,1.0,1,3.0,68.8,99.0,1.0,8.0,2.0,0.0,2.0,0.0,2.0,0.0,0.0,0.0,0.0,0.0,1.0,1.0,2022-04-19 15:30:00,9,2,11,True,2.5,6.0,4.0,12.0,10.0,0,34.5,Medium,Medium,1 failed authentication events; 3 high-risk IAM events; 2 malware alerts; 11 events after identity termination
EMP12181,hemal.kohli58,Marketing,Officer,Active,1,1,2.0,0.0,1,1.0,47.0,80.0,1.0,2.0,2.0,1.0,0.0,0.0,1.0,0.0,1.0,0.0,1.0,0.0,0.0,1.0,,0,0,0,False,1.5,2.0,5.0,16.0,0.0,5,29.5,Medium,Medium,1 high-risk IAM events; 1 malware alerts; 1 lateral-movement alerts; 1 security-tampering alerts; 1 critical endpoint alerts
EMP12182,ojas.din58,R&D,Director,Active,1,0,6.0,2.0,4,2.0,55.6,85.0,1.0,2.0,2.0,0.0,0.0,0.0,0.0,0.0,0.0,0.0,0.0,1.0,1.0,1.0,,0,0,0,False,8.0,4.0,0.0,1.0,0.0,0,13.0,Low,Low,"elevated authentication risk (2 failed auth, 4 MFA failures); 2 high-risk IAM events"
EMP12183,faris.rama22,R&D,Executive,Active,1,1,6.0,0.0,1,3.0,66.5,87.0,1.0,4.0,1.0,0.0,0.0,0.0,0.0,0.0,0.0,1.0,0.0,0.0,0.0,1.0,,0,0,0,False,1.5,6.0,0.0,3.0,0.0,0,10.5,Low,Low,3 high-risk IAM events; 1 PowerShell alerts
EMP12184,manan_sharaf61,Operations,Analyst,Disabled,1,1,4.0,1.0,1,1.0,59.0,98.0,1.0,3.0,2.0,0.0,0.0,0.0,1.0,0.0,0.0,1.0,0.0,0.0,0.0,1.0,2023-11-12 10:47:44,3,2,5,True,2.5,2.0,0.0,9.0,10.0,0,23.5,Low,Low,1 failed authentication events; 1 high-risk IAM events; 1 malware alerts; 1 PowerShell alerts; 5 events after identity termination
EMP12185,anmol.bali6,Brand,Consultant,Active,1,1,4.0,1.0,2,1.0,55.33,80.0,1.0,1.0,0.0,0.0,0.0,0.0,0.0,0.0,0.0,0.0,0.0,0.0,0.0,0.0,,0,0,0,False,4.0,2.0,0.0,0.0,0.0,0,6.0,Low,Low,1 failed authentication events; 1 high-risk IAM events
EMP12186,yashvi.vasa30,Operations,Officer,Active,0,1,6.0,1.0,1,0.0,35.25,67.0,1.0,4.0,4.0,0.0,2.0,0.0,4.0,0.0,0.0,1.0,0.0,0.0,1.0,1.0,,0,0,0,False,2.5,0.0,4.0,15.0,0.0,0,21.5,Low,Low,1 failed authentication events; 4 malware alerts; 1 PowerShell alerts
EMP12187,frado.nigam40,IT,Analyst,Active,1,1,2.0,0.0,1,1.0,45.5,78.0,1.0,2.0,6.0,0.0,0.0,0.0,4.0,0.0,0.0,1.0,0.0,2.0,0.0,2.0,,0,0,0,False,1.5,2.0,0.0,17.0,0.0,0,20.5,Low,Low,1 high-risk IAM events; 4 malware alerts; 1 PowerShell alerts
EMP12188,sai.puri51,R&D,Trainee,Inactive,1,1,5.0,1.0,1,2.0,61.0,91.0,1.0,2.0,2.0,0.0,1.0,0.0,0.0,1.0,1.0,0.0,0.0,0.0,0.0,1.0,2024-05-06 23:05:00,2,2,4,True,2.5,4.0,2.0,12.0,10.0,0,30.5,Medium,Medium,1 failed authentication events; 2 high-risk IAM events; 1 credential-access alerts; 1 lateral-movement alerts; 4 events after identity termination
EMP12189,,Operations,Administrator,Disabled,1,0,4.0,1.0,1,0.0,30.0,42.0,1.0,2.0,1.0,0.0,0.0,0.0,1.0,0.0,0.0,0.0,0.0,0.0,0.0,1.0,2024-11-11 19:47:19,3,1,4,True,2.5,0.0,0.0,6.0,10.0,0,18.5,Low,Low,1 failed authentication events; 1 malware alerts; 4 events after identity termination
EMP12190,amrita.bhagat78,Procurement,Engineer,Active,1,1,6.0,1.0,4,2.0,63.5,80.0,1.0,4.0,0.0,0.0,0.0,0.0,0.0,0.0,0.0,0.0,0.0,0.0,0.0,0.0,,0,0,0,False,7.0,4.0,0.0,0.0,0.0,0,11.0,Low,Low,1 failed authentication events; 2 high-risk IAM events
EMP12191,varsha.sekhon93,Operations,Engineer,Active,1,1,3.0,1.0,1,1.0,69.33,78.0,1.0,0.0,4.0,0.0,0.0,0.0,2.0,0.0,0.0,2.0,0.0,0.0,0.0,1.0,,0,0,0,False,2.5,2.0,0.0,16.0,0.0,0,20.5,Low,Low,1 failed authentication events; 1 high-risk IAM events; 2 malware alerts; 2 PowerShell alerts
EMP12192,raksha.narain66,Marketing,Officer,Active,1,1,3.0,0.0,1,0.0,44.5,62.0,1.0,1.0,1.0,0.0,0.0,0.0,1.0,0.0,0.0,0.0,1.0,0.0,0.0,1.0,,0,0,0,False,1.5,0.0,0.0,10.0,0.0,0,11.5,Low,Low,1 malware alerts; 1 security-tampering alerts
EMP12193,raagini.palla68,Customer Support,Executive,Active,1,1,8.0,4.0,1,2.0,48.75,78.0,1.0,3.0,6.0,1.0,0.0,1.0,1.0,2.0,1.0,0.0,1.0,1.0,1.0,2.0,,0,0,0,False,5.5,4.0,5.0,25.0,2.0,10,51.5,High,High,4 failed authentication events; 2 high-risk IAM events; 1 malware alerts; 2 credential-access alerts; 1 lateral-movement alerts; 1 security-tampering alerts; 1 critical endpoint alerts; 1 unresolved critical alerts
EMP12194,waida.dyal18,R&D,Manager,Active,1,1,4.0,1.0,1,0.0,48.0,63.0,1.0,3.0,2.0,0.0,0.0,0.0,1.0,0.0,0.0,2.0,2.0,0.0,0.0,1.0,,0,0,0,False,2.5,0.0,0.0,15.0,0.0,0,17.5,Low,Low,1 failed authentication events; 1 malware alerts; 2 PowerShell alerts; 2 security-tampering alerts
EMP12195,balendra.jha12,Procurement,Officer,Active,1,1,5.0,2.0,2,2.0,71.33,95.0,1.0,4.0,4.0,0.0,0.0,0.0,3.0,0.0,1.0,0.0,0.0,0.0,0.0,1.0,,0,0,0,False,5.0,4.0,0.0,18.0,0.0,5,32.0,Medium,Medium,2 failed authentication events; 2 high-risk IAM events; 3 malware alerts; 1 lateral-movement alerts
EMP12196,vedika_loke72,Sales,Specialist,Active,1,1,5.0,1.0,2,1.0,45.0,94.0,1.0,2.0,0.0,0.0,0.0,0.0,0.0,0.0,0.0,0.0,0.0,0.0,0.0,0.0,,0,0,0,False,4.0,2.0,0.0,0.0,0.0,0,6.0,Low,Low,1 failed authentication events; 1 high-risk IAM events
EMP12197,qasim.rout20,People,Officer,Inactive,1,1,6.0,2.0,2,3.0,77.75,94.0,1.0,4.0,5.0,0.0,1.0,0.0,1.0,1.0,1.0,2.0,0.0,0.0,0.0,1.0,,0,0,0,False,5.0,6.0,2.0,22.0,0.0,10,45.0,Medium,Medium,2 failed authentication events; 3 high-risk IAM events; 1 malware alerts; 1 credential-access alerts; 1 lateral-movement alerts; 2 PowerShell alerts
EMP12198,abhiram.bhatt67,Customer Support,Analyst,Inactive,1,1,3.0,0.0,0,0.0,30.0,31.0,1.0,3.0,2.0,0.0,0.0,0.0,1.0,0.0,0.0,1.0,0.0,0.0,0.0,1.0,2021-10-22 10:01:15,3,2,5,True,0.0,0.0,0.0,9.0,10.0,0,19.0,Low,Low,1 malware alerts; 1 PowerShell alerts; 5 events after identity termination
EMP12199,deepa.verma2,Finance,Engineer,Active,1,1,4.0,2.0,3,1.0,70.0,70.0,1.0,2.0,3.0,1.0,1.0,1.0,2.0,0.0,0.0,0.0,1.0,0.0,0.0,1.0,,0,0,0,False,6.5,2.0,7.0,16.0,2.0,0,33.5,Medium,Medium,2 failed authentication events; 1 high-risk IAM events; 2 malware alerts; 1 security-tampering alerts; 1 critical endpoint alerts; 1 unresolved critical alerts
EMP12200,yatan.panchal49,Human Resources,Analyst,Active,1,1,6.0,2.0,1,1.0,39.6,76.0,1.0,3.0,1.0,0.0,0.0,0.0,1.0,0.0,0.0,0.0,0.0,0.0,0.0,1.0,,0,0,0,False,3.5,2.0,0.0,6.0,0.0,0,11.5,Low,Low,2 failed authentication events; 1 high-risk IAM events; 1 malware alerts
EMP12201,,Innovation,Director,Active,1,1,4.0,1.0,4,0.0,63.33,68.0,1.0,1.0,3.0,0.0,0.0,0.0,0.0,0.0,3.0,0.0,1.0,0.0,0.0,1.0,,0,0,0,False,7.0,0.0,0.0,12.0,0.0,0,19.0,Low,Low,1 failed authentication events; 3 lateral-movement alerts; 1 security-tampering alerts
EMP12202,upma.kohli12,Marketing,Analyst,Active,1,1,6.0,1.0,2,1.0,58.25,84.0,1.0,3.0,5.0,1.0,1.0,1.0,1.0,1.0,1.0,0.0,0.0,1.0,1.0,2.0,,0,0,0,False,4.0,2.0,7.0,19.0,2.0,10,44.0,Medium,Medium,1 failed authentication events; 1 high-risk IAM events; 1 malware alerts; 1 credential-access alerts; 1 lateral-movement alerts; 1 critical endpoint alerts; 1 unresolved critical alerts
EMP12203,yashodhara.de11,Procurement,Officer,Active,1,1,3.0,0.0,1,1.0,40.0,79.0,1.0,2.0,1.0,0.0,0.0,0.0,0.0,0.0,0.0,0.0,0.0,1.0,0.0,1.0,,0,0,0,False,1.5,2.0,0.0,1.0,0.0,0,4.5,Low,Low,1 high-risk IAM events
EMP12204,upasna_batra71,Finance,Engineer,Inactive,1,1,4.0,3.0,4,1.0,61.5,80.0,1.0,1.0,2.0,0.0,0.0,0.0,2.0,0.0,0.0,0.0,0.0,0.0,0.0,1.0,2026-06-12 07:34:00,4,2,6,True,9.0,2.0,0.0,12.0,10.0,5,38.0,Medium,Medium,"elevated authentication risk (3 failed auth, 4 MFA failures); 1 high-risk IAM events; 2 malware alerts; 6 events after identity termination"
EMP12205,avni.sani5,IT,Engineer,Disabled,1,1,4.0,1.0,2,0.0,40.0,61.0,1.0,3.0,1.0,0.0,1.0,0.0,1.0,0.0,0.0,0.0,0.0,0.0,0.0,1.0,,0,0,0,False,4.0,0.0,2.0,6.0,0.0,0,12.0,Low,Low,1 failed authentication events; 1 malware alerts
EMP12206,utkarsh.mittal36,Operations,Specialist,Active,1,1,7.0,2.0,2,2.0,64.25,97.0,1.0,3.0,4.0,0.0,1.0,0.0,1.0,0.0,1.0,0.0,2.0,1.0,0.0,1.0,,0,0,0,False,5.0,4.0,2.0,18.0,0.0,5,34.0,Medium,Medium,2 failed authentication events; 2 high-risk IAM events; 1 malware alerts; 1 lateral-movement alerts; 2 security-tampering alerts
EMP12207,yutika.dugar86,Legal,Director,Active,1,0,6.0,2.0,4,0.0,51.33,64.0,1.0,4.0,1.0,0.0,0.0,0.0,1.0,0.0,0.0,0.0,0.0,0.0,0.0,1.0,,0,0,0,False,8.0,0.0,0.0,6.0,0.0,5,19.0,Low,Low,"elevated authentication risk (2 failed auth, 4 MFA failures); 1 malware alerts"
EMP12208,sarthak_zacharia39,Human Resources,Manager,Active,1,1,4.0,0.0,0,0.0,37.5,45.0,1.0,3.0,3.0,1.0,0.0,0.0,0.0,0.0,0.0,1.0,0.0,2.0,0.0,1.0,,0,0,0,False,0.0,0.0,5.0,5.0,0.0,0,10.0,Low,Low,1 PowerShell alerts; 1 critical endpoint alerts
EMP12209,gaurang.pathak52,Supply Chain,Specialist,Active,1,1,5.0,1.0,1,3.0,78.75,90.0,1.0,3.0,3.0,1.0,1.0,0.0,1.0,0.0,2.0,0.0,0.0,0.0,0.0,1.0,,0,0,0,False,2.5,6.0,7.0,14.0,0.0,5,34.5,Medium,Medium,1 failed authentication events; 3 high-risk IAM events; 1 malware alerts; 2 lateral-movement alerts; 1 critical endpoint alerts
EMP12210,sarthak.dhillon72,Sales,Director,Active,1,1,5.0,1.0,3,0.0,55.67,60.0,1.0,3.0,4.0,1.0,1.0,1.0,2.0,0.0,1.0,1.0,1.0,0.0,1.0,1.0,,0,0,0,False,5.5,0.0,7.0,25.0,2.0,5,44.5,Medium,Medium,1 failed authentication events; 2 malware alerts; 1 lateral-movement alerts; 1 PowerShell alerts; 1 security-tampering alerts; 1 critical endpoint alerts; 1 unresolved critical alerts
EMP12211,samar.bal73,Procurement,Specialist,Active,1,1,4.0,2.0,1,0.0,26.25,49.0,1.0,2.0,2.0,0.0,1.0,0.0,1.0,1.0,0.0,0.0,0.0,0.0,0.0,1.0,,0,0,0,False,3.5,0.0,2.0,12.0,0.0,5,22.5,Low,Low,2 failed authentication events; 1 malware alerts; 1 credential-access alerts
EMP12212,matthew.bath56,Customer Support,Officer,Active,1,1,7.0,2.0,3,2.0,57.6,98.0,1.0,4.0,1.0,1.0,0.0,1.0,1.0,0.0,0.0,0.0,0.0,0.0,0.0,1.0,,0,0,0,False,6.5,4.0,5.0,6.0,2.0,0,23.5,Low,Low,2 failed authentication events; 2 high-risk IAM events; 1 malware alerts; 1 critical endpoint alerts; 1 unresolved critical alerts
EMP12213,vidhi.sabharwal85,R&D,Specialist,Active,1,1,7.0,0.0,2,2.0,54.6,88.0,1.0,5.0,4.0,0.0,0.0,0.0,1.0,1.0,1.0,0.0,0.0,1.0,0.0,2.0,,0,0,0,False,3.0,4.0,0.0,19.0,0.0,10,36.0,Medium,Medium,2 high-risk IAM events; 1 malware alerts; 1 credential-access alerts; 1 lateral-movement alerts
EMP12214,samuel.acharya59,People,Specialist,Active,1,0,4.0,0.0,0,1.0,43.33,76.0,1.0,2.0,2.0,0.0,1.0,0.0,0.0,1.0,0.0,0.0,0.0,0.0,0.0,1.0,,0,0,0,False,0.0,2.0,2.0,6.0,0.0,0,10.0,Low,Low,1 high-risk IAM events; 1 credential-access alerts
EMP12215,osha.butala17,Compliance,Consultant,Active,1,0,7.0,2.0,4,2.0,50.6,99.0,1.0,4.0,1.0,0.0,0.0,0.0,0.0,0.0,0.0,0.0,0.0,0.0,0.0,1.0,,0,0,0,False,8.0,4.0,0.0,0.0,0.0,0,12.0,Low,Low,"elevated authentication risk (2 failed auth, 4 MFA failures); 2 high-risk IAM events"
EMP12216,urvashi.handa11,Customer Support,Analyst,Inactive,1,1,5.0,1.0,1,2.0,88.0,96.0,1.0,3.0,2.0,0.0,1.0,0.0,0.0,0.0,0.0,0.0,0.0,0.0,0.0,1.0,2023-09-10 00:00:00,5,2,7,True,2.5,4.0,2.0,0.0,10.0,0,18.5,Low,Low,1 failed authentication events; 2 high-risk IAM events; 7 events after identity termination
EMP12217,hiral.bobal16,R&D,Trainee,Active,1,1,2.0,0.0,0,0.0,32.0,37.0,1.0,2.0,1.0,0.0,1.0,0.0,1.0,0.0,0.0,0.0,0.0,0.0,0.0,1.0,,0,0,0,False,0.0,0.0,2.0,6.0,0.0,0,8.0,Low,Low,1 malware alerts
EMP12218,lakshmi.nigam78,Finance,Manager,Disabled,1,1,6.0,1.0,4,0.0,33.0,59.0,1.0,2.0,5.0,1.0,2.0,1.0,2.0,0.0,0.0,2.0,1.0,0.0,1.0,2.0,2026-01-30 15:01:00,5,4,9,True,7.0,0.0,9.0,20.0,12.0,0,48.0,Medium,Medium,1 failed authentication events; 2 malware alerts; 2 PowerShell alerts; 1 security-tampering alerts; 1 critical endpoint alerts; 9 events after identity termination; 1 unresolved critical alerts
EMP12219,dalaja.lata76,Compliance,Executive,Active,1,1,8.0,4.0,5,3.0,49.14,95.0,1.0,4.0,5.0,1.0,0.0,1.0,2.0,0.0,2.0,1.0,0.0,0.0,0.0,1.0,,0,0,0,False,11.5,6.0,5.0,23.0,2.0,10,57.5,High,High,"elevated authentication risk (4 failed auth, 5 MFA failures); 3 high-risk IAM events; 2 malware alerts; 2 lateral-movement alerts; 1 PowerShell alerts; 1 critical endpoint alerts; 1 unresolved critical alerts"
EMP12220,adweta.rastogi43,Customer Support,Specialist,Disabled,1,1,8.0,4.0,3,2.0,54.17,100.0,1.0,7.0,2.0,1.0,0.0,1.0,0.0,0.0,1.0,0.0,0.0,0.0,0.0,1.0,2025-05-13 18:00:16,8,2,10,True,8.5,4.0,5.0,6.0,12.0,5,40.5,Medium,Medium,"elevated authentication risk (4 failed auth, 3 MFA failures); 2 high-risk IAM events; 1 lateral-movement alerts; 1 critical endpoint alerts; 10 events after identity termination; 1 unresolved critical alerts"
EMP12221,faris.shukla14,Customer Support,Consultant,Active,0,1,6.0,1.0,0,2.0,59.0,98.0,1.0,3.0,1.0,0.0,0.0,0.0,0.0,1.0,0.0,0.0,1.0,0.0,0.0,1.0,,0,0,0,False,1.0,4.0,0.0,10.0,0.0,0,15.0,Low,Low,1 failed authentication events; 2 high-risk IAM events; 1 credential-access alerts; 1 security-tampering alerts
EMP12222,nidra.garde65,Finance,Analyst,Active,1,1,7.0,1.0,2,1.0,28.75,74.0,1.0,5.0,5.0,0.0,0.0,0.0,0.0,2.0,1.0,0.0,0.0,2.0,0.0,1.0,,0,0,0,False,4.0,2.0,0.0,16.0,0.0,0,22.0,Low,Low,1 failed authentication events; 1 high-risk IAM events; 2 credential-access alerts; 1 lateral-movement alerts
EMP12223,nidra.bhagat91,Procurement,Analyst,Active,1,1,6.0,1.0,2,3.0,80.0,96.0,1.0,4.0,1.0,0.0,0.0,0.0,0.0,0.0,0.0,1.0,0.0,0.0,0.0,1.0,,0,0,0,False,4.0,6.0,0.0,3.0,0.0,0,13.0,Low,Low,1 failed authentication events; 3 high-risk IAM events; 1 PowerShell alerts
EMP12224,qushi.shenoy44,Legal,Administrator,Active,1,1,8.0,2.0,3,2.0,53.4,96.0,1.0,3.0,2.0,0.0,2.0,0.0,0.0,0.0,1.0,1.0,1.0,0.0,0.0,1.0,,0,0,0,False,6.5,4.0,4.0,13.0,0.0,0,27.5,Medium,Medium,2 failed authentication events; 2 high-risk IAM events; 1 lateral-movement alerts; 1 PowerShell alerts; 1 security-tampering alerts
EMP12225,pavani.memon61,Finance,Officer,Active,1,1,5.0,1.0,2,2.0,60.5,86.0,1.0,2.0,7.0,0.0,2.0,0.0,4.0,0.0,0.0,2.0,1.0,0.0,0.0,2.0,,0,0,0,False,4.0,4.0,4.0,20.0,0.0,0,32.0,Medium,Medium,1 failed authentication events; 2 high-risk IAM events; 4 malware alerts; 2 PowerShell alerts; 1 security-tampering alerts
EMP12226,udant.palla36,IT,Analyst,Active,1,0,1.0,0.0,0,1.0,74.0,74.0,1.0,1.0,4.0,0.0,1.0,0.0,1.0,0.0,2.0,0.0,0.0,0.0,0.0,1.0,,0,0,0,False,0.0,2.0,2.0,14.0,0.0,5,23.0,Low,Low,1 high-risk IAM events; 1 malware alerts; 2 lateral-movement alerts
EMP12227,sanaya.korpal34,R&D,Engineer,Active,1,1,8.0,3.0,4,2.0,51.83,85.0,1.0,4.0,1.0,0.0,0.0,0.0,0.0,0.0,1.0,1.0,0.0,0.0,0.0,1.0,,0,0,0,False,9.0,4.0,0.0,9.0,0.0,5,27.0,Medium,Medium,"elevated authentication risk (3 failed auth, 4 MFA failures); 2 high-risk IAM events; 1 lateral-movement alerts; 1 PowerShell alerts"
EMP12228,falguni.thaman99,Operations,Analyst,Disabled,1,1,2.0,0.0,2,0.0,19.0,19.0,1.0,2.0,2.0,0.0,0.0,0.0,1.0,0.0,0.0,1.0,0.0,0.0,0.0,1.0,2026-05-21 09:56:54,2,2,4,True,3.0,0.0,0.0,9.0,10.0,0,22.0,Low,Low,1 malware alerts; 1 PowerShell alerts; 4 events after identity termination
EMP12229,kritika.chakraborty12,People,Specialist,Active,1,1,1.0,1.0,0,0.0,0.0,0.0,1.0,1.0,4.0,0.0,2.0,0.0,2.0,0.0,0.0,1.0,0.0,1.0,1.0,1.0,,0,0,0,False,1.0,0.0,4.0,16.0,0.0,0,21.0,Low,Low,1 failed authentication events; 2 malware alerts; 1 PowerShell alerts
EMP12230,chakradev.loyal14,Human Resources,Consultant,Active,1,1,7.0,0.0,0,1.0,54.0,88.0,1.0,4.0,1.0,0.0,0.0,0.0,1.0,0.0,0.0,0.0,0.0,0.0,0.0,1.0,,0,0,0,False,0.0,2.0,0.0,6.0,0.0,0,8.0,Low,Low,1 high-risk IAM events; 1 malware alerts
EMP12231,bhavika.kala57,IT,Specialist,Active,1,0,7.0,2.0,3,3.0,71.2,100.0,1.0,5.0,4.0,0.0,0.0,0.0,2.0,1.0,0.0,0.0,0.0,0.0,0.0,2.0,,0,0,0,False,6.5,6.0,0.0,18.0,0.0,8,38.5,Medium,Medium,2 failed authentication events; 3 high-risk IAM events; 2 malware alerts; 1 credential-access alerts
EMP12232,,Operations,Analyst,Inactive,1,1,3.0,1.0,2,1.0,64.33,75.0,1.0,2.0,2.0,0.0,2.0,0.0,0.0,0.0,0.0,0.0,1.0,1.0,0.0,1.0,2026-08-19 09:57:38,0,0,0,False,4.0,2.0,4.0,5.0,0.0,0,15.0,Low,Low,1 failed authentication events; 1 high-risk IAM events; 1 security-tampering alerts
EMP12233,manan.apte72,Operations,Administrator,Disabled,1,1,4.0,4.0,3,1.0,77.0,85.0,1.0,0.0,2.0,0.0,1.0,0.0,2.0,0.0,0.0,1.0,0.0,0.0,0.0,1.0,,0,0,0,False,8.5,2.0,2.0,15.0,0.0,5,32.5,Medium,Medium,"elevated authentication risk (4 failed auth, 3 MFA failures); 1 high-risk IAM events; 2 malware alerts; 1 PowerShell alerts"
EMP12234,tristan.ravi53,Operations,Executive,Inactive,1,1,3.0,1.0,2,0.0,24.67,31.0,1.0,1.0,4.0,2.0,0.0,1.0,0.0,1.0,0.0,1.0,0.0,1.0,0.0,1.0,,0,0,0,False,4.0,0.0,10.0,10.0,2.0,0,26.0,Medium,Medium,1 failed authentication events; 1 credential-access alerts; 1 PowerShell alerts; 2 critical endpoint alerts; 1 unresolved critical alerts
EMP12235,pahal_pingle94,Human Resources,Specialist,Inactive,1,1,13.0,5.0,9,2.0,55.75,96.0,1.0,6.0,0.0,0.0,0.0,0.0,0.0,0.0,0.0,0.0,0.0,0.0,0.0,0.0,2025-05-09 23:33:46,12,0,12,True,15.0,4.0,0.0,0.0,10.0,0,29.0,Medium,Medium,"elevated authentication risk (5 failed auth, 9 MFA failures); 2 high-risk IAM events; 12 events after identity termination"
EMP12236,faris.garde11,Sales,Manager,Active,1,1,2.0,1.0,1,1.0,84.0,84.0,1.0,0.0,2.0,0.0,1.0,0.0,1.0,1.0,0.0,0.0,0.0,0.0,0.0,1.0,,0,0,0,False,2.5,2.0,2.0,12.0,0.0,5,23.5,Low,Low,1 failed authentication events; 1 high-risk IAM events; 1 malware alerts; 1 credential-access alerts
EMP12237,,Supply Chain,Director,Active,0,1,5.0,0.0,1,0.0,35.0,68.0,1.0,3.0,3.0,0.0,0.0,0.0,2.0,0.0,1.0,0.0,0.0,0.0,0.0,1.0,,0,0,0,False,1.5,0.0,0.0,18.0,0.0,5,24.5,Medium,Medium,2 malware alerts; 1 lateral-movement alerts
EMP12238,chatura.sahni94,Operations,Trainee,Active,1,0,3.0,1.0,1,1.0,56.0,86.0,1.0,1.0,3.0,0.0,1.0,0.0,0.0,0.0,0.0,2.0,0.0,1.0,1.0,1.0,,0,0,0,False,2.5,2.0,2.0,5.0,0.0,0,11.5,Low,Low,1 failed authentication events; 1 high-risk IAM events; 2 PowerShell alerts
EMP12239,zilmil.minhas52,Brand,Officer,Active,1,1,6.0,2.0,3,1.0,42.83,98.0,1.0,4.0,3.0,1.0,1.0,0.0,1.0,1.0,0.0,0.0,0.0,0.0,0.0,1.0,,0,0,0,False,6.5,2.0,7.0,12.0,0.0,5,32.5,Medium,Medium,2 failed authentication events; 1 high-risk IAM events; 1 malware alerts; 1 credential-access alerts; 1 critical endpoint alerts
EMP12240,ucchal.choudhary33,Marketing,Officer,Active,1,1,4.0,0.0,0,0.0,43.5,69.0,1.0,3.0,0.0,0.0,0.0,0.0,0.0,0.0,0.0,0.0,0.0,0.0,0.0,0.0,,0,0,0,False,0.0,0.0,0.0,0.0,0.0,0,0.0,Low,Low,No high-priority risk drivers
EMP12241,charvi.khare49,Marketing,Director,Active,1,1,12.0,2.0,2,5.0,63.0,99.0,1.0,5.0,3.0,1.0,0.0,1.0,2.0,0.0,0.0,1.0,0.0,0.0,0.0,1.0,,0,0,0,False,5.0,10.0,5.0,15.0,2.0,0,37.0,Medium,Medium,2 failed authentication events; 5 high-risk IAM events; 2 malware alerts; 1 PowerShell alerts; 1 critical endpoint alerts; 1 unresolved critical alerts
EMP12242,adya_deep36,IT,Director,Active,1,1,1.0,0.0,0,0.0,37.0,37.0,1.0,1.0,1.0,0.0,0.0,0.0,1.0,0.0,0.0,0.0,0.0,0.0,0.0,1.0,,0,0,0,False,0.0,0.0,0.0,6.0,0.0,0,6.0,Low,Low,1 malware alerts
EMP12243,pratyush.thaman21,Sales,Specialist,Active,0,1,6.0,2.0,2,0.0,35.75,55.0,1.0,4.0,3.0,0.0,2.0,0.0,2.0,1.0,0.0,0.0,1.0,0.0,0.0,2.0,,0,0,0,False,5.0,0.0,4.0,22.0,0.0,5,36.0,Medium,Medium,2 failed authentication events; 2 malware alerts; 1 credential-access alerts; 1 security-tampering alerts
EMP12244,ekiya_andra99,Operations,Manager,Active,1,1,2.0,1.0,1,0.0,0.0,0.0,1.0,1.0,2.0,0.0,0.0,0.0,1.0,0.0,0.0,0.0,0.0,1.0,0.0,1.0,,0,0,0,False,2.5,0.0,0.0,7.0,0.0,0,9.5,Low,Low,1 failed authentication events; 1 malware alerts
EMP12245,hitesh.kadakia14,Sales,Manager,Active,1,1,3.0,0.0,1,1.0,44.0,82.0,1.0,1.0,3.0,0.0,1.0,0.0,0.0,0.0,1.0,0.0,0.0,1.0,1.0,2.0,,0,0,0,False,1.5,2.0,2.0,7.0,0.0,0,12.5,Low,Low,1 high-risk IAM events; 1 lateral-movement alerts
EMP12246,unni.hayer3,Finance,Consultant,Active,1,1,9.0,6.0,5,2.0,39.12,98.0,1.0,4.0,2.0,1.0,0.0,0.0,1.0,1.0,0.0,0.0,0.0,0.0,1.0,1.0,,0,0,0,False,13.5,4.0,5.0,12.0,0.0,10,44.5,Medium,Medium,"elevated authentication risk (6 failed auth, 5 MFA failures); 2 high-risk IAM events; 1 malware alerts; 1 credential-access alerts; 1 critical endpoint alerts"
EMP12247,tanish.dasgupta22,IT,Director,Inactive,1,1,7.0,1.0,2,2.0,64.25,91.0,1.0,2.0,3.0,2.0,1.0,1.0,1.0,1.0,0.0,1.0,1.0,0.0,0.0,1.0,2026-08-24 03:17:58,2,1,3,True,4.0,4.0,12.0,19.0,11.0,5,55.0,High,High,1 failed authentication events; 2 high-risk IAM events; 1 malware alerts; 1 credential-access alerts; 1 PowerShell alerts; 1 security-tampering alerts; 2 critical endpoint alerts; 3 events after identity termination; 1 unresolved critical alerts
EMP12248,darsh.choudhry88,Finance,Analyst,Active,1,1,9.0,2.0,4,2.0,57.62,97.0,1.0,3.0,5.0,1.0,0.0,1.0,2.0,0.0,2.0,1.0,0.0,0.0,0.0,1.0,,0,0,0,False,8.0,4.0,5.0,23.0,2.0,10,52.0,High,High,"elevated authentication risk (2 failed auth, 4 MFA failures); 2 high-risk IAM events; 2 malware alerts; 2 lateral-movement alerts; 1 PowerShell alerts; 1 critical endpoint alerts; 1 unresolved critical alerts"
EMP12249,hemal.naik73,Operations,Analyst,Active,1,1,6.0,3.0,2,3.0,70.0,95.0,1.0,5.0,2.0,0.0,1.0,0.0,0.0,0.0,0.0,0.0,0.0,0.0,0.0,1.0,,0,0,0,False,6.0,6.0,2.0,0.0,0.0,0,14.0,Low,Low,3 failed authentication events; 3 high-risk IAM events
EMP12250,jyoti.rajagopal11,Operations,Manager,Inactive,1,1,3.0,1.0,1,1.0,41.0,76.0,1.0,2.0,2.0,0.0,0.0,0.0,0.0,1.0,0.0,1.0,0.0,0.0,0.0,1.0,,0,0,0,False,2.5,2.0,0.0,9.0,0.0,0,13.5,Low,Low,1 failed authentication events; 1 high-risk IAM events; 1 credential-access alerts; 1 PowerShell alerts
EMP12251,isaac.rajagopal76,Marketing,Trainee,Active,1,1,8.0,1.0,3,3.0,58.38,96.0,1.0,5.0,2.0,0.0,2.0,0.0,1.0,0.0,0.0,1.0,0.0,0.0,0.0,1.0,,0,0,0,False,5.5,6.0,4.0,9.0,0.0,3,27.5,Medium,Medium,1 failed authentication events; 3 high-risk IAM events; 1 malware alerts; 1 PowerShell alerts
EMP12252,advay.ray64,Human Resources,Trainee,Active,1,0,4.0,2.0,2,0.0,52.0,54.0,1.0,2.0,1.0,0.0,0.0,0.0,1.0,0.0,0.0,0.0,0.0,0.0,0.0,1.0,,0,0,0,False,5.0,0.0,0.0,6.0,0.0,0,11.0,Low,Low,2 failed authentication events; 1 malware alerts
EMP12253,hitesh.dani91,Supply Chain,Consultant,Active,1,1,11.0,1.0,4,2.0,46.22,93.0,1.0,4.0,4.0,1.0,1.0,1.0,3.0,0.0,0.0,1.0,3.0,1.0,0.0,1.0,,0,0,0,False,7.0,4.0,7.0,21.0,2.0,0,41.0,Medium,Medium,1 failed authentication events; 2 high-risk IAM events; 3 malware alerts; 1 PowerShell alerts; 3 security-tampering alerts; 1 critical endpoint alerts; 1 unresolved critical alerts
EMP12254,harini.ram37,Procurement,Engineer,Active,1,1,61.0,14.0,18,18.0,55.57,100.0,1.0,36.0,2.0,0.0,0.0,0.0,0.0,1.0,0.0,0.0,0.0,1.0,0.0,1.0,,0,0,0,False,20.0,20.0,0.0,7.0,0.0,8,55.0,High,High,"elevated authentication risk (14 failed auth, 18 MFA failures); 18 high-risk IAM events; 1 credential-access alerts"
EMP12255,ekbal.vaidya45,Finance,Analyst,Active,1,0,8.0,2.0,3,1.0,53.8,86.0,1.0,6.0,2.0,0.0,0.0,0.0,0.0,0.0,0.0,0.0,0.0,1.0,0.0,1.0,,0,0,0,False,6.5,2.0,0.0,1.0,0.0,0,9.5,Low,Low,2 failed authentication events; 1 high-risk IAM events
EMP12256,charvi.mannan37,Human Resources,Manager,Active,1,1,7.0,2.0,3,0.0,29.25,66.0,1.0,2.0,2.0,0.0,0.0,0.0,0.0,1.0,0.0,1.0,0.0,0.0,0.0,2.0,,0,0,0,False,6.5,0.0,0.0,9.0,0.0,0,15.5,Low,Low,2 failed authentication events; 1 credential-access alerts; 1 PowerShell alerts
EMP12257,hritik.deo84,Operations,Specialist,Active,1,1,5.0,2.0,1,2.0,59.4,91.0,1.0,5.0,2.0,0.0,0.0,0.0,2.0,0.0,0.0,0.0,0.0,0.0,1.0,1.0,,0,0,0,False,3.5,4.0,0.0,12.0,0.0,0,19.5,Low,Low,2 failed authentication events; 2 high-risk IAM events; 2 malware alerts
EMP12258,megha_bal48,Procurement,Consultant,Active,1,0,9.0,5.0,4,1.0,49.5,78.0,1.0,2.0,1.0,0.0,0.0,0.0,0.0,0.0,0.0,0.0,0.0,0.0,0.0,1.0,,0,0,0,False,11.0,2.0,0.0,0.0,0.0,0,13.0,Low,Low,"elevated authentication risk (5 failed auth, 4 MFA failures); 1 high-risk IAM events"
EMP12259,yashasvi.mammen73,Procurement,Analyst,Active,1,1,9.0,4.0,4,0.0,33.71,67.0,1.0,5.0,2.0,0.0,0.0,0.0,2.0,0.0,0.0,0.0,0.0,0.0,0.0,2.0,,0,0,0,False,10.0,0.0,0.0,12.0,0.0,5,27.0,Medium,Medium,"elevated authentication risk (4 failed auth, 4 MFA failures); 2 malware alerts"
EMP12260,patrick.salvi50,R&D,Trainee,Inactive,1,1,9.0,5.0,3,2.0,57.33,84.0,1.0,4.0,2.0,0.0,1.0,0.0,1.0,0.0,0.0,0.0,0.0,1.0,0.0,1.0,,0,0,0,False,9.5,4.0,2.0,7.0,0.0,5,27.5,Medium,Medium,"elevated authentication risk (5 failed auth, 3 MFA failures); 2 high-risk IAM events; 1 malware alerts"
EMP12261,bhavya.borah17,Sales,Engineer,Active,1,1,4.0,1.0,1,0.0,25.0,33.0,1.0,4.0,2.0,0.0,0.0,0.0,0.0,0.0,0.0,1.0,1.0,1.0,0.0,1.0,,0,0,0,False,2.5,0.0,0.0,8.0,0.0,0,10.5,Low,Low,1 failed authentication events; 1 PowerShell alerts; 1 security-tampering alerts
EMP12262,damyanti_lal3,IT,Director,Active,1,1,3.0,0.0,0,0.0,56.67,64.0,1.0,3.0,1.0,0.0,1.0,0.0,1.0,0.0,0.0,1.0,1.0,0.0,0.0,1.0,,0,0,0,False,0.0,0.0,2.0,13.0,0.0,0,15.0,Low,Low,1 malware alerts; 1 PowerShell alerts; 1 security-tampering alerts
EMP12263,vamakshi.raval28,Finance,Consultant,Active,1,1,3.0,0.0,0,1.0,64.67,97.0,1.0,2.0,4.0,0.0,3.0,0.0,1.0,1.0,1.0,0.0,0.0,1.0,0.0,1.0,,0,0,0,False,0.0,2.0,5.0,19.0,0.0,10,36.0,Medium,Medium,1 high-risk IAM events; 1 malware alerts; 1 credential-access alerts; 1 lateral-movement alerts
EMP12264,yoshita.kaur51,Finance,Administrator,Active,1,1,7.0,4.0,3,3.0,64.5,99.0,1.0,4.0,2.0,1.0,0.0,1.0,1.0,0.0,1.0,0.0,0.0,0.0,0.0,1.0,,0,0,0,False,8.5,6.0,5.0,12.0,2.0,10,43.5,Medium,Medium,"elevated authentication risk (4 failed auth, 3 MFA failures); 3 high-risk IAM events; 1 malware alerts; 1 lateral-movement alerts; 1 critical endpoint alerts; 1 unresolved critical alerts"
EMP12265,charvi.saraf85,Supply Chain,Executive,Active,1,1,3.0,2.0,2,0.0,38.0,38.0,1.0,1.0,1.0,0.0,1.0,0.0,0.0,0.0,0.0,1.0,0.0,0.0,0.0,1.0,,0,0,0,False,5.0,0.0,2.0,3.0,0.0,0,10.0,Low,Low,2 failed authentication events; 1 PowerShell alerts
EMP12266,leena.sama5,Procurement,Analyst,Active,1,0,4.0,1.0,2,2.0,55.0,82.0,1.0,2.0,2.0,0.0,0.0,0.0,1.0,0.0,1.0,0.0,0.0,0.0,0.0,1.0,,0,0,0,False,4.0,4.0,0.0,12.0,0.0,5,25.0,Medium,Medium,1 failed authentication events; 2 high-risk IAM events; 1 malware alerts; 1 lateral-movement alerts
EMP12267,nandini.sabharwal70,Customer Support,Director,Active,1,0,3.0,1.0,1,1.0,37.67,72.0,1.0,3.0,6.0,1.0,1.0,0.0,1.0,2.0,0.0,1.0,0.0,2.0,0.0,2.0,,0,0,0,False,2.5,2.0,7.0,19.0,0.0,5,35.5,Medium,Medium,1 failed authentication events; 1 high-risk IAM events; 1 malware alerts; 2 credential-access alerts; 1 PowerShell alerts; 1 critical endpoint alerts
EMP12268,,Sales,Executive,Inactive,1,0,5.0,0.0,2,1.0,48.8,72.0,1.0,2.0,5.0,1.0,1.0,1.0,1.0,1.0,0.0,1.0,0.0,1.0,1.0,1.0,,0,0,0,False,3.0,2.0,7.0,16.0,2.0,5,35.0,Medium,Medium,1 high-risk IAM events; 1 malware alerts; 1 credential-access alerts; 1 PowerShell alerts; 1 critical endpoint alerts; 1 unresolved critical alerts
EMP12269,eesha_pant59,Operations,Specialist,Active,1,1,5.0,2.0,0,0.0,45.0,63.0,1.0,4.0,1.0,0.0,0.0,0.0,1.0,0.0,0.0,0.0,0.0,0.0,0.0,1.0,,0,0,0,False,2.0,0.0,0.0,6.0,0.0,0,8.0,Low,Low,2 failed authentication events; 1 malware alerts
EMP12270,isaiah.bhatti12,Finance,Specialist,Active,1,1,2.0,2.0,2,0.0,42.5,51.0,1.0,1.0,1.0,0.0,0.0,0.0,0.0,0.0,0.0,1.0,0.0,0.0,0.0,1.0,,0,0,0,False,5.0,0.0,0.0,3.0,0.0,0,8.0,Low,Low,2 failed authentication events; 1 PowerShell alerts
EMP12271,unnati.hegde31,Legal,Executive,Active,1,1,8.0,2.0,2,2.0,50.6,89.0,1.0,3.0,2.0,0.0,0.0,0.0,1.0,1.0,0.0,0.0,0.0,0.0,0.0,1.0,,0,0,0,False,5.0,4.0,0.0,12.0,0.0,5,26.0,Medium,Medium,2 failed authentication events; 2 high-risk IAM events; 1 malware alerts; 1 credential-access alerts
EMP12272,ekta.lal33,R&D,Trainee,Active,1,1,1.0,0.0,1,1.0,86.0,86.0,1.0,1.0,3.0,0.0,0.0,0.0,1.0,0.0,1.0,1.0,0.0,0.0,1.0,1.0,,0,0,0,False,1.5,2.0,0.0,15.0,0.0,5,23.5,Low,Low,1 high-risk IAM events; 1 malware alerts; 1 lateral-movement alerts; 1 PowerShell alerts
EMP12273,ekaraj.kumar45,Finance,Engineer,Active,1,1,7.0,1.0,2,1.0,42.17,84.0,1.0,6.0,4.0,0.0,1.0,0.0,3.0,0.0,1.0,1.0,1.0,0.0,0.0,1.0,,0,0,0,False,4.0,2.0,2.0,25.0,0.0,5,38.0,Medium,Medium,1 failed authentication events; 1 high-risk IAM events; 3 malware alerts; 1 lateral-movement alerts; 1 PowerShell alerts; 1 security-tampering alerts
EMP12274,praneel.sastry13,Supply Chain,Executive,Disabled,1,1,4.0,0.0,0,2.0,79.5,80.0,1.0,2.0,1.0,0.0,0.0,0.0,0.0,0.0,0.0,1.0,0.0,0.0,0.0,1.0,2026-07-09 23:05:36,4,1,5,True,0.0,4.0,0.0,3.0,10.0,0,17.0,Low,Low,2 high-risk IAM events; 1 PowerShell alerts; 5 events after identity termination
EMP12275,indrajit.chander47,Procurement,Manager,Active,0,1,9.0,3.0,3,1.0,42.11,72.0,1.0,6.0,6.0,1.0,2.0,1.0,2.0,0.0,0.0,2.0,1.0,1.0,0.0,2.0,,0,0,0,False,7.5,2.0,9.0,21.0,2.0,0,41.5,Medium,Medium,3 failed authentication events; 1 high-risk IAM events; 2 malware alerts; 2 PowerShell alerts; 1 security-tampering alerts; 1 critical endpoint alerts; 1 unresolved critical alerts
EMP12276,dev.munshi71,Customer Support,Manager,Active,1,1,5.0,0.0,1,0.0,42.2,68.0,1.0,5.0,1.0,1.0,0.0,0.0,0.0,0.0,0.0,0.0,0.0,0.0,0.0,1.0,,0,0,0,False,1.5,0.0,5.0,0.0,0.0,0,6.5,Low,Low,1 critical endpoint alerts
EMP12277,luke.puri22,Human Resources,Director,Active,1,1,4.0,0.0,0,2.0,89.0,100.0,1.0,4.0,5.0,1.0,2.0,1.0,1.0,0.0,3.0,0.0,2.0,0.0,0.0,2.0,,0,0,0,False,0.0,4.0,9.0,19.0,2.0,5,39.0,Medium,Medium,2 high-risk IAM events; 1 malware alerts; 3 lateral-movement alerts; 2 security-tampering alerts; 1 critical endpoint alerts; 1 unresolved critical alerts
EMP12278,liam.goda44,Sales,Trainee,Disabled,1,1,5.0,1.0,0,0.0,35.0,40.0,1.0,2.0,1.0,0.0,0.0,0.0,0.0,1.0,0.0,0.0,0.0,0.0,0.0,0.0,2023-10-07 03:07:43,3,1,4,True,1.0,0.0,0.0,6.0,10.0,0,17.0,Low,Low,1 failed authentication events; 1 credential-access alerts; 4 events after identity termination
EMP12279,fiyaz.talwar66,Supply Chain,Trainee,Active,1,1,5.0,1.0,2,0.0,46.0,50.0,1.0,2.0,0.0,0.0,0.0,0.0,0.0,0.0,0.0,0.0,0.0,0.0,0.0,0.0,,0,0,0,False,4.0,0.0,0.0,0.0,0.0,0,4.0,Low,Low,1 failed authentication events
EMP12280,viraj.tripathi85,Human Resources,Officer,Active,1,0,10.0,6.0,4,3.0,53.0,91.0,1.0,5.0,0.0,0.0,0.0,0.0,0.0,0.0,0.0,0.0,0.0,0.0,0.0,0.0,,0,0,0,False,12.0,11.0,0.0,0.0,0.0,3,26.0,Medium,Medium,"elevated authentication risk (6 failed auth, 4 MFA failures); 3 high-risk IAM events"
EMP12281,omkaar.mital79,Marketing,Officer,Active,1,1,4.0,1.0,0,0.0,39.0,44.0,1.0,2.0,6.0,1.0,1.0,1.0,2.0,2.0,0.0,2.0,1.0,1.0,1.0,2.0,,0,0,0,False,1.0,0.0,7.0,29.0,2.0,5,44.0,Medium,Medium,1 failed authentication events; 2 malware alerts; 2 credential-access alerts; 2 PowerShell alerts; 1 security-tampering alerts; 1 critical endpoint alerts; 1 unresolved critical alerts
EMP12282,chaitaly.prashad36,Marketing,Trainee,Active,1,1,4.0,1.0,3,1.0,58.33,96.0,1.0,2.0,3.0,0.0,2.0,0.0,0.0,1.0,0.0,0.0,0.0,0.0,1.0,1.0,,0,0,0,False,5.5,2.0,4.0,6.0,0.0,0,17.5,Low,Low,1 failed authentication events; 1 high-risk IAM events; 1 credential-access alerts
EMP12283,veer.ramanathan96,Human Resources,Manager,Active,1,0,3.0,0.0,1,0.0,47.0,53.0,1.0,1.0,4.0,1.0,2.0,1.0,1.0,2.0,1.0,0.0,0.0,0.0,0.0,1.0,,0,0,0,False,1.5,0.0,9.0,20.0,2.0,10,42.5,Medium,Medium,1 malware alerts; 2 credential-access alerts; 1 lateral-movement alerts; 1 critical endpoint alerts; 1 unresolved critical alerts
EMP12284,naksh.kala17,IT,Executive,Inactive,1,1,5.0,2.0,4,1.0,57.6,70.0,1.0,3.0,2.0,0.0,0.0,0.0,0.0,0.0,0.0,1.0,0.0,0.0,0.0,1.0,,0,0,0,False,8.0,2.0,0.0,3.0,0.0,0,13.0,Low,Low,"elevated authentication risk (2 failed auth, 4 MFA failures); 1 high-risk IAM events; 1 PowerShell alerts"
EMP12285,fariq.koshy90,Finance,Engineer,Active,1,1,10.0,2.0,4,1.0,33.89,71.0,1.0,7.0,2.0,0.0,1.0,0.0,1.0,0.0,1.0,0.0,0.0,0.0,0.0,1.0,,0,0,0,False,8.0,2.0,2.0,12.0,0.0,10,34.0,Medium,Medium,"elevated authentication risk (2 failed auth, 4 MFA failures); 1 high-risk IAM events; 1 malware alerts; 1 lateral-movement alerts"
EMP12286,nachiket.tripathi90,Human Resources,Engineer,Active,1,1,5.0,2.0,2,0.0,32.75,48.0,1.0,1.0,2.0,0.0,0.0,0.0,1.0,0.0,0.0,0.0,0.0,1.0,0.0,2.0,,0,0,0,False,5.0,0.0,0.0,7.0,0.0,0,12.0,Low,Low,2 failed authentication events; 1 malware alerts
EMP12287,vritti.rajagopalan54,Operations,Analyst,Active,1,0,5.0,1.0,4,0.0,56.0,65.0,1.0,0.0,3.0,0.0,2.0,0.0,1.0,1.0,0.0,1.0,0.0,1.0,0.0,2.0,,0,0,0,False,7.0,0.0,4.0,16.0,0.0,5,32.0,Medium,Medium,1 failed authentication events; 1 malware alerts; 1 credential-access alerts; 1 PowerShell alerts
EMP12288,vasatika.ravi8,Operations,Specialist,Active,1,1,6.0,2.0,3,0.0,34.0,55.0,1.0,1.0,3.0,0.0,1.0,0.0,2.0,1.0,0.0,0.0,0.0,0.0,0.0,1.0,,0,0,0,False,6.5,0.0,2.0,18.0,0.0,5,31.5,Medium,Medium,2 failed authentication events; 2 malware alerts; 1 credential-access alerts
EMP12289,ryan.warrior13,Procurement,Officer,Active,1,1,4.0,0.0,1,3.0,81.5,99.0,1.0,4.0,1.0,0.0,1.0,0.0,0.0,0.0,0.0,1.0,0.0,0.0,0.0,1.0,,0,0,0,False,1.5,6.0,2.0,3.0,0.0,0,12.5,Low,Low,3 high-risk IAM events; 1 PowerShell alerts
EMP12290,qadim.bedi12,Legal,Manager,Inactive,1,1,6.0,2.0,1,1.0,46.67,86.0,1.0,2.0,1.0,0.0,0.0,0.0,0.0,1.0,0.0,0.0,0.0,0.0,0.0,1.0,,0,0,0,False,3.5,2.0,0.0,6.0,0.0,0,11.5,Low,Low,2 failed authentication events; 1 high-risk IAM events; 1 credential-access alerts
EMP12291,bina.sem68,Sales,Manager,Active,1,1,6.0,1.0,3,1.0,53.67,95.0,1.0,4.0,4.0,0.0,2.0,0.0,2.0,0.0,1.0,2.0,0.0,0.0,0.0,1.0,,0,0,0,False,5.5,2.0,4.0,22.0,0.0,5,38.5,Medium,Medium,1 failed authentication events; 1 high-risk IAM events; 2 malware alerts; 1 lateral-movement alerts; 2 PowerShell alerts
EMP12292,keya.johal9,Procurement,Director,Active,1,1,2.0,0.0,0,0.0,29.5,30.0,1.0,0.0,3.0,0.0,0.0,0.0,1.0,0.0,0.0,1.0,0.0,0.0,0.0,1.0,,0,0,0,False,0.0,0.0,0.0,9.0,0.0,0,9.0,Low,Low,1 malware alerts; 1 PowerShell alerts
EMP12293,nidhi.pillai54,Innovation,Analyst,Active,0,1,2.0,0.0,1,1.0,58.5,100.0,1.0,1.0,4.0,1.0,1.0,1.0,1.0,0.0,1.0,0.0,1.0,2.0,0.0,1.0,,0,0,0,False,1.5,2.0,7.0,18.0,2.0,5,35.5,Medium,Medium,1 high-risk IAM events; 1 malware alerts; 1 lateral-movement alerts; 1 security-tampering alerts; 1 critical endpoint alerts; 1 unresolved critical alerts
EMP12294,,Legal,Trainee,Active,1,1,3.0,0.0,0,1.0,36.33,94.0,1.0,2.0,3.0,0.0,1.0,0.0,1.0,0.0,1.0,2.0,0.0,0.0,0.0,2.0,,0,0,0,False,0.0,2.0,2.0,16.0,0.0,5,25.0,Medium,Medium,1 high-risk IAM events; 1 malware alerts; 1 lateral-movement alerts; 2 PowerShell alerts
EMP12295,damini.prabhakar11,Procurement,Officer,Active,1,1,7.0,1.0,2,1.0,43.71,77.0,1.0,2.0,2.0,0.0,0.0,0.0,0.0,1.0,0.0,1.0,0.0,0.0,0.0,1.0,,0,0,0,False,4.0,2.0,0.0,9.0,0.0,0,15.0,Low,Low,1 failed authentication events; 1 high-risk IAM events; 1 credential-access alerts; 1 PowerShell alerts
EMP12296,,Marketing,Administrator,On Leave,0,0,4.0,0.0,1,3.0,66.5,90.0,1.0,3.0,2.0,1.0,0.0,1.0,2.0,0.0,0.0,0.0,1.0,0.0,0.0,2.0,,0,0,0,False,1.5,6.0,5.0,16.0,2.0,0,30.5,Medium,Medium,3 high-risk IAM events; 2 malware alerts; 1 security-tampering alerts; 1 critical endpoint alerts; 1 unresolved critical alerts
EMP12297,bhanumati.anand88,Marketing,Specialist,Active,1,1,6.0,0.0,2,1.0,49.5,78.0,1.0,5.0,2.0,0.0,0.0,0.0,1.0,1.0,0.0,0.0,0.0,0.0,1.0,1.0,,0,0,0,False,3.0,2.0,0.0,12.0,0.0,5,22.0,Low,Low,1 high-risk IAM events; 1 malware alerts; 1 credential-access alerts
EMP12298,siya.bhandari78,Compliance,Executive,Disabled,1,1,3.0,2.0,2,1.0,56.67,77.0,1.0,1.0,3.0,0.0,0.0,0.0,0.0,0.0,0.0,1.0,0.0,1.0,0.0,1.0,,0,0,0,False,5.0,2.0,0.0,4.0,0.0,0,11.0,Low,Low,2 failed authentication events; 1 high-risk IAM events; 1 PowerShell alerts
EMP12299,arunima.dube33,Sales,Director,Inactive,1,0,6.0,0.0,4,2.0,50.2,92.0,1.0,4.0,1.0,0.0,1.0,0.0,0.0,0.0,0.0,0.0,0.0,1.0,0.0,1.0,2025-04-14 18:13:29,5,1,6,True,6.0,4.0,2.0,1.0,10.0,0,23.0,Low,Low,2 high-risk IAM events; 6 events after identity termination
EMP12300,jeevika.bhardwaj87,Customer Support,Officer,Active,1,1,7.0,2.0,1,2.0,49.4,96.0,1.0,3.0,3.0,0.0,0.0,0.0,0.0,0.0,0.0,1.0,0.0,1.0,0.0,1.0,,0,0,0,False,3.5,4.0,0.0,4.0,0.0,0,11.5,Low,Low,2 failed authentication events; 2 high-risk IAM events; 1 PowerShell alerts
EMP12301,yauvani.viswanathan80,People,Specialist,Active,1,0,4.0,1.0,1,0.0,39.0,53.0,1.0,2.0,4.0,0.0,1.0,0.0,1.0,2.0,0.0,0.0,0.0,0.0,0.0,1.0,,0,0,0,False,2.5,0.0,2.0,14.0,0.0,5,23.5,Low,Low,1 failed authentication events; 1 malware alerts; 2 credential-access alerts
EMP12302,jeremiah.barman92,Human Resources,Specialist,Active,1,1,6.0,3.0,2,2.0,51.75,76.0,1.0,3.0,5.0,1.0,2.0,1.0,3.0,0.0,0.0,1.0,0.0,0.0,0.0,2.0,,0,0,0,False,6.0,4.0,9.0,15.0,2.0,0,36.0,Medium,Medium,3 failed authentication events; 2 high-risk IAM events; 3 malware alerts; 1 PowerShell alerts; 1 critical endpoint alerts; 1 unresolved critical alerts
EMP12303,lila_srinivasan31,Finance,Administrator,Active,1,1,4.0,2.0,2,0.0,10.0,11.0,1.0,1.0,2.0,0.0,0.0,0.0,1.0,0.0,0.0,0.0,0.0,0.0,0.0,2.0,,0,0,0,False,5.0,0.0,0.0,6.0,0.0,0,11.0,Low,Low,2 failed authentication events; 1 malware alerts
EMP12304,hiral.sheth32,Marketing,Engineer,Active,1,1,5.0,2.0,0,3.0,68.4,95.0,1.0,3.0,3.0,0.0,1.0,0.0,0.0,2.0,0.0,1.0,0.0,1.0,0.0,1.0,,0,0,0,False,2.0,6.0,2.0,12.0,0.0,0,22.0,Low,Low,2 failed authentication events; 3 high-risk IAM events; 2 credential-access alerts; 1 PowerShell alerts
EMP12305,viraj.chandran86,Customer Support,Trainee,Inactive,1,1,4.0,2.0,2,2.0,76.0,82.0,1.0,0.0,1.0,1.0,0.0,0.0,0.0,0.0,1.0,1.0,0.0,0.0,0.0,1.0,,0,0,0,False,5.0,4.0,5.0,9.0,0.0,0,23.0,Low,Low,2 failed authentication events; 2 high-risk IAM events; 1 lateral-movement alerts; 1 PowerShell alerts; 1 critical endpoint alerts
EMP12306,maanas.borde94,Legal,Specialist,Active,1,1,6.0,3.0,2,1.0,48.75,81.0,1.0,4.0,1.0,0.0,0.0,0.0,0.0,0.0,0.0,0.0,0.0,0.0,0.0,1.0,,0,0,0,False,6.0,2.0,0.0,0.0,0.0,0,8.0,Low,Low,3 failed authentication events; 1 high-risk IAM events
EMP12307,saksham.rege93,Brand,Consultant,Active,1,1,4.0,1.0,2,0.0,9.0,17.0,1.0,2.0,3.0,0.0,0.0,0.0,1.0,0.0,1.0,0.0,1.0,1.0,0.0,1.0,,0,0,0,False,4.0,0.0,0.0,17.0,0.0,5,26.0,Medium,Medium,1 failed authentication events; 1 malware alerts; 1 lateral-movement alerts; 1 security-tampering alerts
EMP12308,omaja.bhalla35,Legal,Director,Active,1,1,6.0,4.0,4,1.0,59.8,87.0,1.0,3.0,2.0,0.0,2.0,0.0,0.0,0.0,0.0,1.0,0.0,1.0,0.0,1.0,,0,0,0,False,10.0,2.0,4.0,4.0,0.0,0,20.0,Low,Low,"elevated authentication risk (4 failed auth, 4 MFA failures); 1 high-risk IAM events; 1 PowerShell alerts"
EMP12309,ira.ahuja17,Human Resources,Executive,Active,1,1,6.0,1.0,3,3.0,66.2,98.0,1.0,4.0,4.0,0.0,1.0,0.0,1.0,1.0,1.0,1.0,0.0,0.0,0.0,1.0,,0,0,0,False,5.5,6.0,2.0,21.0,0.0,10,44.5,Medium,Medium,1 failed authentication events; 3 high-risk IAM events; 1 malware alerts; 1 credential-access alerts; 1 lateral-movement alerts; 1 PowerShell alerts
EMP12310,zashil.chaudhari74,Operations,Specialist,Disabled,1,1,0.0,0.0,0,0.0,0.0,0.0,0.0,0.0,4.0,1.0,0.0,0.0,3.0,0.0,0.0,0.0,1.0,0.0,0.0,1.0,2026-08-24 00:00:00,0,2,2,True,0.0,0.0,5.0,16.0,6.0,0,27.0,Medium,Medium,3 malware alerts; 1 security-tampering alerts; 1 critical endpoint alerts; 2 events after identity termination
EMP12311,vasatika.vig48,Procurement,Director,Active,1,1,8.0,2.0,2,3.0,61.0,89.0,1.0,5.0,4.0,1.0,0.0,1.0,1.0,1.0,1.0,1.0,0.0,1.0,0.0,1.0,,0,0,0,False,5.0,6.0,5.0,22.0,2.0,10,50.0,High,High,2 failed authentication events; 3 high-risk IAM events; 1 malware alerts; 1 credential-access alerts; 1 lateral-movement alerts; 1 PowerShell alerts; 1 critical endpoint alerts; 1 unresolved critical alerts
EMP12312,ranbir.kumar36,Finance,Engineer,Inactive,1,1,5.0,2.0,4,1.0,60.5,92.0,1.0,3.0,1.0,0.0,1.0,0.0,1.0,0.0,0.0,0.0,0.0,0.0,0.0,1.0,,0,0,0,False,8.0,2.0,2.0,6.0,0.0,5,23.0,Low,Low,"elevated authentication risk (2 failed auth, 4 MFA failures); 1 high-risk IAM events; 1 malware alerts"
EMP12313,advay.zacharia37,IT,Administrator,Active,1,1,4.0,1.0,1,2.0,51.5,96.0,1.0,2.0,2.0,1.0,1.0,1.0,0.0,0.0,1.0,0.0,0.0,1.0,0.0,2.0,,0,0,0,False,2.5,4.0,7.0,7.0,2.0,0,22.5,Low,Low,1 failed authentication events; 2 high-risk IAM events; 1 lateral-movement alerts; 1 critical endpoint alerts; 1 unresolved critical alerts
EMP12314,urmi.gandhi15,Brand,Consultant,Active,1,1,5.0,2.0,3,0.0,35.5,60.0,1.0,1.0,3.0,1.0,1.0,1.0,2.0,1.0,0.0,0.0,1.0,0.0,0.0,1.0,,0,0,0,False,6.5,0.0,7.0,22.0,2.0,5,42.5,Medium,Medium,2 failed authentication events; 2 malware alerts; 1 credential-access alerts; 1 security-tampering alerts; 1 critical endpoint alerts; 1 unresolved critical alerts
EMP12315,laksh.sama59,Sales,Manager,Active,1,1,6.0,1.0,3,0.0,47.33,68.0,1.0,4.0,2.0,0.0,2.0,0.0,0.0,1.0,0.0,0.0,0.0,0.0,0.0,1.0,,0,0,0,False,5.5,0.0,4.0,6.0,0.0,0,15.5,Low,Low,1 failed authentication events; 1 credential-access alerts
EMP12316,libni.boase68,Operations,Executive,Active,1,1,5.0,3.0,2,1.0,52.33,79.0,1.0,2.0,5.0,1.0,1.0,0.0,0.0,1.0,2.0,1.0,1.0,0.0,0.0,1.0,,0,0,0,False,6.0,2.0,7.0,21.0,0.0,0,36.0,Medium,Medium,3 failed authentication events; 1 high-risk IAM events; 1 credential-access alerts; 2 lateral-movement alerts; 1 PowerShell alerts; 1 security-tampering alerts; 1 critical endpoint alerts
EMP12317,zilmil.kara36,Operations,Executive,Active,1,1,6.0,1.0,3,1.0,64.0,100.0,1.0,3.0,2.0,0.0,0.0,0.0,1.0,0.0,0.0,1.0,0.0,0.0,0.0,1.0,,0,0,0,False,5.5,2.0,0.0,9.0,0.0,0,16.5,Low,Low,1 failed authentication events; 1 high-risk IAM events; 1 malware alerts; 1 PowerShell alerts
EMP12318,jacob.karnik59,Marketing,Administrator,Inactive,1,1,5.0,2.0,2,0.0,29.5,57.0,1.0,3.0,3.0,0.0,1.0,0.0,1.0,0.0,1.0,0.0,0.0,0.0,0.0,1.0,2026-05-08 19:24:17,5,3,8,True,5.0,0.0,2.0,12.0,10.0,5,34.0,Medium,Medium,2 failed authentication events; 1 malware alerts; 1 lateral-movement alerts; 8 events after identity termination
EMP12319,chanchal.choudhry83,IT,Officer,Active,1,1,5.0,1.0,1,1.0,45.5,85.0,1.0,4.0,6.0,1.0,2.0,1.0,1.0,1.0,0.0,4.0,1.0,0.0,0.0,2.0,,0,0,0,False,2.5,2.0,9.0,20.0,2.0,5,40.5,Medium,Medium,1 failed authentication events; 1 high-risk IAM events; 1 malware alerts; 1 credential-access alerts; 4 PowerShell alerts; 1 security-tampering alerts; 1 critical endpoint alerts; 1 unresolved critical alerts
EMP12320,warinder.pai74,Legal,Director,Active,1,1,4.0,1.0,1,2.0,56.5,97.0,1.0,2.0,5.0,0.0,2.0,0.0,1.0,0.0,1.0,2.0,0.0,2.0,0.0,1.0,,0,0,0,False,2.5,4.0,4.0,18.0,0.0,5,33.5,Medium,Medium,1 failed authentication events; 2 high-risk IAM events; 1 malware alerts; 1 lateral-movement alerts; 2 PowerShell alerts
EMP12321,bhavani.khare8,IT,Consultant,Inactive,1,1,6.0,1.0,2,4.0,68.0,98.0,1.0,4.0,2.0,0.0,0.0,0.0,0.0,0.0,0.0,1.0,1.0,1.0,1.0,1.0,,0,0,0,False,4.0,8.0,0.0,8.0,0.0,0,20.0,Low,Low,1 failed authentication events; 4 high-risk IAM events; 1 PowerShell alerts; 1 security-tampering alerts
EMP12322,ekavir_seshadri85,IT,Analyst,Disabled,1,1,5.0,1.0,1,1.0,33.25,71.0,1.0,3.0,4.0,0.0,1.0,0.0,0.0,0.0,2.0,2.0,1.0,0.0,0.0,2.0,2022-01-27 18:03:12,4,2,6,True,2.5,2.0,2.0,16.0,10.0,0,32.5,Medium,Medium,1 failed authentication events; 1 high-risk IAM events; 2 lateral-movement alerts; 2 PowerShell alerts; 1 security-tampering alerts; 6 events after identity termination
EMP12323,tanvi.bal60,Sales,Manager,Active,1,1,10.0,4.0,4,3.0,51.62,96.0,1.0,7.0,3.0,1.0,0.0,0.0,2.0,0.0,0.0,0.0,1.0,1.0,0.0,1.0,,0,0,0,False,10.0,6.0,5.0,17.0,0.0,8,46.0,Medium,Medium,"elevated authentication risk (4 failed auth, 4 MFA failures); 3 high-risk IAM events; 2 malware alerts; 1 security-tampering alerts; 1 critical endpoint alerts"
EMP12324,krishna.panchal99,Sales,Director,Active,1,1,6.0,1.0,2,2.0,55.5,82.0,1.0,2.0,3.0,1.0,1.0,1.0,0.0,0.0,1.0,1.0,0.0,1.0,0.0,1.0,,0,0,0,False,4.0,4.0,7.0,10.0,2.0,0,27.0,Medium,Medium,1 failed authentication events; 2 high-risk IAM events; 1 lateral-movement alerts; 1 PowerShell alerts; 1 critical endpoint alerts; 1 unresolved critical alerts
EMP12325,,Human Resources,Engineer,Active,1,0,5.0,2.0,2,0.0,43.25,65.0,1.0,1.0,3.0,0.0,0.0,0.0,3.0,0.0,0.0,0.0,0.0,0.0,0.0,1.0,,0,0,0,False,5.0,0.0,0.0,12.0,0.0,0,17.0,Low,Low,2 failed authentication events; 3 malware alerts
EMP12326,jonathan.prakash23,IT,Specialist,Active,1,1,8.0,4.0,5,3.0,64.88,98.0,1.0,4.0,2.0,0.0,0.0,0.0,0.0,0.0,1.0,0.0,0.0,1.0,0.0,1.0,,0,0,0,False,11.5,6.0,0.0,7.0,0.0,8,32.5,Medium,Medium,"elevated authentication risk (4 failed auth, 5 MFA failures); 3 high-risk IAM events; 1 lateral-movement alerts"
EMP12327,forum.kaur45,Finance,Consultant,Active,1,1,4.0,2.0,2,0.0,0.0,0.0,1.0,2.0,3.0,0.0,0.0,0.0,1.0,0.0,1.0,0.0,0.0,0.0,0.0,1.0,,0,0,0,False,5.0,0.0,0.0,12.0,0.0,5,22.0,Low,Low,2 failed authentication events; 1 malware alerts; 1 lateral-movement alerts
EMP12328,eesha.nigam82,R&D,Engineer,Inactive,1,1,5.0,1.0,2,0.0,30.67,47.0,1.0,4.0,1.0,0.0,0.0,0.0,0.0,0.0,0.0,1.0,0.0,0.0,0.0,1.0,2025-02-18 18:32:55,5,1,6,True,4.0,0.0,0.0,3.0,10.0,0,17.0,Low,Low,1 failed authentication events; 1 PowerShell alerts; 6 events after identity termination
EMP12329,sara.puri61,Sales,Consultant,Active,1,1,8.0,3.0,5,0.0,41.17,68.0,1.0,4.0,3.0,1.0,1.0,0.0,1.0,0.0,0.0,0.0,1.0,1.0,0.0,1.0,,0,0,0,False,10.5,0.0,7.0,11.0,0.0,5,33.5,Medium,Medium,"elevated authentication risk (3 failed auth, 5 MFA failures); 1 malware alerts; 1 security-tampering alerts; 1 critical endpoint alerts"
EMP12330,yochana.pai61,Legal,Manager,Active,1,1,5.0,1.0,1,3.0,68.0,81.0,1.0,3.0,1.0,0.0,0.0,0.0,0.0,0.0,0.0,1.0,0.0,0.0,0.0,1.0,,0,0,0,False,2.5,6.0,0.0,3.0,0.0,0,11.5,Low,Low,1 failed authentication events; 3 high-risk IAM events; 1 PowerShell alerts
EMP12331,janani.dugar16,Customer Support,Executive,Active,1,1,11.0,0.0,2,1.0,44.12,71.0,1.0,8.0,3.0,1.0,0.0,1.0,3.0,0.0,0.0,1.0,1.0,0.0,0.0,1.0,,0,0,0,False,3.0,2.0,5.0,19.0,2.0,0,31.0,Medium,Medium,1 high-risk IAM events; 3 malware alerts; 1 PowerShell alerts; 1 security-tampering alerts; 1 critical endpoint alerts; 1 unresolved critical alerts
EMP12332,shravya.mand51,People,Consultant,Inactive,0,1,3.0,1.0,2,0.0,21.0,21.0,1.0,1.0,3.0,0.0,1.0,0.0,0.0,0.0,0.0,1.0,0.0,1.0,0.0,2.0,2026-02-03 11:37:59,1,2,3,True,4.0,0.0,2.0,4.0,9.0,0,19.0,Low,Low,1 failed authentication events; 1 PowerShell alerts; 3 events after identity termination
EMP12333,quincy.samra91,Human Resources,Trainee,Inactive,1,1,3.0,0.0,1,2.0,59.0,91.0,1.0,3.0,3.0,1.0,0.0,1.0,1.0,2.0,0.0,0.0,0.0,0.0,1.0,2.0,2026-07-20 15:59:35,3,3,6,True,1.5,4.0,5.0,14.0,12.0,5,41.5,Medium,Medium,2 high-risk IAM events; 1 malware alerts; 2 credential-access alerts; 1 critical endpoint alerts; 6 events after identity termination; 1 unresolved critical alerts
EMP12334,bahadurjit.sridhar62,Sales,Consultant,Active,1,1,4.0,0.0,2,1.0,36.0,78.0,1.0,2.0,2.0,0.0,0.0,0.0,1.0,0.0,1.0,0.0,0.0,0.0,0.0,1.0,,0,0,0,False,3.0,2.0,0.0,12.0,0.0,5,22.0,Low,Low,1 high-risk IAM events; 1 malware alerts; 1 lateral-movement alerts
EMP12335,ijaya.pandey20,Finance,Executive,Active,0,1,3.0,3.0,3,2.0,72.67,79.0,1.0,0.0,4.0,0.0,2.0,0.0,3.0,0.0,0.0,1.0,0.0,0.0,0.0,2.0,,0,0,0,False,7.5,4.0,4.0,15.0,0.0,0,30.5,Medium,Medium,3 failed authentication events; 2 high-risk IAM events; 3 malware alerts; 1 PowerShell alerts
EMP12336,yatin.patla20,Operations,Officer,Active,1,0,8.0,4.0,3,2.0,57.33,98.0,1.0,5.0,4.0,1.0,0.0,1.0,1.0,0.0,0.0,1.0,0.0,2.0,0.0,1.0,,0,0,0,False,8.5,4.0,5.0,11.0,2.0,5,35.5,Medium,Medium,"elevated authentication risk (4 failed auth, 3 MFA failures); 2 high-risk IAM events; 1 malware alerts; 1 PowerShell alerts; 1 critical endpoint alerts; 1 unresolved critical alerts"
EMP12337,yashica.kata81,Finance,Executive,Active,1,1,9.0,5.0,4,2.0,59.83,87.0,1.0,4.0,4.0,0.0,1.0,0.0,2.0,0.0,0.0,2.0,0.0,0.0,0.0,2.0,,0,0,0,False,11.0,4.0,2.0,16.0,0.0,5,38.0,Medium,Medium,"elevated authentication risk (5 failed auth, 4 MFA failures); 2 high-risk IAM events; 2 malware alerts; 2 PowerShell alerts"
EMP12338,geetika.biswas80,Operations,Engineer,Inactive,1,1,8.0,4.0,3,1.0,44.4,82.0,1.0,2.0,4.0,1.0,1.0,0.0,3.0,0.0,0.0,2.0,0.0,0.0,0.0,2.0,2026-02-18 04:00:50,8,3,11,True,8.5,2.0,7.0,16.0,10.0,5,48.5,Medium,Medium,"elevated authentication risk (4 failed auth, 3 MFA failures); 1 high-risk IAM events; 3 malware alerts; 2 PowerShell alerts; 1 critical endpoint alerts; 11 events after identity termination"
EMP12339,neel.kade32,Human Resources,Manager,Active,1,1,4.0,1.0,2,2.0,87.0,100.0,1.0,4.0,1.0,0.0,1.0,0.0,0.0,0.0,1.0,0.0,0.0,0.0,0.0,1.0,,0,0,0,False,4.0,4.0,2.0,6.0,0.0,0,16.0,Low,Low,1 failed authentication events; 2 high-risk IAM events; 1 lateral-movement alerts
EMP12340,gautami.contractor31,IT,Trainee,Disabled,1,1,7.0,3.0,3,2.0,45.17,98.0,1.0,4.0,2.0,0.0,1.0,0.0,0.0,0.0,0.0,1.0,0.0,1.0,0.0,1.0,2025-05-15 23:23:09,6,2,8,True,7.5,4.0,2.0,4.0,10.0,0,27.5,Medium,Medium,3 failed authentication events; 2 high-risk IAM events; 1 PowerShell alerts; 8 events after identity termination
EMP12341,vedhika.raj2,Human Resources,Engineer,Active,1,0,7.0,3.0,4,0.0,35.0,57.0,1.0,5.0,4.0,0.0,3.0,0.0,0.0,1.0,0.0,1.0,0.0,1.0,0.0,2.0,,0,0,0,False,9.0,0.0,5.0,10.0,0.0,5,29.0,Medium,Medium,"elevated authentication risk (3 failed auth, 4 MFA failures); 1 credential-access alerts; 1 PowerShell alerts"
EMP12342,lohit.doctor85,Compliance,Engineer,Active,1,1,2.0,1.0,2,1.0,92.0,92.0,1.0,1.0,2.0,0.0,1.0,0.0,1.0,0.0,0.0,1.0,0.0,0.0,1.0,1.0,,0,0,0,False,4.0,2.0,2.0,9.0,0.0,0,17.0,Low,Low,1 failed authentication events; 1 high-risk IAM events; 1 malware alerts; 1 PowerShell alerts
EMP12343,anamika.anne36,R&D,Analyst,Active,1,1,7.0,3.0,3,3.0,64.67,79.0,1.0,0.0,2.0,0.0,1.0,0.0,0.0,0.0,0.0,1.0,0.0,1.0,0.0,1.0,,0,0,0,False,7.5,6.0,2.0,4.0,0.0,3,22.5,Low,Low,3 failed authentication events; 3 high-risk IAM events; 1 PowerShell alerts
EMP12344,keya.khatri85,Human Resources,Consultant,Active,1,1,7.0,0.0,3,3.0,57.5,98.0,1.0,4.0,1.0,0.0,0.0,0.0,1.0,0.0,0.0,0.0,0.0,0.0,0.0,1.0,,0,0,0,False,4.5,6.0,0.0,6.0,0.0,3,19.5,Low,Low,3 high-risk IAM events; 1 malware alerts
EMP12345,edhitha.dugal87,Operations,Consultant,Active,1,0,4.0,1.0,2,0.0,55.0,57.0,1.0,3.0,5.0,1.0,0.0,1.0,4.0,0.0,0.0,2.0,1.0,0.0,1.0,1.0,,0,0,0,False,4.0,0.0,5.0,20.0,2.0,0,31.0,Medium,Medium,1 failed authentication events; 4 malware alerts; 2 PowerShell alerts; 1 security-tampering alerts; 1 critical endpoint alerts; 1 unresolved critical alerts
EMP12346,upasna.vig49,Procurement,Engineer,Active,1,0,2.0,1.0,1,0.0,23.0,23.0,1.0,0.0,2.0,0.0,0.0,0.0,1.0,0.0,0.0,0.0,0.0,0.0,0.0,1.0,,0,0,0,False,2.5,0.0,0.0,6.0,0.0,0,8.5,Low,Low,1 failed authentication events; 1 malware alerts
EMP12347,bahadurjit.zachariah8,R&D,Analyst,Active,1,1,4.0,1.0,1,0.0,42.0,42.0,1.0,1.0,1.0,0.0,0.0,0.0,1.0,0.0,0.0,0.0,0.0,0.0,0.0,1.0,,0,0,0,False,2.5,0.0,0.0,6.0,0.0,0,8.5,Low,Low,1 failed authentication events; 1 malware alerts
EMP12348,indrajit.sangha86,IT,Manager,Active,1,1,6.0,4.0,3,2.0,51.33,93.0,1.0,3.0,2.0,0.0,0.0,0.0,0.0,1.0,1.0,0.0,0.0,0.0,0.0,2.0,,0,0,0,False,8.5,4.0,0.0,12.0,0.0,5,29.5,Medium,Medium,"elevated authentication risk (4 failed auth, 3 MFA failures); 2 high-risk IAM events; 1 credential-access alerts; 1 lateral-movement alerts"
EMP12349,chanchal.bobal40,Human Resources,Engineer,Inactive,1,1,5.0,1.0,2,0.0,26.5,47.0,1.0,1.0,1.0,0.0,0.0,0.0,0.0,0.0,0.0,0.0,1.0,1.0,0.0,1.0,2026-05-29 10:03:53,4,1,5,True,4.0,0.0,0.0,5.0,10.0,0,19.0,Low,Low,1 failed authentication events; 1 security-tampering alerts; 5 events after identity termination
EMP12350,chatura.chowdhury52,IT,Specialist,Active,1,1,5.0,1.0,1,1.0,37.4,98.0,1.0,3.0,2.0,0.0,0.0,0.0,0.0,0.0,0.0,0.0,0.0,1.0,1.0,1.0,,0,0,0,False,2.5,2.0,0.0,1.0,0.0,0,5.5,Low,Low,1 failed authentication events; 1 high-risk IAM events
EMP12351,zansi.batta30,Human Resources,Specialist,Active,1,0,3.0,1.0,0,1.0,62.0,80.0,1.0,2.0,1.0,1.0,0.0,0.0,1.0,0.0,0.0,0.0,0.0,0.0,0.0,1.0,,0,0,0,False,1.0,2.0,5.0,6.0,0.0,0,14.0,Low,Low,1 failed authentication events; 1 high-risk IAM events; 1 malware alerts; 1 critical endpoint alerts
EMP12352,ojas.shere59,Operations,Specialist,Active,1,1,5.0,2.0,3,1.0,47.0,74.0,1.0,3.0,5.0,2.0,1.0,2.0,3.0,2.0,0.0,1.0,0.0,0.0,1.0,2.0,,0,0,0,False,6.5,2.0,12.0,23.0,4.0,5,52.5,High,High,2 failed authentication events; 1 high-risk IAM events; 3 malware alerts; 2 credential-access alerts; 1 PowerShell alerts; 2 critical endpoint alerts; 2 unresolved critical alerts
EMP12353,,Sales,Specialist,Active,1,1,8.0,2.0,4,0.0,35.5,49.0,1.0,4.0,1.0,0.0,0.0,0.0,0.0,1.0,0.0,0.0,1.0,0.0,0.0,1.0,,0,0,0,False,8.0,0.0,0.0,10.0,0.0,5,23.0,Low,Low,"elevated authentication risk (2 failed auth, 4 MFA failures); 1 credential-access alerts; 1 security-tampering alerts"
EMP12354,gagan.raman49,Operations,Administrator,Active,1,0,9.0,3.0,4,1.0,44.29,70.0,1.0,6.0,4.0,1.0,0.0,0.0,0.0,0.0,2.0,1.0,1.0,1.0,1.0,1.0,,0,0,0,False,9.0,2.0,5.0,16.0,0.0,5,37.0,Medium,Medium,"elevated authentication risk (3 failed auth, 4 MFA failures); 1 high-risk IAM events; 2 lateral-movement alerts; 1 PowerShell alerts; 1 security-tampering alerts; 1 critical endpoint alerts"
EMP12355,jai.sehgal30,Human Resources,Executive,Active,1,1,2.0,1.0,1,0.0,8.0,8.0,1.0,0.0,6.0,0.0,1.0,0.0,2.0,0.0,1.0,3.0,0.0,1.0,0.0,2.0,,0,0,0,False,2.5,0.0,2.0,23.0,0.0,5,32.5,Medium,Medium,1 failed authentication events; 2 malware alerts; 1 lateral-movement alerts; 3 PowerShell alerts
EMP12356,vasatika.dhar45,R&D,Director,Active,1,1,2.0,1.0,0,0.0,60.0,60.0,1.0,1.0,5.0,0.0,1.0,0.0,2.0,1.0,0.0,2.0,0.0,0.0,0.0,1.0,,0,0,0,False,1.0,0.0,2.0,22.0,0.0,5,30.0,Medium,Medium,1 failed authentication events; 2 malware alerts; 1 credential-access alerts; 2 PowerShell alerts
EMP12357,vasana.singhal7,IT,Executive,Active,1,1,2.0,0.0,1,0.0,32.0,32.0,1.0,1.0,1.0,0.0,0.0,0.0,0.0,0.0,0.0,0.0,0.0,0.0,0.0,1.0,,0,0,0,False,1.5,0.0,0.0,0.0,0.0,0,1.5,Low,Low,No high-priority risk drivers
EMP12358,peter.bumb56,R&D,Director,Active,1,1,9.0,0.0,5,1.0,34.0,88.0,1.0,5.0,4.0,0.0,0.0,0.0,0.0,0.0,0.0,3.0,0.0,1.0,0.0,1.0,,0,0,0,False,7.5,2.0,0.0,5.0,0.0,0,14.5,Low,Low,1 high-risk IAM events; 3 PowerShell alerts
EMP12359,rachana.sibal12,Legal,Engineer,Active,1,1,7.0,3.0,1,2.0,47.5,86.0,1.0,3.0,1.0,0.0,1.0,0.0,0.0,0.0,0.0,1.0,0.0,0.0,0.0,1.0,,0,0,0,False,4.5,4.0,2.0,3.0,0.0,0,13.5,Low,Low,3 failed authentication events; 2 high-risk IAM events; 1 PowerShell alerts
EMP12360,warinder.kunda5,IT,Director,Active,0,1,3.0,0.0,1,1.0,62.33,89.0,1.0,2.0,6.0,1.0,1.0,1.0,1.0,2.0,2.0,0.0,0.0,0.0,0.0,1.0,,0,0,0,False,1.5,2.0,7.0,22.0,2.0,10,44.5,Medium,Medium,1 high-risk IAM events; 1 malware alerts; 2 credential-access alerts; 2 lateral-movement alerts; 1 critical endpoint alerts; 1 unresolved critical alerts
EMP12361,ethan.jani95,Legal,Administrator,Active,1,1,7.0,2.0,2,1.0,42.83,75.0,1.0,5.0,2.0,1.0,1.0,1.0,1.0,0.0,0.0,1.0,2.0,0.0,1.0,1.0,,0,0,0,False,5.0,2.0,7.0,14.0,2.0,0,30.0,Medium,Medium,2 failed authentication events; 1 high-risk IAM events; 1 malware alerts; 1 PowerShell alerts; 2 security-tampering alerts; 1 critical endpoint alerts; 1 unresolved critical alerts
EMP12362,kamala.nazareth82,Procurement,Consultant,Active,1,1,3.0,2.0,2,1.0,36.0,81.0,1.0,2.0,0.0,0.0,0.0,0.0,0.0,0.0,0.0,0.0,0.0,0.0,0.0,0.0,,0,0,0,False,5.0,2.0,0.0,0.0,0.0,0,7.0,Low,Low,2 failed authentication events; 1 high-risk IAM events
EMP12363,peter.sampath76,R&D,Analyst,Active,1,0,3.0,2.0,2,0.0,53.0,53.0,1.0,1.0,2.0,0.0,0.0,0.0,1.0,1.0,0.0,0.0,0.0,0.0,0.0,1.0,,0,0,0,False,5.0,0.0,0.0,12.0,0.0,5,22.0,Low,Low,2 failed authentication events; 1 malware alerts; 1 credential-access alerts
EMP12364,ria.yadav87,Sales,Director,Disabled,1,1,6.0,2.0,3,2.0,60.0,92.0,1.0,4.0,3.0,0.0,1.0,0.0,0.0,2.0,0.0,0.0,0.0,1.0,0.0,1.0,2026-05-04 00:00:00,5,2,7,True,6.5,4.0,2.0,9.0,10.0,0,31.5,Medium,Medium,2 failed authentication events; 2 high-risk IAM events; 2 credential-access alerts; 7 events after identity termination
EMP12365,ranveer.mahajan73,Operations,Specialist,Active,1,0,8.0,4.0,3,3.0,69.2,78.0,1.0,5.0,2.0,0.0,1.0,0.0,0.0,0.0,0.0,0.0,0.0,2.0,0.0,1.0,,0,0,0,False,8.5,6.0,2.0,2.0,0.0,3,21.5,Low,Low,"elevated authentication risk (4 failed auth, 3 MFA failures); 3 high-risk IAM events"
EMP12366,oscar.lad97,Brand,Administrator,Active,1,1,9.0,2.0,0,1.0,49.44,100.0,1.0,6.0,2.0,1.0,0.0,1.0,1.0,0.0,0.0,1.0,0.0,0.0,2.0,1.0,,0,0,0,False,2.0,2.0,5.0,9.0,2.0,0,20.0,Low,Low,2 failed authentication events; 1 high-risk IAM events; 1 malware alerts; 1 PowerShell alerts; 1 critical endpoint alerts; 1 unresolved critical alerts
EMP12367,rushil_contractor40,Procurement,Manager,Active,1,1,3.0,0.0,1,0.0,55.0,55.0,1.0,1.0,4.0,1.0,0.0,0.0,2.0,2.0,0.0,1.0,1.0,0.0,0.0,1.0,,0,0,0,False,1.5,0.0,5.0,27.0,0.0,5,38.5,Medium,Medium,2 malware alerts; 2 credential-access alerts; 1 PowerShell alerts; 1 security-tampering alerts; 1 critical endpoint alerts
EMP12368,lohit.sarma91,Marketing,Administrator,Active,1,0,9.0,2.0,3,3.0,54.0,86.0,1.0,6.0,4.0,0.0,1.0,0.0,0.0,0.0,2.0,2.0,0.0,1.0,0.0,1.0,,0,0,0,False,6.5,6.0,2.0,13.0,0.0,3,30.5,Medium,Medium,2 failed authentication events; 3 high-risk IAM events; 2 lateral-movement alerts; 2 PowerShell alerts
EMP12369,chaaya.cherian34,IT,Officer,Active,1,1,9.0,4.0,2,2.0,57.83,79.0,1.0,6.0,2.0,0.0,0.0,0.0,0.0,0.0,0.0,1.0,0.0,1.0,0.0,1.0,,0,0,0,False,7.0,4.0,0.0,4.0,0.0,0,15.0,Low,Low,4 failed authentication events; 2 high-risk IAM events; 1 PowerShell alerts
EMP12370,robert.de76,Operations,Officer,Active,1,1,6.0,2.0,3,1.0,47.0,82.0,1.0,2.0,3.0,1.0,0.0,0.0,1.0,0.0,2.0,2.0,1.0,0.0,0.0,1.0,,0,0,0,False,6.5,2.0,5.0,22.0,0.0,5,40.5,Medium,Medium,2 failed authentication events; 1 high-risk IAM events; 1 malware alerts; 2 lateral-movement alerts; 2 PowerShell alerts; 1 security-tampering alerts; 1 critical endpoint alerts
EMP12371,keya.basak74,Customer Support,Officer,Active,1,1,7.0,3.0,3,4.0,66.0,94.0,1.0,2.0,2.0,0.0,1.0,0.0,1.0,0.0,0.0,0.0,0.0,1.0,0.0,1.0,,0,0,0,False,7.5,8.0,2.0,7.0,0.0,3,27.5,Medium,Medium,3 failed authentication events; 4 high-risk IAM events; 1 malware alerts
EMP12372,chavvi.dey98,Procurement,Trainee,Active,1,0,4.0,0.0,1,1.0,57.0,89.0,1.0,4.0,3.0,1.0,1.0,1.0,0.0,0.0,2.0,0.0,0.0,0.0,0.0,1.0,,0,0,0,False,1.5,2.0,7.0,8.0,2.0,0,20.5,Low,Low,1 high-risk IAM events; 2 lateral-movement alerts; 1 critical endpoint alerts; 1 unresolved critical alerts
EMP12373,mitali.goel62,Operations,Administrator,Active,1,0,8.0,3.0,2,2.0,41.71,84.0,1.0,5.0,4.0,0.0,1.0,0.0,0.0,0.0,1.0,0.0,0.0,1.0,0.0,1.0,,0,0,0,False,6.0,4.0,2.0,7.0,0.0,0,19.0,Low,Low,3 failed authentication events; 2 high-risk IAM events; 1 lateral-movement alerts
EMP12374,indali.hari48,Operations,Trainee,Disabled,0,1,5.0,2.0,2,0.0,52.25,59.0,1.0,5.0,3.0,0.0,1.0,0.0,0.0,0.0,0.0,0.0,1.0,1.0,0.0,1.0,2021-02-25 23:35:30,5,3,8,True,5.0,0.0,2.0,5.0,10.0,0,22.0,Low,Low,2 failed authentication events; 1 security-tampering alerts; 8 events after identity termination
EMP12375,benjamin.sama73,Legal,Administrator,Active,1,1,2.0,0.0,0,0.0,29.0,29.0,1.0,2.0,3.0,0.0,1.0,0.0,2.0,0.0,0.0,1.0,0.0,0.0,0.0,2.0,,0,0,0,False,0.0,0.0,2.0,15.0,0.0,0,17.0,Low,Low,2 malware alerts; 1 PowerShell alerts
EMP12376,max.agate4,Finance,Consultant,Active,1,1,5.0,3.0,3,2.0,57.4,84.0,1.0,2.0,0.0,0.0,0.0,0.0,0.0,0.0,0.0,0.0,0.0,0.0,0.0,0.0,,0,0,0,False,7.5,4.0,0.0,0.0,0.0,0,11.5,Low,Low,3 failed authentication events; 2 high-risk IAM events
EMP12377,omkaar.peri46,Customer Support,Specialist,Active,1,0,4.0,1.0,2,1.0,68.0,78.0,1.0,2.0,2.0,0.0,1.0,0.0,1.0,0.0,1.0,1.0,0.0,0.0,0.0,2.0,,0,0,0,False,4.0,2.0,2.0,15.0,0.0,5,28.0,Medium,Medium,1 failed authentication events; 1 high-risk IAM events; 1 malware alerts; 1 lateral-movement alerts; 1 PowerShell alerts
EMP12378,rachita.narayan1,Customer Support,Director,Active,1,1,10.0,2.0,4,2.0,43.25,97.0,1.0,7.0,1.0,0.0,0.0,0.0,0.0,0.0,0.0,0.0,0.0,0.0,0.0,1.0,,0,0,0,False,8.0,4.0,0.0,0.0,0.0,0,12.0,Low,Low,"elevated authentication risk (2 failed auth, 4 MFA failures); 2 high-risk IAM events"
EMP12379,joshua.dyal71,Brand,Engineer,Active,0,1,6.0,3.0,1,1.0,43.6,70.0,1.0,4.0,0.0,0.0,0.0,0.0,0.0,0.0,0.0,0.0,0.0,0.0,0.0,0.0,,0,0,0,False,4.5,2.0,0.0,0.0,0.0,0,6.5,Low,Low,3 failed authentication events; 1 high-risk IAM events
EMP12380,ryan.arya70,Customer Support,Consultant,Inactive,1,1,6.0,2.0,2,2.0,70.33,95.0,1.0,3.0,1.0,0.0,0.0,0.0,0.0,0.0,0.0,0.0,0.0,0.0,0.0,1.0,,0,0,0,False,5.0,4.0,0.0,0.0,0.0,0,9.0,Low,Low,2 failed authentication events; 2 high-risk IAM events
EMP12381,lucky_sarkar95,Finance,Analyst,Active,1,0,4.0,0.0,0,0.0,47.75,67.0,1.0,4.0,1.0,1.0,0.0,0.0,1.0,0.0,0.0,0.0,0.0,0.0,0.0,1.0,,0,0,0,False,0.0,0.0,5.0,6.0,0.0,0,11.0,Low,Low,1 malware alerts; 1 critical endpoint alerts
EMP12382,girik.shere27,People,Analyst,Active,1,1,3.0,2.0,0,0.0,36.5,39.0,1.0,3.0,1.0,0.0,1.0,0.0,0.0,0.0,0.0,0.0,0.0,0.0,0.0,1.0,,0,0,0,False,2.0,0.0,2.0,0.0,0.0,0,4.0,Low,Low,2 failed authentication events
EMP12383,gaurangi.natarajan89,Legal,Officer,Active,1,1,4.0,1.0,2,1.0,60.67,94.0,1.0,2.0,2.0,0.0,1.0,0.0,0.0,0.0,0.0,1.0,1.0,1.0,0.0,1.0,,0,0,0,False,4.0,2.0,2.0,8.0,0.0,0,16.0,Low,Low,1 failed authentication events; 1 high-risk IAM events; 1 PowerShell alerts; 1 security-tampering alerts
EMP12384,pushti_choudhary19,Procurement,Administrator,Active,1,1,6.0,2.0,2,1.0,57.8,98.0,1.0,4.0,3.0,1.0,2.0,1.0,1.0,0.0,0.0,0.0,1.0,0.0,0.0,1.0,,0,0,0,False,5.0,2.0,9.0,10.0,2.0,0,28.0,Medium,Medium,2 failed authentication events; 1 high-risk IAM events; 1 malware alerts; 1 security-tampering alerts; 1 critical endpoint alerts; 1 unresolved critical alerts
EMP12385,tanveer.kapur63,R&D,Administrator,Active,1,0,11.0,3.0,6,2.0,47.5,81.0,1.0,6.0,1.0,0.0,0.0,0.0,0.0,0.0,0.0,0.0,0.0,1.0,0.0,1.0,,0,0,0,False,12.0,4.0,0.0,1.0,0.0,0,17.0,Low,Low,"elevated authentication risk (3 failed auth, 6 MFA failures); 2 high-risk IAM events"
EMP12386,diya.vala41,IT,Executive,Inactive,1,1,2.0,1.0,0,0.0,36.0,68.0,1.0,2.0,4.0,0.0,1.0,0.0,3.0,0.0,1.0,1.0,0.0,0.0,0.0,1.0,2026-02-22 00:00:00,2,4,6,True,1.0,0.0,2.0,21.0,10.0,5,39.0,Medium,Medium,1 failed authentication events; 3 malware alerts; 1 lateral-movement alerts; 1 PowerShell alerts; 6 events after identity termination
EMP12387,advik.sura55,Legal,Consultant,Active,1,1,4.0,3.0,2,1.0,57.5,83.0,1.0,2.0,3.0,0.0,2.0,0.0,1.0,0.0,1.0,1.0,1.0,1.0,0.0,2.0,,0,0,0,False,6.0,2.0,4.0,20.0,0.0,5,37.0,Medium,Medium,3 failed authentication events; 1 high-risk IAM events; 1 malware alerts; 1 lateral-movement alerts; 1 PowerShell alerts; 1 security-tampering alerts
EMP12388,edhitha.kurian21,Sales,Engineer,Active,1,0,2.0,1.0,1,0.0,64.0,64.0,0.0,1.0,6.0,1.0,0.0,1.0,2.0,1.0,1.0,0.0,1.0,1.0,0.0,2.0,,0,0,0,False,2.5,0.0,5.0,29.0,2.0,10,48.5,Medium,Medium,1 failed authentication events; 2 malware alerts; 1 credential-access alerts; 1 lateral-movement alerts; 1 security-tampering alerts; 1 critical endpoint alerts; 1 unresolved critical alerts
EMP12389,ryan.borah18,Operations,Director,Active,1,0,9.0,6.0,5,4.0,62.75,84.0,1.0,4.0,0.0,0.0,0.0,0.0,0.0,0.0,0.0,0.0,0.0,0.0,0.0,0.0,,0,0,0,False,13.5,13.0,0.0,0.0,0.0,3,29.5,Medium,Medium,"elevated authentication risk (6 failed auth, 5 MFA failures); 4 high-risk IAM events"
EMP12390,hemani.mohanty26,Marketing,Director,Active,1,1,10.0,3.0,7,2.0,59.43,99.0,1.0,4.0,2.0,1.0,0.0,1.0,1.0,0.0,0.0,1.0,0.0,1.0,0.0,2.0,,0,0,0,False,13.0,4.0,5.0,10.0,2.0,5,39.0,Medium,Medium,"elevated authentication risk (3 failed auth, 7 MFA failures); 2 high-risk IAM events; 1 malware alerts; 1 PowerShell alerts; 1 critical endpoint alerts; 1 unresolved critical alerts"
EMP12391,pooja.iyengar59,Operations,Analyst,Active,1,0,7.0,3.0,4,3.0,62.14,100.0,1.0,3.0,4.0,1.0,1.0,1.0,2.0,1.0,1.0,0.0,1.0,0.0,0.0,1.0,,0,0,0,False,9.0,6.0,7.0,28.0,2.0,10,62.0,High,High,"elevated authentication risk (3 failed auth, 4 MFA failures); 3 high-risk IAM events; 2 malware alerts; 1 credential-access alerts; 1 lateral-movement alerts; 1 security-tampering alerts; 1 critical endpoint alerts; 1 unresolved critical alerts"
EMP12392,jagvi.baral41,Sales,Analyst,Active,1,1,3.0,1.0,1,0.0,66.0,68.0,1.0,2.0,3.0,0.0,0.0,0.0,1.0,0.0,0.0,0.0,0.0,1.0,0.0,1.0,,0,0,0,False,2.5,0.0,0.0,7.0,0.0,0,9.5,Low,Low,1 failed authentication events; 1 malware alerts
EMP12393,fitan.vohra30,Procurement,Officer,Active,1,1,8.0,2.0,3,4.0,63.5,95.0,1.0,3.0,6.0,1.0,0.0,0.0,2.0,2.0,0.0,2.0,2.0,0.0,0.0,2.0,,0,0,0,False,6.5,8.0,5.0,29.0,0.0,8,56.5,High,High,2 failed authentication events; 4 high-risk IAM events; 2 malware alerts; 2 credential-access alerts; 2 PowerShell alerts; 2 security-tampering alerts; 1 critical endpoint alerts
EMP12394,udarsh.kadakia17,IT,Executive,Active,1,1,3.0,1.0,2,0.0,44.0,51.0,1.0,1.0,3.0,0.0,1.0,0.0,1.0,2.0,0.0,0.0,0.0,0.0,0.0,1.0,,0,0,0,False,4.0,0.0,2.0,14.0,0.0,5,25.0,Medium,Medium,1 failed authentication events; 1 malware alerts; 2 credential-access alerts
EMP12395,alexander.vohra99,IT,Manager,Inactive,1,1,2.0,1.0,1,1.0,52.5,79.0,1.0,2.0,4.0,1.0,0.0,0.0,0.0,1.0,0.0,2.0,0.0,1.0,0.0,1.0,,0,0,0,False,2.5,2.0,5.0,11.0,0.0,0,20.5,Low,Low,1 failed authentication events; 1 high-risk IAM events; 1 credential-access alerts; 2 PowerShell alerts; 1 critical endpoint alerts
EMP12396,tanay.dani38,IT,Consultant,Inactive,1,1,9.0,2.0,4,2.0,49.43,87.0,1.0,7.0,1.0,0.0,0.0,0.0,0.0,0.0,0.0,0.0,0.0,0.0,0.0,1.0,2026-02-19 15:56:31,9,1,10,True,8.0,4.0,0.0,0.0,10.0,0,22.0,Low,Low,"elevated authentication risk (2 failed auth, 4 MFA failures); 2 high-risk IAM events; 10 events after identity termination"
EMP12397,manan.jayaraman61,R&D,Consultant,Active,1,1,8.0,3.0,3,4.0,68.88,96.0,1.0,5.0,1.0,0.0,0.0,0.0,0.0,0.0,0.0,0.0,0.0,0.0,0.0,1.0,,0,0,0,False,7.5,8.0,0.0,0.0,0.0,3,18.5,Low,Low,3 failed authentication events; 4 high-risk IAM events
EMP12398,advay.kari24,Marketing,Analyst,Active,1,1,7.0,3.0,2,1.0,52.25,79.0,1.0,5.0,3.0,0.0,0.0,0.0,1.0,0.0,1.0,0.0,1.0,1.0,0.0,1.0,,0,0,0,False,6.0,2.0,0.0,17.0,0.0,5,30.0,Medium,Medium,3 failed authentication events; 1 high-risk IAM events; 1 malware alerts; 1 lateral-movement alerts; 1 security-tampering alerts
EMP12399,osha.aggarwal57,Finance,Trainee,Active,1,1,8.0,3.0,3,1.0,44.43,90.0,1.0,6.0,3.0,0.0,1.0,0.0,1.0,2.0,0.0,0.0,0.0,0.0,0.0,1.0,,0,0,0,False,7.5,2.0,2.0,14.0,0.0,5,30.5,Medium,Medium,3 failed authentication events; 1 high-risk IAM events; 1 malware alerts; 2 credential-access alerts
EMP12400,peter.sama77,IT,Specialist,Active,1,0,11.0,3.0,6,2.0,51.38,98.0,1.0,8.0,0.0,0.0,0.0,0.0,0.0,0.0,0.0,0.0,0.0,0.0,0.0,0.0,,0,0,0,False,12.0,4.0,0.0,0.0,0.0,0,16.0,Low,Low,"elevated authentication risk (3 failed auth, 6 MFA failures); 2 high-risk IAM events"
EMP12401,manya.kala33,Customer Support,Executive,Active,0,1,7.0,1.0,1,2.0,63.4,96.0,1.0,5.0,1.0,0.0,0.0,0.0,1.0,0.0,0.0,0.0,0.0,0.0,0.0,1.0,,0,0,0,False,2.5,4.0,0.0,6.0,0.0,0,12.5,Low,Low,1 failed authentication events; 2 high-risk IAM events; 1 malware alerts
EMP12402,oni.mander24,People,Executive,Active,1,1,7.0,3.0,4,0.0,38.4,61.0,1.0,6.0,2.0,0.0,0.0,0.0,0.0,1.0,0.0,0.0,0.0,0.0,0.0,1.0,,0,0,0,False,9.0,0.0,0.0,6.0,0.0,5,20.0,Low,Low,"elevated authentication risk (3 failed auth, 4 MFA failures); 1 credential-access alerts"
EMP12403,andrew.vasa6,Sales,Consultant,Disabled,0,1,5.0,3.0,3,2.0,91.0,96.0,1.0,4.0,4.0,0.0,1.0,0.0,0.0,1.0,0.0,0.0,0.0,0.0,0.0,1.0,2026-05-10 23:48:30,5,3,8,True,7.5,4.0,2.0,6.0,10.0,0,29.5,Medium,Medium,3 failed authentication events; 2 high-risk IAM events; 1 credential-access alerts; 8 events after identity termination
EMP12404,ekiya.chakraborty63,Marketing,Analyst,Active,1,0,1.0,0.0,0,0.0,47.0,47.0,1.0,1.0,2.0,1.0,0.0,0.0,1.0,0.0,0.0,1.0,0.0,0.0,0.0,1.0,,0,0,0,False,0.0,0.0,5.0,9.0,0.0,0,14.0,Low,Low,1 malware alerts; 1 PowerShell alerts; 1 critical endpoint alerts
EMP12405,netra.madan80,Marketing,Consultant,Active,1,1,6.0,1.0,4,2.0,47.6,89.0,1.0,3.0,3.0,0.0,0.0,0.0,1.0,2.0,0.0,0.0,0.0,0.0,0.0,1.0,,0,0,0,False,7.0,4.0,0.0,14.0,0.0,5,30.0,Medium,Medium,1 failed authentication events; 2 high-risk IAM events; 1 malware alerts; 2 credential-access alerts
EMP12406,aahana.bandi23,Finance,Executive,Active,1,1,5.0,1.0,2,0.0,32.0,65.0,1.0,5.0,4.0,0.0,1.0,0.0,1.0,0.0,0.0,2.0,1.0,1.0,0.0,1.0,,0,0,0,False,4.0,0.0,2.0,15.0,0.0,0,21.0,Low,Low,1 failed authentication events; 1 malware alerts; 2 PowerShell alerts; 1 security-tampering alerts
EMP12407,chavvi_chakrabarti3,Operations,Administrator,Active,0,1,7.0,2.0,2,3.0,59.33,97.0,1.0,7.0,2.0,0.0,0.0,0.0,1.0,0.0,0.0,0.0,0.0,0.0,0.0,2.0,,0,0,0,False,5.0,6.0,0.0,6.0,0.0,0,17.0,Low,Low,2 failed authentication events; 3 high-risk IAM events; 1 malware alerts
EMP12408,laban.dewan34,Supply Chain,Director,Active,1,1,3.0,2.0,2,1.0,33.33,84.0,1.0,0.0,2.0,1.0,0.0,1.0,0.0,2.0,0.0,0.0,0.0,0.0,0.0,1.0,,0,0,0,False,5.0,2.0,5.0,8.0,2.0,0,22.0,Low,Low,2 failed authentication events; 1 high-risk IAM events; 2 credential-access alerts; 1 critical endpoint alerts; 1 unresolved critical alerts
EMP12409,omya.mukherjee26,Sales,Administrator,Inactive,1,1,8.0,1.0,2,1.0,32.14,80.0,1.0,7.0,7.0,1.0,1.0,1.0,1.0,1.0,0.0,1.0,2.0,1.0,0.0,1.0,2024-07-26 16:04:00,6,6,12,True,4.0,2.0,7.0,21.0,12.0,5,51.0,High,High,1 failed authentication events; 1 high-risk IAM events; 1 malware alerts; 1 credential-access alerts; 1 PowerShell alerts; 2 security-tampering alerts; 1 critical endpoint alerts; 12 events after identity termination; 1 unresolved critical alerts
EMP12410,samar.tank75,Operations,Analyst,Disabled,1,1,7.0,1.0,2,0.0,40.33,65.0,1.0,5.0,2.0,0.0,0.0,0.0,1.0,0.0,1.0,0.0,0.0,0.0,0.0,2.0,,0,0,0,False,4.0,0.0,0.0,12.0,0.0,5,21.0,Low,Low,1 failed authentication events; 1 malware alerts; 1 lateral-movement alerts
EMP12411,ekalinga.sanghvi99,Customer Support,Consultant,Active,1,1,6.0,3.0,3,1.0,32.2,71.0,1.0,3.0,0.0,0.0,0.0,0.0,0.0,0.0,0.0,0.0,0.0,0.0,0.0,0.0,,0,0,0,False,7.5,2.0,0.0,0.0,0.0,0,9.5,Low,Low,3 failed authentication events; 1 high-risk IAM events
EMP12412,william.swamy80,Finance,Director,Active,1,0,4.0,0.0,0,0.0,44.33,66.0,1.0,3.0,1.0,0.0,1.0,0.0,1.0,0.0,0.0,1.0,0.0,0.0,0.0,1.0,,0,0,0,False,0.0,0.0,2.0,9.0,0.0,0,11.0,Low,Low,1 malware alerts; 1 PowerShell alerts
EMP12413,lopa.dhawan30,Marketing,Executive,Active,1,1,8.0,1.0,1,2.0,47.67,74.0,1.0,6.0,2.0,0.0,0.0,0.0,1.0,0.0,0.0,1.0,0.0,0.0,0.0,1.0,,0,0,0,False,2.5,4.0,0.0,9.0,0.0,0,15.5,Low,Low,1 failed authentication events; 2 high-risk IAM events; 1 malware alerts; 1 PowerShell alerts
EMP12414,ishani.bava73,Finance,Analyst,Active,0,0,3.0,0.0,0,2.0,67.33,87.0,1.0,2.0,2.0,1.0,0.0,0.0,1.0,0.0,0.0,1.0,0.0,0.0,1.0,1.0,,0,0,0,False,0.0,4.0,5.0,9.0,0.0,0,18.0,Low,Low,2 high-risk IAM events; 1 malware alerts; 1 PowerShell alerts; 1 critical endpoint alerts
EMP12415,naveen_tara18,IT,Consultant,Active,1,1,4.0,1.0,1,1.0,55.33,74.0,1.0,3.0,2.0,1.0,1.0,0.0,1.0,0.0,0.0,0.0,0.0,1.0,0.0,1.0,,0,0,0,False,2.5,2.0,7.0,7.0,0.0,0,18.5,Low,Low,1 failed authentication events; 1 high-risk IAM events; 1 malware alerts; 1 critical endpoint alerts
EMP12416,harish.bhatia99,Legal,Engineer,Active,0,1,8.0,1.0,3,2.0,54.83,91.0,1.0,7.0,3.0,0.0,1.0,0.0,0.0,0.0,0.0,3.0,1.0,1.0,0.0,1.0,,0,0,0,False,5.5,4.0,2.0,9.0,0.0,0,20.5,Low,Low,1 failed authentication events; 2 high-risk IAM events; 3 PowerShell alerts; 1 security-tampering alerts
EMP12417,harinakshi.loyal52,Sales,Director,Active,1,1,7.0,2.0,1,0.0,36.33,65.0,1.0,4.0,3.0,0.0,1.0,0.0,1.0,1.0,0.0,2.0,0.0,0.0,0.0,1.0,,0,0,0,False,3.5,0.0,2.0,16.0,0.0,5,26.5,Medium,Medium,2 failed authentication events; 1 malware alerts; 1 credential-access alerts; 2 PowerShell alerts
EMP12418,warda.dua80,Marketing,Executive,Active,1,1,73.0,26.0,25,13.0,44.0,100.0,1.0,38.0,2.0,1.0,0.0,0.0,1.0,0.0,0.0,0.0,0.0,0.0,0.0,1.0,,0,0,0,False,20.0,20.0,5.0,6.0,0.0,8,59.0,High,High,"elevated authentication risk (26 failed auth, 25 MFA failures); 13 high-risk IAM events; 1 malware alerts; 1 critical endpoint alerts"
EMP12419,ekta.bath4,Customer Support,Consultant,Active,1,0,5.0,2.0,2,1.0,59.25,100.0,1.0,2.0,1.0,0.0,0.0,0.0,0.0,0.0,0.0,0.0,0.0,1.0,0.0,1.0,,0,0,0,False,5.0,2.0,0.0,1.0,0.0,0,8.0,Low,Low,2 failed authentication events; 1 high-risk IAM events
EMP12420,fitan.natarajan6,IT,Administrator,Active,1,0,9.0,1.0,1,1.0,40.17,82.0,1.0,4.0,3.0,0.0,2.0,0.0,0.0,1.0,0.0,1.0,0.0,1.0,1.0,1.0,,0,0,0,False,2.5,2.0,4.0,10.0,0.0,0,18.5,Low,Low,1 failed authentication events; 1 high-risk IAM events; 1 credential-access alerts; 1 PowerShell alerts
EMP12421,manan.savant11,Finance,Executive,Active,1,1,4.0,1.0,1,0.0,36.67,49.0,1.0,2.0,2.0,0.0,0.0,0.0,1.0,0.0,1.0,0.0,1.0,0.0,0.0,0.0,,0,0,0,False,2.5,0.0,0.0,16.0,0.0,5,23.5,Low,Low,1 failed authentication events; 1 malware alerts; 1 lateral-movement alerts; 1 security-tampering alerts
EMP12422,madhav.grover92,Operations,Officer,Active,1,1,9.0,1.0,2,2.0,50.57,98.0,1.0,5.0,3.0,0.0,0.0,0.0,0.0,1.0,0.0,0.0,0.0,2.0,0.0,1.0,,0,0,0,False,4.0,4.0,0.0,8.0,0.0,0,16.0,Low,Low,1 failed authentication events; 2 high-risk IAM events; 1 credential-access alerts
EMP12423,prisha.mahal39,IT,Manager,Active,1,1,4.0,4.0,3,0.0,30.5,42.0,1.0,0.0,1.0,0.0,0.0,0.0,0.0,0.0,0.0,0.0,0.0,1.0,0.0,1.0,,0,0,0,False,8.5,0.0,0.0,1.0,0.0,0,9.5,Low,Low,"elevated authentication risk (4 failed auth, 3 MFA failures)"
EMP12424,hamsini.chaudhry50,Marketing,Administrator,Active,1,1,5.0,0.0,1,2.0,74.0,96.0,1.0,2.0,8.0,1.0,3.0,0.0,3.0,1.0,1.0,0.0,1.0,3.0,0.0,1.0,,0,0,0,False,1.5,4.0,10.0,30.0,0.0,10,55.5,High,High,2 high-risk IAM events; 3 malware alerts; 1 credential-access alerts; 1 lateral-movement alerts; 1 security-tampering alerts; 1 critical endpoint alerts
EMP12425,jeet.rajagopalan64,R&D,Officer,Active,1,1,67.0,26.0,25,12.0,45.31,100.0,1.0,34.0,2.0,1.0,1.0,1.0,1.0,1.0,0.0,0.0,0.0,0.0,0.0,1.0,,0,0,0,False,20.0,20.0,7.0,12.0,2.0,10,71.0,High,High,"elevated authentication risk (26 failed auth, 25 MFA failures); 12 high-risk IAM events; 1 malware alerts; 1 credential-access alerts; 1 critical endpoint alerts; 1 unresolved critical alerts"
EMP12426,raksha.date82,Compliance,Administrator,Active,1,1,1.0,1.0,1,0.0,33.0,33.0,1.0,0.0,4.0,2.0,1.0,1.0,2.0,0.0,0.0,1.0,0.0,2.0,1.0,1.0,,0,0,0,False,2.5,0.0,12.0,17.0,2.0,0,33.5,Medium,Medium,1 failed authentication events; 2 malware alerts; 1 PowerShell alerts; 2 critical endpoint alerts; 1 unresolved critical alerts
EMP12427,oviya.mannan17,Sales,Administrator,Active,1,1,4.0,1.0,3,1.0,57.5,77.0,1.0,3.0,2.0,0.0,1.0,0.0,1.0,0.0,0.0,0.0,0.0,1.0,0.0,2.0,,0,0,0,False,5.5,2.0,2.0,7.0,0.0,0,16.5,Low,Low,1 failed authentication events; 1 high-risk IAM events; 1 malware alerts
EMP12428,mekhala.devan19,Finance,Manager,Active,1,1,2.0,0.0,1,2.0,88.5,98.0,1.0,2.0,2.0,1.0,1.0,1.0,0.0,0.0,0.0,0.0,0.0,2.0,0.0,1.0,,0,0,0,False,1.5,4.0,7.0,2.0,2.0,0,16.5,Low,Low,2 high-risk IAM events; 1 critical endpoint alerts; 1 unresolved critical alerts
EMP12429,meera.bains79,Marketing,Officer,Active,1,1,5.0,1.0,1,3.0,74.6,97.0,1.0,4.0,7.0,0.0,1.0,0.0,1.0,1.0,0.0,4.0,1.0,0.0,0.0,1.0,,0,0,0,False,2.5,6.0,2.0,20.0,0.0,5,35.5,Medium,Medium,1 failed authentication events; 3 high-risk IAM events; 1 malware alerts; 1 credential-access alerts; 4 PowerShell alerts; 1 security-tampering alerts
EMP12430,mekhala.loyal73,People,Manager,Active,1,0,0.0,0.0,0,0.0,0.0,0.0,0.0,0.0,3.0,0.0,0.0,0.0,0.0,0.0,0.0,0.0,0.0,1.0,0.0,1.0,,0,0,0,False,0.0,0.0,0.0,1.0,0.0,0,1.0,Low,Low,No high-priority risk drivers
EMP12431,lohit.raja77,Supply Chain,Administrator,Active,0,1,5.0,1.0,2,2.0,56.5,86.0,1.0,3.0,3.0,0.0,1.0,0.0,1.0,0.0,1.0,1.0,0.0,0.0,0.0,1.0,,0,0,0,False,4.0,4.0,2.0,15.0,0.0,5,30.0,Medium,Medium,1 failed authentication events; 2 high-risk IAM events; 1 malware alerts; 1 lateral-movement alerts; 1 PowerShell alerts
EMP12432,bhavika.mangat15,Customer Support,Analyst,Active,1,0,3.0,0.0,1,0.0,65.5,67.0,1.0,2.0,5.0,0.0,1.0,0.0,1.0,1.0,0.0,0.0,0.0,1.0,1.0,1.0,,0,0,0,False,1.5,0.0,2.0,13.0,0.0,5,21.5,Low,Low,1 malware alerts; 1 credential-access alerts
EMP12433,osha_dora22,IT,Analyst,Active,1,1,4.0,1.0,1,1.0,65.0,92.0,1.0,3.0,2.0,0.0,0.0,0.0,0.0,1.0,0.0,1.0,0.0,0.0,0.0,1.0,,0,0,0,False,2.5,2.0,0.0,9.0,0.0,0,13.5,Low,Low,1 failed authentication events; 1 high-risk IAM events; 1 credential-access alerts; 1 PowerShell alerts
EMP12434,radha.arya51,Sales,Manager,Active,1,0,3.0,1.0,1,0.0,30.5,56.0,1.0,1.0,1.0,1.0,0.0,1.0,1.0,0.0,0.0,0.0,0.0,0.0,0.0,0.0,,0,0,0,False,2.5,0.0,5.0,6.0,2.0,0,15.5,Low,Low,1 failed authentication events; 1 malware alerts; 1 critical endpoint alerts; 1 unresolved critical alerts
EMP12435,vasana.pandey31,Customer Support,Analyst,Inactive,1,1,6.0,1.0,2,1.0,59.67,88.0,1.0,3.0,3.0,0.0,1.0,0.0,0.0,1.0,0.0,1.0,0.0,0.0,0.0,1.0,2026-06-10 04:13:09,5,2,7,True,4.0,2.0,2.0,9.0,10.0,0,27.0,Medium,Medium,1 failed authentication events; 1 high-risk IAM events; 1 credential-access alerts; 1 PowerShell alerts; 7 events after identity termination
EMP12436,om.bawa8,IT,Trainee,Active,1,1,2.0,0.0,0,0.0,49.0,49.0,1.0,2.0,2.0,0.0,1.0,0.0,0.0,1.0,0.0,1.0,0.0,0.0,0.0,1.0,,0,0,0,False,0.0,0.0,2.0,9.0,0.0,0,11.0,Low,Low,1 credential-access alerts; 1 PowerShell alerts
EMP12437,reva.nanda32,Sales,Executive,Inactive,1,1,2.0,0.0,1,0.0,1.0,1.0,1.0,0.0,3.0,0.0,1.0,0.0,0.0,1.0,0.0,0.0,0.0,0.0,0.0,1.0,2025-11-27 01:33:41,2,3,5,True,1.5,0.0,2.0,6.0,10.0,0,19.5,Low,Low,1 credential-access alerts; 5 events after identity termination
EMP12438,panini.randhawa28,R&D,Director,Active,1,1,6.0,1.0,2,0.0,33.0,52.0,1.0,4.0,1.0,0.0,1.0,0.0,0.0,1.0,0.0,0.0,0.0,0.0,0.0,1.0,,0,0,0,False,4.0,0.0,2.0,6.0,0.0,0,12.0,Low,Low,1 failed authentication events; 1 credential-access alerts
EMP12439,zinal.agarwal70,Legal,Executive,Active,1,1,8.0,2.0,6,3.0,54.43,97.0,1.0,7.0,4.0,0.0,1.0,0.0,0.0,1.0,0.0,1.0,1.0,1.0,0.0,1.0,,0,0,0,False,11.0,6.0,2.0,14.0,0.0,8,41.0,Medium,Medium,"elevated authentication risk (2 failed auth, 6 MFA failures); 3 high-risk IAM events; 1 credential-access alerts; 1 PowerShell alerts; 1 security-tampering alerts"
EMP12440,nisha.kari14,IT,Manager,Active,1,1,6.0,2.0,3,1.0,47.4,88.0,1.0,2.0,5.0,0.0,2.0,0.0,1.0,1.0,0.0,1.0,0.0,1.0,1.0,1.0,,0,0,0,False,6.5,2.0,4.0,16.0,0.0,5,33.5,Medium,Medium,2 failed authentication events; 1 high-risk IAM events; 1 malware alerts; 1 credential-access alerts; 1 PowerShell alerts
EMP12441,varenya.gala92,Supply Chain,Executive,Disabled,1,1,3.0,1.0,1,1.0,64.0,87.0,1.0,2.0,1.0,0.0,0.0,0.0,0.0,0.0,1.0,0.0,0.0,0.0,0.0,1.0,,0,0,0,False,2.5,2.0,0.0,6.0,0.0,0,10.5,Low,Low,1 failed authentication events; 1 high-risk IAM events; 1 lateral-movement alerts
EMP12442,,Procurement,Manager,Active,1,0,4.0,2.0,1,2.0,77.67,100.0,1.0,1.0,2.0,0.0,0.0,0.0,0.0,1.0,1.0,0.0,0.0,0.0,0.0,2.0,,0,0,0,False,3.5,4.0,0.0,12.0,0.0,0,19.5,Low,Low,2 failed authentication events; 2 high-risk IAM events; 1 credential-access alerts; 1 lateral-movement alerts
EMP12443,chanakya.raj3,Legal,Trainee,Active,1,0,2.0,0.0,1,1.0,91.0,91.0,1.0,2.0,3.0,1.0,1.0,1.0,0.0,2.0,0.0,1.0,1.0,0.0,0.0,2.0,,0,0,0,False,1.5,2.0,7.0,15.0,2.0,0,27.5,Medium,Medium,1 high-risk IAM events; 2 credential-access alerts; 1 PowerShell alerts; 1 security-tampering alerts; 1 critical endpoint alerts; 1 unresolved critical alerts
EMP12444,raagini.bhakta93,Operations,Specialist,Inactive,1,1,4.0,1.0,3,0.0,44.0,59.0,1.0,2.0,3.0,0.0,0.0,0.0,0.0,0.0,1.0,2.0,1.0,0.0,0.0,1.0,2026-05-26 07:39:00,4,2,6,True,5.5,0.0,0.0,14.0,10.0,0,29.5,Medium,Medium,1 failed authentication events; 1 lateral-movement alerts; 2 PowerShell alerts; 1 security-tampering alerts; 6 events after identity termination
EMP12445,madhavi.pandya32,Human Resources,Specialist,Active,1,1,2.0,1.0,1,0.0,0.0,0.0,1.0,1.0,3.0,0.0,3.0,0.0,0.0,0.0,0.0,2.0,0.0,1.0,0.0,1.0,,0,0,0,False,2.5,0.0,5.0,5.0,0.0,0,12.5,Low,Low,1 failed authentication events; 2 PowerShell alerts
EMP12446,aradhana.saha89,Human Resources,Consultant,Disabled,1,1,3.0,1.0,1,1.0,59.0,74.0,1.0,1.0,7.0,1.0,2.0,1.0,2.0,1.0,1.0,1.0,1.0,0.0,0.0,1.0,2026-02-08 00:00:00,3,6,9,True,2.5,2.0,9.0,30.0,12.0,10,65.5,High,High,1 failed authentication events; 1 high-risk IAM events; 2 malware alerts; 1 credential-access alerts; 1 lateral-movement alerts; 1 PowerShell alerts; 1 security-tampering alerts; 1 critical endpoint alerts; 9 events after identity termination; 1 unresolved critical alerts
EMP12447,umang.sharma23,IT,Executive,Active,0,1,8.0,3.0,3,1.0,49.17,78.0,1.0,4.0,3.0,0.0,0.0,0.0,1.0,0.0,1.0,0.0,0.0,0.0,0.0,1.0,,0,0,0,False,7.5,2.0,0.0,12.0,0.0,5,26.5,Medium,Medium,3 failed authentication events; 1 high-risk IAM events; 1 malware alerts; 1 lateral-movement alerts
EMP12448,aarna.magar22,Procurement,Consultant,Active,1,0,2.0,0.0,2,0.0,48.0,48.0,1.0,2.0,4.0,0.0,1.0,0.0,0.0,0.0,1.0,1.0,0.0,2.0,0.0,1.0,,0,0,0,False,3.0,0.0,2.0,11.0,0.0,0,16.0,Low,Low,1 lateral-movement alerts; 1 PowerShell alerts
EMP12449,azad.natarajan76,Procurement,Executive,Active,1,1,4.0,2.0,1,0.0,17.5,19.0,1.0,2.0,2.0,0.0,2.0,0.0,1.0,0.0,1.0,0.0,1.0,0.0,0.0,1.0,,0,0,0,False,3.5,0.0,4.0,16.0,0.0,5,28.5,Medium,Medium,2 failed authentication events; 1 malware alerts; 1 lateral-movement alerts; 1 security-tampering alerts
EMP12450,hiral.bansal2,R&D,Administrator,Active,0,1,9.0,3.0,4,5.0,63.12,100.0,1.0,6.0,5.0,0.0,1.0,0.0,1.0,1.0,1.0,1.0,0.0,2.0,0.0,1.0,,0,0,0,False,9.0,10.0,2.0,23.0,0.0,10,54.0,High,High,"elevated authentication risk (3 failed auth, 4 MFA failures); 5 high-risk IAM events; 1 malware alerts; 1 credential-access alerts; 1 lateral-movement alerts; 1 PowerShell alerts"
EMP12451,prisha.chhabra98,Procurement,Director,Active,1,0,4.0,2.0,0,1.0,50.67,99.0,1.0,2.0,4.0,0.0,1.0,0.0,2.0,0.0,0.0,1.0,1.0,1.0,0.0,1.0,,0,0,0,False,2.0,2.0,2.0,20.0,0.0,0,26.0,Medium,Medium,2 failed authentication events; 1 high-risk IAM events; 2 malware alerts; 1 PowerShell alerts; 1 security-tampering alerts
EMP12452,hritik.raman63,IT,Officer,Active,1,1,3.0,1.0,1,0.0,56.0,66.0,1.0,2.0,3.0,1.0,0.0,1.0,0.0,1.0,0.0,1.0,0.0,1.0,0.0,2.0,,0,0,0,False,2.5,0.0,5.0,10.0,2.0,0,19.5,Low,Low,1 failed authentication events; 1 credential-access alerts; 1 PowerShell alerts; 1 critical endpoint alerts; 1 unresolved critical alerts
EMP12453,joshua.mohanty72,Operations,Specialist,Active,1,1,8.0,3.0,2,1.0,55.0,91.0,1.0,4.0,0.0,0.0,0.0,0.0,0.0,0.0,0.0,0.0,0.0,0.0,0.0,0.0,,0,0,0,False,6.0,2.0,0.0,0.0,0.0,0,8.0,Low,Low,3 failed authentication events; 1 high-risk IAM events
EMP12454,arunima.khare25,Procurement,Officer,Active,0,1,5.0,1.0,1,1.0,49.33,81.0,1.0,2.0,1.0,0.0,1.0,0.0,0.0,0.0,0.0,1.0,0.0,0.0,0.0,1.0,,0,0,0,False,2.5,2.0,2.0,3.0,0.0,0,9.5,Low,Low,1 failed authentication events; 1 high-risk IAM events; 1 PowerShell alerts
EMP12455,devansh.deshmukh67,Operations,Engineer,Active,1,1,8.0,1.0,0,2.0,38.25,96.0,1.0,6.0,1.0,0.0,0.0,0.0,0.0,1.0,0.0,0.0,0.0,0.0,0.0,1.0,,0,0,0,False,1.0,4.0,0.0,6.0,0.0,0,11.0,Low,Low,1 failed authentication events; 2 high-risk IAM events; 1 credential-access alerts
EMP12456,ira.shroff38,Procurement,Officer,Active,1,0,8.0,2.0,1,2.0,52.25,94.0,1.0,7.0,3.0,0.0,0.0,0.0,2.0,0.0,0.0,0.0,0.0,1.0,0.0,1.0,,0,0,0,False,3.5,4.0,0.0,13.0,0.0,0,20.5,Low,Low,2 failed authentication events; 2 high-risk IAM events; 2 malware alerts
EMP12457,yashawini.chawla66,Compliance,Analyst,Disabled,1,1,5.0,1.0,1,1.0,43.0,86.0,1.0,2.0,5.0,1.0,1.0,1.0,1.0,0.0,0.0,1.0,0.0,3.0,0.0,1.0,2021-06-15 02:12:00,5,3,8,True,2.5,2.0,7.0,11.0,12.0,0,34.5,Medium,Medium,1 failed authentication events; 1 high-risk IAM events; 1 malware alerts; 1 PowerShell alerts; 1 critical endpoint alerts; 8 events after identity termination; 1 unresolved critical alerts
EMP12458,pavani.kara6,Legal,Director,Inactive,1,1,3.0,2.0,2,0.0,22.0,26.0,1.0,2.0,2.0,0.0,0.0,0.0,0.0,0.0,0.0,1.0,0.0,1.0,0.0,1.0,2021-09-04 00:00:00,3,2,5,True,5.0,0.0,0.0,4.0,10.0,0,19.0,Low,Low,2 failed authentication events; 1 PowerShell alerts; 5 events after identity termination
EMP12459,amaira.dani33,Operations,Officer,Active,1,1,4.0,2.0,2,1.0,41.5,71.0,1.0,3.0,2.0,0.0,0.0,0.0,0.0,1.0,0.0,0.0,1.0,0.0,0.0,1.0,,0,0,0,False,5.0,2.0,0.0,10.0,0.0,0,17.0,Low,Low,2 failed authentication events; 1 high-risk IAM events; 1 credential-access alerts; 1 security-tampering alerts
EMP12460,reyansh.chana86,IT,Consultant,Disabled,1,1,2.0,1.0,1,0.0,46.0,46.0,1.0,2.0,1.0,0.0,1.0,0.0,0.0,1.0,0.0,0.0,0.0,0.0,0.0,1.0,,0,0,0,False,2.5,0.0,2.0,6.0,0.0,0,10.5,Low,Low,1 failed authentication events; 1 credential-access alerts
EMP12461,nachiket.ganguly96,Human Resources,Officer,Active,1,1,7.0,1.0,2,2.0,56.17,95.0,1.0,4.0,2.0,0.0,0.0,0.0,1.0,0.0,0.0,0.0,1.0,1.0,0.0,1.0,,0,0,0,False,4.0,4.0,0.0,11.0,0.0,0,19.0,Low,Low,1 failed authentication events; 2 high-risk IAM events; 1 malware alerts; 1 security-tampering alerts
EMP12462,chavvi.prashad2,IT,Analyst,Active,0,0,6.0,2.0,4,2.0,70.2,93.0,1.0,1.0,3.0,0.0,0.0,0.0,2.0,0.0,1.0,0.0,0.0,0.0,0.0,1.0,,0,0,0,False,8.0,4.0,0.0,18.0,0.0,10,40.0,Medium,Medium,"elevated authentication risk (2 failed auth, 4 MFA failures); 2 high-risk IAM events; 2 malware alerts; 1 lateral-movement alerts"
EMP12463,daksha_dube52,Human Resources,Specialist,Active,1,1,6.0,1.0,2,1.0,38.6,70.0,1.0,4.0,1.0,0.0,0.0,0.0,1.0,0.0,0.0,0.0,0.0,0.0,0.0,1.0,,0,0,0,False,4.0,2.0,0.0,6.0,0.0,0,12.0,Low,Low,1 failed authentication events; 1 high-risk IAM events; 1 malware alerts
EMP12464,,Legal,Administrator,Active,0,1,5.0,0.0,1,0.0,48.0,68.0,1.0,3.0,4.0,1.0,1.0,1.0,1.0,1.0,1.0,1.0,0.0,0.0,0.0,2.0,,0,0,0,False,1.5,0.0,7.0,21.0,2.0,10,41.5,Medium,Medium,1 malware alerts; 1 credential-access alerts; 1 lateral-movement alerts; 1 PowerShell alerts; 1 critical endpoint alerts; 1 unresolved critical alerts
EMP12465,thomas.majumdar70,Marketing,Director,Active,1,1,8.0,5.0,5,3.0,72.0,93.0,1.0,3.0,2.0,0.0,1.0,0.0,0.0,0.0,0.0,1.0,0.0,0.0,0.0,1.0,,0,0,0,False,12.5,11.0,2.0,3.0,0.0,3,31.5,Medium,Medium,"elevated authentication risk (5 failed auth, 5 MFA failures); 3 high-risk IAM events; 1 PowerShell alerts"
EMP12466,ojasvi.natt3,Human Resources,Officer,Inactive,1,1,2.0,1.0,0,0.0,37.0,37.0,1.0,0.0,2.0,0.0,0.0,0.0,0.0,1.0,0.0,0.0,0.0,1.0,0.0,1.0,2025-08-31 00:17:54,2,1,3,True,1.0,0.0,0.0,7.0,9.0,0,17.0,Low,Low,1 failed authentication events; 1 credential-access alerts; 3 events after identity termination
EMP12467,chaitaly.char55,Operations,Manager,Inactive,1,1,5.0,1.0,2,4.0,67.6,94.0,1.0,3.0,1.0,0.0,0.0,0.0,0.0,0.0,1.0,0.0,1.0,0.0,0.0,0.0,,0,0,0,False,4.0,8.0,0.0,10.0,0.0,0,22.0,Low,Low,1 failed authentication events; 4 high-risk IAM events; 1 lateral-movement alerts; 1 security-tampering alerts
EMP12468,manan.mittal77,IT,Director,Active,1,1,3.0,0.0,1,1.0,70.0,81.0,1.0,2.0,4.0,0.0,0.0,0.0,2.0,0.0,2.0,1.0,0.0,0.0,1.0,2.0,,0,0,0,False,1.5,2.0,0.0,23.0,0.0,5,31.5,Medium,Medium,1 high-risk IAM events; 2 malware alerts; 2 lateral-movement alerts; 1 PowerShell alerts
EMP12469,quincy.bhandari48,Finance,Administrator,Disabled,1,1,2.0,1.0,1,0.0,34.5,51.0,1.0,0.0,1.0,0.0,0.0,0.0,0.0,0.0,0.0,0.0,0.0,0.0,0.0,1.0,2023-12-31 23:33:42,1,1,2,True,2.5,0.0,0.0,0.0,6.0,0,8.5,Low,Low,1 failed authentication events; 2 events after identity termination
EMP12470,saanvi.manda62,Finance,Consultant,Inactive,1,1,4.0,3.0,3,0.0,44.0,44.0,1.0,0.0,2.0,0.0,1.0,0.0,0.0,0.0,0.0,1.0,0.0,2.0,0.0,1.0,2021-08-09 07:34:06,4,2,6,True,7.5,0.0,2.0,5.0,10.0,0,24.5,Medium,Medium,3 failed authentication events; 1 PowerShell alerts; 6 events after identity termination
EMP12471,azad_bal82,Marketing,Trainee,Active,1,1,6.0,3.0,3,2.0,89.5,92.0,1.0,4.0,2.0,0.0,0.0,0.0,1.0,0.0,0.0,0.0,0.0,0.0,0.0,1.0,,0,0,0,False,7.5,4.0,0.0,6.0,0.0,0,17.5,Low,Low,3 failed authentication events; 2 high-risk IAM events; 1 malware alerts
EMP12472,qadim.lalla39,Customer Support,Administrator,Active,1,1,6.0,0.0,3,1.0,46.25,88.0,1.0,3.0,2.0,0.0,1.0,0.0,1.0,0.0,0.0,0.0,0.0,1.0,0.0,1.0,,0,0,0,False,4.5,2.0,2.0,7.0,0.0,0,15.5,Low,Low,1 high-risk IAM events; 1 malware alerts
EMP12473,anmol.bajwa13,Sales,Officer,Active,1,1,2.0,1.0,1,1.0,60.0,73.0,1.0,1.0,4.0,0.0,1.0,0.0,2.0,1.0,0.0,0.0,1.0,1.0,0.0,1.0,,0,0,0,False,2.5,2.0,2.0,23.0,0.0,5,34.5,Medium,Medium,1 failed authentication events; 1 high-risk IAM events; 2 malware alerts; 1 credential-access alerts; 1 security-tampering alerts
EMP12474,yutika.borde37,Operations,Consultant,Active,1,1,6.0,2.0,1,1.0,50.75,94.0,1.0,5.0,5.0,0.0,3.0,0.0,2.0,1.0,1.0,0.0,0.0,0.0,0.0,1.0,,0,0,0,False,3.5,2.0,5.0,24.0,0.0,10,44.5,Medium,Medium,2 failed authentication events; 1 high-risk IAM events; 2 malware alerts; 1 credential-access alerts; 1 lateral-movement alerts
EMP12475,kabir.joshi32,Compliance,Executive,Inactive,1,1,6.0,1.0,1,2.0,49.17,85.0,1.0,4.0,3.0,0.0,0.0,0.0,2.0,1.0,0.0,0.0,0.0,0.0,0.0,1.0,,0,0,0,False,2.5,4.0,0.0,18.0,0.0,5,29.5,Medium,Medium,1 failed authentication events; 2 high-risk IAM events; 2 malware alerts; 1 credential-access alerts
EMP12476,laksh.kakar31,Finance,Trainee,Active,1,1,5.0,3.0,3,0.0,22.75,63.0,1.0,4.0,6.0,1.0,1.0,1.0,3.0,0.0,3.0,0.0,0.0,0.0,0.0,2.0,,0,0,0,False,7.5,0.0,7.0,20.0,2.0,5,41.5,Medium,Medium,3 failed authentication events; 3 malware alerts; 3 lateral-movement alerts; 1 critical endpoint alerts; 1 unresolved critical alerts
EMP12477,mitali.madan32,Procurement,Consultant,Active,1,1,8.0,1.0,2,2.0,65.2,92.0,1.0,4.0,4.0,0.0,0.0,0.0,1.0,0.0,1.0,1.0,0.0,1.0,0.0,1.0,,0,0,0,False,4.0,4.0,0.0,16.0,0.0,5,29.0,Medium,Medium,1 failed authentication events; 2 high-risk IAM events; 1 malware alerts; 1 lateral-movement alerts; 1 PowerShell alerts
EMP12478,tanay.khosla86,Marketing,Executive,Active,1,1,6.0,1.0,3,2.0,65.67,100.0,1.0,3.0,3.0,1.0,0.0,1.0,2.0,0.0,0.0,0.0,1.0,0.0,0.0,1.0,,0,0,0,False,5.5,4.0,5.0,16.0,2.0,0,32.5,Medium,Medium,1 failed authentication events; 2 high-risk IAM events; 2 malware alerts; 1 security-tampering alerts; 1 critical endpoint alerts; 1 unresolved critical alerts
EMP12479,abdul.nair65,Operations,Trainee,Active,1,1,4.0,2.0,2,0.0,3.0,3.0,1.0,2.0,0.0,0.0,0.0,0.0,0.0,0.0,0.0,0.0,0.0,0.0,0.0,0.0,,0,0,0,False,5.0,0.0,0.0,0.0,0.0,0,5.0,Low,Low,2 failed authentication events
EMP12480,harita.dutta68,IT,Consultant,Active,0,1,2.0,1.0,1,1.0,74.0,91.0,1.0,1.0,2.0,0.0,1.0,0.0,1.0,0.0,0.0,0.0,1.0,0.0,0.0,1.0,,0,0,0,False,2.5,2.0,2.0,10.0,0.0,0,16.5,Low,Low,1 failed authentication events; 1 high-risk IAM events; 1 malware alerts; 1 security-tampering alerts
EMP12481,samaksh.dey30,Operations,Engineer,Active,1,1,5.0,2.0,2,0.0,39.0,59.0,1.0,1.0,4.0,1.0,0.0,1.0,2.0,0.0,1.0,0.0,0.0,1.0,0.0,1.0,,0,0,0,False,5.0,0.0,5.0,19.0,2.0,5,36.0,Medium,Medium,2 failed authentication events; 2 malware alerts; 1 lateral-movement alerts; 1 critical endpoint alerts; 1 unresolved critical alerts
EMP12482,chakrika.nagar94,Marketing,Manager,Active,1,1,4.0,1.0,2,2.0,78.5,85.0,1.0,3.0,4.0,0.0,2.0,0.0,2.0,0.0,1.0,1.0,0.0,0.0,0.0,2.0,,0,0,0,False,4.0,4.0,4.0,21.0,0.0,5,38.0,Medium,Medium,1 failed authentication events; 2 high-risk IAM events; 2 malware alerts; 1 lateral-movement alerts; 1 PowerShell alerts
EMP12483,aarna.virk59,Sales,Administrator,Active,1,1,6.0,2.0,3,0.0,40.4,69.0,1.0,4.0,4.0,1.0,2.0,0.0,1.0,1.0,0.0,2.0,1.0,0.0,0.0,2.0,,0,0,0,False,6.5,0.0,9.0,20.0,0.0,5,40.5,Medium,Medium,2 failed authentication events; 1 malware alerts; 1 credential-access alerts; 2 PowerShell alerts; 1 security-tampering alerts; 1 critical endpoint alerts
EMP12484,aahana.seth4,Sales,Engineer,Active,1,1,6.0,3.0,1,1.0,36.0,84.0,1.0,3.0,2.0,1.0,0.0,1.0,0.0,0.0,1.0,1.0,0.0,1.0,0.0,1.0,,0,0,0,False,4.5,2.0,5.0,10.0,2.0,0,23.5,Low,Low,3 failed authentication events; 1 high-risk IAM events; 1 lateral-movement alerts; 1 PowerShell alerts; 1 critical endpoint alerts; 1 unresolved critical alerts
EMP12485,kamya.deo83,Customer Support,Specialist,Active,0,1,4.0,1.0,1,1.0,47.67,81.0,1.0,1.0,5.0,0.0,1.0,0.0,3.0,1.0,0.0,0.0,1.0,1.0,0.0,2.0,,0,0,0,False,2.5,2.0,2.0,23.0,0.0,5,34.5,Medium,Medium,1 failed authentication events; 1 high-risk IAM events; 3 malware alerts; 1 credential-access alerts; 1 security-tampering alerts
EMP12486,charvi_om72,Human Resources,Consultant,Active,1,0,9.0,1.0,2,4.0,76.43,94.0,1.0,6.0,1.0,0.0,1.0,0.0,1.0,0.0,0.0,0.0,0.0,0.0,0.0,1.0,,0,0,0,False,4.0,8.0,2.0,6.0,0.0,0,20.0,Low,Low,1 failed authentication events; 4 high-risk IAM events; 1 malware alerts
EMP12487,keya.khanna72,Legal,Executive,Active,1,1,9.0,4.0,2,4.0,57.14,90.0,1.0,5.0,4.0,1.0,2.0,1.0,1.0,0.0,0.0,0.0,1.0,1.0,0.0,1.0,,0,0,0,False,7.0,8.0,9.0,11.0,2.0,0,37.0,Medium,Medium,4 failed authentication events; 4 high-risk IAM events; 1 malware alerts; 1 security-tampering alerts; 1 critical endpoint alerts; 1 unresolved critical alerts
EMP12488,jhalak.ben53,Operations,Engineer,Active,1,1,4.0,2.0,3,1.0,50.33,76.0,1.0,2.0,3.0,1.0,1.0,0.0,0.0,1.0,0.0,0.0,0.0,1.0,0.0,1.0,,0,0,0,False,6.5,2.0,7.0,7.0,0.0,0,22.5,Low,Low,2 failed authentication events; 1 high-risk IAM events; 1 credential-access alerts; 1 critical endpoint alerts
EMP12489,ronith.toor73,Human Resources,Consultant,Active,1,0,4.0,0.0,0,0.0,19.0,35.0,1.0,3.0,1.0,0.0,0.0,0.0,0.0,0.0,0.0,0.0,0.0,1.0,0.0,1.0,,0,0,0,False,0.0,0.0,0.0,1.0,0.0,0,1.0,Low,Low,No high-priority risk drivers
EMP12490,laban.sridhar64,Human Resources,Trainee,Inactive,1,0,4.0,1.0,1,1.0,67.67,78.0,1.0,3.0,2.0,0.0,1.0,0.0,0.0,1.0,0.0,0.0,0.0,1.0,0.0,1.0,2026-04-17 04:12:42,4,2,6,True,2.5,2.0,2.0,7.0,10.0,0,23.5,Low,Low,1 failed authentication events; 1 high-risk IAM events; 1 credential-access alerts; 6 events after identity termination
EMP12491,unni.salvi40,Sales,Engineer,Active,1,0,4.0,1.0,2,0.0,39.0,64.0,1.0,2.0,2.0,0.0,1.0,0.0,0.0,1.0,0.0,0.0,0.0,0.0,0.0,1.0,,0,0,0,False,4.0,0.0,2.0,6.0,0.0,0,12.0,Low,Low,1 failed authentication events; 1 credential-access alerts
EMP12492,jonathan.krish81,Legal,Administrator,Active,1,1,4.0,1.0,2,0.0,24.0,42.0,1.0,2.0,2.0,0.0,0.0,0.0,0.0,0.0,1.0,0.0,0.0,0.0,0.0,1.0,,0,0,0,False,4.0,0.0,0.0,6.0,0.0,0,10.0,Low,Low,1 failed authentication events; 1 lateral-movement alerts
EMP12493,ojasvi.vohra89,IT,Manager,Active,1,1,4.0,1.0,1,0.0,20.0,20.0,1.0,2.0,1.0,1.0,0.0,1.0,0.0,0.0,0.0,0.0,0.0,0.0,0.0,1.0,,0,0,0,False,2.5,0.0,5.0,0.0,2.0,0,9.5,Low,Low,1 failed authentication events; 1 critical endpoint alerts; 1 unresolved critical alerts
EMP12494,dayita.bhatia69,Sales,Consultant,Active,1,1,2.0,0.0,1,1.0,70.0,70.0,1.0,0.0,0.0,0.0,0.0,0.0,0.0,0.0,0.0,0.0,0.0,0.0,0.0,0.0,,0,0,0,False,1.5,2.0,0.0,0.0,0.0,0,3.5,Low,Low,1 high-risk IAM events
EMP12495,chandani.jain37,Finance,Administrator,Active,1,1,7.0,1.0,3,2.0,53.0,84.0,1.0,4.0,3.0,1.0,0.0,0.0,0.0,1.0,1.0,1.0,0.0,0.0,0.0,1.0,,0,0,0,False,5.5,4.0,5.0,15.0,0.0,0,29.5,Medium,Medium,1 failed authentication events; 2 high-risk IAM events; 1 credential-access alerts; 1 lateral-movement alerts; 1 PowerShell alerts; 1 critical endpoint alerts
EMP12496,anusha.bawa86,Supply Chain,Trainee,Active,1,1,10.0,2.0,3,1.0,53.2,73.0,1.0,5.0,0.0,0.0,0.0,0.0,0.0,0.0,0.0,0.0,0.0,0.0,0.0,0.0,,0,0,0,False,6.5,2.0,0.0,0.0,0.0,0,8.5,Low,Low,2 failed authentication events; 1 high-risk IAM events
EMP12497,ethan.dave63,Operations,Specialist,Inactive,1,1,12.0,3.0,5,1.0,37.89,74.0,1.0,6.0,4.0,0.0,0.0,0.0,0.0,0.0,0.0,1.0,0.0,1.0,0.0,2.0,,0,0,0,False,10.5,2.0,0.0,4.0,0.0,0,16.5,Low,Low,"elevated authentication risk (3 failed auth, 5 MFA failures); 1 high-risk IAM events; 1 PowerShell alerts"
EMP12498,lekha.kapoor10,Innovation,Specialist,Active,1,1,4.0,1.0,2,1.0,46.5,70.0,1.0,1.0,5.0,0.0,3.0,0.0,1.0,1.0,1.0,1.0,0.0,1.0,0.0,1.0,,0,0,0,False,4.0,2.0,5.0,22.0,0.0,10,43.0,Medium,Medium,1 failed authentication events; 1 high-risk IAM events; 1 malware alerts; 1 credential-access alerts; 1 lateral-movement alerts; 1 PowerShell alerts
EMP12499,naveen.borah10,Finance,Administrator,Active,1,1,9.0,2.0,2,3.0,48.25,100.0,1.0,3.0,5.0,0.0,3.0,0.0,2.0,2.0,1.0,0.0,1.0,0.0,0.0,1.0,,0,0,0,False,5.0,6.0,5.0,30.0,0.0,10,56.0,High,High,2 failed authentication events; 3 high-risk IAM events; 2 malware alerts; 2 credential-access alerts; 1 lateral-movement alerts; 1 security-tampering alerts
EMP12500,shivansh.taneja60,IT,Consultant,Active,1,1,9.0,3.0,5,2.0,44.17,76.0,1.0,3.0,1.0,0.0,1.0,0.0,1.0,0.0,0.0,0.0,0.0,0.0,0.0,1.0,,0,0,0,False,10.5,4.0,2.0,6.0,0.0,5,27.5,Medium,Medium,"elevated authentication risk (3 failed auth, 5 MFA failures); 2 high-risk IAM events; 1 malware alerts"
EMP12501,damyanti.misra13,Marketing,Engineer,Active,1,1,3.0,0.0,1,0.0,51.5,58.0,1.0,3.0,4.0,0.0,1.0,0.0,1.0,1.0,2.0,0.0,0.0,0.0,0.0,1.0,,0,0,0,False,1.5,0.0,2.0,20.0,0.0,10,33.5,Medium,Medium,1 malware alerts; 1 credential-access alerts; 2 lateral-movement alerts
EMP12502,bina.agate14,Human Resources,Executive,Active,1,0,11.0,2.0,3,4.0,53.75,94.0,1.0,9.0,6.0,0.0,2.0,0.0,0.0,1.0,1.0,0.0,1.0,1.0,0.0,1.0,,0,0,0,False,6.5,8.0,4.0,17.0,0.0,3,38.5,Medium,Medium,2 failed authentication events; 4 high-risk IAM events; 1 credential-access alerts; 1 lateral-movement alerts; 1 security-tampering alerts
EMP12503,gautam.sastry56,Customer Support,Manager,Active,1,1,1.0,0.0,1,0.0,0.0,0.0,1.0,0.0,3.0,0.0,2.0,0.0,2.0,0.0,1.0,0.0,0.0,0.0,0.0,1.0,,0,0,0,False,1.5,0.0,4.0,18.0,0.0,5,28.5,Medium,Medium,2 malware alerts; 1 lateral-movement alerts
EMP12504,jatin_das11,Marketing,Consultant,Active,1,1,5.0,0.0,1,1.0,43.8,88.0,1.0,3.0,1.0,0.0,0.0,0.0,1.0,0.0,0.0,0.0,0.0,0.0,0.0,1.0,,0,0,0,False,1.5,2.0,0.0,6.0,0.0,0,9.5,Low,Low,1 high-risk IAM events; 1 malware alerts
EMP12505,radhika.bath93,Procurement,Executive,Active,1,1,74.0,21.0,29,18.0,47.76,98.0,1.0,42.0,2.0,0.0,1.0,0.0,0.0,0.0,0.0,2.0,0.0,0.0,0.0,2.0,,0,0,0,False,20.0,20.0,2.0,4.0,0.0,3,49.0,Medium,Medium,"elevated authentication risk (21 failed auth, 29 MFA failures); 18 high-risk IAM events; 2 PowerShell alerts"
EMP12506,tanveer.sachdev72,Legal,Director,Disabled,1,1,3.0,2.0,2,1.0,65.0,93.0,1.0,1.0,0.0,0.0,0.0,0.0,0.0,0.0,0.0,0.0,0.0,0.0,0.0,0.0,,0,0,0,False,5.0,2.0,0.0,0.0,0.0,0,7.0,Low,Low,2 failed authentication events; 1 high-risk IAM events
EMP12507,anusha.doshi69,IT,Trainee,Active,1,1,8.0,2.0,3,1.0,42.0,91.0,1.0,5.0,3.0,0.0,1.0,0.0,1.0,0.0,1.0,0.0,1.0,0.0,0.0,1.0,,0,0,0,False,6.5,2.0,2.0,16.0,0.0,5,31.5,Medium,Medium,2 failed authentication events; 1 high-risk IAM events; 1 malware alerts; 1 lateral-movement alerts; 1 security-tampering alerts
EMP12508,yashica.kumer96,Human Resources,Manager,Active,1,1,3.0,2.0,1,0.0,45.0,62.0,1.0,3.0,1.0,0.0,0.0,0.0,1.0,0.0,0.0,0.0,1.0,0.0,0.0,1.0,,0,0,0,False,3.5,0.0,0.0,10.0,0.0,0,13.5,Low,Low,2 failed authentication events; 1 malware alerts; 1 security-tampering alerts
EMP12509,zarna.pall69,Finance,Specialist,Active,1,1,5.0,0.0,1,1.0,46.0,79.0,1.0,4.0,2.0,0.0,0.0,0.0,1.0,0.0,0.0,1.0,0.0,0.0,0.0,1.0,,0,0,0,False,1.5,2.0,0.0,9.0,0.0,0,12.5,Low,Low,1 high-risk IAM events; 1 malware alerts; 1 PowerShell alerts
EMP12510,mohammed.modi93,Compliance,Analyst,Active,1,1,4.0,0.0,2,2.0,57.67,78.0,1.0,4.0,1.0,0.0,0.0,0.0,1.0,0.0,0.0,0.0,0.0,0.0,0.0,1.0,,0,0,0,False,3.0,4.0,0.0,6.0,0.0,0,13.0,Low,Low,2 high-risk IAM events; 1 malware alerts
EMP12511,ekani.subramanian65,Human Resources,Analyst,Inactive,1,1,4.0,1.0,2,1.0,45.0,96.0,1.0,4.0,1.0,0.0,0.0,0.0,0.0,0.0,0.0,0.0,0.0,0.0,0.0,1.0,2024-07-04 04:56:11,3,1,4,True,4.0,2.0,0.0,0.0,10.0,0,16.0,Low,Low,1 failed authentication events; 1 high-risk IAM events; 4 events after identity termination
EMP12512,,Customer Support,Trainee,Active,1,1,5.0,3.0,3,1.0,53.5,82.0,1.0,2.0,1.0,0.0,1.0,0.0,0.0,1.0,0.0,1.0,1.0,0.0,0.0,0.0,,0,0,0,False,7.5,2.0,2.0,13.0,0.0,0,24.5,Medium,Medium,3 failed authentication events; 1 high-risk IAM events; 1 credential-access alerts; 1 PowerShell alerts; 1 security-tampering alerts
EMP12513,chakradev.chakraborty45,Customer Support,Specialist,Active,1,1,6.0,1.0,2,0.0,35.25,53.0,1.0,3.0,3.0,0.0,1.0,0.0,1.0,0.0,1.0,0.0,0.0,0.0,0.0,1.0,,0,0,0,False,4.0,0.0,2.0,12.0,0.0,5,23.0,Low,Low,1 failed authentication events; 1 malware alerts; 1 lateral-movement alerts
EMP12514,krisha.iyengar8,IT,Consultant,Active,0,1,7.0,1.0,2,1.0,48.4,83.0,1.0,4.0,3.0,0.0,0.0,0.0,2.0,0.0,0.0,0.0,1.0,0.0,0.0,1.0,,0,0,0,False,4.0,2.0,0.0,16.0,0.0,0,22.0,Low,Low,1 failed authentication events; 1 high-risk IAM events; 2 malware alerts; 1 security-tampering alerts
EMP12515,onveer.wason58,Sales,Manager,Disabled,1,1,5.0,0.0,1,1.0,32.75,78.0,1.0,4.0,6.0,1.0,0.0,1.0,4.0,0.0,1.0,1.0,0.0,0.0,0.0,2.0,2023-08-14 12:06:35,4,6,10,True,1.5,2.0,5.0,21.0,12.0,5,46.5,Medium,Medium,1 high-risk IAM events; 4 malware alerts; 1 lateral-movement alerts; 1 PowerShell alerts; 1 critical endpoint alerts; 10 events after identity termination; 1 unresolved critical alerts
EMP12516,dakshesh.agate15,Human Resources,Director,Inactive,1,1,10.0,1.0,2,2.0,53.6,92.0,1.0,7.0,1.0,0.0,0.0,0.0,0.0,0.0,0.0,1.0,0.0,0.0,1.0,1.0,,0,0,0,False,4.0,4.0,0.0,3.0,0.0,0,11.0,Low,Low,1 failed authentication events; 2 high-risk IAM events; 1 PowerShell alerts
EMP12517,nakul.dave66,Sales,Trainee,Active,0,1,5.0,1.0,2,2.0,66.0,72.0,1.0,4.0,3.0,1.0,0.0,1.0,0.0,1.0,0.0,2.0,0.0,0.0,0.0,2.0,,0,0,0,False,4.0,4.0,5.0,10.0,2.0,0,25.0,Medium,Medium,1 failed authentication events; 2 high-risk IAM events; 1 credential-access alerts; 2 PowerShell alerts; 1 critical endpoint alerts; 1 unresolved critical alerts
EMP12518,rushil.kuruvilla99,Compliance,Director,Active,1,0,8.0,3.0,2,1.0,48.2,72.0,1.0,4.0,3.0,0.0,1.0,0.0,3.0,0.0,0.0,0.0,0.0,0.0,0.0,1.0,,0,0,0,False,6.0,2.0,2.0,12.0,0.0,0,22.0,Low,Low,3 failed authentication events; 1 high-risk IAM events; 3 malware alerts
EMP12519,chaaya.mody33,Marketing,Manager,Active,1,1,7.0,2.0,1,0.0,28.0,51.0,1.0,3.0,2.0,0.0,0.0,0.0,0.0,0.0,0.0,0.0,0.0,0.0,0.0,1.0,,0,0,0,False,3.5,0.0,0.0,0.0,0.0,0,3.5,Low,Low,2 failed authentication events
EMP12520,anamika.hegde80,R&D,Consultant,Active,1,1,5.0,4.0,3,0.0,43.0,54.0,1.0,1.0,2.0,1.0,1.0,1.0,0.0,1.0,1.0,1.0,0.0,0.0,0.0,2.0,,0,0,0,False,8.5,0.0,7.0,15.0,2.0,5,37.5,Medium,Medium,"elevated authentication risk (4 failed auth, 3 MFA failures); 1 credential-access alerts; 1 lateral-movement alerts; 1 PowerShell alerts; 1 critical endpoint alerts; 1 unresolved critical alerts"
EMP12521,jackson.sarma53,Brand,Analyst,Active,1,1,5.0,2.0,2,2.0,75.25,98.0,1.0,3.0,4.0,0.0,0.0,0.0,2.0,0.0,0.0,0.0,1.0,1.0,0.0,1.0,,0,0,0,False,5.0,4.0,0.0,17.0,0.0,0,26.0,Medium,Medium,2 failed authentication events; 2 high-risk IAM events; 2 malware alerts; 1 security-tampering alerts
EMP12522,kabir.thakur63,Sales,Analyst,Active,1,1,5.0,2.0,2,0.0,52.5,57.0,1.0,2.0,3.0,0.0,1.0,0.0,3.0,0.0,0.0,1.0,1.0,0.0,0.0,1.0,,0,0,0,False,5.0,0.0,2.0,19.0,0.0,0,26.0,Medium,Medium,2 failed authentication events; 3 malware alerts; 1 PowerShell alerts; 1 security-tampering alerts
EMP12523,lohit.bhasin66,Human Resources,Administrator,Active,1,1,8.0,5.0,6,2.0,55.0,100.0,1.0,5.0,3.0,0.0,0.0,0.0,0.0,1.0,1.0,1.0,1.0,0.0,0.0,1.0,,0,0,0,False,14.0,4.0,0.0,19.0,0.0,5,42.0,Medium,Medium,"elevated authentication risk (5 failed auth, 6 MFA failures); 2 high-risk IAM events; 1 credential-access alerts; 1 lateral-movement alerts; 1 PowerShell alerts; 1 security-tampering alerts"
EMP12524,dominic.talwar30,Supply Chain,Consultant,Active,1,1,8.0,4.0,3,1.0,57.6,80.0,1.0,6.0,0.0,0.0,0.0,0.0,0.0,0.0,0.0,0.0,0.0,0.0,0.0,0.0,,0,0,0,False,8.5,2.0,0.0,0.0,0.0,0,10.5,Low,Low,"elevated authentication risk (4 failed auth, 3 MFA failures); 1 high-risk IAM events"
EMP12525,oeshi.gara54,R&D,Director,Inactive,1,1,9.0,2.0,4,1.0,41.5,72.0,1.0,5.0,3.0,0.0,0.0,0.0,1.0,0.0,0.0,1.0,1.0,1.0,0.0,2.0,,0,0,0,False,8.0,2.0,0.0,14.0,0.0,5,29.0,Medium,Medium,"elevated authentication risk (2 failed auth, 4 MFA failures); 1 high-risk IAM events; 1 malware alerts; 1 PowerShell alerts; 1 security-tampering alerts"
EMP12526,max.bassi73,Finance,Executive,Inactive,1,1,5.0,0.0,2,1.0,43.75,70.0,1.0,3.0,5.0,0.0,1.0,0.0,3.0,1.0,0.0,1.0,0.0,0.0,2.0,1.0,,0,0,0,False,3.0,2.0,2.0,21.0,0.0,5,33.0,Medium,Medium,1 high-risk IAM events; 3 malware alerts; 1 credential-access alerts; 1 PowerShell alerts
EMP12527,joshua.dash97,Operations,Manager,Disabled,1,0,3.0,1.0,2,1.0,43.67,95.0,1.0,1.0,2.0,0.0,0.0,0.0,1.0,0.0,0.0,1.0,0.0,0.0,0.0,2.0,2026-08-23 18:46:51,1,1,2,True,4.0,2.0,0.0,9.0,6.0,0,21.0,Low,Low,1 failed authentication events; 1 high-risk IAM events; 1 malware alerts; 1 PowerShell alerts; 2 events after identity termination
EMP12528,,R&D,Administrator,On Leave,1,1,4.0,1.0,1,0.0,23.0,34.0,1.0,2.0,1.0,0.0,1.0,0.0,1.0,0.0,0.0,0.0,0.0,0.0,0.0,1.0,,0,0,0,False,2.5,0.0,2.0,6.0,0.0,0,10.5,Low,Low,1 failed authentication events; 1 malware alerts
EMP12529,kala.arora16,Human Resources,Director,Active,1,1,4.0,2.0,3,1.0,40.0,96.0,1.0,2.0,2.0,0.0,0.0,0.0,0.0,0.0,0.0,0.0,0.0,2.0,0.0,1.0,,0,0,0,False,6.5,2.0,0.0,2.0,0.0,0,10.5,Low,Low,2 failed authentication events; 1 high-risk IAM events
EMP12530,wazir.das67,Human Resources,Officer,Active,1,1,5.0,2.0,1,2.0,59.2,84.0,1.0,2.0,4.0,1.0,0.0,1.0,0.0,1.0,1.0,1.0,1.0,0.0,0.0,2.0,,0,0,0,False,3.5,4.0,5.0,19.0,2.0,0,33.5,Medium,Medium,2 failed authentication events; 2 high-risk IAM events; 1 credential-access alerts; 1 lateral-movement alerts; 1 PowerShell alerts; 1 security-tampering alerts; 1 critical endpoint alerts; 1 unresolved critical alerts
EMP12531,vincent.bora29,Sales,Engineer,Active,1,0,7.0,2.0,4,3.0,60.67,99.0,1.0,4.0,3.0,1.0,0.0,0.0,0.0,0.0,3.0,1.0,0.0,0.0,0.0,1.0,,0,0,0,False,8.0,6.0,5.0,11.0,0.0,8,38.0,Medium,Medium,"elevated authentication risk (2 failed auth, 4 MFA failures); 3 high-risk IAM events; 3 lateral-movement alerts; 1 PowerShell alerts; 1 critical endpoint alerts"
EMP12532,advaith.kumar2,Supply Chain,Analyst,Active,1,1,6.0,3.0,3,3.0,62.5,81.0,1.0,4.0,1.0,0.0,0.0,0.0,0.0,0.0,1.0,0.0,0.0,0.0,0.0,1.0,,0,0,0,False,7.5,6.0,0.0,6.0,0.0,3,22.5,Low,Low,3 failed authentication events; 3 high-risk IAM events; 1 lateral-movement alerts
EMP12533,qarin.hayer3,Finance,Officer,Active,1,0,7.0,2.0,2,2.0,69.33,90.0,1.0,6.0,2.0,0.0,0.0,0.0,1.0,0.0,0.0,0.0,0.0,0.0,1.0,1.0,,0,0,0,False,5.0,4.0,0.0,6.0,0.0,0,15.0,Low,Low,2 failed authentication events; 2 high-risk IAM events; 1 malware alerts
EMP12534,anvi.soni34,Human Resources,Executive,Active,1,0,5.0,1.0,3,2.0,69.75,96.0,1.0,4.0,3.0,0.0,0.0,0.0,1.0,0.0,1.0,1.0,0.0,0.0,0.0,1.0,,0,0,0,False,5.5,4.0,0.0,15.0,0.0,5,29.5,Medium,Medium,1 failed authentication events; 2 high-risk IAM events; 1 malware alerts; 1 lateral-movement alerts; 1 PowerShell alerts
EMP12535,,Finance,Analyst,Active,1,1,5.0,1.0,1,1.0,34.0,94.0,1.0,4.0,2.0,1.0,1.0,0.0,0.0,0.0,0.0,1.0,0.0,1.0,0.0,1.0,,0,0,0,False,2.5,2.0,7.0,4.0,0.0,0,15.5,Low,Low,1 failed authentication events; 1 high-risk IAM events; 1 PowerShell alerts; 1 critical endpoint alerts
EMP12536,ojasvi.varkey76,Brand,Manager,Active,1,1,6.0,3.0,4,0.0,29.0,41.0,1.0,3.0,3.0,0.0,0.0,0.0,1.0,1.0,0.0,1.0,0.0,1.0,0.0,1.0,,0,0,0,False,9.0,0.0,0.0,16.0,0.0,10,35.0,Medium,Medium,"elevated authentication risk (3 failed auth, 4 MFA failures); 1 malware alerts; 1 credential-access alerts; 1 PowerShell alerts"
EMP12537,girindra.peri83,People,Analyst,Active,1,0,5.0,1.0,4,2.0,72.0,88.0,1.0,2.0,5.0,1.0,2.0,1.0,2.0,0.0,2.0,1.0,0.0,0.0,0.0,1.0,,0,0,0,False,7.0,4.0,9.0,23.0,2.0,5,50.0,High,High,1 failed authentication events; 2 high-risk IAM events; 2 malware alerts; 2 lateral-movement alerts; 1 PowerShell alerts; 1 critical endpoint alerts; 1 unresolved critical alerts
EMP12538,ekapad.nayar19,Marketing,Officer,Active,1,0,6.0,3.0,3,2.0,65.5,91.0,1.0,4.0,2.0,1.0,1.0,1.0,0.0,1.0,0.0,1.0,1.0,0.0,0.0,1.0,,0,0,0,False,7.5,4.0,7.0,13.0,2.0,0,33.5,Medium,Medium,3 failed authentication events; 2 high-risk IAM events; 1 credential-access alerts; 1 PowerShell alerts; 1 security-tampering alerts; 1 critical endpoint alerts; 1 unresolved critical alerts
EMP12539,udarsh.kannan50,Marketing,Specialist,Active,1,1,5.0,1.0,1,1.0,29.0,81.0,1.0,2.0,1.0,0.0,0.0,0.0,0.0,0.0,0.0,0.0,0.0,0.0,0.0,1.0,,0,0,0,False,2.5,2.0,0.0,0.0,0.0,0,4.5,Low,Low,1 failed authentication events; 1 high-risk IAM events
EMP12540,kashvi_gulati39,Finance,Executive,Disabled,1,1,6.0,1.0,2,0.0,34.17,65.0,1.0,3.0,1.0,0.0,0.0,0.0,0.0,1.0,0.0,0.0,0.0,0.0,0.0,1.0,2026-02-16 23:12:36,4,1,5,True,4.0,0.0,0.0,6.0,10.0,0,20.0,Low,Low,1 failed authentication events; 1 credential-access alerts; 5 events after identity termination
EMP12541,saumya.contractor14,Customer Support,Specialist,Active,1,1,4.0,1.0,1,3.0,80.75,100.0,1.0,2.0,1.0,0.0,0.0,0.0,0.0,1.0,0.0,0.0,0.0,0.0,0.0,1.0,,0,0,0,False,2.5,6.0,0.0,6.0,0.0,0,14.5,Low,Low,1 failed authentication events; 3 high-risk IAM events; 1 credential-access alerts
EMP12542,karan.bala49,Sales,Analyst,Active,1,1,10.0,4.0,5,4.0,61.62,94.0,1.0,3.0,3.0,0.0,2.0,0.0,0.0,1.0,1.0,0.0,2.0,0.0,0.0,2.0,,0,0,0,False,11.5,8.0,4.0,17.0,0.0,8,48.5,Medium,Medium,"elevated authentication risk (4 failed auth, 5 MFA failures); 4 high-risk IAM events; 1 credential-access alerts; 1 lateral-movement alerts; 2 security-tampering alerts"
EMP12543,zayan.gole8,Finance,Analyst,Active,1,1,3.0,1.0,1,1.0,48.33,84.0,1.0,2.0,4.0,0.0,1.0,0.0,2.0,2.0,0.0,2.0,0.0,0.0,0.0,1.0,,0,0,0,False,2.5,2.0,2.0,24.0,0.0,5,35.5,Medium,Medium,1 failed authentication events; 1 high-risk IAM events; 2 malware alerts; 2 credential-access alerts; 2 PowerShell alerts
EMP12544,jason.memon54,Finance,Manager,Active,1,1,4.0,1.0,2,2.0,52.5,93.0,1.0,1.0,2.0,0.0,0.0,0.0,1.0,1.0,0.0,0.0,0.0,0.0,1.0,1.0,,0,0,0,False,4.0,4.0,0.0,12.0,0.0,5,25.0,Medium,Medium,1 failed authentication events; 2 high-risk IAM events; 1 malware alerts; 1 credential-access alerts
EMP12545,odika.gara44,R&D,Trainee,Active,1,1,6.0,2.0,5,0.0,27.6,62.0,1.0,4.0,1.0,0.0,1.0,0.0,1.0,0.0,0.0,0.0,0.0,0.0,0.0,1.0,,0,0,0,False,9.5,0.0,2.0,6.0,0.0,5,22.5,Low,Low,"elevated authentication risk (2 failed auth, 5 MFA failures); 1 malware alerts"
EMP12546,reva.nayak73,IT,Analyst,Active,1,1,61.0,17.0,23,13.0,49.49,100.0,1.0,31.0,3.0,0.0,0.0,0.0,1.0,1.0,0.0,0.0,0.0,0.0,0.0,2.0,,0,0,0,False,20.0,20.0,0.0,12.0,0.0,10,62.0,High,High,"elevated authentication risk (17 failed auth, 23 MFA failures); 13 high-risk IAM events; 1 malware alerts; 1 credential-access alerts"
EMP12547,hemani.oza5,R&D,Executive,Active,1,0,7.0,2.0,2,3.0,54.29,97.0,1.0,5.0,0.0,0.0,0.0,0.0,0.0,0.0,0.0,0.0,0.0,0.0,0.0,0.0,,0,0,0,False,5.0,6.0,0.0,0.0,0.0,0,11.0,Low,Low,2 failed authentication events; 3 high-risk IAM events
EMP12548,nachiket.singh66,Innovation,Manager,Active,1,0,9.0,3.0,3,1.0,31.62,92.0,1.0,5.0,0.0,0.0,0.0,0.0,0.0,0.0,0.0,0.0,0.0,0.0,0.0,0.0,,0,0,0,False,7.5,2.0,0.0,0.0,0.0,0,9.5,Low,Low,3 failed authentication events; 1 high-risk IAM events
EMP12549,neel.chad33,Operations,Administrator,On Leave,1,1,5.0,1.0,1,0.0,29.33,39.0,1.0,3.0,1.0,0.0,0.0,0.0,1.0,0.0,0.0,0.0,0.0,0.0,0.0,1.0,,0,0,0,False,2.5,0.0,0.0,6.0,0.0,0,8.5,Low,Low,1 failed authentication events; 1 malware alerts
EMP12550,charan.vora9,R&D,Analyst,Active,1,1,11.0,2.0,3,6.0,63.7,99.0,1.0,6.0,0.0,0.0,0.0,0.0,0.0,0.0,0.0,0.0,0.0,0.0,0.0,0.0,,0,0,0,False,6.5,12.0,0.0,0.0,0.0,3,21.5,Low,Low,2 failed authentication events; 6 high-risk IAM events
EMP12551,warinder.jaggi19,Sales,Administrator,Active,1,1,3.0,1.0,1,1.0,54.0,79.0,1.0,1.0,4.0,1.0,0.0,1.0,2.0,0.0,1.0,0.0,1.0,0.0,0.0,1.0,,0,0,0,False,2.5,2.0,5.0,22.0,2.0,5,38.5,Medium,Medium,1 failed authentication events; 1 high-risk IAM events; 2 malware alerts; 1 lateral-movement alerts; 1 security-tampering alerts; 1 critical endpoint alerts; 1 unresolved critical alerts
EMP12552,pooja.suresh19,Operations,Executive,Active,1,1,5.0,1.0,1,0.0,16.0,18.0,1.0,3.0,3.0,0.0,0.0,0.0,1.0,0.0,0.0,1.0,1.0,2.0,0.0,2.0,,0,0,0,False,2.5,0.0,0.0,15.0,0.0,0,17.5,Low,Low,1 failed authentication events; 1 malware alerts; 1 PowerShell alerts; 1 security-tampering alerts
EMP12553,tanish.kurian86,IT,Specialist,Disabled,1,1,5.0,1.0,2,1.0,44.0,78.0,1.0,3.0,3.0,1.0,0.0,1.0,0.0,0.0,1.0,0.0,1.0,1.0,1.0,1.0,,0,0,0,False,4.0,2.0,5.0,11.0,2.0,0,24.0,Low,Low,1 failed authentication events; 1 high-risk IAM events; 1 lateral-movement alerts; 1 security-tampering alerts; 1 critical endpoint alerts; 1 unresolved critical alerts
EMP12554,shivansh.bail27,Finance,Director,Active,1,1,4.0,0.0,1,1.0,40.75,100.0,1.0,3.0,4.0,1.0,0.0,1.0,1.0,2.0,0.0,0.0,0.0,1.0,0.0,1.0,,0,0,0,False,1.5,2.0,5.0,15.0,2.0,5,30.5,Medium,Medium,1 high-risk IAM events; 1 malware alerts; 2 credential-access alerts; 1 critical endpoint alerts; 1 unresolved critical alerts
EMP12555,fitan.dada61,Legal,Manager,Disabled,1,0,3.0,2.0,1,0.0,33.0,33.0,1.0,2.0,3.0,0.0,0.0,0.0,0.0,0.0,1.0,1.0,0.0,1.0,0.0,1.0,2026-04-08 14:23:24,2,3,5,True,3.5,0.0,0.0,10.0,10.0,0,23.5,Low,Low,2 failed authentication events; 1 lateral-movement alerts; 1 PowerShell alerts; 5 events after identity termination
EMP12556,siya.baria89,Operations,Specialist,Active,0,1,8.0,3.0,5,0.0,47.83,67.0,1.0,2.0,3.0,0.0,1.0,0.0,1.0,0.0,0.0,0.0,2.0,1.0,0.0,2.0,,0,0,0,False,10.5,0.0,2.0,12.0,0.0,5,29.5,Medium,Medium,"elevated authentication risk (3 failed auth, 5 MFA failures); 1 malware alerts; 2 security-tampering alerts"
EMP12557,brinda.sibal86,Human Resources,Consultant,Active,1,0,4.0,0.0,2,0.0,36.0,57.0,1.0,3.0,2.0,0.0,2.0,0.0,0.0,0.0,0.0,0.0,0.0,2.0,0.0,2.0,,0,0,0,False,3.0,0.0,4.0,2.0,0.0,0,9.0,Low,Low,No high-priority risk drivers
EMP12558,nidra.vasa97,Marketing,Specialist,Active,1,1,7.0,2.0,3,2.0,49.17,100.0,1.0,3.0,5.0,0.0,1.0,0.0,2.0,1.0,0.0,0.0,0.0,0.0,0.0,1.0,,0,0,0,False,6.5,4.0,2.0,18.0,0.0,5,35.5,Medium,Medium,2 failed authentication events; 2 high-risk IAM events; 2 malware alerts; 1 credential-access alerts
EMP12559,tristan.agarwal66,Legal,Executive,On Leave,1,1,9.0,5.0,5,2.0,52.5,87.0,1.0,6.0,2.0,0.0,1.0,0.0,0.0,0.0,1.0,0.0,0.0,0.0,1.0,1.0,,0,0,0,False,12.5,4.0,2.0,6.0,0.0,5,29.5,Medium,Medium,"elevated authentication risk (5 failed auth, 5 MFA failures); 2 high-risk IAM events; 1 lateral-movement alerts"
EMP12560,pooja.jani40,R&D,Administrator,Active,1,1,8.0,3.0,6,3.0,66.8,99.0,1.0,6.0,1.0,1.0,0.0,1.0,0.0,1.0,0.0,0.0,0.0,0.0,0.0,1.0,,0,0,0,False,12.0,6.0,5.0,6.0,2.0,8,39.0,Medium,Medium,"elevated authentication risk (3 failed auth, 6 MFA failures); 3 high-risk IAM events; 1 credential-access alerts; 1 critical endpoint alerts; 1 unresolved critical alerts"
EMP12561,oviya.pradhan73,Human Resources,Specialist,Active,1,1,4.0,0.0,2,0.0,1.0,1.0,1.0,2.0,4.0,0.0,1.0,0.0,0.0,0.0,1.0,0.0,0.0,1.0,0.0,1.0,,0,0,0,False,3.0,0.0,2.0,7.0,0.0,0,12.0,Low,Low,1 lateral-movement alerts
EMP12562,xiti.murty39,IT,Analyst,Inactive,1,1,5.0,1.0,3,2.0,62.0,90.0,1.0,2.0,2.0,0.0,0.0,0.0,1.0,0.0,0.0,1.0,0.0,0.0,0.0,2.0,,0,0,0,False,5.5,4.0,0.0,9.0,0.0,0,18.5,Low,Low,1 failed authentication events; 2 high-risk IAM events; 1 malware alerts; 1 PowerShell alerts
EMP12563,anthony.mallick51,Supply Chain,Executive,On Leave,1,1,3.0,0.0,0,1.0,42.33,95.0,1.0,3.0,1.0,0.0,0.0,0.0,0.0,0.0,0.0,1.0,0.0,0.0,0.0,1.0,,0,0,0,False,0.0,2.0,0.0,3.0,0.0,0,5.0,Low,Low,1 high-risk IAM events; 1 PowerShell alerts
EMP12564,rishi.krishna56,Brand,Trainee,Active,1,0,3.0,0.0,2,1.0,74.0,85.0,1.0,3.0,3.0,0.0,0.0,0.0,2.0,1.0,0.0,0.0,0.0,0.0,1.0,1.0,,0,0,0,False,3.0,2.0,0.0,18.0,0.0,5,28.0,Medium,Medium,1 high-risk IAM events; 2 malware alerts; 1 credential-access alerts
EMP12565,vanya.atwal53,Operations,Administrator,Active,1,1,3.0,1.0,1,0.0,9.0,9.0,1.0,2.0,5.0,0.0,1.0,0.0,3.0,0.0,0.0,1.0,1.0,0.0,0.0,2.0,,0,0,0,False,2.5,0.0,2.0,19.0,0.0,0,23.5,Low,Low,1 failed authentication events; 3 malware alerts; 1 PowerShell alerts; 1 security-tampering alerts
EMP12566,,Innovation,Executive,Inactive,1,1,8.0,2.0,2,2.0,44.83,96.0,1.0,6.0,2.0,0.0,1.0,0.0,1.0,0.0,0.0,0.0,0.0,1.0,0.0,2.0,,0,0,0,False,5.0,4.0,2.0,7.0,0.0,0,18.0,Low,Low,2 failed authentication events; 2 high-risk IAM events; 1 malware alerts
EMP12567,sara.borah1,IT,Analyst,Active,0,1,66.0,24.0,22,14.0,48.55,100.0,1.0,32.0,3.0,0.0,0.0,0.0,1.0,0.0,1.0,1.0,0.0,0.0,0.0,1.0,,0,0,0,False,20.0,20.0,0.0,15.0,0.0,10,65.0,High,High,"elevated authentication risk (24 failed auth, 22 MFA failures); 14 high-risk IAM events; 1 malware alerts; 1 lateral-movement alerts; 1 PowerShell alerts"
EMP12568,netra_kumar59,Sales,Specialist,Active,1,1,3.0,1.0,1,1.0,61.33,76.0,1.0,1.0,2.0,0.0,0.0,0.0,2.0,0.0,0.0,1.0,0.0,0.0,0.0,1.0,,0,0,0,False,2.5,2.0,0.0,15.0,0.0,0,19.5,Low,Low,1 failed authentication events; 1 high-risk IAM events; 2 malware alerts; 1 PowerShell alerts
EMP12569,mitali.bhardwaj73,People,Manager,Disabled,1,1,5.0,2.0,1,1.0,63.0,96.0,1.0,3.0,1.0,0.0,0.0,0.0,0.0,0.0,0.0,1.0,0.0,0.0,0.0,0.0,,0,0,0,False,3.5,2.0,0.0,3.0,0.0,0,8.5,Low,Low,2 failed authentication events; 1 high-risk IAM events; 1 PowerShell alerts
EMP12570,ekiya.dube95,Finance,Engineer,Active,1,1,4.0,1.0,1,0.0,53.67,62.0,1.0,3.0,6.0,0.0,1.0,0.0,2.0,0.0,2.0,0.0,0.0,1.0,0.0,2.0,,0,0,0,False,2.5,0.0,2.0,21.0,0.0,5,30.5,Medium,Medium,1 failed authentication events; 2 malware alerts; 2 lateral-movement alerts
EMP12571,gaurika.thakkar87,Customer Support,Specialist,Active,1,1,6.0,0.0,2,0.0,33.0,63.0,1.0,6.0,2.0,0.0,1.0,0.0,1.0,0.0,0.0,0.0,0.0,1.0,1.0,1.0,,0,0,0,False,3.0,0.0,2.0,7.0,0.0,0,12.0,Low,Low,1 malware alerts
EMP12572,nathan.wali44,Marketing,Officer,Active,1,1,6.0,2.0,2,1.0,40.67,86.0,1.0,3.0,3.0,0.0,2.0,0.0,0.0,1.0,0.0,1.0,0.0,1.0,0.0,1.0,,0,0,0,False,5.0,2.0,4.0,10.0,0.0,0,21.0,Low,Low,2 failed authentication events; 1 high-risk IAM events; 1 credential-access alerts; 1 PowerShell alerts
EMP12573,udant.mukherjee7,IT,Specialist,Active,1,0,4.0,0.0,1,1.0,68.5,91.0,1.0,4.0,1.0,1.0,0.0,0.0,0.0,1.0,0.0,0.0,0.0,0.0,0.0,1.0,,0,0,0,False,1.5,2.0,5.0,6.0,0.0,0,14.5,Low,Low,1 high-risk IAM events; 1 credential-access alerts; 1 critical endpoint alerts
EMP12574,vanya.rana13,Sales,Trainee,Inactive,1,1,4.0,3.0,2,0.0,45.67,62.0,1.0,2.0,1.0,0.0,0.0,0.0,0.0,0.0,0.0,1.0,0.0,1.0,0.0,1.0,2025-04-11 12:46:00,3,1,4,True,6.0,0.0,0.0,4.0,10.0,0,20.0,Low,Low,3 failed authentication events; 1 PowerShell alerts; 4 events after identity termination
EMP12575,nandini.kothari89,Marketing,Consultant,Inactive,1,1,5.0,1.0,2,0.0,26.67,39.0,1.0,1.0,1.0,0.0,1.0,0.0,0.0,1.0,0.0,0.0,0.0,0.0,0.0,1.0,,0,0,0,False,4.0,0.0,2.0,6.0,0.0,0,12.0,Low,Low,1 failed authentication events; 1 credential-access alerts
EMP12576,gavin.devi25,Brand,Analyst,Active,1,1,8.0,2.0,3,1.0,60.6,71.0,1.0,3.0,0.0,0.0,0.0,0.0,0.0,0.0,0.0,0.0,0.0,0.0,0.0,0.0,,0,0,0,False,6.5,2.0,0.0,0.0,0.0,0,8.5,Low,Low,2 failed authentication events; 1 high-risk IAM events
EMP12577,kala.rai4,R&D,Consultant,Active,1,1,10.0,1.0,6,1.0,43.57,97.0,1.0,5.0,4.0,0.0,0.0,0.0,2.0,0.0,1.0,1.0,1.0,0.0,0.0,1.0,,0,0,0,False,10.0,2.0,0.0,25.0,0.0,10,47.0,Medium,Medium,"elevated authentication risk (1 failed auth, 6 MFA failures); 1 high-risk IAM events; 2 malware alerts; 1 lateral-movement alerts; 1 PowerShell alerts; 1 security-tampering alerts"
EMP12578,krisha.bansal35,Legal,Director,Active,1,1,8.0,4.0,6,2.0,53.5,99.0,1.0,4.0,4.0,1.0,2.0,0.0,1.0,0.0,0.0,0.0,1.0,2.0,0.0,1.0,,0,0,0,False,13.0,4.0,9.0,12.0,0.0,5,43.0,Medium,Medium,"elevated authentication risk (4 failed auth, 6 MFA failures); 2 high-risk IAM events; 1 malware alerts; 1 security-tampering alerts; 1 critical endpoint alerts"
EMP12579,balveer.nair93,IT,Executive,Active,1,1,63.0,23.0,22,16.0,46.4,98.0,1.0,33.0,5.0,1.0,1.0,0.0,2.0,1.0,1.0,0.0,0.0,1.0,0.0,1.0,,0,0,0,False,20.0,20.0,7.0,25.0,0.0,10,82.0,Critical,Critical,"elevated authentication risk (23 failed auth, 22 MFA failures); 16 high-risk IAM events; 2 malware alerts; 1 credential-access alerts; 1 lateral-movement alerts; 1 critical endpoint alerts"
EMP12580,lohit.muni84,Sales,Officer,Inactive,1,1,9.0,2.0,3,2.0,53.5,99.0,1.0,8.0,6.0,1.0,1.0,1.0,1.0,0.0,1.0,1.0,0.0,0.0,0.0,1.0,,0,0,0,False,6.5,4.0,7.0,15.0,2.0,5,39.5,Medium,Medium,2 failed authentication events; 2 high-risk IAM events; 1 malware alerts; 1 lateral-movement alerts; 1 PowerShell alerts; 1 critical endpoint alerts; 1 unresolved critical alerts
EMP12581,sai.sani51,Finance,Analyst,Inactive,1,0,8.0,1.0,1,2.0,51.14,72.0,1.0,7.0,3.0,0.0,1.0,0.0,0.0,0.0,1.0,0.0,0.0,1.0,0.0,1.0,2025-08-10 06:05:00,7,3,10,True,2.5,4.0,2.0,7.0,10.0,0,25.5,Medium,Medium,1 failed authentication events; 2 high-risk IAM events; 1 lateral-movement alerts; 10 events after identity termination
EMP12582,yashvi.jayaraman60,Sales,Consultant,Active,1,1,5.0,0.0,2,2.0,62.5,95.0,1.0,3.0,2.0,0.0,0.0,0.0,1.0,0.0,0.0,0.0,1.0,0.0,0.0,1.0,,0,0,0,False,3.0,4.0,0.0,10.0,0.0,0,17.0,Low,Low,2 high-risk IAM events; 1 malware alerts; 1 security-tampering alerts
EMP12583,pallavi_dhingra3,IT,Administrator,Active,1,0,4.0,1.0,2,1.0,48.67,84.0,1.0,1.0,4.0,0.0,3.0,0.0,2.0,0.0,1.0,1.0,0.0,0.0,0.0,2.0,,0,0,0,False,4.0,2.0,5.0,21.0,0.0,5,37.0,Medium,Medium,1 failed authentication events; 1 high-risk IAM events; 2 malware alerts; 1 lateral-movement alerts; 1 PowerShell alerts
EMP12584,falguni.mammen71,Operations,Manager,Active,1,1,2.0,0.0,0,1.0,57.5,87.0,1.0,2.0,6.0,1.0,2.0,0.0,3.0,1.0,0.0,1.0,1.0,0.0,0.0,1.0,,0,0,0,False,0.0,2.0,9.0,25.0,0.0,5,41.0,Medium,Medium,1 high-risk IAM events; 3 malware alerts; 1 credential-access alerts; 1 PowerShell alerts; 1 security-tampering alerts; 1 critical endpoint alerts
EMP12585,lakshmi.narula81,Operations,Consultant,Active,1,1,4.0,1.0,1,1.0,56.0,91.0,1.0,4.0,3.0,1.0,0.0,1.0,2.0,0.0,0.0,1.0,0.0,0.0,0.0,2.0,,0,0,0,False,2.5,2.0,5.0,15.0,2.0,0,26.5,Medium,Medium,1 failed authentication events; 1 high-risk IAM events; 2 malware alerts; 1 PowerShell alerts; 1 critical endpoint alerts; 1 unresolved critical alerts
EMP12586,sai.mitra8,Innovation,Specialist,Active,1,1,6.0,3.0,4,0.0,45.75,63.0,1.0,3.0,2.0,0.0,0.0,0.0,2.0,0.0,0.0,1.0,0.0,0.0,0.0,1.0,,0,0,0,False,9.0,0.0,0.0,15.0,0.0,5,29.0,Medium,Medium,"elevated authentication risk (3 failed auth, 4 MFA failures); 2 malware alerts; 1 PowerShell alerts"
EMP12587,charvi.bhavsar17,Customer Support,Engineer,Active,1,1,3.0,1.0,1,1.0,46.5,86.0,1.0,2.0,2.0,0.0,0.0,0.0,0.0,0.0,1.0,0.0,1.0,1.0,0.0,1.0,,0,0,0,False,2.5,2.0,0.0,11.0,0.0,0,15.5,Low,Low,1 failed authentication events; 1 high-risk IAM events; 1 lateral-movement alerts; 1 security-tampering alerts
EMP12588,,Sales,Executive,Active,1,0,7.0,2.0,3,1.0,44.5,76.0,1.0,3.0,4.0,0.0,0.0,0.0,0.0,2.0,0.0,1.0,0.0,0.0,0.0,1.0,,0,0,0,False,6.5,2.0,0.0,11.0,0.0,0,19.5,Low,Low,2 failed authentication events; 1 high-risk IAM events; 2 credential-access alerts; 1 PowerShell alerts
EMP12589,pratyush.pillay84,Marketing,Officer,Active,1,1,3.0,1.0,1,1.0,40.33,84.0,1.0,0.0,5.0,0.0,2.0,0.0,2.0,2.0,0.0,1.0,1.0,1.0,0.0,2.0,,0,0,0,False,2.5,2.0,4.0,28.0,0.0,5,41.5,Medium,Medium,1 failed authentication events; 1 high-risk IAM events; 2 malware alerts; 2 credential-access alerts; 1 PowerShell alerts; 1 security-tampering alerts
EMP12590,zansi_khosla29,Brand,Administrator,Inactive,1,1,7.0,3.0,2,2.0,71.75,97.0,1.0,4.0,1.0,0.0,1.0,0.0,0.0,0.0,0.0,1.0,0.0,0.0,0.0,1.0,,0,0,0,False,6.0,4.0,2.0,3.0,0.0,0,15.0,Low,Low,3 failed authentication events; 2 high-risk IAM events; 1 PowerShell alerts
EMP12591,gavin.golla57,Legal,Engineer,Active,1,1,3.0,1.0,2,1.0,35.67,91.0,1.0,1.0,4.0,2.0,1.0,0.0,0.0,0.0,0.0,3.0,0.0,0.0,0.0,1.0,,0,0,0,False,4.0,2.0,12.0,4.0,0.0,0,22.0,Low,Low,1 failed authentication events; 1 high-risk IAM events; 3 PowerShell alerts; 2 critical endpoint alerts
EMP12592,saanvi_kalita43,Sales,Analyst,Inactive,1,1,8.0,2.0,4,3.0,56.57,94.0,1.0,6.0,1.0,0.0,0.0,0.0,0.0,0.0,0.0,0.0,0.0,0.0,0.0,1.0,,0,0,0,False,8.0,6.0,0.0,0.0,0.0,3,17.0,Low,Low,"elevated authentication risk (2 failed auth, 4 MFA failures); 3 high-risk IAM events"
EMP12593,rudra.madan20,Marketing,Engineer,Active,1,1,3.0,1.0,2,1.0,55.5,97.0,1.0,2.0,1.0,0.0,0.0,0.0,0.0,0.0,0.0,1.0,0.0,0.0,0.0,1.0,,0,0,0,False,4.0,2.0,0.0,3.0,0.0,0,9.0,Low,Low,1 failed authentication events; 1 high-risk IAM events; 1 PowerShell alerts
EMP12594,yahvi.ramanathan41,Human Resources,Executive,Inactive,1,0,3.0,0.0,0,1.0,58.67,74.0,1.0,1.0,5.0,1.0,1.0,1.0,2.0,0.0,1.0,0.0,0.0,1.0,0.0,1.0,,0,0,0,False,0.0,2.0,7.0,19.0,2.0,5,35.0,Medium,Medium,1 high-risk IAM events; 2 malware alerts; 1 lateral-movement alerts; 1 critical endpoint alerts; 1 unresolved critical alerts
EMP12595,tara.thakur66,Legal,Director,Inactive,1,1,4.0,2.0,1,2.0,81.25,99.0,1.0,2.0,4.0,0.0,1.0,0.0,0.0,0.0,1.0,3.0,1.0,0.0,0.0,1.0,,0,0,0,False,3.5,4.0,2.0,14.0,0.0,0,23.5,Low,Low,2 failed authentication events; 2 high-risk IAM events; 1 lateral-movement alerts; 3 PowerShell alerts; 1 security-tampering alerts
EMP12596,hamsini.jayaraman36,Human Resources,Specialist,Active,1,1,5.0,1.0,2,0.0,25.0,50.0,1.0,2.0,3.0,0.0,1.0,0.0,1.0,0.0,1.0,0.0,0.0,0.0,0.0,1.0,,0,0,0,False,4.0,0.0,2.0,12.0,0.0,5,23.0,Low,Low,1 failed authentication events; 1 malware alerts; 1 lateral-movement alerts
EMP12597,oni.dhar38,Innovation,Trainee,Active,1,1,4.0,3.0,3,0.0,40.75,47.0,1.0,1.0,1.0,0.0,0.0,0.0,1.0,0.0,0.0,0.0,0.0,0.0,0.0,1.0,,0,0,0,False,7.5,0.0,0.0,6.0,0.0,0,13.5,Low,Low,3 failed authentication events; 1 malware alerts
EMP12598,teerth.naidu2,IT,Director,Active,1,1,3.0,0.0,1,1.0,53.5,83.0,1.0,2.0,4.0,0.0,0.0,0.0,0.0,2.0,0.0,0.0,1.0,1.0,0.0,2.0,,0,0,0,False,1.5,2.0,0.0,13.0,0.0,0,16.5,Low,Low,1 high-risk IAM events; 2 credential-access alerts; 1 security-tampering alerts
EMP12599,zayan.bhagat19,Finance,Engineer,Active,1,1,6.0,1.0,2,0.0,7.5,15.0,1.0,5.0,0.0,0.0,0.0,0.0,0.0,0.0,0.0,0.0,0.0,0.0,0.0,0.0,,0,0,0,False,4.0,0.0,0.0,0.0,0.0,0,4.0,Low,Low,1 failed authentication events
EMP12600,aarnav.kaul95,Legal,Officer,Active,1,0,6.0,3.0,3,2.0,37.0,98.0,1.0,5.0,3.0,1.0,0.0,1.0,1.0,1.0,1.0,0.0,0.0,0.0,0.0,1.0,,0,0,0,False,7.5,4.0,5.0,18.0,2.0,10,46.5,Medium,Medium,3 failed authentication events; 2 high-risk IAM events; 1 malware alerts; 1 credential-access alerts; 1 lateral-movement alerts; 1 critical endpoint alerts; 1 unresolved critical alerts
EMP12601,dominic.bawa78,Operations,Executive,Disabled,1,1,8.0,2.0,4,2.0,50.83,96.0,1.0,5.0,3.0,0.0,1.0,0.0,1.0,1.0,0.0,1.0,1.0,0.0,0.0,1.0,,0,0,0,False,8.0,4.0,2.0,19.0,0.0,10,43.0,Medium,Medium,"elevated authentication risk (2 failed auth, 4 MFA failures); 2 high-risk IAM events; 1 malware alerts; 1 credential-access alerts; 1 PowerShell alerts; 1 security-tampering alerts"
EMP12602,anmol.solanki37,Human Resources,Manager,Active,1,1,7.0,0.0,1,5.0,79.14,100.0,1.0,5.0,5.0,0.0,1.0,0.0,0.0,2.0,0.0,0.0,0.0,2.0,0.0,1.0,,0,0,0,False,1.5,10.0,2.0,10.0,0.0,0,23.5,Low,Low,5 high-risk IAM events; 2 credential-access alerts
EMP12603,gautam.dass68,Finance,Trainee,Active,1,1,60.0,17.0,18,15.0,53.57,100.0,1.0,34.0,4.0,1.0,1.0,1.0,2.0,1.0,0.0,1.0,0.0,1.0,0.0,1.0,,0,0,0,False,20.0,20.0,7.0,22.0,2.0,10,81.0,Critical,Critical,"elevated authentication risk (17 failed auth, 18 MFA failures); 15 high-risk IAM events; 2 malware alerts; 1 credential-access alerts; 1 PowerShell alerts; 1 critical endpoint alerts; 1 unresolved critical alerts"
EMP12604,,Marketing,Officer,Active,1,0,3.0,1.0,2,2.0,77.5,78.0,1.0,1.0,3.0,0.0,1.0,0.0,1.0,0.0,0.0,1.0,0.0,1.0,1.0,1.0,,0,0,0,False,4.0,4.0,2.0,10.0,0.0,0,20.0,Low,Low,1 failed authentication events; 2 high-risk IAM events; 1 malware alerts; 1 PowerShell alerts
EMP12605,tripti.chander54,Customer Support,Analyst,Inactive,0,1,4.0,0.0,0,0.0,46.0,46.0,1.0,3.0,2.0,0.0,1.0,0.0,1.0,1.0,0.0,0.0,1.0,0.0,0.0,1.0,,0,0,0,False,0.0,0.0,2.0,16.0,0.0,5,23.0,Low,Low,1 malware alerts; 1 credential-access alerts; 1 security-tampering alerts
EMP12606,ishani.mitra6,Finance,Manager,Active,1,0,6.0,0.0,1,1.0,48.5,86.0,1.0,6.0,6.0,1.0,1.0,1.0,2.0,1.0,0.0,2.0,2.0,1.0,1.0,1.0,,0,0,0,False,1.5,2.0,7.0,28.0,2.0,5,45.5,Medium,Medium,1 high-risk IAM events; 2 malware alerts; 1 credential-access alerts; 2 PowerShell alerts; 2 security-tampering alerts; 1 critical endpoint alerts; 1 unresolved critical alerts
EMP12607,alka.ranganathan93,Finance,Engineer,Active,0,1,7.0,2.0,3,1.0,44.67,84.0,1.0,3.0,3.0,0.0,0.0,0.0,1.0,0.0,1.0,0.0,0.0,1.0,0.0,1.0,,0,0,0,False,6.5,2.0,0.0,13.0,0.0,5,26.5,Medium,Medium,2 failed authentication events; 1 high-risk IAM events; 1 malware alerts; 1 lateral-movement alerts
EMP12608,nimrat.natt68,Compliance,Analyst,Active,1,1,4.0,2.0,3,0.0,23.33,29.0,1.0,3.0,3.0,0.0,0.0,0.0,0.0,0.0,1.0,0.0,1.0,0.0,0.0,1.0,,0,0,0,False,6.5,0.0,0.0,10.0,0.0,0,16.5,Low,Low,2 failed authentication events; 1 lateral-movement alerts; 1 security-tampering alerts
EMP12609,gagan.sankar65,Compliance,Analyst,Active,1,0,10.0,3.0,5,3.0,49.4,97.0,1.0,6.0,3.0,1.0,0.0,0.0,1.0,1.0,1.0,0.0,1.0,0.0,0.0,2.0,,0,0,0,False,10.5,6.0,5.0,22.0,0.0,10,53.5,High,High,"elevated authentication risk (3 failed auth, 5 MFA failures); 3 high-risk IAM events; 1 malware alerts; 1 credential-access alerts; 1 lateral-movement alerts; 1 security-tampering alerts; 1 critical endpoint alerts"
EMP12610,vasudha.raj58,Customer Support,Specialist,Active,1,0,10.0,5.0,5,2.0,55.0,99.0,1.0,7.0,2.0,0.0,1.0,0.0,2.0,0.0,0.0,0.0,1.0,0.0,0.0,1.0,,0,0,0,False,12.5,4.0,2.0,16.0,0.0,5,39.5,Medium,Medium,"elevated authentication risk (5 failed auth, 5 MFA failures); 2 high-risk IAM events; 2 malware alerts; 1 security-tampering alerts"
EMP12611,zaid.mangat27,Marketing,Trainee,Active,1,1,5.0,1.0,1,0.0,31.5,56.0,1.0,3.0,1.0,0.0,1.0,0.0,0.0,0.0,0.0,0.0,0.0,0.0,0.0,1.0,,0,0,0,False,2.5,0.0,2.0,0.0,0.0,0,4.5,Low,Low,1 failed authentication events
EMP12612,advay.dani76,R&D,Officer,Inactive,1,1,10.0,2.0,3,1.0,39.29,93.0,1.0,8.0,2.0,0.0,0.0,0.0,2.0,0.0,0.0,1.0,0.0,0.0,0.0,1.0,2026-06-27 02:32:00,9,2,11,True,6.5,2.0,0.0,15.0,10.0,0,33.5,Medium,Medium,2 failed authentication events; 1 high-risk IAM events; 2 malware alerts; 1 PowerShell alerts; 11 events after identity termination
EMP12613,jagdish.sinha46,Procurement,Analyst,Active,1,1,7.0,3.0,4,2.0,41.17,100.0,1.0,4.0,1.0,0.0,1.0,0.0,1.0,0.0,0.0,0.0,1.0,0.0,0.0,1.0,,0,0,0,False,9.0,4.0,2.0,10.0,0.0,5,30.0,Medium,Medium,"elevated authentication risk (3 failed auth, 4 MFA failures); 2 high-risk IAM events; 1 malware alerts; 1 security-tampering alerts"
EMP12614,anusha.bhargava60,Customer Support,Consultant,Active,0,1,2.0,1.0,1,2.0,81.5,85.0,1.0,1.0,3.0,1.0,0.0,0.0,1.0,0.0,0.0,0.0,0.0,0.0,0.0,1.0,,0,0,0,False,2.5,4.0,5.0,6.0,0.0,0,17.5,Low,Low,1 failed authentication events; 2 high-risk IAM events; 1 malware alerts; 1 critical endpoint alerts
EMP12615,omkaar.upadhyay44,Sales,Consultant,Active,1,1,7.0,5.0,3,0.0,47.0,64.0,1.0,1.0,1.0,0.0,0.0,0.0,0.0,0.0,0.0,0.0,0.0,0.0,0.0,1.0,,0,0,0,False,9.5,0.0,0.0,0.0,0.0,0,9.5,Low,Low,"elevated authentication risk (5 failed auth, 3 MFA failures)"
EMP12616,widisha.maharaj57,Customer Support,Analyst,Active,0,1,4.0,0.0,2,2.0,68.0,98.0,1.0,4.0,3.0,0.0,1.0,0.0,0.0,0.0,1.0,1.0,0.0,2.0,0.0,2.0,,0,0,0,False,3.0,4.0,2.0,11.0,0.0,0,20.0,Low,Low,2 high-risk IAM events; 1 lateral-movement alerts; 1 PowerShell alerts
EMP12617,hemangini.sundaram15,Legal,Manager,Active,1,0,5.0,1.0,1,2.0,48.75,84.0,1.0,4.0,3.0,1.0,0.0,0.0,1.0,1.0,1.0,0.0,0.0,0.0,0.0,1.0,,0,0,0,False,2.5,4.0,5.0,18.0,0.0,10,39.5,Medium,Medium,1 failed authentication events; 2 high-risk IAM events; 1 malware alerts; 1 credential-access alerts; 1 lateral-movement alerts; 1 critical endpoint alerts
EMP12618,mohini.kaul61,Finance,Executive,Inactive,1,1,7.0,2.0,2,0.0,23.2,50.0,1.0,5.0,3.0,0.0,0.0,0.0,1.0,0.0,0.0,1.0,0.0,0.0,0.0,1.0,2025-10-26 00:00:00,6,3,9,True,5.0,0.0,0.0,9.0,10.0,0,24.0,Low,Low,2 failed authentication events; 1 malware alerts; 1 PowerShell alerts; 9 events after identity termination
EMP12619,upadhriti.kannan16,Customer Support,Engineer,Active,1,1,7.0,0.0,1,0.0,23.4,67.0,1.0,4.0,1.0,0.0,0.0,0.0,1.0,0.0,0.0,0.0,0.0,0.0,0.0,1.0,,0,0,0,False,1.5,0.0,0.0,6.0,0.0,0,7.5,Low,Low,1 malware alerts
EMP12620,onkar.khalsa1,Finance,Administrator,Active,1,1,4.0,1.0,1,0.0,35.67,45.0,1.0,3.0,4.0,0.0,0.0,0.0,2.0,1.0,0.0,0.0,0.0,0.0,1.0,1.0,,0,0,0,False,2.5,0.0,0.0,18.0,0.0,5,25.5,Medium,Medium,1 failed authentication events; 2 malware alerts; 1 credential-access alerts
EMP12621,vedant_panchal60,Customer Support,Analyst,Active,1,1,8.0,0.0,1,4.0,67.29,93.0,1.0,6.0,2.0,1.0,1.0,1.0,1.0,0.0,0.0,1.0,0.0,0.0,0.0,1.0,,0,0,0,False,1.5,8.0,7.0,9.0,2.0,0,27.5,Medium,Medium,4 high-risk IAM events; 1 malware alerts; 1 PowerShell alerts; 1 critical endpoint alerts; 1 unresolved critical alerts
EMP12622,bimala.kuruvilla18,Sales,Director,Active,0,0,8.0,4.0,4,1.0,41.5,79.0,1.0,4.0,2.0,0.0,0.0,0.0,1.0,0.0,0.0,2.0,1.0,0.0,0.0,1.0,,0,0,0,False,10.0,2.0,0.0,14.0,0.0,5,31.0,Medium,Medium,"elevated authentication risk (4 failed auth, 4 MFA failures); 1 high-risk IAM events; 1 malware alerts; 2 PowerShell alerts; 1 security-tampering alerts"
EMP12623,jalsa.krishna50,Procurement,Director,Active,1,1,7.0,3.0,5,1.0,41.0,72.0,1.0,4.0,2.0,0.0,2.0,0.0,1.0,0.0,1.0,0.0,0.0,0.0,0.0,1.0,,0,0,0,False,10.5,2.0,4.0,12.0,0.0,10,38.5,Medium,Medium,"elevated authentication risk (3 failed auth, 5 MFA failures); 1 high-risk IAM events; 1 malware alerts; 1 lateral-movement alerts"
EMP12624,yahvi.oommen57,Operations,Manager,Active,1,1,4.0,1.0,3,0.0,44.33,69.0,1.0,2.0,2.0,0.0,0.0,0.0,0.0,0.0,1.0,1.0,0.0,0.0,1.0,2.0,,0,0,0,False,5.5,0.0,0.0,9.0,0.0,0,14.5,Low,Low,1 failed authentication events; 1 lateral-movement alerts; 1 PowerShell alerts
EMP12625,caleb.loke19,Human Resources,Consultant,Disabled,1,1,3.0,0.0,1,1.0,63.0,76.0,1.0,1.0,3.0,0.0,0.0,0.0,2.0,1.0,0.0,1.0,0.0,0.0,0.0,1.0,2024-03-09 00:00:00,2,1,3,True,1.5,2.0,0.0,21.0,9.0,5,38.5,Medium,Medium,1 high-risk IAM events; 2 malware alerts; 1 credential-access alerts; 1 PowerShell alerts; 3 events after identity termination
EMP12626,nimrat.rattan2,Sales,Engineer,Active,1,1,7.0,4.0,3,1.0,33.0,71.0,1.0,2.0,5.0,1.0,1.0,1.0,1.0,0.0,2.0,1.0,1.0,0.0,0.0,1.0,,0,0,0,False,8.5,2.0,7.0,21.0,2.0,10,50.5,High,High,"elevated authentication risk (4 failed auth, 3 MFA failures); 1 high-risk IAM events; 1 malware alerts; 2 lateral-movement alerts; 1 PowerShell alerts; 1 security-tampering alerts; 1 critical endpoint alerts; 1 unresolved critical alerts"
EMP12627,brijesh.chaudry21,Marketing,Engineer,Active,0,1,12.0,3.0,6,5.0,54.4,100.0,1.0,6.0,2.0,0.0,2.0,0.0,0.0,1.0,1.0,0.0,0.0,0.0,0.0,1.0,,0,0,0,False,12.0,10.0,4.0,12.0,0.0,8,46.0,Medium,Medium,"elevated authentication risk (3 failed auth, 6 MFA failures); 5 high-risk IAM events; 1 credential-access alerts; 1 lateral-movement alerts"
EMP12628,kiaan.ramesh70,Marketing,Officer,Active,1,1,7.0,1.0,3,1.0,48.25,91.0,1.0,4.0,1.0,0.0,0.0,0.0,1.0,0.0,0.0,0.0,0.0,0.0,0.0,1.0,,0,0,0,False,5.5,2.0,0.0,6.0,0.0,0,13.5,Low,Low,1 failed authentication events; 1 high-risk IAM events; 1 malware alerts
EMP12629,wahab.gupta10,IT,Consultant,Active,1,1,5.0,1.0,1,1.0,47.33,87.0,1.0,3.0,0.0,0.0,0.0,0.0,0.0,0.0,0.0,0.0,0.0,0.0,0.0,0.0,,0,0,0,False,2.5,2.0,0.0,0.0,0.0,0,4.5,Low,Low,1 failed authentication events; 1 high-risk IAM events
EMP12630,darpan.kadakia49,R&D,Consultant,On Leave,1,1,10.0,1.0,2,2.0,43.56,99.0,1.0,9.0,3.0,1.0,0.0,0.0,0.0,0.0,1.0,1.0,0.0,1.0,0.0,1.0,,0,0,0,False,4.0,4.0,5.0,10.0,0.0,0,23.0,Low,Low,1 failed authentication events; 2 high-risk IAM events; 1 lateral-movement alerts; 1 PowerShell alerts; 1 critical endpoint alerts
EMP12631,shivani.madan32,Sales,Specialist,Active,1,0,3.0,1.0,1,1.0,35.0,70.0,1.0,1.0,3.0,1.0,1.0,1.0,1.0,0.0,0.0,1.0,0.0,1.0,1.0,1.0,,0,0,0,False,2.5,2.0,7.0,10.0,2.0,0,23.5,Low,Low,1 failed authentication events; 1 high-risk IAM events; 1 malware alerts; 1 PowerShell alerts; 1 critical endpoint alerts; 1 unresolved critical alerts
EMP12632,rachita.mall3,People,Administrator,Active,1,1,5.0,2.0,4,1.0,43.0,71.0,1.0,0.0,1.0,0.0,0.0,0.0,0.0,0.0,0.0,0.0,0.0,1.0,0.0,1.0,,0,0,0,False,8.0,2.0,0.0,1.0,0.0,0,11.0,Low,Low,"elevated authentication risk (2 failed auth, 4 MFA failures); 1 high-risk IAM events"
EMP12633,aishani.sem75,Legal,Manager,Active,1,1,4.0,1.0,1,0.0,32.0,58.0,1.0,1.0,2.0,0.0,1.0,0.0,1.0,0.0,0.0,1.0,0.0,0.0,0.0,1.0,,0,0,0,False,2.5,0.0,2.0,9.0,0.0,0,13.5,Low,Low,1 failed authentication events; 1 malware alerts; 1 PowerShell alerts
EMP12634,samarth.brar15,Finance,Officer,Inactive,1,0,7.0,0.0,3,1.0,57.17,94.0,1.0,5.0,0.0,0.0,0.0,0.0,0.0,0.0,0.0,0.0,0.0,0.0,0.0,0.0,2023-05-16 21:51:14,7,0,7,True,4.5,2.0,0.0,0.0,10.0,0,16.5,Low,Low,1 high-risk IAM events; 7 events after identity termination
EMP12635,ikbal.sharaf98,Procurement,Trainee,Active,1,1,2.0,0.0,1,0.0,32.5,44.0,1.0,1.0,5.0,1.0,1.0,1.0,0.0,0.0,1.0,0.0,0.0,1.0,0.0,1.0,,0,0,0,False,1.5,0.0,7.0,7.0,2.0,0,17.5,Low,Low,1 lateral-movement alerts; 1 critical endpoint alerts; 1 unresolved critical alerts
EMP12636,chandani.pant6,Procurement,Trainee,Active,1,1,7.0,5.0,4,0.0,37.2,67.0,1.0,2.0,5.0,0.0,1.0,0.0,1.0,1.0,1.0,0.0,0.0,0.0,0.0,1.0,,0,0,0,False,11.0,0.0,2.0,18.0,0.0,10,41.0,Medium,Medium,"elevated authentication risk (5 failed auth, 4 MFA failures); 1 malware alerts; 1 credential-access alerts; 1 lateral-movement alerts"
EMP12637,ijaya.naik56,Operations,Administrator,Active,1,0,3.0,1.0,1,2.0,76.67,97.0,1.0,3.0,2.0,1.0,1.0,1.0,0.0,0.0,0.0,2.0,0.0,0.0,0.0,1.0,,0,0,0,False,2.5,4.0,7.0,4.0,2.0,0,19.5,Low,Low,1 failed authentication events; 2 high-risk IAM events; 2 PowerShell alerts; 1 critical endpoint alerts; 1 unresolved critical alerts
EMP12638,rachana.tank4,R&D,Engineer,Active,1,1,5.0,1.0,2,2.0,54.75,77.0,1.0,3.0,2.0,0.0,0.0,0.0,1.0,0.0,0.0,1.0,0.0,0.0,1.0,1.0,,0,0,0,False,4.0,4.0,0.0,9.0,0.0,0,17.0,Low,Low,1 failed authentication events; 2 high-risk IAM events; 1 malware alerts; 1 PowerShell alerts
EMP12639,chakrika.shankar97,R&D,Officer,Active,1,1,13.0,3.0,5,3.0,48.82,94.0,1.0,8.0,3.0,1.0,1.0,1.0,2.0,0.0,1.0,0.0,0.0,0.0,0.0,2.0,,0,0,0,False,10.5,6.0,7.0,18.0,2.0,10,53.5,High,High,"elevated authentication risk (3 failed auth, 5 MFA failures); 3 high-risk IAM events; 2 malware alerts; 1 lateral-movement alerts; 1 critical endpoint alerts; 1 unresolved critical alerts"
EMP12640,rajeshri_trivedi41,Brand,Engineer,Inactive,1,1,6.0,0.0,1,1.0,43.4,97.0,1.0,3.0,4.0,0.0,1.0,0.0,1.0,1.0,1.0,1.0,0.0,0.0,0.0,1.0,2026-02-04 22:37:47,5,3,8,True,1.5,2.0,2.0,21.0,10.0,10,46.5,Medium,Medium,1 high-risk IAM events; 1 malware alerts; 1 credential-access alerts; 1 lateral-movement alerts; 1 PowerShell alerts; 8 events after identity termination
EMP12641,christopher.sandhu42,Innovation,Executive,Active,1,0,5.0,1.0,2,1.0,26.0,72.0,1.0,3.0,2.0,0.0,1.0,0.0,2.0,0.0,0.0,0.0,1.0,0.0,0.0,1.0,,0,0,0,False,4.0,2.0,2.0,16.0,0.0,0,24.0,Low,Low,1 failed authentication events; 1 high-risk IAM events; 2 malware alerts; 1 security-tampering alerts
EMP12642,jalsa.nagy51,Customer Support,Director,Active,1,1,7.0,0.0,1,3.0,50.83,95.0,1.0,7.0,5.0,0.0,2.0,0.0,1.0,2.0,0.0,1.0,1.0,1.0,1.0,1.0,,0,0,0,False,1.5,6.0,4.0,22.0,0.0,5,38.5,Medium,Medium,3 high-risk IAM events; 1 malware alerts; 2 credential-access alerts; 1 PowerShell alerts; 1 security-tampering alerts
EMP12643,yash.madan58,Legal,Director,Active,1,0,3.0,0.0,0,0.0,20.0,20.0,1.0,1.0,0.0,0.0,0.0,0.0,0.0,0.0,0.0,0.0,0.0,0.0,0.0,0.0,,0,0,0,False,0.0,0.0,0.0,0.0,0.0,0,0.0,Low,Low,No high-priority risk drivers
EMP12644,yashvi.chatterjee62,Human Resources,Engineer,On Leave,1,0,7.0,0.0,1,3.0,63.8,90.0,1.0,5.0,3.0,1.0,0.0,1.0,2.0,1.0,0.0,0.0,1.0,0.0,0.0,1.0,,0,0,0,False,1.5,6.0,5.0,22.0,2.0,5,41.5,Medium,Medium,3 high-risk IAM events; 2 malware alerts; 1 credential-access alerts; 1 security-tampering alerts; 1 critical endpoint alerts; 1 unresolved critical alerts
EMP12645,hemani.bhagat18,Operations,Specialist,Active,1,1,4.0,1.0,0,0.0,29.0,50.0,1.0,2.0,2.0,0.0,2.0,0.0,0.0,0.0,1.0,1.0,0.0,1.0,0.0,1.0,,0,0,0,False,1.0,0.0,4.0,10.0,0.0,0,15.0,Low,Low,1 failed authentication events; 1 lateral-movement alerts; 1 PowerShell alerts
EMP12646,lavanya.grover78,IT,Director,Disabled,1,1,8.0,3.0,2,1.0,52.2,87.0,1.0,4.0,5.0,0.0,0.0,0.0,1.0,1.0,0.0,2.0,1.0,0.0,0.0,1.0,,0,0,0,False,6.0,2.0,0.0,20.0,0.0,5,33.0,Medium,Medium,3 failed authentication events; 1 high-risk IAM events; 1 malware alerts; 1 credential-access alerts; 2 PowerShell alerts; 1 security-tampering alerts
EMP12647,ayush.tiwari76,Sales,Executive,Disabled,1,1,8.0,2.0,3,1.0,51.5,86.0,1.0,3.0,3.0,0.0,1.0,0.0,1.0,0.0,1.0,0.0,1.0,0.0,0.0,1.0,2024-12-13 00:00:00,7,3,10,True,6.5,2.0,2.0,16.0,10.0,5,41.5,Medium,Medium,2 failed authentication events; 1 high-risk IAM events; 1 malware alerts; 1 lateral-movement alerts; 1 security-tampering alerts; 10 events after identity termination
EMP12648,theodore.ratti88,Customer Support,Specialist,Active,1,0,3.0,2.0,2,0.0,19.0,19.0,1.0,0.0,3.0,0.0,0.0,0.0,2.0,0.0,0.0,1.0,0.0,0.0,0.0,1.0,,0,0,0,False,5.0,0.0,0.0,15.0,0.0,0,20.0,Low,Low,2 failed authentication events; 2 malware alerts; 1 PowerShell alerts
EMP12649,aadhya.hayer77,R&D,Director,Active,1,1,5.0,1.0,2,1.0,44.5,84.0,1.0,3.0,2.0,0.0,0.0,0.0,0.0,0.0,1.0,1.0,0.0,1.0,0.0,1.0,,0,0,0,False,4.0,2.0,0.0,10.0,0.0,0,16.0,Low,Low,1 failed authentication events; 1 high-risk IAM events; 1 lateral-movement alerts; 1 PowerShell alerts
EMP12650,hemal.sarin58,IT,Trainee,Active,1,1,7.0,2.0,1,1.0,57.33,99.0,1.0,5.0,2.0,0.0,0.0,0.0,0.0,0.0,1.0,1.0,0.0,0.0,0.0,1.0,,0,0,0,False,3.5,2.0,0.0,9.0,0.0,0,14.5,Low,Low,2 failed authentication events; 1 high-risk IAM events; 1 lateral-movement alerts; 1 PowerShell alerts
EMP12651,aishani.pillai56,Human Resources,Specialist,Disabled,1,1,7.0,3.0,3,1.0,42.4,75.0,1.0,4.0,5.0,1.0,2.0,0.0,2.0,1.0,0.0,2.0,0.0,1.0,0.0,2.0,2025-04-02 07:06:35,6,4,10,True,7.5,2.0,9.0,23.0,10.0,5,56.5,High,High,3 failed authentication events; 1 high-risk IAM events; 2 malware alerts; 1 credential-access alerts; 2 PowerShell alerts; 1 critical endpoint alerts; 10 events after identity termination
EMP12652,oliver.seshadri52,Finance,Trainee,Active,1,1,6.0,1.0,3,0.0,35.25,66.0,1.0,3.0,2.0,1.0,0.0,1.0,0.0,1.0,0.0,0.0,0.0,0.0,0.0,1.0,,0,0,0,False,5.5,0.0,5.0,6.0,2.0,0,18.5,Low,Low,1 failed authentication events; 1 credential-access alerts; 1 critical endpoint alerts; 1 unresolved critical alerts
EMP12653,andrew.sabharwal19,R&D,Manager,Disabled,1,1,6.0,5.0,5,2.0,60.33,100.0,1.0,1.0,2.0,0.0,0.0,0.0,0.0,0.0,0.0,2.0,0.0,0.0,0.0,1.0,,0,0,0,False,12.5,4.0,0.0,4.0,0.0,0,20.5,Low,Low,"elevated authentication risk (5 failed auth, 5 MFA failures); 2 high-risk IAM events; 2 PowerShell alerts"
EMP12654,charvi.tella63,Human Resources,Director,Active,1,1,10.0,6.0,6,3.0,66.88,95.0,1.0,4.0,2.0,0.0,1.0,0.0,0.0,0.0,1.0,1.0,0.0,0.0,0.0,2.0,,0,0,0,False,15.0,11.0,2.0,9.0,0.0,8,45.0,Medium,Medium,"elevated authentication risk (6 failed auth, 6 MFA failures); 3 high-risk IAM events; 1 lateral-movement alerts; 1 PowerShell alerts"
EMP12655,agastya.sarraf35,Customer Support,Director,Active,1,1,3.0,2.0,1,0.0,21.5,28.0,1.0,2.0,1.0,1.0,0.0,1.0,0.0,0.0,1.0,0.0,0.0,0.0,0.0,1.0,,0,0,0,False,3.5,0.0,5.0,6.0,2.0,0,16.5,Low,Low,2 failed authentication events; 1 lateral-movement alerts; 1 critical endpoint alerts; 1 unresolved critical alerts
EMP12656,amaira.nath55,Procurement,Analyst,Active,1,0,3.0,3.0,2,1.0,47.5,83.0,1.0,2.0,2.0,0.0,1.0,0.0,1.0,1.0,0.0,0.0,0.0,0.0,0.0,1.0,,0,0,0,False,6.0,2.0,2.0,12.0,0.0,5,27.0,Medium,Medium,3 failed authentication events; 1 high-risk IAM events; 1 malware alerts; 1 credential-access alerts
EMP12657,gagan.boase71,IT,Manager,Active,1,1,8.0,1.0,1,2.0,45.33,93.0,1.0,6.0,2.0,0.0,1.0,0.0,0.0,1.0,0.0,0.0,0.0,0.0,0.0,1.0,,0,0,0,False,2.5,4.0,2.0,6.0,0.0,0,14.5,Low,Low,1 failed authentication events; 2 high-risk IAM events; 1 credential-access alerts
EMP12658,nathaniel.mody8,Legal,Officer,Active,1,0,1.0,0.0,1,1.0,93.0,93.0,1.0,1.0,4.0,1.0,1.0,1.0,3.0,0.0,1.0,0.0,0.0,0.0,0.0,2.0,,0,0,0,False,1.5,2.0,7.0,18.0,2.0,5,35.5,Medium,Medium,1 high-risk IAM events; 3 malware alerts; 1 lateral-movement alerts; 1 critical endpoint alerts; 1 unresolved critical alerts
EMP12659,chatura.swaminathan11,Compliance,Engineer,Active,1,1,4.0,0.0,0,1.0,80.0,98.0,1.0,3.0,3.0,0.0,1.0,0.0,0.0,1.0,1.0,0.0,0.0,1.0,0.0,1.0,,0,0,0,False,0.0,2.0,2.0,13.0,0.0,0,17.0,Low,Low,1 high-risk IAM events; 1 credential-access alerts; 1 lateral-movement alerts
EMP12660,girik.bhat27,Finance,Director,Active,1,0,7.0,2.0,3,1.0,48.4,88.0,1.0,3.0,5.0,1.0,0.0,1.0,3.0,0.0,1.0,0.0,0.0,0.0,1.0,1.0,,0,0,0,False,6.5,2.0,5.0,18.0,2.0,5,38.5,Medium,Medium,2 failed authentication events; 1 high-risk IAM events; 3 malware alerts; 1 lateral-movement alerts; 1 critical endpoint alerts; 1 unresolved critical alerts
EMP12661,deepa.jha15,R&D,Executive,Active,1,1,5.0,1.0,2,0.0,27.0,34.0,1.0,3.0,0.0,0.0,0.0,0.0,0.0,0.0,0.0,0.0,0.0,0.0,0.0,0.0,,0,0,0,False,4.0,0.0,0.0,0.0,0.0,0,4.0,Low,Low,1 failed authentication events
EMP12662,charles.padmanabhan1,Customer Support,Engineer,Active,1,1,2.0,1.0,1,1.0,66.0,79.0,1.0,0.0,4.0,0.0,3.0,0.0,2.0,1.0,0.0,0.0,0.0,1.0,0.0,1.0,,0,0,0,False,2.5,2.0,5.0,19.0,0.0,5,33.5,Medium,Medium,1 failed authentication events; 1 high-risk IAM events; 2 malware alerts; 1 credential-access alerts
EMP12663,zansi.master45,Procurement,Specialist,Active,1,1,3.0,0.0,0,0.0,18.0,18.0,1.0,1.0,6.0,0.0,2.0,0.0,2.0,3.0,0.0,1.0,1.0,0.0,0.0,1.0,,0,0,0,False,0.0,0.0,4.0,27.0,0.0,5,36.0,Medium,Medium,2 malware alerts; 3 credential-access alerts; 1 PowerShell alerts; 1 security-tampering alerts
EMP12664,chanchal.chandran29,Finance,Trainee,Active,1,1,7.0,3.0,3,0.0,35.4,65.0,1.0,3.0,2.0,0.0,0.0,0.0,1.0,0.0,0.0,0.0,1.0,0.0,0.0,1.0,,0,0,0,False,7.5,0.0,0.0,10.0,0.0,0,17.5,Low,Low,3 failed authentication events; 1 malware alerts; 1 security-tampering alerts
EMP12665,urvi.dua16,Legal,Engineer,Active,1,0,6.0,1.0,2,2.0,53.67,97.0,1.0,4.0,1.0,0.0,0.0,0.0,1.0,0.0,0.0,0.0,0.0,0.0,0.0,1.0,,0,0,0,False,4.0,4.0,0.0,6.0,0.0,0,14.0,Low,Low,1 failed authentication events; 2 high-risk IAM events; 1 malware alerts
EMP12666,harish.sampath8,Finance,Director,Active,1,1,5.0,1.0,1,1.0,22.25,75.0,1.0,2.0,3.0,0.0,0.0,0.0,2.0,0.0,0.0,1.0,0.0,0.0,0.0,1.0,,0,0,0,False,2.5,2.0,0.0,15.0,0.0,0,19.5,Low,Low,1 failed authentication events; 1 high-risk IAM events; 2 malware alerts; 1 PowerShell alerts
EMP12667,ansh.bose59,Finance,Officer,On Leave,1,1,12.0,4.0,5,2.0,70.38,97.0,1.0,7.0,2.0,0.0,0.0,0.0,1.0,0.0,0.0,1.0,0.0,0.0,0.0,1.0,,0,0,0,False,11.5,4.0,0.0,9.0,0.0,5,29.5,Medium,Medium,"elevated authentication risk (4 failed auth, 5 MFA failures); 2 high-risk IAM events; 1 malware alerts; 1 PowerShell alerts"
EMP12668,manya.chaudry96,Procurement,Consultant,Active,1,1,4.0,0.0,0,1.0,60.5,70.0,1.0,2.0,2.0,1.0,1.0,1.0,1.0,0.0,1.0,0.0,0.0,0.0,0.0,1.0,,0,0,0,False,0.0,2.0,7.0,12.0,2.0,5,28.0,Medium,Medium,1 high-risk IAM events; 1 malware alerts; 1 lateral-movement alerts; 1 critical endpoint alerts; 1 unresolved critical alerts
EMP12669,vyanjana.jayaraman1,Legal,Trainee,Active,1,1,9.0,4.0,5,1.0,48.25,100.0,1.0,6.0,3.0,1.0,0.0,0.0,1.0,0.0,0.0,1.0,0.0,0.0,0.0,1.0,,0,0,0,False,11.5,2.0,5.0,9.0,0.0,5,32.5,Medium,Medium,"elevated authentication risk (4 failed auth, 5 MFA failures); 1 high-risk IAM events; 1 malware alerts; 1 PowerShell alerts; 1 critical endpoint alerts"
EMP12670,maanas.tata14,Procurement,Executive,Active,1,1,11.0,4.0,2,2.0,48.0,83.0,1.0,8.0,3.0,0.0,1.0,0.0,0.0,2.0,1.0,0.0,0.0,0.0,1.0,2.0,,0,0,0,False,7.0,4.0,2.0,14.0,0.0,0,27.0,Medium,Medium,4 failed authentication events; 2 high-risk IAM events; 2 credential-access alerts; 1 lateral-movement alerts
EMP12671,victor.kumer39,Sales,Specialist,Active,1,1,8.0,3.0,2,2.0,52.57,93.0,1.0,5.0,2.0,0.0,0.0,0.0,0.0,0.0,0.0,1.0,0.0,1.0,0.0,1.0,,0,0,0,False,6.0,4.0,0.0,4.0,0.0,0,14.0,Low,Low,3 failed authentication events; 2 high-risk IAM events; 1 PowerShell alerts
EMP12672,meera.kulkarni21,Operations,Engineer,Active,1,1,7.0,2.0,2,1.0,55.2,93.0,1.0,5.0,3.0,1.0,0.0,1.0,2.0,0.0,0.0,1.0,0.0,0.0,0.0,1.0,,0,0,0,False,5.0,2.0,5.0,15.0,2.0,0,29.0,Medium,Medium,2 failed authentication events; 1 high-risk IAM events; 2 malware alerts; 1 PowerShell alerts; 1 critical endpoint alerts; 1 unresolved critical alerts
EMP12673,victor.nagar6,Finance,Consultant,Disabled,1,0,5.0,1.0,3,0.0,25.8,56.0,1.0,4.0,6.0,0.0,0.0,0.0,3.0,0.0,2.0,1.0,0.0,0.0,0.0,1.0,2022-06-06 09:29:39,5,6,11,True,5.5,0.0,0.0,23.0,10.0,5,43.5,Medium,Medium,1 failed authentication events; 3 malware alerts; 2 lateral-movement alerts; 1 PowerShell alerts; 11 events after identity termination
EMP12674,geetika.khurana37,Operations,Analyst,Active,1,1,3.0,0.0,0,1.0,46.5,81.0,1.0,2.0,2.0,0.0,0.0,0.0,1.0,0.0,1.0,0.0,0.0,0.0,1.0,1.0,,0,0,0,False,0.0,2.0,0.0,12.0,0.0,5,19.0,Low,Low,1 high-risk IAM events; 1 malware alerts; 1 lateral-movement alerts
EMP12675,ronith.madan37,Sales,Specialist,Inactive,1,1,4.0,0.0,1,1.0,48.0,93.0,1.0,3.0,0.0,0.0,0.0,0.0,0.0,0.0,0.0,0.0,0.0,0.0,0.0,0.0,2024-03-07 00:00:00,4,0,4,True,1.5,2.0,0.0,0.0,10.0,0,13.5,Low,Low,1 high-risk IAM events; 4 events after identity termination
EMP12676,urvashi.suri76,Compliance,Executive,Active,1,0,2.0,1.0,2,0.0,13.0,13.0,1.0,1.0,3.0,0.0,0.0,0.0,3.0,0.0,0.0,0.0,0.0,0.0,0.0,1.0,,0,0,0,False,4.0,0.0,0.0,12.0,0.0,0,16.0,Low,Low,1 failed authentication events; 3 malware alerts
EMP12677,vincent.hayre30,Human Resources,Executive,Active,1,1,7.0,3.0,3,3.0,68.5,99.0,1.0,3.0,8.0,0.0,0.0,0.0,4.0,0.0,2.0,0.0,0.0,0.0,0.0,1.0,,0,0,0,False,7.5,6.0,0.0,20.0,0.0,8,41.5,Medium,Medium,3 failed authentication events; 3 high-risk IAM events; 4 malware alerts; 2 lateral-movement alerts
EMP12678,aadhya.saraf43,Procurement,Director,Active,1,1,64.0,20.0,22,13.0,49.5,96.0,1.0,36.0,2.0,1.0,0.0,1.0,1.0,0.0,1.0,0.0,0.0,0.0,0.0,1.0,,0,0,0,False,20.0,20.0,5.0,12.0,2.0,10,69.0,High,High,"elevated authentication risk (20 failed auth, 22 MFA failures); 13 high-risk IAM events; 1 malware alerts; 1 lateral-movement alerts; 1 critical endpoint alerts; 1 unresolved critical alerts"
EMP12679,eiravati.venkatesh64,Legal,Engineer,Active,1,1,4.0,2.0,2,0.0,38.33,67.0,1.0,1.0,3.0,0.0,0.0,0.0,2.0,1.0,0.0,1.0,0.0,0.0,0.0,1.0,,0,0,0,False,5.0,0.0,0.0,21.0,0.0,5,31.0,Medium,Medium,2 failed authentication events; 2 malware alerts; 1 credential-access alerts; 1 PowerShell alerts
EMP12680,ranveer.gokhale2,Legal,Executive,Active,1,0,5.0,2.0,2,1.0,37.0,95.0,1.0,2.0,2.0,1.0,1.0,1.0,0.0,0.0,0.0,1.0,0.0,1.0,0.0,1.0,,0,0,0,False,5.0,2.0,7.0,4.0,2.0,0,20.0,Low,Low,2 failed authentication events; 1 high-risk IAM events; 1 PowerShell alerts; 1 critical endpoint alerts; 1 unresolved critical alerts
EMP12681,abha.borah44,Procurement,Manager,Active,1,1,3.0,1.0,1,1.0,56.0,75.0,1.0,1.0,4.0,0.0,0.0,0.0,2.0,0.0,0.0,1.0,0.0,0.0,0.0,1.0,,0,0,0,False,2.5,2.0,0.0,15.0,0.0,0,19.5,Low,Low,1 failed authentication events; 1 high-risk IAM events; 2 malware alerts; 1 PowerShell alerts
EMP12682,yuvraj.talwar62,Operations,Engineer,Inactive,1,1,5.0,1.0,2,0.0,37.8,68.0,1.0,3.0,3.0,0.0,0.0,0.0,1.0,0.0,2.0,2.0,0.0,0.0,0.0,1.0,2023-08-14 02:16:20,5,2,7,True,4.0,0.0,0.0,18.0,10.0,5,37.0,Medium,Medium,1 failed authentication events; 1 malware alerts; 2 lateral-movement alerts; 2 PowerShell alerts; 7 events after identity termination
EMP12683,meghana.grewal81,Legal,Administrator,Active,1,1,7.0,3.0,4,1.0,51.17,97.0,1.0,3.0,7.0,1.0,1.0,0.0,3.0,0.0,1.0,2.0,1.0,2.0,0.0,2.0,,0,0,0,False,9.0,2.0,7.0,28.0,0.0,10,56.0,High,High,"elevated authentication risk (3 failed auth, 4 MFA failures); 1 high-risk IAM events; 3 malware alerts; 1 lateral-movement alerts; 2 PowerShell alerts; 1 security-tampering alerts; 1 critical endpoint alerts"
EMP12684,omaja.venkatesh99,Sales,Analyst,Active,1,0,5.0,3.0,3,0.0,42.33,63.0,1.0,1.0,2.0,1.0,0.0,0.0,0.0,0.0,1.0,1.0,0.0,1.0,0.0,1.0,,0,0,0,False,7.5,0.0,5.0,10.0,0.0,0,22.5,Low,Low,3 failed authentication events; 1 lateral-movement alerts; 1 PowerShell alerts; 1 critical endpoint alerts
EMP12685,eshana.pant35,Operations,Executive,Active,1,1,4.0,1.0,2,1.0,62.67,91.0,1.0,3.0,1.0,0.0,1.0,0.0,0.0,0.0,1.0,0.0,0.0,0.0,0.0,1.0,,0,0,0,False,4.0,2.0,2.0,6.0,0.0,0,14.0,Low,Low,1 failed authentication events; 1 high-risk IAM events; 1 lateral-movement alerts
EMP12686,tara.muni30,Operations,Consultant,Active,1,1,6.0,2.0,3,1.0,48.5,77.0,1.0,4.0,5.0,0.0,1.0,0.0,1.0,1.0,0.0,3.0,0.0,1.0,0.0,1.0,,0,0,0,False,6.5,2.0,2.0,17.0,0.0,5,32.5,Medium,Medium,2 failed authentication events; 1 high-risk IAM events; 1 malware alerts; 1 credential-access alerts; 3 PowerShell alerts
EMP12687,garima.narasimhan13,Supply Chain,Manager,Disabled,1,0,6.0,2.0,1,2.0,56.5,98.0,1.0,5.0,3.0,0.0,2.0,0.0,0.0,1.0,1.0,2.0,0.0,0.0,0.0,1.0,,0,0,0,False,3.5,4.0,4.0,16.0,0.0,0,27.5,Medium,Medium,2 failed authentication events; 2 high-risk IAM events; 1 credential-access alerts; 1 lateral-movement alerts; 2 PowerShell alerts
EMP12688,jackson.parmer60,Finance,Administrator,Active,0,1,2.0,1.0,1,0.0,4.0,4.0,1.0,0.0,2.0,0.0,1.0,0.0,1.0,0.0,0.0,0.0,0.0,0.0,0.0,1.0,,0,0,0,False,2.5,0.0,2.0,6.0,0.0,0,10.5,Low,Low,1 failed authentication events; 1 malware alerts
EMP12689,,Human Resources,Officer,Active,0,1,3.0,0.0,0,0.0,26.0,26.0,1.0,2.0,0.0,0.0,0.0,0.0,0.0,0.0,0.0,0.0,0.0,0.0,0.0,0.0,,0,0,0,False,0.0,0.0,0.0,0.0,0.0,0,0.0,Low,Low,No high-priority risk drivers
EMP12690,oviya.ganguly15,Procurement,Executive,Active,1,1,5.0,2.0,2,2.0,66.0,95.0,1.0,2.0,1.0,0.0,0.0,0.0,0.0,0.0,0.0,1.0,0.0,0.0,0.0,1.0,,0,0,0,False,5.0,4.0,0.0,3.0,0.0,0,12.0,Low,Low,2 failed authentication events; 2 high-risk IAM events; 1 PowerShell alerts
EMP12691,meera.hora64,Legal,Specialist,Active,0,1,2.0,0.0,0,1.0,75.0,94.0,1.0,1.0,3.0,1.0,0.0,1.0,0.0,1.0,0.0,1.0,0.0,1.0,0.0,1.0,,0,0,0,False,0.0,2.0,5.0,10.0,2.0,0,19.0,Low,Low,1 high-risk IAM events; 1 credential-access alerts; 1 PowerShell alerts; 1 critical endpoint alerts; 1 unresolved critical alerts
EMP12692,dalaja.sura56,Operations,Manager,Active,1,1,8.0,3.0,3,3.0,39.75,90.0,1.0,6.0,2.0,0.0,0.0,0.0,1.0,0.0,0.0,1.0,1.0,0.0,0.0,1.0,,0,0,0,False,7.5,6.0,0.0,13.0,0.0,3,29.5,Medium,Medium,3 failed authentication events; 3 high-risk IAM events; 1 malware alerts; 1 PowerShell alerts; 1 security-tampering alerts
EMP12693,shaurya.gade38,Legal,Administrator,Active,1,0,12.0,3.0,5,3.0,49.0,86.0,1.0,7.0,5.0,0.0,2.0,0.0,1.0,0.0,2.0,1.0,1.0,1.0,0.0,2.0,,0,0,0,False,10.5,6.0,4.0,22.0,0.0,10,52.5,High,High,"elevated authentication risk (3 failed auth, 5 MFA failures); 3 high-risk IAM events; 1 malware alerts; 2 lateral-movement alerts; 1 PowerShell alerts; 1 security-tampering alerts"
EMP12694,chaitaly.dugal25,Customer Support,Executive,Active,1,0,9.0,5.0,6,1.0,36.5,78.0,1.0,3.0,4.0,0.0,0.0,0.0,3.0,1.0,0.0,1.0,0.0,0.0,0.0,1.0,,0,0,0,False,14.0,2.0,0.0,21.0,0.0,10,47.0,Medium,Medium,"elevated authentication risk (5 failed auth, 6 MFA failures); 1 high-risk IAM events; 3 malware alerts; 1 credential-access alerts; 1 PowerShell alerts"
EMP12695,sai.mann23,IT,Officer,Active,1,1,7.0,0.0,2,2.0,43.25,85.0,1.0,6.0,2.0,0.0,0.0,0.0,1.0,0.0,0.0,1.0,0.0,0.0,0.0,1.0,,0,0,0,False,3.0,4.0,0.0,9.0,0.0,0,16.0,Low,Low,2 high-risk IAM events; 1 malware alerts; 1 PowerShell alerts
EMP12696,gaurang.rao47,Marketing,Engineer,Active,1,1,6.0,3.0,3,0.0,49.0,68.0,1.0,3.0,2.0,1.0,0.0,1.0,1.0,0.0,0.0,0.0,0.0,1.0,1.0,1.0,,0,0,0,False,7.5,0.0,5.0,7.0,2.0,0,21.5,Low,Low,3 failed authentication events; 1 malware alerts; 1 critical endpoint alerts; 1 unresolved critical alerts
EMP12697,damini.dara51,Finance,Officer,Inactive,1,1,5.0,0.0,2,0.0,34.67,65.0,1.0,4.0,3.0,0.0,0.0,0.0,1.0,0.0,0.0,0.0,1.0,1.0,0.0,1.0,2024-08-10 00:00:00,5,2,7,True,3.0,0.0,0.0,11.0,10.0,0,24.0,Low,Low,1 malware alerts; 1 security-tampering alerts; 7 events after identity termination
EMP12698,amol.gole85,Legal,Executive,Active,1,1,4.0,2.0,1,0.0,23.33,63.0,1.0,3.0,4.0,1.0,1.0,0.0,1.0,1.0,0.0,1.0,0.0,1.0,0.0,2.0,,0,0,0,False,3.5,0.0,7.0,16.0,0.0,5,31.5,Medium,Medium,2 failed authentication events; 1 malware alerts; 1 credential-access alerts; 1 PowerShell alerts; 1 critical endpoint alerts
EMP12699,edhitha.balasubramanian33,Finance,Analyst,Active,1,1,6.0,1.0,1,2.0,50.0,80.0,1.0,3.0,5.0,0.0,1.0,0.0,4.0,0.0,0.0,1.0,0.0,0.0,0.0,1.0,,0,0,0,False,2.5,4.0,2.0,15.0,0.0,0,23.5,Low,Low,1 failed authentication events; 2 high-risk IAM events; 4 malware alerts; 1 PowerShell alerts
EMP12700,zilmil.sur74,Finance,Specialist,Active,1,1,6.0,3.0,2,2.0,56.67,81.0,1.0,2.0,2.0,0.0,1.0,0.0,0.0,1.0,1.0,1.0,0.0,0.0,0.0,2.0,,0,0,0,False,6.0,4.0,2.0,15.0,0.0,0,27.0,Medium,Medium,3 failed authentication events; 2 high-risk IAM events; 1 credential-access alerts; 1 lateral-movement alerts; 1 PowerShell alerts
EMP12701,baghyawati.nori89,R&D,Analyst,Active,1,1,5.0,1.0,1,3.0,70.75,98.0,1.0,4.0,2.0,0.0,0.0,0.0,1.0,1.0,0.0,0.0,0.0,0.0,0.0,2.0,,0,0,0,False,2.5,6.0,0.0,12.0,0.0,5,25.5,Medium,Medium,1 failed authentication events; 3 high-risk IAM events; 1 malware alerts; 1 credential-access alerts
EMP12702,samuel.dubey7,Supply Chain,Consultant,Active,1,0,6.0,2.0,5,3.0,64.2,94.0,1.0,1.0,5.0,0.0,2.0,0.0,1.0,0.0,0.0,1.0,1.0,1.0,1.0,2.0,,0,0,0,False,9.5,6.0,4.0,14.0,0.0,8,41.5,Medium,Medium,"elevated authentication risk (2 failed auth, 5 MFA failures); 3 high-risk IAM events; 1 malware alerts; 1 PowerShell alerts; 1 security-tampering alerts"
EMP12703,viraj.handa92,Sales,Specialist,Active,1,1,4.0,2.0,1,2.0,56.25,93.0,1.0,0.0,3.0,0.0,0.0,0.0,2.0,1.0,0.0,0.0,0.0,0.0,0.0,1.0,,0,0,0,False,3.5,4.0,0.0,18.0,0.0,5,30.5,Medium,Medium,2 failed authentication events; 2 high-risk IAM events; 2 malware alerts; 1 credential-access alerts
EMP12704,vedhika.khatri69,Procurement,Executive,Disabled,1,1,9.0,4.0,4,2.0,61.43,89.0,1.0,5.0,2.0,0.0,0.0,0.0,1.0,0.0,0.0,1.0,0.0,0.0,0.0,2.0,2025-10-30 21:00:00,7,2,9,True,10.0,4.0,0.0,9.0,10.0,5,38.0,Medium,Medium,"elevated authentication risk (4 failed auth, 4 MFA failures); 2 high-risk IAM events; 1 malware alerts; 1 PowerShell alerts; 9 events after identity termination"
EMP12705,aarush.mani1,IT,Director,Active,1,1,3.0,1.0,2,0.0,37.67,53.0,1.0,1.0,0.0,0.0,0.0,0.0,0.0,0.0,0.0,0.0,0.0,0.0,0.0,0.0,,0,0,0,False,4.0,0.0,0.0,0.0,0.0,0,4.0,Low,Low,1 failed authentication events
EMP12706,inaya.rastogi36,Legal,Manager,Disabled,1,1,9.0,1.0,4,2.0,48.0,100.0,1.0,7.0,4.0,0.0,1.0,0.0,1.0,0.0,0.0,2.0,0.0,1.0,0.0,1.0,2024-03-04 22:08:32,6,2,8,True,7.0,4.0,2.0,11.0,10.0,0,34.0,Medium,Medium,1 failed authentication events; 2 high-risk IAM events; 1 malware alerts; 2 PowerShell alerts; 8 events after identity termination
EMP12707,indira.pant51,Marketing,Engineer,Active,1,1,8.0,3.0,2,3.0,60.14,99.0,1.0,7.0,1.0,0.0,0.0,0.0,1.0,0.0,0.0,0.0,0.0,0.0,0.0,1.0,,0,0,0,False,6.0,6.0,0.0,6.0,0.0,0,18.0,Low,Low,3 failed authentication events; 3 high-risk IAM events; 1 malware alerts
EMP12708,pooja.kunda23,Sales,Administrator,Disabled,1,1,3.0,1.0,1,2.0,92.5,98.0,1.0,1.0,0.0,0.0,0.0,0.0,0.0,0.0,0.0,0.0,0.0,0.0,0.0,0.0,2025-11-04 03:03:59,1,0,1,True,2.5,4.0,0.0,0.0,3.0,0,9.5,Low,Low,1 failed authentication events; 2 high-risk IAM events; 1 events after identity termination
EMP12709,manan.jhaveri26,Legal,Manager,Active,1,1,3.0,1.0,0,0.0,52.0,61.0,1.0,2.0,1.0,0.0,0.0,0.0,0.0,0.0,0.0,1.0,0.0,0.0,0.0,1.0,,0,0,0,False,1.0,0.0,0.0,3.0,0.0,0,4.0,Low,Low,1 failed authentication events; 1 PowerShell alerts
EMP12710,samar.modi39,Finance,Engineer,Active,1,1,5.0,3.0,2,2.0,59.5,76.0,1.0,3.0,1.0,0.0,1.0,0.0,0.0,0.0,0.0,1.0,0.0,0.0,0.0,1.0,,0,0,0,False,6.0,4.0,2.0,3.0,0.0,0,15.0,Low,Low,3 failed authentication events; 2 high-risk IAM events; 1 PowerShell alerts
EMP12711,,Innovation,Executive,Inactive,1,1,6.0,1.0,1,0.0,41.4,66.0,1.0,4.0,3.0,0.0,0.0,0.0,2.0,1.0,0.0,0.0,1.0,0.0,0.0,1.0,2026-03-28 00:00:00,5,3,8,True,2.5,0.0,0.0,22.0,10.0,5,39.5,Medium,Medium,1 failed authentication events; 2 malware alerts; 1 credential-access alerts; 1 security-tampering alerts; 8 events after identity termination
EMP12712,dayita.char97,IT,Director,Disabled,1,1,5.0,1.0,1,0.0,53.0,65.0,1.0,4.0,3.0,0.0,0.0,0.0,2.0,0.0,0.0,0.0,0.0,0.0,0.0,1.0,2026-06-20 05:52:00,5,2,7,True,2.5,0.0,0.0,12.0,10.0,0,24.5,Medium,Medium,1 failed authentication events; 2 malware alerts; 7 events after identity termination
EMP12713,hritik_shukla36,Legal,Manager,Active,1,0,7.0,2.0,4,0.0,36.4,57.0,1.0,7.0,1.0,0.0,0.0,0.0,0.0,0.0,1.0,0.0,0.0,0.0,0.0,1.0,,0,0,0,False,8.0,0.0,0.0,6.0,0.0,5,19.0,Low,Low,"elevated authentication risk (2 failed auth, 4 MFA failures); 1 lateral-movement alerts"
EMP12714,inaya.kapadia64,Procurement,Specialist,Active,1,1,3.0,2.0,1,1.0,67.5,72.0,1.0,2.0,0.0,0.0,0.0,0.0,0.0,0.0,0.0,0.0,0.0,0.0,0.0,0.0,,0,0,0,False,3.5,2.0,0.0,0.0,0.0,0,5.5,Low,Low,2 failed authentication events; 1 high-risk IAM events
EMP12715,arin.sant37,Customer Support,Engineer,Active,1,1,3.0,1.0,0,1.0,42.67,70.0,1.0,1.0,0.0,0.0,0.0,0.0,0.0,0.0,0.0,0.0,0.0,0.0,0.0,0.0,,0,0,0,False,1.0,2.0,0.0,0.0,0.0,0,3.0,Low,Low,1 failed authentication events; 1 high-risk IAM events
EMP12716,lakshmi.sen22,Sales,Administrator,Disabled,1,1,3.0,3.0,2,2.0,70.67,94.0,1.0,1.0,4.0,1.0,0.0,1.0,1.0,0.0,1.0,0.0,1.0,2.0,0.0,1.0,2025-05-07 10:48:06,3,1,4,True,6.0,4.0,5.0,18.0,12.0,5,50.0,High,High,3 failed authentication events; 2 high-risk IAM events; 1 malware alerts; 1 lateral-movement alerts; 1 security-tampering alerts; 1 critical endpoint alerts; 4 events after identity termination; 1 unresolved critical alerts
EMP12717,amara.ratti2,Finance,Consultant,Active,1,1,2.0,1.0,1,1.0,56.5,74.0,1.0,1.0,4.0,0.0,1.0,0.0,1.0,0.0,2.0,1.0,1.0,0.0,0.0,1.0,,0,0,0,False,2.5,2.0,2.0,21.0,0.0,5,32.5,Medium,Medium,1 failed authentication events; 1 high-risk IAM events; 1 malware alerts; 2 lateral-movement alerts; 1 PowerShell alerts; 1 security-tampering alerts
EMP12718,vrishti.dewan18,Compliance,Officer,Active,1,1,1.0,0.0,1,0.0,0.0,0.0,1.0,0.0,4.0,0.0,2.0,0.0,1.0,0.0,2.0,1.0,1.0,0.0,0.0,1.0,,0,0,0,False,1.5,0.0,4.0,21.0,0.0,5,31.5,Medium,Medium,1 malware alerts; 2 lateral-movement alerts; 1 PowerShell alerts; 1 security-tampering alerts
EMP12719,hamsini.dhar94,Marketing,Manager,Active,1,1,7.0,2.0,4,1.0,40.4,86.0,1.0,6.0,2.0,0.0,0.0,0.0,0.0,1.0,0.0,1.0,2.0,0.0,0.0,1.0,,0,0,0,False,8.0,2.0,0.0,14.0,0.0,5,29.0,Medium,Medium,"elevated authentication risk (2 failed auth, 4 MFA failures); 1 high-risk IAM events; 1 credential-access alerts; 1 PowerShell alerts; 2 security-tampering alerts"
EMP12720,veda.balasubramanian81,Operations,Trainee,Active,1,1,4.0,2.0,2,1.0,55.75,77.0,1.0,0.0,2.0,0.0,1.0,0.0,0.0,0.0,0.0,0.0,0.0,2.0,0.0,1.0,,0,0,0,False,5.0,2.0,2.0,2.0,0.0,0,11.0,Low,Low,2 failed authentication events; 1 high-risk IAM events
EMP12721,advika.pai76,Procurement,Analyst,Disabled,1,1,4.0,1.0,3,1.0,72.0,94.0,1.0,1.0,2.0,0.0,1.0,0.0,0.0,1.0,0.0,0.0,0.0,1.0,0.0,2.0,2025-03-03 14:52:15,4,2,6,True,5.5,2.0,2.0,7.0,10.0,0,26.5,Medium,Medium,1 failed authentication events; 1 high-risk IAM events; 1 credential-access alerts; 6 events after identity termination
EMP12722,falak.lanka40,Innovation,Director,Active,1,1,5.0,2.0,3,0.0,37.25,64.0,1.0,2.0,6.0,1.0,0.0,0.0,2.0,1.0,0.0,2.0,0.0,1.0,0.0,2.0,,0,0,0,False,6.5,0.0,5.0,23.0,0.0,5,39.5,Medium,Medium,2 failed authentication events; 2 malware alerts; 1 credential-access alerts; 2 PowerShell alerts; 1 critical endpoint alerts
EMP12723,tripti.datta67,Marketing,Administrator,Active,1,1,3.0,0.0,0,2.0,78.0,80.0,1.0,3.0,2.0,0.0,1.0,0.0,2.0,0.0,0.0,0.0,0.0,0.0,0.0,1.0,,0,0,0,False,0.0,4.0,2.0,12.0,0.0,0,18.0,Low,Low,2 high-risk IAM events; 2 malware alerts
EMP12724,max.wali58,Operations,Director,Active,1,1,3.0,0.0,2,1.0,33.33,72.0,1.0,2.0,5.0,0.0,2.0,0.0,0.0,0.0,0.0,2.0,0.0,2.0,0.0,2.0,,0,0,0,False,3.0,2.0,4.0,6.0,0.0,0,15.0,Low,Low,1 high-risk IAM events; 2 PowerShell alerts
EMP12725,gunbir.viswanathan52,Customer Support,Manager,Inactive,1,1,6.0,3.0,3,0.0,28.25,51.0,1.0,3.0,2.0,1.0,1.0,1.0,0.0,0.0,0.0,1.0,0.0,0.0,0.0,1.0,2025-02-21 14:30:00,4,2,6,True,7.5,0.0,7.0,3.0,12.0,0,29.5,Medium,Medium,3 failed authentication events; 1 PowerShell alerts; 1 critical endpoint alerts; 6 events after identity termination; 1 unresolved critical alerts
EMP12726,kamya.rana5,IT,Executive,Active,1,0,11.0,4.0,6,4.0,55.25,96.0,1.0,6.0,3.0,1.0,0.0,1.0,1.0,0.0,0.0,1.0,1.0,0.0,0.0,1.0,,0,0,0,False,13.0,8.0,5.0,13.0,2.0,8,49.0,Medium,Medium,"elevated authentication risk (4 failed auth, 6 MFA failures); 4 high-risk IAM events; 1 malware alerts; 1 PowerShell alerts; 1 security-tampering alerts; 1 critical endpoint alerts; 1 unresolved critical alerts"
EMP12727,unni.borra40,Operations,Analyst,Disabled,1,0,1.0,0.0,0,0.0,0.0,0.0,1.0,0.0,3.0,1.0,1.0,1.0,1.0,0.0,1.0,1.0,0.0,0.0,0.0,1.0,,0,0,0,False,0.0,0.0,7.0,15.0,2.0,5,29.0,Medium,Medium,1 malware alerts; 1 lateral-movement alerts; 1 PowerShell alerts; 1 critical endpoint alerts; 1 unresolved critical alerts
EMP12728,ekaraj.jaggi47,Legal,Director,Active,1,1,3.0,1.0,0,0.0,22.5,32.0,1.0,1.0,2.0,0.0,1.0,0.0,0.0,0.0,1.0,0.0,2.0,0.0,0.0,1.0,,0,0,0,False,1.0,0.0,2.0,11.0,0.0,0,14.0,Low,Low,1 failed authentication events; 1 lateral-movement alerts; 2 security-tampering alerts
EMP12729,,Customer Support,Engineer,Active,1,1,5.0,1.0,2,2.0,43.0,90.0,1.0,5.0,2.0,0.0,1.0,0.0,2.0,0.0,0.0,0.0,0.0,0.0,1.0,2.0,,0,0,0,False,4.0,4.0,2.0,12.0,0.0,0,22.0,Low,Low,1 failed authentication events; 2 high-risk IAM events; 2 malware alerts
EMP12730,maya.bava52,R&D,Manager,Active,1,1,3.0,1.0,1,0.0,14.5,18.0,1.0,2.0,1.0,0.0,1.0,0.0,1.0,0.0,0.0,1.0,0.0,0.0,0.0,1.0,,0,0,0,False,2.5,0.0,2.0,9.0,0.0,0,13.5,Low,Low,1 failed authentication events; 1 malware alerts; 1 PowerShell alerts
EMP12731,shivansh.mani61,Procurement,Administrator,Active,1,0,4.0,2.0,1,2.0,61.67,87.0,1.0,3.0,2.0,1.0,0.0,1.0,0.0,0.0,0.0,0.0,0.0,2.0,0.0,1.0,,0,0,0,False,3.5,4.0,5.0,2.0,2.0,0,16.5,Low,Low,2 failed authentication events; 2 high-risk IAM events; 1 critical endpoint alerts; 1 unresolved critical alerts
EMP12732,zehaan.dar65,Compliance,Consultant,Active,0,1,4.0,1.0,0,1.0,46.67,90.0,1.0,4.0,3.0,1.0,1.0,0.0,2.0,0.0,0.0,0.0,0.0,1.0,1.0,1.0,,0,0,0,False,1.0,2.0,7.0,13.0,0.0,0,23.0,Low,Low,1 failed authentication events; 1 high-risk IAM events; 2 malware alerts; 1 critical endpoint alerts
EMP12733,nilima.basak27,Procurement,Director,Disabled,1,1,5.0,2.0,3,2.0,60.2,83.0,1.0,5.0,2.0,0.0,0.0,0.0,0.0,0.0,1.0,0.0,0.0,1.0,0.0,1.0,2026-07-31 12:56:02,3,2,5,True,6.5,4.0,0.0,7.0,10.0,0,27.5,Medium,Medium,2 failed authentication events; 2 high-risk IAM events; 1 lateral-movement alerts; 5 events after identity termination
EMP12734,xavier.kade65,R&D,Director,Disabled,1,1,3.0,0.0,0,0.0,29.67,55.0,1.0,3.0,4.0,0.0,0.0,0.0,1.0,1.0,1.0,0.0,0.0,0.0,0.0,1.0,2025-06-21 05:17:00,3,4,7,True,0.0,0.0,0.0,18.0,10.0,10,38.0,Medium,Medium,1 malware alerts; 1 credential-access alerts; 1 lateral-movement alerts; 7 events after identity termination
EMP12735,irya.mall82,Brand,Specialist,Active,1,1,11.0,3.0,6,7.0,70.67,92.0,1.0,6.0,3.0,0.0,1.0,0.0,1.0,0.0,0.0,2.0,0.0,0.0,1.0,1.0,,0,0,0,False,12.0,14.0,2.0,10.0,0.0,8,46.0,Medium,Medium,"elevated authentication risk (3 failed auth, 6 MFA failures); 7 high-risk IAM events; 1 malware alerts; 2 PowerShell alerts"
EMP12736,nimrat.parmer72,Legal,Manager,Active,1,0,5.0,1.0,3,1.0,41.0,97.0,1.0,2.0,5.0,1.0,0.0,1.0,3.0,0.0,1.0,0.0,0.0,1.0,0.0,1.0,,0,0,0,False,5.5,2.0,5.0,19.0,2.0,5,38.5,Medium,Medium,1 failed authentication events; 1 high-risk IAM events; 3 malware alerts; 1 lateral-movement alerts; 1 critical endpoint alerts; 1 unresolved critical alerts
EMP12737,kashish.raman24,IT,Manager,Inactive,1,1,4.0,1.0,2,0.0,26.67,38.0,1.0,4.0,3.0,0.0,1.0,0.0,1.0,0.0,2.0,0.0,0.0,0.0,0.0,1.0,,0,0,0,False,4.0,0.0,2.0,14.0,0.0,5,25.0,Medium,Medium,1 failed authentication events; 1 malware alerts; 2 lateral-movement alerts
EMP12738,devika.bhargava75,Procurement,Executive,Active,1,1,65.0,20.0,28,20.0,50.48,100.0,1.0,38.0,4.0,1.0,1.0,1.0,1.0,0.0,1.0,0.0,1.0,2.0,0.0,1.0,,0,0,0,False,20.0,20.0,7.0,18.0,2.0,10,77.0,Critical,Critical,"elevated authentication risk (20 failed auth, 28 MFA failures); 20 high-risk IAM events; 1 malware alerts; 1 lateral-movement alerts; 1 security-tampering alerts; 1 critical endpoint alerts; 1 unresolved critical alerts"
EMP12739,manan.choudhary21,R&D,Manager,Active,1,0,8.0,1.0,1,2.0,55.0,99.0,1.0,6.0,2.0,0.0,0.0,0.0,1.0,0.0,0.0,0.0,0.0,0.0,0.0,2.0,,0,0,0,False,2.5,4.0,0.0,6.0,0.0,0,12.5,Low,Low,1 failed authentication events; 2 high-risk IAM events; 1 malware alerts
EMP12740,jasmit_madan30,R&D,Manager,Active,1,1,8.0,3.0,3,1.0,51.83,98.0,1.0,5.0,2.0,0.0,0.0,0.0,1.0,0.0,0.0,0.0,0.0,1.0,0.0,1.0,,0,0,0,False,7.5,2.0,0.0,7.0,0.0,0,16.5,Low,Low,3 failed authentication events; 1 high-risk IAM events; 1 malware alerts
EMP12741,omkaar.chana52,Supply Chain,Administrator,Active,1,0,1.0,1.0,1,0.0,0.0,0.0,1.0,1.0,1.0,0.0,0.0,0.0,0.0,1.0,0.0,0.0,0.0,0.0,0.0,1.0,,0,0,0,False,2.5,0.0,0.0,6.0,0.0,0,8.5,Low,Low,1 failed authentication events; 1 credential-access alerts
EMP12742,,People,Engineer,Active,1,0,2.0,0.0,0,1.0,44.5,70.0,1.0,2.0,1.0,1.0,0.0,1.0,1.0,0.0,0.0,0.0,0.0,0.0,0.0,1.0,,0,0,0,False,0.0,2.0,5.0,6.0,2.0,0,15.0,Low,Low,1 high-risk IAM events; 1 malware alerts; 1 critical endpoint alerts; 1 unresolved critical alerts
EMP12743,nidra.nanda73,Procurement,Director,Active,1,0,3.0,0.0,2,1.0,38.5,76.0,1.0,2.0,3.0,1.0,1.0,0.0,0.0,1.0,0.0,0.0,0.0,2.0,0.0,1.0,,0,0,0,False,3.0,2.0,7.0,8.0,0.0,0,20.0,Low,Low,1 high-risk IAM events; 1 credential-access alerts; 1 critical endpoint alerts
EMP12744,wakeeta.dubey69,R&D,Engineer,On Leave,1,1,2.0,1.0,0,1.0,58.5,96.0,1.0,0.0,4.0,0.0,3.0,0.0,2.0,0.0,1.0,1.0,0.0,0.0,0.0,1.0,,0,0,0,False,1.0,2.0,5.0,21.0,0.0,5,34.0,Medium,Medium,1 failed authentication events; 1 high-risk IAM events; 2 malware alerts; 1 lateral-movement alerts; 1 PowerShell alerts
EMP12745,prisha.sarkar30,Customer Support,Officer,Disabled,0,0,8.0,5.0,5,1.0,41.17,95.0,1.0,3.0,6.0,0.0,4.0,0.0,3.0,1.0,1.0,1.0,0.0,0.0,1.0,1.0,2026-05-13 00:00:00,7,5,12,True,12.5,2.0,5.0,27.0,10.0,10,66.5,High,High,"elevated authentication risk (5 failed auth, 5 MFA failures); 1 high-risk IAM events; 3 malware alerts; 1 credential-access alerts; 1 lateral-movement alerts; 1 PowerShell alerts; 12 events after identity termination"
EMP12746,neha.pal10,R&D,Officer,Active,0,1,8.0,4.0,5,0.0,25.17,58.0,1.0,2.0,3.0,1.0,0.0,1.0,1.0,0.0,0.0,2.0,1.0,2.0,0.0,1.0,,0,0,0,False,11.5,0.0,5.0,16.0,2.0,5,39.5,Medium,Medium,"elevated authentication risk (4 failed auth, 5 MFA failures); 1 malware alerts; 2 PowerShell alerts; 1 security-tampering alerts; 1 critical endpoint alerts; 1 unresolved critical alerts"
EMP12747,chanakya.keer83,Brand,Engineer,Inactive,1,1,7.0,2.0,1,1.0,62.0,71.0,1.0,6.0,2.0,0.0,0.0,0.0,1.0,1.0,0.0,0.0,0.0,0.0,0.0,1.0,2024-09-15 23:53:22,6,2,8,True,3.5,2.0,0.0,12.0,10.0,5,32.5,Medium,Medium,2 failed authentication events; 1 high-risk IAM events; 1 malware alerts; 1 credential-access alerts; 8 events after identity termination
EMP12748,nisha.babu33,Procurement,Executive,Active,1,0,6.0,2.0,1,1.0,66.0,80.0,1.0,5.0,5.0,0.0,2.0,0.0,2.0,0.0,0.0,2.0,2.0,2.0,0.0,1.0,,0,0,0,False,3.5,2.0,4.0,23.0,0.0,0,32.5,Medium,Medium,2 failed authentication events; 1 high-risk IAM events; 2 malware alerts; 2 PowerShell alerts; 2 security-tampering alerts
EMP12749,darika.mandal6,Human Resources,Trainee,Active,1,1,8.0,0.0,4,1.0,51.83,91.0,1.0,7.0,3.0,0.0,0.0,0.0,1.0,0.0,0.0,0.0,0.0,1.0,0.0,1.0,,0,0,0,False,6.0,2.0,0.0,7.0,0.0,0,15.0,Low,Low,1 high-risk IAM events; 1 malware alerts
EMP12750,darika.parekh27,IT,Officer,Active,1,1,6.0,2.0,2,1.0,43.4,88.0,1.0,4.0,2.0,0.0,0.0,0.0,0.0,0.0,0.0,1.0,0.0,0.0,0.0,2.0,,0,0,0,False,5.0,2.0,0.0,3.0,0.0,0,10.0,Low,Low,2 failed authentication events; 1 high-risk IAM events; 1 PowerShell alerts
EMP12751,william.narang20,Customer Support,Executive,Active,0,1,4.0,1.0,2,1.0,47.25,96.0,1.0,2.0,3.0,0.0,1.0,0.0,2.0,1.0,0.0,1.0,0.0,0.0,0.0,2.0,,0,0,0,False,4.0,2.0,2.0,21.0,0.0,5,34.0,Medium,Medium,1 failed authentication events; 1 high-risk IAM events; 2 malware alerts; 1 credential-access alerts; 1 PowerShell alerts
EMP12752,balendra.chander68,Operations,Analyst,Active,1,0,4.0,1.0,0,3.0,71.25,80.0,1.0,3.0,0.0,0.0,0.0,0.0,0.0,0.0,0.0,0.0,0.0,0.0,0.0,0.0,,0,0,0,False,1.0,6.0,0.0,0.0,0.0,0,7.0,Low,Low,1 failed authentication events; 3 high-risk IAM events
EMP12753,tejas.swamy73,Finance,Trainee,Active,0,1,4.0,1.0,2,1.0,71.0,91.0,1.0,3.0,0.0,0.0,0.0,0.0,0.0,0.0,0.0,0.0,0.0,0.0,0.0,0.0,,0,0,0,False,4.0,2.0,0.0,0.0,0.0,0,6.0,Low,Low,1 failed authentication events; 1 high-risk IAM events
EMP12754,brijesh.dube88,Human Resources,Specialist,Disabled,1,1,1.0,0.0,0,0.0,0.0,0.0,1.0,1.0,2.0,0.0,0.0,0.0,1.0,1.0,0.0,0.0,1.0,0.0,0.0,1.0,,0,0,0,False,0.0,0.0,0.0,16.0,0.0,5,21.0,Low,Low,1 malware alerts; 1 credential-access alerts; 1 security-tampering alerts
EMP12755,wriddhish_barad18,IT,Engineer,Active,1,1,3.0,0.0,0,1.0,58.33,82.0,1.0,2.0,1.0,0.0,1.0,0.0,1.0,0.0,0.0,0.0,0.0,0.0,0.0,1.0,,0,0,0,False,0.0,2.0,2.0,6.0,0.0,0,10.0,Low,Low,1 high-risk IAM events; 1 malware alerts
EMP12756,karan.mohan54,Sales,Administrator,Active,1,1,3.0,0.0,1,2.0,63.0,97.0,1.0,2.0,2.0,0.0,0.0,0.0,1.0,0.0,0.0,1.0,0.0,1.0,0.0,1.0,,0,0,0,False,1.5,4.0,0.0,10.0,0.0,0,15.5,Low,Low,2 high-risk IAM events; 1 malware alerts; 1 PowerShell alerts
EMP12757,ishita_bhatt24,Marketing,Consultant,Inactive,1,0,1.0,0.0,0,1.0,95.0,95.0,1.0,0.0,3.0,0.0,0.0,0.0,1.0,0.0,1.0,1.0,1.0,0.0,1.0,1.0,,0,0,0,False,0.0,2.0,0.0,19.0,0.0,5,26.0,Medium,Medium,1 high-risk IAM events; 1 malware alerts; 1 lateral-movement alerts; 1 PowerShell alerts; 1 security-tampering alerts
EMP12758,chasmum.vig85,Finance,Administrator,Active,1,1,9.0,3.0,3,3.0,50.88,94.0,1.0,7.0,1.0,0.0,0.0,0.0,0.0,1.0,0.0,0.0,0.0,0.0,0.0,1.0,,0,0,0,False,7.5,6.0,0.0,6.0,0.0,3,22.5,Low,Low,3 failed authentication events; 3 high-risk IAM events; 1 credential-access alerts
EMP12759,ekanta.gola20,Sales,Trainee,Active,1,0,3.0,0.0,2,0.0,19.0,19.0,1.0,2.0,1.0,0.0,0.0,0.0,0.0,1.0,0.0,0.0,0.0,0.0,0.0,1.0,,0,0,0,False,3.0,0.0,0.0,6.0,0.0,0,9.0,Low,Low,1 credential-access alerts
EMP12760,vrishti.mall91,IT,Engineer,Active,1,1,5.0,2.0,2,2.0,69.67,83.0,1.0,3.0,4.0,0.0,0.0,0.0,2.0,0.0,0.0,2.0,0.0,0.0,0.0,1.0,,0,0,0,False,5.0,4.0,0.0,16.0,0.0,0,25.0,Medium,Medium,2 failed authentication events; 2 high-risk IAM events; 2 malware alerts; 2 PowerShell alerts
EMP12761,yagnesh.agrawal38,Sales,Director,Active,0,1,4.0,3.0,3,2.0,81.33,97.0,1.0,3.0,5.0,1.0,2.0,1.0,2.0,2.0,0.0,0.0,1.0,0.0,0.0,1.0,,0,0,0,False,7.5,4.0,9.0,24.0,2.0,5,51.5,High,High,3 failed authentication events; 2 high-risk IAM events; 2 malware alerts; 2 credential-access alerts; 1 security-tampering alerts; 1 critical endpoint alerts; 1 unresolved critical alerts
EMP12762,nathaniel.jhaveri55,Marketing,Officer,Disabled,1,1,14.0,9.0,6,2.0,34.17,100.0,1.0,6.0,7.0,0.0,0.0,0.0,3.0,1.0,1.0,0.0,0.0,2.0,0.0,1.0,2024-04-22 08:28:23,9,4,13,True,18.0,4.0,0.0,26.0,10.0,10,68.0,High,High,"elevated authentication risk (9 failed auth, 6 MFA failures); 2 high-risk IAM events; 3 malware alerts; 1 credential-access alerts; 1 lateral-movement alerts; 13 events after identity termination"
EMP12763,sanaya.kale52,Marketing,Officer,Active,1,1,4.0,3.0,3,1.0,53.33,88.0,1.0,1.0,2.0,0.0,0.0,0.0,1.0,0.0,0.0,0.0,0.0,0.0,0.0,1.0,,0,0,0,False,7.5,2.0,0.0,6.0,0.0,0,15.5,Low,Low,3 failed authentication events; 1 high-risk IAM events; 1 malware alerts
EMP12764,urmi.dey32,Customer Support,Consultant,Active,1,1,7.0,2.0,1,0.0,30.8,56.0,1.0,4.0,3.0,0.0,0.0,0.0,1.0,1.0,0.0,0.0,1.0,1.0,0.0,2.0,,0,0,0,False,3.5,0.0,0.0,17.0,0.0,5,25.5,Medium,Medium,2 failed authentication events; 1 malware alerts; 1 credential-access alerts; 1 security-tampering alerts
EMP12765,zayyan.chatterjee30,Legal,Analyst,Active,1,1,8.0,2.0,2,3.0,45.25,84.0,1.0,4.0,1.0,0.0,0.0,0.0,0.0,0.0,0.0,1.0,0.0,0.0,0.0,1.0,,0,0,0,False,5.0,6.0,0.0,3.0,0.0,0,14.0,Low,Low,2 failed authentication events; 3 high-risk IAM events; 1 PowerShell alerts
EMP12766,aayush.sharaf53,Brand,Specialist,Active,1,1,4.0,1.0,2,0.0,33.25,57.0,1.0,3.0,3.0,0.0,0.0,0.0,1.0,0.0,0.0,0.0,0.0,1.0,0.0,1.0,,0,0,0,False,4.0,0.0,0.0,7.0,0.0,0,11.0,Low,Low,1 failed authentication events; 1 malware alerts
EMP12767,pahal.chokshi86,Finance,Executive,Active,1,0,7.0,2.0,1,2.0,56.8,92.0,1.0,7.0,1.0,0.0,0.0,0.0,1.0,0.0,0.0,0.0,0.0,0.0,0.0,1.0,,0,0,0,False,3.5,4.0,0.0,6.0,0.0,0,13.5,Low,Low,2 failed authentication events; 2 high-risk IAM events; 1 malware alerts
EMP12768,harita.divan53,Procurement,Specialist,Active,1,1,8.0,3.0,3,1.0,45.86,82.0,1.0,5.0,3.0,1.0,0.0,1.0,2.0,0.0,1.0,0.0,0.0,0.0,0.0,1.0,,0,0,0,False,7.5,2.0,5.0,18.0,2.0,5,39.5,Medium,Medium,3 failed authentication events; 1 high-risk IAM events; 2 malware alerts; 1 lateral-movement alerts; 1 critical endpoint alerts; 1 unresolved critical alerts
EMP12769,banjeet.savant73,Procurement,Director,Active,1,0,5.0,0.0,2,2.0,54.5,94.0,1.0,3.0,3.0,1.0,0.0,1.0,1.0,0.0,2.0,1.0,0.0,0.0,0.0,2.0,,0,0,0,False,3.0,4.0,5.0,17.0,2.0,5,36.0,Medium,Medium,2 high-risk IAM events; 1 malware alerts; 2 lateral-movement alerts; 1 PowerShell alerts; 1 critical endpoint alerts; 1 unresolved critical alerts
EMP12770,azad.ahluwalia77,Finance,Specialist,Active,1,1,3.0,0.0,1,0.0,47.0,69.0,1.0,1.0,3.0,0.0,2.0,0.0,1.0,0.0,0.0,0.0,2.0,1.0,0.0,1.0,,0,0,0,False,1.5,0.0,4.0,12.0,0.0,0,17.5,Low,Low,1 malware alerts; 2 security-tampering alerts
EMP12771,garima.sinha95,R&D,Director,Active,1,1,2.0,0.0,0,1.0,49.5,78.0,1.0,2.0,1.0,0.0,1.0,0.0,0.0,0.0,0.0,0.0,0.0,1.0,0.0,1.0,,0,0,0,False,0.0,2.0,2.0,1.0,0.0,0,5.0,Low,Low,1 high-risk IAM events
EMP12772,gauri.sabharwal56,IT,Administrator,Active,1,1,4.0,2.0,2,0.0,17.0,19.0,1.0,0.0,1.0,0.0,1.0,0.0,0.0,1.0,0.0,0.0,0.0,0.0,0.0,1.0,,0,0,0,False,5.0,0.0,2.0,6.0,0.0,0,13.0,Low,Low,2 failed authentication events; 1 credential-access alerts
EMP12773,,Procurement,Engineer,Active,1,1,4.0,1.0,2,0.0,41.0,60.0,1.0,2.0,1.0,0.0,0.0,0.0,0.0,0.0,0.0,0.0,0.0,1.0,0.0,1.0,,0,0,0,False,4.0,0.0,0.0,1.0,0.0,0,5.0,Low,Low,1 failed authentication events
EMP12774,baghyawati.kumer77,People,Executive,Active,0,1,8.0,1.0,0,0.0,36.0,66.0,1.0,3.0,8.0,0.0,2.0,0.0,2.0,0.0,1.0,0.0,0.0,2.0,0.0,1.0,,0,0,0,False,1.0,0.0,4.0,20.0,0.0,5,30.0,Medium,Medium,1 failed authentication events; 2 malware alerts; 1 lateral-movement alerts
EMP12775,azad.dara84,R&D,Director,On Leave,1,1,8.0,4.0,0,2.0,45.4,71.0,1.0,5.0,3.0,0.0,0.0,0.0,1.0,1.0,0.0,1.0,0.0,0.0,0.0,1.0,,0,0,0,False,4.0,4.0,0.0,15.0,0.0,5,28.0,Medium,Medium,4 failed authentication events; 2 high-risk IAM events; 1 malware alerts; 1 credential-access alerts; 1 PowerShell alerts
EMP12776,abeer.bhatt30,IT,Administrator,Active,1,1,57.0,18.0,19,13.0,51.97,94.0,1.0,35.0,2.0,0.0,0.0,0.0,1.0,1.0,0.0,0.0,0.0,0.0,0.0,1.0,,0,0,0,False,20.0,20.0,0.0,12.0,0.0,10,62.0,High,High,"elevated authentication risk (18 failed auth, 19 MFA failures); 13 high-risk IAM events; 1 malware alerts; 1 credential-access alerts"
EMP12777,yamini.lal74,R&D,Consultant,Active,1,1,4.0,2.0,3,2.0,76.33,100.0,1.0,2.0,4.0,0.0,2.0,0.0,0.0,1.0,2.0,1.0,0.0,0.0,0.0,2.0,,0,0,0,False,6.5,4.0,4.0,17.0,0.0,0,31.5,Medium,Medium,2 failed authentication events; 2 high-risk IAM events; 1 credential-access alerts; 2 lateral-movement alerts; 1 PowerShell alerts
EMP12778,,Operations,Director,Inactive,1,1,2.0,1.0,1,1.0,94.0,94.0,1.0,0.0,1.0,0.0,1.0,0.0,0.0,0.0,0.0,1.0,0.0,0.0,0.0,1.0,2021-04-01 01:22:10,2,0,2,True,2.5,2.0,2.0,3.0,6.0,0,15.5,Low,Low,1 failed authentication events; 1 high-risk IAM events; 1 PowerShell alerts; 2 events after identity termination
EMP12779,tanveer_bahri84,Finance,Analyst,Active,1,0,12.0,3.0,7,0.0,26.6,60.0,1.0,4.0,1.0,0.0,0.0,0.0,1.0,0.0,0.0,0.0,1.0,0.0,0.0,1.0,,0,0,0,False,13.0,0.0,0.0,10.0,0.0,5,28.0,Medium,Medium,"elevated authentication risk (3 failed auth, 7 MFA failures); 1 malware alerts; 1 security-tampering alerts"
EMP12780,michael.zacharia55,Legal,Specialist,Inactive,1,1,5.0,3.0,1,2.0,51.8,88.0,1.0,2.0,4.0,0.0,0.0,0.0,0.0,1.0,0.0,1.0,1.0,2.0,2.0,2.0,,0,0,0,False,4.5,4.0,0.0,15.0,0.0,0,23.5,Low,Low,3 failed authentication events; 2 high-risk IAM events; 1 credential-access alerts; 1 PowerShell alerts; 1 security-tampering alerts
EMP12781,,IT,Consultant,Inactive,1,1,11.0,5.0,6,3.0,57.14,79.0,1.0,7.0,4.0,0.0,1.0,0.0,2.0,0.0,0.0,2.0,0.0,1.0,1.0,1.0,2023-10-29 01:51:21,11,3,14,True,14.0,11.0,2.0,17.0,10.0,8,62.0,High,High,"elevated authentication risk (5 failed auth, 6 MFA failures); 3 high-risk IAM events; 2 malware alerts; 2 PowerShell alerts; 14 events after identity termination"
EMP12782,harsh.patla58,Procurement,Director,Active,1,1,6.0,3.0,3,3.0,55.33,86.0,1.0,4.0,2.0,0.0,1.0,0.0,0.0,1.0,1.0,0.0,0.0,0.0,0.0,1.0,,0,0,0,False,7.5,6.0,2.0,12.0,0.0,3,30.5,Medium,Medium,3 failed authentication events; 3 high-risk IAM events; 1 credential-access alerts; 1 lateral-movement alerts
EMP12783,nitesh.naik20,Marketing,Analyst,Active,1,1,3.0,1.0,1,0.0,43.0,61.0,1.0,2.0,3.0,1.0,0.0,1.0,1.0,0.0,1.0,0.0,0.0,0.0,0.0,1.0,,0,0,0,False,2.5,0.0,5.0,12.0,2.0,5,26.5,Medium,Medium,1 failed authentication events; 1 malware alerts; 1 lateral-movement alerts; 1 critical endpoint alerts; 1 unresolved critical alerts
EMP12784,urmi.vala29,Human Resources,Engineer,Active,1,1,5.0,2.0,2,0.0,36.33,48.0,1.0,4.0,5.0,0.0,1.0,0.0,3.0,0.0,0.0,2.0,0.0,0.0,0.0,1.0,,0,0,0,False,5.0,0.0,2.0,16.0,0.0,0,23.0,Low,Low,2 failed authentication events; 3 malware alerts; 2 PowerShell alerts
EMP12785,,R&D,Trainee,Active,1,1,10.0,3.0,6,3.0,56.12,85.0,1.0,9.0,3.0,1.0,0.0,0.0,1.0,1.0,0.0,1.0,0.0,0.0,0.0,1.0,,0,0,0,False,12.0,6.0,5.0,15.0,0.0,10,48.0,Medium,Medium,"elevated authentication risk (3 failed auth, 6 MFA failures); 3 high-risk IAM events; 1 malware alerts; 1 credential-access alerts; 1 PowerShell alerts; 1 critical endpoint alerts"
EMP12786,,Procurement,Executive,Disabled,1,1,2.0,1.0,1,1.0,76.0,76.0,1.0,0.0,3.0,1.0,1.0,0.0,1.0,0.0,0.0,1.0,0.0,1.0,0.0,1.0,,0,0,0,False,2.5,2.0,7.0,10.0,0.0,0,21.5,Low,Low,1 failed authentication events; 1 high-risk IAM events; 1 malware alerts; 1 PowerShell alerts; 1 critical endpoint alerts
EMP12787,sachi.sane26,Customer Support,Trainee,Active,1,1,5.0,3.0,1,1.0,33.6,80.0,1.0,3.0,3.0,0.0,1.0,0.0,1.0,1.0,1.0,0.0,0.0,0.0,0.0,1.0,,0,0,0,False,4.5,2.0,2.0,18.0,0.0,10,36.5,Medium,Medium,3 failed authentication events; 1 high-risk IAM events; 1 malware alerts; 1 credential-access alerts; 1 lateral-movement alerts
EMP12788,utkarsh.vora38,Marketing,Administrator,Active,1,1,8.0,1.0,2,1.0,40.67,83.0,1.0,6.0,4.0,0.0,1.0,0.0,1.0,0.0,1.0,0.0,1.0,1.0,0.0,1.0,,0,0,0,False,4.0,2.0,2.0,17.0,0.0,5,30.0,Medium,Medium,1 failed authentication events; 1 high-risk IAM events; 1 malware alerts; 1 lateral-movement alerts; 1 security-tampering alerts
EMP12789,tamanna.kala64,Legal,Analyst,Active,1,1,1.0,0.0,0,0.0,0.0,0.0,1.0,0.0,2.0,0.0,0.0,0.0,1.0,0.0,0.0,1.0,1.0,0.0,0.0,1.0,,0,0,0,False,0.0,0.0,0.0,13.0,0.0,0,13.0,Low,Low,1 malware alerts; 1 PowerShell alerts; 1 security-tampering alerts
EMP12790,chaman.acharya41,People,Analyst,Active,1,0,3.0,0.0,1,0.0,20.33,41.0,1.0,2.0,1.0,0.0,0.0,0.0,0.0,0.0,0.0,0.0,0.0,0.0,0.0,1.0,,0,0,0,False,1.5,0.0,0.0,0.0,0.0,0,1.5,Low,Low,No high-priority risk drivers
EMP12791,rehaan.kothari61,IT,Officer,Active,1,1,5.0,1.0,1,1.0,60.0,90.0,1.0,3.0,1.0,1.0,0.0,1.0,1.0,0.0,0.0,0.0,0.0,0.0,0.0,1.0,,0,0,0,False,2.5,2.0,5.0,6.0,2.0,0,17.5,Low,Low,1 failed authentication events; 1 high-risk IAM events; 1 malware alerts; 1 critical endpoint alerts; 1 unresolved critical alerts
EMP12792,hemal.anne22,Customer Support,Specialist,Active,0,1,2.0,0.0,1,1.0,76.5,87.0,1.0,2.0,4.0,0.0,1.0,0.0,1.0,0.0,2.0,1.0,0.0,0.0,0.0,1.0,,0,0,0,False,1.5,2.0,2.0,17.0,0.0,5,27.5,Medium,Medium,1 high-risk IAM events; 1 malware alerts; 2 lateral-movement alerts; 1 PowerShell alerts
EMP12793,raksha.dugal5,Procurement,Manager,Active,1,0,4.0,2.0,3,1.0,50.33,79.0,1.0,1.0,2.0,0.0,1.0,0.0,0.0,1.0,0.0,1.0,0.0,0.0,0.0,1.0,,0,0,0,False,6.5,2.0,2.0,9.0,0.0,0,19.5,Low,Low,2 failed authentication events; 1 high-risk IAM events; 1 credential-access alerts; 1 PowerShell alerts
EMP12794,,People,Consultant,Active,1,1,7.0,2.0,3,2.0,43.5,73.0,1.0,4.0,3.0,0.0,2.0,0.0,2.0,0.0,0.0,0.0,0.0,0.0,0.0,1.0,,0,0,0,False,6.5,4.0,4.0,12.0,0.0,0,26.5,Medium,Medium,2 failed authentication events; 2 high-risk IAM events; 2 malware alerts
EMP12795,zehaan.naik32,Procurement,Manager,Active,1,1,9.0,1.0,1,2.0,43.67,83.0,1.0,6.0,4.0,2.0,2.0,2.0,2.0,1.0,0.0,0.0,0.0,1.0,1.0,2.0,,0,0,0,False,2.5,4.0,14.0,19.0,4.0,5,48.5,Medium,Medium,1 failed authentication events; 2 high-risk IAM events; 2 malware alerts; 1 credential-access alerts; 2 critical endpoint alerts; 2 unresolved critical alerts
EMP12796,charvi.krishnan2,Procurement,Engineer,Active,1,1,6.0,0.0,2,0.0,18.5,36.0,1.0,6.0,4.0,0.0,2.0,0.0,2.0,0.0,2.0,0.0,1.0,0.0,1.0,1.0,,0,0,0,False,3.0,0.0,4.0,24.0,0.0,5,36.0,Medium,Medium,2 malware alerts; 2 lateral-movement alerts; 1 security-tampering alerts
EMP12797,idika.badal3,Sales,Specialist,Active,1,1,7.0,2.0,2,0.0,43.5,66.0,1.0,3.0,3.0,0.0,0.0,0.0,1.0,1.0,1.0,0.0,0.0,0.0,0.0,1.0,,0,0,0,False,5.0,0.0,0.0,18.0,0.0,10,33.0,Medium,Medium,2 failed authentication events; 1 malware alerts; 1 credential-access alerts; 1 lateral-movement alerts
EMP12798,abhimanyu.trivedi4,Sales,Specialist,Active,1,1,7.0,2.0,3,1.0,36.5,85.0,1.0,3.0,5.0,0.0,1.0,0.0,2.0,0.0,1.0,1.0,0.0,0.0,0.0,1.0,,0,0,0,False,6.5,2.0,2.0,21.0,0.0,5,36.5,Medium,Medium,2 failed authentication events; 1 high-risk IAM events; 2 malware alerts; 1 lateral-movement alerts; 1 PowerShell alerts
EMP12799,yashodhara.desai66,Operations,Officer,Inactive,1,1,2.0,0.0,0,1.0,56.5,96.0,1.0,2.0,4.0,0.0,1.0,0.0,1.0,1.0,0.0,0.0,0.0,0.0,0.0,1.0,,0,0,0,False,0.0,2.0,2.0,12.0,0.0,5,21.0,Low,Low,1 high-risk IAM events; 1 malware alerts; 1 credential-access alerts
EMP12800,pooja.sani57,Customer Support,Officer,Active,1,1,7.0,2.0,2,1.0,43.17,94.0,1.0,4.0,2.0,0.0,1.0,0.0,0.0,0.0,0.0,2.0,0.0,0.0,1.0,2.0,,0,0,0,False,5.0,2.0,2.0,4.0,0.0,0,13.0,Low,Low,2 failed authentication events; 1 high-risk IAM events; 2 PowerShell alerts
EMP12801,ishwar.bose49,Marketing,Director,Inactive,1,1,5.0,3.0,3,0.0,28.5,39.0,1.0,2.0,4.0,0.0,0.0,0.0,0.0,2.0,1.0,0.0,1.0,0.0,0.0,2.0,2026-07-12 07:30:08,5,2,7,True,7.5,0.0,0.0,18.0,10.0,0,35.5,Medium,Medium,3 failed authentication events; 2 credential-access alerts; 1 lateral-movement alerts; 1 security-tampering alerts; 7 events after identity termination
EMP12802,fariq.sanghvi8,Sales,Specialist,Disabled,1,1,11.0,2.0,3,0.0,24.17,60.0,1.0,8.0,4.0,0.0,1.0,0.0,1.0,1.0,0.0,2.0,1.0,0.0,0.0,1.0,,0,0,0,False,6.5,0.0,2.0,20.0,0.0,5,33.5,Medium,Medium,2 failed authentication events; 1 malware alerts; 1 credential-access alerts; 2 PowerShell alerts; 1 security-tampering alerts
EMP12803,,Legal,Trainee,Active,1,0,3.0,2.0,2,1.0,63.5,97.0,1.0,2.0,3.0,1.0,0.0,1.0,1.0,2.0,0.0,1.0,0.0,0.0,1.0,1.0,,0,0,0,False,5.0,2.0,5.0,17.0,2.0,5,36.0,Medium,Medium,2 failed authentication events; 1 high-risk IAM events; 1 malware alerts; 2 credential-access alerts; 1 PowerShell alerts; 1 critical endpoint alerts; 1 unresolved critical alerts
EMP12804,libni.guha87,Human Resources,Specialist,Active,1,1,1.0,1.0,0,0.0,34.0,34.0,0.0,0.0,3.0,1.0,0.0,1.0,1.0,0.0,1.0,1.0,0.0,0.0,0.0,2.0,,0,0,0,False,1.0,0.0,5.0,15.0,2.0,5,28.0,Medium,Medium,1 failed authentication events; 1 malware alerts; 1 lateral-movement alerts; 1 PowerShell alerts; 1 critical endpoint alerts; 1 unresolved critical alerts
EMP12805,anamika.hayer81,Marketing,Engineer,Active,1,1,7.0,4.0,1,2.0,68.75,94.0,1.0,5.0,1.0,0.0,0.0,0.0,1.0,0.0,0.0,0.0,0.0,0.0,0.0,1.0,,0,0,0,False,5.5,4.0,0.0,6.0,0.0,0,15.5,Low,Low,4 failed authentication events; 2 high-risk IAM events; 1 malware alerts
EMP12806,rajata.lalla49,Human Resources,Manager,Active,1,0,4.0,2.0,1,1.0,30.75,70.0,1.0,1.0,3.0,0.0,1.0,0.0,1.0,1.0,1.0,0.0,1.0,0.0,0.0,1.0,,0,0,0,False,3.5,2.0,2.0,22.0,0.0,10,39.5,Medium,Medium,2 failed authentication events; 1 high-risk IAM events; 1 malware alerts; 1 credential-access alerts; 1 lateral-movement alerts; 1 security-tampering alerts
EMP12807,damyanti.wali52,Sales,Executive,Active,1,1,8.0,5.0,6,0.0,27.0,55.0,1.0,3.0,2.0,0.0,0.0,0.0,1.0,0.0,0.0,1.0,0.0,0.0,0.0,2.0,,0,0,0,False,14.0,0.0,0.0,9.0,0.0,5,28.0,Medium,Medium,"elevated authentication risk (5 failed auth, 6 MFA failures); 1 malware alerts; 1 PowerShell alerts"
EMP12808,zinal_karnik88,Finance,Executive,Active,1,1,6.0,2.0,3,4.0,76.33,93.0,1.0,1.0,2.0,0.0,0.0,0.0,0.0,1.0,1.0,0.0,0.0,0.0,0.0,1.0,,0,0,0,False,6.5,8.0,0.0,12.0,0.0,3,29.5,Medium,Medium,2 failed authentication events; 4 high-risk IAM events; 1 credential-access alerts; 1 lateral-movement alerts
EMP12809,saanvi.prabhu62,Marketing,Consultant,Active,1,1,3.0,2.0,1,1.0,55.0,81.0,1.0,1.0,1.0,0.0,0.0,0.0,1.0,0.0,0.0,0.0,0.0,0.0,0.0,1.0,,0,0,0,False,3.5,2.0,0.0,6.0,0.0,0,11.5,Low,Low,2 failed authentication events; 1 high-risk IAM events; 1 malware alerts
EMP12810,garima.kant8,Customer Support,Executive,Active,1,1,9.0,2.0,3,2.0,40.12,95.0,1.0,6.0,4.0,0.0,0.0,0.0,1.0,0.0,1.0,2.0,0.0,0.0,0.0,1.0,,0,0,0,False,6.5,4.0,0.0,16.0,0.0,5,31.5,Medium,Medium,2 failed authentication events; 2 high-risk IAM events; 1 malware alerts; 1 lateral-movement alerts; 2 PowerShell alerts
EMP12811,forum_kala10,Procurement,Specialist,Active,1,1,5.0,2.0,1,0.0,21.25,31.0,1.0,3.0,1.0,0.0,1.0,0.0,0.0,1.0,0.0,0.0,0.0,0.0,0.0,0.0,,0,0,0,False,3.5,0.0,2.0,6.0,0.0,0,11.5,Low,Low,2 failed authentication events; 1 credential-access alerts
EMP12812,abdul.shankar63,Legal,Director,Active,1,1,5.0,0.0,0,0.0,54.0,68.0,1.0,4.0,2.0,0.0,1.0,0.0,2.0,0.0,0.0,0.0,0.0,0.0,0.0,2.0,,0,0,0,False,0.0,0.0,2.0,12.0,0.0,0,14.0,Low,Low,2 malware alerts
EMP12813,damyanti.palan49,IT,Consultant,Active,1,0,2.0,0.0,0,0.0,7.0,7.0,1.0,2.0,0.0,0.0,0.0,0.0,0.0,0.0,0.0,0.0,0.0,0.0,0.0,0.0,,0,0,0,False,0.0,0.0,0.0,0.0,0.0,0,0.0,Low,Low,No high-priority risk drivers
EMP12814,harini.tandon3,Finance,Consultant,Active,1,1,8.0,1.0,4,2.0,55.75,99.0,1.0,4.0,6.0,0.0,0.0,0.0,4.0,1.0,1.0,0.0,0.0,0.0,1.0,1.0,,0,0,0,False,7.0,4.0,0.0,24.0,0.0,10,45.0,Medium,Medium,1 failed authentication events; 2 high-risk IAM events; 4 malware alerts; 1 credential-access alerts; 1 lateral-movement alerts
EMP12815,balhaar.khosla43,IT,Director,Active,1,1,2.0,1.0,0,0.0,47.0,47.0,1.0,1.0,0.0,0.0,0.0,0.0,0.0,0.0,0.0,0.0,0.0,0.0,0.0,0.0,,0,0,0,False,1.0,0.0,0.0,0.0,0.0,0,1.0,Low,Low,1 failed authentication events
EMP12816,umang.sidhu48,IT,Executive,Active,1,1,9.0,1.0,3,3.0,53.57,92.0,1.0,7.0,0.0,0.0,0.0,0.0,0.0,0.0,0.0,0.0,0.0,0.0,0.0,0.0,,0,0,0,False,5.5,6.0,0.0,0.0,0.0,3,14.5,Low,Low,1 failed authentication events; 3 high-risk IAM events
EMP12817,suhani.dhar2,Procurement,Officer,Disabled,1,1,4.0,1.0,2,3.0,77.75,87.0,1.0,2.0,3.0,1.0,1.0,1.0,0.0,0.0,1.0,2.0,0.0,0.0,1.0,1.0,2025-03-29 11:48:14,4,3,7,True,4.0,6.0,7.0,10.0,12.0,0,39.0,Medium,Medium,1 failed authentication events; 3 high-risk IAM events; 1 lateral-movement alerts; 2 PowerShell alerts; 1 critical endpoint alerts; 7 events after identity termination; 1 unresolved critical alerts
EMP12818,henry.nori8,Sales,Analyst,Active,1,1,5.0,2.0,1,0.0,33.8,49.0,1.0,2.0,2.0,0.0,1.0,0.0,1.0,0.0,1.0,0.0,0.0,0.0,0.0,1.0,,0,0,0,False,3.5,0.0,2.0,12.0,0.0,5,22.5,Low,Low,2 failed authentication events; 1 malware alerts; 1 lateral-movement alerts
EMP12819,chakradhar.nagi26,R&D,Consultant,Active,1,1,8.0,3.0,2,2.0,62.33,94.0,1.0,1.0,4.0,0.0,1.0,0.0,2.0,0.0,1.0,2.0,0.0,0.0,0.0,1.0,,0,0,0,False,6.0,4.0,2.0,22.0,0.0,5,39.0,Medium,Medium,3 failed authentication events; 2 high-risk IAM events; 2 malware alerts; 1 lateral-movement alerts; 2 PowerShell alerts
EMP12820,chandran.ganesan24,Legal,Analyst,Active,1,1,8.0,3.0,4,5.0,57.5,98.0,1.0,6.0,3.0,0.0,1.0,0.0,2.0,0.0,0.0,1.0,0.0,0.0,0.0,1.0,,0,0,0,False,9.0,10.0,2.0,15.0,0.0,8,44.0,Medium,Medium,"elevated authentication risk (3 failed auth, 4 MFA failures); 5 high-risk IAM events; 2 malware alerts; 1 PowerShell alerts"
EMP12821,nicholas.thakur60,Operations,Trainee,Active,1,1,7.0,2.0,2,1.0,52.6,81.0,1.0,4.0,5.0,1.0,2.0,0.0,0.0,1.0,1.0,3.0,1.0,2.0,0.0,2.0,,0,0,0,False,5.0,2.0,9.0,22.0,0.0,0,38.0,Medium,Medium,2 failed authentication events; 1 high-risk IAM events; 1 credential-access alerts; 1 lateral-movement alerts; 3 PowerShell alerts; 1 security-tampering alerts; 1 critical endpoint alerts
EMP12822,neelima.verma76,Finance,Analyst,Inactive,1,0,6.0,2.0,1,0.0,27.8,63.0,1.0,4.0,2.0,0.0,1.0,0.0,2.0,0.0,0.0,0.0,0.0,0.0,0.0,1.0,,0,0,0,False,3.5,0.0,2.0,12.0,0.0,0,17.5,Low,Low,2 failed authentication events; 2 malware alerts
EMP12823,harinakshi.badami29,Customer Support,Manager,Active,1,1,9.0,4.0,4,4.0,68.43,99.0,1.0,6.0,0.0,0.0,0.0,0.0,0.0,0.0,0.0,0.0,0.0,0.0,0.0,0.0,,0,0,0,False,10.0,8.0,0.0,0.0,0.0,3,21.0,Low,Low,"elevated authentication risk (4 failed auth, 4 MFA failures); 4 high-risk IAM events"
EMP12824,dominic.borde50,Operations,Consultant,Inactive,1,1,4.0,1.0,1,0.0,42.5,54.0,1.0,4.0,1.0,0.0,0.0,0.0,1.0,0.0,0.0,0.0,1.0,0.0,0.0,1.0,2025-10-17 00:00:00,3,1,4,True,2.5,0.0,0.0,10.0,10.0,0,22.5,Low,Low,1 failed authentication events; 1 malware alerts; 1 security-tampering alerts; 4 events after identity termination
EMP12825,indali.goswami21,Finance,Specialist,Active,1,1,4.0,3.0,2,2.0,74.0,88.0,1.0,1.0,3.0,0.0,0.0,0.0,2.0,0.0,1.0,0.0,0.0,0.0,0.0,1.0,,0,0,0,False,6.0,4.0,0.0,18.0,0.0,5,33.0,Medium,Medium,3 failed authentication events; 2 high-risk IAM events; 2 malware alerts; 1 lateral-movement alerts
EMP12826,david.sha41,Legal,Director,Active,1,1,3.0,0.0,0,0.0,29.67,36.0,1.0,0.0,7.0,1.0,0.0,1.0,5.0,0.0,0.0,1.0,1.0,1.0,0.0,1.0,,0,0,0,False,0.0,0.0,5.0,20.0,2.0,0,27.0,Medium,Medium,5 malware alerts; 1 PowerShell alerts; 1 security-tampering alerts; 1 critical endpoint alerts; 1 unresolved critical alerts
EMP12827,oscar.chhabra40,Customer Support,Director,Active,1,1,5.0,0.0,1,1.0,37.8,85.0,1.0,4.0,4.0,1.0,1.0,1.0,4.0,0.0,0.0,1.0,0.0,0.0,0.0,2.0,,0,0,0,False,1.5,2.0,7.0,15.0,2.0,0,27.5,Medium,Medium,1 high-risk IAM events; 4 malware alerts; 1 PowerShell alerts; 1 critical endpoint alerts; 1 unresolved critical alerts
EMP12828,siddharth.cheema52,IT,Executive,Active,1,1,5.0,1.0,3,3.0,58.0,78.0,1.0,5.0,1.0,0.0,0.0,0.0,1.0,0.0,0.0,0.0,0.0,0.0,0.0,1.0,,0,0,0,False,5.5,6.0,0.0,6.0,0.0,3,20.5,Low,Low,1 failed authentication events; 3 high-risk IAM events; 1 malware alerts
EMP12829,wridesh_varkey26,IT,Manager,Active,1,1,1.0,0.0,0,0.0,0.0,0.0,1.0,0.0,0.0,0.0,0.0,0.0,0.0,0.0,0.0,0.0,0.0,0.0,0.0,0.0,,0,0,0,False,0.0,0.0,0.0,0.0,0.0,0,0.0,Low,Low,No high-priority risk drivers
EMP12830,jairaj.ben13,Operations,Director,Active,1,1,7.0,3.0,5,3.0,59.67,97.0,1.0,3.0,2.0,0.0,0.0,0.0,2.0,0.0,0.0,1.0,1.0,0.0,0.0,1.0,,0,0,0,False,10.5,6.0,0.0,19.0,0.0,8,43.5,Medium,Medium,"elevated authentication risk (3 failed auth, 5 MFA failures); 3 high-risk IAM events; 2 malware alerts; 1 PowerShell alerts; 1 security-tampering alerts"
EMP12831,chatresh_nagi33,Marketing,Manager,Active,1,1,10.0,3.0,7,1.0,50.4,76.0,1.0,5.0,2.0,0.0,0.0,0.0,1.0,0.0,0.0,1.0,0.0,0.0,0.0,1.0,,0,0,0,False,13.0,2.0,0.0,9.0,0.0,5,29.0,Medium,Medium,"elevated authentication risk (3 failed auth, 7 MFA failures); 1 high-risk IAM events; 1 malware alerts; 1 PowerShell alerts"
EMP12832,mason.raman91,Legal,Administrator,Active,0,1,3.0,2.0,1,0.0,51.0,68.0,1.0,2.0,1.0,0.0,0.0,0.0,0.0,0.0,0.0,1.0,0.0,0.0,0.0,1.0,,0,0,0,False,3.5,0.0,0.0,3.0,0.0,0,6.5,Low,Low,2 failed authentication events; 1 PowerShell alerts
EMP12833,ubika.dora89,R&D,Specialist,Active,1,1,8.0,2.0,5,1.0,53.57,94.0,1.0,5.0,7.0,0.0,3.0,0.0,2.0,2.0,0.0,1.0,0.0,1.0,1.0,2.0,,0,0,0,False,9.5,2.0,5.0,24.0,0.0,10,50.5,High,High,"elevated authentication risk (2 failed auth, 5 MFA failures); 1 high-risk IAM events; 2 malware alerts; 2 credential-access alerts; 1 PowerShell alerts"
EMP12834,falan.suri68,Procurement,Officer,Disabled,1,1,9.0,2.0,4,2.0,38.0,87.0,1.0,7.0,1.0,1.0,0.0,1.0,0.0,0.0,0.0,0.0,0.0,0.0,0.0,1.0,2025-04-08 00:00:00,8,1,9,True,8.0,4.0,5.0,0.0,12.0,0,29.0,Medium,Medium,"elevated authentication risk (2 failed auth, 4 MFA failures); 2 high-risk IAM events; 1 critical endpoint alerts; 9 events after identity termination; 1 unresolved critical alerts"
EMP12835,reva.pal71,Sales,Engineer,Active,1,1,8.0,2.0,3,4.0,75.5,97.0,1.0,6.0,5.0,0.0,1.0,0.0,2.0,1.0,0.0,2.0,1.0,1.0,0.0,2.0,,0,0,0,False,6.5,8.0,2.0,27.0,0.0,8,51.5,High,High,2 failed authentication events; 4 high-risk IAM events; 2 malware alerts; 1 credential-access alerts; 2 PowerShell alerts; 1 security-tampering alerts
EMP12836,avi.babu51,Customer Support,Analyst,Active,1,0,5.0,1.0,2,3.0,57.0,95.0,1.0,4.0,3.0,0.0,2.0,0.0,2.0,0.0,0.0,0.0,1.0,1.0,0.0,1.0,,0,0,0,False,4.0,6.0,4.0,17.0,0.0,0,31.0,Medium,Medium,1 failed authentication events; 3 high-risk IAM events; 2 malware alerts; 1 security-tampering alerts
EMP12837,amara.kade96,Innovation,Trainee,Active,1,1,4.0,2.0,3,0.0,23.0,50.0,1.0,2.0,1.0,0.0,0.0,0.0,1.0,0.0,0.0,0.0,0.0,0.0,0.0,1.0,,0,0,0,False,6.5,0.0,0.0,6.0,0.0,0,12.5,Low,Low,2 failed authentication events; 1 malware alerts
EMP12838,samesh.parmer83,Human Resources,Specialist,Active,1,1,3.0,2.0,2,1.0,58.0,98.0,1.0,0.0,2.0,0.0,2.0,0.0,1.0,0.0,1.0,0.0,2.0,0.0,0.0,1.0,,0,0,0,False,5.0,2.0,4.0,17.0,0.0,5,33.0,Medium,Medium,2 failed authentication events; 1 high-risk IAM events; 1 malware alerts; 1 lateral-movement alerts; 2 security-tampering alerts
EMP12839,lipika.parsa25,Finance,Specialist,Disabled,1,1,1.0,0.0,0,0.0,58.0,58.0,1.0,1.0,5.0,0.0,0.0,0.0,0.0,3.0,1.0,2.0,0.0,0.0,0.0,1.0,2024-07-29 22:10:00,1,5,6,True,0.0,0.0,0.0,18.0,10.0,0,28.0,Medium,Medium,3 credential-access alerts; 1 lateral-movement alerts; 2 PowerShell alerts; 6 events after identity termination
EMP12840,anmol.jaggi24,Customer Support,Executive,Disabled,1,1,2.0,0.0,1,1.0,53.0,100.0,1.0,1.0,4.0,1.0,1.0,1.0,1.0,0.0,1.0,1.0,0.0,1.0,0.0,2.0,2026-06-10 00:00:00,2,4,6,True,1.5,2.0,7.0,16.0,12.0,5,43.5,Medium,Medium,1 high-risk IAM events; 1 malware alerts; 1 lateral-movement alerts; 1 PowerShell alerts; 1 critical endpoint alerts; 6 events after identity termination; 1 unresolved critical alerts
EMP12841,ekavir.menon22,R&D,Trainee,Active,1,1,7.0,3.0,3,1.0,31.0,80.0,1.0,6.0,1.0,0.0,0.0,0.0,0.0,0.0,1.0,0.0,0.0,0.0,0.0,1.0,,0,0,0,False,7.5,2.0,0.0,6.0,0.0,0,15.5,Low,Low,3 failed authentication events; 1 high-risk IAM events; 1 lateral-movement alerts
EMP12842,isaac.raj84,Finance,Analyst,Active,1,1,4.0,2.0,3,2.0,56.33,90.0,1.0,2.0,3.0,0.0,0.0,0.0,0.0,0.0,1.0,0.0,0.0,1.0,0.0,1.0,,0,0,0,False,6.5,4.0,0.0,7.0,0.0,0,17.5,Low,Low,2 failed authentication events; 2 high-risk IAM events; 1 lateral-movement alerts
EMP12843,shivani.bhattacharyya1,Human Resources,Director,Active,1,1,5.0,2.0,2,1.0,49.67,79.0,1.0,3.0,2.0,0.0,0.0,0.0,1.0,0.0,1.0,0.0,0.0,0.0,0.0,2.0,,0,0,0,False,5.0,2.0,0.0,12.0,0.0,5,24.0,Low,Low,2 failed authentication events; 1 high-risk IAM events; 1 malware alerts; 1 lateral-movement alerts
EMP12844,omaja.mangat18,Sales,Administrator,Active,1,1,7.0,4.0,2,3.0,63.83,98.0,1.0,2.0,2.0,0.0,0.0,0.0,0.0,0.0,0.0,1.0,0.0,1.0,0.0,1.0,,0,0,0,False,7.0,6.0,0.0,4.0,0.0,0,17.0,Low,Low,4 failed authentication events; 3 high-risk IAM events; 1 PowerShell alerts
EMP12845,gaurika.tandon2,R&D,Consultant,Active,1,1,3.0,0.0,0,0.0,33.67,67.0,1.0,2.0,2.0,0.0,2.0,0.0,0.0,0.0,2.0,0.0,0.0,0.0,0.0,2.0,,0,0,0,False,0.0,0.0,4.0,8.0,0.0,0,12.0,Low,Low,2 lateral-movement alerts
EMP12846,waida.som50,IT,Trainee,Active,1,1,3.0,0.0,1,1.0,42.33,89.0,1.0,2.0,2.0,1.0,0.0,0.0,1.0,0.0,0.0,1.0,0.0,0.0,0.0,1.0,,0,0,0,False,1.5,2.0,5.0,9.0,0.0,0,17.5,Low,Low,1 high-risk IAM events; 1 malware alerts; 1 PowerShell alerts; 1 critical endpoint alerts
EMP12847,faraj.shanker29,Human Resources,Analyst,Disabled,1,1,2.0,0.0,0,1.0,42.0,77.0,1.0,1.0,3.0,0.0,0.0,0.0,1.0,0.0,0.0,1.0,0.0,0.0,0.0,1.0,2023-05-29 00:00:00,2,2,4,True,0.0,2.0,0.0,9.0,10.0,0,21.0,Low,Low,1 high-risk IAM events; 1 malware alerts; 1 PowerShell alerts; 4 events after identity termination
EMP12848,mekhala.singhal56,Finance,Executive,Active,1,1,10.0,4.0,5,1.0,45.43,76.0,1.0,7.0,1.0,0.0,0.0,0.0,1.0,0.0,0.0,1.0,0.0,0.0,0.0,1.0,,0,0,0,False,11.5,2.0,0.0,9.0,0.0,5,27.5,Medium,Medium,"elevated authentication risk (4 failed auth, 5 MFA failures); 1 high-risk IAM events; 1 malware alerts; 1 PowerShell alerts"
EMP12849,eiravati.agrawal54,Customer Support,Analyst,Active,1,1,7.0,6.0,4,1.0,38.67,74.0,1.0,4.0,4.0,0.0,1.0,0.0,1.0,2.0,0.0,0.0,0.0,0.0,0.0,1.0,,0,0,0,False,12.0,2.0,2.0,14.0,0.0,10,40.0,Medium,Medium,"elevated authentication risk (6 failed auth, 4 MFA failures); 1 high-risk IAM events; 1 malware alerts; 2 credential-access alerts"
EMP12850,jatin.nigam57,IT,Engineer,Active,1,1,9.0,1.0,1,0.0,23.75,54.0,1.0,6.0,3.0,0.0,0.0,0.0,3.0,0.0,0.0,0.0,0.0,0.0,0.0,2.0,,0,0,0,False,2.5,0.0,0.0,12.0,0.0,0,14.5,Low,Low,1 failed authentication events; 3 malware alerts
EMP12851,kamala.raman22,Supply Chain,Officer,Active,1,1,50.0,15.0,18,9.0,42.84,90.0,1.0,30.0,9.0,0.0,1.0,0.0,2.0,3.0,2.0,1.0,0.0,2.0,0.0,1.0,,0,0,0,False,20.0,20.0,2.0,30.0,0.0,10,82.0,Critical,Critical,"elevated authentication risk (15 failed auth, 18 MFA failures); 9 high-risk IAM events; 2 malware alerts; 3 credential-access alerts; 2 lateral-movement alerts; 1 PowerShell alerts"
EMP12852,warinder.wali82,R&D,Administrator,Inactive,1,1,8.0,3.0,4,0.0,30.0,49.0,1.0,4.0,4.0,0.0,2.0,0.0,1.0,2.0,0.0,0.0,0.0,1.0,0.0,1.0,2025-12-29 01:06:14,6,2,8,True,9.0,0.0,4.0,15.0,10.0,10,48.0,Medium,Medium,"elevated authentication risk (3 failed auth, 4 MFA failures); 1 malware alerts; 2 credential-access alerts; 8 events after identity termination"
EMP12853,advika.thakur47,Customer Support,Executive,Active,1,0,3.0,0.0,1,1.0,96.0,96.0,1.0,2.0,2.0,1.0,0.0,0.0,1.0,0.0,1.0,0.0,0.0,0.0,1.0,1.0,,0,0,0,False,1.5,2.0,5.0,12.0,0.0,5,25.5,Medium,Medium,1 high-risk IAM events; 1 malware alerts; 1 lateral-movement alerts; 1 critical endpoint alerts
EMP12854,vaishnavi.wali56,Finance,Analyst,Active,1,1,5.0,1.0,2,1.0,71.5,85.0,1.0,3.0,1.0,0.0,0.0,0.0,0.0,1.0,0.0,0.0,0.0,0.0,0.0,1.0,,0,0,0,False,4.0,2.0,0.0,6.0,0.0,0,12.0,Low,Low,1 failed authentication events; 1 high-risk IAM events; 1 credential-access alerts
EMP12855,yahvi.sinha85,Operations,Director,Active,1,1,7.0,1.0,3,2.0,53.86,97.0,1.0,5.0,3.0,1.0,1.0,1.0,2.0,0.0,0.0,2.0,0.0,0.0,0.0,2.0,,0,0,0,False,5.5,4.0,7.0,16.0,2.0,0,34.5,Medium,Medium,1 failed authentication events; 2 high-risk IAM events; 2 malware alerts; 2 PowerShell alerts; 1 critical endpoint alerts; 1 unresolved critical alerts
EMP12856,bishakha.vohra41,Procurement,Trainee,Active,1,1,6.0,1.0,0,0.0,28.33,54.0,1.0,4.0,5.0,0.0,0.0,0.0,0.0,2.0,1.0,3.0,0.0,0.0,0.0,2.0,,0,0,0,False,1.0,0.0,0.0,18.0,0.0,0,19.0,Low,Low,1 failed authentication events; 2 credential-access alerts; 1 lateral-movement alerts; 3 PowerShell alerts
EMP12857,edhitha.loyal90,Procurement,Trainee,Active,1,1,2.0,0.0,1,0.0,47.0,47.0,1.0,0.0,3.0,1.0,0.0,1.0,2.0,0.0,0.0,0.0,0.0,1.0,0.0,1.0,,0,0,0,False,1.5,0.0,5.0,13.0,2.0,0,21.5,Low,Low,2 malware alerts; 1 critical endpoint alerts; 1 unresolved critical alerts
EMP12858,devansh.sen33,Procurement,Officer,Active,1,1,6.0,1.0,2,4.0,81.4,89.0,1.0,4.0,3.0,1.0,1.0,0.0,2.0,0.0,0.0,0.0,0.0,0.0,1.0,1.0,,0,0,0,False,4.0,8.0,7.0,12.0,0.0,0,31.0,Medium,Medium,1 failed authentication events; 4 high-risk IAM events; 2 malware alerts; 1 critical endpoint alerts
EMP12859,udant.barman2,Marketing,Specialist,Active,1,1,5.0,3.0,3,0.0,11.0,19.0,1.0,4.0,1.0,0.0,0.0,0.0,0.0,0.0,0.0,0.0,1.0,0.0,0.0,1.0,,0,0,0,False,7.5,0.0,0.0,4.0,0.0,0,11.5,Low,Low,3 failed authentication events; 1 security-tampering alerts
EMP12860,isha.mand56,Marketing,Engineer,On Leave,1,0,5.0,0.0,1,3.0,67.5,95.0,1.0,2.0,1.0,0.0,1.0,0.0,0.0,0.0,1.0,0.0,0.0,0.0,0.0,1.0,,0,0,0,False,1.5,6.0,2.0,6.0,0.0,0,15.5,Low,Low,3 high-risk IAM events; 1 lateral-movement alerts
EMP12861,lakshmi.gill13,Finance,Manager,Active,1,1,6.0,1.0,2,0.0,34.8,56.0,1.0,4.0,3.0,0.0,1.0,0.0,1.0,1.0,0.0,1.0,1.0,0.0,0.0,1.0,,0,0,0,False,4.0,0.0,2.0,19.0,0.0,5,30.0,Medium,Medium,1 failed authentication events; 1 malware alerts; 1 credential-access alerts; 1 PowerShell alerts; 1 security-tampering alerts
EMP12862,mahika.borra10,Human Resources,Consultant,Inactive,1,1,5.0,0.0,3,1.0,39.6,72.0,1.0,5.0,5.0,0.0,1.0,0.0,1.0,0.0,1.0,2.0,0.0,0.0,0.0,1.0,2021-12-21 23:48:00,5,3,8,True,4.5,2.0,2.0,16.0,10.0,5,39.5,Medium,Medium,1 high-risk IAM events; 1 malware alerts; 1 lateral-movement alerts; 2 PowerShell alerts; 8 events after identity termination
EMP12863,darsh_bera88,R&D,Director,Active,1,1,5.0,1.0,1,0.0,31.33,66.0,1.0,0.0,2.0,0.0,1.0,0.0,1.0,0.0,0.0,0.0,0.0,0.0,0.0,1.0,,0,0,0,False,2.5,0.0,2.0,6.0,0.0,0,10.5,Low,Low,1 failed authentication events; 1 malware alerts
EMP12864,pooja.choudhary68,Marketing,Trainee,Active,1,1,7.0,2.0,1,4.0,66.17,85.0,1.0,3.0,3.0,0.0,0.0,0.0,0.0,1.0,0.0,1.0,0.0,1.0,1.0,1.0,,0,0,0,False,3.5,8.0,0.0,10.0,0.0,0,21.5,Low,Low,2 failed authentication events; 4 high-risk IAM events; 1 credential-access alerts; 1 PowerShell alerts
EMP12865,frederick.sama65,Innovation,Manager,Active,1,0,9.0,7.0,4,0.0,46.22,65.0,1.0,5.0,4.0,0.0,0.0,0.0,1.0,0.0,0.0,1.0,0.0,2.0,1.0,1.0,,0,0,0,False,13.0,0.0,0.0,11.0,0.0,5,29.0,Medium,Medium,"elevated authentication risk (7 failed auth, 4 MFA failures); 1 malware alerts; 1 PowerShell alerts"
EMP12866,abhiram.bahri83,Customer Support,Trainee,Active,1,0,3.0,0.0,1,1.0,62.5,92.0,1.0,2.0,2.0,0.0,0.0,0.0,1.0,1.0,0.0,0.0,0.0,0.0,0.0,1.0,,0,0,0,False,1.5,2.0,0.0,12.0,0.0,5,20.5,Low,Low,1 high-risk IAM events; 1 malware alerts; 1 credential-access alerts
EMP12867,banjeet.singh7,Legal,Manager,Active,1,1,8.0,1.0,3,1.0,42.8,95.0,1.0,7.0,0.0,0.0,0.0,0.0,0.0,0.0,0.0,0.0,0.0,0.0,0.0,0.0,,0,0,0,False,5.5,2.0,0.0,0.0,0.0,0,7.5,Low,Low,1 failed authentication events; 1 high-risk IAM events
EMP12868,jason.goda96,Procurement,Specialist,Active,1,1,4.0,2.0,2,2.0,56.25,98.0,1.0,2.0,4.0,0.0,1.0,0.0,0.0,0.0,2.0,1.0,1.0,0.0,0.0,1.0,,0,0,0,False,5.0,4.0,2.0,15.0,0.0,0,26.0,Medium,Medium,2 failed authentication events; 2 high-risk IAM events; 2 lateral-movement alerts; 1 PowerShell alerts; 1 security-tampering alerts
EMP12869,anika_parsa88,R&D,Specialist,Active,1,1,5.0,1.0,4,1.0,59.0,95.0,1.0,2.0,5.0,1.0,0.0,1.0,1.0,2.0,1.0,2.0,1.0,0.0,0.0,1.0,,0,0,0,False,7.0,2.0,5.0,28.0,2.0,10,54.0,High,High,1 failed authentication events; 1 high-risk IAM events; 1 malware alerts; 2 credential-access alerts; 1 lateral-movement alerts; 2 PowerShell alerts; 1 security-tampering alerts; 1 critical endpoint alerts; 1 unresolved critical alerts
EMP12870,yochana_goda80,R&D,Executive,Active,1,1,7.0,2.0,3,2.0,54.75,82.0,1.0,6.0,1.0,0.0,1.0,0.0,0.0,1.0,0.0,0.0,0.0,0.0,0.0,1.0,,0,0,0,False,6.5,4.0,2.0,6.0,0.0,0,18.5,Low,Low,2 failed authentication events; 2 high-risk IAM events; 1 credential-access alerts
EMP12871,anya.nadkarni54,Human Resources,Director,Active,1,1,3.0,0.0,1,0.0,19.0,19.0,1.0,2.0,1.0,0.0,0.0,0.0,0.0,1.0,0.0,1.0,1.0,0.0,0.0,1.0,,0,0,0,False,1.5,0.0,0.0,13.0,0.0,0,14.5,Low,Low,1 credential-access alerts; 1 PowerShell alerts; 1 security-tampering alerts
EMP12872,divya.chakrabarti94,R&D,Officer,Active,1,1,4.0,0.0,1,1.0,47.0,92.0,1.0,1.0,3.0,1.0,2.0,0.0,1.0,0.0,1.0,0.0,0.0,1.0,0.0,2.0,,0,0,0,False,1.5,2.0,9.0,13.0,0.0,5,30.5,Medium,Medium,1 high-risk IAM events; 1 malware alerts; 1 lateral-movement alerts; 1 critical endpoint alerts
EMP12873,anusha.sengupta42,Operations,Consultant,Inactive,1,1,10.0,3.0,2,2.0,47.86,80.0,1.0,6.0,2.0,0.0,2.0,0.0,0.0,0.0,0.0,1.0,0.0,0.0,0.0,2.0,,0,0,0,False,6.0,4.0,4.0,3.0,0.0,0,17.0,Low,Low,3 failed authentication events; 2 high-risk IAM events; 1 PowerShell alerts
EMP12874,dayita.kannan36,IT,Analyst,Active,1,1,5.0,3.0,3,1.0,45.25,80.0,1.0,2.0,4.0,0.0,0.0,0.0,2.0,0.0,1.0,0.0,1.0,1.0,0.0,1.0,,0,0,0,False,7.5,2.0,0.0,23.0,0.0,5,37.5,Medium,Medium,3 failed authentication events; 1 high-risk IAM events; 2 malware alerts; 1 lateral-movement alerts; 1 security-tampering alerts
EMP12875,darika_wali54,Customer Support,Executive,Active,0,0,4.0,2.0,2,0.0,29.67,47.0,1.0,3.0,2.0,0.0,1.0,0.0,1.0,0.0,0.0,0.0,0.0,1.0,1.0,1.0,,0,0,0,False,5.0,0.0,2.0,7.0,0.0,0,14.0,Low,Low,2 failed authentication events; 1 malware alerts
EMP12876,faqid.gaba42,Human Resources,Executive,Active,1,1,4.0,1.0,1,2.0,73.0,97.0,1.0,2.0,1.0,0.0,0.0,0.0,1.0,0.0,0.0,0.0,0.0,0.0,0.0,1.0,,0,0,0,False,2.5,4.0,0.0,6.0,0.0,0,12.5,Low,Low,1 failed authentication events; 2 high-risk IAM events; 1 malware alerts
EMP12877,quincy.setty61,Marketing,Analyst,Active,1,1,8.0,2.0,3,0.0,44.43,63.0,1.0,6.0,4.0,0.0,2.0,0.0,0.0,1.0,1.0,1.0,0.0,0.0,0.0,1.0,,0,0,0,False,6.5,0.0,4.0,15.0,0.0,0,25.5,Medium,Medium,2 failed authentication events; 1 credential-access alerts; 1 lateral-movement alerts; 1 PowerShell alerts
EMP12878,zayyan.contractor3,Customer Support,Engineer,Inactive,1,1,2.0,1.0,1,0.0,32.0,37.0,1.0,0.0,4.0,1.0,0.0,0.0,2.0,0.0,1.0,1.0,0.0,1.0,0.0,2.0,2026-03-22 11:32:31,2,4,6,True,2.5,0.0,5.0,22.0,10.0,5,44.5,Medium,Medium,1 failed authentication events; 2 malware alerts; 1 lateral-movement alerts; 1 PowerShell alerts; 1 critical endpoint alerts; 6 events after identity termination
EMP12879,nirja_mani53,Sales,Analyst,Active,1,0,6.0,4.0,3,1.0,51.2,75.0,1.0,4.0,2.0,0.0,1.0,0.0,0.0,1.0,0.0,2.0,0.0,0.0,0.0,1.0,,0,0,0,False,8.5,2.0,2.0,10.0,0.0,5,27.5,Medium,Medium,"elevated authentication risk (4 failed auth, 3 MFA failures); 1 high-risk IAM events; 1 credential-access alerts; 2 PowerShell alerts"
EMP12880,panini.rau8,Finance,Analyst,Active,1,1,9.0,1.0,1,4.0,59.88,98.0,1.0,7.0,1.0,0.0,0.0,0.0,1.0,0.0,0.0,0.0,0.0,0.0,0.0,1.0,,0,0,0,False,2.5,8.0,0.0,6.0,0.0,0,16.5,Low,Low,1 failed authentication events; 4 high-risk IAM events; 1 malware alerts
EMP12881,nirja.virk29,IT,Specialist,Active,1,1,1.0,0.0,0,0.0,0.0,0.0,1.0,0.0,1.0,0.0,1.0,0.0,0.0,0.0,0.0,1.0,0.0,0.0,0.0,1.0,,0,0,0,False,0.0,0.0,2.0,3.0,0.0,0,5.0,Low,Low,1 PowerShell alerts
EMP12882,hemangini.dhaliwal99,Legal,Manager,Active,1,1,4.0,2.0,4,1.0,49.5,73.0,1.0,0.0,3.0,0.0,1.0,0.0,1.0,0.0,0.0,2.0,0.0,0.0,1.0,1.0,,0,0,0,False,8.0,2.0,2.0,10.0,0.0,5,27.0,Medium,Medium,"elevated authentication risk (2 failed auth, 4 MFA failures); 1 high-risk IAM events; 1 malware alerts; 2 PowerShell alerts"
EMP12883,anvi.khosla18,Marketing,Consultant,Active,1,1,2.0,1.0,1,0.0,0.0,0.0,1.0,1.0,2.0,0.0,0.0,0.0,1.0,0.0,1.0,0.0,0.0,0.0,0.0,1.0,,0,0,0,False,2.5,0.0,0.0,12.0,0.0,5,19.5,Low,Low,1 failed authentication events; 1 malware alerts; 1 lateral-movement alerts
EMP12884,panini.gaba68,IT,Administrator,Active,1,1,3.0,1.0,1,0.0,43.0,53.0,1.0,2.0,1.0,0.0,0.0,0.0,1.0,0.0,0.0,0.0,0.0,0.0,0.0,1.0,,0,0,0,False,2.5,0.0,0.0,6.0,0.0,0,8.5,Low,Low,1 failed authentication events; 1 malware alerts
EMP12885,ekanta.bava97,R&D,Administrator,Active,1,1,6.0,2.0,2,1.0,51.2,98.0,1.0,2.0,0.0,0.0,0.0,0.0,0.0,0.0,0.0,0.0,0.0,0.0,0.0,0.0,,0,0,0,False,5.0,2.0,0.0,0.0,0.0,0,7.0,Low,Low,2 failed authentication events; 1 high-risk IAM events
EMP12886,nathaniel.banerjee74,Marketing,Analyst,Active,1,1,6.0,3.0,4,1.0,42.25,79.0,1.0,3.0,2.0,0.0,0.0,0.0,0.0,1.0,0.0,1.0,0.0,0.0,1.0,1.0,,0,0,0,False,9.0,2.0,0.0,9.0,0.0,5,25.0,Medium,Medium,"elevated authentication risk (3 failed auth, 4 MFA failures); 1 high-risk IAM events; 1 credential-access alerts; 1 PowerShell alerts"
EMP12887,gautam.ganguly1,Finance,Specialist,Active,1,1,2.0,0.0,2,0.0,28.0,28.0,1.0,1.0,5.0,1.0,1.0,0.0,2.0,1.0,1.0,1.0,0.0,0.0,0.0,1.0,,0,0,0,False,3.0,0.0,7.0,27.0,0.0,10,47.0,Medium,Medium,2 malware alerts; 1 credential-access alerts; 1 lateral-movement alerts; 1 PowerShell alerts; 1 critical endpoint alerts
EMP12888,mekhala.jani12,Operations,Officer,Active,1,1,8.0,1.0,3,1.0,54.6,86.0,1.0,4.0,3.0,0.0,1.0,0.0,1.0,1.0,0.0,1.0,0.0,0.0,1.0,1.0,,0,0,0,False,5.5,2.0,2.0,15.0,0.0,5,29.5,Medium,Medium,1 failed authentication events; 1 high-risk IAM events; 1 malware alerts; 1 credential-access alerts; 1 PowerShell alerts
EMP12889,ekaja.d’alia3,R&D,Engineer,Active,0,0,6.0,4.0,4,1.0,38.67,85.0,1.0,1.0,4.0,0.0,2.0,0.0,1.0,0.0,1.0,1.0,0.0,2.0,0.0,2.0,,0,0,0,False,10.0,2.0,4.0,17.0,0.0,10,43.0,Medium,Medium,"elevated authentication risk (4 failed auth, 4 MFA failures); 1 high-risk IAM events; 1 malware alerts; 1 lateral-movement alerts; 1 PowerShell alerts"
EMP12890,vedhika.sami86,R&D,Trainee,Active,1,1,4.0,2.0,2,0.0,21.67,32.0,1.0,4.0,5.0,0.0,1.0,0.0,1.0,0.0,1.0,1.0,0.0,0.0,0.0,1.0,,0,0,0,False,5.0,0.0,2.0,15.0,0.0,5,27.0,Medium,Medium,2 failed authentication events; 1 malware alerts; 1 lateral-movement alerts; 1 PowerShell alerts
EMP12891,balhaar.desai85,Marketing,Manager,Inactive,1,1,4.0,1.0,1,0.0,22.75,53.0,1.0,3.0,3.0,0.0,0.0,0.0,2.0,0.0,0.0,1.0,0.0,0.0,0.0,1.0,,0,0,0,False,2.5,0.0,0.0,15.0,0.0,0,17.5,Low,Low,1 failed authentication events; 2 malware alerts; 1 PowerShell alerts
EMP12892,nirja.bhakta26,IT,Officer,Disabled,1,1,5.0,2.0,2,3.0,65.6,98.0,1.0,3.0,5.0,0.0,0.0,0.0,3.0,1.0,1.0,0.0,0.0,0.0,0.0,1.0,2024-12-06 23:55:26,4,4,8,True,5.0,6.0,0.0,24.0,10.0,10,55.0,High,High,2 failed authentication events; 3 high-risk IAM events; 3 malware alerts; 1 credential-access alerts; 1 lateral-movement alerts; 8 events after identity termination
EMP12893,anay.dubey90,Customer Support,Administrator,Active,1,1,7.0,2.0,3,2.0,52.2,94.0,1.0,5.0,3.0,0.0,1.0,0.0,1.0,1.0,0.0,0.0,0.0,0.0,0.0,1.0,,0,0,0,False,6.5,4.0,2.0,12.0,0.0,5,29.5,Medium,Medium,2 failed authentication events; 2 high-risk IAM events; 1 malware alerts; 1 credential-access alerts
EMP12894,yashawini.saran22,Legal,Analyst,Active,1,1,9.0,5.0,3,0.0,29.75,55.0,1.0,4.0,2.0,0.0,2.0,0.0,2.0,0.0,0.0,1.0,0.0,0.0,0.0,1.0,,0,0,0,False,9.5,0.0,4.0,15.0,0.0,5,33.5,Medium,Medium,"elevated authentication risk (5 failed auth, 3 MFA failures); 2 malware alerts; 1 PowerShell alerts"
EMP12895,max.kant36,Finance,Trainee,Inactive,1,0,67.0,20.0,23,13.0,43.66,100.0,1.0,33.0,2.0,0.0,1.0,0.0,1.0,0.0,0.0,0.0,0.0,1.0,0.0,1.0,2025-07-22 13:04:12,60,1,61,True,20.0,20.0,2.0,7.0,10.0,8,67.0,High,High,"elevated authentication risk (20 failed auth, 23 MFA failures); 13 high-risk IAM events; 1 malware alerts; 61 events after identity termination"
EMP12896,pahal.shere50,Legal,Executive,Active,1,1,8.0,1.0,4,1.0,38.0,95.0,1.0,5.0,2.0,1.0,0.0,0.0,1.0,0.0,0.0,1.0,1.0,0.0,0.0,1.0,,0,0,0,False,7.0,2.0,5.0,13.0,0.0,0,27.0,Medium,Medium,1 failed authentication events; 1 high-risk IAM events; 1 malware alerts; 1 PowerShell alerts; 1 security-tampering alerts; 1 critical endpoint alerts
EMP12897,sarthak.kohli12,Operations,Manager,Active,1,1,5.0,3.0,2,1.0,55.33,71.0,1.0,4.0,3.0,1.0,1.0,1.0,2.0,0.0,0.0,1.0,0.0,0.0,0.0,1.0,,0,0,0,False,6.0,2.0,7.0,15.0,2.0,0,32.0,Medium,Medium,3 failed authentication events; 1 high-risk IAM events; 2 malware alerts; 1 PowerShell alerts; 1 critical endpoint alerts; 1 unresolved critical alerts
EMP12898,unnati.kaur19,Legal,Consultant,Active,1,1,3.0,2.0,2,0.0,25.67,50.0,1.0,1.0,4.0,1.0,0.0,0.0,2.0,0.0,0.0,1.0,1.0,2.0,0.0,1.0,,0,0,0,False,5.0,0.0,5.0,21.0,0.0,0,31.0,Medium,Medium,2 failed authentication events; 2 malware alerts; 1 PowerShell alerts; 1 security-tampering alerts; 1 critical endpoint alerts
EMP12899,nidhi.dayal3,Legal,Executive,Active,1,1,2.0,0.0,0,1.0,94.0,94.0,1.0,1.0,2.0,0.0,1.0,0.0,0.0,1.0,1.0,0.0,2.0,0.0,0.0,2.0,,0,0,0,False,0.0,2.0,2.0,17.0,0.0,0,21.0,Low,Low,1 high-risk IAM events; 1 credential-access alerts; 1 lateral-movement alerts; 2 security-tampering alerts
EMP12900,jai.bora58,Supply Chain,Officer,Inactive,1,1,7.0,4.0,4,0.0,33.2,66.0,1.0,0.0,2.0,0.0,0.0,0.0,0.0,0.0,1.0,1.0,1.0,0.0,0.0,1.0,2022-06-03 06:17:03,5,2,7,True,10.0,0.0,0.0,13.0,10.0,5,38.0,Medium,Medium,"elevated authentication risk (4 failed auth, 4 MFA failures); 1 lateral-movement alerts; 1 PowerShell alerts; 1 security-tampering alerts; 7 events after identity termination"
EMP12901,advay.jayaraman98,Legal,Consultant,Active,1,1,79.0,15.0,26,24.0,50.62,97.0,1.0,51.0,1.0,0.0,1.0,0.0,0.0,0.0,0.0,1.0,0.0,0.0,0.0,1.0,,0,0,0,False,20.0,20.0,2.0,3.0,0.0,3,48.0,Medium,Medium,"elevated authentication risk (15 failed auth, 26 MFA failures); 24 high-risk IAM events; 1 PowerShell alerts"
EMP12902,kalpit_salvi36,R&D,Trainee,Active,1,1,7.0,3.0,3,2.0,53.0,99.0,1.0,4.0,2.0,0.0,1.0,0.0,1.0,0.0,0.0,0.0,0.0,0.0,0.0,2.0,,0,0,0,False,7.5,4.0,2.0,6.0,0.0,0,19.5,Low,Low,3 failed authentication events; 2 high-risk IAM events; 1 malware alerts
EMP12903,farhan.pathak41,Sales,Specialist,Active,0,1,3.0,1.0,2,0.0,35.0,63.0,1.0,2.0,2.0,0.0,0.0,0.0,0.0,0.0,1.0,0.0,1.0,1.0,0.0,1.0,,0,0,0,False,4.0,0.0,0.0,11.0,0.0,0,15.0,Low,Low,1 failed authentication events; 1 lateral-movement alerts; 1 security-tampering alerts
EMP12904,charan.narang96,Sales,Trainee,Active,1,1,3.0,2.0,3,0.0,53.5,56.0,1.0,2.0,1.0,0.0,0.0,0.0,0.0,0.0,0.0,1.0,0.0,1.0,0.0,1.0,,0,0,0,False,6.5,0.0,0.0,4.0,0.0,0,10.5,Low,Low,2 failed authentication events; 1 PowerShell alerts
EMP12905,zayan.narayan72,Procurement,Administrator,Active,1,1,6.0,1.0,2,1.0,46.0,94.0,1.0,4.0,2.0,0.0,0.0,0.0,1.0,0.0,1.0,1.0,0.0,0.0,0.0,1.0,,0,0,0,False,4.0,2.0,0.0,15.0,0.0,5,26.0,Medium,Medium,1 failed authentication events; 1 high-risk IAM events; 1 malware alerts; 1 lateral-movement alerts; 1 PowerShell alerts
EMP12906,aishani.dayal71,Sales,Officer,Active,1,0,3.0,0.0,1,0.0,26.0,41.0,1.0,1.0,2.0,1.0,1.0,0.0,2.0,0.0,0.0,0.0,0.0,0.0,0.0,1.0,,0,0,0,False,1.5,0.0,7.0,12.0,0.0,0,20.5,Low,Low,2 malware alerts; 1 critical endpoint alerts
EMP12907,ekani.kalita20,IT,Trainee,Active,1,1,8.0,2.0,3,1.0,33.83,76.0,1.0,5.0,3.0,1.0,0.0,1.0,0.0,0.0,1.0,3.0,0.0,0.0,0.0,1.0,,0,0,0,False,6.5,2.0,5.0,10.0,2.0,0,25.5,Medium,Medium,2 failed authentication events; 1 high-risk IAM events; 1 lateral-movement alerts; 3 PowerShell alerts; 1 critical endpoint alerts; 1 unresolved critical alerts
EMP12908,yahvi.mangal15,Supply Chain,Analyst,Active,0,0,6.0,4.0,1,1.0,39.6,73.0,1.0,2.0,3.0,0.0,0.0,0.0,1.0,0.0,1.0,1.0,1.0,1.0,0.0,1.0,,0,0,0,False,5.5,2.0,0.0,20.0,0.0,5,32.5,Medium,Medium,4 failed authentication events; 1 high-risk IAM events; 1 malware alerts; 1 lateral-movement alerts; 1 PowerShell alerts; 1 security-tampering alerts
EMP12909,varsha_swamy83,Customer Support,Officer,Disabled,1,1,7.0,3.0,3,1.0,34.5,71.0,1.0,4.0,4.0,1.0,0.0,1.0,2.0,1.0,0.0,0.0,0.0,0.0,0.0,1.0,2021-12-22 03:07:06,6,3,9,True,7.5,2.0,5.0,18.0,12.0,5,49.5,High,High,3 failed authentication events; 1 high-risk IAM events; 2 malware alerts; 1 credential-access alerts; 1 critical endpoint alerts; 9 events after identity termination; 1 unresolved critical alerts
EMP12910,noah.ray4,R&D,Analyst,Active,1,1,3.0,0.0,0,1.0,60.0,88.0,1.0,3.0,1.0,0.0,0.0,0.0,0.0,0.0,0.0,0.0,0.0,1.0,0.0,0.0,,0,0,0,False,0.0,2.0,0.0,1.0,0.0,0,3.0,Low,Low,1 high-risk IAM events
EMP12911,charan.dhawan17,Sales,Trainee,Active,1,1,4.0,1.0,2,0.0,33.0,40.0,1.0,0.0,5.0,1.0,3.0,1.0,2.0,0.0,1.0,2.0,0.0,0.0,0.0,1.0,,0,0,0,False,4.0,0.0,10.0,22.0,2.0,5,43.0,Medium,Medium,1 failed authentication events; 2 malware alerts; 1 lateral-movement alerts; 2 PowerShell alerts; 1 critical endpoint alerts; 1 unresolved critical alerts
EMP12912,chaitaly.seshadri29,Marketing,Officer,Active,1,1,2.0,0.0,0,0.0,0.0,0.0,1.0,1.0,4.0,1.0,0.0,1.0,1.0,2.0,0.0,2.0,0.0,0.0,0.0,1.0,,0,0,0,False,0.0,0.0,5.0,18.0,2.0,5,30.0,Medium,Medium,1 malware alerts; 2 credential-access alerts; 2 PowerShell alerts; 1 critical endpoint alerts; 1 unresolved critical alerts
EMP12913,reyansh_cheema32,Operations,Analyst,Active,1,1,7.0,3.0,2,3.0,51.17,94.0,1.0,3.0,1.0,0.0,1.0,0.0,0.0,0.0,1.0,0.0,0.0,0.0,0.0,1.0,,0,0,0,False,6.0,6.0,2.0,6.0,0.0,0,20.0,Low,Low,3 failed authentication events; 3 high-risk IAM events; 1 lateral-movement alerts
EMP12914,timothy.doshi94,Sales,Engineer,Active,1,0,5.0,1.0,3,3.0,64.0,92.0,1.0,2.0,2.0,1.0,0.0,1.0,0.0,0.0,1.0,0.0,0.0,0.0,0.0,1.0,,0,0,0,False,5.5,6.0,5.0,6.0,2.0,3,27.5,Medium,Medium,1 failed authentication events; 3 high-risk IAM events; 1 lateral-movement alerts; 1 critical endpoint alerts; 1 unresolved critical alerts
EMP12915,ria.dar13,Finance,Engineer,Active,1,1,5.0,3.0,3,0.0,44.4,61.0,1.0,2.0,5.0,1.0,1.0,0.0,0.0,1.0,1.0,1.0,1.0,0.0,0.0,2.0,,0,0,0,False,7.5,0.0,7.0,19.0,0.0,0,33.5,Medium,Medium,3 failed authentication events; 1 credential-access alerts; 1 lateral-movement alerts; 1 PowerShell alerts; 1 security-tampering alerts; 1 critical endpoint alerts
EMP12916,kashvi.toor41,R&D,Analyst,Active,1,1,6.0,1.0,1,1.0,70.5,100.0,1.0,5.0,4.0,0.0,1.0,0.0,2.0,0.0,2.0,1.0,1.0,0.0,0.0,2.0,,0,0,0,False,2.5,2.0,2.0,27.0,0.0,5,38.5,Medium,Medium,1 failed authentication events; 1 high-risk IAM events; 2 malware alerts; 2 lateral-movement alerts; 1 PowerShell alerts; 1 security-tampering alerts
EMP12917,charita.mannan95,Sales,Officer,Active,1,1,2.0,0.0,1,0.0,52.0,52.0,1.0,2.0,3.0,0.0,2.0,0.0,1.0,1.0,0.0,0.0,1.0,0.0,0.0,1.0,,0,0,0,False,1.5,0.0,4.0,16.0,0.0,5,26.5,Medium,Medium,1 malware alerts; 1 credential-access alerts; 1 security-tampering alerts
EMP12918,nitara.gulati69,Sales,Manager,Active,1,1,7.0,1.0,3,1.0,40.33,97.0,1.0,6.0,1.0,0.0,0.0,0.0,0.0,0.0,0.0,0.0,0.0,0.0,0.0,1.0,,0,0,0,False,5.5,2.0,0.0,0.0,0.0,0,7.5,Low,Low,1 failed authentication events; 1 high-risk IAM events
EMP12919,baghyawati.boase84,Human Resources,Executive,Disabled,1,0,5.0,2.0,2,0.0,49.4,59.0,1.0,1.0,3.0,0.0,0.0,0.0,2.0,0.0,0.0,2.0,0.0,0.0,1.0,1.0,2025-06-18 22:26:00,5,2,7,True,5.0,0.0,0.0,16.0,10.0,0,31.0,Medium,Medium,2 failed authentication events; 2 malware alerts; 2 PowerShell alerts; 7 events after identity termination
EMP12920,lakshit.yohannan97,Legal,Officer,Active,1,1,10.0,4.0,4,1.0,42.14,71.0,1.0,5.0,0.0,0.0,0.0,0.0,0.0,0.0,0.0,0.0,0.0,0.0,0.0,0.0,,0,0,0,False,10.0,2.0,0.0,0.0,0.0,0,12.0,Low,Low,"elevated authentication risk (4 failed auth, 4 MFA failures); 1 high-risk IAM events"
EMP12921,kashvi.vala58,Procurement,Trainee,Active,1,1,4.0,2.0,2,1.0,45.0,90.0,1.0,0.0,4.0,0.0,1.0,0.0,0.0,1.0,0.0,1.0,1.0,2.0,0.0,1.0,,0,0,0,False,5.0,2.0,2.0,15.0,0.0,0,24.0,Low,Low,2 failed authentication events; 1 high-risk IAM events; 1 credential-access alerts; 1 PowerShell alerts; 1 security-tampering alerts
EMP12922,brijesh.karpe81,Marketing,Consultant,Active,1,1,11.0,1.0,1,3.0,52.44,98.0,1.0,8.0,1.0,0.0,0.0,0.0,0.0,0.0,0.0,1.0,0.0,0.0,0.0,1.0,,0,0,0,False,2.5,6.0,0.0,3.0,0.0,0,11.5,Low,Low,1 failed authentication events; 3 high-risk IAM events; 1 PowerShell alerts
EMP12923,,Sales,Director,Disabled,1,1,4.0,3.0,3,2.0,70.25,94.0,1.0,2.0,2.0,0.0,1.0,0.0,0.0,0.0,0.0,1.0,0.0,0.0,0.0,1.0,2021-09-16 19:33:57,3,2,5,True,7.5,4.0,2.0,3.0,10.0,0,26.5,Medium,Medium,3 failed authentication events; 2 high-risk IAM events; 1 PowerShell alerts; 5 events after identity termination
EMP12924,nirja.dutt28,R&D,Officer,Active,1,1,5.0,1.0,0,2.0,64.75,92.0,1.0,2.0,2.0,0.0,0.0,0.0,0.0,1.0,0.0,0.0,0.0,1.0,0.0,1.0,,0,0,0,False,1.0,4.0,0.0,7.0,0.0,0,12.0,Low,Low,1 failed authentication events; 2 high-risk IAM events; 1 credential-access alerts
EMP12925,isha.gokhale21,Procurement,Executive,Active,1,0,5.0,0.0,2,0.0,32.8,60.0,1.0,4.0,1.0,0.0,0.0,0.0,1.0,0.0,0.0,0.0,0.0,0.0,0.0,1.0,,0,0,0,False,3.0,0.0,0.0,6.0,0.0,0,9.0,Low,Low,1 malware alerts
EMP12926,ronith.bhatti96,Sales,Analyst,Active,1,1,1.0,0.0,1,0.0,43.0,43.0,1.0,1.0,2.0,1.0,0.0,1.0,0.0,0.0,1.0,1.0,0.0,0.0,0.0,1.0,,0,0,0,False,1.5,0.0,5.0,9.0,2.0,0,17.5,Low,Low,1 lateral-movement alerts; 1 PowerShell alerts; 1 critical endpoint alerts; 1 unresolved critical alerts
EMP12927,quincy.toor85,Marketing,Executive,Active,1,1,3.0,0.0,0,0.0,25.0,25.0,1.0,3.0,1.0,0.0,0.0,0.0,0.0,1.0,0.0,0.0,0.0,0.0,0.0,1.0,,0,0,0,False,0.0,0.0,0.0,6.0,0.0,0,6.0,Low,Low,1 credential-access alerts
EMP12928,waida.raju48,Human Resources,Officer,Active,1,1,10.0,2.0,6,1.0,46.71,95.0,1.0,6.0,1.0,0.0,0.0,0.0,0.0,0.0,0.0,1.0,0.0,0.0,0.0,1.0,,0,0,0,False,11.0,2.0,0.0,3.0,0.0,0,16.0,Low,Low,"elevated authentication risk (2 failed auth, 6 MFA failures); 1 high-risk IAM events; 1 PowerShell alerts"
EMP12929,triveni.prasad4,R&D,Engineer,Disabled,1,1,5.0,4.0,4,0.0,15.0,15.0,1.0,3.0,1.0,0.0,0.0,0.0,0.0,0.0,0.0,1.0,0.0,0.0,0.0,1.0,2026-03-21 00:00:00,4,1,5,True,10.0,0.0,0.0,3.0,10.0,0,23.0,Low,Low,"elevated authentication risk (4 failed auth, 4 MFA failures); 1 PowerShell alerts; 5 events after identity termination"
EMP12930,harsh.lall96,Procurement,Consultant,Active,1,1,8.0,4.0,4,2.0,65.0,100.0,1.0,5.0,2.0,0.0,0.0,0.0,1.0,0.0,0.0,1.0,0.0,0.0,0.0,1.0,,0,0,0,False,10.0,4.0,0.0,9.0,0.0,5,28.0,Medium,Medium,"elevated authentication risk (4 failed auth, 4 MFA failures); 2 high-risk IAM events; 1 malware alerts; 1 PowerShell alerts"
EMP12931,janya.bora79,Human Resources,Director,Active,1,1,5.0,1.0,2,1.0,46.0,100.0,1.0,3.0,3.0,0.0,0.0,0.0,0.0,0.0,2.0,0.0,0.0,1.0,0.0,1.0,,0,0,0,False,4.0,2.0,0.0,9.0,0.0,0,15.0,Low,Low,1 failed authentication events; 1 high-risk IAM events; 2 lateral-movement alerts
EMP12932,dalbir.ahuja10,Customer Support,Manager,Active,1,1,7.0,1.0,3,1.0,48.4,79.0,1.0,4.0,1.0,1.0,0.0,1.0,0.0,0.0,0.0,0.0,0.0,1.0,0.0,1.0,,0,0,0,False,5.5,2.0,5.0,1.0,2.0,0,15.5,Low,Low,1 failed authentication events; 1 high-risk IAM events; 1 critical endpoint alerts; 1 unresolved critical alerts
EMP12933,aarav.ben13,Sales,Administrator,Active,1,1,9.0,1.0,2,1.0,50.17,93.0,1.0,6.0,0.0,0.0,0.0,0.0,0.0,0.0,0.0,0.0,0.0,0.0,0.0,0.0,,0,0,0,False,4.0,2.0,0.0,0.0,0.0,0,6.0,Low,Low,1 failed authentication events; 1 high-risk IAM events
EMP12934,gaurav.bains91,Procurement,Administrator,Active,1,1,3.0,0.0,1,1.0,51.67,99.0,1.0,2.0,1.0,0.0,1.0,0.0,0.0,0.0,0.0,1.0,0.0,0.0,0.0,1.0,,0,0,0,False,1.5,2.0,2.0,3.0,0.0,0,8.5,Low,Low,1 high-risk IAM events; 1 PowerShell alerts
EMP12935,abha.naik17,Procurement,Executive,Active,1,1,2.0,1.0,2,0.0,26.0,26.0,1.0,0.0,3.0,0.0,1.0,0.0,1.0,1.0,1.0,0.0,0.0,0.0,0.0,1.0,,0,0,0,False,4.0,0.0,2.0,18.0,0.0,10,34.0,Medium,Medium,1 failed authentication events; 1 malware alerts; 1 credential-access alerts; 1 lateral-movement alerts
EMP12936,orinder.karpe99,IT,Executive,On Leave,1,1,7.0,3.0,4,3.0,63.33,100.0,1.0,4.0,2.0,0.0,0.0,0.0,1.0,0.0,1.0,0.0,0.0,0.0,0.0,2.0,,0,0,0,False,9.0,6.0,0.0,12.0,0.0,10,37.0,Medium,Medium,"elevated authentication risk (3 failed auth, 4 MFA failures); 3 high-risk IAM events; 1 malware alerts; 1 lateral-movement alerts"
EMP12937,turvi.garg83,Supply Chain,Director,Active,1,1,7.0,3.0,4,2.0,52.83,84.0,1.0,4.0,1.0,0.0,1.0,0.0,0.0,0.0,1.0,1.0,0.0,0.0,0.0,1.0,,0,0,0,False,9.0,4.0,2.0,9.0,0.0,5,29.0,Medium,Medium,"elevated authentication risk (3 failed auth, 4 MFA failures); 2 high-risk IAM events; 1 lateral-movement alerts; 1 PowerShell alerts"
EMP12938,ojasvi_gade59,People,Specialist,Active,1,1,5.0,2.0,2,0.0,38.0,61.0,1.0,2.0,3.0,0.0,1.0,0.0,1.0,0.0,0.0,1.0,0.0,1.0,0.0,2.0,,0,0,0,False,5.0,0.0,2.0,10.0,0.0,0,17.0,Low,Low,2 failed authentication events; 1 malware alerts; 1 PowerShell alerts
EMP12939,dhruv.narain96,Legal,Engineer,Active,1,1,6.0,2.0,2,2.0,50.67,97.0,1.0,4.0,4.0,0.0,1.0,0.0,2.0,0.0,1.0,1.0,1.0,0.0,0.0,1.0,,0,0,0,False,5.0,4.0,2.0,25.0,0.0,5,41.0,Medium,Medium,2 failed authentication events; 2 high-risk IAM events; 2 malware alerts; 1 lateral-movement alerts; 1 PowerShell alerts; 1 security-tampering alerts
EMP12940,aryan.prabhu29,Marketing,Specialist,Active,1,1,6.0,1.0,2,1.0,76.5,92.0,1.0,5.0,1.0,0.0,0.0,0.0,1.0,0.0,0.0,0.0,0.0,0.0,0.0,1.0,,0,0,0,False,4.0,2.0,0.0,6.0,0.0,0,12.0,Low,Low,1 failed authentication events; 1 high-risk IAM events; 1 malware alerts
EMP12941,sarthak.aggarwal71,Sales,Director,Active,1,0,7.0,1.0,1,2.0,58.4,90.0,1.0,4.0,0.0,0.0,0.0,0.0,0.0,0.0,0.0,0.0,0.0,0.0,0.0,0.0,,0,0,0,False,2.5,4.0,0.0,0.0,0.0,0,6.5,Low,Low,1 failed authentication events; 2 high-risk IAM events
EMP12942,harsh.sood79,People,Consultant,Active,1,1,2.0,0.0,1,0.0,36.0,53.0,1.0,1.0,1.0,0.0,1.0,0.0,0.0,0.0,0.0,1.0,0.0,0.0,0.0,1.0,,0,0,0,False,1.5,0.0,2.0,3.0,0.0,0,6.5,Low,Low,1 PowerShell alerts
EMP12943,jatin.garde4,Supply Chain,Executive,Active,1,0,7.0,3.0,1,3.0,61.57,100.0,1.0,5.0,1.0,0.0,1.0,0.0,1.0,0.0,0.0,0.0,0.0,0.0,0.0,1.0,,0,0,0,False,4.5,6.0,2.0,6.0,0.0,0,18.5,Low,Low,3 failed authentication events; 3 high-risk IAM events; 1 malware alerts
EMP12944,sai.barad47,Legal,Administrator,Active,1,1,7.0,1.0,2,3.0,74.17,98.0,1.0,3.0,3.0,1.0,0.0,1.0,3.0,0.0,0.0,0.0,0.0,0.0,0.0,1.0,,0,0,0,False,4.0,6.0,5.0,12.0,2.0,0,29.0,Medium,Medium,1 failed authentication events; 3 high-risk IAM events; 3 malware alerts; 1 critical endpoint alerts; 1 unresolved critical alerts
EMP12945,ekapad.dass17,Compliance,Engineer,Disabled,1,1,8.0,2.0,2,4.0,67.83,89.0,1.0,3.0,3.0,1.0,0.0,1.0,1.0,0.0,0.0,2.0,1.0,0.0,0.0,1.0,2025-10-07 00:00:00,8,3,11,True,5.0,8.0,5.0,14.0,12.0,0,44.0,Medium,Medium,2 failed authentication events; 4 high-risk IAM events; 1 malware alerts; 2 PowerShell alerts; 1 security-tampering alerts; 1 critical endpoint alerts; 11 events after identity termination; 1 unresolved critical alerts
EMP12946,faris.khosla82,Operations,Consultant,Active,1,1,12.0,1.0,2,1.0,43.56,77.0,1.0,8.0,2.0,0.0,0.0,0.0,0.0,1.0,1.0,1.0,1.0,0.0,0.0,1.0,,0,0,0,False,4.0,2.0,0.0,19.0,0.0,0,25.0,Medium,Medium,1 failed authentication events; 1 high-risk IAM events; 1 credential-access alerts; 1 lateral-movement alerts; 1 PowerShell alerts; 1 security-tampering alerts
EMP12947,yash.sur34,Human Resources,Administrator,Active,1,1,8.0,2.0,3,3.0,55.29,98.0,1.0,2.0,3.0,1.0,0.0,1.0,2.0,1.0,0.0,2.0,1.0,0.0,0.0,1.0,,0,0,0,False,6.5,6.0,5.0,26.0,2.0,8,53.5,High,High,2 failed authentication events; 3 high-risk IAM events; 2 malware alerts; 1 credential-access alerts; 2 PowerShell alerts; 1 security-tampering alerts; 1 critical endpoint alerts; 1 unresolved critical alerts
EMP12948,aadi.mohan96,Operations,Consultant,Disabled,1,1,5.0,2.0,2,0.0,60.5,65.0,1.0,3.0,0.0,0.0,0.0,0.0,0.0,0.0,0.0,0.0,0.0,0.0,0.0,0.0,2024-06-25 00:00:00,5,0,5,True,5.0,0.0,0.0,0.0,10.0,0,15.0,Low,Low,2 failed authentication events; 5 events after identity termination
EMP12949,chandresh.samra52,R&D,Executive,Active,1,1,6.0,1.0,1,1.0,42.17,85.0,1.0,5.0,5.0,0.0,2.0,0.0,1.0,2.0,0.0,1.0,1.0,1.0,0.0,1.0,,0,0,0,False,2.5,2.0,4.0,22.0,0.0,5,35.5,Medium,Medium,1 failed authentication events; 1 high-risk IAM events; 1 malware alerts; 2 credential-access alerts; 1 PowerShell alerts; 1 security-tampering alerts
EMP12950,idika.dhawan31,Sales,Manager,Active,1,0,5.0,1.0,2,2.0,47.8,92.0,1.0,3.0,6.0,1.0,1.0,0.0,2.0,1.0,1.0,1.0,1.0,1.0,0.0,1.0,,0,0,0,False,4.0,4.0,7.0,30.0,0.0,10,55.0,High,High,1 failed authentication events; 2 high-risk IAM events; 2 malware alerts; 1 credential-access alerts; 1 lateral-movement alerts; 1 PowerShell alerts; 1 security-tampering alerts; 1 critical endpoint alerts
EMP12951,urvi.golla88,Innovation,Administrator,Active,1,1,3.0,2.0,2,0.0,12.0,19.0,1.0,1.0,2.0,0.0,0.0,0.0,0.0,0.0,0.0,1.0,1.0,1.0,0.0,2.0,,0,0,0,False,5.0,0.0,0.0,8.0,0.0,0,13.0,Low,Low,2 failed authentication events; 1 PowerShell alerts; 1 security-tampering alerts
EMP12952,chakrika.ratta76,Innovation,Officer,Disabled,1,1,7.0,4.0,4,3.0,53.5,92.0,1.0,2.0,0.0,0.0,0.0,0.0,0.0,0.0,0.0,0.0,0.0,0.0,0.0,0.0,2021-11-19 21:38:51,6,0,6,True,10.0,6.0,0.0,0.0,10.0,3,29.0,Medium,Medium,"elevated authentication risk (4 failed auth, 4 MFA failures); 3 high-risk IAM events; 6 events after identity termination"
EMP12953,qadim.saxena42,Brand,Engineer,Active,1,1,5.0,3.0,3,0.0,14.0,14.0,1.0,2.0,4.0,1.0,0.0,1.0,1.0,1.0,0.0,1.0,0.0,1.0,0.0,1.0,,0,0,0,False,7.5,0.0,5.0,16.0,2.0,5,35.5,Medium,Medium,3 failed authentication events; 1 malware alerts; 1 credential-access alerts; 1 PowerShell alerts; 1 critical endpoint alerts; 1 unresolved critical alerts
EMP12954,jagat.agate90,Customer Support,Consultant,Active,1,1,3.0,1.0,2,2.0,65.0,92.0,1.0,2.0,1.0,0.0,0.0,0.0,1.0,0.0,0.0,0.0,0.0,0.0,0.0,1.0,,0,0,0,False,4.0,4.0,0.0,6.0,0.0,0,14.0,Low,Low,1 failed authentication events; 2 high-risk IAM events; 1 malware alerts
EMP12955,eiravati.mammen11,Marketing,Engineer,Active,1,1,4.0,1.0,1,2.0,42.5,86.0,1.0,3.0,5.0,0.0,0.0,0.0,0.0,0.0,1.0,1.0,0.0,2.0,0.0,2.0,,0,0,0,False,2.5,4.0,0.0,11.0,0.0,0,17.5,Low,Low,1 failed authentication events; 2 high-risk IAM events; 1 lateral-movement alerts; 1 PowerShell alerts
EMP12956,chanchal_sandal62,Customer Support,Director,Inactive,1,1,6.0,0.0,2,1.0,59.25,100.0,1.0,2.0,1.0,0.0,0.0,0.0,0.0,0.0,0.0,0.0,0.0,0.0,0.0,1.0,2024-10-16 01:36:34,5,1,6,True,3.0,2.0,0.0,0.0,10.0,0,15.0,Low,Low,1 high-risk IAM events; 6 events after identity termination
EMP12957,liam.saran13,IT,Specialist,Active,1,0,3.0,2.0,0,1.0,53.67,79.0,1.0,1.0,1.0,0.0,1.0,0.0,1.0,0.0,0.0,0.0,0.0,0.0,0.0,1.0,,0,0,0,False,2.0,2.0,2.0,6.0,0.0,0,12.0,Low,Low,2 failed authentication events; 1 high-risk IAM events; 1 malware alerts
EMP12958,qadim.zachariah98,R&D,Analyst,Active,1,0,8.0,3.0,5,5.0,65.86,92.0,1.0,4.0,2.0,0.0,0.0,0.0,0.0,0.0,1.0,1.0,0.0,0.0,0.0,2.0,,0,0,0,False,10.5,10.0,0.0,9.0,0.0,8,37.5,Medium,Medium,"elevated authentication risk (3 failed auth, 5 MFA failures); 5 high-risk IAM events; 1 lateral-movement alerts; 1 PowerShell alerts"
EMP12959,libni.lala75,Sales,Engineer,Active,1,1,7.0,3.0,3,2.0,47.4,82.0,1.0,5.0,3.0,0.0,1.0,0.0,2.0,0.0,1.0,0.0,2.0,0.0,0.0,1.0,,0,0,0,False,7.5,4.0,2.0,23.0,0.0,5,41.5,Medium,Medium,3 failed authentication events; 2 high-risk IAM events; 2 malware alerts; 1 lateral-movement alerts; 2 security-tampering alerts
EMP12960,ekansh.bedi26,IT,Director,Active,1,1,6.0,2.0,1,1.0,45.4,97.0,1.0,4.0,2.0,0.0,0.0,0.0,2.0,0.0,0.0,0.0,0.0,0.0,0.0,1.0,,0,0,0,False,3.5,2.0,0.0,12.0,0.0,0,17.5,Low,Low,2 failed authentication events; 1 high-risk IAM events; 2 malware alerts
EMP12961,chatura.char56,Operations,Consultant,Active,1,1,9.0,4.0,5,3.0,67.5,89.0,1.0,1.0,3.0,1.0,1.0,1.0,1.0,0.0,0.0,2.0,0.0,0.0,1.0,1.0,,0,0,0,False,11.5,6.0,7.0,10.0,2.0,8,44.5,Medium,Medium,"elevated authentication risk (4 failed auth, 5 MFA failures); 3 high-risk IAM events; 1 malware alerts; 2 PowerShell alerts; 1 critical endpoint alerts; 1 unresolved critical alerts"
EMP12962,meghana.sethi13,Human Resources,Administrator,Active,1,1,7.0,2.0,3,3.0,65.17,97.0,1.0,0.0,0.0,0.0,0.0,0.0,0.0,0.0,0.0,0.0,0.0,0.0,0.0,0.0,,0,0,0,False,6.5,6.0,0.0,0.0,0.0,3,15.5,Low,Low,2 failed authentication events; 3 high-risk IAM events
EMP12963,balendra_rao10,Brand,Consultant,Active,1,0,6.0,1.0,2,2.0,57.75,96.0,1.0,4.0,3.0,0.0,1.0,0.0,1.0,0.0,1.0,1.0,0.0,1.0,0.0,2.0,,0,0,0,False,4.0,4.0,2.0,16.0,0.0,5,31.0,Medium,Medium,1 failed authentication events; 2 high-risk IAM events; 1 malware alerts; 1 lateral-movement alerts; 1 PowerShell alerts
EMP12964,samarth.patla52,Legal,Engineer,Active,1,1,7.0,5.0,4,1.0,40.5,84.0,1.0,2.0,2.0,0.0,0.0,0.0,0.0,1.0,0.0,0.0,0.0,0.0,0.0,1.0,,0,0,0,False,11.0,2.0,0.0,6.0,0.0,5,24.0,Low,Low,"elevated authentication risk (5 failed auth, 4 MFA failures); 1 high-risk IAM events; 1 credential-access alerts"
EMP12965,ijaya_narasimhan36,IT,Analyst,Active,1,1,8.0,1.0,0,3.0,60.4,89.0,1.0,2.0,5.0,1.0,1.0,1.0,2.0,1.0,0.0,1.0,2.0,0.0,0.0,2.0,,0,0,0,False,1.0,6.0,7.0,26.0,2.0,5,47.0,Medium,Medium,1 failed authentication events; 3 high-risk IAM events; 2 malware alerts; 1 credential-access alerts; 1 PowerShell alerts; 2 security-tampering alerts; 1 critical endpoint alerts; 1 unresolved critical alerts
EMP12966,veer.lal49,Finance,Analyst,Active,1,0,6.0,2.0,3,1.0,56.0,89.0,1.0,3.0,4.0,0.0,1.0,0.0,3.0,0.0,0.0,0.0,1.0,0.0,0.0,1.0,,0,0,0,False,6.5,2.0,2.0,16.0,0.0,0,26.5,Medium,Medium,2 failed authentication events; 1 high-risk IAM events; 3 malware alerts; 1 security-tampering alerts
EMP12967,zilmil.sankaran33,Customer Support,Administrator,Active,1,1,8.0,2.0,4,1.0,53.71,96.0,1.0,3.0,0.0,0.0,0.0,0.0,0.0,0.0,0.0,0.0,0.0,0.0,0.0,0.0,,0,0,0,False,8.0,2.0,0.0,0.0,0.0,0,10.0,Low,Low,"elevated authentication risk (2 failed auth, 4 MFA failures); 1 high-risk IAM events"
EMP12968,guneet.dewan24,Customer Support,Director,Active,1,1,6.0,1.0,3,1.0,44.33,74.0,1.0,3.0,4.0,1.0,0.0,1.0,1.0,1.0,1.0,1.0,1.0,0.0,0.0,1.0,,0,0,0,False,5.5,2.0,5.0,25.0,2.0,10,49.5,High,High,1 failed authentication events; 1 high-risk IAM events; 1 malware alerts; 1 credential-access alerts; 1 lateral-movement alerts; 1 PowerShell alerts; 1 security-tampering alerts; 1 critical endpoint alerts; 1 unresolved critical alerts
EMP12969,ekanta.deshmukh53,Marketing,Consultant,Active,1,1,5.0,2.0,3,2.0,47.0,80.0,1.0,3.0,2.0,0.0,0.0,0.0,1.0,0.0,1.0,0.0,1.0,0.0,0.0,1.0,,0,0,0,False,6.5,4.0,0.0,16.0,0.0,5,31.5,Medium,Medium,2 failed authentication events; 2 high-risk IAM events; 1 malware alerts; 1 lateral-movement alerts; 1 security-tampering alerts
EMP12970,,Procurement,Trainee,Active,1,1,10.0,2.0,4,5.0,61.22,99.0,1.0,7.0,0.0,0.0,0.0,0.0,0.0,0.0,0.0,0.0,0.0,0.0,0.0,0.0,,0,0,0,False,8.0,10.0,0.0,0.0,0.0,3,21.0,Low,Low,"elevated authentication risk (2 failed auth, 4 MFA failures); 5 high-risk IAM events"
EMP12971,ekansh.bhardwaj35,Finance,Analyst,Active,1,1,3.0,1.0,2,0.0,39.0,64.0,1.0,2.0,2.0,0.0,0.0,0.0,1.0,1.0,0.0,1.0,1.0,0.0,0.0,1.0,,0,0,0,False,4.0,0.0,0.0,19.0,0.0,5,28.0,Medium,Medium,1 failed authentication events; 1 malware alerts; 1 credential-access alerts; 1 PowerShell alerts; 1 security-tampering alerts
EMP12972,yadavi.taneja61,Sales,Administrator,Active,1,0,6.0,0.0,1,1.0,58.25,78.0,1.0,5.0,6.0,0.0,2.0,0.0,3.0,1.0,0.0,2.0,1.0,1.0,0.0,2.0,,0,0,0,False,1.5,2.0,4.0,27.0,0.0,5,39.5,Medium,Medium,1 high-risk IAM events; 3 malware alerts; 1 credential-access alerts; 2 PowerShell alerts; 1 security-tampering alerts
EMP12973,manya_chakrabarti30,Operations,Director,Active,1,1,11.0,2.0,3,4.0,55.1,97.0,1.0,9.0,4.0,0.0,0.0,0.0,0.0,1.0,0.0,1.0,1.0,0.0,1.0,1.0,,0,0,0,False,6.5,8.0,0.0,13.0,0.0,3,30.5,Medium,Medium,2 failed authentication events; 4 high-risk IAM events; 1 credential-access alerts; 1 PowerShell alerts; 1 security-tampering alerts
EMP12974,adweta.grewal52,Operations,Consultant,Active,1,1,9.0,2.0,2,3.0,42.11,75.0,1.0,2.0,0.0,0.0,0.0,0.0,0.0,0.0,0.0,0.0,0.0,0.0,0.0,0.0,,0,0,0,False,5.0,6.0,0.0,0.0,0.0,0,11.0,Low,Low,2 failed authentication events; 3 high-risk IAM events
EMP12975,warjas.barman48,Sales,Officer,Active,1,1,4.0,2.0,3,2.0,54.0,90.0,1.0,2.0,1.0,0.0,0.0,0.0,0.0,0.0,0.0,1.0,0.0,0.0,0.0,1.0,,0,0,0,False,6.5,4.0,0.0,3.0,0.0,0,13.5,Low,Low,2 failed authentication events; 2 high-risk IAM events; 1 PowerShell alerts
EMP12976,aayush.koshy48,Sales,Engineer,Active,1,0,8.0,4.0,4,5.0,81.86,99.0,1.0,5.0,2.0,0.0,0.0,0.0,1.0,0.0,0.0,1.0,0.0,0.0,0.0,2.0,,0,0,0,False,10.0,10.0,0.0,9.0,0.0,8,37.0,Medium,Medium,"elevated authentication risk (4 failed auth, 4 MFA failures); 5 high-risk IAM events; 1 malware alerts; 1 PowerShell alerts"
EMP12977,aryan.korpal35,Legal,Director,Active,1,1,7.0,2.0,2,1.0,46.43,100.0,1.0,3.0,4.0,0.0,0.0,0.0,1.0,0.0,1.0,0.0,0.0,2.0,0.0,2.0,,0,0,0,False,5.0,2.0,0.0,14.0,0.0,5,26.0,Medium,Medium,2 failed authentication events; 1 high-risk IAM events; 1 malware alerts; 1 lateral-movement alerts
EMP12978,ria.thakkar89,Legal,Executive,Active,1,1,6.0,3.0,2,2.0,63.0,98.0,1.0,2.0,1.0,0.0,0.0,0.0,1.0,0.0,0.0,0.0,0.0,0.0,0.0,1.0,,0,0,0,False,6.0,4.0,0.0,6.0,0.0,0,16.0,Low,Low,3 failed authentication events; 2 high-risk IAM events; 1 malware alerts
EMP12979,megha.sant38,Sales,Director,Active,0,1,3.0,0.0,1,1.0,54.33,79.0,1.0,1.0,5.0,0.0,0.0,0.0,3.0,1.0,0.0,1.0,0.0,1.0,0.0,1.0,,0,0,0,False,1.5,2.0,0.0,22.0,0.0,5,30.5,Medium,Medium,1 high-risk IAM events; 3 malware alerts; 1 credential-access alerts; 1 PowerShell alerts
EMP12980,girik_pingle83,Innovation,Director,Active,1,1,6.0,2.0,1,1.0,59.2,70.0,1.0,5.0,2.0,0.0,1.0,0.0,1.0,0.0,0.0,0.0,1.0,1.0,0.0,1.0,,0,0,0,False,3.5,2.0,2.0,11.0,0.0,0,18.5,Low,Low,2 failed authentication events; 1 high-risk IAM events; 1 malware alerts; 1 security-tampering alerts
EMP12981,ekaraj.biswas85,Marketing,Director,Active,1,1,5.0,1.0,3,0.0,14.0,53.0,1.0,2.0,5.0,2.0,2.0,2.0,2.0,0.0,0.0,1.0,1.0,0.0,1.0,1.0,,0,0,0,False,5.5,0.0,14.0,19.0,4.0,0,42.5,Medium,Medium,1 failed authentication events; 2 malware alerts; 1 PowerShell alerts; 1 security-tampering alerts; 2 critical endpoint alerts; 2 unresolved critical alerts
EMP12982,ekavir.karan53,Human Resources,Director,Active,1,1,9.0,3.0,3,4.0,56.0,98.0,1.0,8.0,1.0,0.0,0.0,0.0,1.0,0.0,0.0,0.0,1.0,0.0,0.0,1.0,,0,0,0,False,7.5,8.0,0.0,10.0,0.0,3,28.5,Medium,Medium,3 failed authentication events; 4 high-risk IAM events; 1 malware alerts; 1 security-tampering alerts
EMP12983,vyanjana.gour79,Supply Chain,Officer,Active,1,1,4.0,0.0,0,1.0,52.0,82.0,1.0,1.0,2.0,0.0,0.0,0.0,0.0,0.0,0.0,1.0,0.0,0.0,0.0,2.0,,0,0,0,False,0.0,2.0,0.0,3.0,0.0,0,5.0,Low,Low,1 high-risk IAM events; 1 PowerShell alerts
EMP12984,krish.nair87,Customer Support,Manager,Active,1,1,2.0,1.0,1,0.0,29.0,55.0,1.0,1.0,5.0,1.0,2.0,1.0,1.0,1.0,0.0,2.0,1.0,0.0,0.0,1.0,,0,0,0,False,2.5,0.0,9.0,20.0,2.0,5,38.5,Medium,Medium,1 failed authentication events; 1 malware alerts; 1 credential-access alerts; 2 PowerShell alerts; 1 security-tampering alerts; 1 critical endpoint alerts; 1 unresolved critical alerts
EMP12985,,IT,Trainee,Active,1,1,6.0,1.0,1,1.0,40.75,79.0,1.0,4.0,3.0,1.0,1.0,1.0,2.0,0.0,0.0,0.0,0.0,1.0,0.0,1.0,,0,0,0,False,2.5,2.0,7.0,13.0,2.0,0,26.5,Medium,Medium,1 failed authentication events; 1 high-risk IAM events; 2 malware alerts; 1 critical endpoint alerts; 1 unresolved critical alerts
EMP12986,ekaja.dugar99,IT,Manager,Active,1,1,6.0,2.0,2,2.0,44.5,96.0,1.0,4.0,2.0,0.0,0.0,0.0,0.0,0.0,1.0,0.0,0.0,1.0,0.0,1.0,,0,0,0,False,5.0,4.0,0.0,7.0,0.0,0,16.0,Low,Low,2 failed authentication events; 2 high-risk IAM events; 1 lateral-movement alerts
EMP12987,owen_vala92,IT,Officer,Active,1,0,5.0,1.0,1,1.0,47.33,85.0,1.0,2.0,2.0,0.0,1.0,0.0,0.0,1.0,0.0,1.0,0.0,0.0,0.0,1.0,,0,0,0,False,2.5,2.0,2.0,9.0,0.0,0,15.5,Low,Low,1 failed authentication events; 1 high-risk IAM events; 1 credential-access alerts; 1 PowerShell alerts
EMP12988,zinal.munshi37,Legal,Engineer,Active,1,1,3.0,2.0,2,1.0,61.0,83.0,1.0,2.0,3.0,0.0,1.0,0.0,0.0,0.0,0.0,2.0,1.0,1.0,0.0,1.0,,0,0,0,False,5.0,2.0,2.0,9.0,0.0,0,18.0,Low,Low,2 failed authentication events; 1 high-risk IAM events; 2 PowerShell alerts; 1 security-tampering alerts
EMP12989,rayaan.gulati19,Procurement,Executive,Active,1,1,4.0,0.0,0,0.0,59.67,64.0,1.0,3.0,2.0,0.0,0.0,0.0,1.0,0.0,0.0,0.0,0.0,1.0,0.0,1.0,,0,0,0,False,0.0,0.0,0.0,7.0,0.0,0,7.0,Low,Low,1 malware alerts
EMP12990,vyanjana.prabhu25,Procurement,Manager,Inactive,1,1,2.0,1.0,1,0.0,16.0,16.0,1.0,1.0,6.0,2.0,1.0,1.0,2.0,3.0,0.0,0.0,1.0,0.0,0.0,1.0,2025-08-24 00:00:00,1,6,7,True,2.5,0.0,12.0,24.0,12.0,5,55.5,High,High,1 failed authentication events; 2 malware alerts; 3 credential-access alerts; 1 security-tampering alerts; 2 critical endpoint alerts; 7 events after identity termination; 1 unresolved critical alerts
EMP12991,vasatika.kapoor74,Marketing,Officer,On Leave,1,1,2.0,1.0,1,1.0,43.0,80.0,1.0,1.0,3.0,0.0,0.0,0.0,1.0,0.0,1.0,1.0,0.0,0.0,0.0,1.0,,0,0,0,False,2.5,2.0,0.0,15.0,0.0,5,24.5,Medium,Medium,1 failed authentication events; 1 high-risk IAM events; 1 malware alerts; 1 lateral-movement alerts; 1 PowerShell alerts
EMP12992,sathvik.agrawal90,Compliance,Administrator,Active,1,1,5.0,3.0,4,0.0,44.5,68.0,1.0,1.0,2.0,0.0,0.0,0.0,0.0,1.0,1.0,0.0,0.0,0.0,0.0,1.0,,0,0,0,False,9.0,0.0,0.0,12.0,0.0,5,26.0,Medium,Medium,"elevated authentication risk (3 failed auth, 4 MFA failures); 1 credential-access alerts; 1 lateral-movement alerts"
EMP12993,omaja.mann4,Legal,Officer,Active,1,0,9.0,3.0,3,2.0,58.33,97.0,1.0,5.0,4.0,1.0,0.0,0.0,3.0,0.0,1.0,0.0,1.0,0.0,0.0,1.0,,0,0,0,False,7.5,4.0,5.0,22.0,0.0,5,43.5,Medium,Medium,3 failed authentication events; 2 high-risk IAM events; 3 malware alerts; 1 lateral-movement alerts; 1 security-tampering alerts; 1 critical endpoint alerts
EMP12994,zansi.dhar14,Finance,Consultant,Active,1,0,5.0,3.0,1,3.0,71.5,80.0,1.0,2.0,2.0,0.0,0.0,0.0,0.0,0.0,0.0,1.0,0.0,0.0,0.0,1.0,,0,0,0,False,4.5,6.0,0.0,3.0,0.0,0,13.5,Low,Low,3 failed authentication events; 3 high-risk IAM events; 1 PowerShell alerts
EMP12995,harrison.mangal35,Procurement,Analyst,Active,1,1,7.0,2.0,3,2.0,40.83,98.0,1.0,3.0,2.0,0.0,1.0,0.0,0.0,0.0,1.0,0.0,0.0,0.0,2.0,1.0,,0,0,0,False,6.5,4.0,2.0,6.0,0.0,0,18.5,Low,Low,2 failed authentication events; 2 high-risk IAM events; 1 lateral-movement alerts
EMP12996,pushti.pillay28,Innovation,Director,Disabled,1,1,7.0,1.0,2,1.0,44.0,77.0,1.0,7.0,3.0,0.0,1.0,0.0,0.0,0.0,2.0,0.0,0.0,1.0,0.0,1.0,2025-12-09 05:33:54,5,1,6,True,4.0,2.0,2.0,9.0,10.0,0,27.0,Medium,Medium,1 failed authentication events; 1 high-risk IAM events; 2 lateral-movement alerts; 6 events after identity termination
EMP12997,naksh.bal73,Customer Support,Administrator,On Leave,1,1,5.0,0.0,0,2.0,76.67,94.0,1.0,3.0,0.0,0.0,0.0,0.0,0.0,0.0,0.0,0.0,0.0,0.0,0.0,0.0,,0,0,0,False,0.0,4.0,0.0,0.0,0.0,0,4.0,Low,Low,2 high-risk IAM events
EMP12998,aryan.talwar5,Human Resources,Administrator,Active,1,1,4.0,0.0,0,0.0,43.0,56.0,1.0,3.0,6.0,2.0,1.0,2.0,2.0,2.0,0.0,1.0,1.0,1.0,0.0,2.0,,0,0,0,False,0.0,0.0,12.0,28.0,4.0,5,49.0,Medium,Medium,2 malware alerts; 2 credential-access alerts; 1 PowerShell alerts; 1 security-tampering alerts; 2 critical endpoint alerts; 2 unresolved critical alerts
EMP12999,girik.upadhyay76,People,Analyst,Inactive,1,1,3.0,0.0,0,1.0,72.5,92.0,1.0,3.0,4.0,0.0,1.0,0.0,0.0,1.0,1.0,0.0,0.0,0.0,0.0,1.0,,0,0,0,False,0.0,2.0,2.0,12.0,0.0,0,16.0,Low,Low,1 high-risk IAM events; 1 credential-access alerts; 1 lateral-movement alerts
